action,bootstrap_unit,ci_high,ci_low,condition,kappa,lambda_reward,mean,metric,mixture,model_seed_count,n_anchors,seed_max,seed_min,seed_sd,seed_variation_reported_separately
base,anchor_id,0.0,0.0,confounded,0.0,0.0,0.0,base_prediction_range_across_mixtures,all_primary,3,78,0.0,0.0,0.0,True
all,anchor_id,0.0019008380955740905,0.0008812731633948944,confounded,0.0,0.0,0.0013683058259242832,neural_decision_regret,logger12_balanced,3,78,0.001692100478083342,0.0009544150085085007,0.00037700524167568107,True
all,anchor_id,0.452991452991453,0.23931623931623933,confounded,0.0,0.0,0.34188034188034183,neural_do_ranking_disagreement,logger12_balanced,3,78,0.41025641025641024,0.2692307692307692,0.07060987881136029,True
base,anchor_id,0.030875784077043566,0.01812123765942741,confounded,0.0,0.0,0.023980965721252995,reward_population_mae,logger12_balanced,3,78,0.025746993708107315,0.02196777373158131,0.0019016948863999799,True
base,anchor_id,0.049980123638702134,0.02586720234758376,confounded,0.0,0.0,0.038056119184702565,reward_population_rmse,logger12_balanced,3,78,0.03929297641488045,0.03647666020206286,0.0014390765175060132,True
base,anchor_id,0.005535440438515889,-0.01118423262763942,confounded,0.0,0.0,-0.0023089436685921195,signed_balanced_neural_bias,logger12_balanced,3,78,0.00019032095913918142,-0.0038950708187046003,0.0021904272492809344,True
base,anchor_id,0.0,0.0,confounded,0.0,0.0,0.0,signed_balanced_population_bias,logger12_balanced,3,78,0.0,0.0,0.0,True
minus,anchor_id,0.031199302896436215,0.018049752892349807,confounded,0.0,0.0,0.02403208195116954,reward_population_mae,logger12_balanced,3,78,0.024839954815360877,0.02296464848041749,0.0009642210554786281,True
minus,anchor_id,0.05097715073768711,0.02619570730170218,confounded,0.0,0.0,0.03874751020872434,reward_population_rmse,logger12_balanced,3,78,0.04069653453504493,0.03755420527644632,0.0017020258941215537,True
minus,anchor_id,0.006039391897752788,-0.011295439942873,confounded,0.0,0.0,-0.002581291135865284,signed_balanced_neural_bias,logger12_balanced,3,78,0.00023056643981187252,-0.004504882045603629,0.002489554446456139,True
minus,anchor_id,-1.3284719952779648e-17,-9.109522253334619e-17,confounded,0.0,0.0,-5.124106267500722e-17,signed_balanced_population_bias,logger12_balanced,3,78,-5.124106267500723e-17,-5.124106267500723e-17,7.548073030552817e-33,True
plus,anchor_id,0.030818085218805396,0.01824382325959611,confounded,0.0,0.0,0.024083343823929387,reward_population_mae,logger12_balanced,3,78,0.026189285719220825,0.022783186735524805,0.001840473971003402,True
plus,anchor_id,0.04827087241656088,0.02673989206265301,confounded,0.0,0.0,0.03746201835937396,reward_population_rmse,logger12_balanced,3,78,0.03940042899145608,0.034822181967768505,0.002368350697124098,True
plus,anchor_id,0.006366088971395093,-0.010026122158846374,confounded,0.0,0.0,-0.0020514888883551635,signed_balanced_neural_bias,logger12_balanced,3,78,0.0005902305542504752,-0.0036075883696501574,0.0022998584640715742,True
plus,anchor_id,5.138339896021558e-16,3.7432070738376806e-16,confounded,0.0,0.0,4.455125727021461e-16,signed_balanced_population_bias,logger12_balanced,3,78,4.455125727021461e-16,4.455125727021461e-16,0.0,True
base,anchor_id,0.030843806459185108,0.01797291997864432,confounded,0.0,0.0,0.023980965721252995,reward_population_mae,logger1_heavy,3,78,0.025746993708107315,0.02196777373158131,0.0019016948863999799,True
base,anchor_id,0.050166902392937834,0.026377207075885062,confounded,0.0,0.0,0.038056119184702565,reward_population_rmse,logger1_heavy,3,78,0.03929297641488045,0.03647666020206286,0.0014390765175060132,True
minus,anchor_id,0.031208479712086217,0.017800998808105553,confounded,0.0,0.0,0.024032081951169567,reward_population_mae,logger1_heavy,3,78,0.024839954815360936,0.02296464848041751,0.0009642210554786441,True
minus,anchor_id,0.05127713825836802,0.02623171904055588,confounded,0.0,0.0,0.03874751020872435,reward_population_rmse,logger1_heavy,3,78,0.04069653453504495,0.0375542052764463,0.0017020258941215698,True
plus,anchor_id,0.030936288776367674,0.018277186986873115,confounded,0.0,0.0,0.024083343823929362,reward_population_mae,logger1_heavy,3,78,0.026189285719220797,0.022783186735524825,0.0018404739710033916,True
plus,anchor_id,0.04858476614262578,0.026612640664177133,confounded,0.0,0.0,0.03746201835937397,reward_population_rmse,logger1_heavy,3,78,0.039400428991456064,0.03482218196776854,0.0023683506971240737,True
base,anchor_id,0.0,0.0,confounded,0.0,0.0,0.0,signed_heavy_neural_drift,logger1_minus_logger2,3,78,0.0,0.0,0.0,True
base,anchor_id,0.0,0.0,confounded,0.0,0.0,0.0,signed_heavy_population_drift,logger1_minus_logger2,3,78,0.0,0.0,0.0,True
minus,anchor_id,0.0,0.0,confounded,0.0,0.0,0.0,signed_heavy_neural_drift,logger1_minus_logger2,3,78,0.0,0.0,0.0,True
minus,anchor_id,2.1021883189563727e-16,5.170365560193437e-17,confounded,0.0,0.0,1.3237274524376866e-16,signed_heavy_population_drift,logger1_minus_logger2,3,78,1.3237274524376866e-16,1.3237274524376866e-16,0.0,True
plus,anchor_id,0.0,0.0,confounded,0.0,0.0,0.0,signed_heavy_neural_drift,logger1_minus_logger2,3,78,0.0,0.0,0.0,True
plus,anchor_id,1.25255930983351e-16,3.795634272222757e-18,confounded,0.0,0.0,6.26279654916755e-17,signed_heavy_population_drift,logger1_minus_logger2,3,78,6.26279654916755e-17,6.26279654916755e-17,0.0,True
base,anchor_id,0.03080349079278763,0.01796549060808164,confounded,0.0,0.0,0.023980965721252995,reward_population_mae,logger2_heavy,3,78,0.025746993708107315,0.02196777373158131,0.0019016948863999799,True
base,anchor_id,0.04990461341415182,0.02611565689424589,confounded,0.0,0.0,0.038056119184702565,reward_population_rmse,logger2_heavy,3,78,0.03929297641488045,0.03647666020206286,0.0014390765175060132,True
minus,anchor_id,0.03158944971070798,0.017976805965284004,confounded,0.0,0.0,0.02403208195116953,reward_population_mae,logger2_heavy,3,78,0.02483995481536088,0.022964648480417467,0.0009642210554786421,True
minus,anchor_id,0.050811050862804526,0.026255901122607794,confounded,0.0,0.0,0.03874751020872432,reward_population_rmse,logger2_heavy,3,78,0.04069653453504492,0.03755420527644629,0.0017020258941215585,True
plus,anchor_id,0.030935153890157604,0.01830043336290093,confounded,0.0,0.0,0.024083343823929352,reward_population_mae,logger2_heavy,3,78,0.026189285719220797,0.022783186735524798,0.0018404739710034031,True
plus,anchor_id,0.048140008140421554,0.026679507971750126,confounded,0.0,0.0,0.03746201835937396,reward_population_rmse,logger2_heavy,3,78,0.039400428991456064,0.03482218196776853,0.0023683506971240746,True
base,anchor_id,0.0,0.0,independent_latents,0.0,0.0,0.0,base_prediction_range_across_mixtures,all_primary,3,78,0.0,0.0,0.0,True
all,anchor_id,0.0026372134128312594,0.0012915438967236394,independent_latents,0.0,0.0,0.001929088886059896,neural_decision_regret,logger12_balanced,3,78,0.002072192888340616,0.0016667066270727776,0.00022754176300501518,True
all,anchor_id,0.5299145299145299,0.3076923076923077,independent_latents,0.0,0.0,0.41452991452991456,neural_do_ranking_disagreement,logger12_balanced,3,78,0.46153846153846156,0.3333333333333333,0.0706098788113603,True
base,anchor_id,0.030875276481768615,0.017775327539080253,independent_latents,0.0,0.0,0.02396851385174519,reward_population_mae,logger12_balanced,3,78,0.02725270910171651,0.018635047566479192,0.004660006053220371,True
base,anchor_id,0.05041466694367545,0.02660715884706576,independent_latents,0.0,0.0,0.03897645853951758,reward_population_rmse,logger12_balanced,3,78,0.04775122971447319,0.026133884955587015,0.011368274316490727,True
base,anchor_id,0.006881179904440214,-0.010086257962945043,independent_latents,0.0,0.0,-0.0016386824747942723,signed_balanced_neural_bias,logger12_balanced,3,78,-0.0008052667439280726,-0.003067968799365115,0.0012434836031292075,True
base,anchor_id,0.0,0.0,independent_latents,0.0,0.0,0.0,signed_balanced_population_bias,logger12_balanced,3,78,0.0,0.0,0.0,True
minus,anchor_id,0.0327820929223368,0.01872828336682954,independent_latents,0.0,0.0,0.025302649660671094,reward_population_mae,logger12_balanced,3,78,0.0284739325497602,0.02010732147043387,0.004535704440767865,True
minus,anchor_id,0.05462358829282824,0.027608165862175366,independent_latents,0.0,0.0,0.04116132746317155,reward_population_rmse,logger12_balanced,3,78,0.04902272911144936,0.027615753118164044,0.011781214696666844,True
minus,anchor_id,0.006625043552534099,-0.012043736618097023,independent_latents,0.0,0.0,-0.002551168089008712,signed_balanced_neural_bias,logger12_balanced,3,78,-0.0022382220044507325,-0.00306777963214073,0.00045072295113161723,True
minus,anchor_id,3.1552396023561744e-16,2.0635202948081035e-16,independent_latents,0.0,0.0,2.6047540193128674e-16,signed_balanced_population_bias,logger12_balanced,3,78,2.6047540193128674e-16,2.6047540193128674e-16,0.0,True
plus,anchor_id,0.030609745931125736,0.017960039347888004,independent_latents,0.0,0.0,0.023987527850737236,reward_population_mae,logger12_balanced,3,78,0.027072883844374607,0.019420304331075857,0.004035770288972516,True
plus,anchor_id,0.0486377433575913,0.026329995763475195,independent_latents,0.0,0.0,0.03756205277187892,reward_population_rmse,logger12_balanced,3,78,0.046449636302160674,0.026377410726526475,0.010231369324583586,True
plus,anchor_id,0.008029499745476426,-0.008332101930616039,independent_latents,0.0,0.0,-0.00014780414703503296,signed_balanced_neural_bias,logger12_balanced,3,78,0.0010484318077254241,-0.0021772276857950413,0.0017668817036329662,True
plus,anchor_id,3.2311522878006293e-16,2.220327435679306e-16,independent_latents,0.0,0.0,2.71862304747955e-16,signed_balanced_population_bias,logger12_balanced,3,78,2.71862304747955e-16,2.71862304747955e-16,0.0,True
base,anchor_id,0.031313520668385525,0.01798941357098569,independent_latents,0.0,0.0,0.02396851385174519,reward_population_mae,logger1_heavy,3,78,0.02725270910171651,0.018635047566479192,0.004660006053220371,True
base,anchor_id,0.05091787157382526,0.02711222155254947,independent_latents,0.0,0.0,0.03897645853951758,reward_population_rmse,logger1_heavy,3,78,0.04775122971447319,0.026133884955587015,0.011368274316490727,True
minus,anchor_id,0.03268990761592854,0.018716241439559772,independent_latents,0.0,0.0,0.025302649660671066,reward_population_mae,logger1_heavy,3,78,0.028473932549760186,0.020107321470433835,0.004535704440767874,True
minus,anchor_id,0.053518168962330144,0.02759511878488934,independent_latents,0.0,0.0,0.04116132746317148,reward_population_rmse,logger1_heavy,3,78,0.0490227291114493,0.027615753118164006,0.011781214696666827,True
plus,anchor_id,0.031000478873544207,0.018073528747935722,independent_latents,0.0,0.0,0.023987527850737256,reward_population_mae,logger1_heavy,3,78,0.02707288384437463,0.01942030433107587,0.004035770288972525,True
plus,anchor_id,0.047978318632277396,0.026297194113399192,independent_latents,0.0,0.0,0.03756205277187894,reward_population_rmse,logger1_heavy,3,78,0.04644963630216069,0.026377410726526464,0.010231369324583604,True
base,anchor_id,0.0,0.0,independent_latents,0.0,0.0,0.0,signed_heavy_neural_drift,logger1_minus_logger2,3,78,0.0,0.0,0.0,True
base,anchor_id,0.0,0.0,independent_latents,0.0,0.0,0.0,signed_heavy_population_drift,logger1_minus_logger2,3,78,0.0,0.0,0.0,True
minus,anchor_id,0.0,0.0,independent_latents,0.0,0.0,0.0,signed_heavy_neural_drift,logger1_minus_logger2,3,78,0.0,0.0,0.0,True
minus,anchor_id,1.499275537527989e-16,1.613144565694672e-17,independent_latents,0.0,0.0,8.255504542084498e-17,signed_heavy_population_drift,logger1_minus_logger2,3,78,8.255504542084498e-17,8.255504542084498e-17,0.0,True
plus,anchor_id,0.0,0.0,independent_latents,0.0,0.0,0.0,signed_heavy_neural_drift,logger1_minus_logger2,3,78,0.0,0.0,0.0,True
plus,anchor_id,1.6605899940974564e-16,1.9440764288040937e-17,independent_latents,0.0,0.0,9.394194823751324e-17,signed_heavy_population_drift,logger1_minus_logger2,3,78,9.394194823751324e-17,9.394194823751324e-17,0.0,True
base,anchor_id,0.03152156907368183,0.017657292370161504,independent_latents,0.0,0.0,0.02396851385174519,reward_population_mae,logger2_heavy,3,78,0.02725270910171651,0.018635047566479192,0.004660006053220371,True
base,anchor_id,0.050774443282614934,0.026708752525396385,independent_latents,0.0,0.0,0.03897645853951758,reward_population_rmse,logger2_heavy,3,78,0.04775122971447319,0.026133884955587015,0.011368274316490727,True
minus,anchor_id,0.03288513073590733,0.018730239624908815,independent_latents,0.0,0.0,0.025302649660671094,reward_population_mae,logger2_heavy,3,78,0.028473932549760203,0.020107321470433853,0.0045357044407678794,True
minus,anchor_id,0.054300912876036916,0.027918016563505385,independent_latents,0.0,0.0,0.04116132746317152,reward_population_rmse,logger2_heavy,3,78,0.04902272911144933,0.027615753118164048,0.011781214696666823,True
plus,anchor_id,0.0307302660199828,0.018047397887300438,independent_latents,0.0,0.0,0.023987527850737256,reward_population_mae,logger2_heavy,3,78,0.027072883844374635,0.0194203043310758,0.004035770288972575,True
plus,anchor_id,0.04838762115274059,0.02611848423732228,independent_latents,0.0,0.0,0.037562052771878955,reward_population_rmse,logger2_heavy,3,78,0.04644963630216069,0.02637741072652645,0.010231369324583616,True
base,anchor_id,0.49302175081780114,0.36362689610452265,confounded,0.0,0.05,0.4283944004988592,base_leakage_over_balanced_direct_signal,all_primary,3,78,0.4816168348956313,0.3726282079323329,0.054538823154298956,True
base,anchor_id,0.014917601031354977,0.010898379813088355,confounded,0.0,0.05,0.012851832014965774,base_prediction_range_across_mixtures,all_primary,3,78,0.014448505046868933,0.011178846237969987,0.0016361646946289662,True
all,anchor_id,0.006647774683892151,0.004902708130643222,confounded,0.0,0.05,0.005752119579526244,neural_decision_regret,logger12_balanced,3,78,0.005877633093443531,0.005588795723747603,0.00014808434419941172,True
all,anchor_id,0.982905982905983,0.8717948717948718,confounded,0.0,0.05,0.9316239316239315,neural_do_ranking_disagreement,logger12_balanced,3,78,0.9487179487179487,0.9102564102564102,0.01958365681605059,True
base,anchor_id,0.021467591560044696,0.014279971348224252,confounded,0.0,0.05,0.01771246688934601,base_prediction_absolute_increment,logger12_balanced,3,78,0.018982436580008668,0.015623094213653618,0.0018234201991048891,True
base,anchor_id,0.02134754613978566,0.01432753574839262,confounded,0.0,0.05,0.01771246688934601,paired_increment_absolute_error,logger12_balanced,3,78,0.018982436580008668,0.015623094213653618,0.0018234201991048891,True
base,anchor_id,0.009454591040880806,-0.0008224957958789438,confounded,0.0,0.05,0.004288953055404709,paired_prediction_increment,logger12_balanced,3,78,0.00576955310525032,0.002110521933308054,0.0019267468524330283,True
base,anchor_id,0.03343476121676011,0.020510421633546685,confounded,0.0,0.05,0.02641442260789109,reward_population_mae,logger12_balanced,3,78,0.027234908914905445,0.024826223578041564,0.0013756737918591054,True
base,anchor_id,0.05006962162791673,0.028697061599617463,confounded,0.0,0.05,0.03983824206945804,reward_population_rmse,logger12_balanced,3,78,0.044437962781610586,0.03447266597044084,0.005026597854301622,True
base,anchor_id,0.010305256855480767,-0.007254536312412766,confounded,0.0,0.05,0.0019800093868125902,signed_balanced_neural_bias,logger12_balanced,3,78,0.005177105086794937,-0.001111559212902886,0.0031456599697426814,True
base,anchor_id,0.0,-7.11681426041767e-18,confounded,0.0,0.05,-2.8467257041670683e-18,signed_balanced_population_bias,logger12_balanced,3,78,-2.846725704167068e-18,-2.846725704167068e-18,4.7175456440955104e-34,True
minus,anchor_id,0.023675062981606893,0.015678305331068954,confounded,0.0,0.05,0.019407440877347994,paired_increment_absolute_error,logger12_balanced,3,78,0.020994736771480053,0.018180269528182365,0.001441379107596048,True
minus,anchor_id,-0.014825947257637367,-0.025749599234655102,confounded,0.0,0.05,-0.020332005203448997,paired_prediction_increment,logger12_balanced,3,78,-0.018532599378711143,-0.023585600507563434,0.0028229781053867187,True
minus,anchor_id,0.03585858988609295,0.021855762037323395,confounded,0.0,0.05,0.028441854580954096,reward_population_mae,logger12_balanced,3,78,0.029374071863299597,0.02704261055094184,0.0012339017181414347,True
minus,anchor_id,0.05206703624601869,0.03138795234041519,confounded,0.0,0.05,0.04213611162207901,reward_population_rmse,logger12_balanced,3,78,0.046718319845898505,0.036600364106016296,0.005125932595630049,True
minus,anchor_id,-0.013999010058607547,-0.032144480410853576,confounded,0.0,0.05,-0.022913296339314285,signed_balanced_neural_bias,logger12_balanced,3,78,-0.018302032938899274,-0.027055158309367534,0.004395401485064025,True
minus,anchor_id,-0.0299999999999999,-0.03,confounded,0.0,0.05,-0.029999999999999954,signed_balanced_population_bias,logger12_balanced,3,78,-0.029999999999999954,-0.029999999999999954,0.0,True
plus,anchor_id,0.020148496489217262,0.01306868921811588,confounded,0.0,0.05,0.016477483176810952,paired_increment_absolute_error,logger12_balanced,3,78,0.01795563452003158,0.014290532297011055,0.001932625458693106,True
plus,anchor_id,0.034100930912570215,0.024122658474021706,confounded,0.0,0.05,0.029141067568113434,paired_prediction_increment,logger12_balanced,3,78,0.030683304275658473,0.02794250730354609,0.0014023470090097,True
plus,anchor_id,0.03309466445710763,0.020172354495903762,confounded,0.0,0.05,0.026028555751470766,reward_population_mae,logger12_balanced,3,78,0.026968650849910993,0.025555811681551514,0.0008141507027617075,True
plus,anchor_id,0.048563145901090086,0.02791776171154736,confounded,0.0,0.05,0.03859398675042317,reward_population_rmse,logger12_balanced,3,78,0.04213467566934172,0.035493137218847726,0.0033425442797876737,True
plus,anchor_id,0.035504583893561203,0.018820475738089083,confounded,0.0,0.05,0.02708957867975827,signed_balanced_neural_bias,logger12_balanced,3,78,0.029387621679386217,0.024805398453880276,0.0022911430672185326,True
plus,anchor_id,0.03000000000000033,0.03000000000000022,confounded,0.0,0.05,0.030000000000000276,signed_balanced_population_bias,logger12_balanced,3,78,0.030000000000000276,0.030000000000000276,0.0,True
base,anchor_id,0.024072787213133093,0.01595437859950759,confounded,0.0,0.05,0.019924616967077462,base_prediction_absolute_increment,logger1_heavy,3,78,0.02092766873996532,0.019414396345671117,0.0008687118295132012,True
base,anchor_id,0.024225935345722788,0.01591787365303732,confounded,0.0,0.05,0.019924616967077462,paired_increment_absolute_error,logger1_heavy,3,78,0.02092766873996532,0.019414396345671117,0.0008687118295132012,True
base,anchor_id,0.01057110847368021,-0.001232464839963413,confounded,0.0,0.05,0.0048912562382456655,paired_prediction_increment,logger1_heavy,3,78,0.010661753883885466,6.615936981089996e-05,0.005360689577734069,True
base,anchor_id,0.03535057879563474,0.022199179223023877,confounded,0.0,0.05,0.028291388546590846,reward_population_mae,logger1_heavy,3,78,0.028833219071248983,0.027977460815484606,0.00047120622932935884,True
base,anchor_id,0.050773645110484676,0.030535827570447024,confounded,0.0,0.05,0.04133301370432762,reward_population_rmse,logger1_heavy,3,78,0.043124061936177786,0.03841379852246725,0.0025497481948138566,True
minus,anchor_id,0.028550825028940865,0.018949036224906474,confounded,0.0,0.05,0.023557468690867278,paired_increment_absolute_error,logger1_heavy,3,78,0.02441427033795202,0.022171159062775964,0.001211681094458327,True
minus,anchor_id,-0.01857417841750571,-0.03090879743191019,confounded,0.0,0.05,-0.02486856628483955,paired_prediction_increment,logger1_heavy,3,78,-0.018704464468000653,-0.03156283299714296,0.006445557882766742,True
minus,anchor_id,0.03862179015294909,0.024951691587663565,confounded,0.0,0.05,0.03136468719044183,reward_population_mae,logger1_heavy,3,78,0.03219581476184087,0.030444972467220752,0.0008787763923539463,True
minus,anchor_id,0.05437897297642138,0.034178056708159564,confounded,0.0,0.05,0.0447422107217856,reward_population_rmse,logger1_heavy,3,78,0.04666877656824781,0.042202658702786534,0.0022952921889901356,True
plus,anchor_id,0.02301802075999046,0.0147300300677171,confounded,0.0,0.05,0.018674629404786737,paired_increment_absolute_error,logger1_heavy,3,78,0.020166492420279236,0.016397930215681374,0.0020031203501136258,True
plus,anchor_id,0.04036942863392709,0.028948904174589313,confounded,0.0,0.05,0.03456986312802477,paired_prediction_increment,logger1_heavy,3,78,0.03998596519263104,0.031850149578519726,0.004690496476385172,True
plus,anchor_id,0.03482725641288724,0.021818353344970582,confounded,0.0,0.05,0.02766160093238874,reward_population_mae,logger1_heavy,3,78,0.02903539696477014,0.026490932571835258,0.0012843365602617726,True
plus,anchor_id,0.050363693493297786,0.029887236077266635,confounded,0.0,0.05,0.040213100322762915,reward_population_rmse,logger1_heavy,3,78,0.04155935585706612,0.038645173633663335,0.0014696829873992443,True
base,anchor_id,0.012608680475412073,0.008441625517782,confounded,0.0,0.05,0.010487810281306487,paired_heavy_increment_absolute_error,logger1_minus_logger2,3,78,0.01225284657316526,0.009277790080319516,0.0015632569941474315,True
base,anchor_id,0.005267273206928745,-0.000804549352106821,confounded,0.0,0.05,0.0023142723811631033,paired_heavy_prediction_increment,logger1_minus_logger2,3,78,0.004440427859525715,-0.0004470708947861564,0.002504896938399314,True
base,anchor_id,0.005234792627622556,-0.0006522672968446906,confounded,0.0,0.05,0.0023142723811631033,signed_heavy_neural_drift,logger1_minus_logger2,3,78,0.004440427859525715,-0.0004470708947861564,0.002504896938399314,True
base,anchor_id,0.0,0.0,confounded,0.0,0.05,0.0,signed_heavy_population_drift,logger1_minus_logger2,3,78,0.0,0.0,0.0,True
minus,anchor_id,0.014677450522901245,0.009904725921359622,confounded,0.0,0.05,0.012148558239846638,paired_heavy_increment_absolute_error,logger1_minus_logger2,3,78,0.013386620746300787,0.010490365914116725,0.0014931358987114655,True
minus,anchor_id,-0.005928475729276311,-0.012313939007750746,confounded,0.0,0.05,-0.00913002550501821,paired_heavy_prediction_increment,logger1_minus_logger2,3,78,-0.006315090959006691,-0.013329302076562292,0.00370635825752879,True
minus,anchor_id,-0.005929496994608603,-0.012245818691022701,confounded,0.0,0.05,-0.00913002550501821,signed_heavy_neural_drift,logger1_minus_logger2,3,78,-0.006315090959006691,-0.013329302076562292,0.00370635825752879,True
minus,anchor_id,-0.015555555555555342,-0.01555555555555547,confounded,0.0,0.05,-0.015555555555555408,signed_heavy_population_drift,logger1_minus_logger2,3,78,-0.015555555555555408,-0.015555555555555408,0.0,True
plus,anchor_id,0.01254749138832769,0.008419196432970058,confounded,0.0,0.05,0.010343506477313164,paired_heavy_increment_absolute_error,logger1_minus_logger2,3,78,0.0120268161279578,0.008523899106318492,0.0017554314901334265,True
plus,anchor_id,0.016568146572578265,0.01068370205432155,confounded,0.0,0.05,0.013565792208496122,paired_heavy_prediction_increment,logger1_minus_logger2,3,78,0.01648102729181744,0.011627910201007835,0.0025699417601197285,True
plus,anchor_id,0.016488604466119886,0.010485554677931936,confounded,0.0,0.05,0.013565792208496122,signed_heavy_neural_drift,logger1_minus_logger2,3,78,0.01648102729181744,0.011627910201007835,0.0025699417601197285,True
plus,anchor_id,0.015555555555555649,0.01555555555555554,confounded,0.0,0.05,0.015555555555555595,signed_heavy_population_drift,logger1_minus_logger2,3,78,0.015555555555555597,0.015555555555555597,2.1245936804851847e-18,True
base,anchor_id,0.016462065361303506,0.010896301433404379,confounded,0.0,0.05,0.013527465045766032,base_prediction_absolute_increment,logger2_heavy,3,78,0.014251745952247777,0.01301510870422521,0.0006449821212392296,True
base,anchor_id,0.016550293201839372,0.010915045348900185,confounded,0.0,0.05,0.013527465045766032,paired_increment_absolute_error,logger2_heavy,3,78,0.014251745952247777,0.01301510870422521,0.0006449821212392296,True
base,anchor_id,0.006416413326818503,-0.0013899539069956567,confounded,0.0,0.05,0.0025769838570825613,paired_prediction_increment,logger2_heavy,3,78,0.006221326024359752,0.0005132302645970563,0.0031653253360005074,True
base,anchor_id,0.031265801903223416,0.01821886639263128,confounded,0.0,0.05,0.02433564837894606,reward_population_mae,logger2_heavy,3,78,0.026274083843863722,0.023252355911988827,0.0016826057422310156,True
base,anchor_id,0.04985990880518077,0.026813654648943905,confounded,0.0,0.05,0.03854154722225209,reward_population_rmse,logger2_heavy,3,78,0.042389918424480075,0.03333543029828233,0.004677450575959628,True
minus,anchor_id,0.017573996424841847,0.011658147861538846,confounded,0.0,0.05,0.014490085125247631,paired_increment_absolute_error,logger2_heavy,3,78,0.015083470618849603,0.013404513088169381,0.0009414936498146453,True
minus,anchor_id,-0.011494830779850774,-0.019952576594867034,confounded,0.0,0.05,-0.015738540779821338,paired_prediction_increment,logger2_heavy,3,78,-0.010958780988515002,-0.01823353092058066,0.004140727703021278,True
minus,anchor_id,0.03341281092616818,0.020226186823572433,confounded,0.0,0.05,0.026149000005236258,reward_population_mae,logger2_heavy,3,78,0.028034719974620693,0.025145574471691405,0.001634204099220551,True
minus,anchor_id,0.05164754584823996,0.028168171316569585,confounded,0.0,0.05,0.0401221191503096,reward_population_rmse,logger2_heavy,3,78,0.04395488763265905,0.03437314088525228,0.005070144241672921,True
plus,anchor_id,0.016037565134572822,0.010500398982398006,confounded,0.0,0.05,0.013125790581669248,paired_increment_absolute_error,logger2_heavy,3,78,0.013841356998342063,0.012374970334011911,0.0007338287176042113,True
plus,anchor_id,0.024875660895710763,0.016983344808337613,confounded,0.0,0.05,0.02100407091952865,paired_prediction_increment,logger2_heavy,3,78,0.0235049379008136,0.019285035480260455,0.00221592859312226,True
plus,anchor_id,0.030211623395269598,0.017996512886686605,confounded,0.0,0.05,0.02380880767832938,reward_population_mae,logger2_heavy,3,78,0.0254149528800572,0.021733712746003785,0.001884891938152474,True
plus,anchor_id,0.04885217121061888,0.02549069957507834,confounded,0.0,0.05,0.03739271737897643,reward_population_rmse,logger2_heavy,3,78,0.040105584724128555,0.03484737196785398,0.0026331061593388044,True
base,anchor_id,0.0,0.0,independent_latents,0.0,0.05,0.0,base_leakage_over_balanced_direct_signal,all_primary,3,78,0.0,0.0,0.0,True
base,anchor_id,0.0,0.0,independent_latents,0.0,0.05,0.0,base_prediction_range_across_mixtures,all_primary,3,78,0.0,0.0,0.0,True
all,anchor_id,0.0026284535228518397,0.001311502663075099,independent_latents,0.0,0.05,0.001929088886059896,neural_decision_regret,logger12_balanced,3,78,0.002072192888340616,0.0016667066270727776,0.00022754176300501518,True
all,anchor_id,0.5214743589743589,0.31185897435897436,independent_latents,0.0,0.05,0.41452991452991456,neural_do_ranking_disagreement,logger12_balanced,3,78,0.46153846153846156,0.3333333333333333,0.0706098788113603,True
base,anchor_id,0.0,0.0,independent_latents,0.0,0.05,0.0,base_prediction_absolute_increment,logger12_balanced,3,78,0.0,0.0,0.0,True
base,anchor_id,0.0,0.0,independent_latents,0.0,0.05,0.0,paired_increment_absolute_error,logger12_balanced,3,78,0.0,0.0,0.0,True
base,anchor_id,0.0,0.0,independent_latents,0.0,0.05,0.0,paired_prediction_increment,logger12_balanced,3,78,0.0,0.0,0.0,True
base,anchor_id,0.03128829957178839,0.01757220300586729,independent_latents,0.0,0.05,0.02396851385174519,reward_population_mae,logger12_balanced,3,78,0.02725270910171651,0.018635047566479185,0.004660006053220375,True
base,anchor_id,0.05021908111087795,0.0264173176437026,independent_latents,0.0,0.05,0.03897645853951758,reward_population_rmse,logger12_balanced,3,78,0.04775122971447319,0.026133884955587015,0.011368274316490727,True
base,anchor_id,0.0068047368141819315,-0.010296656395906061,independent_latents,0.0,0.05,-0.0016386824747942723,signed_balanced_neural_bias,logger12_balanced,3,78,-0.0008052667439280726,-0.003067968799365115,0.0012434836031292075,True
base,anchor_id,0.0,-7.591268544445514e-18,independent_latents,0.0,0.05,-2.8467257041670683e-18,signed_balanced_population_bias,logger12_balanced,3,78,-2.846725704167068e-18,-2.846725704167068e-18,4.7175456440955104e-34,True
minus,anchor_id,0.0,0.0,independent_latents,0.0,0.05,0.0,paired_increment_absolute_error,logger12_balanced,3,78,0.0,0.0,0.0,True
minus,anchor_id,0.0,0.0,independent_latents,0.0,0.05,0.0,paired_prediction_increment,logger12_balanced,3,78,0.0,0.0,0.0,True
minus,anchor_id,0.03302950680907365,0.018788741056520383,independent_latents,0.0,0.05,0.025302649660671094,reward_population_mae,logger12_balanced,3,78,0.028473932549760175,0.020107321470433887,0.004535704440767851,True
minus,anchor_id,0.053732313599605896,0.02838729170429427,independent_latents,0.0,0.05,0.04116132746317152,reward_population_rmse,logger12_balanced,3,78,0.04902272911144932,0.02761575311816403,0.011781214696666837,True
minus,anchor_id,0.0062048937952626886,-0.012176896054494846,independent_latents,0.0,0.05,-0.002551168089008712,signed_balanced_neural_bias,logger12_balanced,3,78,-0.0022382220044507325,-0.00306777963214073,0.00045072295113161723,True
minus,anchor_id,2.7899098036547334e-16,1.75061769449174e-16,independent_latents,0.0,0.05,2.263146934812819e-16,signed_balanced_population_bias,logger12_balanced,3,78,2.263146934812819e-16,2.263146934812819e-16,0.0,True
plus,anchor_id,0.0,0.0,independent_latents,0.0,0.05,0.0,paired_increment_absolute_error,logger12_balanced,3,78,0.0,0.0,0.0,True
plus,anchor_id,0.0,0.0,independent_latents,0.0,0.05,0.0,paired_prediction_increment,logger12_balanced,3,78,0.0,0.0,0.0,True
plus,anchor_id,0.030761123524973195,0.018035870118518805,independent_latents,0.0,0.05,0.023987527850737253,reward_population_mae,logger12_balanced,3,78,0.02707288384437463,0.019420304331075864,0.0040357702889725275,True
plus,anchor_id,0.048584496395167764,0.02673597557772403,independent_latents,0.0,0.05,0.03756205277187896,reward_population_rmse,logger12_balanced,3,78,0.046449636302160716,0.02637741072652649,0.010231369324583605,True
plus,anchor_id,0.007706386589023714,-0.008647202043412175,independent_latents,0.0,0.05,-0.00014780414703503296,signed_balanced_neural_bias,logger12_balanced,3,78,0.0010484318077254241,-0.0021772276857950413,0.0017668817036329662,True
plus,anchor_id,2.7472089180922275e-16,1.7647327094415682e-16,independent_latents,0.0,0.05,2.2489133062919837e-16,signed_balanced_population_bias,logger12_balanced,3,78,2.2489133062919837e-16,2.2489133062919837e-16,0.0,True
base,anchor_id,0.0,0.0,independent_latents,0.0,0.05,0.0,base_prediction_absolute_increment,logger1_heavy,3,78,0.0,0.0,0.0,True
base,anchor_id,0.0,0.0,independent_latents,0.0,0.05,0.0,paired_increment_absolute_error,logger1_heavy,3,78,0.0,0.0,0.0,True
base,anchor_id,0.0,0.0,independent_latents,0.0,0.05,0.0,paired_prediction_increment,logger1_heavy,3,78,0.0,0.0,0.0,True
base,anchor_id,0.03137384636468891,0.017586643345035024,independent_latents,0.0,0.05,0.02396851385174519,reward_population_mae,logger1_heavy,3,78,0.02725270910171651,0.018635047566479185,0.004660006053220375,True
base,anchor_id,0.05119892258545481,0.026566721110707545,independent_latents,0.0,0.05,0.03897645853951758,reward_population_rmse,logger1_heavy,3,78,0.04775122971447319,0.026133884955587015,0.011368274316490727,True
minus,anchor_id,0.0,0.0,independent_latents,0.0,0.05,0.0,paired_increment_absolute_error,logger1_heavy,3,78,0.0,0.0,0.0,True
minus,anchor_id,0.0,0.0,independent_latents,0.0,0.05,0.0,paired_prediction_increment,logger1_heavy,3,78,0.0,0.0,0.0,True
minus,anchor_id,0.03317638040972163,0.018832844966091982,independent_latents,0.0,0.05,0.025302649660671066,reward_population_mae,logger1_heavy,3,78,0.028473932549760148,0.02010732147043384,0.004535704440767865,True
minus,anchor_id,0.05344098035254697,0.02811161549726369,independent_latents,0.0,0.05,0.04116132746317152,reward_population_rmse,logger1_heavy,3,78,0.04902272911144932,0.02761575311816403,0.011781214696666837,True
plus,anchor_id,0.0,0.0,independent_latents,0.0,0.05,0.0,paired_increment_absolute_error,logger1_heavy,3,78,0.0,0.0,0.0,True
plus,anchor_id,0.0,0.0,independent_latents,0.0,0.05,0.0,paired_prediction_increment,logger1_heavy,3,78,0.0,0.0,0.0,True
plus,anchor_id,0.03077628913663308,0.01801804143360979,independent_latents,0.0,0.05,0.023987527850737256,reward_population_mae,logger1_heavy,3,78,0.02707288384437463,0.019420304331075864,0.004035770288972531,True
plus,anchor_id,0.04874479835832992,0.026611476431666625,independent_latents,0.0,0.05,0.037562052771878955,reward_population_rmse,logger1_heavy,3,78,0.04644963630216069,0.02637741072652648,0.010231369324583598,True
base,anchor_id,0.0,0.0,independent_latents,0.0,0.05,0.0,paired_heavy_increment_absolute_error,logger1_minus_logger2,3,78,0.0,0.0,0.0,True
base,anchor_id,0.0,0.0,independent_latents,0.0,0.05,0.0,paired_heavy_prediction_increment,logger1_minus_logger2,3,78,0.0,0.0,0.0,True
base,anchor_id,0.0,0.0,independent_latents,0.0,0.05,0.0,signed_heavy_neural_drift,logger1_minus_logger2,3,78,0.0,0.0,0.0,True
base,anchor_id,0.0,0.0,independent_latents,0.0,0.05,0.0,signed_heavy_population_drift,logger1_minus_logger2,3,78,0.0,0.0,0.0,True
minus,anchor_id,0.0,0.0,independent_latents,0.0,0.05,0.0,paired_heavy_increment_absolute_error,logger1_minus_logger2,3,78,0.0,0.0,0.0,True
minus,anchor_id,0.0,0.0,independent_latents,0.0,0.05,0.0,paired_heavy_prediction_increment,logger1_minus_logger2,3,78,0.0,0.0,0.0,True
minus,anchor_id,0.0,0.0,independent_latents,0.0,0.05,0.0,signed_heavy_neural_drift,logger1_minus_logger2,3,78,0.0,0.0,0.0,True
minus,anchor_id,1.3997587514531487e-16,4.8868791254868e-17,independent_latents,0.0,0.05,9.251858538542972e-17,signed_heavy_population_drift,logger1_minus_logger2,3,78,9.251858538542972e-17,9.251858538542972e-17,0.0,True
plus,anchor_id,0.0,0.0,independent_latents,0.0,0.05,0.0,paired_heavy_increment_absolute_error,logger1_minus_logger2,3,78,0.0,0.0,0.0,True
plus,anchor_id,0.0,0.0,independent_latents,0.0,0.05,0.0,paired_heavy_prediction_increment,logger1_minus_logger2,3,78,0.0,0.0,0.0,True
plus,anchor_id,0.0,0.0,independent_latents,0.0,0.05,0.0,signed_heavy_neural_drift,logger1_minus_logger2,3,78,0.0,0.0,0.0,True
plus,anchor_id,9.01463139652905e-17,-1.7104076939203798e-17,independent_latents,0.0,0.05,3.700743415417188e-17,signed_heavy_population_drift,logger1_minus_logger2,3,78,3.700743415417188e-17,3.700743415417188e-17,0.0,True
base,anchor_id,0.0,0.0,independent_latents,0.0,0.05,0.0,base_prediction_absolute_increment,logger2_heavy,3,78,0.0,0.0,0.0,True
base,anchor_id,0.0,0.0,independent_latents,0.0,0.05,0.0,paired_increment_absolute_error,logger2_heavy,3,78,0.0,0.0,0.0,True
base,anchor_id,0.0,0.0,independent_latents,0.0,0.05,0.0,paired_prediction_increment,logger2_heavy,3,78,0.0,0.0,0.0,True
base,anchor_id,0.031016656802834566,0.017780680659117375,independent_latents,0.0,0.05,0.02396851385174519,reward_population_mae,logger2_heavy,3,78,0.02725270910171651,0.018635047566479185,0.004660006053220375,True
base,anchor_id,0.05045876178833277,0.026978115140899622,independent_latents,0.0,0.05,0.03897645853951758,reward_population_rmse,logger2_heavy,3,78,0.04775122971447319,0.026133884955587015,0.011368274316490727,True
minus,anchor_id,0.0,0.0,independent_latents,0.0,0.05,0.0,paired_increment_absolute_error,logger2_heavy,3,78,0.0,0.0,0.0,True
minus,anchor_id,0.0,0.0,independent_latents,0.0,0.05,0.0,paired_prediction_increment,logger2_heavy,3,78,0.0,0.0,0.0,True
minus,anchor_id,0.03303059339863147,0.018579271086141987,independent_latents,0.0,0.05,0.025302649660671073,reward_population_mae,logger2_heavy,3,78,0.028473932549760193,0.020107321470433846,0.0045357044407678725,True
minus,anchor_id,0.053922930844635585,0.028282927639845006,independent_latents,0.0,0.05,0.041161327463171506,reward_population_rmse,logger2_heavy,3,78,0.04902272911144932,0.02761575311816403,0.01178121469666683,True
plus,anchor_id,0.0,0.0,independent_latents,0.0,0.05,0.0,paired_increment_absolute_error,logger2_heavy,3,78,0.0,0.0,0.0,True
plus,anchor_id,0.0,0.0,independent_latents,0.0,0.05,0.0,paired_prediction_increment,logger2_heavy,3,78,0.0,0.0,0.0,True
plus,anchor_id,0.03061123468334978,0.018190579799931262,independent_latents,0.0,0.05,0.02398752785073725,reward_population_mae,logger2_heavy,3,78,0.027072883844374625,0.019420304331075843,0.00403577028897254,True
plus,anchor_id,0.04871948349989088,0.02663714058268039,independent_latents,0.0,0.05,0.03756205277187895,reward_population_rmse,logger2_heavy,3,78,0.04644963630216068,0.026377410726526482,0.010231369324583593,True
base,anchor_id,0.3546196450019256,0.26228442831035487,confounded,0.0,0.1,0.306818568679758,base_leakage_over_balanced_direct_signal,all_primary,3,78,0.3218013792122896,0.27800206084961454,0.02496244094535238,True
base,anchor_id,0.021351252621020122,0.015728958142554945,confounded,0.0,0.1,0.01840911412078548,base_prediction_range_across_mixtures,all_primary,3,78,0.019308082752737377,0.016680123650976875,0.0014977464567211413,True
all,anchor_id,0.006678720896713301,0.004922213010270813,confounded,0.0,0.1,0.0057938137052863286,neural_decision_regret,logger12_balanced,3,78,0.005860408368890631,0.005708594509830542,7.760165488373516e-05,True
all,anchor_id,0.9786324786324787,0.8760683760683761,confounded,0.0,0.1,0.9316239316239315,neural_do_ranking_disagreement,logger12_balanced,3,78,0.9487179487179487,0.9102564102564102,0.01958365681605059,True
base,anchor_id,0.03186378951824755,0.02193479136627584,confounded,0.0,0.1,0.026737205989884504,base_prediction_absolute_increment,logger12_balanced,3,78,0.027974621302194497,0.02552121835890103,0.0012268418234171576,True
base,anchor_id,0.03189860011930462,0.021899801153955557,confounded,0.0,0.1,0.026737205989884504,paired_increment_absolute_error,logger12_balanced,3,78,0.027974621302194497,0.02552121835890103,0.0012268418234171576,True
base,anchor_id,0.013060067641329552,-0.0027050364922239865,confounded,0.0,0.1,0.0053020722028877055,paired_prediction_increment,logger12_balanced,3,78,0.006599370814000148,0.002869836379131123,0.002107941800122051,True
base,anchor_id,0.040451452860100316,0.026342211387769168,confounded,0.0,0.1,0.03309043694261534,reward_population_mae,logger12_balanced,3,78,0.03449530896640146,0.03174020530118969,0.0013783643313921778,True
base,anchor_id,0.05512459565465725,0.036772706890119466,confounded,0.0,0.1,0.04600834377099483,reward_population_rmse,logger12_balanced,3,78,0.050017748372741706,0.04334155423016007,0.0035348060001506986,True
base,anchor_id,0.013729543139781855,-0.007883891763504717,confounded,0.0,0.1,0.002993128534295587,signed_balanced_neural_bias,logger12_balanced,3,78,0.0032149282693209077,0.002704299995295548,0.00026183000970140966,True
base,anchor_id,0.0,0.0,confounded,0.0,0.1,0.0,signed_balanced_population_bias,logger12_balanced,3,78,0.0,0.0,0.0,True
minus,anchor_id,0.04554897840470676,0.032294525181825906,confounded,0.0,0.1,0.038792775821671927,paired_increment_absolute_error,logger12_balanced,3,78,0.03906657480666922,0.03863262871357493,0.0002382537822788328,True
minus,anchor_id,-0.019613284810735373,-0.036188822875656404,confounded,0.0,0.1,-0.028052130855316534,paired_prediction_increment,logger12_balanced,3,78,-0.025184906484042157,-0.031318265231216516,0.0030860766799008506,True
minus,anchor_id,0.05166542441739086,0.03478466605797561,confounded,0.0,0.1,0.04290913136117804,reward_population_mae,logger12_balanced,3,78,0.04561263792547955,0.04061443499773362,0.00252405476604126,True
minus,anchor_id,0.06730804291221702,0.04712443936533691,confounded,0.0,0.1,0.05702321329949897,reward_population_rmse,logger12_balanced,3,78,0.0610512313705314,0.05491341449384218,0.003489680911700448,True
minus,anchor_id,-0.01907079258045068,-0.04129561591208981,confounded,0.0,0.1,-0.030633421991181825,signed_balanced_neural_bias,logger12_balanced,3,78,-0.024954340044230285,-0.03582314727682016,0.0054509031473030396,True
minus,anchor_id,-0.06000000000000002,-0.06000000000000011,confounded,0.0,0.1,-0.060000000000000074,signed_balanced_population_bias,logger12_balanced,3,78,-0.06000000000000007,-0.06000000000000007,8.498374721940739e-18,True
plus,anchor_id,0.0378993261260671,0.026378777064519746,confounded,0.0,0.1,0.03186867304066578,paired_increment_absolute_error,logger12_balanced,3,78,0.03694275190729028,0.027959182461861954,0.00460362133600334,True
plus,anchor_id,0.04699152618343691,0.03114807187641737,confounded,0.0,0.1,0.03939703537251874,paired_prediction_increment,logger12_balanced,3,78,0.04396169727344303,0.03325468851722335,0.005525108730864754,True
plus,anchor_id,0.0470133951832107,0.032413545401960946,confounded,0.0,0.1,0.039541703326279314,reward_population_mae,logger12_balanced,3,78,0.04580463672254388,0.03536737258486862,0.005523207080790788,True
plus,anchor_id,0.060666842841736124,0.04125323628295797,confounded,0.0,0.1,0.051420451623918256,reward_population_rmse,logger12_balanced,3,78,0.05709658142813751,0.0479019767109122,0.0049625391634412,True
plus,anchor_id,0.047412189076975204,0.02727719516307534,confounded,0.0,0.1,0.037345546484163585,signed_balanced_neural_bias,logger12_balanced,3,78,0.040354108903792874,0.03384491907147383,0.0032823747556210135,True
plus,anchor_id,0.06000000000000048,0.060000000000000386,confounded,0.0,0.1,0.06000000000000042,signed_balanced_population_bias,logger12_balanced,3,78,0.06000000000000043,0.06000000000000043,8.498374721940739e-18,True
base,anchor_id,0.03808979581921432,0.025968041878331332,confounded,0.0,0.1,0.031789166972429825,base_prediction_absolute_increment,logger1_heavy,3,78,0.03567503367066819,0.029326362193719823,0.0034051778662300817,True
base,anchor_id,0.03793333251725445,0.025824019861942632,confounded,0.0,0.1,0.031789166972429825,paired_increment_absolute_error,logger1_heavy,3,78,0.03567503367066819,0.029326362193719823,0.0034051778662300817,True
base,anchor_id,0.016961552316156977,-0.0012051941745213396,confounded,0.0,0.1,0.007672004081657914,paired_prediction_increment,logger1_heavy,3,78,0.011708910205151532,0.0026839367457186284,0.0045870543080405,True
base,anchor_id,0.04491442913491847,0.029544063926705846,confounded,0.0,0.1,0.036795988630272745,reward_population_mae,logger1_heavy,3,78,0.03793450113087154,0.035111227194187446,0.001488794765919743,True
base,anchor_id,0.06021313364745809,0.04087323548666309,confounded,0.0,0.1,0.05073970959101167,reward_population_rmse,logger1_heavy,3,78,0.05316126684982056,0.04735078919614364,0.0030236164139527226,True
minus,anchor_id,0.05646029905406429,0.0406566022681757,confounded,0.0,0.1,0.04816244571937883,paired_increment_absolute_error,logger1_heavy,3,78,0.05057617903965164,0.04642300408806617,0.002157131777608821,True
minus,anchor_id,-0.0245479102106394,-0.04435185387721507,confounded,0.0,0.1,-0.03452823565539164,paired_prediction_increment,logger1_heavy,3,78,-0.03345502013967387,-0.03575035643079795,0.001154890364757622,True
minus,anchor_id,0.060677955152625696,0.04175187927778576,confounded,0.0,0.1,0.051010126990603144,reward_population_mae,logger1_heavy,3,78,0.052121255022636016,0.05033577916512455,0.0009695688325576865,True
minus,anchor_id,0.07788161549024829,0.05424945557020633,confounded,0.0,0.1,0.06640692642402678,reward_population_rmse,logger1_heavy,3,78,0.06783834943197052,0.06434856447402473,0.0018274132239255705,True
plus,anchor_id,0.04547732904274612,0.03191196119677968,confounded,0.0,0.1,0.038286982833804356,paired_increment_absolute_error,logger1_heavy,3,78,0.045255514996739264,0.03270039525455461,0.006390624856728121,True
plus,anchor_id,0.05969130684482077,0.04157791391432703,confounded,0.0,0.1,0.05047384451797329,paired_prediction_increment,logger1_heavy,3,78,0.05842260936309442,0.04111520743044821,0.00873941332238425,True
plus,anchor_id,0.05311477623081138,0.03721504717663853,confounded,0.0,0.1,0.044944416008368814,reward_population_mae,logger1_heavy,3,78,0.05273000813672621,0.03973351222954059,0.006870152220968183,True
plus,anchor_id,0.06788875583602265,0.04707456178628452,confounded,0.0,0.1,0.05749905238104958,reward_population_rmse,logger1_heavy,3,78,0.06420176172923857,0.053014582125547376,0.0059142780942016875,True
base,anchor_id,0.019964375222124603,0.014093816101105194,confounded,0.0,0.1,0.016939960253492852,paired_heavy_increment_absolute_error,logger1_minus_logger2,3,78,0.01806854799643012,0.015814761892821275,0.0011268968746691915,True
base,anchor_id,0.008434029502149507,-0.0006768024192823459,confounded,0.0,0.1,0.003847311838155267,paired_heavy_prediction_increment,logger1_minus_logger2,3,78,0.007127735264021133,0.0010036101904853806,0.0030853316536055427,True
base,anchor_id,0.008264342388206525,-0.0005909164210654051,confounded,0.0,0.1,0.003847311838155267,signed_heavy_neural_drift,logger1_minus_logger2,3,78,0.007127735264021133,0.0010036101904853806,0.0030853316536055427,True
base,anchor_id,0.0,0.0,confounded,0.0,0.1,0.0,signed_heavy_population_drift,logger1_minus_logger2,3,78,0.0,0.0,0.0,True
minus,anchor_id,0.030736461077636,0.02258295336500206,confounded,0.0,0.1,0.026597637478868254,paired_heavy_increment_absolute_error,logger1_minus_logger2,3,78,0.02897466084868724,0.02250426277774153,0.0035603243136666444,True
minus,anchor_id,-0.002544835621732459,-0.011968689893318452,confounded,0.0,0.1,-0.007229449071995838,paired_heavy_prediction_increment,logger1_minus_logger2,3,78,-0.002984482829873477,-0.012274888714569276,0.004696645465033514,True
minus,anchor_id,-0.00263452436794871,-0.012056180175422003,confounded,0.0,0.1,-0.007229449071995838,signed_heavy_neural_drift,logger1_minus_logger2,3,78,-0.002984482829873477,-0.012274888714569276,0.004696645465033514,True
minus,anchor_id,-0.031111111111110975,-0.031111111111111103,confounded,0.0,0.1,-0.031111111111111037,signed_heavy_population_drift,logger1_minus_logger2,3,78,-0.031111111111111037,-0.031111111111111037,0.0,True
plus,anchor_id,0.02586382070688566,0.018247468536977302,confounded,0.0,0.1,0.021989201556578044,paired_heavy_increment_absolute_error,logger1_minus_logger2,3,78,0.025789972848981584,0.015536621149675614,0.005617550529565328,True
plus,anchor_id,0.019795929835727605,0.009979402442540116,confounded,0.0,0.1,0.015079096739888961,paired_heavy_prediction_increment,logger1_minus_logger2,3,78,0.02572844160500529,0.0080917697366189,0.009371276848095132,True
plus,anchor_id,0.019869769308459323,0.010229708657108828,confounded,0.0,0.1,0.015079096739888961,signed_heavy_neural_drift,logger1_minus_logger2,3,78,0.02572844160500529,0.0080917697366189,0.009371276848095132,True
plus,anchor_id,0.03111111111111126,0.031111111111111117,confounded,0.0,0.1,0.031111111111111187,signed_heavy_population_drift,logger1_minus_logger2,3,78,0.031111111111111187,0.031111111111111187,0.0,True
base,anchor_id,0.026700215077727213,0.018035251882290593,confounded,0.0,0.1,0.022190283321023813,base_prediction_absolute_increment,logger2_heavy,3,78,0.024127511535997116,0.020418229223306206,0.0018601493718432406,True
base,anchor_id,0.026642678000333098,0.017743994928169828,confounded,0.0,0.1,0.022190283321023813,paired_increment_absolute_error,logger2_heavy,3,78,0.024127511535997116,0.020418229223306206,0.0018601493718432406,True
base,anchor_id,0.010546223614701082,-0.0026181884279730724,confounded,0.0,0.1,0.003824692243502648,paired_prediction_increment,logger2_heavy,3,78,0.007619555103618203,-0.0007266533142406593,0.004224215701457745,True
base,anchor_id,0.03839580339482691,0.02451660642161275,confounded,0.0,0.1,0.03119053711233775,reward_population_mae,logger2_heavy,3,78,0.03180235129880547,0.030824751684102578,0.0005332193395544649,True
base,anchor_id,0.054181362759760716,0.034342015822397265,confounded,0.0,0.1,0.04415527210228843,reward_population_rmse,logger2_heavy,3,78,0.046461879175314635,0.042182655902275,0.0021590739641274195,True
minus,anchor_id,0.03215919872909951,0.02153390940601632,confounded,0.0,0.1,0.026809640475403778,paired_increment_absolute_error,logger2_heavy,3,78,0.029428301355827156,0.023431192920220518,0.003069899711792404,True
minus,anchor_id,-0.020265062114688485,-0.03427368575294435,confounded,0.0,0.1,-0.027298786583395806,paired_prediction_increment,logger2_heavy,3,78,-0.023475467716228677,-0.0304705373098004,0.003542760990565194,True
minus,anchor_id,0.04209048476922148,0.027122030582642093,confounded,0.0,0.1,0.03430594772604206,reward_population_mae,logger2_heavy,3,78,0.03506732345429386,0.033251498091692686,0.0009427219487700975,True
minus,anchor_id,0.058930290917278715,0.03853140207590192,confounded,0.0,0.1,0.04905356067146915,reward_population_rmse,logger2_heavy,3,78,0.05133391599349341,0.04785030181298505,0.0019758528623072622,True
plus,anchor_id,0.028202807837420473,0.01918943934986575,confounded,0.0,0.1,0.023466656000579914,paired_increment_absolute_error,logger2_heavy,3,78,0.023955138870055168,0.022525449031957544,0.0008153052132492018,True
plus,anchor_id,0.042326397518440306,0.028724009165755016,confounded,0.0,0.1,0.03539474777808433,paired_prediction_increment,logger2_heavy,3,78,0.043791947023758326,0.029698128552405525,0.007424875696545988,True
plus,anchor_id,0.03960331297898136,0.02590334761872597,confounded,0.0,0.1,0.03249295540927452,reward_population_mae,logger2_heavy,3,78,0.03468757082543298,0.028902953476838612,0.003134609563370124,True
plus,anchor_id,0.055276690569485226,0.03443135714052409,confounded,0.0,0.1,0.04483354470406272,reward_population_rmse,logger2_heavy,3,78,0.04617715364905385,0.04405555459207369,0.0011684344816162236,True
base,anchor_id,0.0,0.0,independent_latents,0.0,0.1,0.0,base_leakage_over_balanced_direct_signal,all_primary,3,78,0.0,0.0,0.0,True
base,anchor_id,0.0,0.0,independent_latents,0.0,0.1,0.0,base_prediction_range_across_mixtures,all_primary,3,78,0.0,0.0,0.0,True
all,anchor_id,0.0026171547429065904,0.0012930427660810997,independent_latents,0.0,0.1,0.001929088886059896,neural_decision_regret,logger12_balanced,3,78,0.002072192888340616,0.0016667066270727776,0.00022754176300501518,True
all,anchor_id,0.5256410256410257,0.30769230769230765,independent_latents,0.0,0.1,0.41452991452991456,neural_do_ranking_disagreement,logger12_balanced,3,78,0.46153846153846156,0.3333333333333333,0.0706098788113603,True
base,anchor_id,0.0,0.0,independent_latents,0.0,0.1,0.0,base_prediction_absolute_increment,logger12_balanced,3,78,0.0,0.0,0.0,True
base,anchor_id,0.0,0.0,independent_latents,0.0,0.1,0.0,paired_increment_absolute_error,logger12_balanced,3,78,0.0,0.0,0.0,True
base,anchor_id,0.0,0.0,independent_latents,0.0,0.1,0.0,paired_prediction_increment,logger12_balanced,3,78,0.0,0.0,0.0,True
base,anchor_id,0.031072571245311726,0.01754312743009688,independent_latents,0.0,0.1,0.02396851385174519,reward_population_mae,logger12_balanced,3,78,0.02725270910171651,0.018635047566479192,0.004660006053220371,True
base,anchor_id,0.05042708049317907,0.026635029469824666,independent_latents,0.0,0.1,0.03897645853951758,reward_population_rmse,logger12_balanced,3,78,0.04775122971447319,0.026133884955587015,0.011368274316490727,True
base,anchor_id,0.006759972457571976,-0.010266726579802762,independent_latents,0.0,0.1,-0.0016386824747942723,signed_balanced_neural_bias,logger12_balanced,3,78,-0.0008052667439280726,-0.003067968799365115,0.0012434836031292075,True
base,anchor_id,0.0,0.0,independent_latents,0.0,0.1,0.0,signed_balanced_population_bias,logger12_balanced,3,78,0.0,0.0,0.0,True
minus,anchor_id,0.0,0.0,independent_latents,0.0,0.1,0.0,paired_increment_absolute_error,logger12_balanced,3,78,0.0,0.0,0.0,True
minus,anchor_id,0.0,0.0,independent_latents,0.0,0.1,0.0,paired_prediction_increment,logger12_balanced,3,78,0.0,0.0,0.0,True
minus,anchor_id,0.03286292932988908,0.018756569725602284,independent_latents,0.0,0.1,0.02530264966067108,reward_population_mae,logger12_balanced,3,78,0.028473932549760154,0.020107321470433877,0.004535704440767846,True
minus,anchor_id,0.05412432925887117,0.027913667550821947,independent_latents,0.0,0.1,0.04116132746317153,reward_population_rmse,logger12_balanced,3,78,0.049022729111449365,0.027615753118164055,0.011781214696666832,True
minus,anchor_id,0.006413135624441839,-0.011890997389933239,independent_latents,0.0,0.1,-0.002551168089008712,signed_balanced_neural_bias,logger12_balanced,3,78,-0.0022382220044507325,-0.00306777963214073,0.00045072295113161723,True
minus,anchor_id,3.5014726161254936e-16,2.495629533986463e-16,independent_latents,0.0,0.1,2.989061989375421e-16,signed_balanced_population_bias,logger12_balanced,3,78,2.9890619893754217e-16,2.9890619893754217e-16,6.038458424442253e-32,True
plus,anchor_id,0.0,0.0,independent_latents,0.0,0.1,0.0,paired_increment_absolute_error,logger12_balanced,3,78,0.0,0.0,0.0,True
plus,anchor_id,0.0,0.0,independent_latents,0.0,0.1,0.0,paired_prediction_increment,logger12_balanced,3,78,0.0,0.0,0.0,True
plus,anchor_id,0.03061785827953703,0.01805882789532369,independent_latents,0.0,0.1,0.023987527850737256,reward_population_mae,logger12_balanced,3,78,0.027072883844374625,0.019420304331075833,0.004035770288972551,True
plus,anchor_id,0.04839672715221576,0.026385284947596385,independent_latents,0.0,0.1,0.03756205277187896,reward_population_rmse,logger12_balanced,3,78,0.04644963630216071,0.02637741072652649,0.010231369324583604,True
plus,anchor_id,0.007873207774135867,-0.008399022960312372,independent_latents,0.0,0.1,-0.00014780414703503296,signed_balanced_neural_bias,logger12_balanced,3,78,0.0010484318077254241,-0.0021772276857950413,0.0017668817036329662,True
plus,anchor_id,2.7566980037727843e-16,1.6985463368196838e-16,independent_latents,0.0,0.1,2.220446049250313e-16,signed_balanced_population_bias,logger12_balanced,3,78,2.220446049250313e-16,2.220446049250313e-16,0.0,True
base,anchor_id,0.0,0.0,independent_latents,0.0,0.1,0.0,base_prediction_absolute_increment,logger1_heavy,3,78,0.0,0.0,0.0,True
base,anchor_id,0.0,0.0,independent_latents,0.0,0.1,0.0,paired_increment_absolute_error,logger1_heavy,3,78,0.0,0.0,0.0,True
base,anchor_id,0.0,0.0,independent_latents,0.0,0.1,0.0,paired_prediction_increment,logger1_heavy,3,78,0.0,0.0,0.0,True
base,anchor_id,0.031199657002890565,0.01787450087279094,independent_latents,0.0,0.1,0.02396851385174519,reward_population_mae,logger1_heavy,3,78,0.02725270910171651,0.018635047566479192,0.004660006053220371,True
base,anchor_id,0.05023233632710777,0.02679496324281806,independent_latents,0.0,0.1,0.03897645853951758,reward_population_rmse,logger1_heavy,3,78,0.04775122971447319,0.026133884955587015,0.011368274316490727,True
minus,anchor_id,0.0,0.0,independent_latents,0.0,0.1,0.0,paired_increment_absolute_error,logger1_heavy,3,78,0.0,0.0,0.0,True
minus,anchor_id,0.0,0.0,independent_latents,0.0,0.1,0.0,paired_prediction_increment,logger1_heavy,3,78,0.0,0.0,0.0,True
minus,anchor_id,0.03270814701780198,0.018642757160120104,independent_latents,0.0,0.1,0.025302649660671094,reward_population_mae,logger1_heavy,3,78,0.02847393254976022,0.020107321470433863,0.004535704440767876,True
minus,anchor_id,0.05408920691692657,0.02807462646864921,independent_latents,0.0,0.1,0.041161327463171506,reward_population_rmse,logger1_heavy,3,78,0.04902272911144932,0.027615753118164027,0.011781214696666832,True
plus,anchor_id,0.0,0.0,independent_latents,0.0,0.1,0.0,paired_increment_absolute_error,logger1_heavy,3,78,0.0,0.0,0.0,True
plus,anchor_id,0.0,0.0,independent_latents,0.0,0.1,0.0,paired_prediction_increment,logger1_heavy,3,78,0.0,0.0,0.0,True
plus,anchor_id,0.030891458134121197,0.01804991916480575,independent_latents,0.0,0.1,0.023987527850737256,reward_population_mae,logger1_heavy,3,78,0.02707288384437463,0.019420304331075864,0.004035770288972531,True
plus,anchor_id,0.04835527907159535,0.026651937492300454,independent_latents,0.0,0.1,0.03756205277187895,reward_population_rmse,logger1_heavy,3,78,0.046449636302160695,0.026377410726526468,0.010231369324583607,True
base,anchor_id,0.0,0.0,independent_latents,0.0,0.1,0.0,paired_heavy_increment_absolute_error,logger1_minus_logger2,3,78,0.0,0.0,0.0,True
base,anchor_id,0.0,0.0,independent_latents,0.0,0.1,0.0,paired_heavy_prediction_increment,logger1_minus_logger2,3,78,0.0,0.0,0.0,True
base,anchor_id,0.0,0.0,independent_latents,0.0,0.1,0.0,signed_heavy_neural_drift,logger1_minus_logger2,3,78,0.0,0.0,0.0,True
base,anchor_id,0.0,0.0,independent_latents,0.0,0.1,0.0,signed_heavy_population_drift,logger1_minus_logger2,3,78,0.0,0.0,0.0,True
minus,anchor_id,0.0,0.0,independent_latents,0.0,0.1,0.0,paired_heavy_increment_absolute_error,logger1_minus_logger2,3,78,0.0,0.0,0.0,True
minus,anchor_id,0.0,0.0,independent_latents,0.0,0.1,0.0,paired_heavy_prediction_increment,logger1_minus_logger2,3,78,0.0,0.0,0.0,True
minus,anchor_id,0.0,0.0,independent_latents,0.0,0.1,0.0,signed_heavy_neural_drift,logger1_minus_logger2,3,78,0.0,0.0,0.0,True
minus,anchor_id,8.732331097532479e-17,-3.369811552307767e-17,independent_latents,0.0,0.1,2.7043894189587146e-17,signed_heavy_population_drift,logger1_minus_logger2,3,78,2.7043894189587146e-17,2.7043894189587146e-17,0.0,True
plus,anchor_id,0.0,0.0,independent_latents,0.0,0.1,0.0,paired_heavy_increment_absolute_error,logger1_minus_logger2,3,78,0.0,0.0,0.0,True
plus,anchor_id,0.0,0.0,independent_latents,0.0,0.1,0.0,paired_heavy_prediction_increment,logger1_minus_logger2,3,78,0.0,0.0,0.0,True
plus,anchor_id,0.0,0.0,independent_latents,0.0,0.1,0.0,signed_heavy_neural_drift,logger1_minus_logger2,3,78,0.0,0.0,0.0,True
plus,anchor_id,1.8552348641198795e-16,7.352855266721523e-17,independent_latents,0.0,0.1,1.2810265668751805e-16,signed_heavy_population_drift,logger1_minus_logger2,3,78,1.2810265668751805e-16,1.2810265668751805e-16,0.0,True
base,anchor_id,0.0,0.0,independent_latents,0.0,0.1,0.0,base_prediction_absolute_increment,logger2_heavy,3,78,0.0,0.0,0.0,True
base,anchor_id,0.0,0.0,independent_latents,0.0,0.1,0.0,paired_increment_absolute_error,logger2_heavy,3,78,0.0,0.0,0.0,True
base,anchor_id,0.0,0.0,independent_latents,0.0,0.1,0.0,paired_prediction_increment,logger2_heavy,3,78,0.0,0.0,0.0,True
base,anchor_id,0.031407694020786026,0.017642975503649037,independent_latents,0.0,0.1,0.02396851385174519,reward_population_mae,logger2_heavy,3,78,0.02725270910171651,0.018635047566479192,0.004660006053220371,True
base,anchor_id,0.05140809280051941,0.026452970587501293,independent_latents,0.0,0.1,0.03897645853951758,reward_population_rmse,logger2_heavy,3,78,0.04775122971447319,0.026133884955587015,0.011368274316490727,True
minus,anchor_id,0.0,0.0,independent_latents,0.0,0.1,0.0,paired_increment_absolute_error,logger2_heavy,3,78,0.0,0.0,0.0,True
minus,anchor_id,0.0,0.0,independent_latents,0.0,0.1,0.0,paired_prediction_increment,logger2_heavy,3,78,0.0,0.0,0.0,True
minus,anchor_id,0.03317760743104443,0.01864512871221544,independent_latents,0.0,0.1,0.025302649660671084,reward_population_mae,logger2_heavy,3,78,0.028473932549760203,0.020107321470433856,0.004535704440767874,True
minus,anchor_id,0.05311122816304789,0.027673406201861688,independent_latents,0.0,0.1,0.041161327463171526,reward_population_rmse,logger2_heavy,3,78,0.04902272911144934,0.027615753118164048,0.011781214696666825,True
plus,anchor_id,0.0,0.0,independent_latents,0.0,0.1,0.0,paired_increment_absolute_error,logger2_heavy,3,78,0.0,0.0,0.0,True
plus,anchor_id,0.0,0.0,independent_latents,0.0,0.1,0.0,paired_prediction_increment,logger2_heavy,3,78,0.0,0.0,0.0,True
plus,anchor_id,0.030736405038982572,0.018035843351034263,independent_latents,0.0,0.1,0.02398752785073727,reward_population_mae,logger2_heavy,3,78,0.027072883844374653,0.01942030433107586,0.004035770288972544,True
plus,anchor_id,0.048890695655717326,0.02687751871705432,independent_latents,0.0,0.1,0.037562052771878955,reward_population_rmse,logger2_heavy,3,78,0.04644963630216069,0.02637741072652649,0.010231369324583595,True
base,anchor_id,0.29148900672186695,0.21142170400282242,confounded,0.0,0.2,0.25155515116250965,base_leakage_over_balanced_direct_signal,all_primary,3,78,0.32215053606852656,0.19752190182487264,0.0639437437854452,True
base,anchor_id,0.03492461937408619,0.025569729859657195,confounded,0.0,0.2,0.03018661813950116,base_prediction_range_across_mixtures,all_primary,3,78,0.03865806432822319,0.023702628218984716,0.007673249254253428,True
all,anchor_id,0.006723477373262818,0.0050123360491335055,confounded,0.0,0.2,0.005846691694127979,neural_decision_regret,logger12_balanced,3,78,0.005877633093443531,0.005784808895496878,5.3592075671811236e-05,True
all,anchor_id,0.9871794871794872,0.8888888888888888,confounded,0.0,0.2,0.9444444444444443,neural_do_ranking_disagreement,logger12_balanced,3,78,0.9487179487179487,0.9358974358974359,0.007401926528072099,True
base,anchor_id,0.056996434841789324,0.03896291423721223,confounded,0.0,0.2,0.04746769576770271,base_prediction_absolute_increment,logger12_balanced,3,78,0.0503225072556399,0.04177435232846445,0.00493058676971274,True
base,anchor_id,0.057009607683459966,0.03861306700289408,confounded,0.0,0.2,0.04746769576770271,paired_increment_absolute_error,logger12_balanced,3,78,0.0503225072556399,0.04177435232846445,0.00493058676971274,True
base,anchor_id,0.01977881294451045,-0.007774311519984939,confounded,0.0,0.2,0.006467996961267841,paired_prediction_increment,logger12_balanced,3,78,0.007335160510286006,0.005370934594566828,0.0010020907951751124,True
base,anchor_id,0.061186687174556366,0.041579220512494484,confounded,0.0,0.2,0.05109893062459201,reward_population_mae,logger12_balanced,3,78,0.054267006189671375,0.047172608777859434,0.0036074674949210135,True
base,anchor_id,0.07850684738967362,0.0554924501778721,confounded,0.0,0.2,0.0673347676993732,reward_population_rmse,logger12_balanced,3,78,0.06869332961269202,0.0664375608915689,0.0011965615449435073,True
base,anchor_id,0.019874262650271184,-0.010458977070981668,confounded,0.0,0.2,0.004159053292675722,signed_balanced_neural_bias,logger12_balanced,3,78,0.006888216738089871,0.0021488534483558885,0.002450116852885472,True
base,anchor_id,0.0,0.0,confounded,0.0,0.2,0.0,signed_balanced_population_bias,logger12_balanced,3,78,0.0,0.0,0.0,True
minus,anchor_id,0.08799336345366783,0.06325062768209311,confounded,0.0,0.2,0.075374569234633,paired_increment_absolute_error,logger12_balanced,3,78,0.08107508820326038,0.07174171511146982,0.0049984389315581804,True
minus,anchor_id,-0.03837175010428003,-0.06866278553211237,confounded,0.0,0.2,-0.05378543525442212,paired_prediction_increment,logger12_balanced,3,78,-0.05034842124472188,-0.058023469819358714,0.0038997202596073605,True
minus,anchor_id,0.08861389699896532,0.061880679815400595,confounded,0.0,0.2,0.07480189155204614,reward_population_mae,logger12_balanced,3,78,0.07998264676187909,0.06980245747750254,0.0050925162230483646,True
minus,anchor_id,0.11228950023783217,0.08060235604074845,confounded,0.0,0.2,0.0967069556866171,reward_population_rmse,logger12_balanced,3,78,0.10166054396711459,0.09396245499146139,0.004298278078376477,True
minus,anchor_id,-0.04006076711341791,-0.07231525010520601,confounded,0.0,0.2,-0.0563667263902874,signed_balanced_neural_bias,logger12_balanced,3,78,-0.0527538482593739,-0.06252835186496232,0.0053625847266652515,True
minus,anchor_id,-0.12000000000000004,-0.12000000000000018,confounded,0.0,0.2,-0.1200000000000001,signed_balanced_population_bias,logger12_balanced,3,78,-0.1200000000000001,-0.1200000000000001,0.0,True
plus,anchor_id,0.07816156757641825,0.05797656395283185,confounded,0.0,0.2,0.06786963076527953,paired_increment_absolute_error,logger12_balanced,3,78,0.06942242368326293,0.06647890416587808,0.0014784369807402695,True
plus,anchor_id,0.08075980828787825,0.05301630521779246,confounded,0.0,0.2,0.06696686126383118,paired_prediction_increment,logger12_balanced,3,78,0.07070924918649843,0.06156297552963187,0.004794164336447717,True
plus,anchor_id,0.08266522875251929,0.06052391159813014,confounded,0.0,0.2,0.07127294372161073,reward_population_mae,logger12_balanced,3,78,0.07354304506447165,0.06849989309984669,0.002558918505430959,True
plus,anchor_id,0.09886808002403615,0.07433450134893509,confounded,0.0,0.2,0.08646709552422364,reward_population_rmse,logger12_balanced,3,78,0.08814623331023692,0.08436049248749583,0.001928731007597596,True
plus,anchor_id,0.07969541889591886,0.050801377558533665,confounded,0.0,0.2,0.06491537237547601,signed_balanced_neural_bias,logger12_balanced,3,78,0.06921858962961373,0.05842586667996604,0.005718881886227536,True
plus,anchor_id,0.12000000000000068,0.12000000000000054,confounded,0.0,0.2,0.12000000000000062,signed_balanced_population_bias,logger12_balanced,3,78,0.12000000000000063,0.12000000000000063,1.6996749443881478e-17,True
base,anchor_id,0.07040138736341667,0.047729953078210756,confounded,0.0,0.2,0.058985376634971644,base_prediction_absolute_increment,logger1_heavy,3,78,0.062120642280284195,0.0532167285940788,0.005002094247798924,True
base,anchor_id,0.0708045175622034,0.04816232973321568,confounded,0.0,0.2,0.058985376634971644,paired_increment_absolute_error,logger1_heavy,3,78,0.062120642280284195,0.0532167285940788,0.005002094247798924,True
base,anchor_id,0.02471422413682349,-0.009347621498859503,confounded,0.0,0.2,0.007377479378492907,paired_prediction_increment,logger1_heavy,3,78,0.01067735745512541,0.0049568756111506,0.002959868344208011,True
base,anchor_id,0.07303799308611736,0.05022797557058028,confounded,0.0,0.2,0.06131752427773857,reward_population_mae,logger1_heavy,3,78,0.06468323069151946,0.05719325415379975,0.003802170605151007,True
base,anchor_id,0.09398943852722834,0.06600070942051359,confounded,0.0,0.2,0.08008497159320237,reward_population_rmse,logger1_heavy,3,78,0.08181201225899712,0.0791067114637635,0.001500055771260515,True
minus,anchor_id,0.10940395123800656,0.07786527964372215,confounded,0.0,0.2,0.09352533440400401,paired_increment_absolute_error,logger1_heavy,3,78,0.10100622477133873,0.08647109338768413,0.007276952201063731,True
minus,anchor_id,-0.050363196665405265,-0.08767978876528515,confounded,0.0,0.2,-0.06914605595028095,paired_prediction_increment,logger1_heavy,3,78,-0.06313932045595542,-0.07250002492506581,0.005213786982117963,True
minus,anchor_id,0.10922558362629624,0.07466087187013332,confounded,0.0,0.2,0.0909747454861531,reward_population_mae,logger1_heavy,3,78,0.09832591700006121,0.08701108202705125,0.006372815761705766,True
minus,anchor_id,0.13815597501263108,0.09894755445970814,confounded,0.0,0.2,0.11825108744488048,reward_population_rmse,logger1_heavy,3,78,0.12521953834346516,0.11184134075971597,0.006706575537935012,True
plus,anchor_id,0.09814518105591612,0.07279105983334642,confounded,0.0,0.2,0.08513380396147803,paired_increment_absolute_error,logger1_heavy,3,78,0.08822465282129187,0.08083517467828008,0.003839941011245448,True
plus,anchor_id,0.10081512137584399,0.06644817767213289,confounded,0.0,0.2,0.0837966539885795,paired_prediction_increment,logger1_heavy,3,78,0.08999521836263352,0.07698989781640063,0.006523956895554002,True
plus,anchor_id,0.1008724188021658,0.07447179850578567,confounded,0.0,0.2,0.08742216078344404,reward_population_mae,logger1_heavy,3,78,0.09126299819301345,0.08223662390412445,0.004661010694982247,True
plus,anchor_id,0.11851757509887328,0.09086296806743065,confounded,0.0,0.2,0.10484876206781428,reward_population_rmse,logger1_heavy,3,78,0.10748951028440276,0.09971236336072402,0.004448843343631893,True
base,anchor_id,0.03443131592728086,0.024403826668875722,confounded,0.0,0.2,0.02917497877196169,paired_heavy_increment_absolute_error,logger1_minus_logger2,3,78,0.036894089768687646,0.023198667542287502,0.007012072501113387,True
base,anchor_id,0.007991494024476426,-0.008028078906945959,confounded,0.0,0.2,-0.00014129014394347853,paired_heavy_prediction_increment,logger1_minus_logger2,3,78,0.00641606906934803,-0.008420624509117501,0.007566754119376133,True
base,anchor_id,0.007971676142864632,-0.007794874992508704,confounded,0.0,0.2,-0.00014129014394347853,signed_heavy_neural_drift,logger1_minus_logger2,3,78,0.00641606906934803,-0.008420624509117501,0.007566754119376133,True
base,anchor_id,0.0,0.0,confounded,0.0,0.2,0.0,signed_heavy_population_drift,logger1_minus_logger2,3,78,0.0,0.0,0.0,True
minus,anchor_id,0.04698400964375684,0.03324498440190649,confounded,0.0,0.2,0.04003347377448708,paired_heavy_increment_absolute_error,logger1_minus_logger2,3,78,0.04539190359035013,0.034063208683218084,0.005689076276329329,True
minus,anchor_id,-0.020896757360011616,-0.038632543147354974,confounded,0.0,0.2,-0.029931400763406085,paired_heavy_prediction_increment,logger1_minus_logger2,3,78,-0.02824701298417375,-0.03318134998491161,0.0028151656046069592,True
minus,anchor_id,-0.020815943152469027,-0.0387304777488087,confounded,0.0,0.2,-0.029931400763406085,signed_heavy_neural_drift,logger1_minus_logger2,3,78,-0.02824701298417375,-0.03318134998491161,0.0028151656046069592,True
minus,anchor_id,-0.062222222222222144,-0.06222222222222227,confounded,0.0,0.2,-0.0622222222222222,signed_heavy_population_drift,logger1_minus_logger2,3,78,-0.0622222222222222,-0.0622222222222222,0.0,True
plus,anchor_id,0.046991493262264615,0.0347200320483334,confounded,0.0,0.2,0.04091028268167189,paired_heavy_increment_absolute_error,logger1_minus_logger2,3,78,0.05596246240983774,0.031629782536715535,0.013153100066539048,True
plus,anchor_id,0.036818834290516,0.020789426892697156,confounded,0.0,0.2,0.028894377567459644,paired_heavy_prediction_increment,logger1_minus_logger2,3,78,0.039194682690232026,0.01179336387824474,0.014912923788221597,True
plus,anchor_id,0.036885526996315865,0.020787284287044936,confounded,0.0,0.2,0.028894377567459644,signed_heavy_neural_drift,logger1_minus_logger2,3,78,0.039194682690232026,0.01179336387824474,0.014912923788221597,True
plus,anchor_id,0.062222222222222436,0.06222222222222226,confounded,0.0,0.2,0.06222222222222235,signed_heavy_population_drift,logger1_minus_logger2,3,78,0.06222222222222235,0.06222222222222235,0.0,True
base,anchor_id,0.042812774511938136,0.029066182153939524,confounded,0.0,0.2,0.0356869463796314,base_prediction_absolute_increment,logger2_heavy,3,78,0.037472237134884775,0.03280179348113442,0.00252200981983012,True
base,anchor_id,0.042639964856973966,0.029074827625024096,confounded,0.0,0.2,0.0356869463796314,paired_increment_absolute_error,logger2_heavy,3,78,0.037472237134884775,0.03280179348113442,0.00252200981983012,True
base,anchor_id,0.017651256518944322,-0.0025248507252266235,confounded,0.0,0.2,0.0075187695224363865,paired_prediction_increment,logger2_heavy,3,78,0.014918829578320213,0.0033761906032115643,0.006423901940735961,True
base,anchor_id,0.049051168949564294,0.03314557372364579,confounded,0.0,0.2,0.04080887378580731,reward_population_mae,logger2_heavy,3,78,0.042338698554270054,0.039801102820118436,0.0013469421506653965,True
base,anchor_id,0.06480950005164204,0.04452131568682876,confounded,0.0,0.2,0.054681976437849854,reward_population_rmse,logger2_heavy,3,78,0.056479196513934724,0.05330405002190229,0.0016285712116883239,True
minus,anchor_id,0.06551331293802876,0.0467117902451283,confounded,0.0,0.2,0.05591433146746238,paired_increment_absolute_error,logger2_heavy,3,78,0.05999586258604618,0.053727434473254565,0.003537729017356553,True
minus,anchor_id,-0.02820569417573059,-0.0499614175642499,confounded,0.0,0.2,-0.039214655186874864,paired_prediction_increment,logger2_heavy,3,78,-0.03477348113482254,-0.04355180948564789,0.004390088523085867,True
minus,anchor_id,0.06839728188691745,0.047257869862682884,confounded,0.0,0.2,0.0576145225742191,reward_population_mae,logger2_heavy,3,78,0.060933637711919245,0.053293985329587276,0.003917040567559424,True
minus,anchor_id,0.08687435871516541,0.061391279172471495,confounded,0.0,0.2,0.07480554982319812,reward_population_rmse,logger2_heavy,3,78,0.07628318478524325,0.07281966170319062,0.0017868237152589713,True
plus,anchor_id,0.05420823883443978,0.038870119469379405,confounded,0.0,0.2,0.046335182385045616,paired_increment_absolute_error,logger2_heavy,3,78,0.05215252044351709,0.03656296016944812,0.008514072404373962,True
plus,anchor_id,0.06497431988280497,0.044394824987115035,confounded,0.0,0.2,0.054902276421119854,paired_prediction_increment,logger2_heavy,3,78,0.06519653393815589,0.04870975965280218,0.008976170645733214,True
plus,anchor_id,0.061306197619531155,0.043766182548690226,confounded,0.0,0.2,0.05213298339851127,reward_population_mae,logger2_heavy,3,78,0.05849819224237534,0.04307075543934434,0.008059583466849303,True
plus,anchor_id,0.07632117589327563,0.05440500281306849,confounded,0.0,0.2,0.0655201622658974,reward_population_rmse,logger2_heavy,3,78,0.07068480293826303,0.05737476531629423,0.007138133955227683,True
base,anchor_id,0.0,0.0,independent_latents,0.0,0.2,0.0,base_leakage_over_balanced_direct_signal,all_primary,3,78,0.0,0.0,0.0,True
base,anchor_id,0.0,0.0,independent_latents,0.0,0.2,0.0,base_prediction_range_across_mixtures,all_primary,3,78,0.0,0.0,0.0,True
all,anchor_id,0.0026432656711482282,0.0012682555969289726,independent_latents,0.0,0.2,0.001929088886059896,neural_decision_regret,logger12_balanced,3,78,0.002072192888340616,0.0016667066270727776,0.00022754176300501518,True
all,anchor_id,0.525747863247863,0.30758547008547005,independent_latents,0.0,0.2,0.41452991452991456,neural_do_ranking_disagreement,logger12_balanced,3,78,0.46153846153846156,0.3333333333333333,0.0706098788113603,True
base,anchor_id,0.0,0.0,independent_latents,0.0,0.2,0.0,base_prediction_absolute_increment,logger12_balanced,3,78,0.0,0.0,0.0,True
base,anchor_id,0.0,0.0,independent_latents,0.0,0.2,0.0,paired_increment_absolute_error,logger12_balanced,3,78,0.0,0.0,0.0,True
base,anchor_id,0.0,0.0,independent_latents,0.0,0.2,0.0,paired_prediction_increment,logger12_balanced,3,78,0.0,0.0,0.0,True
base,anchor_id,0.031201897377278586,0.017697482573847283,independent_latents,0.0,0.2,0.02396851385174519,reward_population_mae,logger12_balanced,3,78,0.02725270910171651,0.018635047566479192,0.004660006053220371,True
base,anchor_id,0.050446146547176766,0.02700211034635357,independent_latents,0.0,0.2,0.03897645853951758,reward_population_rmse,logger12_balanced,3,78,0.04775122971447319,0.026133884955587015,0.011368274316490727,True
base,anchor_id,0.006661570468266909,-0.010533650086243322,independent_latents,0.0,0.2,-0.0016386824747942723,signed_balanced_neural_bias,logger12_balanced,3,78,-0.0008052667439280726,-0.003067968799365115,0.0012434836031292075,True
base,anchor_id,0.0,0.0,independent_latents,0.0,0.2,0.0,signed_balanced_population_bias,logger12_balanced,3,78,0.0,0.0,0.0,True
minus,anchor_id,0.0,0.0,independent_latents,0.0,0.2,0.0,paired_increment_absolute_error,logger12_balanced,3,78,0.0,0.0,0.0,True
minus,anchor_id,0.0,0.0,independent_latents,0.0,0.2,0.0,paired_prediction_increment,logger12_balanced,3,78,0.0,0.0,0.0,True
minus,anchor_id,0.0325701258905201,0.01839060258630874,independent_latents,0.0,0.2,0.025302649660671084,reward_population_mae,logger12_balanced,3,78,0.028473932549760175,0.020107321470433873,0.004535704440767857,True
minus,anchor_id,0.05367014294607173,0.027603901283050746,independent_latents,0.0,0.2,0.04116132746317152,reward_population_rmse,logger12_balanced,3,78,0.04902272911144933,0.027615753118164017,0.011781214696666844,True
minus,anchor_id,0.00605169446731884,-0.011357561316191587,independent_latents,0.0,0.2,-0.002551168089008712,signed_balanced_neural_bias,logger12_balanced,3,78,-0.0022382220044507325,-0.00306777963214073,0.00045072295113161723,True
minus,anchor_id,2.642828975606102e-16,1.6699604662070063e-16,independent_latents,0.0,0.2,2.1635115351669717e-16,signed_balanced_population_bias,logger12_balanced,3,78,2.1635115351669717e-16,2.1635115351669717e-16,0.0,True
plus,anchor_id,0.0,0.0,independent_latents,0.0,0.2,0.0,paired_increment_absolute_error,logger12_balanced,3,78,0.0,0.0,0.0,True
plus,anchor_id,0.0,0.0,independent_latents,0.0,0.2,0.0,paired_prediction_increment,logger12_balanced,3,78,0.0,0.0,0.0,True
plus,anchor_id,0.031123734340437942,0.017848816173719525,independent_latents,0.0,0.2,0.023987527850737267,reward_population_mae,logger12_balanced,3,78,0.027072883844374635,0.019420304331075878,0.004035770288972526,True
plus,anchor_id,0.04827449110773805,0.02630687390611003,independent_latents,0.0,0.2,0.03756205277187899,reward_population_rmse,logger12_balanced,3,78,0.046449636302160736,0.026377410726526503,0.010231369324583612,True
plus,anchor_id,0.008342834911934974,-0.008185918570649993,independent_latents,0.0,0.2,-0.00014780414703503296,signed_balanced_neural_bias,logger12_balanced,3,78,0.0010484318077254241,-0.0021772276857950413,0.0017668817036329662,True
plus,anchor_id,3.2075481871702434e-16,2.1539038359154079e-16,independent_latents,0.0,0.2,2.6616885333962085e-16,signed_balanced_population_bias,logger12_balanced,3,78,2.6616885333962085e-16,2.6616885333962085e-16,0.0,True
base,anchor_id,0.0,0.0,independent_latents,0.0,0.2,0.0,base_prediction_absolute_increment,logger1_heavy,3,78,0.0,0.0,0.0,True
base,anchor_id,0.0,0.0,independent_latents,0.0,0.2,0.0,paired_increment_absolute_error,logger1_heavy,3,78,0.0,0.0,0.0,True
base,anchor_id,0.0,0.0,independent_latents,0.0,0.2,0.0,paired_prediction_increment,logger1_heavy,3,78,0.0,0.0,0.0,True
base,anchor_id,0.03113888793866129,0.017634677790246057,independent_latents,0.0,0.2,0.02396851385174519,reward_population_mae,logger1_heavy,3,78,0.02725270910171651,0.018635047566479192,0.004660006053220371,True
base,anchor_id,0.050590732189148786,0.02642108988916894,independent_latents,0.0,0.2,0.03897645853951758,reward_population_rmse,logger1_heavy,3,78,0.04775122971447319,0.026133884955587015,0.011368274316490727,True
minus,anchor_id,0.0,0.0,independent_latents,0.0,0.2,0.0,paired_increment_absolute_error,logger1_heavy,3,78,0.0,0.0,0.0,True
minus,anchor_id,0.0,0.0,independent_latents,0.0,0.2,0.0,paired_prediction_increment,logger1_heavy,3,78,0.0,0.0,0.0,True
minus,anchor_id,0.03305976385939325,0.018621580405911373,independent_latents,0.0,0.2,0.025302649660671087,reward_population_mae,logger1_heavy,3,78,0.02847393254976021,0.02010732147043384,0.004535704440767891,True
minus,anchor_id,0.05372047996728305,0.02778042335147739,independent_latents,0.0,0.2,0.04116132746317152,reward_population_rmse,logger1_heavy,3,78,0.04902272911144933,0.027615753118164027,0.011781214696666839,True
plus,anchor_id,0.0,0.0,independent_latents,0.0,0.2,0.0,paired_increment_absolute_error,logger1_heavy,3,78,0.0,0.0,0.0,True
plus,anchor_id,0.0,0.0,independent_latents,0.0,0.2,0.0,paired_prediction_increment,logger1_heavy,3,78,0.0,0.0,0.0,True
plus,anchor_id,0.030945113969054642,0.01801691052139703,independent_latents,0.0,0.2,0.023987527850737256,reward_population_mae,logger1_heavy,3,78,0.027072883844374635,0.01942030433107585,0.004035770288972541,True
plus,anchor_id,0.048532708467007295,0.026258710088064102,independent_latents,0.0,0.2,0.037562052771878955,reward_population_rmse,logger1_heavy,3,78,0.04644963630216069,0.02637741072652648,0.010231369324583598,True
base,anchor_id,0.0,0.0,independent_latents,0.0,0.2,0.0,paired_heavy_increment_absolute_error,logger1_minus_logger2,3,78,0.0,0.0,0.0,True
base,anchor_id,0.0,0.0,independent_latents,0.0,0.2,0.0,paired_heavy_prediction_increment,logger1_minus_logger2,3,78,0.0,0.0,0.0,True
base,anchor_id,0.0,0.0,independent_latents,0.0,0.2,0.0,signed_heavy_neural_drift,logger1_minus_logger2,3,78,0.0,0.0,0.0,True
base,anchor_id,0.0,0.0,independent_latents,0.0,0.2,0.0,signed_heavy_population_drift,logger1_minus_logger2,3,78,0.0,0.0,0.0,True
minus,anchor_id,0.0,0.0,independent_latents,0.0,0.2,0.0,paired_heavy_increment_absolute_error,logger1_minus_logger2,3,78,0.0,0.0,0.0,True
minus,anchor_id,0.0,0.0,independent_latents,0.0,0.2,0.0,paired_heavy_prediction_increment,logger1_minus_logger2,3,78,0.0,0.0,0.0,True
minus,anchor_id,0.0,0.0,independent_latents,0.0,0.2,0.0,signed_heavy_neural_drift,logger1_minus_logger2,3,78,0.0,0.0,0.0,True
minus,anchor_id,1.157787066598948e-16,-2.3959941343406144e-18,independent_latents,0.0,0.2,5.551115123125783e-17,signed_heavy_population_drift,logger1_minus_logger2,3,78,5.551115123125783e-17,5.551115123125783e-17,0.0,True
plus,anchor_id,0.0,0.0,independent_latents,0.0,0.2,0.0,paired_heavy_increment_absolute_error,logger1_minus_logger2,3,78,0.0,0.0,0.0,True
plus,anchor_id,0.0,0.0,independent_latents,0.0,0.2,0.0,paired_heavy_prediction_increment,logger1_minus_logger2,3,78,0.0,0.0,0.0,True
plus,anchor_id,0.0,0.0,independent_latents,0.0,0.2,0.0,signed_heavy_neural_drift,logger1_minus_logger2,3,78,0.0,0.0,0.0,True
plus,anchor_id,1.2242106663628463e-16,1.2323950027623266e-17,independent_latents,0.0,0.2,6.68980540479261e-17,signed_heavy_population_drift,logger1_minus_logger2,3,78,6.68980540479261e-17,6.68980540479261e-17,0.0,True
base,anchor_id,0.0,0.0,independent_latents,0.0,0.2,0.0,base_prediction_absolute_increment,logger2_heavy,3,78,0.0,0.0,0.0,True
base,anchor_id,0.0,0.0,independent_latents,0.0,0.2,0.0,paired_increment_absolute_error,logger2_heavy,3,78,0.0,0.0,0.0,True
base,anchor_id,0.0,0.0,independent_latents,0.0,0.2,0.0,paired_prediction_increment,logger2_heavy,3,78,0.0,0.0,0.0,True
base,anchor_id,0.031579395599266626,0.017770503618046187,independent_latents,0.0,0.2,0.02396851385174519,reward_population_mae,logger2_heavy,3,78,0.02725270910171651,0.018635047566479192,0.004660006053220371,True
base,anchor_id,0.05060108786770449,0.027032595922861415,independent_latents,0.0,0.2,0.03897645853951758,reward_population_rmse,logger2_heavy,3,78,0.04775122971447319,0.026133884955587015,0.011368274316490727,True
minus,anchor_id,0.0,0.0,independent_latents,0.0,0.2,0.0,paired_increment_absolute_error,logger2_heavy,3,78,0.0,0.0,0.0,True
minus,anchor_id,0.0,0.0,independent_latents,0.0,0.2,0.0,paired_prediction_increment,logger2_heavy,3,78,0.0,0.0,0.0,True
minus,anchor_id,0.033124633818671416,0.018956540791389944,independent_latents,0.0,0.2,0.025302649660671087,reward_population_mae,logger2_heavy,3,78,0.028473932549760165,0.02010732147043388,0.004535704440767851,True
minus,anchor_id,0.05413841597103162,0.028274424213917983,independent_latents,0.0,0.2,0.041161327463171506,reward_population_rmse,logger2_heavy,3,78,0.0490227291114493,0.027615753118164034,0.011781214696666821,True
plus,anchor_id,0.0,0.0,independent_latents,0.0,0.2,0.0,paired_increment_absolute_error,logger2_heavy,3,78,0.0,0.0,0.0,True
plus,anchor_id,0.0,0.0,independent_latents,0.0,0.2,0.0,paired_prediction_increment,logger2_heavy,3,78,0.0,0.0,0.0,True
plus,anchor_id,0.030473238050083794,0.017879410990116366,independent_latents,0.0,0.2,0.023987527850737277,reward_population_mae,logger2_heavy,3,78,0.027072883844374642,0.01942030433107587,0.004035770288972538,True
plus,anchor_id,0.04856449581509184,0.026460953708503116,independent_latents,0.0,0.2,0.03756205277187897,reward_population_rmse,logger2_heavy,3,78,0.04644963630216071,0.026377410726526503,0.010231369324583597,True
base,anchor_id,0.07860870378099159,0.058449999646048544,confounded,0.0,all,0.0677346189761119,base_prediction_range_across_mixture_and_lambda,all_primary,3,78,0.07363071500863329,0.06181916536590369,0.0059057986147113785,True
base,anchor_id,0.0,0.0,independent_latents,0.0,all,0.0,base_prediction_range_across_mixture_and_lambda,all_primary,3,78,0.0,0.0,0.0,True
base,anchor_id,0.010312313981013703,0.007949934491315066,confounded,0.3,0.0,0.009097835576935005,base_prediction_range_across_mixtures,all_primary,3,78,0.012095859100164922,0.006787856096257758,0.002720069378846987,True
all,anchor_id,0.0019813797683072023,0.0009702714125993367,confounded,0.3,0.0,0.0014429804872990394,neural_decision_regret,logger12_balanced,3,78,0.0020085176823516414,0.0008727992333964798,0.0005678734667918822,True
all,anchor_id,0.47873931623931615,0.2691239316239316,confounded,0.3,0.0,0.3717948717948718,neural_do_ranking_disagreement,logger12_balanced,3,78,0.48717948717948717,0.2692307692307692,0.10953850955535296,True
base,anchor_id,0.031073012719981464,0.018085260127809432,confounded,0.3,0.0,0.024158177863956243,reward_population_mae,logger12_balanced,3,78,0.02844331685455648,0.019039785778247505,0.004756819548412373,True
base,anchor_id,0.04948894176446055,0.026766314884390092,confounded,0.3,0.0,0.038150754536501325,reward_population_rmse,logger12_balanced,3,78,0.045081615564625414,0.02991544895842732,0.007666768163291497,True
base,anchor_id,0.005391528099741736,-0.012030284306471323,confounded,0.3,0.0,-0.0030431247859655855,signed_balanced_neural_bias,logger12_balanced,3,78,-0.001202915581604882,-0.005260588335273044,0.0020549738865861884,True
base,anchor_id,0.0,0.0,confounded,0.3,0.0,0.0,signed_balanced_population_bias,logger12_balanced,3,78,0.0,0.0,0.0,True
minus,anchor_id,0.03141406233064971,0.01808130553958735,confounded,0.3,0.0,0.024368504569242038,reward_population_mae,logger12_balanced,3,78,0.028484560344043716,0.018916153769821798,0.004922180856796968,True
minus,anchor_id,0.051504480524194374,0.026481725959620162,confounded,0.3,0.0,0.038891797335783275,reward_population_rmse,logger12_balanced,3,78,0.04640998234100154,0.030038787208242063,0.00826682079756845,True
minus,anchor_id,0.005952815924799752,-0.011458614482881392,confounded,0.3,0.0,-0.002372990068012849,signed_balanced_neural_bias,logger12_balanced,3,78,-0.002049394911443968,-0.0028169647345948966,0.0003976924416886051,True
minus,anchor_id,0.002477316113445346,0.0016220734991932975,confounded,0.3,0.0,0.0020567303085455247,signed_balanced_population_bias,logger12_balanced,3,78,0.0020567303085455247,0.0020567303085455247,0.0,True
plus,anchor_id,0.03146963207101379,0.018355253056741516,confounded,0.3,0.0,0.02419660412498256,reward_population_mae,logger12_balanced,3,78,0.02850586818250381,0.019451788119742058,0.004542727217222766,True
plus,anchor_id,0.04786755709357241,0.02716645320015758,confounded,0.3,0.0,0.0375892373979859,reward_population_rmse,logger12_balanced,3,78,0.04448590986414992,0.029362408995090756,0.007648990505035557,True
plus,anchor_id,0.005003062349493487,-0.011402177021612845,confounded,0.3,0.0,-0.0032337055989535776,signed_balanced_neural_bias,logger12_balanced,3,78,-0.00016942075543509045,-0.006054439432180455,0.0029500591565883873,True
plus,anchor_id,-0.00224933154297713,-0.0031324947410122732,confounded,0.3,0.0,-0.002695730330117064,signed_balanced_population_bias,logger12_balanced,3,78,-0.0026957303301170634,-0.0026957303301170634,5.311484201212962e-19,True
base,anchor_id,0.030971492165664975,0.01825390194656125,confounded,0.3,0.0,0.024024485563669307,reward_population_mae,logger1_heavy,3,78,0.027588162156517566,0.02098163937812003,0.003333914222088923,True
base,anchor_id,0.04849665756126515,0.025845019767235865,confounded,0.3,0.0,0.037453566040940835,reward_population_rmse,logger1_heavy,3,78,0.04366917339072772,0.03129443125854836,0.006187564348969215,True
minus,anchor_id,0.03130983682933566,0.018216545581549833,confounded,0.3,0.0,0.024037995841394762,reward_population_mae,logger1_heavy,3,78,0.0281107697948855,0.020562906861743026,0.0038092622921428263,True
minus,anchor_id,0.050530575400955374,0.02606891577442153,confounded,0.3,0.0,0.03829045350842784,reward_population_rmse,logger1_heavy,3,78,0.04501584000551496,0.03144115734249973,0.006788189563861323,True
plus,anchor_id,0.03050506316653735,0.018178816198122043,confounded,0.3,0.0,0.023970179063334495,reward_population_mae,logger1_heavy,3,78,0.027433010233261897,0.021345080135770043,0.0031292282915133625,True
plus,anchor_id,0.04685573728580502,0.026423423323174575,confounded,0.3,0.0,0.0365426958831183,reward_population_rmse,logger1_heavy,3,78,0.0429746882598284,0.030548832446404172,0.006224503265325568,True
base,anchor_id,0.0004148692505961278,-0.002592888509529366,confounded,0.3,0.0,-0.0011546992053404154,signed_heavy_neural_drift,logger1_minus_logger2,3,78,0.0018763656037797665,-0.00380920213893672,0.002861427838305224,True
base,anchor_id,0.0,0.0,confounded,0.3,0.0,0.0,signed_heavy_population_drift,logger1_minus_logger2,3,78,0.0,0.0,0.0,True
minus,anchor_id,0.001633883110110407,-0.0015025793906765126,confounded,0.3,0.0,5.3603164030560126e-05,signed_heavy_neural_drift,logger1_minus_logger2,3,78,0.0027398964998094754,-0.0014971782877495742,0.0023356457603560064,True
minus,anchor_id,0.0012826131555490217,0.0008527047458508014,confounded,0.3,0.0,0.0010664527525793262,signed_heavy_population_drift,logger1_minus_logger2,3,78,0.0010664527525793262,0.0010664527525793262,0.0,True
plus,anchor_id,-0.0006559803487469475,-0.0038212663888865764,confounded,0.3,0.0,-0.0022931128558606358,signed_heavy_neural_drift,logger1_minus_logger2,3,78,0.0010979594894471084,-0.0057719364971613625,0.0034357885461952006,True
plus,anchor_id,-0.0011719543880225694,-0.0016205504342516348,confounded,0.3,0.0,-0.0013977860970978545,signed_heavy_population_drift,logger1_minus_logger2,3,78,-0.0013977860970978545,-0.0013977860970978545,0.0,True
base,anchor_id,0.030465175213352385,0.017724194929781903,confounded,0.3,0.0,0.02342014129094715,reward_population_mae,logger2_heavy,3,78,0.0272951141563141,0.019792842132908824,0.0037572633760848866,True
base,anchor_id,0.048024017593619024,0.02564030841165393,confounded,0.3,0.0,0.037155623136575035,reward_population_rmse,logger2_heavy,3,78,0.04365972341969901,0.03026503722125443,0.006705701525315696,True
minus,anchor_id,0.030664316757651935,0.01751849857314089,confounded,0.3,0.0,0.023548789311047185,reward_population_mae,logger2_heavy,3,78,0.028161046679367436,0.019568184392390726,0.0043311152355497715,True
minus,anchor_id,0.04963077436208796,0.0258587908670358,confounded,0.3,0.0,0.03800225985174045,reward_population_rmse,logger2_heavy,3,78,0.045290790594522616,0.030631776538159922,0.007329850642684004,True
plus,anchor_id,0.030298732034675164,0.017924615576664603,confounded,0.3,0.0,0.02375468876732978,reward_population_mae,logger2_heavy,3,78,0.027365864439769957,0.02049298841561718,0.0034497399845048837,True
plus,anchor_id,0.04697219415161039,0.026317895405638624,confounded,0.3,0.0,0.036722671704989475,reward_population_rmse,logger2_heavy,3,78,0.04291089368829527,0.02996446872355611,0.006492005745189633,True
base,anchor_id,0.0,0.0,independent_latents,0.3,0.0,0.0,base_prediction_range_across_mixtures,all_primary,3,78,0.0,0.0,0.0,True
all,anchor_id,0.002485762499140607,0.0013597324048372599,independent_latents,0.3,0.0,0.0019048311738205433,neural_decision_regret,logger12_balanced,3,78,0.0021253883642395974,0.0017444976303937943,0.0001974578525285559,True
all,anchor_id,0.594017094017094,0.3803418803418803,independent_latents,0.3,0.0,0.4829059829059829,neural_do_ranking_disagreement,logger12_balanced,3,78,0.5128205128205128,0.44871794871794873,0.03226424972337924,True
base,anchor_id,0.03346838350036747,0.01767414316351482,independent_latents,0.3,0.0,0.02494207232209908,reward_population_mae,logger12_balanced,3,78,0.028307800364539677,0.023044676209888718,0.0029226901922403343,True
base,anchor_id,0.059137958934750434,0.02776162154428786,independent_latents,0.3,0.0,0.044512880760332864,reward_population_rmse,logger12_balanced,3,78,0.05767182456604673,0.03484516822280752,0.011807014092439653,True
base,anchor_id,0.005447668405332766,-0.014652595991412061,independent_latents,0.3,0.0,-0.004374441404749026,signed_balanced_neural_bias,logger12_balanced,3,78,-0.00023259102047004155,-0.009593355155233248,0.004772423432364663,True
base,anchor_id,0.0,0.0,independent_latents,0.3,0.0,0.0,signed_balanced_population_bias,logger12_balanced,3,78,0.0,0.0,0.0,True
minus,anchor_id,0.03454728094508786,0.01800369261529346,independent_latents,0.3,0.0,0.025468295557669208,reward_population_mae,logger12_balanced,3,78,0.029391267032359104,0.023486431185670745,0.003397454073592943,True
minus,anchor_id,0.061041387936886404,0.027460075442248127,independent_latents,0.3,0.0,0.045269845953851855,reward_population_rmse,logger12_balanced,3,78,0.05858589979014852,0.036618740995308534,0.011703005058679081,True
minus,anchor_id,0.005166583449175594,-0.014777685642886874,independent_latents,0.3,0.0,-0.0051695652337833894,signed_balanced_neural_bias,logger12_balanced,3,78,-0.0022007800644993124,-0.010722390664794058,0.00481273413575194,True
minus,anchor_id,2.870567031939467e-16,1.712779965340519e-16,independent_latents,0.3,0.0,2.29161419185449e-16,signed_balanced_population_bias,logger12_balanced,3,78,2.29161419185449e-16,2.29161419185449e-16,0.0,True
plus,anchor_id,0.03294994413670789,0.017510978237462102,independent_latents,0.3,0.0,0.02457745073284646,reward_population_mae,logger12_balanced,3,78,0.027547078808331717,0.022273974452884964,0.0026989305376143953,True
plus,anchor_id,0.05742584630114744,0.027619169617703613,independent_latents,0.3,0.0,0.04291918638897208,reward_population_rmse,logger12_balanced,3,78,0.05486748095312988,0.03314783778481655,0.011022252270942294,True
plus,anchor_id,0.005515823362117596,-0.012966281247624946,independent_latents,0.3,0.0,-0.00327068709017362,signed_balanced_neural_bias,logger12_balanced,3,78,0.0009463372177777311,-0.0073501648925093106,0.0041499609754074365,True
plus,anchor_id,3.150495059515895e-16,1.9927079929169477e-16,independent_latents,0.3,0.0,2.562053133750361e-16,signed_balanced_population_bias,logger12_balanced,3,78,2.562053133750361e-16,2.562053133750361e-16,0.0,True
base,anchor_id,0.033766800006269755,0.017735112077309035,independent_latents,0.3,0.0,0.02494207232209908,reward_population_mae,logger1_heavy,3,78,0.028307800364539677,0.023044676209888718,0.0029226901922403343,True
base,anchor_id,0.059827438786827704,0.027854301865177025,independent_latents,0.3,0.0,0.044512880760332864,reward_population_rmse,logger1_heavy,3,78,0.05767182456604673,0.03484516822280752,0.011807014092439653,True
minus,anchor_id,0.034495099911116704,0.017789390576754268,independent_latents,0.3,0.0,0.025468295557669187,reward_population_mae,logger1_heavy,3,78,0.029391267032359086,0.023486431185670724,0.003397454073592951,True
minus,anchor_id,0.06121257637624578,0.027658055192366526,independent_latents,0.3,0.0,0.04526984595385184,reward_population_rmse,logger1_heavy,3,78,0.05858589979014854,0.036618740995308534,0.011703005058679104,True
plus,anchor_id,0.03304345332742555,0.01746058529617456,independent_latents,0.3,0.0,0.02457745073284646,reward_population_mae,logger1_heavy,3,78,0.02754707880833167,0.022273974452885,0.0026989305376143528,True
plus,anchor_id,0.057333179793212195,0.026828023255390323,independent_latents,0.3,0.0,0.04291918638897207,reward_population_rmse,logger1_heavy,3,78,0.05486748095312983,0.03314783778481659,0.011022252270942254,True
base,anchor_id,0.0,0.0,independent_latents,0.3,0.0,0.0,signed_heavy_neural_drift,logger1_minus_logger2,3,78,0.0,0.0,0.0,True
base,anchor_id,0.0,0.0,independent_latents,0.3,0.0,0.0,signed_heavy_population_drift,logger1_minus_logger2,3,78,0.0,0.0,0.0,True
minus,anchor_id,0.0,0.0,independent_latents,0.3,0.0,0.0,signed_heavy_neural_drift,logger1_minus_logger2,3,78,0.0,0.0,0.0,True
minus,anchor_id,1.4330891649061044e-16,1.6107722942745328e-17,independent_latents,0.3,0.0,7.97083197166779e-17,signed_heavy_population_drift,logger1_minus_logger2,3,78,7.97083197166779e-17,7.97083197166779e-17,0.0,True
plus,anchor_id,0.0,0.0,independent_latents,0.3,0.0,0.0,signed_heavy_neural_drift,logger1_minus_logger2,3,78,0.0,0.0,0.0,True
plus,anchor_id,1.3948955950418633e-16,3.8905251290283267e-17,independent_latents,0.3,0.0,8.82484968291791e-17,signed_heavy_population_drift,logger1_minus_logger2,3,78,8.82484968291791e-17,8.82484968291791e-17,0.0,True
base,anchor_id,0.03358154568642365,0.01773751967110394,independent_latents,0.3,0.0,0.02494207232209908,reward_population_mae,logger2_heavy,3,78,0.028307800364539677,0.023044676209888718,0.0029226901922403343,True
base,anchor_id,0.0599351137718088,0.028193832839342445,independent_latents,0.3,0.0,0.044512880760332864,reward_population_rmse,logger2_heavy,3,78,0.05767182456604673,0.03484516822280752,0.011807014092439653,True
minus,anchor_id,0.03407143831407811,0.018190234101668108,independent_latents,0.3,0.0,0.025468295557669194,reward_population_mae,logger2_heavy,3,78,0.02939126703235907,0.023486431185670707,0.0033974540735929285,True
minus,anchor_id,0.06127142046456141,0.028555147369742778,independent_latents,0.3,0.0,0.04526984595385181,reward_population_rmse,logger2_heavy,3,78,0.0585858997901485,0.03661874099530851,0.011703005058679088,True
plus,anchor_id,0.03281871976070493,0.017575402329259582,independent_latents,0.3,0.0,0.02457745073284648,reward_population_mae,logger2_heavy,3,78,0.027547078808331682,0.022273974452885,0.002698930537614354,True
plus,anchor_id,0.05693859635900481,0.02669325588468019,independent_latents,0.3,0.0,0.042919186388972054,reward_population_rmse,logger2_heavy,3,78,0.05486748095312983,0.0331478377848166,0.011022252270942253,True
base,anchor_id,0.48427432214762933,0.3611622492762397,confounded,0.3,0.05,0.41891555164340827,base_leakage_over_balanced_direct_signal,all_primary,3,78,0.4583742442204556,0.35666678200928353,0.054549451661404375,True
base,anchor_id,0.014485220107174122,0.010757822062667307,confounded,0.3,0.05,0.012567466549302249,base_prediction_range_across_mixtures,all_primary,3,78,0.01375122732661367,0.010700003460278506,0.0016364835498421319,True
all,anchor_id,0.0060100015564675015,0.004475759309067951,confounded,0.3,0.05,0.005225247334797199,neural_decision_regret,logger12_balanced,3,78,0.005387430817640848,0.0049943979980788195,0.00020531670397091196,True
all,anchor_id,0.9786324786324787,0.8632478632478633,confounded,0.3,0.05,0.9273504273504273,neural_do_ranking_disagreement,logger12_balanced,3,78,0.9487179487179487,0.8974358974358975,0.026688025634181156,True
base,anchor_id,0.021524988002414477,0.014598177337293239,confounded,0.3,0.05,0.01801135226244287,base_prediction_absolute_increment,logger12_balanced,3,78,0.02135089906424936,0.013888521369939167,0.003792350285533906,True
base,anchor_id,0.021528267851653304,0.014674305219690547,confounded,0.3,0.05,0.01801135226244287,paired_increment_absolute_error,logger12_balanced,3,78,0.02135089906424936,0.013888521369939167,0.003792350285533906,True
base,anchor_id,0.010031132050468704,8.537526699703265e-05,confounded,0.3,0.05,0.00503924058160177,paired_prediction_increment,logger12_balanced,3,78,0.008047146733517042,0.0019364651448538252,0.0030564452400477257,True
base,anchor_id,0.035572995003864426,0.021786296621206014,confounded,0.3,0.05,0.028328817683362973,reward_population_mae,logger12_balanced,3,78,0.02955580779366839,0.02615290570805917,0.0018895171818390285,True
base,anchor_id,0.05271251505301829,0.031564168545970384,confounded,0.3,0.05,0.04196820727698885,reward_population_rmse,logger12_balanced,3,78,0.048744014883266754,0.036871131112788724,0.006111869329246623,True
base,anchor_id,0.01135803995115095,-0.007994418560158112,confounded,0.3,0.05,0.001996115795636184,signed_balanced_neural_bias,logger12_balanced,3,78,0.003931194284829558,-0.0007294052961650049,0.0024287644481515154,True
base,anchor_id,1.3296581309880337e-17,-1.8978171361113784e-17,confounded,0.3,0.05,-2.8467257041670683e-18,signed_balanced_population_bias,logger12_balanced,3,78,-2.846725704167068e-18,-2.846725704167068e-18,4.7175456440955104e-34,True
minus,anchor_id,0.02444748372481347,0.01635006811976728,confounded,0.3,0.05,0.020318356592788214,paired_increment_absolute_error,logger12_balanced,3,78,0.022691749014838704,0.018297389933721597,0.0022182765545035563,True
minus,anchor_id,-0.013088708784678695,-0.024198686091802316,confounded,0.3,0.05,-0.018610297702736034,paired_prediction_increment,logger12_balanced,3,78,-0.01490750184994736,-0.023205669641991333,0.004220475829669925,True
minus,anchor_id,0.0363345490899376,0.022299878123929733,confounded,0.3,0.05,0.029107669920861386,reward_population_mae,logger12_balanced,3,78,0.030898238079332216,0.026821869860798122,0.0020828191089326134,True
minus,anchor_id,0.05415321612738697,0.03249723812536382,confounded,0.3,0.05,0.04351356096660578,reward_population_rmse,logger12_balanced,3,78,0.049964985475505944,0.03907320634042053,0.0057176056821665044,True
minus,anchor_id,-0.011809830601805293,-0.030268134472114763,confounded,0.3,0.05,-0.020983287770748885,signed_balanced_neural_bias,logger12_balanced,3,78,-0.017160112407947042,-0.025255064553435302,0.004066078575836686,True
minus,anchor_id,-0.027523975514907376,-0.028358100771877896,confounded,0.3,0.05,-0.02794326969145437,signed_balanced_population_bias,logger12_balanced,3,78,-0.027943269691454366,-0.027943269691454366,4.2491873609703695e-18,True
plus,anchor_id,0.020903187193153493,0.013967469662506019,confounded,0.3,0.05,0.01727526891896354,paired_increment_absolute_error,logger12_balanced,3,78,0.01998272138957848,0.013681953779945646,0.0032424500949285355,True
plus,anchor_id,0.03356254330321634,0.02364563903128256,confounded,0.3,0.05,0.028678710646459004,paired_prediction_increment,logger12_balanced,3,78,0.03331169755972409,0.025261853117164508,0.004160435902194548,True
plus,anchor_id,0.03447768058401251,0.021263441627198214,confounded,0.3,0.05,0.027443342008159077,reward_population_mae,logger12_balanced,3,78,0.02895422998158406,0.025027441275538447,0.00211404906665196,True
plus,anchor_id,0.05149906444959745,0.03051247743990231,confounded,0.3,0.05,0.04089124892637874,reward_population_rmse,logger12_balanced,3,78,0.04810304421119093,0.03459049843911992,0.006802185331049157,True
plus,anchor_id,0.03424733773036597,0.016504090869174586,confounded,0.3,0.05,0.025445005047505423,signed_balanced_neural_bias,logger12_balanced,3,78,0.02725725812754363,0.023985324653243215,0.0016642168696201758,True
plus,anchor_id,0.027736627907832895,0.026852566612771443,confounded,0.3,0.05,0.02730426966988284,signed_balanced_population_bias,logger12_balanced,3,78,0.02730426966988284,0.02730426966988284,0.0,True
base,anchor_id,0.027248838028019234,0.018098249778036254,confounded,0.3,0.05,0.02242388920007553,base_prediction_absolute_increment,logger1_heavy,3,78,0.024412711213829923,0.019104440068431792,0.0028935034185937083,True
base,anchor_id,0.027039425462484834,0.018122255746682834,confounded,0.3,0.05,0.02242388920007553,paired_increment_absolute_error,logger1_heavy,3,78,0.024412711213829923,0.019104440068431792,0.0028935034185937083,True
base,anchor_id,0.01541165489654582,0.0024362544847588777,confounded,0.3,0.05,0.008817243139859932,paired_prediction_increment,logger1_heavy,3,78,0.009691886859104234,0.007555450416794362,0.0011195996746057335,True
base,anchor_id,0.03882832660799568,0.024349716610686706,confounded,0.3,0.05,0.031040907526095132,reward_population_mae,logger1_heavy,3,78,0.03305174982265529,0.0289263071760491,0.0020646775917456586,True
base,anchor_id,0.0550063402715533,0.03360314965493709,confounded,0.3,0.05,0.044595570029307495,reward_population_rmse,logger1_heavy,3,78,0.05193253271860988,0.040228447534321574,0.0063922895417137145,True
minus,anchor_id,0.0319297553872462,0.02173160473275047,confounded,0.3,0.05,0.026635526106067602,paired_increment_absolute_error,logger1_heavy,3,78,0.029614941491902903,0.024150851986415096,0.002765437618414781,True
minus,anchor_id,-0.012931218499959813,-0.026384762041747847,confounded,0.3,0.05,-0.01981424029286143,paired_prediction_increment,logger1_heavy,3,78,-0.017496464263242646,-0.023220628536022532,0.0030133571924097474,True
minus,anchor_id,0.04094274644267202,0.02621682222660122,confounded,0.3,0.05,0.03339607176507078,reward_population_mae,logger1_heavy,3,78,0.038260081757159635,0.02981051495527227,0.004367450822776429,True
minus,anchor_id,0.057824536875054434,0.035957109453473406,confounded,0.3,0.05,0.04716981986884713,reward_population_rmse,logger1_heavy,3,78,0.05590326601202739,0.04218624496227539,0.007588499017473273,True
plus,anchor_id,0.025026449659618328,0.01648213796132083,confounded,0.3,0.05,0.020503666073644,paired_increment_absolute_error,logger1_heavy,3,78,0.023113130461742997,0.018091614113144517,0.0025165721447513683,True
plus,anchor_id,0.04378173405742617,0.0314096591256209,confounded,0.3,0.05,0.03755352293599379,paired_prediction_increment,logger1_heavy,3,78,0.04050705641005289,0.03461393516682026,0.0029465853727447793,True
plus,anchor_id,0.037342925055283034,0.023277341596207868,confounded,0.3,0.05,0.030013447428323913,reward_population_mae,logger1_heavy,3,78,0.03144003136389037,0.02768546110278085,0.0020331242369549495,True
plus,anchor_id,0.05389090240222663,0.03298123563121641,confounded,0.3,0.05,0.043499424004823074,reward_population_rmse,logger1_heavy,3,78,0.05070415563463332,0.038042522239075,0.006509256638523336,True
base,anchor_id,0.014483295885290676,0.009817157922677231,confounded,0.3,0.05,0.012063420534865693,paired_heavy_increment_absolute_error,logger1_minus_logger2,3,78,0.013259562923916338,0.011346790103448004,0.0010426522688870617,True
base,anchor_id,0.007097026510742073,-1.822004903045656e-05,confounded,0.3,0.05,0.0034896161443421056,paired_heavy_prediction_increment,logger1_minus_logger2,3,78,0.005720564823961876,0.0012161559665057765,0.0022525053183938774,True
base,anchor_id,0.005241474663987937,-0.0007137481930396625,confounded,0.3,0.05,0.0023349169390016905,signed_heavy_neural_drift,logger1_minus_logger2,3,78,0.0030925215702855427,0.0019113626850251568,0.0006576293173146714,True
base,anchor_id,0.0,0.0,confounded,0.3,0.05,0.0,signed_heavy_population_drift,logger1_minus_logger2,3,78,0.0,0.0,0.0,True
minus,anchor_id,0.016925221574993248,0.011697217844887706,confounded,0.3,0.05,0.01407691480590135,paired_heavy_increment_absolute_error,logger1_minus_logger2,3,78,0.015909189149889865,0.01293430493168982,0.0016028761145448816,True
minus,anchor_id,-0.0037470914439721244,-0.011250024787454247,confounded,0.3,0.05,-0.007454122668430656,paired_heavy_prediction_increment,logger1_minus_logger2,3,78,-0.0038945000879331594,-0.009285334577375584,0.003083152073818789,True
minus,anchor_id,-0.004485316670750159,-0.01044490523487242,confounded,0.3,0.05,-0.007400519504400097,signed_heavy_neural_drift,logger1_minus_logger2,3,78,-0.00497640880790138,-0.010679711627732801,0.0029462330098893393,True
minus,anchor_id,-0.014271889186600996,-0.014715073405873342,confounded,0.3,0.05,-0.014489102802976236,signed_heavy_population_drift,logger1_minus_logger2,3,78,-0.014489102802976236,-0.014489102802976236,0.0,True
plus,anchor_id,0.01429504434136007,0.009761004046558735,confounded,0.3,0.05,0.011906701424421991,paired_heavy_increment_absolute_error,logger1_minus_logger2,3,78,0.01329843855721626,0.010808331610905535,0.0012707109974464763,True
plus,anchor_id,0.017678652995551384,0.010968140205058203,confounded,0.3,0.05,0.014348358973981304,paired_heavy_prediction_increment,logger1_minus_logger2,3,78,0.019906926663355893,0.011328752161483484,0.004819855931132861,True
plus,anchor_id,0.014947171278412635,0.009237086409339216,confounded,0.3,0.05,0.01205524611812067,signed_heavy_neural_drift,logger1_minus_logger2,3,78,0.014134990166194532,0.00912339060161583,0.002612202713208731,True
plus,anchor_id,0.014378629223803069,0.013932033138826244,confounded,0.3,0.05,0.01415776945845765,signed_heavy_population_drift,logger1_minus_logger2,3,78,0.01415776945845765,0.01415776945845765,0.0,True
base,anchor_id,0.0187216927314826,0.012604964086160372,confounded,0.3,0.05,0.015579356928798813,base_prediction_absolute_increment,logger2_heavy,3,78,0.01560983768226593,0.01555949684706762,2.6798300752239044e-05,True
base,anchor_id,0.01895098128004243,0.012431170134381858,confounded,0.3,0.05,0.015579356928798813,paired_increment_absolute_error,logger2_heavy,3,78,0.01560983768226593,0.01555949684706762,2.6798300752239044e-05,True
base,anchor_id,0.009746911522799067,0.0007208218087733126,confounded,0.3,0.05,0.005327626995517824,paired_prediction_increment,logger2_heavy,3,78,0.006339294450288586,0.0034838273197193184,0.0015992986457803297,True
base,anchor_id,0.033855744916233284,0.02035752755268289,confounded,0.3,0.05,0.02689720872546213,reward_population_mae,logger2_heavy,3,78,0.030418606017713977,0.02196241148888637,0.004401713419715626,True
base,anchor_id,0.05177409726648218,0.02894100139707612,confounded,0.3,0.05,0.04067533333082429,reward_population_rmse,logger2_heavy,3,78,0.04822705916036041,0.03268645988767085,0.007779516692291901,True
minus,anchor_id,0.02101539451410009,0.013935207165700583,confounded,0.3,0.05,0.017337244904604143,paired_increment_absolute_error,logger2_heavy,3,78,0.018942854315495118,0.01644865405513305,0.0013931422927192423,True
minus,anchor_id,-0.007706612709191515,-0.017076226409022618,confounded,0.3,0.05,-0.01236011762443077,paired_prediction_increment,logger2_heavy,3,78,-0.009440293501943522,-0.014038095196039305,0.0025380272351778524,True
minus,anchor_id,0.03460776942121625,0.021030863543092124,confounded,0.3,0.05,0.027416711311922498,reward_population_mae,logger2_heavy,3,78,0.031865898229797726,0.022119924759430927,0.004927962923635352,True
minus,anchor_id,0.05304822763754863,0.03056124330348388,confounded,0.3,0.05,0.04175663136141402,reward_population_rmse,logger2_heavy,3,78,0.04933672681347579,0.03412108902310415,0.0076079704330289264,True
plus,anchor_id,0.017926539228354313,0.011881681471208003,confounded,0.3,0.05,0.014753555453387098,paired_increment_absolute_error,logger2_heavy,3,78,0.015073287579977128,0.014402864633591772,0.00033628196840410605,True
plus,anchor_id,0.027464211741583325,0.018971357854407747,confounded,0.3,0.05,0.023205163962012484,paired_prediction_increment,logger2_heavy,3,78,0.026210825069624733,0.020600129746696998,0.0028267210565961955,True
plus,anchor_id,0.03318841141593782,0.01999100158372422,confounded,0.3,0.05,0.02593866470104164,reward_population_mae,logger2_heavy,3,78,0.028691111834609116,0.02111332273636185,0.004192659256369147,True
plus,anchor_id,0.05003138810685936,0.02876161243465682,confounded,0.3,0.05,0.03964068806020984,reward_population_rmse,logger2_heavy,3,78,0.04717273764062714,0.030864775052153282,0.008224828759112835,True
base,anchor_id,0.0,0.0,independent_latents,0.3,0.05,0.0,base_leakage_over_balanced_direct_signal,all_primary,3,78,0.0,0.0,0.0,True
base,anchor_id,0.0,0.0,independent_latents,0.3,0.05,0.0,base_prediction_range_across_mixtures,all_primary,3,78,0.0,0.0,0.0,True
all,anchor_id,0.0025045829780481446,0.001360751504863212,independent_latents,0.3,0.05,0.0019048311738205433,neural_decision_regret,logger12_balanced,3,78,0.0021253883642395974,0.0017444976303937943,0.0001974578525285559,True
all,anchor_id,0.5898504273504273,0.37606837606837606,independent_latents,0.3,0.05,0.4829059829059829,neural_do_ranking_disagreement,logger12_balanced,3,78,0.5128205128205128,0.44871794871794873,0.03226424972337924,True
base,anchor_id,0.0,0.0,independent_latents,0.3,0.05,0.0,base_prediction_absolute_increment,logger12_balanced,3,78,0.0,0.0,0.0,True
base,anchor_id,0.0,0.0,independent_latents,0.3,0.05,0.0,paired_increment_absolute_error,logger12_balanced,3,78,0.0,0.0,0.0,True
base,anchor_id,0.0,0.0,independent_latents,0.3,0.05,0.0,paired_prediction_increment,logger12_balanced,3,78,0.0,0.0,0.0,True
base,anchor_id,0.03413851278624103,0.017417510329510177,independent_latents,0.3,0.05,0.024942072322099083,reward_population_mae,logger12_balanced,3,78,0.02830780036453967,0.023044676209888728,0.002922690192240324,True
base,anchor_id,0.059547803929409095,0.027572599655800976,independent_latents,0.3,0.05,0.044512880760332885,reward_population_rmse,logger12_balanced,3,78,0.057671824566046734,0.034845168222807525,0.011807014092439649,True
base,anchor_id,0.005137099911028729,-0.014392907373255118,independent_latents,0.3,0.05,-0.004374441404749026,signed_balanced_neural_bias,logger12_balanced,3,78,-0.00023259102047004155,-0.009593355155233248,0.004772423432364663,True
base,anchor_id,1.423362852083534e-17,-1.9452625645141633e-17,independent_latents,0.3,0.05,-2.8467257041670683e-18,signed_balanced_population_bias,logger12_balanced,3,78,-2.846725704167068e-18,-2.846725704167068e-18,4.7175456440955104e-34,True
minus,anchor_id,0.0,0.0,independent_latents,0.3,0.05,0.0,paired_increment_absolute_error,logger12_balanced,3,78,0.0,0.0,0.0,True
minus,anchor_id,0.0,0.0,independent_latents,0.3,0.05,0.0,paired_prediction_increment,logger12_balanced,3,78,0.0,0.0,0.0,True
minus,anchor_id,0.034272502924001,0.018027884115823335,independent_latents,0.3,0.05,0.02546829555766923,reward_population_mae,logger12_balanced,3,78,0.029391267032359128,0.023486431185670745,0.00339745407359295,True
minus,anchor_id,0.05977409456986226,0.027929157274652297,independent_latents,0.3,0.05,0.04526984595385186,reward_population_rmse,logger12_balanced,3,78,0.058585899790148534,0.03661874099530856,0.01170300505867908,True
minus,anchor_id,0.004382494186524003,-0.015707382475433487,independent_latents,0.3,0.05,-0.0051695652337833894,signed_balanced_neural_bias,logger12_balanced,3,78,-0.0022007800644993124,-0.010722390664794058,0.00481273413575194,True
minus,anchor_id,2.8848006604603024e-16,1.7552436237610113e-16,independent_latents,0.3,0.05,2.3058478203753253e-16,signed_balanced_population_bias,logger12_balanced,3,78,2.3058478203753253e-16,2.3058478203753253e-16,0.0,True
plus,anchor_id,0.0,0.0,independent_latents,0.3,0.05,0.0,paired_increment_absolute_error,logger12_balanced,3,78,0.0,0.0,0.0,True
plus,anchor_id,0.0,0.0,independent_latents,0.3,0.05,0.0,paired_prediction_increment,logger12_balanced,3,78,0.0,0.0,0.0,True
plus,anchor_id,0.032958815400788426,0.017338124901051213,independent_latents,0.3,0.05,0.02457745073284646,reward_population_mae,logger12_balanced,3,78,0.027547078808331706,0.02227397445288498,0.0026989305376143827,True
plus,anchor_id,0.057129411092588456,0.026644554079524336,independent_latents,0.3,0.05,0.042919186388972054,reward_population_rmse,logger12_balanced,3,78,0.054867480953129835,0.033147837784816545,0.011022252270942279,True
plus,anchor_id,0.005724710441108893,-0.013263536566054746,independent_latents,0.3,0.05,-0.00327068709017362,signed_balanced_neural_bias,logger12_balanced,3,78,0.0009463372177777311,-0.0073501648925093106,0.0041499609754074365,True
plus,anchor_id,2.8514702470073467e-16,1.7506176944917396e-16,independent_latents,0.3,0.05,2.3058478203753253e-16,signed_balanced_population_bias,logger12_balanced,3,78,2.3058478203753253e-16,2.3058478203753253e-16,0.0,True
base,anchor_id,0.0,0.0,independent_latents,0.3,0.05,0.0,base_prediction_absolute_increment,logger1_heavy,3,78,0.0,0.0,0.0,True
base,anchor_id,0.0,0.0,independent_latents,0.3,0.05,0.0,paired_increment_absolute_error,logger1_heavy,3,78,0.0,0.0,0.0,True
base,anchor_id,0.0,0.0,independent_latents,0.3,0.05,0.0,paired_prediction_increment,logger1_heavy,3,78,0.0,0.0,0.0,True
base,anchor_id,0.03395758428393981,0.01756411507760853,independent_latents,0.3,0.05,0.024942072322099083,reward_population_mae,logger1_heavy,3,78,0.02830780036453967,0.023044676209888728,0.002922690192240324,True
base,anchor_id,0.059376974779562795,0.027712952604424138,independent_latents,0.3,0.05,0.044512880760332885,reward_population_rmse,logger1_heavy,3,78,0.057671824566046734,0.034845168222807525,0.011807014092439649,True
minus,anchor_id,0.0,0.0,independent_latents,0.3,0.05,0.0,paired_increment_absolute_error,logger1_heavy,3,78,0.0,0.0,0.0,True
minus,anchor_id,0.0,0.0,independent_latents,0.3,0.05,0.0,paired_prediction_increment,logger1_heavy,3,78,0.0,0.0,0.0,True
minus,anchor_id,0.03407650749561508,0.017807921491511072,independent_latents,0.3,0.05,0.025468295557669173,reward_population_mae,logger1_heavy,3,78,0.029391267032359048,0.023486431185670734,0.003397454073592928,True
minus,anchor_id,0.060821210517754444,0.02788148242037546,independent_latents,0.3,0.05,0.045269845953851806,reward_population_rmse,logger1_heavy,3,78,0.058585899790148485,0.03661874099530853,0.011703005058679085,True
plus,anchor_id,0.0,0.0,independent_latents,0.3,0.05,0.0,paired_increment_absolute_error,logger1_heavy,3,78,0.0,0.0,0.0,True
plus,anchor_id,0.0,0.0,independent_latents,0.3,0.05,0.0,paired_prediction_increment,logger1_heavy,3,78,0.0,0.0,0.0,True
plus,anchor_id,0.033227598954960406,0.017433735514862245,independent_latents,0.3,0.05,0.024577450732846465,reward_population_mae,logger1_heavy,3,78,0.02754707880833168,0.022273974452884992,0.002698930537614359,True
plus,anchor_id,0.05738532948629622,0.02732731285187714,independent_latents,0.3,0.05,0.042919186388972054,reward_population_rmse,logger1_heavy,3,78,0.054867480953129835,0.033147837784816586,0.011022252270942261,True
base,anchor_id,0.0,0.0,independent_latents,0.3,0.05,0.0,paired_heavy_increment_absolute_error,logger1_minus_logger2,3,78,0.0,0.0,0.0,True
base,anchor_id,0.0,0.0,independent_latents,0.3,0.05,0.0,paired_heavy_prediction_increment,logger1_minus_logger2,3,78,0.0,0.0,0.0,True
base,anchor_id,0.0,0.0,independent_latents,0.3,0.05,0.0,signed_heavy_neural_drift,logger1_minus_logger2,3,78,0.0,0.0,0.0,True
base,anchor_id,0.0,0.0,independent_latents,0.3,0.05,0.0,signed_heavy_population_drift,logger1_minus_logger2,3,78,0.0,0.0,0.0,True
minus,anchor_id,0.0,0.0,independent_latents,0.3,0.05,0.0,paired_heavy_increment_absolute_error,logger1_minus_logger2,3,78,0.0,0.0,0.0,True
minus,anchor_id,0.0,0.0,independent_latents,0.3,0.05,0.0,paired_heavy_prediction_increment,logger1_minus_logger2,3,78,0.0,0.0,0.0,True
minus,anchor_id,0.0,0.0,independent_latents,0.3,0.05,0.0,signed_heavy_neural_drift,logger1_minus_logger2,3,78,0.0,0.0,0.0,True
minus,anchor_id,7.686159401251082e-17,-2.659316261976069e-17,independent_latents,0.3,0.05,2.562053133750361e-17,signed_heavy_population_drift,logger1_minus_logger2,3,78,2.5620531337503614e-17,2.5620531337503614e-17,3.7740365152764083e-33,True
plus,anchor_id,0.0,0.0,independent_latents,0.3,0.05,0.0,paired_heavy_increment_absolute_error,logger1_minus_logger2,3,78,0.0,0.0,0.0,True
plus,anchor_id,0.0,0.0,independent_latents,0.3,0.05,0.0,paired_heavy_prediction_increment,logger1_minus_logger2,3,78,0.0,0.0,0.0,True
plus,anchor_id,0.0,0.0,independent_latents,0.3,0.05,0.0,signed_heavy_neural_drift,logger1_minus_logger2,3,78,0.0,0.0,0.0,True
plus,anchor_id,1.4615564219477755e-16,3.653297987014404e-17,independent_latents,0.3,0.05,8.967185968126266e-17,signed_heavy_population_drift,logger1_minus_logger2,3,78,8.967185968126265e-17,8.967185968126265e-17,1.5096146061105633e-32,True
base,anchor_id,0.0,0.0,independent_latents,0.3,0.05,0.0,base_prediction_absolute_increment,logger2_heavy,3,78,0.0,0.0,0.0,True
base,anchor_id,0.0,0.0,independent_latents,0.3,0.05,0.0,paired_increment_absolute_error,logger2_heavy,3,78,0.0,0.0,0.0,True
base,anchor_id,0.0,0.0,independent_latents,0.3,0.05,0.0,paired_prediction_increment,logger2_heavy,3,78,0.0,0.0,0.0,True
base,anchor_id,0.03383012656266779,0.017672709386618492,independent_latents,0.3,0.05,0.024942072322099083,reward_population_mae,logger2_heavy,3,78,0.02830780036453967,0.023044676209888728,0.002922690192240324,True
base,anchor_id,0.05904109329123652,0.0272679181155151,independent_latents,0.3,0.05,0.044512880760332885,reward_population_rmse,logger2_heavy,3,78,0.057671824566046734,0.034845168222807525,0.011807014092439649,True
minus,anchor_id,0.0,0.0,independent_latents,0.3,0.05,0.0,paired_increment_absolute_error,logger2_heavy,3,78,0.0,0.0,0.0,True
minus,anchor_id,0.0,0.0,independent_latents,0.3,0.05,0.0,paired_prediction_increment,logger2_heavy,3,78,0.0,0.0,0.0,True
minus,anchor_id,0.03459796302678378,0.018068690778110297,independent_latents,0.3,0.05,0.0254682955576692,reward_population_mae,logger2_heavy,3,78,0.029391267032359083,0.0234864311856707,0.0033974540735929363,True
minus,anchor_id,0.06047701488037968,0.028123681446492684,independent_latents,0.3,0.05,0.04526984595385183,reward_population_rmse,logger2_heavy,3,78,0.05858589979014848,0.03661874099530853,0.011703005058679066,True
plus,anchor_id,0.0,0.0,independent_latents,0.3,0.05,0.0,paired_increment_absolute_error,logger2_heavy,3,78,0.0,0.0,0.0,True
plus,anchor_id,0.0,0.0,independent_latents,0.3,0.05,0.0,paired_prediction_increment,logger2_heavy,3,78,0.0,0.0,0.0,True
plus,anchor_id,0.033318500437165326,0.017619933771932234,independent_latents,0.3,0.05,0.024577450732846465,reward_population_mae,logger2_heavy,3,78,0.027547078808331644,0.022273974452885002,0.002698930537614333,True
plus,anchor_id,0.05678340617075872,0.026846766991602794,independent_latents,0.3,0.05,0.04291918638897202,reward_population_rmse,logger2_heavy,3,78,0.054867480953129766,0.03314783778481657,0.011022252270942235,True
base,anchor_id,0.4435396309962951,0.34353649583899615,confounded,0.3,0.1,0.39198080119883,base_leakage_over_balanced_direct_signal,all_primary,3,78,0.4285762230272516,0.33295574590381566,0.05160557386961855,True
base,anchor_id,0.026430558167879176,0.020637545700362414,confounded,0.3,0.1,0.0235188480719298,base_prediction_range_across_mixtures,all_primary,3,78,0.025714573381635103,0.01997734475422894,0.0030963344321771136,True
all,anchor_id,0.006169297674239398,0.0047106352475339485,confounded,0.3,0.1,0.0054197571850963565,neural_decision_regret,logger12_balanced,3,78,0.0054403672426722085,0.005378537069944652,3.5697666868295964e-05,True
all,anchor_id,0.9914529914529915,0.9017094017094017,confounded,0.3,0.1,0.9529914529914528,neural_do_ranking_disagreement,logger12_balanced,3,78,0.9615384615384616,0.9487179487179487,0.007401926528072162,True
base,anchor_id,0.03396949214636375,0.023198323144172917,confounded,0.3,0.1,0.028363699507418034,base_prediction_absolute_increment,logger12_balanced,3,78,0.03209653690251889,0.023428796643730945,0.004457146098293043,True
base,anchor_id,0.03405729178520669,0.02313221457310601,confounded,0.3,0.1,0.028363699507418034,paired_increment_absolute_error,logger12_balanced,3,78,0.03209653690251889,0.023428796643730945,0.004457146098293043,True
base,anchor_id,0.015624821376466536,-0.0002932202147644363,confounded,0.3,0.1,0.007700284498210004,paired_prediction_increment,logger12_balanced,3,78,0.01134571141313766,0.003042970101534127,0.0042428546438266134,True
base,anchor_id,0.0442003857414871,0.029225859426070686,confounded,0.3,0.1,0.03633959945053161,reward_population_mae,logger12_balanced,3,78,0.03801844005759546,0.03469757101369641,0.0016607405437302515,True
base,anchor_id,0.0611191537581895,0.039360839363114,confounded,0.3,0.1,0.05017500733254829,reward_population_rmse,logger12_balanced,3,78,0.05767388170730214,0.04526051420050591,0.00659789307434239,True
base,anchor_id,0.015626575729375824,-0.006349019208423179,confounded,0.3,0.1,0.004657159712244418,signed_balanced_neural_bias,logger12_balanced,3,78,0.006085123077864616,0.0018400545199292447,0.002439761879036142,True
base,anchor_id,1.423362852083534e-17,0.0,confounded,0.3,0.1,5.693451408334137e-18,signed_balanced_population_bias,logger12_balanced,3,78,5.693451408334136e-18,5.693451408334136e-18,9.435091288191021e-34,True
minus,anchor_id,0.04616058977674135,0.032743397752647035,confounded,0.3,0.1,0.03931446586464453,paired_increment_absolute_error,logger12_balanced,3,78,0.04449868329199462,0.0352285116996831,0.004731665349838184,True
minus,anchor_id,-0.01948999020096614,-0.03665627924055991,confounded,0.3,0.1,-0.02826738566968881,paired_prediction_increment,logger12_balanced,3,78,-0.022335645609015735,-0.03205635015875306,0.005202560869277132,True
minus,anchor_id,0.05205104412396113,0.035108981606276464,confounded,0.3,0.1,0.04340964517501026,reward_population_mae,logger12_balanced,3,78,0.04492900305940265,0.040769789858093604,0.002294863718329689,True
minus,anchor_id,0.06901549988884183,0.04669223555615102,confounded,0.3,0.1,0.05784966809152539,reward_population_rmse,logger12_balanced,3,78,0.06384258391407407,0.05345419434219946,0.005375269793901974,True
minus,anchor_id,-0.019271107045213235,-0.041675156006938115,confounded,0.3,0.1,-0.030640375737701665,signed_balanced_neural_bias,logger12_balanced,3,78,-0.025152610343610632,-0.034105745070197035,0.0048069969555399215,True
minus,anchor_id,-0.057520987804785935,-0.05836976327439337,confounded,0.3,0.1,-0.0579432696914545,signed_balanced_population_bias,logger12_balanced,3,78,-0.0579432696914545,-0.0579432696914545,0.0,True
plus,anchor_id,0.037477759522594016,0.025996243931556164,confounded,0.3,0.1,0.03127396161040082,paired_increment_absolute_error,logger12_balanced,3,78,0.033592817949334906,0.02930198492801505,0.0021663462618675545,True
plus,anchor_id,0.05219046552207082,0.036291623317331184,confounded,0.3,0.1,0.04419023172983222,paired_prediction_increment,logger12_balanced,3,78,0.05017328107777861,0.037293163741259475,0.006488522806246774,True
plus,anchor_id,0.04744025856344589,0.031534332914575275,confounded,0.3,0.1,0.039317710632931026,reward_population_mae,logger12_balanced,3,78,0.04102215740404403,0.03840733883374202,0.0014772390919130657,True
plus,anchor_id,0.06505862137392669,0.041996252935825956,confounded,0.3,0.1,0.05350412727908318,reward_population_rmse,logger12_balanced,3,78,0.05837765279234326,0.0499353819282536,0.004369762326473655,True
plus,anchor_id,0.052239422492692644,0.029730527485311745,confounded,0.3,0.1,0.04095652613087864,signed_balanced_neural_bias,logger12_balanced,3,78,0.04669602446853343,0.03712374298582438,0.005062984822742798,True
plus,anchor_id,0.057735215550179846,0.056872203607334665,confounded,0.3,0.1,0.05730426966988302,signed_balanced_population_bias,logger12_balanced,3,78,0.05730426966988302,0.05730426966988302,0.0,True
base,anchor_id,0.04180542240933732,0.028849913642764555,confounded,0.3,0.1,0.0351447599077856,base_prediction_absolute_increment,logger1_heavy,3,78,0.036493814871875,0.03288116286186214,0.0019723346701172473,True
base,anchor_id,0.04184031204981892,0.028766728350116177,confounded,0.3,0.1,0.0351447599077856,paired_increment_absolute_error,logger1_heavy,3,78,0.036493814871875,0.03288116286186214,0.0019723346701172473,True
base,anchor_id,0.02250958735216703,0.0035156967521911445,confounded,0.3,0.1,0.013048819019741082,paired_prediction_increment,logger1_heavy,3,78,0.020159323864394074,0.006719307972488639,0.00675395959991998,True
base,anchor_id,0.04928906007321262,0.033204992477485346,confounded,0.3,0.1,0.041147077972956116,reward_population_mae,logger1_heavy,3,78,0.04322153618590713,0.03837608842228825,0.002496689395140297,True
base,anchor_id,0.06559881247597683,0.04471662865541585,confounded,0.3,0.1,0.054980297960571335,reward_population_rmse,logger1_heavy,3,78,0.05749716681500753,0.05011492355889341,0.004214378673325342,True
minus,anchor_id,0.06277341305699133,0.04614633265865722,confounded,0.3,0.1,0.054265279524044634,paired_increment_absolute_error,logger1_heavy,3,78,0.059056262610809665,0.05069287064238364,0.004312803453021242,True
minus,anchor_id,-0.017359976800553335,-0.03733643190263111,confounded,0.3,0.1,-0.027381111067456037,paired_prediction_increment,logger1_heavy,3,78,-0.01915228406191244,-0.03384407622404963,0.007503391918728608,True
minus,anchor_id,0.06554470605707984,0.0470162099219694,confounded,0.3,0.1,0.055929476979721594,reward_population_mae,logger1_heavy,3,78,0.06133350391499578,0.05160607157221624,0.004952932682819988,True
minus,anchor_id,0.08088950849621616,0.05853317405506525,confounded,0.3,0.1,0.06973874285635662,reward_population_rmse,logger1_heavy,3,78,0.0741777465284811,0.06496558053764792,0.004615164900789687,True
plus,anchor_id,0.04629011498647834,0.03212199489272267,confounded,0.3,0.1,0.03872776891001476,paired_increment_absolute_error,logger1_heavy,3,78,0.04128075527093022,0.034726076360486205,0.0035092757259083097,True
plus,anchor_id,0.06434721175363388,0.04431687963715728,confounded,0.3,0.1,0.054349629661910516,paired_prediction_increment,logger1_heavy,3,78,0.06041261372948398,0.04892883008772007,0.0057687626381545,True
plus,anchor_id,0.054543013690992126,0.037436786817774646,confounded,0.3,0.1,0.045532257265394886,reward_population_mae,logger1_heavy,3,78,0.048692955156733234,0.04388296671395072,0.002738112728731208,True
plus,anchor_id,0.07102153106791566,0.048587700313979,confounded,0.3,0.1,0.06004844230903233,reward_population_rmse,logger1_heavy,3,78,0.06440049355638779,0.05726291068497535,0.0038179523450672477,True
base,anchor_id,0.023892457107098312,0.01708490628256056,confounded,0.3,0.1,0.0202869883250414,paired_heavy_increment_absolute_error,logger1_minus_logger2,3,78,0.02333890005973588,0.015784049697787506,0.003980960974445219,True
base,anchor_id,0.012168664946346828,0.0018271401247481837,confounded,0.3,0.1,0.007002596845041942,paired_heavy_prediction_increment,logger1_minus_logger2,3,78,0.010645524233777962,0.0026480455001540895,0.004045951435066715,True
base,anchor_id,0.011061831374156552,0.0008339123233367671,confounded,0.3,0.1,0.005847897639701526,signed_heavy_neural_drift,logger1_minus_logger2,3,78,0.012521889837557728,0.001116784419289797,0.005945602697893452,True
base,anchor_id,0.0,0.0,confounded,0.3,0.1,0.0,signed_heavy_population_drift,logger1_minus_logger2,3,78,0.0,0.0,0.0,True
minus,anchor_id,0.037288488759354504,0.02785915844591147,confounded,0.3,0.1,0.03241542228984511,paired_heavy_increment_absolute_error,logger1_minus_logger2,3,78,0.034636854723188885,0.02905543006090336,0.0029597827827910553,True
minus,anchor_id,0.0050320515723502185,-0.005203971303382093,confounded,0.3,0.1,-0.0001499882839078984,paired_heavy_prediction_increment,logger1_minus_logger2,3,78,0.0019861684299722435,-0.002998517741129205,0.0025675630956578394,True
minus,anchor_id,0.004865972898156667,-0.005129729082896947,confounded,0.3,0.1,-9.638511987733831e-05,signed_heavy_neural_drift,logger1_minus_logger2,3,78,0.0033022809592427415,-0.004080426461097426,0.0037260019272264784,True
minus,anchor_id,-0.02982810463735447,-0.03026805948052633,confounded,0.3,0.1,-0.030044658358531928,signed_heavy_population_drift,logger1_minus_logger2,3,78,-0.030044658358531928,-0.030044658358531928,0.0,True
plus,anchor_id,0.029494847439403445,0.021354000556034602,confounded,0.3,0.1,0.025340859130120953,paired_heavy_increment_absolute_error,logger1_minus_logger2,3,78,0.029701824895322703,0.02157664135839106,0.0040953306341479645,True
plus,anchor_id,0.020560302209894795,0.00882765600787116,confounded,0.3,0.1,0.014587719020981759,paired_heavy_prediction_increment,logger1_minus_logger2,3,78,0.020544330920198337,0.009584724019521275,0.005541686092256267,True
plus,anchor_id,0.017881905424863034,0.006598320369346859,confounded,0.3,0.1,0.012294606165121125,signed_heavy_neural_drift,logger1_minus_logger2,3,78,0.021642290409645448,0.00737936245965362,0.00809893050197804,True
plus,anchor_id,0.029935756192552426,0.029485092603679253,confounded,0.3,0.1,0.029713325014013206,signed_heavy_population_drift,logger1_minus_logger2,3,78,0.029713325014013206,0.029713325014013206,0.0,True
base,anchor_id,0.031088564908338213,0.021029528462892074,confounded,0.3,0.1,0.02581292683897964,base_prediction_absolute_increment,logger2_heavy,3,78,0.02883528777193102,0.02326274875655188,0.002816117052383856,True
base,anchor_id,0.03123247797935712,0.020791484251383125,confounded,0.3,0.1,0.02581292683897964,paired_increment_absolute_error,logger2_heavy,3,78,0.02883528777193102,0.02326274875655188,0.002816117052383856,True
base,anchor_id,0.013609772480998405,-0.0012610037496131284,confounded,0.3,0.1,0.00604622217469914,paired_prediction_increment,logger2_heavy,3,78,0.009513799630616111,0.004071262472334549,0.0030126787911232255,True
base,anchor_id,0.040295087508285025,0.02606739506281218,confounded,0.3,0.1,0.032853941646867384,reward_population_mae,logger2_heavy,3,78,0.034893409176158734,0.031166318584445102,0.001888292076549562,True
base,anchor_id,0.05656969566342601,0.03577215257793019,confounded,0.3,0.1,0.046292727612018546,reward_population_rmse,logger2_heavy,3,78,0.05441778648992543,0.04189741450236402,0.007044372314023118,True
minus,anchor_id,0.03699883336118721,0.024898141548409386,confounded,0.3,0.1,0.030568628851299875,paired_increment_absolute_error,logger2_heavy,3,78,0.030862866953085353,0.030295994842685577,0.000284052900035514,True
minus,anchor_id,-0.019057143674551608,-0.03526495413961996,confounded,0.3,0.1,-0.02723112278354814,paired_prediction_increment,logger2_heavy,3,78,-0.019714668521345707,-0.031133141346378287,0.0065110282968725034,True
minus,anchor_id,0.04380794549568606,0.02817176096448089,confounded,0.3,0.1,0.03554351800916233,reward_population_mae,logger2_heavy,3,78,0.03847491975965175,0.03278163565887433,0.0028504251583447563,True
minus,anchor_id,0.06006566742681408,0.03918694039326256,confounded,0.3,0.1,0.04965412790818432,reward_population_rmse,logger2_heavy,3,78,0.05760731047444334,0.0453750668944674,0.006894296384483805,True
plus,anchor_id,0.029944271819791285,0.019402382500488563,confounded,0.3,0.1,0.024527618262166918,paired_increment_absolute_error,logger2_heavy,3,78,0.028057748278860845,0.02171355666399986,0.0032321443805199647,True
plus,anchor_id,0.04693517128929333,0.03271870379001898,confounded,0.3,0.1,0.03976191064092878,paired_prediction_increment,logger2_heavy,3,78,0.040073343045301885,0.03934410606819879,0.00037607568499482076,True
plus,anchor_id,0.0394216712344922,0.02504539229829761,confounded,0.3,0.1,0.031839819274924595,reward_population_mae,logger2_heavy,3,78,0.03273371815919067,0.03011883420682557,0.0014907911281261525,True
plus,anchor_id,0.0561859239666369,0.03432787716200133,confounded,0.3,0.1,0.045592051715206416,reward_population_rmse,logger2_heavy,3,78,0.05345601388527428,0.04028650319006222,0.006947525694211205,True
base,anchor_id,0.0,0.0,independent_latents,0.3,0.1,0.0,base_leakage_over_balanced_direct_signal,all_primary,3,78,0.0,0.0,0.0,True
base,anchor_id,0.0,0.0,independent_latents,0.3,0.1,0.0,base_prediction_range_across_mixtures,all_primary,3,78,0.0,0.0,0.0,True
all,anchor_id,0.0024909360162433166,0.001387118167113154,independent_latents,0.3,0.1,0.0019048311738205433,neural_decision_regret,logger12_balanced,3,78,0.0021253883642395974,0.0017444976303937943,0.0001974578525285559,True
all,anchor_id,0.5898504273504273,0.3717948717948718,independent_latents,0.3,0.1,0.4829059829059829,neural_do_ranking_disagreement,logger12_balanced,3,78,0.5128205128205128,0.44871794871794873,0.03226424972337924,True
base,anchor_id,0.0,0.0,independent_latents,0.3,0.1,0.0,base_prediction_absolute_increment,logger12_balanced,3,78,0.0,0.0,0.0,True
base,anchor_id,0.0,0.0,independent_latents,0.3,0.1,0.0,paired_increment_absolute_error,logger12_balanced,3,78,0.0,0.0,0.0,True
base,anchor_id,0.0,0.0,independent_latents,0.3,0.1,0.0,paired_prediction_increment,logger12_balanced,3,78,0.0,0.0,0.0,True
base,anchor_id,0.03330350017155485,0.017464815822095452,independent_latents,0.3,0.1,0.024942072322099076,reward_population_mae,logger12_balanced,3,78,0.028307800364539667,0.023044676209888718,0.0029226901922403286,True
base,anchor_id,0.06000977459505092,0.027866217217372563,independent_latents,0.3,0.1,0.044512880760332864,reward_population_rmse,logger12_balanced,3,78,0.05767182456604673,0.03484516822280752,0.011807014092439653,True
base,anchor_id,0.005499233567504265,-0.014584520587446139,independent_latents,0.3,0.1,-0.004374441404749026,signed_balanced_neural_bias,logger12_balanced,3,78,-0.00023259102047004155,-0.009593355155233248,0.004772423432364663,True
base,anchor_id,1.423362852083534e-17,0.0,independent_latents,0.3,0.1,5.693451408334137e-18,signed_balanced_population_bias,logger12_balanced,3,78,5.693451408334136e-18,5.693451408334136e-18,9.435091288191021e-34,True
minus,anchor_id,0.0,0.0,independent_latents,0.3,0.1,0.0,paired_increment_absolute_error,logger12_balanced,3,78,0.0,0.0,0.0,True
minus,anchor_id,0.0,0.0,independent_latents,0.3,0.1,0.0,paired_prediction_increment,logger12_balanced,3,78,0.0,0.0,0.0,True
minus,anchor_id,0.03448083285180687,0.01809467965352987,independent_latents,0.3,0.1,0.025468295557669208,reward_population_mae,logger12_balanced,3,78,0.02939126703235905,0.023486431185670717,0.0033974540735929033,True
minus,anchor_id,0.05991915674439377,0.02826505474403881,independent_latents,0.3,0.1,0.04526984595385184,reward_population_rmse,logger12_balanced,3,78,0.058585899790148485,0.03661874099530853,0.01170300505867906,True
minus,anchor_id,0.0046388139868048205,-0.015113552398390491,independent_latents,0.3,0.1,-0.0051695652337833894,signed_balanced_neural_bias,logger12_balanced,3,78,-0.0022007800644993124,-0.010722390664794058,0.00481273413575194,True
minus,anchor_id,2.8848006604603024e-16,1.75061769449174e-16,independent_latents,0.3,0.1,2.3058478203753253e-16,signed_balanced_population_bias,logger12_balanced,3,78,2.3058478203753253e-16,2.3058478203753253e-16,0.0,True
plus,anchor_id,0.0,0.0,independent_latents,0.3,0.1,0.0,paired_increment_absolute_error,logger12_balanced,3,78,0.0,0.0,0.0,True
plus,anchor_id,0.0,0.0,independent_latents,0.3,0.1,0.0,paired_prediction_increment,logger12_balanced,3,78,0.0,0.0,0.0,True
plus,anchor_id,0.0328629335814702,0.017696896294907713,independent_latents,0.3,0.1,0.024577450732846413,reward_population_mae,logger12_balanced,3,78,0.027547078808331654,0.02227397445288493,0.00269893053761438,True
plus,anchor_id,0.057620270290070226,0.026993039904887148,independent_latents,0.3,0.1,0.04291918638897201,reward_population_rmse,logger12_balanced,3,78,0.054867480953129794,0.03314783778481652,0.011022252270942274,True
plus,anchor_id,0.005832514610821002,-0.013219073649065327,independent_latents,0.3,0.1,-0.00327068709017362,signed_balanced_neural_bias,logger12_balanced,3,78,0.0009463372177777311,-0.0073501648925093106,0.0041499609754074365,True
plus,anchor_id,2.676040775488051e-16,1.5750696094014374e-16,independent_latents,0.3,0.1,2.1208106496044658e-16,signed_balanced_population_bias,logger12_balanced,3,78,2.1208106496044658e-16,2.1208106496044658e-16,0.0,True
base,anchor_id,0.0,0.0,independent_latents,0.3,0.1,0.0,base_prediction_absolute_increment,logger1_heavy,3,78,0.0,0.0,0.0,True
base,anchor_id,0.0,0.0,independent_latents,0.3,0.1,0.0,paired_increment_absolute_error,logger1_heavy,3,78,0.0,0.0,0.0,True
base,anchor_id,0.0,0.0,independent_latents,0.3,0.1,0.0,paired_prediction_increment,logger1_heavy,3,78,0.0,0.0,0.0,True
base,anchor_id,0.033777761314735144,0.017710187901507576,independent_latents,0.3,0.1,0.024942072322099076,reward_population_mae,logger1_heavy,3,78,0.028307800364539667,0.023044676209888718,0.0029226901922403286,True
base,anchor_id,0.059562067132831714,0.02674441079681134,independent_latents,0.3,0.1,0.044512880760332864,reward_population_rmse,logger1_heavy,3,78,0.05767182456604673,0.03484516822280752,0.011807014092439653,True
minus,anchor_id,0.0,0.0,independent_latents,0.3,0.1,0.0,paired_increment_absolute_error,logger1_heavy,3,78,0.0,0.0,0.0,True
minus,anchor_id,0.0,0.0,independent_latents,0.3,0.1,0.0,paired_prediction_increment,logger1_heavy,3,78,0.0,0.0,0.0,True
minus,anchor_id,0.03467501132066756,0.017669711500783197,independent_latents,0.3,0.1,0.025468295557669187,reward_population_mae,logger1_heavy,3,78,0.029391267032359086,0.023486431185670696,0.003397454073592951,True
minus,anchor_id,0.06089481540946587,0.02834307585508587,independent_latents,0.3,0.1,0.045269845953851834,reward_population_rmse,logger1_heavy,3,78,0.05858589979014853,0.03661874099530853,0.011703005058679099,True
plus,anchor_id,0.0,0.0,independent_latents,0.3,0.1,0.0,paired_increment_absolute_error,logger1_heavy,3,78,0.0,0.0,0.0,True
plus,anchor_id,0.0,0.0,independent_latents,0.3,0.1,0.0,paired_prediction_increment,logger1_heavy,3,78,0.0,0.0,0.0,True
plus,anchor_id,0.033032217146125926,0.017347109473025948,independent_latents,0.3,0.1,0.02457745073284645,reward_population_mae,logger1_heavy,3,78,0.02754707880833169,0.02227397445288497,0.002698930537614379,True
plus,anchor_id,0.056766778456149476,0.027187928551877388,independent_latents,0.3,0.1,0.04291918638897202,reward_population_rmse,logger1_heavy,3,78,0.0548674809531298,0.03314783778481656,0.01102225227094226,True
base,anchor_id,0.0,0.0,independent_latents,0.3,0.1,0.0,paired_heavy_increment_absolute_error,logger1_minus_logger2,3,78,0.0,0.0,0.0,True
base,anchor_id,0.0,0.0,independent_latents,0.3,0.1,0.0,paired_heavy_prediction_increment,logger1_minus_logger2,3,78,0.0,0.0,0.0,True
base,anchor_id,0.0,0.0,independent_latents,0.3,0.1,0.0,signed_heavy_neural_drift,logger1_minus_logger2,3,78,0.0,0.0,0.0,True
base,anchor_id,0.0,0.0,independent_latents,0.3,0.1,0.0,signed_heavy_population_drift,logger1_minus_logger2,3,78,0.0,0.0,0.0,True
minus,anchor_id,0.0,0.0,independent_latents,0.3,0.1,0.0,paired_heavy_increment_absolute_error,logger1_minus_logger2,3,78,0.0,0.0,0.0,True
minus,anchor_id,0.0,0.0,independent_latents,0.3,0.1,0.0,paired_heavy_prediction_increment,logger1_minus_logger2,3,78,0.0,0.0,0.0,True
minus,anchor_id,0.0,0.0,independent_latents,0.3,0.1,0.0,signed_heavy_neural_drift,logger1_minus_logger2,3,78,0.0,0.0,0.0,True
minus,anchor_id,1.5282172488536872e-16,1.2335811384723961e-17,independent_latents,0.3,0.1,7.97083197166779e-17,signed_heavy_population_drift,logger1_minus_logger2,3,78,7.97083197166779e-17,7.97083197166779e-17,0.0,True
plus,anchor_id,0.0,0.0,independent_latents,0.3,0.1,0.0,paired_heavy_increment_absolute_error,logger1_minus_logger2,3,78,0.0,0.0,0.0,True
plus,anchor_id,0.0,0.0,independent_latents,0.3,0.1,0.0,paired_heavy_prediction_increment,logger1_minus_logger2,3,78,0.0,0.0,0.0,True
plus,anchor_id,0.0,0.0,independent_latents,0.3,0.1,0.0,signed_heavy_neural_drift,logger1_minus_logger2,3,78,0.0,0.0,0.0,True
plus,anchor_id,1.556447278753344e-16,1.1849495743595422e-17,independent_latents,0.3,0.1,7.97083197166779e-17,signed_heavy_population_drift,logger1_minus_logger2,3,78,7.97083197166779e-17,7.97083197166779e-17,0.0,True
base,anchor_id,0.0,0.0,independent_latents,0.3,0.1,0.0,base_prediction_absolute_increment,logger2_heavy,3,78,0.0,0.0,0.0,True
base,anchor_id,0.0,0.0,independent_latents,0.3,0.1,0.0,paired_increment_absolute_error,logger2_heavy,3,78,0.0,0.0,0.0,True
base,anchor_id,0.0,0.0,independent_latents,0.3,0.1,0.0,paired_prediction_increment,logger2_heavy,3,78,0.0,0.0,0.0,True
base,anchor_id,0.03353769053148165,0.017525004260229838,independent_latents,0.3,0.1,0.024942072322099076,reward_population_mae,logger2_heavy,3,78,0.028307800364539667,0.023044676209888718,0.0029226901922403286,True
base,anchor_id,0.05945905556456397,0.027369407386946886,independent_latents,0.3,0.1,0.044512880760332864,reward_population_rmse,logger2_heavy,3,78,0.05767182456604673,0.03484516822280752,0.011807014092439653,True
minus,anchor_id,0.0,0.0,independent_latents,0.3,0.1,0.0,paired_increment_absolute_error,logger2_heavy,3,78,0.0,0.0,0.0,True
minus,anchor_id,0.0,0.0,independent_latents,0.3,0.1,0.0,paired_prediction_increment,logger2_heavy,3,78,0.0,0.0,0.0,True
minus,anchor_id,0.03454611399335267,0.018182084430331577,independent_latents,0.3,0.1,0.025468295557669145,reward_population_mae,logger2_heavy,3,78,0.029391267032359048,0.023486431185670644,0.0033974540735929523,True
minus,anchor_id,0.05993256383070833,0.028096031611228825,independent_latents,0.3,0.1,0.045269845953851806,reward_population_rmse,logger2_heavy,3,78,0.05858589979014851,0.03661874099530849,0.011703005058679113,True
plus,anchor_id,0.0,0.0,independent_latents,0.3,0.1,0.0,paired_increment_absolute_error,logger2_heavy,3,78,0.0,0.0,0.0,True
plus,anchor_id,0.0,0.0,independent_latents,0.3,0.1,0.0,paired_prediction_increment,logger2_heavy,3,78,0.0,0.0,0.0,True
plus,anchor_id,0.03306901884647936,0.017461865033305105,independent_latents,0.3,0.1,0.024577450732846465,reward_population_mae,logger2_heavy,3,78,0.0275470788083317,0.022273974452885,0.0026989305376143705,True
plus,anchor_id,0.05836828968762056,0.027300451500649008,independent_latents,0.3,0.1,0.042919186388972054,reward_population_rmse,logger2_heavy,3,78,0.054867480953129856,0.03314783778481659,0.011022252270942272,True
base,anchor_id,0.2954006301578276,0.22501225412768025,confounded,0.3,0.2,0.2587594439700704,base_leakage_over_balanced_direct_signal,all_primary,3,78,0.28522081557687023,0.21979973610649514,0.034454835896545105,True
base,anchor_id,0.03573528726007149,0.026927386426093786,confounded,0.3,0.2,0.031051133276408443,base_prediction_range_across_mixtures,all_primary,3,78,0.03422649786922443,0.026375968332779418,0.004134580307585412,True
all,anchor_id,0.006213509595194173,0.004724628255821955,confounded,0.3,0.2,0.005440367242672208,neural_decision_regret,logger12_balanced,3,78,0.0054403672426722085,0.0054403672426722085,1.0622968402425924e-18,True
all,anchor_id,0.9871794871794872,0.8974358974358975,confounded,0.3,0.2,0.9487179487179486,neural_do_ranking_disagreement,logger12_balanced,3,78,0.9487179487179487,0.9487179487179487,1.3597399555105182e-16,True
base,anchor_id,0.058158359986131725,0.03887184058363587,confounded,0.3,0.2,0.0484285558840589,base_prediction_absolute_increment,logger12_balanced,3,78,0.05230944458400215,0.04178415217046868,0.005781280698996158,True
base,anchor_id,0.05814398890512087,0.03966098968900911,confounded,0.3,0.2,0.0484285558840589,paired_increment_absolute_error,logger12_balanced,3,78,0.05230944458400215,0.04178415217046868,0.005781280698996158,True
base,anchor_id,0.02454259781881266,-0.003856556364345794,confounded,0.3,0.2,0.010134538641889823,paired_prediction_increment,logger12_balanced,3,78,0.01489897181531791,0.005506979441555913,0.004697491995797738,True
base,anchor_id,0.06303371940774942,0.043299300175369405,confounded,0.3,0.2,0.05294613817980919,reward_population_mae,logger12_balanced,3,78,0.05622701512795713,0.05121483710867051,0.002842775259005141,True
base,anchor_id,0.08233560452077053,0.056751453828640976,confounded,0.3,0.2,0.06989462663748043,reward_population_rmse,logger12_balanced,3,78,0.07501277009472553,0.06566420618389175,0.0047370825301182445,True
base,anchor_id,0.022621143833256172,-0.008291321710048115,confounded,0.3,0.2,0.007091413855924239,signed_balanced_neural_bias,logger12_balanced,3,78,0.009638383480044869,0.004304063859951031,0.002675271667458934,True
base,anchor_id,0.0,0.0,confounded,0.3,0.2,0.0,signed_balanced_population_bias,logger12_balanced,3,78,0.0,0.0,0.0,True
minus,anchor_id,0.0898279570090119,0.06474327579216876,confounded,0.3,0.2,0.07681398447164763,paired_increment_absolute_error,logger12_balanced,3,78,0.0783435879938883,0.07566726658144969,0.0013786316154389899,True
minus,anchor_id,-0.037731664791654164,-0.06770282880670864,confounded,0.3,0.2,-0.05314820665037292,paired_prediction_increment,logger12_balanced,3,78,-0.047891703450231894,-0.05854069432628246,0.005325797640052574,True
minus,anchor_id,0.08852707816703013,0.062421810626931695,confounded,0.3,0.2,0.07521562544340409,reward_population_mae,logger12_balanced,3,78,0.07634429877060447,0.07438996836565412,0.0010117884998860232,True
minus,anchor_id,0.11135109122615693,0.07998852751621277,confounded,0.3,0.2,0.09547947656985017,reward_population_rmse,logger12_balanced,3,78,0.09763693899068844,0.09408536354555364,0.0018948479520852289,True
minus,anchor_id,-0.03924487723852008,-0.07129559420411946,confounded,0.3,0.2,-0.05552119671838577,signed_balanced_neural_bias,logger12_balanced,3,78,-0.05014431400823158,-0.06059008923772643,0.0052296939207290205,True
minus,anchor_id,-0.1175142398972961,-0.1183603517772474,confounded,0.3,0.2,-0.11794326969145452,signed_balanced_population_bias,logger12_balanced,3,78,-0.11794326969145452,-0.11794326969145452,0.0,True
plus,anchor_id,0.07517583281599681,0.05413479954782383,confounded,0.3,0.2,0.06423308508360162,paired_increment_absolute_error,logger12_balanced,3,78,0.06946688197809817,0.06126503854316007,0.004546182732027446,True
plus,anchor_id,0.08847827393236257,0.060357887960114424,confounded,0.3,0.2,0.07403634235235303,paired_prediction_increment,logger12_balanced,3,78,0.08159987336664899,0.059609157989516014,0.012499207721540687,True
plus,anchor_id,0.07913544755306813,0.056949164978927845,confounded,0.3,0.2,0.0681486238860569,reward_population_mae,logger12_balanced,3,78,0.07364525457576518,0.06366090455263083,0.005068060569857284,True
plus,anchor_id,0.09794909464552688,0.07144433804098761,confounded,0.3,0.2,0.08519467502118128,reward_population_rmse,logger12_balanced,3,78,0.08893536449867077,0.08169039809814604,0.0036282644209195618,True
plus,anchor_id,0.08575991403594509,0.054670744118035665,confounded,0.3,0.2,0.07080263675339946,signed_balanced_neural_bias,logger12_balanced,3,78,0.07742273909164893,0.05943973723408092,0.009885225479365208,True
plus,anchor_id,0.11774515535514539,0.11687494973671413,confounded,0.3,0.2,0.11730426966988307,signed_balanced_population_bias,logger12_balanced,3,78,0.11730426966988307,0.11730426966988307,0.0,True
base,anchor_id,0.06876761400129183,0.046398456688221124,confounded,0.3,0.2,0.05684506979697746,base_prediction_absolute_increment,logger1_heavy,3,78,0.05952287430168079,0.054299553234911486,0.002614172109189526,True
base,anchor_id,0.06840226035706004,0.04666549403103742,confounded,0.3,0.2,0.05684506979697746,paired_increment_absolute_error,logger1_heavy,3,78,0.05952287430168079,0.054299553234911486,0.002614172109189526,True
base,anchor_id,0.03232992535467197,-0.0006066601040388041,confounded,0.3,0.2,0.016096648774544326,paired_prediction_increment,logger1_heavy,3,78,0.02414838284954038,0.007556202831145069,0.00830687901130429,True
base,anchor_id,0.07092031307552321,0.04884213423072576,confounded,0.3,0.2,0.05981291994765086,reward_population_mae,logger1_heavy,3,78,0.0640571077250188,0.05525925790336107,0.004407081927140205,True
base,anchor_id,0.09197338402222,0.06368510400748639,confounded,0.3,0.2,0.07826797906966614,reward_population_rmse,logger1_heavy,3,78,0.08299116993191685,0.07387722428116257,0.004566058107226851,True
minus,anchor_id,0.12284893776085366,0.09329407099359845,confounded,0.3,0.2,0.1078435581806395,paired_increment_absolute_error,logger1_heavy,3,78,0.11930924828516475,0.10133305500964578,0.00995998440407337,True
minus,anchor_id,-0.03263569559804861,-0.0669746436459905,confounded,0.3,0.2,-0.050077427827108605,paired_prediction_increment,logger1_heavy,3,78,-0.034997535795501133,-0.062177682035445034,0.013832887210361569,True
minus,anchor_id,0.11840798271169482,0.08895173856773475,confounded,0.3,0.2,0.10322678370075644,reward_population_mae,logger1_heavy,3,78,0.11298439963404416,0.09721330772194572,0.008526181620397111,True
minus,anchor_id,0.14318639712130257,0.10687061369656115,confounded,0.3,0.2,0.1247400330896805,reward_population_rmse,logger1_heavy,3,78,0.13223720489479554,0.12088330839713396,0.006493641721288547,True
plus,anchor_id,0.09725929705002151,0.0730419062402485,confounded,0.3,0.2,0.08501064368584087,paired_increment_absolute_error,logger1_heavy,3,78,0.08931996069334967,0.08039177962557596,0.004472132469878405,True
plus,anchor_id,0.09991397806737508,0.06614001490585024,confounded,0.3,0.2,0.08333856280784223,paired_prediction_increment,logger1_heavy,3,78,0.08686295301607314,0.07980167830239533,0.0035306539374602517,True
plus,anchor_id,0.10083558296995733,0.07606684291109393,confounded,0.3,0.2,0.08805297731558998,reward_population_mae,logger1_heavy,3,78,0.09307534123097486,0.08474993806337551,0.004420988854182724,True
plus,anchor_id,0.118092429187503,0.0920470674328409,confounded,0.3,0.2,0.10528930523670031,reward_population_rmse,logger1_heavy,3,78,0.11094051012361536,0.10199901605422164,0.004916098175468181,True
base,anchor_id,0.03224597672201993,0.02246128311842373,confounded,0.3,0.2,0.026979057427192366,paired_heavy_increment_absolute_error,logger1_minus_logger2,3,78,0.030406037570901427,0.024046680754404193,0.0032083997919473343,True
base,anchor_id,0.012341940943077147,-0.002374235524200402,confounded,0.3,0.2,0.004894570165696329,paired_heavy_prediction_increment,logger1_minus_logger2,3,78,0.013173651191798941,-0.002989091622848402,0.008088623560481827,True
base,anchor_id,0.011045948511500654,-0.003864106053119812,confounded,0.3,0.2,0.003739870960355914,signed_heavy_neural_drift,logger1_minus_logger2,3,78,0.009364449052862222,-0.0011127260190686354,0.005281076168849352,True
base,anchor_id,0.0,0.0,confounded,0.3,0.2,0.0,signed_heavy_population_drift,logger1_minus_logger2,3,78,0.0,0.0,0.0,True
minus,anchor_id,0.05677440609780129,0.04341543952029436,confounded,0.3,0.2,0.05013953645649477,paired_heavy_increment_absolute_error,logger1_minus_logger2,3,78,0.0648649117610866,0.03730462730847305,0.013877057198631691,True
minus,anchor_id,-0.00708162412522451,-0.022139342606053644,confounded,0.3,0.2,-0.014847880969309531,paired_heavy_prediction_increment,logger1_minus_logger2,3,78,0.0017565255544166668,-0.02812205050935786,0.01521513015637007,True
minus,anchor_id,-0.007498180119148722,-0.022140729079107465,confounded,0.3,0.2,-0.01479427780527897,signed_heavy_neural_drift,logger1_minus_logger2,3,78,0.0002593472666670925,-0.025382154009548383,0.01339137153679213,True
minus,anchor_id,-0.060939543145590525,-0.061385625706181356,confounded,0.3,0.2,-0.06115576946964301,signed_heavy_population_drift,logger1_minus_logger2,3,78,-0.06115576946964301,-0.06115576946964301,0.0,True
plus,anchor_id,0.049211470474296214,0.0376287925542303,confounded,0.3,0.2,0.04328351052763398,paired_heavy_increment_absolute_error,logger1_minus_logger2,3,78,0.04545237946592455,0.04079796851998672,0.002343308918614512,True
plus,anchor_id,0.03218523314895381,0.01685771113424255,confounded,0.3,0.2,0.02464277926011732,paired_heavy_prediction_increment,logger1_minus_logger2,3,78,0.02760732369096865,0.021524525408710988,0.003044310870317732,True
plus,anchor_id,0.029381243821637943,0.015370243952587521,confounded,0.3,0.2,0.022349666404256688,signed_heavy_neural_drift,logger1_minus_logger2,3,78,0.025401962131101,0.019024552183510967,0.0031974461462026295,True
plus,anchor_id,0.06105544623534153,0.06059760623852731,confounded,0.3,0.2,0.06082443612512436,signed_heavy_population_drift,logger1_minus_logger2,3,78,0.06082443612512435,0.06082443612512435,8.498374721940739e-18,True
base,anchor_id,0.04658425065236049,0.03191524244667981,confounded,0.3,0.2,0.0389975556813647,base_prediction_absolute_increment,logger2_heavy,3,78,0.040149204425298034,0.03700768484363349,0.0017303897044867072,True
base,anchor_id,0.04657878527188952,0.031649351635044946,confounded,0.3,0.2,0.0389975556813647,paired_increment_absolute_error,logger2_heavy,3,78,0.040149204425298034,0.03700768484363349,0.0017303897044867072,True
base,anchor_id,0.022674700009665334,0.00024217984248518172,confounded,0.3,0.2,0.011202078608847997,paired_prediction_increment,logger2_heavy,3,78,0.01957445226579593,0.003057051903006621,0.00826104676559219,True
base,anchor_id,0.053628729602707925,0.03646524597864346,confounded,0.3,0.2,0.04479129269039037,reward_population_mae,logger2_heavy,3,78,0.0462640567952202,0.042717739390610285,0.0018479184305960443,True
base,anchor_id,0.0703465755184795,0.04871093310123195,confounded,0.3,0.2,0.05953794867094747,reward_population_rmse,logger2_heavy,3,78,0.061453407257054116,0.05636234793630288,0.0027696010412590817,True
minus,anchor_id,0.07078362081078211,0.05156589739639678,confounded,0.3,0.2,0.060880064368449144,paired_increment_absolute_error,logger2_heavy,3,78,0.06716389160069634,0.05535065671189006,0.00594264177842343,True
minus,anchor_id,-0.02359724944063174,-0.04661078661270057,confounded,0.3,0.2,-0.035229546857799075,paired_prediction_increment,logger2_heavy,3,78,-0.024935015141021782,-0.04399956408245763,0.009623272048145094,True
minus,anchor_id,0.07281471122436499,0.05148276605989686,confounded,0.3,0.2,0.06176451719883971,reward_population_mae,logger2_heavy,3,78,0.06652873102557708,0.05911449042290643,0.0041346198244715665,True
minus,anchor_id,0.0911171735140493,0.06533098231927364,confounded,0.3,0.2,0.07778817290395813,reward_population_rmse,logger2_heavy,3,78,0.08162133653517141,0.07564079378963415,0.003327630532501669,True
plus,anchor_id,0.054873023733191646,0.03916760287903974,confounded,0.3,0.2,0.04682669463687272,paired_increment_absolute_error,logger2_heavy,3,78,0.05068681497584748,0.04269100433618621,0.004005021978613659,True
plus,anchor_id,0.07024011109918536,0.047686159778849345,confounded,0.3,0.2,0.05869578354772489,paired_prediction_increment,logger2_heavy,3,78,0.06533842760736214,0.05219435461142669,0.006573174272291477,True
plus,anchor_id,0.06224579662769855,0.04373966136163566,confounded,0.3,0.2,0.05265759103081091,reward_population_mae,logger2_heavy,3,78,0.05706330983677198,0.04926089807206925,0.003997875336570724,True
plus,anchor_id,0.07942777861855109,0.0563736186288748,confounded,0.3,0.2,0.06775233908886517,reward_population_rmse,logger2_heavy,3,78,0.0730228472379503,0.06413297683654401,0.0046692784258116704,True
base,anchor_id,0.0,0.0,independent_latents,0.3,0.2,0.0,base_leakage_over_balanced_direct_signal,all_primary,3,78,0.0,0.0,0.0,True
base,anchor_id,0.0,0.0,independent_latents,0.3,0.2,0.0,base_prediction_range_across_mixtures,all_primary,3,78,0.0,0.0,0.0,True
all,anchor_id,0.0024940543861607244,0.001365462157331858,independent_latents,0.3,0.2,0.0019048311738205433,neural_decision_regret,logger12_balanced,3,78,0.0021253883642395974,0.0017444976303937943,0.0001974578525285559,True
all,anchor_id,0.5941239316239315,0.38023504273504277,independent_latents,0.3,0.2,0.4829059829059829,neural_do_ranking_disagreement,logger12_balanced,3,78,0.5128205128205128,0.44871794871794873,0.03226424972337924,True
base,anchor_id,0.0,0.0,independent_latents,0.3,0.2,0.0,base_prediction_absolute_increment,logger12_balanced,3,78,0.0,0.0,0.0,True
base,anchor_id,0.0,0.0,independent_latents,0.3,0.2,0.0,paired_increment_absolute_error,logger12_balanced,3,78,0.0,0.0,0.0,True
base,anchor_id,0.0,0.0,independent_latents,0.3,0.2,0.0,paired_prediction_increment,logger12_balanced,3,78,0.0,0.0,0.0,True
base,anchor_id,0.03359840472711851,0.017715950306788127,independent_latents,0.3,0.2,0.02494207232209908,reward_population_mae,logger12_balanced,3,78,0.028307800364539677,0.023044676209888718,0.0029226901922403343,True
base,anchor_id,0.05929270742287226,0.028184269577034033,independent_latents,0.3,0.2,0.044512880760332864,reward_population_rmse,logger12_balanced,3,78,0.05767182456604673,0.03484516822280752,0.011807014092439653,True
base,anchor_id,0.005352907336952162,-0.014247913985520217,independent_latents,0.3,0.2,-0.004374441404749026,signed_balanced_neural_bias,logger12_balanced,3,78,-0.00023259102047004155,-0.009593355155233248,0.004772423432364663,True
base,anchor_id,0.0,0.0,independent_latents,0.3,0.2,0.0,signed_balanced_population_bias,logger12_balanced,3,78,0.0,0.0,0.0,True
minus,anchor_id,0.0,0.0,independent_latents,0.3,0.2,0.0,paired_increment_absolute_error,logger12_balanced,3,78,0.0,0.0,0.0,True
minus,anchor_id,0.0,0.0,independent_latents,0.3,0.2,0.0,paired_prediction_increment,logger12_balanced,3,78,0.0,0.0,0.0,True
minus,anchor_id,0.03434606193941187,0.01808053677657142,independent_latents,0.3,0.2,0.02546829555766923,reward_population_mae,logger12_balanced,3,78,0.02939126703235912,0.02348643118567075,0.0033974540735929423,True
minus,anchor_id,0.060039300999848055,0.028002955066376813,independent_latents,0.3,0.2,0.04526984595385186,reward_population_rmse,logger12_balanced,3,78,0.05858589979014853,0.03661874099530856,0.011703005058679071,True
minus,anchor_id,0.00469978164129826,-0.015323330592762535,independent_latents,0.3,0.2,-0.0051695652337833894,signed_balanced_neural_bias,logger12_balanced,3,78,-0.0022007800644993124,-0.010722390664794058,0.00481273413575194,True
minus,anchor_id,3.1884514022381234e-16,2.025682565656883e-16,independent_latents,0.3,0.2,2.590520390792032e-16,signed_balanced_population_bias,logger12_balanced,3,78,2.590520390792032e-16,2.590520390792032e-16,0.0,True
plus,anchor_id,0.0,0.0,independent_latents,0.3,0.2,0.0,paired_increment_absolute_error,logger12_balanced,3,78,0.0,0.0,0.0,True
plus,anchor_id,0.0,0.0,independent_latents,0.3,0.2,0.0,paired_prediction_increment,logger12_balanced,3,78,0.0,0.0,0.0,True
plus,anchor_id,0.033020826765149246,0.01762394654497291,independent_latents,0.3,0.2,0.02457745073284645,reward_population_mae,logger12_balanced,3,78,0.02754707880833169,0.02227397445288497,0.002698930537614378,True
plus,anchor_id,0.05726404222572904,0.026745473170149383,independent_latents,0.3,0.2,0.04291918638897207,reward_population_rmse,logger12_balanced,3,78,0.05486748095312984,0.03314783778481654,0.011022252270942282,True
plus,anchor_id,0.005637415420574094,-0.013175247849996347,independent_latents,0.3,0.2,-0.00327068709017362,signed_balanced_neural_bias,logger12_balanced,3,78,0.0009463372177777311,-0.0073501648925093106,0.0041499609754074365,True
plus,anchor_id,3.2311522878006293e-16,1.9783557508251052e-16,independent_latents,0.3,0.2,2.590520390792032e-16,signed_balanced_population_bias,logger12_balanced,3,78,2.590520390792032e-16,2.590520390792032e-16,0.0,True
base,anchor_id,0.0,0.0,independent_latents,0.3,0.2,0.0,base_prediction_absolute_increment,logger1_heavy,3,78,0.0,0.0,0.0,True
base,anchor_id,0.0,0.0,independent_latents,0.3,0.2,0.0,paired_increment_absolute_error,logger1_heavy,3,78,0.0,0.0,0.0,True
base,anchor_id,0.0,0.0,independent_latents,0.3,0.2,0.0,paired_prediction_increment,logger1_heavy,3,78,0.0,0.0,0.0,True
base,anchor_id,0.03321598021590775,0.0175757438939867,independent_latents,0.3,0.2,0.02494207232209908,reward_population_mae,logger1_heavy,3,78,0.028307800364539677,0.023044676209888718,0.0029226901922403343,True
base,anchor_id,0.06032018676794496,0.02749475503376074,independent_latents,0.3,0.2,0.044512880760332864,reward_population_rmse,logger1_heavy,3,78,0.05767182456604673,0.03484516822280752,0.011807014092439653,True
minus,anchor_id,0.0,0.0,independent_latents,0.3,0.2,0.0,paired_increment_absolute_error,logger1_heavy,3,78,0.0,0.0,0.0,True
minus,anchor_id,0.0,0.0,independent_latents,0.3,0.2,0.0,paired_prediction_increment,logger1_heavy,3,78,0.0,0.0,0.0,True
minus,anchor_id,0.03427080229551743,0.017966166489507922,independent_latents,0.3,0.2,0.02546829555766918,reward_population_mae,logger1_heavy,3,78,0.02939126703235906,0.02348643118567071,0.00339745407359293,True
minus,anchor_id,0.06015976256198564,0.02842045395905839,independent_latents,0.3,0.2,0.04526984595385181,reward_population_rmse,logger1_heavy,3,78,0.058585899790148506,0.03661874099530853,0.01170300505867909,True
plus,anchor_id,0.0,0.0,independent_latents,0.3,0.2,0.0,paired_increment_absolute_error,logger1_heavy,3,78,0.0,0.0,0.0,True
plus,anchor_id,0.0,0.0,independent_latents,0.3,0.2,0.0,paired_prediction_increment,logger1_heavy,3,78,0.0,0.0,0.0,True
plus,anchor_id,0.03301073701158638,0.017665337316153093,independent_latents,0.3,0.2,0.024577450732846465,reward_population_mae,logger1_heavy,3,78,0.027547078808331682,0.022273974452884985,0.002698930537614363,True
plus,anchor_id,0.05752268897119198,0.02686485286900599,independent_latents,0.3,0.2,0.042919186388972075,reward_population_rmse,logger1_heavy,3,78,0.05486748095312983,0.0331478377848166,0.01102225227094225,True
base,anchor_id,0.0,0.0,independent_latents,0.3,0.2,0.0,paired_heavy_increment_absolute_error,logger1_minus_logger2,3,78,0.0,0.0,0.0,True
base,anchor_id,0.0,0.0,independent_latents,0.3,0.2,0.0,paired_heavy_prediction_increment,logger1_minus_logger2,3,78,0.0,0.0,0.0,True
base,anchor_id,0.0,0.0,independent_latents,0.3,0.2,0.0,signed_heavy_neural_drift,logger1_minus_logger2,3,78,0.0,0.0,0.0,True
base,anchor_id,0.0,0.0,independent_latents,0.3,0.2,0.0,signed_heavy_population_drift,logger1_minus_logger2,3,78,0.0,0.0,0.0,True
minus,anchor_id,0.0,0.0,independent_latents,0.3,0.2,0.0,paired_heavy_increment_absolute_error,logger1_minus_logger2,3,78,0.0,0.0,0.0,True
minus,anchor_id,0.0,0.0,independent_latents,0.3,0.2,0.0,paired_heavy_prediction_increment,logger1_minus_logger2,3,78,0.0,0.0,0.0,True
minus,anchor_id,0.0,0.0,independent_latents,0.3,0.2,0.0,signed_heavy_neural_drift,logger1_minus_logger2,3,78,0.0,0.0,0.0,True
minus,anchor_id,1.1435534380781125e-16,-1.0449855605713277e-17,independent_latents,0.3,0.2,5.124106267500722e-17,signed_heavy_population_drift,logger1_minus_logger2,3,78,5.124106267500723e-17,5.124106267500723e-17,7.548073030552817e-33,True
plus,anchor_id,0.0,0.0,independent_latents,0.3,0.2,0.0,paired_heavy_increment_absolute_error,logger1_minus_logger2,3,78,0.0,0.0,0.0,True
plus,anchor_id,0.0,0.0,independent_latents,0.3,0.2,0.0,paired_heavy_prediction_increment,logger1_minus_logger2,3,78,0.0,0.0,0.0,True
plus,anchor_id,0.0,0.0,independent_latents,0.3,0.2,0.0,signed_heavy_neural_drift,logger1_minus_logger2,3,78,0.0,0.0,0.0,True
plus,anchor_id,1.1579056801699545e-16,-2.870448418368459e-18,independent_latents,0.3,0.2,5.693451408334136e-17,signed_heavy_population_drift,logger1_minus_logger2,3,78,5.693451408334136e-17,5.693451408334136e-17,0.0,True
base,anchor_id,0.0,0.0,independent_latents,0.3,0.2,0.0,base_prediction_absolute_increment,logger2_heavy,3,78,0.0,0.0,0.0,True
base,anchor_id,0.0,0.0,independent_latents,0.3,0.2,0.0,paired_increment_absolute_error,logger2_heavy,3,78,0.0,0.0,0.0,True
base,anchor_id,0.0,0.0,independent_latents,0.3,0.2,0.0,paired_prediction_increment,logger2_heavy,3,78,0.0,0.0,0.0,True
base,anchor_id,0.03374739744916247,0.017377616361736997,independent_latents,0.3,0.2,0.02494207232209908,reward_population_mae,logger2_heavy,3,78,0.028307800364539677,0.023044676209888718,0.0029226901922403343,True
base,anchor_id,0.05963452961896936,0.027021897039699528,independent_latents,0.3,0.2,0.044512880760332864,reward_population_rmse,logger2_heavy,3,78,0.05767182456604673,0.03484516822280752,0.011807014092439653,True
minus,anchor_id,0.0,0.0,independent_latents,0.3,0.2,0.0,paired_increment_absolute_error,logger2_heavy,3,78,0.0,0.0,0.0,True
minus,anchor_id,0.0,0.0,independent_latents,0.3,0.2,0.0,paired_prediction_increment,logger2_heavy,3,78,0.0,0.0,0.0,True
minus,anchor_id,0.03457289116594773,0.01795787538672804,independent_latents,0.3,0.2,0.02546829555766913,reward_population_mae,logger2_heavy,3,78,0.029391267032359034,0.023486431185670648,0.003397454073592954,True
minus,anchor_id,0.0601835441341698,0.028122757607613055,independent_latents,0.3,0.2,0.04526984595385178,reward_population_rmse,logger2_heavy,3,78,0.058585899790148464,0.03661874099530847,0.011703005058679094,True
plus,anchor_id,0.0,0.0,independent_latents,0.3,0.2,0.0,paired_increment_absolute_error,logger2_heavy,3,78,0.0,0.0,0.0,True
plus,anchor_id,0.0,0.0,independent_latents,0.3,0.2,0.0,paired_prediction_increment,logger2_heavy,3,78,0.0,0.0,0.0,True
plus,anchor_id,0.03291502728937668,0.017587391921988153,independent_latents,0.3,0.2,0.024577450732846454,reward_population_mae,logger2_heavy,3,78,0.027547078808331665,0.02227397445288501,0.002698930537614347,True
plus,anchor_id,0.057136644598484776,0.026753053689760737,independent_latents,0.3,0.2,0.04291918638897207,reward_population_rmse,logger2_heavy,3,78,0.05486748095312982,0.03314783778481663,0.011022252270942237,True
base,anchor_id,0.08150087777688987,0.06165458954855307,confounded,0.3,all,0.07157867206671464,base_prediction_range_across_mixture_and_lambda,all_primary,3,78,0.07587825539858017,0.06632196494019696,0.004849508872036788,True
base,anchor_id,0.0,0.0,independent_latents,0.3,all,0.0,base_prediction_range_across_mixture_and_lambda,all_primary,3,78,0.0,0.0,0.0,True
