action,ci_high,ci_low,condition,kappa,lambda_reward,mean,metric,mixture,model_seed,n_anchors,sd,statistical_unit,theoretical_slope
minus,0.03072858921210408,0.016072837842615845,confounded,0.0,0.0,0.02296464848041751,reward_population_mae,logger1_heavy,0,78,0.03381557348514877,anchor_id,
minus,0.054723967890382426,0.02632125433517059,confounded,0.0,0.0,0.04069653453504495,reward_population_rmse,logger1_heavy,0,78,0.005310360901254234,anchor_id,
base,0.029676166688732897,0.015256695318293784,confounded,0.0,0.0,0.02196777373158131,reward_population_mae,logger1_heavy,0,78,0.032789308361949335,anchor_id,
base,0.053380511536628636,0.025698113969856776,confounded,0.0,0.0,0.03929297641488045,reward_population_rmse,logger1_heavy,0,78,0.005055400874158535,anchor_id,
plus,0.029845077938169356,0.016911460790811815,confounded,0.0,0.0,0.022783186735524825,reward_population_mae,logger1_heavy,0,78,0.030814745963422742,anchor_id,
plus,0.05137127655514852,0.02441441218277551,confounded,0.0,0.0,0.038163444118897306,reward_population_rmse,logger1_heavy,0,78,0.004676252601738613,anchor_id,
minus,0.03093684599267117,0.016311772896658864,confounded,0.0,0.0,0.02296464848041749,reward_population_mae,logger12_balanced,0,78,0.033815573485148756,anchor_id,
minus,0.054194661017019495,0.026028014645998267,confounded,0.0,0.0,0.04069653453504493,reward_population_rmse,logger12_balanced,0,78,0.0053103609012542345,anchor_id,
base,0.02983394883739458,0.01566491091330781,confounded,0.0,0.0,0.02196777373158131,reward_population_mae,logger12_balanced,0,78,0.032789308361949335,anchor_id,
base,0.053193020325811496,0.02512486253205271,confounded,0.0,0.0,0.03929297641488045,reward_population_rmse,logger12_balanced,0,78,0.005055400874158535,anchor_id,
plus,0.030171285014401115,0.016523448349252196,confounded,0.0,0.0,0.022783186735524805,reward_population_mae,logger12_balanced,0,78,0.030814745963422745,anchor_id,
plus,0.051239493044075726,0.024627924937611248,confounded,0.0,0.0,0.0381634441188973,reward_population_rmse,logger12_balanced,0,78,0.004676252601738627,anchor_id,
minus,0.03164408320634949,0.016149051670487902,confounded,0.0,0.0,0.022964648480417467,reward_population_mae,logger2_heavy,0,78,0.03381557348514875,anchor_id,
minus,0.05450721182286032,0.02650961535743372,confounded,0.0,0.0,0.04069653453504492,reward_population_rmse,logger2_heavy,0,78,0.0053103609012542345,anchor_id,
base,0.029285166588492582,0.015291250905989394,confounded,0.0,0.0,0.02196777373158131,reward_population_mae,logger2_heavy,0,78,0.032789308361949335,anchor_id,
base,0.05302257079565638,0.025073084061592674,confounded,0.0,0.0,0.03929297641488045,reward_population_rmse,logger2_heavy,0,78,0.005055400874158535,anchor_id,
plus,0.030085014766953126,0.01665209501432843,confounded,0.0,0.0,0.022783186735524798,reward_population_mae,logger2_heavy,0,78,0.030814745963422742,anchor_id,
plus,0.05065335727950315,0.025090586467516142,confounded,0.0,0.0,0.038163444118897286,reward_population_rmse,logger2_heavy,0,78,0.004676252601738612,anchor_id,
minus,0.005274010797722415,-0.012648052066854962,confounded,0.0,0.0,-0.0034695578018040965,signed_balanced_neural_bias,logger12_balanced,0,78,0.04081081903316076,anchor_id,
minus,-1.708035422500241e-17,-9.109522253334617e-17,confounded,0.0,0.0,-5.124106267500723e-17,signed_balanced_population_bias,logger12_balanced,0,78,1.750323723175451e-16,anchor_id,
minus,0.0,0.0,confounded,0.0,0.0,0.0,signed_heavy_neural_drift,logger1_minus_logger2,0,78,0.0,anchor_id,
minus,2.135755959551342e-16,5.124106267500723e-17,confounded,0.0,0.0,1.3237274524376866e-16,signed_heavy_population_drift,logger1_minus_logger2,0,78,3.592224512535847e-16,anchor_id,
base,0.004909449492244268,-0.012344094874382391,confounded,0.0,0.0,-0.00322208114621094,signed_balanced_neural_bias,logger12_balanced,0,78,0.03941411552687189,anchor_id,
base,0.0,0.0,confounded,0.0,0.0,0.0,signed_balanced_population_bias,logger12_balanced,0,78,0.0,anchor_id,
base,0.0,0.0,confounded,0.0,0.0,0.0,signed_heavy_neural_drift,logger1_minus_logger2,0,78,0.0,anchor_id,
base,0.0,0.0,confounded,0.0,0.0,0.0,signed_heavy_population_drift,logger1_minus_logger2,0,78,0.0,anchor_id,
plus,0.005017235310334404,-0.011300122489598855,confounded,0.0,0.0,-0.0031371088496658086,signed_balanced_neural_bias,logger12_balanced,0,78,0.038280466548535064,anchor_id,
plus,5.152573524542394e-16,3.7146212032250033e-16,confounded,0.0,0.0,4.455125727021461e-16,signed_balanced_population_bias,logger12_balanced,0,78,3.137602326387882e-16,anchor_id,
plus,0.0,0.0,confounded,0.0,0.0,0.0,signed_heavy_neural_drift,logger1_minus_logger2,0,78,0.0,anchor_id,
plus,1.25255930983351e-16,5.693451408334136e-18,confounded,0.0,0.0,6.26279654916755e-17,signed_heavy_population_drift,logger1_minus_logger2,0,78,2.651464952109841e-16,anchor_id,
all,0.5256410256410257,0.2948717948717949,confounded,0.0,0.0,0.41025641025641024,neural_do_ranking_disagreement,logger12_balanced,0,78,0.4950638798056722,anchor_id,
all,0.002262161421928894,0.0011556861924426343,confounded,0.0,0.0,0.001692100478083342,neural_decision_regret,logger12_balanced,0,78,0.002631698112217872,anchor_id,
base,0.0,0.0,confounded,0.0,0.0,0.0,base_prediction_range_across_mixtures,all_primary,0,78,0.0,anchor_id,
minus,0.037843323952061206,0.023772396066938237,confounded,0.0,0.05,0.030444972467220752,reward_population_mae,logger1_heavy,0,78,0.033836007844914966,anchor_id,
minus,0.05626470629005327,0.03359128452817992,confounded,0.0,0.05,0.04535519689432244,reward_population_rmse,logger1_heavy,0,78,0.00459866361077213,anchor_id,
minus,-0.02472941045286685,-0.03792331220337445,confounded,0.0,0.05,-0.03156283299714296,paired_prediction_increment,logger1_heavy,0,78,0.030876640609597855,anchor_id,
minus,0.02744193501204883,0.017196953279484496,confounded,0.0,0.05,0.022171159062775964,paired_increment_absolute_error,logger1_heavy,0,78,0.02223847814534438,anchor_id,
base,0.03679051374291471,0.0224634448667689,confounded,0.0,0.05,0.028833219071248983,reward_population_mae,logger1_heavy,0,78,0.03227514730366531,anchor_id,
base,0.054440784972960725,0.029696295130871422,confounded,0.0,0.05,0.043124061936177786,reward_population_rmse,logger1_heavy,0,78,0.0047941532543656655,anchor_id,
base,0.006420700946142139,-0.007453848491650714,confounded,0.0,0.05,6.615936981089996e-05,paired_prediction_increment,logger1_heavy,0,78,0.02957396596941533,anchor_id,
base,0.02578921991061126,0.016820981699688767,confounded,0.0,0.05,0.02092766873996532,paired_increment_absolute_error,logger1_heavy,0,78,0.020759785425656114,anchor_id,
base,0.025691003012294163,0.016793265636925223,confounded,0.0,0.05,0.02092766873996532,base_prediction_absolute_increment,logger1_heavy,0,78,0.020759785425656114,anchor_id,
plus,0.035458566855849014,0.02129564166746536,confounded,0.0,0.05,0.027458473260560827,reward_population_mae,logger1_heavy,0,78,0.031398271071881714,anchor_id,
plus,0.0543802801382783,0.028123210846716793,confounded,0.0,0.05,0.04155935585706612,reward_population_rmse,logger1_heavy,0,78,0.004868240215181157,anchor_id,
plus,0.038474075430905946,0.025347398498979642,confounded,0.0,0.05,0.031873474612923544,paired_prediction_increment,logger1_heavy,0,78,0.029093942281028715,anchor_id,
plus,0.025436055102082463,0.015644847827427286,confounded,0.0,0.05,0.020166492420279236,paired_increment_absolute_error,logger1_heavy,0,78,0.02167491498542818,anchor_id,
minus,0.03808708764764943,0.021829042318687264,confounded,0.0,0.05,0.029374071863299597,reward_population_mae,logger12_balanced,0,78,0.03656371316800662,anchor_id,
minus,0.060744693717010835,0.031703348508825745,confounded,0.0,0.05,0.046718319845898505,reward_population_rmse,logger12_balanced,0,78,0.00632014145972464,anchor_id,
minus,-0.017823338742798386,-0.029493890208452386,confounded,0.0,0.05,-0.023585600507563434,paired_prediction_increment,logger12_balanced,0,78,0.026176357886447163,anchor_id,
minus,0.023296632981932682,0.01503761235613166,confounded,0.0,0.05,0.01904731633238157,paired_increment_absolute_error,logger12_balanced,0,78,0.018957020502372093,anchor_id,
base,0.0355332955782152,0.02033509205241993,confounded,0.0,0.05,0.027234908914905445,reward_population_mae,logger12_balanced,0,78,0.03534126708585093,anchor_id,
base,0.06019157040314302,0.02856472803102337,confounded,0.0,0.05,0.044437962781610586,reward_population_rmse,logger12_balanced,0,78,0.006311506396265564,anchor_id,
base,0.007719901211458772,-0.003868904867585737,confounded,0.0,0.05,0.002110521933308054,paired_prediction_increment,logger12_balanced,0,78,0.025778735590413816,anchor_id,
base,0.02245773059206601,0.014682687671282326,confounded,0.0,0.05,0.01853186987437574,paired_increment_absolute_error,logger12_balanced,0,78,0.017921077703037615,anchor_id,
base,0.02265829667564412,0.014713071579760359,confounded,0.0,0.05,0.01853186987437574,base_prediction_absolute_increment,logger12_balanced,0,78,0.017921077703037615,anchor_id,
plus,0.03409769705934351,0.01890971379989987,confounded,0.0,0.05,0.025555811681551514,reward_population_mae,logger12_balanced,0,78,0.033716551078126246,anchor_id,
plus,0.056471970911466045,0.02585910235195072,confounded,0.0,0.05,0.04213467566934172,reward_population_rmse,logger12_balanced,0,78,0.005964247881405815,anchor_id,
plus,0.032920303489775336,0.02254483327344573,confounded,0.0,0.05,0.02794250730354609,paired_prediction_increment,logger12_balanced,0,78,0.025235111550276794,anchor_id,
plus,0.02217842811166589,0.014233957795890267,confounded,0.0,0.05,0.01795563452003158,paired_increment_absolute_error,logger12_balanced,0,78,0.01773435147613542,anchor_id,
minus,0.0342906271718731,0.01853937445427824,confounded,0.0,0.05,0.02526670556939667,reward_population_mae,logger2_heavy,0,78,0.036199807605966104,anchor_id,
minus,0.06026922629293254,0.027078488804240453,confounded,0.0,0.05,0.04395488763265905,reward_population_rmse,logger2_heavy,0,78,0.006569945962554541,anchor_id,
minus,-0.013990644431499864,-0.02233082168739071,confounded,0.0,0.05,-0.01823353092058066,paired_prediction_increment,logger2_heavy,0,78,0.018407565963002387,anchor_id,
minus,0.01633042833948197,0.010525377838011345,confounded,0.0,0.05,0.013404513088169381,paired_increment_absolute_error,logger2_heavy,0,78,0.013150675712089202,anchor_id,
base,0.03179453611474205,0.0160839742846355,confounded,0.0,0.05,0.023252355911988827,reward_population_mae,logger2_heavy,0,78,0.03567278857240923,anchor_id,
base,0.059809037212290916,0.024725882019151765,confounded,0.0,0.05,0.042389918424480075,reward_population_rmse,logger2_heavy,0,78,0.006919477202922075,anchor_id,
base,0.004417004848488522,-0.003450100432621098,confounded,0.0,0.05,0.0005132302645970563,paired_prediction_increment,logger2_heavy,0,78,0.01867619566108823,anchor_id,
base,0.01633866265623285,0.010597548470899528,confounded,0.0,0.05,0.01331554048082511,paired_increment_absolute_error,logger2_heavy,0,78,0.013017712849571783,anchor_id,
base,0.016304965408045404,0.010681010650974319,confounded,0.0,0.05,0.01331554048082511,base_prediction_absolute_increment,logger2_heavy,0,78,0.013017712849571783,anchor_id,
plus,0.029626359903764776,0.015168784802215873,confounded,0.0,0.05,0.021733712746003785,reward_population_mae,logger2_heavy,0,78,0.033924301750779,anchor_id,
plus,0.05679076709588436,0.0218752201500717,confounded,0.0,0.05,0.040105584724128555,reward_population_rmse,logger2_heavy,0,78,0.006334350826062316,anchor_id,
plus,0.02322008549663976,0.015206567914399487,confounded,0.0,0.05,0.019285035480260455,paired_prediction_increment,logger2_heavy,0,78,0.01821603998979447,anchor_id,
plus,0.016262408185894923,0.010414946009070093,confounded,0.0,0.05,0.013161044412653767,paired_increment_absolute_error,logger2_heavy,0,78,0.012849148143085727,anchor_id,
minus,-0.01711630949175488,-0.037944900037683756,confounded,0.0,0.05,-0.027055158309367534,signed_balanced_neural_bias,logger12_balanced,0,78,0.046927200693295694,anchor_id,
minus,-0.029999999999999902,-0.03,confounded,0.0,0.05,-0.029999999999999954,signed_balanced_population_bias,logger12_balanced,0,78,2.230217569400469e-16,anchor_id,
minus,-0.009601217546309387,-0.01693972002750983,confounded,0.0,0.05,-0.013329302076562292,signed_heavy_neural_drift,logger1_minus_logger2,0,78,0.017360563027354416,anchor_id,
minus,-0.015555555555555345,-0.01555555555555547,confounded,0.0,0.05,-0.015555555555555408,signed_heavy_population_drift,logger1_minus_logger2,0,78,2.91927553640392e-16,anchor_id,
minus,-0.00961724817370255,-0.017090279918712016,confounded,0.0,0.05,-0.013329302076562292,paired_heavy_prediction_increment,logger1_minus_logger2,0,78,0.017360563027354416,anchor_id,
minus,0.015438418186013663,0.010172918499350862,confounded,0.0,0.05,0.0125686880591224,paired_heavy_increment_absolute_error,logger1_minus_logger2,0,78,0.012099017173901114,anchor_id,
base,0.007435283531977014,-0.011692840553320042,confounded,0.0,0.05,-0.001111559212902886,signed_balanced_neural_bias,logger12_balanced,0,78,0.0447115958461008,anchor_id,
base,0.0,-7.11681426041767e-18,confounded,0.0,0.05,-2.846725704167068e-18,signed_balanced_population_bias,logger12_balanced,0,78,1.7661978828937318e-17,anchor_id,
base,0.0031430638557388463,-0.004083266395272765,confounded,0.0,0.05,-0.0004470708947861564,signed_heavy_neural_drift,logger1_minus_logger2,0,78,0.016575641810212965,anchor_id,
base,0.0,0.0,confounded,0.0,0.05,0.0,signed_heavy_population_drift,logger1_minus_logger2,0,78,0.0,anchor_id,
base,0.0032413845036609375,-0.004445074951886015,confounded,0.0,0.05,-0.0004470708947861564,paired_heavy_prediction_increment,logger1_minus_logger2,0,78,0.016575641810212965,anchor_id,
base,0.014909368578645528,0.009847962572886967,confounded,0.0,0.05,0.01225284657316526,paired_heavy_increment_absolute_error,logger1_minus_logger2,0,78,0.01108478014828234,anchor_id,
plus,0.033369162942882405,0.015178842668260232,confounded,0.0,0.05,0.024805398453880276,signed_balanced_neural_bias,logger12_balanced,0,78,0.04208387831276186,anchor_id,
plus,0.03000000000000033,0.030000000000000214,confounded,0.0,0.05,0.030000000000000276,signed_balanced_population_bias,logger12_balanced,0,78,2.5030032155421774e-16,anchor_id,
plus,0.016035958823125324,0.008948535680892176,confounded,0.0,0.05,0.012588439132663089,signed_heavy_neural_drift,logger1_minus_logger2,0,78,0.01595808230419334,anchor_id,
plus,0.015555555555555647,0.01555555555555554,confounded,0.0,0.05,0.015555555555555597,signed_heavy_population_drift,logger1_minus_logger2,0,78,2.553500957534241e-16,anchor_id,
plus,0.01621998215505501,0.009288234249051446,confounded,0.0,0.05,0.012588439132663089,paired_heavy_prediction_increment,logger1_minus_logger2,0,78,0.01595808230419334,anchor_id,
plus,0.01470216055220816,0.009701390407611102,confounded,0.0,0.05,0.0120268161279578,paired_heavy_increment_absolute_error,logger1_minus_logger2,0,78,0.010819228338442956,anchor_id,
all,0.9743589743589743,0.8461538461538461,confounded,0.0,0.05,0.9102564102564102,neural_do_ranking_disagreement,logger12_balanced,0,78,0.2876640101760781,anchor_id,
all,0.006467091948483599,0.004751214214315883,confounded,0.0,0.05,0.005588795723747603,neural_decision_regret,logger12_balanced,0,78,0.003942712715689464,anchor_id,
base,0.016972764040235726,0.01196122117009592,confounded,0.0,0.05,0.014448505046868933,base_prediction_range_across_mixtures,all_primary,0,78,0.011266941021716112,anchor_id,
base,0.5587280702815243,0.3997875926222137,confounded,0.0,0.05,0.4816168348956313,base_leakage_over_balanced_direct_signal,all_primary,0,78,0.37556470072387044,anchor_id,
minus,0.059648084752743046,0.04192784391253639,confounded,0.0,0.1,0.050573346784048866,reward_population_mae,logger1_heavy,0,78,0.04004539613994397,anchor_id,
minus,0.07422230027432702,0.0536812935060966,confounded,0.0,0.1,0.06434856447402473,reward_population_rmse,logger1_heavy,0,78,0.006057647698829346,anchor_id,
minus,-0.02466028680889526,-0.04407785727758189,confounded,0.0,0.1,-0.0343793303957031,paired_prediction_increment,logger1_heavy,0,78,0.04385217347779311,anchor_id,
minus,0.05577604214766261,0.04006672608615356,confounded,0.0,0.1,0.047488154030418686,paired_increment_absolute_error,logger1_heavy,0,78,0.03682528709604788,anchor_id,
base,0.04249502482824398,0.02874383822354515,confounded,0.0,0.1,0.035111227194187446,reward_population_mae,logger1_heavy,0,78,0.03197509563939501,anchor_id,
base,0.055103407037363515,0.03864800064850166,confounded,0.0,0.1,0.04735078919614364,reward_population_rmse,logger1_heavy,0,78,0.0036017979783712294,anchor_id,
base,0.01737282785083064,9.277212609896212e-05,confounded,0.0,0.1,0.008623165294103582,paired_prediction_increment,logger1_heavy,0,78,0.03928594759754828,anchor_id,
base,0.036118472719392856,0.024701559623125473,confounded,0.0,0.1,0.030366105052901462,paired_increment_absolute_error,logger1_heavy,0,78,0.026165524918062923,anchor_id,
base,0.03644668951530855,0.0246359408385683,confounded,0.0,0.1,0.030366105052901462,base_prediction_absolute_increment,logger1_heavy,0,78,0.026165524918062923,anchor_id,
plus,0.047722972913774954,0.03202080221595379,confounded,0.0,0.1,0.03973351222954059,reward_population_mae,logger1_heavy,0,78,0.03532408877151309,anchor_id,
plus,0.06349222906637955,0.0420776307760915,confounded,0.0,0.1,0.053014582125547376,reward_population_rmse,logger1_heavy,0,78,0.005293864329016649,anchor_id,
plus,0.0604823596460975,0.04369009560969054,confounded,0.0,0.1,0.05188371676037724,paired_prediction_increment,logger1_heavy,0,78,0.03816113916564233,anchor_id,
plus,0.04009374709022463,0.02632025534479876,confounded,0.0,0.1,0.03270039525455461,paired_increment_absolute_error,logger1_heavy,0,78,0.03067087830103609,anchor_id,
minus,0.050990992429133915,0.03517082932520117,confounded,0.0,0.1,0.042500321160320965,reward_population_mae,logger12_balanced,0,78,0.034998710890190014,anchor_id,
minus,0.06405933767955738,0.04631432260550349,confounded,0.0,0.1,0.05491341449384218,reward_population_rmse,logger12_balanced,0,78,0.004510377522124486,anchor_id,
minus,-0.018841593273000647,-0.03613136511415136,confounded,0.0,0.1,-0.027653220850690927,paired_prediction_increment,logger12_balanced,0,78,0.03750303207839666,anchor_id,
minus,0.04576688159103654,0.032693862196905725,confounded,0.0,0.1,0.03906657480666922,paired_increment_absolute_error,logger12_balanced,0,78,0.03033746892269867,anchor_id,
base,0.0383977797156596,0.025562342988608527,confounded,0.0,0.1,0.03174020530118969,reward_population_mae,logger12_balanced,0,78,0.029704579178426477,anchor_id,
base,0.05221495245479844,0.03434313248431486,confounded,0.0,0.1,0.04334155423016007,reward_population_rmse,logger12_balanced,0,78,0.0033072433465470377,anchor_id,
base,0.0137246638511278,-0.0018395792208631746,confounded,0.0,0.1,0.006437009415531847,paired_prediction_increment,logger12_balanced,0,78,0.03448362772293762,anchor_id,
base,0.03189061048602171,0.0219524482457364,confounded,0.0,0.1,0.026715778308557984,paired_increment_absolute_error,logger12_balanced,0,78,0.022540889984461434,anchor_id,
base,0.03175374032036049,0.02191586188861264,confounded,0.0,0.1,0.026715778308557984,base_prediction_absolute_increment,logger12_balanced,0,78,0.022540889984461434,anchor_id,
plus,0.0429120018515914,0.028519437823578405,confounded,0.0,0.1,0.03536737258486862,reward_population_mae,logger12_balanced,0,78,0.032516203689285116,anchor_id,
plus,0.057211186681646965,0.03681701672438141,confounded,0.0,0.1,0.0479019767109122,reward_population_rmse,logger12_balanced,0,78,0.004475272952806702,anchor_id,
plus,0.04811737561706631,0.033124343052038104,confounded,0.0,0.1,0.04097472032688984,paired_prediction_increment,logger12_balanced,0,78,0.03397186437577086,anchor_id,
plus,0.03396920100050543,0.022182736247845752,confounded,0.0,0.1,0.027959182461861954,paired_increment_absolute_error,logger12_balanced,0,78,0.02699780719251031,anchor_id,
minus,0.04365520791436816,0.026985889578266146,confounded,0.0,0.1,0.03459902163213965,reward_population_mae,logger2_heavy,0,78,0.03816745969033201,anchor_id,
minus,0.06262523791023976,0.03963521794760028,confounded,0.0,0.1,0.05133391599349341,reward_population_rmse,logger2_heavy,0,78,0.005256534432573682,anchor_id,
minus,-0.02055400752425128,-0.03578758783521269,confounded,0.0,0.1,-0.02795035472415834,paired_prediction_increment,logger2_heavy,0,78,0.035278325214495414,anchor_id,
minus,0.03364297505067482,0.021623948247620938,confounded,0.0,0.1,0.027569427150163663,paired_increment_absolute_error,logger2_heavy,0,78,0.02738985235488983,anchor_id,
base,0.03856511309814862,0.023291961138512927,confounded,0.0,0.1,0.030824751684102578,reward_population_mae,logger2_heavy,0,78,0.03498908739135789,anchor_id,
base,0.05835717725513808,0.03480703222608432,confounded,0.0,0.1,0.046461879175314635,reward_population_rmse,logger2_heavy,0,78,0.00502260039381518,anchor_id,
base,0.015222709935001329,0.00046603284559057744,confounded,0.0,0.1,0.007619555103618203,paired_prediction_increment,logger2_heavy,0,78,0.03324766747192016,anchor_id,
base,0.029666222445354957,0.018738527681105944,confounded,0.0,0.1,0.024127511535997116,paired_increment_absolute_error,logger2_heavy,0,78,0.02396918805666578,anchor_id,
base,0.029726234887533193,0.019240371273439912,confounded,0.0,0.1,0.024127511535997116,base_prediction_absolute_increment,logger2_heavy,0,78,0.02396918805666578,anchor_id,
plus,0.03707135072229414,0.021784008694437067,confounded,0.0,0.1,0.028902953476838612,reward_population_mae,logger2_heavy,0,78,0.03374713960304507,anchor_id,
plus,0.05683089165364467,0.03129739597565488,confounded,0.0,0.1,0.04426792587106061,reward_population_rmse,logger2_heavy,0,78,0.005176402331918675,anchor_id,
plus,0.05180319429041946,0.03598560126046039,confounded,0.0,0.1,0.043791947023758326,paired_prediction_increment,logger2_heavy,0,78,0.033033632716504266,anchor_id,
plus,0.028092088496675976,0.017705453205126134,confounded,0.0,0.1,0.022525449031957544,paired_increment_absolute_error,logger2_heavy,0,78,0.02403469912341694,anchor_id,
minus,-0.020250468984792352,-0.04164588658493049,confounded,0.0,0.1,-0.031122778652495027,signed_balanced_neural_bias,logger12_balanced,0,78,0.04700980222905409,anchor_id,
minus,-0.06000000000000002,-0.06000000000000011,confounded,0.0,0.1,-0.06000000000000007,signed_balanced_population_bias,logger12_balanced,0,78,1.9792401398107399e-16,anchor_id,
minus,-0.001731349107156319,-0.011648007776674404,confounded,0.0,0.1,-0.006428975671544759,signed_heavy_neural_drift,logger1_minus_logger2,0,78,0.02403236831270042,anchor_id,
minus,-0.031111111111110975,-0.031111111111111107,confounded,0.0,0.1,-0.031111111111111037,signed_heavy_population_drift,logger1_minus_logger2,0,78,3.0659023903857737e-16,anchor_id,
minus,-0.001114438451422742,-0.011684355653738427,confounded,0.0,0.1,-0.006428975671544759,paired_heavy_prediction_increment,logger1_minus_logger2,0,78,0.02403236831270042,anchor_id,
minus,0.03276847759933474,0.023940465324984027,confounded,0.0,0.1,0.028313988810175987,paired_heavy_increment_absolute_error,logger1_minus_logger2,0,78,0.019559675608598878,anchor_id,
base,0.01249542389178031,-0.006790201175723343,confounded,0.0,0.1,0.0032149282693209077,signed_balanced_neural_bias,logger12_balanced,0,78,0.043501911530788175,anchor_id,
base,0.0,0.0,confounded,0.0,0.1,0.0,signed_balanced_population_bias,logger12_balanced,0,78,0.0,anchor_id,
base,0.005645692442465707,-0.003382672117139542,confounded,0.0,0.1,0.0010036101904853806,signed_heavy_neural_drift,logger1_minus_logger2,0,78,0.021580259477526006,anchor_id,
base,0.0,0.0,confounded,0.0,0.1,0.0,signed_heavy_population_drift,logger1_minus_logger2,0,78,0.0,anchor_id,
base,0.005576796931781725,-0.0037043111795769176,confounded,0.0,0.1,0.0010036101904853806,paired_heavy_prediction_increment,logger1_minus_logger2,0,78,0.021580259477526006,anchor_id,
base,0.02014015950925953,0.014051006306329581,confounded,0.0,0.1,0.016936570871227158,paired_heavy_increment_absolute_error,logger1_minus_logger2,0,78,0.013272346788457496,anchor_id,
plus,0.04680851905184699,0.028119057523793043,confounded,0.0,0.1,0.037837611477224045,signed_balanced_neural_bias,logger12_balanced,0,78,0.042741654734436085,anchor_id,
plus,0.06000000000000048,0.060000000000000386,confounded,0.0,0.1,0.06000000000000043,signed_balanced_population_bias,logger12_balanced,0,78,2.464636498299849e-16,anchor_id,
plus,0.012474895528347045,0.003441603086559235,confounded,0.0,0.1,0.0080917697366189,signed_heavy_neural_drift,logger1_minus_logger2,0,78,0.021571431067105223,anchor_id,
plus,0.03111111111111126,0.031111111111111117,confounded,0.0,0.1,0.031111111111111187,signed_heavy_population_drift,logger1_minus_logger2,0,78,3.308895083476573e-16,anchor_id,
plus,0.012317706107060778,0.0028631631781011607,confounded,0.0,0.1,0.0080917697366189,paired_heavy_prediction_increment,logger1_minus_logger2,0,78,0.021571431067105223,anchor_id,
plus,0.02903089043201023,0.02043795516650395,confounded,0.0,0.1,0.024641010671076935,paired_heavy_increment_absolute_error,logger1_minus_logger2,0,78,0.019673168305567472,anchor_id,
all,0.9871794871794872,0.8846153846153846,confounded,0.0,0.1,0.9358974358974359,neural_do_ranking_disagreement,logger12_balanced,0,78,0.2465209134587992,anchor_id,
all,0.006689147985276404,0.004972432001676129,confounded,0.0,0.1,0.005812438237137814,neural_decision_regret,logger12_balanced,0,78,0.003935221334915835,anchor_id,
base,0.022226066174747892,0.016404444937538086,confounded,0.0,0.1,0.019239135958642184,base_prediction_range_across_mixtures,all_primary,0,78,0.012631113377697489,anchor_id,
base,0.3700744593794113,0.2789583558511919,confounded,0.0,0.1,0.3206522659773698,base_leakage_over_balanced_direct_signal,all_primary,0,78,0.2105185562949582,anchor_id,
minus,0.11553621731777317,0.08089334594888903,confounded,0.0,0.2,0.09832591700006121,reward_population_mae,logger1_heavy,0,78,0.07803860621893297,anchor_id,
minus,0.14461403055102534,0.10637600233082764,confounded,0.0,0.2,0.12521953834346516,reward_population_rmse,logger1_heavy,0,78,0.02211217844060648,anchor_id,
minus,-0.0424954466750764,-0.08374280033588544,confounded,0.0,0.2,-0.06313932045595542,paired_prediction_increment,logger1_heavy,0,78,0.09048080999387921,anchor_id,
minus,0.11778612947175562,0.08350408141834532,confounded,0.0,0.2,0.10100622477133873,paired_increment_absolute_error,logger1_heavy,0,78,0.0754424654698202,anchor_id,
base,0.0767009933087682,0.05354159493169153,confounded,0.0,0.2,0.06468323069151946,reward_population_mae,logger1_heavy,0,78,0.0504169925152237,anchor_id,
base,0.09515181398363977,0.06917162377769111,confounded,0.0,0.2,0.08181201225899712,reward_population_rmse,logger1_heavy,0,78,0.009466132570049768,anchor_id,
base,0.025551570866983227,-0.010749113909442803,confounded,0.0,0.2,0.006498205069202711,paired_prediction_increment,logger1_heavy,0,78,0.08007012202502713,anchor_id,
base,0.07382953029679033,0.05140387126695041,confounded,0.0,0.2,0.062120642280284195,paired_increment_absolute_error,logger1_heavy,0,78,0.0504470887484334,anchor_id,
base,0.07340344359636385,0.050808703227681794,confounded,0.0,0.2,0.062120642280284195,base_prediction_absolute_increment,logger1_heavy,0,78,0.0504470887484334,anchor_id,
plus,0.10541073327390055,0.0788155079350634,confounded,0.0,0.2,0.09126299819301345,reward_population_mae,logger1_heavy,0,78,0.0571571857063739,anchor_id,
plus,0.12033064880387993,0.09460039402761222,confounded,0.0,0.2,0.10748951028440276,reward_population_rmse,logger1_heavy,0,78,0.012905769761260958,anchor_id,
plus,0.09227326275543564,0.059546433826899975,confounded,0.0,0.2,0.07698989781640063,paired_prediction_increment,logger1_heavy,0,78,0.07326534169282192,anchor_id,
plus,0.10016867325037511,0.0759877319519673,confounded,0.0,0.2,0.08822465282129187,paired_increment_absolute_error,logger1_heavy,0,78,0.05521267669079475,anchor_id,
minus,0.0932666709772473,0.0668038752066758,confounded,0.0,0.2,0.07998264676187909,reward_population_mae,logger12_balanced,0,78,0.06315679401186707,anchor_id,
minus,0.11740272113755126,0.08587612705402789,confounded,0.0,0.2,0.10166054396711459,reward_population_rmse,logger12_balanced,0,78,0.014625822323723512,anchor_id,
minus,-0.03437231197527485,-0.06668781426358004,confounded,0.0,0.2,-0.05034842124472188,paired_prediction_increment,logger12_balanced,0,78,0.07270317979167966,anchor_id,
minus,0.09391405883703438,0.0682152306526904,confounded,0.0,0.2,0.08107508820326038,paired_increment_absolute_error,logger12_balanced,0,78,0.05951103638486633,anchor_id,
base,0.06369441332867905,0.04535369839097,confounded,0.0,0.2,0.054267006189671375,reward_population_mae,logger12_balanced,0,78,0.04238989015927308,anchor_id,
base,0.07880944011129706,0.058157511998161104,confounded,0.0,0.2,0.06869332961269202,reward_population_rmse,logger12_balanced,0,78,0.006750534415567536,anchor_id,
base,0.018625722977129503,-0.009062415937392859,confounded,0.0,0.2,0.005370934594566828,paired_prediction_increment,logger12_balanced,0,78,0.06450493350318076,anchor_id,
base,0.05891818978007469,0.04206272731599816,confounded,0.0,0.2,0.0503225072556399,paired_increment_absolute_error,logger12_balanced,0,78,0.0403096211826441,anchor_id,
base,0.05947504120933456,0.041696632208748634,confounded,0.0,0.2,0.0503225072556399,base_prediction_absolute_increment,logger12_balanced,0,78,0.0403096211826441,anchor_id,
plus,0.08499698741108813,0.06266812165774195,confounded,0.0,0.2,0.07354304506447165,reward_population_mae,logger12_balanced,0,78,0.04890647841920776,anchor_id,
plus,0.09969112641073562,0.0764098975934217,confounded,0.0,0.2,0.08814623331023692,reward_population_rmse,logger12_balanced,0,78,0.009410807651006802,anchor_id,
plus,0.07355025407216674,0.04847365165781733,confounded,0.0,0.2,0.06156297552963187,paired_prediction_increment,logger12_balanced,0,78,0.05923580149643167,anchor_id,
plus,0.07925961582147308,0.05937294132782834,confounded,0.0,0.2,0.06942242368326293,paired_increment_absolute_error,logger12_balanced,0,78,0.04567331504448579,anchor_id,
minus,0.07094838534080675,0.050947198920769536,confounded,0.0,0.2,0.060933637711919245,reward_population_mae,logger2_heavy,0,78,0.046190578386797014,anchor_id,
minus,0.08794206281415944,0.06392438397239818,confounded,0.0,0.2,0.07628318478524325,reward_population_rmse,logger2_heavy,0,78,0.007946639740494045,anchor_id,
minus,-0.02311330301727153,-0.046226941861449024,confounded,0.0,0.2,-0.03477348113482254,paired_prediction_increment,logger2_heavy,0,78,0.05016099485240731,anchor_id,
minus,0.0691245398147524,0.05103289667634385,confounded,0.0,0.2,0.05999586258604618,paired_increment_absolute_error,logger2_heavy,0,78,0.04285305832645139,anchor_id,
base,0.04851410070970347,0.03283079524524877,confounded,0.0,0.2,0.04028681998303343,reward_population_mae,logger2_heavy,0,78,0.0351299855236338,anchor_id,
base,0.06229862920127106,0.04457874745796948,confounded,0.0,0.2,0.05330405002190229,reward_population_rmse,logger2_heavy,0,78,0.004161578538137763,anchor_id,
base,0.02477582567050025,0.004468974025888637,confounded,0.0,0.2,0.014918829578320213,paired_prediction_increment,logger2_heavy,0,78,0.04583511275156172,anchor_id,
base,0.0434777641616104,0.029865593165121985,confounded,0.0,0.2,0.036786808522875004,paired_increment_absolute_error,logger2_heavy,0,78,0.03091076460643927,anchor_id,
base,0.04346183943820968,0.030021993548214814,confounded,0.0,0.2,0.036786808522875004,base_prediction_absolute_increment,logger2_heavy,0,78,0.03091076460643927,anchor_id,
plus,0.051814156126687765,0.03524516602487408,confounded,0.0,0.2,0.04307075543934434,reward_population_mae,logger2_heavy,0,78,0.038150139186611726,anchor_id,
plus,0.06820358833986356,0.0459841849139183,confounded,0.0,0.2,0.05737476531629423,reward_population_rmse,logger2_heavy,0,78,0.0058235635069747525,anchor_id,
plus,0.07439974587687238,0.05477328463225986,confounded,0.0,0.2,0.06519653393815589,paired_prediction_increment,logger2_heavy,0,78,0.04471207589792616,anchor_id,
plus,0.044240640952623436,0.029468310711557776,confounded,0.0,0.2,0.03656296016944812,paired_increment_absolute_error,logger2_heavy,0,78,0.03483641254101489,anchor_id,
minus,-0.0368095852493951,-0.0701880593213194,confounded,0.0,0.2,-0.05381797904652597,signed_balanced_neural_bias,logger12_balanced,0,78,0.07766686197462479,anchor_id,
minus,-0.12000000000000004,-0.12000000000000018,confounded,0.0,0.2,-0.1200000000000001,signed_balanced_population_bias,logger12_balanced,0,78,1.6202677627153485e-16,anchor_id,
minus,-0.01754974956673518,-0.03879512342584269,confounded,0.0,0.2,-0.028365839321132888,signed_heavy_neural_drift,logger1_minus_logger2,0,78,0.04742723325056293,anchor_id,
minus,-0.062222222222222144,-0.06222222222222227,confounded,0.0,0.2,-0.0622222222222222,signed_heavy_population_drift,logger1_minus_logger2,0,78,2.899298854022174e-16,anchor_id,
minus,-0.018054018066579417,-0.03867445946897988,confounded,0.0,0.2,-0.028365839321132888,paired_heavy_prediction_increment,logger1_minus_logger2,0,78,0.04742723325056293,anchor_id,
minus,0.05373536355973594,0.03772562303526961,confounded,0.0,0.2,0.04539190359035013,paired_heavy_increment_absolute_error,logger1_minus_logger2,0,78,0.0363771887933137,anchor_id,
base,0.018121054444480974,-0.013197796447221547,confounded,0.0,0.2,0.0021488534483558885,signed_balanced_neural_bias,logger12_balanced,0,78,0.06910411541173576,anchor_id,
base,0.0,0.0,confounded,0.0,0.2,0.0,signed_balanced_population_bias,logger12_balanced,0,78,0.0,anchor_id,
base,0.0006352771139040532,-0.017326547838450796,confounded,0.0,0.2,-0.008420624509117501,signed_heavy_neural_drift,logger1_minus_logger2,0,78,0.04327233471313635,anchor_id,
base,0.0,0.0,confounded,0.0,0.2,0.0,signed_heavy_population_drift,logger1_minus_logger2,0,78,0.0,anchor_id,
base,0.0007987053035961355,-0.01818056663298266,confounded,0.0,0.2,-0.008420624509117501,paired_heavy_prediction_increment,logger1_minus_logger2,0,78,0.04327233471313635,anchor_id,
base,0.0424344040662607,0.03168194271728993,confounded,0.0,0.2,0.036894089768687646,paired_heavy_increment_absolute_error,logger1_minus_logger2,0,78,0.023779640351511658,anchor_id,
plus,0.07164856077317895,0.04470689809410618,confounded,0.0,0.2,0.05842586667996604,signed_balanced_neural_bias,logger12_balanced,0,78,0.06348268964467547,anchor_id,
plus,0.12000000000000068,0.12000000000000054,confounded,0.0,0.2,0.12000000000000063,signed_balanced_population_bias,logger12_balanced,0,78,3.1916952865128723e-16,anchor_id,
plus,0.0210621211090933,0.002801695836789684,confounded,0.0,0.2,0.01179336387824474,signed_heavy_neural_drift,logger1_minus_logger2,0,78,0.04024273847402855,anchor_id,
plus,0.06222222222222244,0.062222222222222255,confounded,0.0,0.2,0.06222222222222235,signed_heavy_population_drift,logger1_minus_logger2,0,78,3.9352703412425637e-16,anchor_id,
plus,0.020782742817028754,0.0024088638960347132,confounded,0.0,0.2,0.01179336387824474,paired_heavy_prediction_increment,logger1_minus_logger2,0,78,0.04024273847402855,anchor_id,
plus,0.06291467959699175,0.04866484354992309,confounded,0.0,0.2,0.05596246240983774,paired_heavy_increment_absolute_error,logger1_minus_logger2,0,78,0.03198600856340537,anchor_id,
all,0.9871794871794872,0.8974358974358975,confounded,0.0,0.2,0.9487179487179487,neural_do_ranking_disagreement,logger12_balanced,0,78,0.2220001110000833,anchor_id,
all,0.006787813998694527,0.005007551779097312,confounded,0.0,0.2,0.005877633093443531,neural_decision_regret,logger12_balanced,0,78,0.003879403431282101,anchor_id,
base,0.043648969288655186,0.03397630444332751,confounded,0.0,0.2,0.03865806432822319,base_prediction_range_across_mixtures,all_primary,0,78,0.022065274431284913,anchor_id,
base,0.36232164357658253,0.2809598599194877,confounded,0.0,0.2,0.32215053606852656,base_leakage_over_balanced_direct_signal,all_primary,0,78,0.18387728692737426,anchor_id,
base,0.08393545363255454,0.064564570045964,confounded,0.0,all,0.07363071500863329,base_prediction_range_across_mixture_and_lambda,all_primary,0,78,0.04551904336584762,anchor_id,
minus,0.03205924114432414,0.018782106373655235,confounded,0.0,0.0,0.024839954815360936,reward_population_mae,logger1_heavy,1,78,0.02893241553700009,anchor_id,
minus,0.04977314799587435,0.026539059412259442,confounded,0.0,0.0,0.03799179081468179,reward_population_rmse,logger1_heavy,1,78,0.0040961360226115994,anchor_id,
base,0.03226330197698506,0.02009639528755135,confounded,0.0,0.0,0.025746993708107315,reward_population_mae,logger1_heavy,1,78,0.02867217724626674,anchor_id,
base,0.05055748730847607,0.027632936763364157,confounded,0.0,0.0,0.038398720937164385,reward_population_rmse,logger1_heavy,1,78,0.003937032400966017,anchor_id,
plus,0.03389972084308091,0.020201043893748976,confounded,0.0,0.0,0.026189285719220797,reward_population_mae,logger1_heavy,1,78,0.02962715918412794,anchor_id,
plus,0.05077014409541504,0.02954787411275,confounded,0.0,0.0,0.039400428991456064,reward_population_rmse,logger1_heavy,1,78,0.00381524902376659,anchor_id,
minus,0.03192872064257633,0.01908633430837813,confounded,0.0,0.0,0.024839954815360877,reward_population_mae,logger12_balanced,1,78,0.028932415537000128,anchor_id,
minus,0.04927504481841219,0.026447774176967743,confounded,0.0,0.0,0.03799179081468178,reward_population_rmse,logger12_balanced,1,78,0.004096136022611601,anchor_id,
base,0.03206273875984559,0.01988326337936313,confounded,0.0,0.0,0.025746993708107315,reward_population_mae,logger12_balanced,1,78,0.02867217724626674,anchor_id,
base,0.050263497359812906,0.0266994387594441,confounded,0.0,0.0,0.038398720937164385,reward_population_rmse,logger12_balanced,1,78,0.003937032400966017,anchor_id,
plus,0.032994292138149785,0.019968724642787802,confounded,0.0,0.0,0.026189285719220825,reward_population_mae,logger12_balanced,1,78,0.029627159184127935,anchor_id,
plus,0.04960300551112095,0.029495092028365814,confounded,0.0,0.0,0.03940042899145608,reward_population_rmse,logger12_balanced,1,78,0.003815249023766594,anchor_id,
minus,0.031778787529798035,0.019306216595497458,confounded,0.0,0.0,0.02483995481536088,reward_population_mae,logger2_heavy,1,78,0.0289324155370001,anchor_id,
minus,0.05014095840879178,0.026896006648427926,confounded,0.0,0.0,0.037991790814681764,reward_population_rmse,logger2_heavy,1,78,0.0040961360226116,anchor_id,
base,0.03284653972264834,0.019908674580817,confounded,0.0,0.0,0.025746993708107315,reward_population_mae,logger2_heavy,1,78,0.02867217724626674,anchor_id,
base,0.05017836703511959,0.02715784775361429,confounded,0.0,0.0,0.038398720937164385,reward_population_rmse,logger2_heavy,1,78,0.003937032400966017,anchor_id,
plus,0.03308310649447427,0.0203385299935306,confounded,0.0,0.0,0.026189285719220797,reward_population_mae,logger2_heavy,1,78,0.029627159184127942,anchor_id,
plus,0.04977611329728677,0.029218840048881423,confounded,0.0,0.0,0.039400428991456064,reward_population_rmse,logger2_heavy,1,78,0.003815249023766591,anchor_id,
minus,0.003958300229042771,-0.013281155253845312,confounded,0.0,0.0,-0.004504882045603629,signed_balanced_neural_bias,logger12_balanced,1,78,0.03796793112834087,anchor_id,
minus,-1.1386902816668272e-17,-9.109522253334617e-17,confounded,0.0,0.0,-5.124106267500723e-17,signed_balanced_population_bias,logger12_balanced,1,78,1.750323723175451e-16,anchor_id,
minus,0.0,0.0,confounded,0.0,0.0,0.0,signed_heavy_neural_drift,logger1_minus_logger2,1,78,0.0,anchor_id,
minus,2.1211664903174864e-16,5.408778837917429e-17,confounded,0.0,0.0,1.3237274524376866e-16,signed_heavy_population_drift,logger1_minus_logger2,1,78,3.592224512535847e-16,anchor_id,
base,0.0038710570591175258,-0.013190450914852062,confounded,0.0,0.0,-0.0038950708187046003,signed_balanced_neural_bias,logger12_balanced,1,78,0.03844791299426891,anchor_id,
base,0.0,0.0,confounded,0.0,0.0,0.0,signed_balanced_population_bias,logger12_balanced,1,78,0.0,anchor_id,
base,0.0,0.0,confounded,0.0,0.0,0.0,signed_heavy_neural_drift,logger1_minus_logger2,1,78,0.0,anchor_id,
base,0.0,0.0,confounded,0.0,0.0,0.0,signed_heavy_population_drift,logger1_minus_logger2,1,78,0.0,anchor_id,
plus,0.0053176370243947675,-0.01203142913537799,confounded,0.0,0.0,-0.0036075883696501574,signed_balanced_neural_bias,logger12_balanced,1,78,0.03948887244997871,anchor_id,
plus,5.109872638979887e-16,3.771911558021365e-16,confounded,0.0,0.0,4.455125727021461e-16,signed_balanced_population_bias,logger12_balanced,1,78,3.137602326387882e-16,anchor_id,
plus,0.0,0.0,confounded,0.0,0.0,0.0,signed_heavy_neural_drift,logger1_minus_logger2,1,78,0.0,anchor_id,
plus,1.25255930983351e-16,0.0,confounded,0.0,0.0,6.26279654916755e-17,signed_heavy_population_drift,logger1_minus_logger2,1,78,2.651464952109841e-16,anchor_id,
all,0.3717948717948718,0.1794871794871795,confounded,0.0,0.0,0.2692307692307692,neural_do_ranking_disagreement,logger12_balanced,1,78,0.44643106892408296,anchor_id,
all,0.0013493692431546431,0.0006172405383255536,confounded,0.0,0.0,0.0009544150085085007,neural_decision_regret,logger12_balanced,1,78,0.0017837280315024305,anchor_id,
base,0.0,0.0,confounded,0.0,0.0,0.0,base_prediction_range_across_mixtures,all_primary,1,78,0.0,anchor_id,
minus,0.037740591327687846,0.02537574075629282,confounded,0.0,0.05,0.03145327434226387,reward_population_mae,logger1_heavy,1,78,0.02832028388524921,anchor_id,
minus,0.049392561168803466,0.03386295541801148,confounded,0.0,0.05,0.042202658702786534,reward_population_rmse,logger1_heavy,1,78,0.0029599253033721798,anchor_id,
minus,-0.018072718946691782,-0.03029468489654266,confounded,0.0,0.05,-0.024338401389375038,paired_prediction_increment,logger1_heavy,1,78,0.029630630547018318,anchor_id,
minus,0.0295836948706031,0.019780963992732676,confounded,0.0,0.05,0.02441427033795202,paired_increment_absolute_error,logger1_heavy,1,78,0.021380813517040347,anchor_id,
base,0.033707303381476886,0.022398761842187427,confounded,0.0,0.05,0.027977460815484606,reward_population_mae,logger1_heavy,1,78,0.026493019186617936,anchor_id,
base,0.04624145431415932,0.030775455450354882,confounded,0.0,0.05,0.03841379852246725,reward_population_rmse,logger1_heavy,1,78,0.0026957864591834963,anchor_id,
base,0.009783312214512502,-0.0015409773109941248,confounded,0.0,0.05,0.003945855461040628,paired_prediction_increment,logger1_heavy,1,78,0.02639035341706194,anchor_id,
base,0.023275818049410875,0.015289954894131784,confounded,0.0,0.05,0.019414396345671117,paired_increment_absolute_error,logger1_heavy,1,78,0.01817715321612327,anchor_id,
base,0.023459266298027453,0.015559382698084176,confounded,0.0,0.05,0.019414396345671117,base_prediction_absolute_increment,logger1_heavy,1,78,0.01817715321612327,anchor_id,
plus,0.0358220584334045,0.02334793532277082,confounded,0.0,0.05,0.02903539696477014,reward_population_mae,logger1_heavy,1,78,0.02832315478525018,anchor_id,
plus,0.049224987404016055,0.0320189205464513,confounded,0.0,0.05,0.04043477147755929,reward_population_rmse,logger1_heavy,1,78,0.0030663287734533245,anchor_id,
plus,0.03744184407833739,0.02671797750874915,confounded,0.0,0.05,0.031850149578519726,paired_prediction_increment,logger1_heavy,1,78,0.025434699239051423,anchor_id,
plus,0.02356734763416034,0.015636423378841365,confounded,0.0,0.05,0.019459465578399598,paired_increment_absolute_error,logger1_heavy,1,78,0.017289546553183342,anchor_id,
minus,0.032621658665988346,0.021524897140937665,confounded,0.0,0.05,0.02704261055094184,reward_population_mae,logger12_balanced,1,78,0.024823046907405437,anchor_id,
minus,0.04303646955638922,0.029672963573969643,confounded,0.0,0.05,0.036600364106016296,reward_population_rmse,logger12_balanced,1,78,0.002250551915805707,anchor_id,
minus,-0.01286667650075585,-0.02487576500648749,confounded,0.0,0.05,-0.018877815724072412,paired_prediction_increment,logger12_balanced,1,78,0.026440076382544257,anchor_id,
minus,0.025830617746698977,0.017099959117421546,confounded,0.0,0.05,0.020994736771480053,paired_increment_absolute_error,logger12_balanced,1,78,0.019439233011907846,anchor_id,
base,0.03015893451229078,0.02025648171211149,confounded,0.0,0.05,0.024826223578041564,reward_population_mae,logger12_balanced,1,78,0.024071813315034794,anchor_id,
base,0.040802646893481245,0.027229001893526374,confounded,0.0,0.05,0.03447266597044084,reward_population_rmse,logger12_balanced,1,78,0.0021566916177410424,anchor_id,
base,0.01115166607357896,0.0006904846713480262,confounded,0.0,0.05,0.00576955310525032,paired_prediction_increment,logger12_balanced,1,78,0.02470687682519417,anchor_id,
base,0.0228970635401194,0.015584574375047965,confounded,0.0,0.05,0.018982436580008668,paired_increment_absolute_error,logger12_balanced,1,78,0.01670740157217794,anchor_id,
base,0.02275893572773251,0.015463268791879821,confounded,0.0,0.05,0.018982436580008668,base_prediction_absolute_increment,logger12_balanced,1,78,0.01670740157217794,anchor_id,
plus,0.031626315261020034,0.020275310978835445,confounded,0.0,0.05,0.025561204722949798,reward_population_mae,logger12_balanced,1,78,0.02478432501440067,anchor_id,
plus,0.04272141160586674,0.02826044407443142,confounded,0.0,0.05,0.035493137218847726,reward_population_rmse,logger12_balanced,1,78,0.002429097364748854,anchor_id,
plus,0.03605006318227797,0.025280586567509283,confounded,0.0,0.05,0.030683304275658473,paired_prediction_increment,logger12_balanced,1,78,0.023802228221742074,anchor_id,
plus,0.020681218407460743,0.013565576237623894,confounded,0.0,0.05,0.017186282713390223,paired_increment_absolute_error,logger12_balanced,1,78,0.016365047238637888,anchor_id,
minus,0.030188394386553213,0.020440719281121286,confounded,0.0,0.05,0.025145574471691405,reward_population_mae,logger2_heavy,1,78,0.023586978056873924,anchor_id,
minus,0.041484379963152414,0.027332299385053167,confounded,0.0,0.05,0.03437314088525228,reward_population_rmse,logger2_heavy,1,78,0.002208035082579887,anchor_id,
minus,-0.013344429416269184,-0.022889055386565306,confounded,0.0,0.05,-0.01802331043036835,paired_prediction_increment,logger2_heavy,1,78,0.02085986138514318,anchor_id,
minus,0.018509671696588865,0.012065614516781469,confounded,0.0,0.05,0.01498227166872391,paired_increment_absolute_error,logger2_heavy,1,78,0.01502031991126704,anchor_id,
base,0.028733499100618426,0.018329706166092596,confounded,0.0,0.05,0.02348050538098564,reward_population_mae,logger2_heavy,1,78,0.023815718060171406,anchor_id,
base,0.04028535688716434,0.02588975104686766,confounded,0.0,0.05,0.03333543029828233,reward_population_rmse,logger2_heavy,1,78,0.002270622023547109,anchor_id,
base,0.005010863929525817,-0.0031656915414795704,confounded,0.0,0.05,0.0009963952822908762,paired_prediction_increment,logger2_heavy,1,78,0.019453641969082478,anchor_id,
base,0.017455270696140345,0.011593042245765057,confounded,0.0,0.05,0.014251745952247777,paired_increment_absolute_error,logger2_heavy,1,78,0.013179521944735841,anchor_id,
base,0.01724697050448797,0.011576693629194642,confounded,0.0,0.05,0.014251745952247777,base_prediction_absolute_increment,logger2_heavy,1,78,0.013179521944735841,anchor_id,
plus,0.029751499251907756,0.01882538061220805,confounded,0.0,0.05,0.02427775740892715,reward_population_mae,logger2_heavy,1,78,0.025160401428729887,anchor_id,
plus,0.04338981241417638,0.026700049477193014,confounded,0.0,0.05,0.03484737196785398,reward_population_rmse,logger2_heavy,1,78,0.0025343572034415337,anchor_id,
plus,0.024169977657045563,0.01574905920913151,confounded,0.0,0.05,0.020222239377511893,paired_prediction_increment,logger2_heavy,1,78,0.01926053282932518,anchor_id,
plus,0.017084345712885824,0.010988550427418548,confounded,0.0,0.05,0.013841356998342063,paired_increment_absolute_error,logger2_heavy,1,78,0.013451719102801497,anchor_id,
minus,-0.01615200934007933,-0.031118502469730205,confounded,0.0,0.05,-0.023382697769676043,signed_balanced_neural_bias,logger12_balanced,1,78,0.03623018781169986,anchor_id,
minus,-0.029999999999999895,-0.03,confounded,0.0,0.05,-0.029999999999999954,signed_balanced_population_bias,logger12_balanced,1,78,2.230217569400469e-16,anchor_id,
minus,-0.003125953378284319,-0.009415067919202477,confounded,0.0,0.05,-0.006315090959006691,signed_heavy_neural_drift,logger1_minus_logger2,1,78,0.014534221819004026,anchor_id,
minus,-0.015555555555555342,-0.01555555555555547,confounded,0.0,0.05,-0.015555555555555408,signed_heavy_population_drift,logger1_minus_logger2,1,78,2.91927553640392e-16,anchor_id,
minus,-0.003035898263212386,-0.009317859427788375,confounded,0.0,0.05,-0.006315090959006691,paired_heavy_prediction_increment,logger1_minus_logger2,1,78,0.014534221819004026,anchor_id,
minus,0.015780200457484184,0.01116664712859111,confounded,0.0,0.05,0.013386620746300787,paired_heavy_increment_absolute_error,logger1_minus_logger2,1,78,0.010780064593656323,anchor_id,
base,0.009588259653795938,-0.00602501885290233,confounded,0.0,0.05,0.0018744822865457195,signed_balanced_neural_bias,logger12_balanced,1,78,0.03464446118487,anchor_id,
base,0.0,-7.11681426041767e-18,confounded,0.0,0.05,-2.846725704167068e-18,signed_balanced_population_bias,logger12_balanced,1,78,1.7661978828937318e-17,anchor_id,
base,0.005650043780181893,0.00031111089109111536,confounded,0.0,0.05,0.002949460178749752,signed_heavy_neural_drift,logger1_minus_logger2,1,78,0.012537691550527644,anchor_id,
base,0.0,0.0,confounded,0.0,0.05,0.0,signed_heavy_population_drift,logger1_minus_logger2,1,78,0.0,anchor_id,
base,0.005462296607599673,0.0003502529192226706,confounded,0.0,0.05,0.002949460178749752,paired_heavy_prediction_increment,logger1_minus_logger2,1,78,0.012537691550527644,anchor_id,
base,0.011736526338238983,0.008083285193265469,confounded,0.0,0.05,0.00993279419043469,paired_heavy_increment_absolute_error,logger1_minus_logger2,1,78,0.00812799474362308,anchor_id,
plus,0.03492688899370056,0.019616537285816183,confounded,0.0,0.05,0.02707571590600832,signed_balanced_neural_bias,logger12_balanced,1,78,0.035601416407971154,anchor_id,
plus,0.03000000000000033,0.03000000000000022,confounded,0.0,0.05,0.030000000000000276,signed_balanced_population_bias,logger12_balanced,1,78,2.5030032155421774e-16,anchor_id,
plus,0.014420261065067204,0.008457950707515796,confounded,0.0,0.05,0.011627910201007835,signed_heavy_neural_drift,logger1_minus_logger2,1,78,0.013079923972447288,anchor_id,
plus,0.01555555555555565,0.01555555555555554,confounded,0.0,0.05,0.015555555555555597,signed_heavy_population_drift,logger1_minus_logger2,1,78,2.553500957534241e-16,anchor_id,
plus,0.014448479462054992,0.008940580759109605,confounded,0.0,0.05,0.011627910201007835,paired_heavy_prediction_increment,logger1_minus_logger2,1,78,0.013079923972447288,anchor_id,
plus,0.012451541865853202,0.00871758954548696,confounded,0.0,0.05,0.010479804197663199,paired_heavy_increment_absolute_error,logger1_minus_logger2,1,78,0.008686687540919738,anchor_id,
all,0.9871794871794872,0.8717948717948718,confounded,0.0,0.05,0.9358974358974359,neural_do_ranking_disagreement,logger12_balanced,1,78,0.2465209134587992,anchor_id,
all,0.006733060825328513,0.0049122732849146535,confounded,0.0,0.05,0.005789929921387598,neural_decision_regret,logger12_balanced,1,78,0.003947693108566954,anchor_id,
base,0.01475319360272784,0.01120460525069325,confounded,0.0,0.05,0.012928144760058404,base_prediction_range_across_mixtures,all_primary,1,78,0.007987792940039158,anchor_id,
base,0.48863924617708887,0.3757651767158895,confounded,0.0,0.05,0.4309381586686135,base_leakage_over_balanced_direct_signal,all_primary,1,78,0.26625976466797197,anchor_id,
minus,0.06027063646066923,0.04115737130621494,confounded,0.0,0.1,0.05033577916512455,reward_population_mae,logger1_heavy,1,78,0.04455671687774946,anchor_id,
minus,0.07818468051950994,0.05482983146748536,confounded,0.0,0.1,0.06703386536608506,reward_population_rmse,logger1_heavy,1,78,0.00670562243706861,anchor_id,
minus,-0.023996845813229944,-0.04702934603428228,confounded,0.0,0.1,-0.03575035643079795,paired_prediction_increment,logger1_heavy,1,78,0.05244913710040379,anchor_id,
minus,0.05932228841326431,0.041851507476724725,confounded,0.0,0.1,0.05057617903965164,paired_increment_absolute_error,logger1_heavy,1,78,0.0420092033770864,anchor_id,
base,0.04574063639196428,0.030631708835908537,confounded,0.0,0.1,0.03793450113087154,reward_population_mae,logger1_heavy,1,78,0.03536422903407739,anchor_id,
base,0.061104217382147274,0.0422263290005765,confounded,0.0,0.1,0.05170707272707079,reward_population_rmse,logger1_heavy,1,78,0.004305263798016045,anchor_id,
base,0.02266060014940449,0.001705722283263296,confounded,0.0,0.1,0.011708910205151532,paired_prediction_increment,logger1_heavy,1,78,0.04624371404759909,anchor_id,
base,0.04240258991657578,0.02913877053644442,confounded,0.0,0.1,0.03567503367066819,paired_increment_absolute_error,logger1_heavy,1,78,0.031434431202743716,anchor_id,
base,0.042625738178264594,0.029632272425385606,confounded,0.0,0.1,0.03567503367066819,base_prediction_absolute_increment,logger1_heavy,1,78,0.031434431202743716,anchor_id,
plus,0.05052060455411262,0.03480668202668056,confounded,0.0,0.1,0.04236972765883965,reward_population_mae,logger1_heavy,1,78,0.0357372101693884,anchor_id,
plus,0.06614561767319094,0.04499933983588211,confounded,0.0,0.1,0.05528081328836281,reward_population_rmse,logger1_heavy,1,78,0.005428721952366453,anchor_id,
plus,0.06793161390865206,0.04876658179884123,confounded,0.0,0.1,0.05842260936309442,paired_prediction_increment,logger1_heavy,1,78,0.04471277765738625,anchor_id,
plus,0.04366097051134779,0.030602961085817622,confounded,0.0,0.1,0.03690503825011918,paired_increment_absolute_error,logger1_heavy,1,78,0.030280564504098873,anchor_id,
minus,0.049048194703015746,0.03234078877651072,confounded,0.0,0.1,0.04061443499773362,reward_population_mae,logger12_balanced,1,78,0.03748388171534008,anchor_id,
minus,0.06459224483824108,0.04607774962717881,confounded,0.0,0.1,0.05510499403412332,reward_population_rmse,logger12_balanced,1,78,0.004540977077052099,anchor_id,
minus,-0.022064078929602212,-0.04012311429550991,confounded,0.0,0.1,-0.031318265231216516,paired_prediction_increment,logger12_balanced,1,78,0.042570207757955496,anchor_id,
minus,0.04612458869169891,0.03144979768638078,confounded,0.0,0.1,0.038679123944771625,paired_increment_absolute_error,logger12_balanced,1,78,0.03361612692279649,anchor_id,
base,0.039690901589911974,0.026323732704449813,confounded,0.0,0.1,0.03303579656025487,reward_population_mae,logger12_balanced,1,78,0.030255567355642124,anchor_id,
base,0.052819179738493455,0.03708435684065963,confounded,0.0,0.1,0.04466572871008271,reward_population_rmse,logger12_balanced,1,78,0.0032213715982331833,anchor_id,
base,0.015008421352128933,-0.001654913158510333,confounded,0.0,0.1,0.006599370814000148,paired_prediction_increment,logger12_balanced,1,78,0.03712899717645201,anchor_id,
base,0.03352317920150613,0.022572480157007302,confounded,0.0,0.1,0.027974621302194497,paired_increment_absolute_error,logger12_balanced,1,78,0.02509854431211418,anchor_id,
base,0.033918165558726315,0.022606517799814093,confounded,0.0,0.1,0.027974621302194497,base_prediction_absolute_increment,logger12_balanced,1,78,0.02509854431211418,anchor_id,
plus,0.0451453126909611,0.03036048472915972,confounded,0.0,0.1,0.03745310067142545,reward_population_mae,logger12_balanced,1,78,0.03220851193816548,anchor_id,
plus,0.058123509207178986,0.03948865180000763,confounded,0.0,0.1,0.04926279673270505,reward_population_rmse,logger12_balanced,1,78,0.004298248193186332,anchor_id,
plus,0.05112694520907516,0.0357671658221901,confounded,0.0,0.1,0.04396169727344303,paired_prediction_increment,logger12_balanced,1,78,0.03550610055950173,anchor_id,
plus,0.03613584781541471,0.025605594047345998,confounded,0.0,0.1,0.030704084752845102,paired_increment_absolute_error,logger12_balanced,1,78,0.02379635971939885,anchor_id,
minus,0.04206828997273385,0.02835541815147503,confounded,0.0,0.1,0.03506732345429386,reward_population_mae,logger2_heavy,1,78,0.03295369983059791,anchor_id,
minus,0.05623241315260142,0.03932507422742843,confounded,0.0,0.1,0.04797646420792897,reward_population_rmse,logger2_heavy,1,78,0.0036728560169486356,anchor_id,
minus,-0.01604646949598515,-0.030617952335233296,confounded,0.0,0.1,-0.023475467716228677,paired_prediction_increment,logger2_heavy,1,78,0.03275911468835571,anchor_id,
minus,0.03470791278109821,0.02392907783416762,confounded,0.0,0.1,0.029428301355827156,paired_increment_absolute_error,logger2_heavy,1,78,0.025323821711064412,anchor_id,
base,0.03733392315248552,0.02500000859099356,confounded,0.0,0.1,0.030944508354105203,reward_population_mae,logger2_heavy,1,78,0.028852846809061253,anchor_id,
base,0.05098432241764896,0.03352231611761027,confounded,0.0,0.1,0.042182655902275,reward_population_rmse,logger2_heavy,1,78,0.003309558742494845,anchor_id,
base,0.011458035014176873,-0.0017783527216646956,confounded,0.0,0.1,0.0045811749411304,paired_prediction_increment,logger2_heavy,1,78,0.028896796121667383,anchor_id,
base,0.026181786450125984,0.017917945944601076,confounded,0.0,0.1,0.02202510920376812,paired_increment_absolute_error,logger2_heavy,1,78,0.019101807361603378,anchor_id,
base,0.026155131964697126,0.017945345970761896,confounded,0.0,0.1,0.02202510920376812,base_prediction_absolute_increment,logger2_heavy,1,78,0.019101807361603378,anchor_id,
plus,0.04112616006484228,0.027266599298536018,confounded,0.0,0.1,0.033888341925551985,reward_population_mae,logger2_heavy,1,78,0.0315703634762809,anchor_id,
plus,0.0561523144497465,0.03669978329334088,confounded,0.0,0.1,0.04617715364905385,reward_population_rmse,logger2_heavy,1,78,0.004342610832398747,anchor_id,
plus,0.039296549923431574,0.02625642627599457,confounded,0.0,0.1,0.03269416775808914,paired_prediction_increment,logger2_heavy,1,78,0.027972033532016768,anchor_id,
plus,0.028071269965227977,0.019841312310399747,confounded,0.0,0.1,0.023955138870055168,paired_increment_absolute_error,logger2_heavy,1,78,0.018466063671661304,anchor_id,
minus,-0.024033875510172078,-0.04619470196218275,confounded,0.0,0.1,-0.03582314727682016,signed_balanced_neural_bias,logger12_balanced,1,78,0.04983858783416486,anchor_id,
minus,-0.06000000000000002,-0.06000000000000011,confounded,0.0,0.1,-0.06000000000000007,signed_balanced_population_bias,logger12_balanced,1,78,1.9792401398107399e-16,anchor_id,
minus,-0.007817487198281996,-0.017283411849470513,confounded,0.0,0.1,-0.012274888714569276,signed_heavy_neural_drift,logger1_minus_logger2,1,78,0.02140249262037904,anchor_id,
minus,-0.031111111111110975,-0.0311111111111111,confounded,0.0,0.1,-0.031111111111111037,signed_heavy_population_drift,logger1_minus_logger2,1,78,3.0659023903857737e-16,anchor_id,
minus,-0.007571175654965165,-0.016925088155707403,confounded,0.0,0.1,-0.012274888714569276,paired_heavy_prediction_increment,logger1_minus_logger2,1,78,0.02140249262037904,anchor_id,
minus,0.026547920989407447,0.018665874210316305,confounded,0.0,0.1,0.02250426277774153,paired_heavy_increment_absolute_error,logger1_minus_logger2,1,78,0.017448747499543223,anchor_id,
base,0.013296202244895822,-0.008134790719906906,confounded,0.0,0.1,0.002704299995295548,signed_balanced_neural_bias,logger12_balanced,1,78,0.04487235843306145,anchor_id,
base,0.0,0.0,confounded,0.0,0.1,0.0,signed_balanced_population_bias,logger12_balanced,1,78,0.0,anchor_id,
base,0.011338054416740215,0.0031336750755698766,confounded,0.0,0.1,0.007127735264021133,signed_heavy_neural_drift,logger1_minus_logger2,1,78,0.01952217577460806,anchor_id,
base,0.0,0.0,confounded,0.0,0.1,0.0,signed_heavy_population_drift,logger1_minus_logger2,1,78,0.0,anchor_id,
base,0.011579359707758845,0.0026553607354005294,confounded,0.0,0.1,0.007127735264021133,paired_heavy_prediction_increment,logger1_minus_logger2,1,78,0.01952217577460806,anchor_id,
base,0.01877319209051685,0.012844190598618811,confounded,0.0,0.1,0.015814761892821275,paired_heavy_increment_absolute_error,logger1_minus_logger2,1,78,0.013387491344245843,anchor_id,
plus,0.05103359555809476,0.031588912474204756,confounded,0.0,0.1,0.040354108903792874,signed_balanced_neural_bias,logger12_balanced,1,78,0.04546830552841877,anchor_id,
plus,0.06000000000000048,0.060000000000000386,confounded,0.0,0.1,0.06000000000000043,signed_balanced_population_bias,logger12_balanced,1,78,2.464636498299849e-16,anchor_id,
plus,0.0299734945692211,0.021521758385877637,confounded,0.0,0.1,0.02572844160500529,signed_heavy_neural_drift,logger1_minus_logger2,1,78,0.019584120834805863,anchor_id,
plus,0.03111111111111126,0.031111111111111114,confounded,0.0,0.1,0.031111111111111187,signed_heavy_population_drift,logger1_minus_logger2,1,78,3.308895083476573e-16,anchor_id,
plus,0.029943535046973013,0.021278615120963455,confounded,0.0,0.1,0.02572844160500529,paired_heavy_prediction_increment,logger1_minus_logger2,1,78,0.019584120834805863,anchor_id,
plus,0.01836171219593151,0.012625927943391967,confounded,0.0,0.1,0.015536621149675614,paired_heavy_increment_absolute_error,logger1_minus_logger2,1,78,0.012975581169934304,anchor_id,
all,0.9615384615384616,0.8461538461538461,confounded,0.0,0.1,0.9102564102564102,neural_do_ranking_disagreement,logger12_balanced,1,78,0.2876640101760781,anchor_id,
all,0.006599676689450576,0.004812700796642058,confounded,0.0,0.1,0.005708594509830542,neural_decision_regret,logger12_balanced,1,78,0.0040326958237600335,anchor_id,
base,0.01971437403864612,0.014052013237329719,confounded,0.0,0.1,0.016680123650976875,base_prediction_range_across_mixtures,all_primary,1,78,0.01296974447138869,anchor_id,
base,0.3277416655972137,0.22998344618236802,confounded,0.0,0.1,0.27800206084961454,base_leakage_over_balanced_direct_signal,all_primary,1,78,0.2161624078564782,anchor_id,
minus,0.1058339875177121,0.06964334639395026,confounded,0.0,0.2,0.08701108202705125,reward_population_mae,logger1_heavy,1,78,0.0797629895511264,anchor_id,
minus,0.13824843665934824,0.09819054317913115,confounded,0.0,0.2,0.1176923832314603,reward_population_rmse,logger1_heavy,1,78,0.020997755549026165,anchor_id,
minus,-0.05107325873203879,-0.09144923248801506,confounded,0.0,0.2,-0.07179882246982162,paired_prediction_increment,logger1_heavy,1,78,0.0922469882626948,anchor_id,
minus,0.11004287690481852,0.076504274898531,confounded,0.0,0.2,0.09309868505298913,paired_increment_absolute_error,logger1_heavy,1,78,0.07811345367638355,anchor_id,
base,0.07297406216481704,0.051301604192788106,confounded,0.0,0.2,0.06207608798789652,reward_population_mae,logger1_heavy,1,78,0.049724129852609406,anchor_id,
base,0.0926799700721966,0.06639239778559922,confounded,0.0,0.2,0.07933619105684647,reward_population_rmse,logger1_heavy,1,78,0.009487881519133738,anchor_id,
base,0.02770603136765666,-0.006627905768277124,confounded,0.0,0.2,0.01067735745512541,paired_prediction_increment,logger1_heavy,1,78,0.08058242686152436,anchor_id,
base,0.07363028504609392,0.05028458758320458,confounded,0.0,0.2,0.06161875903055193,paired_increment_absolute_error,logger1_heavy,1,78,0.052562653990691884,anchor_id,
base,0.07386707000336494,0.050434577680369914,confounded,0.0,0.2,0.06161875903055193,base_prediction_absolute_increment,logger1_heavy,1,78,0.052562653990691884,anchor_id,
plus,0.09506329870420313,0.06953406406062275,confounded,0.0,0.2,0.08223662390412445,reward_population_mae,logger1_heavy,1,78,0.05675374711296988,anchor_id,
plus,0.11403451693577558,0.08570747675793315,confounded,0.0,0.2,0.09971236336072402,reward_population_rmse,logger1_heavy,1,78,0.01246281492809912,anchor_id,
plus,0.10785245713293688,0.07352771811880068,confounded,0.0,0.2,0.08999521836263352,paired_prediction_increment,logger1_heavy,1,78,0.0765592803423717,anchor_id,
plus,0.09353229451892565,0.06910225734700698,confounded,0.0,0.2,0.08083517467828008,paired_increment_absolute_error,logger1_heavy,1,78,0.055007248522991464,anchor_id,
minus,0.08444212572161122,0.05631885371474326,confounded,0.0,0.2,0.06980245747750254,reward_population_mae,logger12_balanced,1,78,0.06411051663748296,anchor_id,
minus,0.10954047459985072,0.07785864445651176,confounded,0.0,0.2,0.09449786810127529,reward_population_rmse,logger12_balanced,1,78,0.013853140828277549,anchor_id,
minus,-0.04119224912391526,-0.07410444122840856,confounded,0.0,0.2,-0.058023469819358714,paired_prediction_increment,logger12_balanced,1,78,0.07422739954232256,anchor_id,
minus,0.08712508127106791,0.06004508022412427,confounded,0.0,0.2,0.07330690438916877,paired_increment_absolute_error,logger12_balanced,1,78,0.06290459646465241,anchor_id,
base,0.06178276487367803,0.04258052404341125,confounded,0.0,0.2,0.051857176906245236,reward_population_mae,logger12_balanced,1,78,0.04249753975927234,anchor_id,
base,0.07718467988444021,0.05537584894694641,confounded,0.0,0.2,0.06687341259385869,reward_population_rmse,logger12_balanced,1,78,0.006744046234703624,anchor_id,
base,0.020913101323726466,-0.008044372677398003,confounded,0.0,0.2,0.007335160510286006,paired_prediction_increment,logger12_balanced,1,78,0.06611976638562711,anchor_id,
base,0.060494698668111815,0.04103525312504054,confounded,0.0,0.2,0.050306227719003796,paired_increment_absolute_error,logger12_balanced,1,78,0.04315951634801216,anchor_id,
base,0.06104302588280684,0.04157503486996834,confounded,0.0,0.2,0.050306227719003796,base_prediction_absolute_increment,logger12_balanced,1,78,0.04315951634801216,anchor_id,
plus,0.07971453913242714,0.058182025932289674,confounded,0.0,0.2,0.06849989309984669,reward_population_mae,logger12_balanced,1,78,0.049557479727867865,anchor_id,
plus,0.09760284784258874,0.0715795390325087,confounded,0.0,0.2,0.08436049248749583,reward_population_rmse,logger12_balanced,1,78,0.009729918559496644,anchor_id,
plus,0.0852747405445889,0.056298162088429825,confounded,0.0,0.2,0.07070924918649843,paired_prediction_increment,logger12_balanced,1,78,0.06409503724334824,anchor_id,
plus,0.07687895554577819,0.05667442481146093,confounded,0.0,0.2,0.06647890416587808,paired_increment_absolute_error,logger12_balanced,1,78,0.04574346721367631,anchor_id,
minus,0.06426616553546141,0.04253553196439794,confounded,0.0,0.2,0.053293985329587276,reward_population_mae,logger2_heavy,1,78,0.049944310824044505,anchor_id,
minus,0.08361043355368562,0.05963671108026303,confounded,0.0,0.2,0.07281966170319062,reward_population_rmse,logger2_heavy,1,78,0.00815307769341778,anchor_id,
minus,-0.031696268860397676,-0.05492546506342943,confounded,0.0,0.2,-0.04355180948564789,paired_prediction_increment,logger2_heavy,1,78,0.055320654325509526,anchor_id,
minus,0.06455641380520144,0.04308497413097589,confounded,0.0,0.2,0.053727434473254565,paired_increment_absolute_error,logger2_heavy,1,78,0.04709982717131986,anchor_id,
base,0.05038439966511428,0.03521688677115871,confounded,0.0,0.2,0.042338698554270054,reward_population_mae,logger2_heavy,1,78,0.03415893354719588,anchor_id,
base,0.06327491964291809,0.04532769836201286,confounded,0.0,0.2,0.05426268277771253,reward_population_rmse,logger2_heavy,1,78,0.004404343351647726,anchor_id,
base,0.014952882612284365,-0.005794322128484365,confounded,0.0,0.2,0.00426128838577738,paired_prediction_increment,logger2_heavy,1,78,0.0487319277969949,anchor_id,
base,0.04417554523468551,0.03104416397748839,confounded,0.0,0.2,0.037472237134884775,paired_increment_absolute_error,logger2_heavy,1,78,0.03115751402232534,anchor_id,
base,0.04512854068413305,0.03085950779600579,confounded,0.0,0.2,0.037472237134884775,base_prediction_absolute_increment,logger2_heavy,1,78,0.03115751402232534,anchor_id,
plus,0.06405937370244008,0.04642845362854846,confounded,0.0,0.2,0.05483000251381414,reward_population_mae,logger2_heavy,1,78,0.04132727157133712,anchor_id,
plus,0.07943923117074687,0.05727575591022108,confounded,0.0,0.2,0.06850091854313492,reward_population_rmse,logger2_heavy,1,78,0.007141843074906405,anchor_id,
plus,0.06056246925750727,0.04050489498775027,confounded,0.0,0.2,0.05080053567240148,paired_prediction_increment,logger2_heavy,1,78,0.0468708717741507,anchor_id,
plus,0.05761619128261272,0.04321236045148114,confounded,0.0,0.2,0.050290066542171656,paired_increment_absolute_error,logger2_heavy,1,78,0.03323410443702157,anchor_id,
minus,-0.045644972044533265,-0.07871334811261312,confounded,0.0,0.2,-0.06252835186496232,signed_balanced_neural_bias,logger12_balanced,1,78,0.07549789929421347,anchor_id,
minus,-0.12000000000000004,-0.12000000000000018,confounded,0.0,0.2,-0.1200000000000001,signed_balanced_population_bias,logger12_balanced,1,78,1.6202677627153485e-16,anchor_id,
minus,-0.019121299031955225,-0.03706240201041384,confounded,0.0,0.2,-0.02824701298417375,signed_heavy_neural_drift,logger1_minus_logger2,1,78,0.039271262473558076,anchor_id,
minus,-0.062222222222222144,-0.06222222222222227,confounded,0.0,0.2,-0.0622222222222222,signed_heavy_population_drift,logger1_minus_logger2,1,78,2.899298854022174e-16,anchor_id,
minus,-0.019120685105050668,-0.036632706043788536,confounded,0.0,0.2,-0.02824701298417375,paired_heavy_prediction_increment,logger1_minus_logger2,1,78,0.039271262473558076,anchor_id,
minus,0.04752691045628695,0.033620537775327995,confounded,0.0,0.2,0.040645309049893025,paired_heavy_increment_absolute_error,logger1_minus_logger2,1,78,0.032218655671645245,anchor_id,
base,0.019582547172855423,-0.010934145015596114,confounded,0.0,0.2,0.0034400896915814058,signed_balanced_neural_bias,logger12_balanced,1,78,0.06721714080628716,anchor_id,
base,0.0,0.0,confounded,0.0,0.2,0.0,signed_balanced_population_bias,logger12_balanced,1,78,0.0,anchor_id,
base,0.013924827488484195,-0.0009405593741756211,confounded,0.0,0.2,0.00641606906934803,signed_heavy_neural_drift,logger1_minus_logger2,1,78,0.03431455576880826,anchor_id,
base,0.0,0.0,confounded,0.0,0.2,0.0,signed_heavy_population_drift,logger1_minus_logger2,1,78,0.0,anchor_id,
base,0.014573118725889804,-0.0006147899190726611,confounded,0.0,0.2,0.00641606906934803,paired_heavy_prediction_increment,logger1_minus_logger2,1,78,0.03431455576880826,anchor_id,
base,0.0324180889265343,0.022837912800003347,confounded,0.0,0.2,0.027432179004909917,paired_heavy_increment_absolute_error,logger1_minus_logger2,1,78,0.021375027785794243,anchor_id,
plus,0.0828905113218921,0.05278566220092968,confounded,0.0,0.2,0.06710166081684826,signed_balanced_neural_bias,logger12_balanced,1,78,0.06614032264646733,anchor_id,
plus,0.12000000000000068,0.12000000000000054,confounded,0.0,0.2,0.12000000000000063,signed_balanced_population_bias,logger12_balanced,1,78,3.1916952865128723e-16,anchor_id,
plus,0.04653804874952818,0.0317157756441249,confounded,0.0,0.2,0.039194682690232026,signed_heavy_neural_drift,logger1_minus_logger2,1,78,0.03246506804153523,anchor_id,
plus,0.06222222222222243,0.06222222222222227,confounded,0.0,0.2,0.06222222222222235,signed_heavy_population_drift,logger1_minus_logger2,1,78,3.9352703412425637e-16,anchor_id,
plus,0.04631951523348404,0.03167855637470365,confounded,0.0,0.2,0.039194682690232026,paired_heavy_prediction_increment,logger1_minus_logger2,1,78,0.03246506804153523,anchor_id,
plus,0.03708535946927221,0.026295138248785672,confounded,0.0,0.2,0.031629782536715535,paired_heavy_increment_absolute_error,logger1_minus_logger2,1,78,0.024035367697034814,anchor_id,
all,0.9871794871794872,0.8717948717948718,confounded,0.0,0.2,0.9358974358974359,neural_do_ranking_disagreement,logger12_balanced,1,78,0.2465209134587992,anchor_id,
all,0.006647989665270537,0.004976411323338515,confounded,0.0,0.2,0.005784808895496878,neural_decision_regret,logger12_balanced,1,78,0.003954684118040214,anchor_id,
base,0.032494575378029925,0.023798775453810886,confounded,0.0,0.2,0.028199161871295564,base_prediction_range_across_mixtures,all_primary,1,78,0.020797072478349877,anchor_id,
base,0.2728834891341273,0.19659422665385132,confounded,0.0,0.2,0.23499301559412972,base_leakage_over_balanced_direct_signal,all_primary,1,78,0.1733089373195823,anchor_id,
base,0.07923544293200506,0.058522746456957916,confounded,0.0,all,0.06775397655379874,base_prediction_range_across_mixture_and_lambda,all_primary,1,78,0.04877788791690602,anchor_id,
minus,0.03083760877983043,0.018548052208045573,confounded,0.0,0.0,0.02429164255773025,reward_population_mae,logger1_heavy,2,78,0.02882510765050104,anchor_id,
minus,0.04933429888884729,0.025834843374237606,confounded,0.0,0.0,0.0375542052764463,reward_population_rmse,logger1_heavy,2,78,0.003917892477681479,anchor_id,
base,0.030591950711837367,0.018565669330087825,confounded,0.0,0.0,0.024228129724070353,reward_population_mae,logger1_heavy,2,78,0.027444505666036463,anchor_id,
base,0.0465627083337088,0.02580057049443425,confounded,0.0,0.0,0.03647666020206286,reward_population_rmse,logger1_heavy,2,78,0.003520466402708747,anchor_id,
plus,0.029064067547852762,0.017719056276058555,confounded,0.0,0.0,0.02327755901704247,reward_population_mae,logger1_heavy,2,78,0.026066271446875743,anchor_id,
plus,0.0436128777773138,0.025875635697005885,confounded,0.0,0.0,0.03482218196776854,reward_population_rmse,logger1_heavy,2,78,0.0029469869496616175,anchor_id,
minus,0.030732342054061147,0.01875115147201243,confounded,0.0,0.0,0.024291642557730243,reward_population_mae,logger12_balanced,2,78,0.028825107650501072,anchor_id,
minus,0.04946174637762965,0.02611133308214053,confounded,0.0,0.0,0.03755420527644632,reward_population_rmse,logger12_balanced,2,78,0.003917892477681488,anchor_id,
base,0.030730664633890528,0.018815538685611293,confounded,0.0,0.0,0.024228129724070353,reward_population_mae,logger12_balanced,2,78,0.027444505666036463,anchor_id,
base,0.04648385323048201,0.025777305751254465,confounded,0.0,0.0,0.03647666020206286,reward_population_rmse,logger12_balanced,2,78,0.003520466402708747,anchor_id,
plus,0.02928867850386528,0.018239296786748342,confounded,0.0,0.0,0.02327755901704253,reward_population_mae,logger12_balanced,2,78,0.026066271446875643,anchor_id,
plus,0.04397011869448597,0.026096659221981972,confounded,0.0,0.0,0.034822181967768505,reward_population_rmse,logger12_balanced,2,78,0.0029469869496615993,anchor_id,
minus,0.0313454783959764,0.018475149629866655,confounded,0.0,0.0,0.024291642557730236,reward_population_mae,logger2_heavy,2,78,0.028825107650501048,anchor_id,
minus,0.04778498235676148,0.02536208136196173,confounded,0.0,0.0,0.03755420527644629,reward_population_rmse,logger2_heavy,2,78,0.003917892477681487,anchor_id,
base,0.03027876606722197,0.018696546337438526,confounded,0.0,0.0,0.024228129724070353,reward_population_mae,logger2_heavy,2,78,0.027444505666036463,anchor_id,
base,0.046512902411679484,0.02611603886753071,confounded,0.0,0.0,0.03647666020206286,reward_population_rmse,logger2_heavy,2,78,0.003520466402708747,anchor_id,
plus,0.029637340409045403,0.017910675080843756,confounded,0.0,0.0,0.023277559017042464,reward_population_mae,logger2_heavy,2,78,0.026066271446875736,anchor_id,
plus,0.04399055384447475,0.02572909739885281,confounded,0.0,0.0,0.03482218196776853,reward_population_rmse,logger2_heavy,2,78,0.0029469869496616175,anchor_id,
minus,0.008885864666493177,-0.007957112507918725,confounded,0.0,0.0,0.00023056643981187252,signed_balanced_neural_bias,logger12_balanced,2,78,0.037796564727234035,anchor_id,
minus,-1.1386902816668272e-17,-9.109522253334617e-17,confounded,0.0,0.0,-5.124106267500723e-17,signed_balanced_population_bias,logger12_balanced,2,78,1.750323723175451e-16,anchor_id,
minus,0.0,0.0,confounded,0.0,0.0,0.0,signed_heavy_neural_drift,logger1_minus_logger2,2,78,0.0,anchor_id,
minus,2.049642507000289e-16,4.9782115751621604e-17,confounded,0.0,0.0,1.3237274524376866e-16,signed_heavy_population_drift,logger1_minus_logger2,2,78,3.592224512535847e-16,anchor_id,
base,0.007825814764185875,-0.008018152093683806,confounded,0.0,0.0,0.00019032095913918142,signed_balanced_neural_bias,logger12_balanced,2,78,0.03671225782757689,anchor_id,
base,0.0,0.0,confounded,0.0,0.0,0.0,signed_balanced_population_bias,logger12_balanced,2,78,0.0,anchor_id,
base,0.0,0.0,confounded,0.0,0.0,0.0,signed_heavy_neural_drift,logger1_minus_logger2,2,78,0.0,anchor_id,
base,0.0,0.0,confounded,0.0,0.0,0.0,signed_heavy_population_drift,logger1_minus_logger2,2,78,0.0,anchor_id,
plus,0.008763394579456109,-0.006746814851562272,confounded,0.0,0.0,0.0005902305542504752,signed_balanced_neural_bias,logger12_balanced,2,78,0.03504253571544579,anchor_id,
plus,5.152573524542394e-16,3.743088460266674e-16,confounded,0.0,0.0,4.455125727021461e-16,signed_balanced_population_bias,logger12_balanced,2,78,3.137602326387882e-16,anchor_id,
plus,0.0,0.0,confounded,0.0,0.0,0.0,signed_heavy_neural_drift,logger1_minus_logger2,2,78,0.0,anchor_id,
plus,1.25255930983351e-16,5.693451408334136e-18,confounded,0.0,0.0,6.26279654916755e-17,signed_heavy_population_drift,logger1_minus_logger2,2,78,2.651464952109841e-16,anchor_id,
all,0.46153846153846156,0.24358974358974358,confounded,0.0,0.0,0.34615384615384615,neural_do_ranking_disagreement,logger12_balanced,2,78,0.47882223138731705,anchor_id,
all,0.0020909836216387342,0.0008708927594164951,confounded,0.0,0.0,0.001458401991181007,neural_decision_regret,logger12_balanced,2,78,0.002756380662746341,anchor_id,
base,0.0,0.0,confounded,0.0,0.0,0.0,base_prediction_range_across_mixtures,all_primary,2,78,0.0,anchor_id,
minus,0.040281455179098195,0.025706937939759637,confounded,0.0,0.05,0.03219581476184087,reward_population_mae,logger1_heavy,2,78,0.03400334762348315,anchor_id,
minus,0.057479651470407386,0.03507993017828728,confounded,0.0,0.05,0.04666877656824781,reward_population_rmse,logger1_heavy,2,78,0.0047045509745071625,anchor_id,
minus,-0.012920405852958505,-0.024508395195813472,confounded,0.0,0.05,-0.018704464468000653,paired_prediction_increment,logger1_heavy,2,78,0.02543594895653857,anchor_id,
minus,0.028626845204170668,0.019869191402502248,confounded,0.0,0.05,0.02408697667187385,paired_increment_absolute_error,logger1_heavy,2,78,0.020682989626176047,anchor_id,
base,0.03555391926251261,0.0217353309601153,confounded,0.0,0.05,0.028063485753038943,reward_population_mae,logger1_heavy,2,78,0.032071475600934894,anchor_id,
base,0.05163869604433398,0.031135732130114765,confounded,0.0,0.05,0.042461180654337835,reward_population_rmse,logger1_heavy,2,78,0.0040208952699224585,anchor_id,
base,0.015509312260385988,0.0052974312827546,confounded,0.0,0.05,0.010661753883885466,paired_prediction_increment,logger1_heavy,2,78,0.023935854605881397,anchor_id,
base,0.023612768077146223,0.015642684365291416,confounded,0.0,0.05,0.019431785815595952,paired_increment_absolute_error,logger1_heavy,2,78,0.017480740322060564,anchor_id,
base,0.02306809232907767,0.015510487463513377,confounded,0.0,0.05,0.019431785815595952,base_prediction_absolute_increment,logger1_heavy,2,78,0.017480740322060564,anchor_id,
plus,0.03320114394940821,0.020811483044675564,confounded,0.0,0.05,0.026490932571835258,reward_population_mae,logger1_heavy,2,78,0.02831892466654239,anchor_id,
plus,0.04748581293759902,0.02951957683863181,confounded,0.0,0.05,0.038645173633663335,reward_population_rmse,logger1_heavy,2,78,0.003250822044799575,anchor_id,
plus,0.04519236639253794,0.03478133651603914,confounded,0.0,0.05,0.03998596519263104,paired_prediction_increment,logger1_heavy,2,78,0.02350049153455636,anchor_id,
plus,0.020050659543728568,0.012908818996882643,confounded,0.0,0.05,0.016397930215681374,paired_increment_absolute_error,logger1_heavy,2,78,0.01687685690932864,anchor_id,
minus,0.0368670233446411,0.022213346652345253,confounded,0.0,0.05,0.02890888132862086,reward_population_mae,logger12_balanced,2,78,0.03215982379191438,anchor_id,
minus,0.05241994546465601,0.032787544938450194,confounded,0.0,0.05,0.043089650914322236,reward_population_rmse,logger12_balanced,2,78,0.004153879369658068,anchor_id,
minus,-0.01378782652935786,-0.02287914248902544,confounded,0.0,0.05,-0.018532599378711143,paired_prediction_increment,logger12_balanced,2,78,0.02091072102341749,anchor_id,
minus,0.021897938216189024,0.014897344519653653,confounded,0.0,0.05,0.018180269528182365,paired_increment_absolute_error,logger12_balanced,2,78,0.015350981834979816,anchor_id,
base,0.034612053559774356,0.02093969113610863,confounded,0.0,0.05,0.02718213533072626,reward_population_mae,logger12_balanced,2,78,0.030358526783156883,anchor_id,
base,0.04921464758712593,0.03029745487430265,confounded,0.0,0.05,0.04060409745632267,reward_population_rmse,logger12_balanced,2,78,0.003606894321014857,anchor_id,
base,0.009492205837604687,0.0007109328086008792,confounded,0.0,0.05,0.004986784127655755,paired_prediction_increment,logger12_balanced,2,78,0.020411858458088298,anchor_id,
base,0.01868784428717157,0.012715345198847563,confounded,0.0,0.05,0.015623094213653618,paired_increment_absolute_error,logger12_balanced,2,78,0.013949336400834357,anchor_id,
base,0.018985542276757462,0.012663573673032577,confounded,0.0,0.05,0.015623094213653618,base_prediction_absolute_increment,logger12_balanced,2,78,0.013949336400834357,anchor_id,
plus,0.033559981050959364,0.021332038708975976,confounded,0.0,0.05,0.026968650849910993,reward_population_mae,logger12_balanced,2,78,0.02716414867097725,anchor_id,
plus,0.046496055185937475,0.02963373870825993,confounded,0.0,0.05,0.03815414736308007,reward_population_rmse,logger12_balanced,2,78,0.0029922709381271263,anchor_id,
plus,0.03333242606565733,0.024542555581110105,confounded,0.0,0.05,0.028797391125135744,paired_prediction_increment,logger12_balanced,2,78,0.02004634725055638,anchor_id,
plus,0.01758584294852515,0.011406533620833475,confounded,0.0,0.05,0.014290532297011055,paired_increment_absolute_error,logger12_balanced,2,78,0.01401604711365188,anchor_id,
minus,0.035759411220078204,0.02169846673531777,confounded,0.0,0.05,0.028034719974620693,reward_population_mae,logger2_heavy,2,78,0.031528073427773286,anchor_id,
minus,0.05318903128863492,0.03009372576041514,confounded,0.0,0.05,0.042038328933017476,reward_population_rmse,logger2_heavy,2,78,0.0041774596586800624,anchor_id,
minus,-0.007149418491783272,-0.014637852710645093,confounded,0.0,0.05,-0.010958780988515002,paired_prediction_increment,logger2_heavy,2,78,0.01657644534227562,anchor_id,
minus,0.0178818892384547,0.012383451229823724,confounded,0.0,0.05,0.015083470618849603,paired_increment_absolute_error,logger2_heavy,2,78,0.013146310207972649,anchor_id,
base,0.033269370494309766,0.020242918727165743,confounded,0.0,0.05,0.026274083843863722,reward_population_mae,logger2_heavy,2,78,0.030221441484634654,anchor_id,
base,0.04948533231608707,0.029825330880812292,confounded,0.0,0.05,0.03989929294399386,reward_population_rmse,logger2_heavy,2,78,0.003612645592821758,anchor_id,
base,0.00982137120244117,0.002445930253113698,confounded,0.0,0.05,0.006221326024359752,paired_prediction_increment,logger2_heavy,2,78,0.01660253399544597,anchor_id,
base,0.015856946253144922,0.010554545330035973,confounded,0.0,0.05,0.01301510870422521,paired_increment_absolute_error,logger2_heavy,2,78,0.011969073865393722,anchor_id,
base,0.015834260171377144,0.010431200020044178,confounded,0.0,0.05,0.01301510870422521,base_prediction_absolute_increment,logger2_heavy,2,78,0.011969073865393722,anchor_id,
plus,0.031257011030136256,0.019995373245635894,confounded,0.0,0.05,0.0254149528800572,reward_population_mae,logger2_heavy,2,78,0.027375227447190956,anchor_id,
plus,0.04637593412179592,0.027896829097970307,confounded,0.0,0.05,0.037225195444946756,reward_population_rmse,logger2_heavy,2,78,0.00290878678712557,anchor_id,
plus,0.027236919533446962,0.019994407301481835,confounded,0.0,0.05,0.0235049379008136,paired_prediction_increment,logger2_heavy,2,78,0.01641878285764922,anchor_id,
plus,0.014765941504937714,0.010097700510705378,confounded,0.0,0.05,0.012374970334011911,paired_increment_absolute_error,logger2_heavy,2,78,0.010775640947349145,anchor_id,
minus,-0.008728711343988428,-0.027370038725146754,confounded,0.0,0.05,-0.018302032938899274,signed_balanced_neural_bias,logger12_balanced,2,78,0.04173980868526175,anchor_id,
minus,-0.029999999999999902,-0.03,confounded,0.0,0.05,-0.029999999999999954,signed_balanced_population_bias,logger12_balanced,2,78,2.230217569400469e-16,anchor_id,
minus,-0.005061320059232101,-0.010382668126355793,confounded,0.0,0.05,-0.007745683479485651,signed_heavy_neural_drift,logger1_minus_logger2,2,78,0.012400530945931458,anchor_id,
minus,-0.01555555555555534,-0.01555555555555547,confounded,0.0,0.05,-0.015555555555555408,signed_heavy_population_drift,logger1_minus_logger2,2,78,2.91927553640392e-16,anchor_id,
minus,-0.005132280750913996,-0.010533677676751846,confounded,0.0,0.05,-0.007745683479485651,paired_heavy_prediction_increment,logger1_minus_logger2,2,78,0.012400530945931458,anchor_id,
minus,0.012813732925205889,0.00837461213613689,confounded,0.0,0.05,0.010490365914116725,paired_heavy_increment_absolute_error,logger1_minus_logger2,2,78,0.010202079780959238,anchor_id,
base,0.013892227380669345,-0.004045749531015926,confounded,0.0,0.05,0.005177105086794937,signed_balanced_neural_bias,logger12_balanced,2,78,0.04053336679481964,anchor_id,
base,0.0,-7.11681426041767e-18,confounded,0.0,0.05,-2.846725704167068e-18,signed_balanced_population_bias,logger12_balanced,2,78,1.7661978828937318e-17,anchor_id,
base,0.006911270246946927,0.0018153536136475783,confounded,0.0,0.05,0.004440427859525715,signed_heavy_neural_drift,logger1_minus_logger2,2,78,0.01181247767011613,anchor_id,
base,0.0,0.0,confounded,0.0,0.05,0.0,signed_heavy_population_drift,logger1_minus_logger2,2,78,0.0,anchor_id,
base,0.007098138509525626,0.0016811739763428809,confounded,0.0,0.05,0.004440427859525715,paired_heavy_prediction_increment,logger1_minus_logger2,2,78,0.01181247767011613,anchor_id,
base,0.01118014650935171,0.007393628787193568,confounded,0.0,0.05,0.009277790080319516,paired_heavy_increment_absolute_error,logger1_minus_logger2,2,78,0.008503694577454318,anchor_id,
plus,0.03821769974410063,0.021666047260190828,confounded,0.0,0.05,0.029387621679386217,signed_balanced_neural_bias,logger12_balanced,2,78,0.03839615585400254,anchor_id,
plus,0.03000000000000033,0.03000000000000022,confounded,0.0,0.05,0.030000000000000276,signed_balanced_population_bias,logger12_balanced,2,78,2.5030032155421774e-16,anchor_id,
plus,0.019009593510167132,0.014050177645387836,confounded,0.0,0.05,0.01648102729181744,signed_heavy_neural_drift,logger1_minus_logger2,2,78,0.011667180790887813,anchor_id,
plus,0.015555555555555647,0.01555555555555554,confounded,0.0,0.05,0.015555555555555597,signed_heavy_population_drift,logger1_minus_logger2,2,78,2.553500957534241e-16,anchor_id,
plus,0.019035978100624792,0.0138222911548036,confounded,0.0,0.05,0.01648102729181744,paired_heavy_prediction_increment,logger1_minus_logger2,2,78,0.011667180790887813,anchor_id,
plus,0.010488771746921708,0.00683860934581211,confounded,0.0,0.05,0.008523899106318492,paired_heavy_increment_absolute_error,logger1_minus_logger2,2,78,0.007961801139493834,anchor_id,
all,0.9871794871794872,0.8974358974358975,confounded,0.0,0.05,0.9487179487179487,neural_do_ranking_disagreement,logger12_balanced,2,78,0.2220001110000833,anchor_id,
all,0.00674317127786434,0.00504463689269913,confounded,0.0,0.05,0.005877633093443531,neural_decision_regret,logger12_balanced,2,78,0.003879403431282101,anchor_id,
base,0.013026845451101367,0.0095293130184759,confounded,0.0,0.05,0.011178846237969987,base_prediction_range_across_mixtures,all_primary,2,78,0.007855833411671283,anchor_id,
base,0.43169793599479045,0.3153279189754647,confounded,0.0,0.05,0.3726282079323329,base_leakage_over_balanced_direct_signal,all_primary,2,78,0.26186111372237614,anchor_id,
minus,0.06211514424446482,0.04217042261460594,confounded,0.0,0.1,0.052121255022636016,reward_population_mae,logger1_heavy,2,78,0.043702429636835814,anchor_id,
minus,0.08123786567690787,0.05423724173703703,confounded,0.0,0.1,0.06783834943197052,reward_population_rmse,logger1_heavy,2,78,0.007923680754247018,anchor_id,
minus,-0.024986598009793005,-0.04194835831978103,confounded,0.0,0.1,-0.03345502013967387,paired_prediction_increment,logger1_heavy,2,78,0.037564017547925696,anchor_id,
minus,0.05428256660126595,0.040051573241648826,confounded,0.0,0.1,0.04642300408806617,paired_increment_absolute_error,logger1_heavy,2,78,0.03199133999219819,anchor_id,
base,0.046507626184547145,0.02925664472066385,confounded,0.0,0.1,0.03734223756575924,reward_population_mae,logger1_heavy,2,78,0.03808242116871512,anchor_id,
base,0.06443177652286347,0.04174537681091113,confounded,0.0,0.1,0.05316126684982056,reward_population_rmse,logger1_heavy,2,78,0.005587253798245307,anchor_id,
base,0.010851228948235803,-0.0054140769329262765,confounded,0.0,0.1,0.0026839367457186284,paired_prediction_increment,logger1_heavy,2,78,0.039220083397098975,anchor_id,
base,0.035278934915794695,0.023631729426258002,confounded,0.0,0.1,0.029326362193719823,paired_increment_absolute_error,logger1_heavy,2,78,0.02596742571595554,anchor_id,
base,0.0351969597640698,0.023635912371040076,confounded,0.0,0.1,0.029326362193719823,base_prediction_absolute_increment,logger1_heavy,2,78,0.02596742571595554,anchor_id,
plus,0.06110075122454658,0.04481765728728124,confounded,0.0,0.1,0.05273000813672621,reward_population_mae,logger1_heavy,2,78,0.03686235738475349,anchor_id,
plus,0.07402842076849746,0.054146714746879945,confounded,0.0,0.1,0.06420176172923857,reward_population_rmse,logger1_heavy,2,78,0.006125354337438204,anchor_id,
plus,0.05065994697971274,0.03227706433444931,confounded,0.0,0.1,0.04111520743044821,paired_prediction_increment,logger1_heavy,2,78,0.04384096131008102,anchor_id,
plus,0.052677269526665946,0.038812667159722654,confounded,0.0,0.1,0.045255514996739264,paired_increment_absolute_error,logger1_heavy,2,78,0.03238691110629594,anchor_id,
minus,0.05495708612002291,0.036842380072214936,confounded,0.0,0.1,0.04561263792547955,reward_population_mae,logger12_balanced,2,78,0.04084270251312233,anchor_id,
minus,0.0732725462188526,0.048981245863328415,confounded,0.0,0.1,0.0610512313705314,reward_population_rmse,logger12_balanced,2,78,0.006867542110059548,anchor_id,
minus,-0.017934182229603263,-0.03231198921730795,confounded,0.0,0.1,-0.025184906484042157,paired_prediction_increment,logger12_balanced,2,78,0.03198064176416051,anchor_id,
minus,0.044755464931384825,0.032739915662191206,confounded,0.0,0.1,0.03863262871357493,paired_increment_absolute_error,logger12_balanced,2,78,0.02717960198068025,anchor_id,
base,0.043265677274729374,0.027140558470249165,confounded,0.0,0.1,0.03449530896640146,reward_population_mae,logger12_balanced,2,78,0.03645388606369072,anchor_id,
base,0.06033965477067986,0.03889063134538392,confounded,0.0,0.1,0.050017748372741706,reward_population_rmse,logger12_balanced,2,78,0.005147854521259538,anchor_id,
base,0.010447117720731923,-0.004620617097298452,confounded,0.0,0.1,0.002869836379131123,paired_prediction_increment,logger12_balanced,2,78,0.03335024587912215,anchor_id,
base,0.030282010670386023,0.021174475059122972,confounded,0.0,0.1,0.02552121835890103,paired_increment_absolute_error,logger12_balanced,2,78,0.021466028283978734,anchor_id,
base,0.02991946267565584,0.02128199441040079,confounded,0.0,0.1,0.02552121835890103,base_prediction_absolute_increment,logger12_balanced,2,78,0.021466028283978734,anchor_id,
plus,0.05298287100707961,0.03836071365314471,confounded,0.0,0.1,0.04580463672254388,reward_population_mae,logger12_balanced,2,78,0.034308092171151654,anchor_id,
plus,0.06666583263638243,0.04745404032448486,confounded,0.0,0.1,0.05709658142813751,reward_population_rmse,logger12_balanced,2,78,0.0053241081945436695,anchor_id,
plus,0.04173025772416925,0.024552706755023895,confounded,0.0,0.1,0.03325468851722335,paired_prediction_increment,logger12_balanced,2,78,0.03724920118345329,anchor_id,
plus,0.043592929562281155,0.03134800089836749,confounded,0.0,0.1,0.03694275190729028,paired_increment_absolute_error,logger12_balanced,2,78,0.027011354521715696,anchor_id,
minus,0.040547956420562435,0.0260247840181851,confounded,0.0,0.1,0.033251498091692686,reward_population_mae,logger2_heavy,2,78,0.03463186021751243,anchor_id,
minus,0.05793322168899496,0.036633914052677054,confounded,0.0,0.1,0.04785030181298505,reward_population_rmse,logger2_heavy,2,78,0.004631310641853442,anchor_id,
minus,-0.02419470932382903,-0.03641551708838707,confounded,0.0,0.1,-0.0304705373098004,paired_prediction_increment,logger2_heavy,2,78,0.027961498259698764,anchor_id,
minus,0.028126708355525495,0.019048702136260403,confounded,0.0,0.1,0.023431192920220518,paired_increment_absolute_error,logger2_heavy,2,78,0.020579127742974664,anchor_id,
base,0.0392883739338466,0.025257849535331764,confounded,0.0,0.1,0.03180235129880547,reward_population_mae,logger2_heavy,2,78,0.03034335566768539,anchor_id,
base,0.05320258860649512,0.03469669912349722,confounded,0.0,0.1,0.04382128122927567,reward_population_rmse,logger2_heavy,2,78,0.0038239741252574246,anchor_id,
base,0.004957925894925047,-0.006542245407845099,confounded,0.0,0.1,-0.0007266533142406593,paired_prediction_increment,logger2_heavy,2,78,0.026475681107683197,anchor_id,
base,0.024080025105518356,0.016575511158802455,confounded,0.0,0.1,0.020418229223306206,paired_increment_absolute_error,logger2_heavy,2,78,0.01670862499567677,anchor_id,
base,0.02421927838095133,0.016920038402669976,confounded,0.0,0.1,0.020418229223306206,base_prediction_absolute_increment,logger2_heavy,2,78,0.01670862499567677,anchor_id,
plus,0.040612428149807665,0.028659434863204828,confounded,0.0,0.1,0.03468757082543298,reward_population_mae,logger2_heavy,2,78,0.027335771010857535,anchor_id,
plus,0.05284686560506451,0.03529689215257651,confounded,0.0,0.1,0.04405555459207369,reward_population_rmse,logger2_heavy,2,78,0.0034922360177036286,anchor_id,
plus,0.0358794483414699,0.023929999960810095,confounded,0.0,0.1,0.029698128552405525,paired_prediction_increment,logger2_heavy,2,78,0.02658749310082523,anchor_id,
plus,0.028445065050357453,0.02002155253407137,confounded,0.0,0.1,0.023919380099727026,paired_increment_absolute_error,logger2_heavy,2,78,0.018644184236244258,anchor_id,
minus,-0.012928033246387605,-0.03604625918915619,confounded,0.0,0.1,-0.024954340044230285,signed_balanced_neural_bias,logger12_balanced,2,78,0.050314111581942385,anchor_id,
minus,-0.060000000000000005,-0.06000000000000011,confounded,0.0,0.1,-0.06000000000000007,signed_balanced_population_bias,logger12_balanced,2,78,1.9792401398107399e-16,anchor_id,
minus,0.001645263201592184,-0.007237120900121089,confounded,0.0,0.1,-0.002984482829873477,signed_heavy_neural_drift,logger1_minus_logger2,2,78,0.019374318421617184,anchor_id,
minus,-0.03111111111111097,-0.031111111111111107,confounded,0.0,0.1,-0.031111111111111037,signed_heavy_population_drift,logger1_minus_logger2,2,78,3.0659023903857737e-16,anchor_id,
minus,0.0010511072411905306,-0.00729662587050953,confounded,0.0,0.1,-0.002984482829873477,paired_heavy_prediction_increment,logger1_minus_logger2,2,78,0.019374318421617184,anchor_id,
minus,0.032892984644165825,0.02514252055970585,confounded,0.0,0.1,0.02897466084868724,paired_heavy_increment_absolute_error,logger1_minus_logger2,2,78,0.01806409647809315,anchor_id,
base,0.015397003282669427,-0.0087266833948839,confounded,0.0,0.1,0.003060157338270304,signed_balanced_neural_bias,logger12_balanced,2,78,0.0502471845782101,anchor_id,
base,0.0,0.0,confounded,0.0,0.1,0.0,signed_balanced_population_bias,logger12_balanced,2,78,0.0,anchor_id,
base,0.007809280305413652,-0.0015237522216265498,confounded,0.0,0.1,0.0034105900599592878,signed_heavy_neural_drift,logger1_minus_logger2,2,78,0.02188621449905656,anchor_id,
base,0.0,0.0,confounded,0.0,0.1,0.0,signed_heavy_population_drift,logger1_minus_logger2,2,78,0.0,anchor_id,
base,0.008145931866907952,-0.0009814568136706494,confounded,0.0,0.1,0.0034105900599592878,paired_heavy_prediction_increment,logger1_minus_logger2,2,78,0.02188621449905656,anchor_id,
base,0.020979774066597425,0.015386251398367192,confounded,0.0,0.1,0.01806854799643012,paired_heavy_increment_absolute_error,logger1_minus_logger2,2,78,0.012652163762129857,anchor_id,
plus,0.04439445262098388,0.022123615491228227,confounded,0.0,0.1,0.03384491907147383,signed_balanced_neural_bias,logger12_balanced,2,78,0.05108213979787321,anchor_id,
plus,0.06000000000000048,0.060000000000000386,confounded,0.0,0.1,0.06000000000000043,signed_balanced_population_bias,logger12_balanced,2,78,2.464636498299849e-16,anchor_id,
plus,0.017160917827809825,0.005725764498889615,confounded,0.0,0.1,0.011417078878042691,signed_heavy_neural_drift,logger1_minus_logger2,2,78,0.025273846808607083,anchor_id,
plus,0.03111111111111126,0.031111111111111117,confounded,0.0,0.1,0.031111111111111187,signed_heavy_population_drift,logger1_minus_logger2,2,78,3.308895083476573e-16,anchor_id,
plus,0.017126548353149026,0.005796429028555731,confounded,0.0,0.1,0.011417078878042691,paired_heavy_prediction_increment,logger1_minus_logger2,2,78,0.025273846808607083,anchor_id,
plus,0.030198859492715245,0.02167852250103599,confounded,0.0,0.1,0.025789972848981584,paired_heavy_increment_absolute_error,logger1_minus_logger2,2,78,0.018918209696213537,anchor_id,
all,0.9871794871794872,0.8974358974358975,confounded,0.0,0.1,0.9487179487179487,neural_do_ranking_disagreement,logger12_balanced,2,78,0.2220001110000833,anchor_id,
all,0.006747338015412924,0.004981506232494249,confounded,0.0,0.1,0.005860408368890631,neural_decision_regret,logger12_balanced,2,78,0.0038970627855332393,anchor_id,
base,0.022113317649666356,0.01673041625279703,confounded,0.0,0.1,0.019308082752737377,base_prediction_range_across_mixtures,all_primary,2,78,0.012059691746619097,anchor_id,
base,0.3660428100291518,0.2779114828975046,confounded,0.0,0.1,0.3218013792122896,base_leakage_over_balanced_direct_signal,all_primary,2,78,0.2009948624436516,anchor_id,
minus,0.10630654604340344,0.07344592326756068,confounded,0.0,0.2,0.0875872374313468,reward_population_mae,logger1_heavy,2,78,0.06999842156679678,anchor_id,
minus,0.13160545782751965,0.09227611786916562,confounded,0.0,0.2,0.11184134075971597,reward_population_rmse,logger1_heavy,2,78,0.020684086628307584,anchor_id,
minus,-0.05752088458910064,-0.08784733347195496,confounded,0.0,0.2,-0.07250002492506581,paired_prediction_increment,logger1_heavy,2,78,0.07289794359333499,anchor_id,
minus,0.10038284733744553,0.07358748261429013,confounded,0.0,0.2,0.08647109338768413,paired_increment_absolute_error,logger1_heavy,2,78,0.0632432747295912,anchor_id,
base,0.06943892378476686,0.0458407275872612,confounded,0.0,0.2,0.05719325415379975,reward_population_mae,logger1_heavy,2,78,0.055005391858137624,anchor_id,
base,0.09413653152584862,0.06243810669825043,confounded,0.0,0.2,0.0791067114637635,reward_population_rmse,logger1_heavy,2,78,0.01189735253713909,anchor_id,
base,0.020885070175830574,-0.010665844818858577,confounded,0.0,0.2,0.0049568756111506,paired_prediction_increment,logger1_heavy,2,78,0.07419339238122062,anchor_id,
base,0.06495373734372593,0.042798530349492034,confounded,0.0,0.2,0.0532167285940788,paired_increment_absolute_error,logger1_heavy,2,78,0.05158245343489364,anchor_id,
base,0.06393364849052122,0.04194657832658056,confounded,0.0,0.2,0.0532167285940788,base_prediction_absolute_increment,logger1_heavy,2,78,0.05158245343489364,anchor_id,
plus,0.10214322442839374,0.07506582352167085,confounded,0.0,0.2,0.0887668602531942,reward_population_mae,logger1_heavy,2,78,0.060750165346985595,anchor_id,
plus,0.12118755955696435,0.09228103341674654,confounded,0.0,0.2,0.10734441255831607,reward_population_rmse,logger1_heavy,2,78,0.014081331423000719,anchor_id,
plus,0.10231964423915943,0.06627038107069802,confounded,0.0,0.2,0.08440484578670435,paired_prediction_increment,logger1_heavy,2,78,0.08280387008584641,anchor_id,
plus,0.10073457539844755,0.07328319020106501,confounded,0.0,0.2,0.08634158438486218,paired_increment_absolute_error,logger1_heavy,2,78,0.06174390419129813,anchor_id,
minus,0.08813289429803746,0.0625193105247827,confounded,0.0,0.2,0.0746205704167568,reward_population_mae,logger12_balanced,2,78,0.0574722571874103,anchor_id,
minus,0.10992530497609453,0.07807229661170567,confounded,0.0,0.2,0.09396245499146139,reward_population_rmse,logger12_balanced,2,78,0.014148820960743219,anchor_id,
minus,-0.03955068921364998,-0.06519610110434851,confounded,0.0,0.2,-0.05298441469918576,paired_prediction_increment,logger12_balanced,2,78,0.056250258532364567,anchor_id,
minus,0.08294095025290123,0.06149157216946466,confounded,0.0,0.2,0.07174171511146982,paired_increment_absolute_error,logger12_balanced,2,78,0.049997898781256156,anchor_id,
base,0.05808288332131202,0.036803439103102215,confounded,0.0,0.2,0.047172608777859434,reward_population_mae,logger12_balanced,2,78,0.04708629399226895,anchor_id,
base,0.0795264221732836,0.05294398958850876,confounded,0.0,0.2,0.0664375608915689,reward_population_rmse,logger12_balanced,2,78,0.008433167328182571,anchor_id,
base,0.019797614532675378,-0.006216145945163955,confounded,0.0,0.2,0.006697895778950689,paired_prediction_increment,logger12_balanced,2,78,0.058676394241727554,anchor_id,
base,0.051615934602193374,0.032741220567643566,confounded,0.0,0.2,0.04177435232846445,paired_increment_absolute_error,logger12_balanced,2,78,0.041480158707797504,anchor_id,
base,0.05047123743322656,0.033617075632919706,confounded,0.0,0.2,0.04177435232846445,base_prediction_absolute_increment,logger12_balanced,2,78,0.041480158707797504,anchor_id,
plus,0.08328415971404259,0.060721587204358794,confounded,0.0,0.2,0.07177589300051383,reward_population_mae,logger12_balanced,2,78,0.049295438311038636,anchor_id,
plus,0.09931026581878412,0.07501406742087487,confounded,0.0,0.2,0.08689456077493819,reward_population_rmse,logger12_balanced,2,78,0.009717465498471632,anchor_id,
plus,0.08345443024687911,0.05427710190713022,confounded,0.0,0.2,0.06862835907536326,paired_prediction_increment,logger12_balanced,2,78,0.06619821815152785,anchor_id,
plus,0.0783461313620035,0.057882325719206304,confounded,0.0,0.2,0.06770756444669764,paired_increment_absolute_error,logger12_balanced,2,78,0.04910877786463691,anchor_id,
minus,0.0699772947844842,0.048290878702881186,confounded,0.0,0.2,0.05861594468115079,reward_population_mae,logger2_heavy,2,78,0.047596043160933556,anchor_id,
minus,0.08907057977765118,0.06061274246475328,confounded,0.0,0.2,0.0753138029811605,reward_population_rmse,logger2_heavy,2,78,0.009537031326318751,anchor_id,
minus,-0.029807510649522567,-0.04873184576787124,confounded,0.0,0.2,-0.039318674940154175,paired_prediction_increment,logger2_heavy,2,78,0.0430885409484625,anchor_id,
minus,0.06285898519413241,0.04601749992806517,confounded,0.0,0.2,0.05401969734308638,paired_increment_absolute_error,logger2_heavy,2,78,0.03727887842029572,anchor_id,
base,0.04825500647387513,0.03138903915452987,confounded,0.0,0.2,0.039801102820118436,reward_population_mae,logger2_heavy,2,78,0.04033145215676237,anchor_id,
base,0.06885495131073698,0.04365750124050394,confounded,0.0,0.2,0.056479196513934724,reward_population_rmse,logger2_heavy,2,78,0.0062243150340286395,anchor_id,
base,0.013225061274048346,-0.006249204073084143,confounded,0.0,0.2,0.0033761906032115643,paired_prediction_increment,logger2_heavy,2,78,0.044647906357126954,anchor_id,
base,0.040266585174625974,0.026314725732461915,confounded,0.0,0.2,0.03280179348113442,paired_increment_absolute_error,logger2_heavy,2,78,0.030249811702270042,anchor_id,
base,0.03984794341347169,0.02631704511759797,confounded,0.0,0.2,0.03280179348113442,base_prediction_absolute_increment,logger2_heavy,2,78,0.030249811702270042,anchor_id,
plus,0.0680450630294656,0.04962492799264813,confounded,0.0,0.2,0.05849819224237534,reward_population_mae,logger2_heavy,2,78,0.039934300577619784,anchor_id,
plus,0.08132070816921644,0.05995506761506609,confounded,0.0,0.2,0.07068480293826303,reward_population_rmse,logger2_heavy,2,78,0.006913317054671716,anchor_id,
plus,0.059960744514035234,0.037906295341334995,confounded,0.0,0.2,0.04870975965280218,paired_prediction_increment,logger2_heavy,2,78,0.05010965196084078,anchor_id,
plus,0.06076788426808317,0.0439296872450993,confounded,0.0,0.2,0.05215252044351709,paired_increment_absolute_error,logger2_heavy,2,78,0.0372974103139161,anchor_id,
minus,-0.03772774404632536,-0.06804434288168552,confounded,0.0,0.2,-0.0527538482593739,signed_balanced_neural_bias,logger12_balanced,2,78,0.06605173551597111,anchor_id,
minus,-0.12000000000000004,-0.12000000000000018,confounded,0.0,0.2,-0.1200000000000001,signed_balanced_population_bias,logger12_balanced,2,78,1.6202677627153485e-16,anchor_id,
minus,-0.02577678085871668,-0.04033390781016957,confounded,0.0,0.2,-0.03318134998491161,signed_heavy_neural_drift,logger1_minus_logger2,2,78,0.03270947131877904,anchor_id,
minus,-0.062222222222222144,-0.06222222222222228,confounded,0.0,0.2,-0.0622222222222222,signed_heavy_population_drift,logger1_minus_logger2,2,78,2.899298854022174e-16,anchor_id,
minus,-0.025515568908404757,-0.04059046392929649,confounded,0.0,0.2,-0.03318134998491161,paired_heavy_prediction_increment,logger1_minus_logger2,2,78,0.03270947131877904,anchor_id,
minus,0.039689754915247615,0.028388792395121865,confounded,0.0,0.2,0.034063208683218084,paired_heavy_increment_absolute_error,logger1_minus_logger2,2,78,0.027365372561012513,anchor_id,
base,0.021919186333477152,-0.007244989750127345,confounded,0.0,0.2,0.006888216738089871,signed_balanced_neural_bias,logger12_balanced,2,78,0.06650721603817389,anchor_id,
base,0.0,0.0,confounded,0.0,0.2,0.0,signed_balanced_population_bias,logger12_balanced,2,78,0.0,anchor_id,
base,0.009354923826205647,-0.005117517764899693,confounded,0.0,0.2,0.001580685007939036,signed_heavy_neural_drift,logger1_minus_logger2,2,78,0.032213711361619726,anchor_id,
base,0.0,0.0,confounded,0.0,0.2,0.0,signed_heavy_population_drift,logger1_minus_logger2,2,78,0.0,anchor_id,
base,0.008602658043943338,-0.005288880168782549,confounded,0.0,0.2,0.001580685007939036,paired_heavy_prediction_increment,logger1_minus_logger2,2,78,0.032213711361619726,anchor_id,
base,0.02844145478904757,0.01869162448933389,confounded,0.0,0.2,0.023198667542287502,paired_heavy_increment_absolute_error,logger1_minus_logger2,2,78,0.022250544060453577,anchor_id,
plus,0.08454718459268551,0.05491157238056512,confounded,0.0,0.2,0.06921858962961373,signed_balanced_neural_bias,logger12_balanced,2,78,0.07096818549501062,anchor_id,
plus,0.12000000000000068,0.12000000000000054,confounded,0.0,0.2,0.12000000000000063,signed_balanced_population_bias,logger12_balanced,2,78,3.1916952865128723e-16,anchor_id,
plus,0.04305641113032612,0.02784438138022022,confounded,0.0,0.2,0.03569508613390216,signed_heavy_neural_drift,logger1_minus_logger2,2,78,0.0352305173689881,anchor_id,
plus,0.06222222222222244,0.06222222222222227,confounded,0.0,0.2,0.06222222222222235,signed_heavy_population_drift,logger1_minus_logger2,2,78,3.9352703412425637e-16,anchor_id,
plus,0.04335424482103521,0.028280860407353104,confounded,0.0,0.2,0.03569508613390216,paired_heavy_prediction_increment,logger1_minus_logger2,2,78,0.0352305173689881,anchor_id,
plus,0.04097444072052987,0.029200114346291436,confounded,0.0,0.2,0.03513860309846241,paired_heavy_increment_absolute_error,logger1_minus_logger2,2,78,0.026519056350606286,anchor_id,
all,0.9871794871794872,0.8974358974358975,confounded,0.0,0.2,0.9487179487179487,neural_do_ranking_disagreement,logger12_balanced,2,78,0.2220001110000833,anchor_id,
all,0.006734628455823387,0.005053045044964692,confounded,0.0,0.2,0.005877633093443531,neural_decision_regret,logger12_balanced,2,78,0.003879403431282101,anchor_id,
base,0.028630313455573476,0.018934109681833195,confounded,0.0,0.2,0.023702628218984716,base_prediction_range_across_mixtures,all_primary,2,78,0.02185985976943161,anchor_id,
base,0.23926188745489105,0.15671102543512827,confounded,0.0,0.2,0.19752190182487264,base_leakage_over_balanced_direct_signal,all_primary,2,78,0.18216549807859678,anchor_id,
base,0.07265521477841518,0.052262682435223695,confounded,0.0,all,0.06181916536590369,base_prediction_range_across_mixture_and_lambda,all_primary,2,78,0.047025158485302296,anchor_id,
minus,0.024518683597781272,0.01641124154335331,independent_latents,0.0,0.0,0.020107321470433835,reward_population_mae,logger1_heavy,0,78,0.01905200831296298,anchor_id,
minus,0.032979897138521314,0.02200521669253776,independent_latents,0.0,0.0,0.027615753118164006,reward_population_rmse,logger1_heavy,0,78,0.0013792400168510237,anchor_id,
base,0.022762657221862312,0.014716055777041952,independent_latents,0.0,0.0,0.018635047566479192,reward_population_mae,logger1_heavy,0,78,0.018441119256119833,anchor_id,
base,0.03140268916090712,0.02098997616577686,independent_latents,0.0,0.0,0.026133884955587015,reward_population_rmse,logger1_heavy,0,78,0.0012388261354858833,anchor_id,
plus,0.02374309008279368,0.015466652126740503,independent_latents,0.0,0.0,0.01942030433107587,reward_population_mae,logger1_heavy,0,78,0.017965452760782537,anchor_id,
plus,0.03113011716702976,0.021403753939898764,independent_latents,0.0,0.0,0.026377410726526464,reward_population_rmse,logger1_heavy,0,78,0.001197415878736524,anchor_id,
minus,0.024571987888440745,0.016158749818078025,independent_latents,0.0,0.0,0.02010732147043387,reward_population_mae,logger12_balanced,0,78,0.019052008312963,anchor_id,
minus,0.03304410990303701,0.02211481706815836,independent_latents,0.0,0.0,0.027615753118164044,reward_population_rmse,logger12_balanced,0,78,0.0013792400168510272,anchor_id,
base,0.022790180383915188,0.01502057121289774,independent_latents,0.0,0.0,0.018635047566479192,reward_population_mae,logger12_balanced,0,78,0.018441119256119833,anchor_id,
base,0.031009643017837558,0.020219360753407054,independent_latents,0.0,0.0,0.026133884955587015,reward_population_rmse,logger12_balanced,0,78,0.0012388261354858833,anchor_id,
plus,0.02336207367473036,0.015460224968489608,independent_latents,0.0,0.0,0.019420304331075857,reward_population_mae,logger12_balanced,0,78,0.017965452760782572,anchor_id,
plus,0.030949683869317297,0.021660487285997287,independent_latents,0.0,0.0,0.026377410726526475,reward_population_rmse,logger12_balanced,0,78,0.001197415878736523,anchor_id,
minus,0.02445754768675147,0.015962192857352238,independent_latents,0.0,0.0,0.020107321470433853,reward_population_mae,logger2_heavy,0,78,0.019052008312963026,anchor_id,
minus,0.03308473140711759,0.02195155233584248,independent_latents,0.0,0.0,0.027615753118164048,reward_population_rmse,logger2_heavy,0,78,0.0013792400168510291,anchor_id,
base,0.022796005010124045,0.014727083486430032,independent_latents,0.0,0.0,0.018635047566479192,reward_population_mae,logger2_heavy,0,78,0.018441119256119833,anchor_id,
base,0.030971783578971998,0.020312366725190042,independent_latents,0.0,0.0,0.026133884955587015,reward_population_rmse,logger2_heavy,0,78,0.0012388261354858833,anchor_id,
plus,0.023772315433663677,0.015463791501071588,independent_latents,0.0,0.0,0.0194203043310758,reward_population_mae,logger2_heavy,0,78,0.017965452760782593,anchor_id,
plus,0.030750883250863923,0.021553542154175508,independent_latents,0.0,0.0,0.02637741072652645,reward_population_rmse,logger2_heavy,0,78,0.0011974158787365229,anchor_id,
minus,0.004201523021237905,-0.00812775956525649,independent_latents,0.0,0.0,-0.0022382220044507325,signed_balanced_neural_bias,logger12_balanced,0,78,0.027703057695714337,anchor_id,
minus,3.174099160146281e-16,2.0492866662872682e-16,independent_latents,0.0,0.0,2.6047540193128674e-16,signed_balanced_population_bias,logger12_balanced,0,78,2.4781902581376853e-16,anchor_id,
minus,0.0,0.0,independent_latents,0.0,0.0,0.0,signed_heavy_neural_drift,logger1_minus_logger2,0,78,0.0,anchor_id,
minus,1.4802973661668753e-16,1.708035422500241e-17,independent_latents,0.0,0.0,8.255504542084498e-17,signed_heavy_population_drift,logger1_minus_logger2,0,78,3.017672241992264e-16,anchor_id,
base,0.005069382619244303,-0.006597479924805295,independent_latents,0.0,0.0,-0.0010428118810896297,signed_balanced_neural_bias,logger12_balanced,0,78,0.02628208958258882,anchor_id,
base,0.0,0.0,independent_latents,0.0,0.0,0.0,signed_balanced_population_bias,logger12_balanced,0,78,0.0,anchor_id,
base,0.0,0.0,independent_latents,0.0,0.0,0.0,signed_heavy_neural_drift,logger1_minus_logger2,0,78,0.0,anchor_id,
base,0.0,0.0,independent_latents,0.0,0.0,0.0,signed_heavy_population_drift,logger1_minus_logger2,0,78,0.0,anchor_id,
plus,0.006020782156371404,-0.005343823934298909,independent_latents,0.0,0.0,0.0006853834369645182,signed_balanced_neural_bias,logger12_balanced,0,78,0.026539176530853335,anchor_id,
plus,3.216800045708787e-16,2.2346796777711484e-16,independent_latents,0.0,0.0,2.71862304747955e-16,signed_balanced_population_bias,logger12_balanced,0,78,2.351039530426004e-16,anchor_id,
plus,0.0,0.0,independent_latents,0.0,0.0,0.0,signed_heavy_neural_drift,logger1_minus_logger2,0,78,0.0,anchor_id,
plus,1.6938017939794054e-16,2.1350442781253012e-17,independent_latents,0.0,0.0,9.394194823751324e-17,signed_heavy_population_drift,logger1_minus_logger2,0,78,3.304502108303891e-16,anchor_id,
all,0.5769230769230769,0.358974358974359,independent_latents,0.0,0.0,0.46153846153846156,neural_do_ranking_disagreement,logger12_balanced,0,78,0.5017452060042545,anchor_id,
all,0.002781576824767184,0.0014132339923340433,independent_latents,0.0,0.0,0.002048367142766294,neural_decision_regret,logger12_balanced,0,78,0.002980976373778365,anchor_id,
base,0.0,0.0,independent_latents,0.0,0.0,0.0,base_prediction_range_across_mixtures,all_primary,0,78,0.0,anchor_id,
minus,0.024705569379649347,0.01602141559201559,independent_latents,0.0,0.05,0.02010732147043384,reward_population_mae,logger1_heavy,0,78,0.019052008312963005,anchor_id,
minus,0.033146405440301153,0.021895191177122224,independent_latents,0.0,0.05,0.02761575311816403,reward_population_rmse,logger1_heavy,0,78,0.0013792400168510268,anchor_id,
minus,0.0,0.0,independent_latents,0.0,0.05,0.0,paired_prediction_increment,logger1_heavy,0,78,0.0,anchor_id,
minus,0.0,0.0,independent_latents,0.0,0.05,0.0,paired_increment_absolute_error,logger1_heavy,0,78,0.0,anchor_id,
base,0.02302622183543064,0.014537625559886387,independent_latents,0.0,0.05,0.018635047566479185,reward_population_mae,logger1_heavy,0,78,0.018441119256119833,anchor_id,
base,0.030893488359607424,0.020697763586114408,independent_latents,0.0,0.05,0.026133884955587015,reward_population_rmse,logger1_heavy,0,78,0.0012388261354858833,anchor_id,
base,0.0,0.0,independent_latents,0.0,0.05,0.0,paired_prediction_increment,logger1_heavy,0,78,0.0,anchor_id,
base,0.0,0.0,independent_latents,0.0,0.05,0.0,paired_increment_absolute_error,logger1_heavy,0,78,0.0,anchor_id,
base,0.0,0.0,independent_latents,0.0,0.05,0.0,base_prediction_absolute_increment,logger1_heavy,0,78,0.0,anchor_id,
plus,0.023415810763770632,0.015610282121456024,independent_latents,0.0,0.05,0.019420304331075864,reward_population_mae,logger1_heavy,0,78,0.01796545276078257,anchor_id,
plus,0.03118619350331223,0.0212821582224905,independent_latents,0.0,0.05,0.02637741072652648,reward_population_rmse,logger1_heavy,0,78,0.001197415878736526,anchor_id,
plus,0.0,0.0,independent_latents,0.0,0.05,0.0,paired_prediction_increment,logger1_heavy,0,78,0.0,anchor_id,
plus,0.0,0.0,independent_latents,0.0,0.05,0.0,paired_increment_absolute_error,logger1_heavy,0,78,0.0,anchor_id,
minus,0.024163633080273503,0.016172665174518677,independent_latents,0.0,0.05,0.020107321470433887,reward_population_mae,logger12_balanced,0,78,0.01905200831296297,anchor_id,
minus,0.03279484508345373,0.02210266046199102,independent_latents,0.0,0.05,0.02761575311816403,reward_population_rmse,logger12_balanced,0,78,0.0013792400168510237,anchor_id,
minus,0.0,0.0,independent_latents,0.0,0.05,0.0,paired_prediction_increment,logger12_balanced,0,78,0.0,anchor_id,
minus,0.0,0.0,independent_latents,0.0,0.05,0.0,paired_increment_absolute_error,logger12_balanced,0,78,0.0,anchor_id,
base,0.02297348836453085,0.01476368683959673,independent_latents,0.0,0.05,0.018635047566479185,reward_population_mae,logger12_balanced,0,78,0.018441119256119833,anchor_id,
base,0.031228503298351643,0.020578179633017085,independent_latents,0.0,0.05,0.026133884955587015,reward_population_rmse,logger12_balanced,0,78,0.0012388261354858833,anchor_id,
base,0.0,0.0,independent_latents,0.0,0.05,0.0,paired_prediction_increment,logger12_balanced,0,78,0.0,anchor_id,
base,0.0,0.0,independent_latents,0.0,0.05,0.0,paired_increment_absolute_error,logger12_balanced,0,78,0.0,anchor_id,
base,0.0,0.0,independent_latents,0.0,0.05,0.0,base_prediction_absolute_increment,logger12_balanced,0,78,0.0,anchor_id,
plus,0.023260128134987443,0.01564713319135089,independent_latents,0.0,0.05,0.019420304331075864,reward_population_mae,logger12_balanced,0,78,0.01796545276078259,anchor_id,
plus,0.0313465182242708,0.021208553663786225,independent_latents,0.0,0.05,0.02637741072652649,reward_population_rmse,logger12_balanced,0,78,0.0011974158787365276,anchor_id,
plus,0.0,0.0,independent_latents,0.0,0.05,0.0,paired_prediction_increment,logger12_balanced,0,78,0.0,anchor_id,
plus,0.0,0.0,independent_latents,0.0,0.05,0.0,paired_increment_absolute_error,logger12_balanced,0,78,0.0,anchor_id,
minus,0.024256339460537152,0.01615212729832081,independent_latents,0.0,0.05,0.020107321470433846,reward_population_mae,logger2_heavy,0,78,0.019052008312963005,anchor_id,
minus,0.032804433404102905,0.021926592872249556,independent_latents,0.0,0.05,0.02761575311816403,reward_population_rmse,logger2_heavy,0,78,0.0013792400168510287,anchor_id,
minus,0.0,0.0,independent_latents,0.0,0.05,0.0,paired_prediction_increment,logger2_heavy,0,78,0.0,anchor_id,
minus,0.0,0.0,independent_latents,0.0,0.05,0.0,paired_increment_absolute_error,logger2_heavy,0,78,0.0,anchor_id,
base,0.02274522133225285,0.014684682373299467,independent_latents,0.0,0.05,0.018635047566479185,reward_population_mae,logger2_heavy,0,78,0.018441119256119833,anchor_id,
base,0.03142528090702348,0.020814460377282584,independent_latents,0.0,0.05,0.026133884955587015,reward_population_rmse,logger2_heavy,0,78,0.0012388261354858833,anchor_id,
base,0.0,0.0,independent_latents,0.0,0.05,0.0,paired_prediction_increment,logger2_heavy,0,78,0.0,anchor_id,
base,0.0,0.0,independent_latents,0.0,0.05,0.0,paired_increment_absolute_error,logger2_heavy,0,78,0.0,anchor_id,
base,0.0,0.0,independent_latents,0.0,0.05,0.0,base_prediction_absolute_increment,logger2_heavy,0,78,0.0,anchor_id,
plus,0.02351060423401436,0.015592188751989412,independent_latents,0.0,0.05,0.019420304331075843,reward_population_mae,logger2_heavy,0,78,0.0179654527607826,anchor_id,
plus,0.03158534041904874,0.021369349841905503,independent_latents,0.0,0.05,0.026377410726526482,reward_population_rmse,logger2_heavy,0,78,0.0011974158787365265,anchor_id,
plus,0.0,0.0,independent_latents,0.0,0.05,0.0,paired_prediction_increment,logger2_heavy,0,78,0.0,anchor_id,
plus,0.0,0.0,independent_latents,0.0,0.05,0.0,paired_increment_absolute_error,logger2_heavy,0,78,0.0,anchor_id,
minus,0.003921949171135537,-0.008373629799720164,independent_latents,0.0,0.05,-0.0022382220044507325,signed_balanced_neural_bias,logger12_balanced,0,78,0.027703057695714337,anchor_id,
minus,2.7897911900837266e-16,1.7365026795419115e-16,independent_latents,0.0,0.05,2.263146934812819e-16,signed_balanced_population_bias,logger12_balanced,0,78,2.3222312039845077e-16,anchor_id,
minus,0.0,0.0,independent_latents,0.0,0.05,0.0,signed_heavy_neural_drift,logger1_minus_logger2,0,78,0.0,anchor_id,
minus,1.4233628520835341e-16,4.839433697084016e-17,independent_latents,0.0,0.05,9.251858538542972e-17,signed_heavy_population_drift,logger1_minus_logger2,0,78,2.0821687526802272e-16,anchor_id,
minus,0.0,0.0,independent_latents,0.0,0.05,0.0,paired_heavy_prediction_increment,logger1_minus_logger2,0,78,0.0,anchor_id,
minus,0.0,0.0,independent_latents,0.0,0.05,0.0,paired_heavy_increment_absolute_error,logger1_minus_logger2,0,78,0.0,anchor_id,
base,0.004204863237730998,-0.006880828758045539,independent_latents,0.0,0.05,-0.0010428118810896297,signed_balanced_neural_bias,logger12_balanced,0,78,0.02628208958258882,anchor_id,
base,0.0,-7.11681426041767e-18,independent_latents,0.0,0.05,-2.846725704167068e-18,signed_balanced_population_bias,logger12_balanced,0,78,1.7661978828937318e-17,anchor_id,
base,0.0,0.0,independent_latents,0.0,0.05,0.0,signed_heavy_neural_drift,logger1_minus_logger2,0,78,0.0,anchor_id,
base,0.0,0.0,independent_latents,0.0,0.05,0.0,signed_heavy_population_drift,logger1_minus_logger2,0,78,0.0,anchor_id,
base,0.0,0.0,independent_latents,0.0,0.05,0.0,paired_heavy_prediction_increment,logger1_minus_logger2,0,78,0.0,anchor_id,
base,0.0,0.0,independent_latents,0.0,0.05,0.0,paired_heavy_increment_absolute_error,logger1_minus_logger2,0,78,0.0,anchor_id,
plus,0.0062927586383096255,-0.005042895017183186,independent_latents,0.0,0.05,0.0006853834369645182,signed_balanced_neural_bias,logger12_balanced,0,78,0.026539176530853335,anchor_id,
plus,2.7043894189587144e-16,1.764969936583582e-16,independent_latents,0.0,0.05,2.2489133062919837e-16,signed_balanced_population_bias,logger12_balanced,0,78,2.298201426203671e-16,anchor_id,
plus,0.0,0.0,independent_latents,0.0,0.05,0.0,signed_heavy_neural_drift,logger1_minus_logger2,0,78,0.0,anchor_id,
plus,8.967185968126265e-17,-1.569257544422096e-17,independent_latents,0.0,0.05,3.700743415417188e-17,signed_heavy_population_drift,logger1_minus_logger2,0,78,2.418296330825465e-16,anchor_id,
plus,0.0,0.0,independent_latents,0.0,0.05,0.0,paired_heavy_prediction_increment,logger1_minus_logger2,0,78,0.0,anchor_id,
plus,0.0,0.0,independent_latents,0.0,0.05,0.0,paired_heavy_increment_absolute_error,logger1_minus_logger2,0,78,0.0,anchor_id,
all,0.5769230769230769,0.358974358974359,independent_latents,0.0,0.05,0.46153846153846156,neural_do_ranking_disagreement,logger12_balanced,0,78,0.5017452060042545,anchor_id,
all,0.0027116506964399148,0.0014509436747335012,independent_latents,0.0,0.05,0.002048367142766294,neural_decision_regret,logger12_balanced,0,78,0.002980976373778365,anchor_id,
base,0.0,0.0,independent_latents,0.0,0.05,0.0,base_prediction_range_across_mixtures,all_primary,0,78,0.0,anchor_id,
base,0.0,0.0,independent_latents,0.0,0.05,0.0,base_leakage_over_balanced_direct_signal,all_primary,0,78,0.0,anchor_id,
minus,0.024599822322091895,0.016083880494513605,independent_latents,0.0,0.1,0.020107321470433863,reward_population_mae,logger1_heavy,0,78,0.019052008312962984,anchor_id,
minus,0.03312308981702524,0.02180582776976862,independent_latents,0.0,0.1,0.027615753118164027,reward_population_rmse,logger1_heavy,0,78,0.0013792400168510263,anchor_id,
minus,0.0,0.0,independent_latents,0.0,0.1,0.0,paired_prediction_increment,logger1_heavy,0,78,0.0,anchor_id,
minus,0.0,0.0,independent_latents,0.0,0.1,0.0,paired_increment_absolute_error,logger1_heavy,0,78,0.0,anchor_id,
base,0.022963312405245007,0.014842889533875385,independent_latents,0.0,0.1,0.018635047566479192,reward_population_mae,logger1_heavy,0,78,0.018441119256119833,anchor_id,
base,0.03065384929130518,0.0209760186330086,independent_latents,0.0,0.1,0.026133884955587015,reward_population_rmse,logger1_heavy,0,78,0.0012388261354858833,anchor_id,
base,0.0,0.0,independent_latents,0.0,0.1,0.0,paired_prediction_increment,logger1_heavy,0,78,0.0,anchor_id,
base,0.0,0.0,independent_latents,0.0,0.1,0.0,paired_increment_absolute_error,logger1_heavy,0,78,0.0,anchor_id,
base,0.0,0.0,independent_latents,0.0,0.1,0.0,base_prediction_absolute_increment,logger1_heavy,0,78,0.0,anchor_id,
plus,0.023650712828996858,0.015794564890953544,independent_latents,0.0,0.1,0.019420304331075864,reward_population_mae,logger1_heavy,0,78,0.01796545276078256,anchor_id,
plus,0.031051406232801608,0.021526490232155766,independent_latents,0.0,0.1,0.026377410726526468,reward_population_rmse,logger1_heavy,0,78,0.0011974158787365248,anchor_id,
plus,0.0,0.0,independent_latents,0.0,0.1,0.0,paired_prediction_increment,logger1_heavy,0,78,0.0,anchor_id,
plus,0.0,0.0,independent_latents,0.0,0.1,0.0,paired_increment_absolute_error,logger1_heavy,0,78,0.0,anchor_id,
minus,0.024542045453958168,0.016129096322014435,independent_latents,0.0,0.1,0.020107321470433877,reward_population_mae,logger12_balanced,0,78,0.019052008312963012,anchor_id,
minus,0.03276942541277983,0.02180139866215702,independent_latents,0.0,0.1,0.027615753118164055,reward_population_rmse,logger12_balanced,0,78,0.0013792400168510283,anchor_id,
minus,0.0,0.0,independent_latents,0.0,0.1,0.0,paired_prediction_increment,logger12_balanced,0,78,0.0,anchor_id,
minus,0.0,0.0,independent_latents,0.0,0.1,0.0,paired_increment_absolute_error,logger12_balanced,0,78,0.0,anchor_id,
base,0.02306225784568047,0.014513271331279333,independent_latents,0.0,0.1,0.018635047566479192,reward_population_mae,logger12_balanced,0,78,0.018441119256119833,anchor_id,
base,0.031321600254488935,0.020482972645165184,independent_latents,0.0,0.1,0.026133884955587015,reward_population_rmse,logger12_balanced,0,78,0.0012388261354858833,anchor_id,
base,0.0,0.0,independent_latents,0.0,0.1,0.0,paired_prediction_increment,logger12_balanced,0,78,0.0,anchor_id,
base,0.0,0.0,independent_latents,0.0,0.1,0.0,paired_increment_absolute_error,logger12_balanced,0,78,0.0,anchor_id,
base,0.0,0.0,independent_latents,0.0,0.1,0.0,base_prediction_absolute_increment,logger12_balanced,0,78,0.0,anchor_id,
plus,0.023376168099579812,0.015795724113115653,independent_latents,0.0,0.1,0.019420304331075833,reward_population_mae,logger12_balanced,0,78,0.017965452760782617,anchor_id,
plus,0.03127940079341884,0.021206039291034547,independent_latents,0.0,0.1,0.02637741072652649,reward_population_rmse,logger12_balanced,0,78,0.0011974158787365278,anchor_id,
plus,0.0,0.0,independent_latents,0.0,0.1,0.0,paired_prediction_increment,logger12_balanced,0,78,0.0,anchor_id,
plus,0.0,0.0,independent_latents,0.0,0.1,0.0,paired_increment_absolute_error,logger12_balanced,0,78,0.0,anchor_id,
minus,0.024193977420035814,0.016085146698528428,independent_latents,0.0,0.1,0.020107321470433856,reward_population_mae,logger2_heavy,0,78,0.01905200831296302,anchor_id,
minus,0.03306185423149969,0.022111183043074665,independent_latents,0.0,0.1,0.027615753118164048,reward_population_rmse,logger2_heavy,0,78,0.00137924001685103,anchor_id,
minus,0.0,0.0,independent_latents,0.0,0.1,0.0,paired_prediction_increment,logger2_heavy,0,78,0.0,anchor_id,
minus,0.0,0.0,independent_latents,0.0,0.1,0.0,paired_increment_absolute_error,logger2_heavy,0,78,0.0,anchor_id,
base,0.023236686924882996,0.014703910248445275,independent_latents,0.0,0.1,0.018635047566479192,reward_population_mae,logger2_heavy,0,78,0.018441119256119833,anchor_id,
base,0.03128409733807343,0.02069554536229364,independent_latents,0.0,0.1,0.026133884955587015,reward_population_rmse,logger2_heavy,0,78,0.0012388261354858833,anchor_id,
base,0.0,0.0,independent_latents,0.0,0.1,0.0,paired_prediction_increment,logger2_heavy,0,78,0.0,anchor_id,
base,0.0,0.0,independent_latents,0.0,0.1,0.0,paired_increment_absolute_error,logger2_heavy,0,78,0.0,anchor_id,
base,0.0,0.0,independent_latents,0.0,0.1,0.0,base_prediction_absolute_increment,logger2_heavy,0,78,0.0,anchor_id,
plus,0.02345363556128521,0.01555739406738738,independent_latents,0.0,0.1,0.01942030433107586,reward_population_mae,logger2_heavy,0,78,0.017965452760782593,anchor_id,
plus,0.03133795831666236,0.02164072979672639,independent_latents,0.0,0.1,0.02637741072652649,reward_population_rmse,logger2_heavy,0,78,0.0011974158787365274,anchor_id,
plus,0.0,0.0,independent_latents,0.0,0.1,0.0,paired_prediction_increment,logger2_heavy,0,78,0.0,anchor_id,
plus,0.0,0.0,independent_latents,0.0,0.1,0.0,paired_increment_absolute_error,logger2_heavy,0,78,0.0,anchor_id,
minus,0.003898555208496062,-0.008587690258375939,independent_latents,0.0,0.1,-0.0022382220044507325,signed_balanced_neural_bias,logger12_balanced,0,78,0.027703057695714337,anchor_id,
minus,3.473005359083823e-16,2.4766513626253493e-16,independent_latents,0.0,0.1,2.9890619893754217e-16,signed_balanced_population_bias,logger12_balanced,0,78,2.3623168170996743e-16,anchor_id,
minus,0.0,0.0,independent_latents,0.0,0.1,0.0,signed_heavy_neural_drift,logger1_minus_logger2,0,78,0.0,anchor_id,
minus,8.97074437525647e-17,-3.416070845000482e-17,independent_latents,0.0,0.1,2.7043894189587146e-17,signed_heavy_population_drift,logger1_minus_logger2,0,78,2.81882695070455e-16,anchor_id,
minus,0.0,0.0,independent_latents,0.0,0.1,0.0,paired_heavy_prediction_increment,logger1_minus_logger2,0,78,0.0,anchor_id,
minus,0.0,0.0,independent_latents,0.0,0.1,0.0,paired_heavy_increment_absolute_error,logger1_minus_logger2,0,78,0.0,anchor_id,
base,0.004701777139469804,-0.006835799922655101,independent_latents,0.0,0.1,-0.0010428118810896297,signed_balanced_neural_bias,logger12_balanced,0,78,0.02628208958258882,anchor_id,
base,0.0,0.0,independent_latents,0.0,0.1,0.0,signed_balanced_population_bias,logger12_balanced,0,78,0.0,anchor_id,
base,0.0,0.0,independent_latents,0.0,0.1,0.0,signed_heavy_neural_drift,logger1_minus_logger2,0,78,0.0,anchor_id,
base,0.0,0.0,independent_latents,0.0,0.1,0.0,signed_heavy_population_drift,logger1_minus_logger2,0,78,0.0,anchor_id,
base,0.0,0.0,independent_latents,0.0,0.1,0.0,paired_heavy_prediction_increment,logger1_minus_logger2,0,78,0.0,anchor_id,
base,0.0,0.0,independent_latents,0.0,0.1,0.0,paired_heavy_increment_absolute_error,logger1_minus_logger2,0,78,0.0,anchor_id,
plus,0.006287552066196595,-0.005095465717849808,independent_latents,0.0,0.1,0.0006853834369645182,signed_balanced_neural_bias,logger12_balanced,0,78,0.026539176530853335,anchor_id,
plus,2.761323933042056e-16,1.6938017939794054e-16,independent_latents,0.0,0.1,2.220446049250313e-16,signed_balanced_population_bias,logger12_balanced,0,78,2.3939020715196393e-16,anchor_id,
plus,0.0,0.0,independent_latents,0.0,0.1,0.0,signed_heavy_neural_drift,logger1_minus_logger2,0,78,0.0,anchor_id,
plus,1.8649611769424502e-16,7.397928423704168e-17,independent_latents,0.0,0.1,1.2810265668751805e-16,signed_heavy_population_drift,logger1_minus_logger2,0,78,2.57481313933056e-16,anchor_id,
plus,0.0,0.0,independent_latents,0.0,0.1,0.0,paired_heavy_prediction_increment,logger1_minus_logger2,0,78,0.0,anchor_id,
plus,0.0,0.0,independent_latents,0.0,0.1,0.0,paired_heavy_increment_absolute_error,logger1_minus_logger2,0,78,0.0,anchor_id,
all,0.5641025641025641,0.34615384615384615,independent_latents,0.0,0.1,0.46153846153846156,neural_do_ranking_disagreement,logger12_balanced,0,78,0.5017452060042545,anchor_id,
all,0.002759584320443956,0.0014243664995851912,independent_latents,0.0,0.1,0.002048367142766294,neural_decision_regret,logger12_balanced,0,78,0.002980976373778365,anchor_id,
base,0.0,0.0,independent_latents,0.0,0.1,0.0,base_prediction_range_across_mixtures,all_primary,0,78,0.0,anchor_id,
base,0.0,0.0,independent_latents,0.0,0.1,0.0,base_leakage_over_balanced_direct_signal,all_primary,0,78,0.0,anchor_id,
minus,0.024646023315044126,0.01635070822561311,independent_latents,0.0,0.2,0.02010732147043384,reward_population_mae,logger1_heavy,0,78,0.01905200831296301,anchor_id,
minus,0.03313692106315971,0.02196305045638008,independent_latents,0.0,0.2,0.027615753118164027,reward_population_rmse,logger1_heavy,0,78,0.0013792400168510296,anchor_id,
minus,0.0,0.0,independent_latents,0.0,0.2,0.0,paired_prediction_increment,logger1_heavy,0,78,0.0,anchor_id,
minus,0.0,0.0,independent_latents,0.0,0.2,0.0,paired_increment_absolute_error,logger1_heavy,0,78,0.0,anchor_id,
base,0.02301621333960546,0.014655281581612504,independent_latents,0.0,0.2,0.018635047566479192,reward_population_mae,logger1_heavy,0,78,0.018441119256119833,anchor_id,
base,0.0311314593810846,0.02027637293847631,independent_latents,0.0,0.2,0.026133884955587015,reward_population_rmse,logger1_heavy,0,78,0.0012388261354858833,anchor_id,
base,0.0,0.0,independent_latents,0.0,0.2,0.0,paired_prediction_increment,logger1_heavy,0,78,0.0,anchor_id,
base,0.0,0.0,independent_latents,0.0,0.2,0.0,paired_increment_absolute_error,logger1_heavy,0,78,0.0,anchor_id,
base,0.0,0.0,independent_latents,0.0,0.2,0.0,base_prediction_absolute_increment,logger1_heavy,0,78,0.0,anchor_id,
plus,0.02359618396719716,0.015724445022986547,independent_latents,0.0,0.2,0.01942030433107585,reward_population_mae,logger1_heavy,0,78,0.017965452760782593,anchor_id,
plus,0.031002362393920138,0.02112028753234803,independent_latents,0.0,0.2,0.02637741072652648,reward_population_rmse,logger1_heavy,0,78,0.0011974158787365259,anchor_id,
plus,0.0,0.0,independent_latents,0.0,0.2,0.0,paired_prediction_increment,logger1_heavy,0,78,0.0,anchor_id,
plus,0.0,0.0,independent_latents,0.0,0.2,0.0,paired_increment_absolute_error,logger1_heavy,0,78,0.0,anchor_id,
minus,0.02439296081006697,0.015820574352015736,independent_latents,0.0,0.2,0.020107321470433873,reward_population_mae,logger12_balanced,0,78,0.01905200831296296,anchor_id,
minus,0.03250737247264233,0.02163797765294213,independent_latents,0.0,0.2,0.027615753118164017,reward_population_rmse,logger12_balanced,0,78,0.001379240016851022,anchor_id,
minus,0.0,0.0,independent_latents,0.0,0.2,0.0,paired_prediction_increment,logger12_balanced,0,78,0.0,anchor_id,
minus,0.0,0.0,independent_latents,0.0,0.2,0.0,paired_increment_absolute_error,logger12_balanced,0,78,0.0,anchor_id,
base,0.0227758969000877,0.014760735911569867,independent_latents,0.0,0.2,0.018635047566479192,reward_population_mae,logger12_balanced,0,78,0.018441119256119833,anchor_id,
base,0.030797544396762393,0.021108001063964304,independent_latents,0.0,0.2,0.026133884955587015,reward_population_rmse,logger12_balanced,0,78,0.0012388261354858833,anchor_id,
base,0.0,0.0,independent_latents,0.0,0.2,0.0,paired_prediction_increment,logger12_balanced,0,78,0.0,anchor_id,
base,0.0,0.0,independent_latents,0.0,0.2,0.0,paired_increment_absolute_error,logger12_balanced,0,78,0.0,anchor_id,
base,0.0,0.0,independent_latents,0.0,0.2,0.0,base_prediction_absolute_increment,logger12_balanced,0,78,0.0,anchor_id,
plus,0.02374729134773187,0.015297652237586765,independent_latents,0.0,0.2,0.019420304331075878,reward_population_mae,logger12_balanced,0,78,0.017965452760782593,anchor_id,
plus,0.03130700523734478,0.02097817814925811,independent_latents,0.0,0.2,0.026377410726526503,reward_population_rmse,logger12_balanced,0,78,0.0011974158787365296,anchor_id,
plus,0.0,0.0,independent_latents,0.0,0.2,0.0,paired_prediction_increment,logger12_balanced,0,78,0.0,anchor_id,
plus,0.0,0.0,independent_latents,0.0,0.2,0.0,paired_increment_absolute_error,logger12_balanced,0,78,0.0,anchor_id,
minus,0.02453856454384155,0.016185461776945582,independent_latents,0.0,0.2,0.02010732147043388,reward_population_mae,logger2_heavy,0,78,0.019052008312962974,anchor_id,
minus,0.032875767919062986,0.022232546787227157,independent_latents,0.0,0.2,0.027615753118164034,reward_population_rmse,logger2_heavy,0,78,0.0013792400168510252,anchor_id,
minus,0.0,0.0,independent_latents,0.0,0.2,0.0,paired_prediction_increment,logger2_heavy,0,78,0.0,anchor_id,
minus,0.0,0.0,independent_latents,0.0,0.2,0.0,paired_increment_absolute_error,logger2_heavy,0,78,0.0,anchor_id,
base,0.023129804651634688,0.014860104877842307,independent_latents,0.0,0.2,0.018635047566479192,reward_population_mae,logger2_heavy,0,78,0.018441119256119833,anchor_id,
base,0.031135640169947677,0.02065624526317344,independent_latents,0.0,0.2,0.026133884955587015,reward_population_rmse,logger2_heavy,0,78,0.0012388261354858833,anchor_id,
base,0.0,0.0,independent_latents,0.0,0.2,0.0,paired_prediction_increment,logger2_heavy,0,78,0.0,anchor_id,
base,0.0,0.0,independent_latents,0.0,0.2,0.0,paired_increment_absolute_error,logger2_heavy,0,78,0.0,anchor_id,
base,0.0,0.0,independent_latents,0.0,0.2,0.0,base_prediction_absolute_increment,logger2_heavy,0,78,0.0,anchor_id,
plus,0.02338085533625621,0.015352738431794778,independent_latents,0.0,0.2,0.01942030433107587,reward_population_mae,logger2_heavy,0,78,0.017965452760782596,anchor_id,
plus,0.030969440836299694,0.02166626848013741,independent_latents,0.0,0.2,0.026377410726526503,reward_population_rmse,logger2_heavy,0,78,0.0011974158787365259,anchor_id,
plus,0.0,0.0,independent_latents,0.0,0.2,0.0,paired_prediction_increment,logger2_heavy,0,78,0.0,anchor_id,
plus,0.0,0.0,independent_latents,0.0,0.2,0.0,paired_increment_absolute_error,logger2_heavy,0,78,0.0,anchor_id,
minus,0.003959445932564109,-0.007899351569742854,independent_latents,0.0,0.2,-0.0022382220044507325,signed_balanced_neural_bias,logger12_balanced,0,78,0.027703057695714337,anchor_id,
minus,2.605109860025888e-16,1.6934459532663845e-16,independent_latents,0.0,0.2,2.1635115351669717e-16,signed_balanced_population_bias,logger12_balanced,0,78,2.1979651144598135e-16,anchor_id,
minus,0.0,0.0,independent_latents,0.0,0.2,0.0,signed_heavy_neural_drift,logger1_minus_logger2,0,78,0.0,anchor_id,
minus,1.1532797509006833e-16,-1.4589469233856203e-18,independent_latents,0.0,0.2,5.551115123125783e-17,signed_heavy_population_drift,logger1_minus_logger2,0,78,2.729761535258092e-16,anchor_id,
minus,0.0,0.0,independent_latents,0.0,0.2,0.0,paired_heavy_prediction_increment,logger1_minus_logger2,0,78,0.0,anchor_id,
minus,0.0,0.0,independent_latents,0.0,0.2,0.0,paired_heavy_increment_absolute_error,logger1_minus_logger2,0,78,0.0,anchor_id,
base,0.004844758553778597,-0.00660135937019726,independent_latents,0.0,0.2,-0.0010428118810896297,signed_balanced_neural_bias,logger12_balanced,0,78,0.02628208958258882,anchor_id,
base,0.0,0.0,independent_latents,0.0,0.2,0.0,signed_balanced_population_bias,logger12_balanced,0,78,0.0,anchor_id,
base,0.0,0.0,independent_latents,0.0,0.2,0.0,signed_heavy_neural_drift,logger1_minus_logger2,0,78,0.0,anchor_id,
base,0.0,0.0,independent_latents,0.0,0.2,0.0,signed_heavy_population_drift,logger1_minus_logger2,0,78,0.0,anchor_id,
base,0.0,0.0,independent_latents,0.0,0.2,0.0,paired_heavy_prediction_increment,logger1_minus_logger2,0,78,0.0,anchor_id,
base,0.0,0.0,independent_latents,0.0,0.2,0.0,paired_heavy_increment_absolute_error,logger1_minus_logger2,0,78,0.0,anchor_id,
plus,0.006683462071534336,-0.005146055323812182,independent_latents,0.0,0.2,0.0006853834369645182,signed_balanced_neural_bias,logger12_balanced,0,78,0.026539176530853335,anchor_id,
plus,3.188688629380137e-16,2.135044278125301e-16,independent_latents,0.0,0.2,2.6616885333962085e-16,signed_balanced_population_bias,logger12_balanced,0,78,2.4685652152424593e-16,anchor_id,
plus,0.0,0.0,independent_latents,0.0,0.2,0.0,signed_heavy_neural_drift,logger1_minus_logger2,0,78,0.0,anchor_id,
plus,1.22444789350486e-16,1.423362852083534e-17,independent_latents,0.0,0.2,6.68980540479261e-17,signed_heavy_population_drift,logger1_minus_logger2,0,78,2.5199083103222925e-16,anchor_id,
plus,0.0,0.0,independent_latents,0.0,0.2,0.0,paired_heavy_prediction_increment,logger1_minus_logger2,0,78,0.0,anchor_id,
plus,0.0,0.0,independent_latents,0.0,0.2,0.0,paired_heavy_increment_absolute_error,logger1_minus_logger2,0,78,0.0,anchor_id,
all,0.5641025641025641,0.34615384615384615,independent_latents,0.0,0.2,0.46153846153846156,neural_do_ranking_disagreement,logger12_balanced,0,78,0.5017452060042545,anchor_id,
all,0.0027407384967035797,0.0013689044189699438,independent_latents,0.0,0.2,0.002048367142766294,neural_decision_regret,logger12_balanced,0,78,0.002980976373778365,anchor_id,
base,0.0,0.0,independent_latents,0.0,0.2,0.0,base_prediction_range_across_mixtures,all_primary,0,78,0.0,anchor_id,
base,0.0,0.0,independent_latents,0.0,0.2,0.0,base_leakage_over_balanced_direct_signal,all_primary,0,78,0.0,anchor_id,
base,0.0,0.0,independent_latents,0.0,all,0.0,base_prediction_range_across_mixture_and_lambda,all_primary,0,78,0.0,anchor_id,
minus,0.037671339677735526,0.020316642636244532,independent_latents,0.0,0.0,0.028473932549760186,reward_population_mae,logger1_heavy,1,78,0.04016396984982629,anchor_id,
minus,0.06851250833944295,0.02998824409792495,independent_latents,0.0,0.0,0.0490227291114493,reward_population_rmse,logger1_heavy,1,78,0.008869065776767715,anchor_id,
base,0.03676936748249817,0.02028659264312174,independent_latents,0.0,0.0,0.02725270910171651,reward_population_mae,logger1_heavy,1,78,0.039464375402858326,anchor_id,
base,0.06589007242745622,0.029991821657947604,independent_latents,0.0,0.0,0.04775122971447319,reward_population_rmse,logger1_heavy,1,78,0.00810025686293041,anchor_id,
plus,0.03660987250282947,0.01965589242422013,independent_latents,0.0,0.0,0.02707288384437463,reward_population_mae,logger1_heavy,1,78,0.037988542102090316,anchor_id,
plus,0.06301394120697207,0.029597021058243488,independent_latents,0.0,0.0,0.04644963630216069,reward_population_rmse,logger1_heavy,1,78,0.007304176049348542,anchor_id,
minus,0.03765190666513155,0.020556695238839368,independent_latents,0.0,0.0,0.0284739325497602,reward_population_mae,logger12_balanced,1,78,0.04016396984982637,anchor_id,
minus,0.06942953108417854,0.029487161304129667,independent_latents,0.0,0.0,0.04902272911144936,reward_population_rmse,logger12_balanced,1,78,0.008869065776767724,anchor_id,
base,0.03600052698769938,0.019618852899425707,independent_latents,0.0,0.0,0.02725270910171651,reward_population_mae,logger12_balanced,1,78,0.039464375402858326,anchor_id,
base,0.06591958695292789,0.029850107430815648,independent_latents,0.0,0.0,0.04775122971447319,reward_population_rmse,logger12_balanced,1,78,0.00810025686293041,anchor_id,
plus,0.03581592767920764,0.01930855947226485,independent_latents,0.0,0.0,0.027072883844374607,reward_population_mae,logger12_balanced,1,78,0.037988542102090316,anchor_id,
plus,0.06383984316459458,0.02956813295789165,independent_latents,0.0,0.0,0.046449636302160674,reward_population_rmse,logger12_balanced,1,78,0.007304176049348542,anchor_id,
minus,0.03763211719173559,0.02087425611394241,independent_latents,0.0,0.0,0.028473932549760203,reward_population_mae,logger2_heavy,1,78,0.04016396984982632,anchor_id,
minus,0.07009707413507484,0.03004402461461321,independent_latents,0.0,0.0,0.04902272911144933,reward_population_rmse,logger2_heavy,1,78,0.008869065776767717,anchor_id,
base,0.037129817567691355,0.019595044033536825,independent_latents,0.0,0.0,0.02725270910171651,reward_population_mae,logger2_heavy,1,78,0.039464375402858326,anchor_id,
base,0.06660225653555023,0.030172921336085456,independent_latents,0.0,0.0,0.04775122971447319,reward_population_rmse,logger2_heavy,1,78,0.00810025686293041,anchor_id,
plus,0.036581385692783026,0.01943747748376007,independent_latents,0.0,0.0,0.027072883844374635,reward_population_mae,logger2_heavy,1,78,0.03798854210209033,anchor_id,
plus,0.0635101293288554,0.028700770088022267,independent_latents,0.0,0.0,0.04644963630216069,reward_population_rmse,logger2_heavy,1,78,0.007304176049348543,anchor_id,
minus,0.007642303452978302,-0.015522476851816305,independent_latents,0.0,0.0,-0.00306777963214073,signed_balanced_neural_bias,logger12_balanced,1,78,0.04924332671747762,anchor_id,
minus,3.131398274583775e-16,2.0492866662872682e-16,independent_latents,0.0,0.0,2.6047540193128674e-16,signed_balanced_population_bias,logger12_balanced,1,78,2.4781902581376853e-16,anchor_id,
minus,0.0,0.0,independent_latents,0.0,0.0,0.0,signed_heavy_neural_drift,logger1_minus_logger2,1,78,0.0,anchor_id,
minus,1.4802973661668753e-16,1.708035422500241e-17,independent_latents,0.0,0.0,8.255504542084498e-17,signed_heavy_population_drift,logger1_minus_logger2,1,78,3.017672241992264e-16,anchor_id,
base,0.006426476902575853,-0.013437900046292929,independent_latents,0.0,0.0,-0.003067968799365115,signed_balanced_neural_bias,logger12_balanced,1,78,0.04796100492890432,anchor_id,
base,0.0,0.0,independent_latents,0.0,0.0,0.0,signed_balanced_population_bias,logger12_balanced,1,78,0.0,anchor_id,
base,0.0,0.0,independent_latents,0.0,0.0,0.0,signed_heavy_neural_drift,logger1_minus_logger2,1,78,0.0,anchor_id,
base,0.0,0.0,independent_latents,0.0,0.0,0.0,signed_heavy_population_drift,logger1_minus_logger2,1,78,0.0,anchor_id,
plus,0.00851501902260853,-0.012233412085931766,independent_latents,0.0,0.0,-0.0021772276857950413,signed_balanced_neural_bias,logger12_balanced,1,78,0.046698899371351535,anchor_id,
plus,3.2737345597921285e-16,2.1916229514956216e-16,independent_latents,0.0,0.0,2.71862304747955e-16,signed_balanced_population_bias,logger12_balanced,1,78,2.351039530426004e-16,anchor_id,
plus,0.0,0.0,independent_latents,0.0,0.0,0.0,signed_heavy_neural_drift,logger1_minus_logger2,1,78,0.0,anchor_id,
plus,1.6653345369377348e-16,1.7044770153700324e-17,independent_latents,0.0,0.0,9.394194823751324e-17,signed_heavy_population_drift,logger1_minus_logger2,1,78,3.304502108303891e-16,anchor_id,
all,0.44871794871794873,0.23076923076923078,independent_latents,0.0,0.0,0.3333333333333333,neural_do_ranking_disagreement,logger12_balanced,1,78,0.47445571459117775,anchor_id,
all,0.002360452780642185,0.0010192413055839238,independent_latents,0.0,0.0,0.0016667066270727776,neural_decision_regret,logger12_balanced,1,78,0.0031412697937337193,anchor_id,
base,0.0,0.0,independent_latents,0.0,0.0,0.0,base_prediction_range_across_mixtures,all_primary,1,78,0.0,anchor_id,
minus,0.038812718913494415,0.020760335579168322,independent_latents,0.0,0.05,0.028473932549760148,reward_population_mae,logger1_heavy,1,78,0.04016396984982636,anchor_id,
minus,0.06723750299651302,0.030327372832656577,independent_latents,0.0,0.05,0.04902272911144932,reward_population_rmse,logger1_heavy,1,78,0.008869065776767724,anchor_id,
minus,0.0,0.0,independent_latents,0.0,0.05,0.0,paired_prediction_increment,logger1_heavy,1,78,0.0,anchor_id,
minus,0.0,0.0,independent_latents,0.0,0.05,0.0,paired_increment_absolute_error,logger1_heavy,1,78,0.0,anchor_id,
base,0.03676598881897937,0.019283813221894666,independent_latents,0.0,0.05,0.02725270910171651,reward_population_mae,logger1_heavy,1,78,0.039464375402858326,anchor_id,
base,0.06731764629130231,0.02970243939721108,independent_latents,0.0,0.05,0.04775122971447319,reward_population_rmse,logger1_heavy,1,78,0.00810025686293041,anchor_id,
base,0.0,0.0,independent_latents,0.0,0.05,0.0,paired_prediction_increment,logger1_heavy,1,78,0.0,anchor_id,
base,0.0,0.0,independent_latents,0.0,0.05,0.0,paired_increment_absolute_error,logger1_heavy,1,78,0.0,anchor_id,
base,0.0,0.0,independent_latents,0.0,0.05,0.0,base_prediction_absolute_increment,logger1_heavy,1,78,0.0,anchor_id,
plus,0.036116597826097115,0.01921562442724123,independent_latents,0.0,0.05,0.02707288384437463,reward_population_mae,logger1_heavy,1,78,0.03798854210209032,anchor_id,
plus,0.06363915029453687,0.030199964029566255,independent_latents,0.0,0.05,0.04644963630216069,reward_population_rmse,logger1_heavy,1,78,0.007304176049348541,anchor_id,
plus,0.0,0.0,independent_latents,0.0,0.05,0.0,paired_prediction_increment,logger1_heavy,1,78,0.0,anchor_id,
plus,0.0,0.0,independent_latents,0.0,0.05,0.0,paired_increment_absolute_error,logger1_heavy,1,78,0.0,anchor_id,
minus,0.038315734205658904,0.02080575247045226,independent_latents,0.0,0.05,0.028473932549760175,reward_population_mae,logger12_balanced,1,78,0.04016396984982634,anchor_id,
minus,0.06747765299795888,0.030448992534705278,independent_latents,0.0,0.05,0.04902272911144932,reward_population_rmse,logger12_balanced,1,78,0.008869065776767717,anchor_id,
minus,0.0,0.0,independent_latents,0.0,0.05,0.0,paired_prediction_increment,logger12_balanced,1,78,0.0,anchor_id,
minus,0.0,0.0,independent_latents,0.0,0.05,0.0,paired_increment_absolute_error,logger12_balanced,1,78,0.0,anchor_id,
base,0.03690622617777061,0.019146501761480597,independent_latents,0.0,0.05,0.02725270910171651,reward_population_mae,logger12_balanced,1,78,0.039464375402858326,anchor_id,
base,0.06521784195629225,0.029385874132594532,independent_latents,0.0,0.05,0.04775122971447319,reward_population_rmse,logger12_balanced,1,78,0.00810025686293041,anchor_id,
base,0.0,0.0,independent_latents,0.0,0.05,0.0,paired_prediction_increment,logger12_balanced,1,78,0.0,anchor_id,
base,0.0,0.0,independent_latents,0.0,0.05,0.0,paired_increment_absolute_error,logger12_balanced,1,78,0.0,anchor_id,
base,0.0,0.0,independent_latents,0.0,0.05,0.0,base_prediction_absolute_increment,logger12_balanced,1,78,0.0,anchor_id,
plus,0.0358886964412583,0.019243567043903582,independent_latents,0.0,0.05,0.02707288384437463,reward_population_mae,logger12_balanced,1,78,0.03798854210209036,anchor_id,
plus,0.06323011310981744,0.030173489875810203,independent_latents,0.0,0.05,0.046449636302160716,reward_population_rmse,logger12_balanced,1,78,0.007304176049348548,anchor_id,
plus,0.0,0.0,independent_latents,0.0,0.05,0.0,paired_prediction_increment,logger12_balanced,1,78,0.0,anchor_id,
plus,0.0,0.0,independent_latents,0.0,0.05,0.0,paired_increment_absolute_error,logger12_balanced,1,78,0.0,anchor_id,
minus,0.03814263944371196,0.02010467413697136,independent_latents,0.0,0.05,0.028473932549760193,reward_population_mae,logger2_heavy,1,78,0.04016396984982632,anchor_id,
minus,0.0688785789168843,0.03034229064884091,independent_latents,0.0,0.05,0.04902272911144932,reward_population_rmse,logger2_heavy,1,78,0.008869065776767718,anchor_id,
minus,0.0,0.0,independent_latents,0.0,0.05,0.0,paired_prediction_increment,logger2_heavy,1,78,0.0,anchor_id,
minus,0.0,0.0,independent_latents,0.0,0.05,0.0,paired_increment_absolute_error,logger2_heavy,1,78,0.0,anchor_id,
base,0.036380546304336764,0.01961195536698493,independent_latents,0.0,0.05,0.02725270910171651,reward_population_mae,logger2_heavy,1,78,0.039464375402858326,anchor_id,
base,0.06585505118045597,0.03049076223951562,independent_latents,0.0,0.05,0.04775122971447319,reward_population_rmse,logger2_heavy,1,78,0.00810025686293041,anchor_id,
base,0.0,0.0,independent_latents,0.0,0.05,0.0,paired_prediction_increment,logger2_heavy,1,78,0.0,anchor_id,
base,0.0,0.0,independent_latents,0.0,0.05,0.0,paired_increment_absolute_error,logger2_heavy,1,78,0.0,anchor_id,
base,0.0,0.0,independent_latents,0.0,0.05,0.0,base_prediction_absolute_increment,logger2_heavy,1,78,0.0,anchor_id,
plus,0.03561291279041985,0.0197568447684046,independent_latents,0.0,0.05,0.027072883844374625,reward_population_mae,logger2_heavy,1,78,0.03798854210209032,anchor_id,
plus,0.06357215416968837,0.030043057784195023,independent_latents,0.0,0.05,0.04644963630216068,reward_population_rmse,logger2_heavy,1,78,0.007304176049348542,anchor_id,
plus,0.0,0.0,independent_latents,0.0,0.05,0.0,paired_prediction_increment,logger2_heavy,1,78,0.0,anchor_id,
plus,0.0,0.0,independent_latents,0.0,0.05,0.0,paired_increment_absolute_error,logger2_heavy,1,78,0.0,anchor_id,
minus,0.006865362840926606,-0.015017029885811642,independent_latents,0.0,0.05,-0.00306777963214073,signed_balanced_neural_bias,logger12_balanced,1,78,0.04924332671747762,anchor_id,
minus,2.818614287838418e-16,1.7507363080627468e-16,independent_latents,0.0,0.05,2.263146934812819e-16,signed_balanced_population_bias,logger12_balanced,1,78,2.3222312039845077e-16,anchor_id,
minus,0.0,0.0,independent_latents,0.0,0.05,0.0,signed_heavy_neural_drift,logger1_minus_logger2,1,78,0.0,anchor_id,
minus,1.380661966521028e-16,4.839433697084016e-17,independent_latents,0.0,0.05,9.251858538542972e-17,signed_heavy_population_drift,logger1_minus_logger2,1,78,2.0821687526802272e-16,anchor_id,
minus,0.0,0.0,independent_latents,0.0,0.05,0.0,paired_heavy_prediction_increment,logger1_minus_logger2,1,78,0.0,anchor_id,
minus,0.0,0.0,independent_latents,0.0,0.05,0.0,paired_heavy_increment_absolute_error,logger1_minus_logger2,1,78,0.0,anchor_id,
base,0.007690505198671137,-0.013723112514378319,independent_latents,0.0,0.05,-0.003067968799365115,signed_balanced_neural_bias,logger12_balanced,1,78,0.04796100492890432,anchor_id,
base,0.0,-7.11681426041767e-18,independent_latents,0.0,0.05,-2.846725704167068e-18,signed_balanced_population_bias,logger12_balanced,1,78,1.7661978828937318e-17,anchor_id,
base,0.0,0.0,independent_latents,0.0,0.05,0.0,signed_heavy_neural_drift,logger1_minus_logger2,1,78,0.0,anchor_id,
base,0.0,0.0,independent_latents,0.0,0.05,0.0,signed_heavy_population_drift,logger1_minus_logger2,1,78,0.0,anchor_id,
base,0.0,0.0,independent_latents,0.0,0.05,0.0,paired_heavy_prediction_increment,logger1_minus_logger2,1,78,0.0,anchor_id,
base,0.0,0.0,independent_latents,0.0,0.05,0.0,paired_heavy_increment_absolute_error,logger1_minus_logger2,1,78,0.0,anchor_id,
plus,0.006893752468525094,-0.012959017341220699,independent_latents,0.0,0.05,-0.0021772276857950413,signed_balanced_neural_bias,logger12_balanced,1,78,0.046698899371351535,anchor_id,
plus,2.804024818604562e-16,1.7788477243913967e-16,independent_latents,0.0,0.05,2.2489133062919837e-16,signed_balanced_population_bias,logger12_balanced,1,78,2.298201426203671e-16,anchor_id,
plus,0.0,0.0,independent_latents,0.0,0.05,0.0,signed_heavy_neural_drift,logger1_minus_logger2,1,78,0.0,anchor_id,
plus,8.82484968291791e-17,-1.8539301148388026e-17,independent_latents,0.0,0.05,3.700743415417188e-17,signed_heavy_population_drift,logger1_minus_logger2,1,78,2.418296330825465e-16,anchor_id,
plus,0.0,0.0,independent_latents,0.0,0.05,0.0,paired_heavy_prediction_increment,logger1_minus_logger2,1,78,0.0,anchor_id,
plus,0.0,0.0,independent_latents,0.0,0.05,0.0,paired_heavy_increment_absolute_error,logger1_minus_logger2,1,78,0.0,anchor_id,
all,0.43621794871794844,0.230448717948718,independent_latents,0.0,0.05,0.3333333333333333,neural_do_ranking_disagreement,logger12_balanced,1,78,0.47445571459117775,anchor_id,
all,0.0024068267596647165,0.0010403905537221948,independent_latents,0.0,0.05,0.0016667066270727776,neural_decision_regret,logger12_balanced,1,78,0.0031412697937337193,anchor_id,
base,0.0,0.0,independent_latents,0.0,0.05,0.0,base_prediction_range_across_mixtures,all_primary,1,78,0.0,anchor_id,
base,0.0,0.0,independent_latents,0.0,0.05,0.0,base_leakage_over_balanced_direct_signal,all_primary,1,78,0.0,anchor_id,
minus,0.03780860006589129,0.020561284485344354,independent_latents,0.0,0.1,0.02847393254976022,reward_population_mae,logger1_heavy,1,78,0.04016396984982631,anchor_id,
minus,0.0684082729830703,0.03011418019223152,independent_latents,0.0,0.1,0.04902272911144932,reward_population_rmse,logger1_heavy,1,78,0.008869065776767717,anchor_id,
minus,0.0,0.0,independent_latents,0.0,0.1,0.0,paired_prediction_increment,logger1_heavy,1,78,0.0,anchor_id,
minus,0.0,0.0,independent_latents,0.0,0.1,0.0,paired_increment_absolute_error,logger1_heavy,1,78,0.0,anchor_id,
base,0.03660080094493297,0.01924251619256843,independent_latents,0.0,0.1,0.02725270910171651,reward_population_mae,logger1_heavy,1,78,0.039464375402858326,anchor_id,
base,0.0650980807203773,0.029936645953158574,independent_latents,0.0,0.1,0.04775122971447319,reward_population_rmse,logger1_heavy,1,78,0.00810025686293041,anchor_id,
base,0.0,0.0,independent_latents,0.0,0.1,0.0,paired_prediction_increment,logger1_heavy,1,78,0.0,anchor_id,
base,0.0,0.0,independent_latents,0.0,0.1,0.0,paired_increment_absolute_error,logger1_heavy,1,78,0.0,anchor_id,
base,0.0,0.0,independent_latents,0.0,0.1,0.0,base_prediction_absolute_increment,logger1_heavy,1,78,0.0,anchor_id,
plus,0.03634701119824206,0.019431621272624957,independent_latents,0.0,0.1,0.02707288384437463,reward_population_mae,logger1_heavy,1,78,0.037988542102090336,anchor_id,
plus,0.0630128521240256,0.030361181257861667,independent_latents,0.0,0.1,0.046449636302160695,reward_population_rmse,logger1_heavy,1,78,0.007304176049348545,anchor_id,
plus,0.0,0.0,independent_latents,0.0,0.1,0.0,paired_prediction_increment,logger1_heavy,1,78,0.0,anchor_id,
plus,0.0,0.0,independent_latents,0.0,0.1,0.0,paired_increment_absolute_error,logger1_heavy,1,78,0.0,anchor_id,
minus,0.03817611777591516,0.020645566248347604,independent_latents,0.0,0.1,0.028473932549760154,reward_population_mae,logger12_balanced,1,78,0.0401639698498264,anchor_id,
minus,0.06814067005474501,0.030379833022956392,independent_latents,0.0,0.1,0.049022729111449365,reward_population_rmse,logger12_balanced,1,78,0.008869065776767746,anchor_id,
minus,0.0,0.0,independent_latents,0.0,0.1,0.0,paired_prediction_increment,logger12_balanced,1,78,0.0,anchor_id,
minus,0.0,0.0,independent_latents,0.0,0.1,0.0,paired_increment_absolute_error,logger12_balanced,1,78,0.0,anchor_id,
base,0.0358279062496914,0.019354009504836397,independent_latents,0.0,0.1,0.02725270910171651,reward_population_mae,logger12_balanced,1,78,0.039464375402858326,anchor_id,
base,0.0649559624045617,0.02986990881300442,independent_latents,0.0,0.1,0.04775122971447319,reward_population_rmse,logger12_balanced,1,78,0.00810025686293041,anchor_id,
base,0.0,0.0,independent_latents,0.0,0.1,0.0,paired_prediction_increment,logger12_balanced,1,78,0.0,anchor_id,
base,0.0,0.0,independent_latents,0.0,0.1,0.0,paired_increment_absolute_error,logger12_balanced,1,78,0.0,anchor_id,
base,0.0,0.0,independent_latents,0.0,0.1,0.0,base_prediction_absolute_increment,logger12_balanced,1,78,0.0,anchor_id,
plus,0.036051422608544346,0.01947824312417349,independent_latents,0.0,0.1,0.027072883844374625,reward_population_mae,logger12_balanced,1,78,0.03798854210209035,anchor_id,
plus,0.06327797453010446,0.029775108099372765,independent_latents,0.0,0.1,0.04644963630216071,reward_population_rmse,logger12_balanced,1,78,0.007304176049348563,anchor_id,
plus,0.0,0.0,independent_latents,0.0,0.1,0.0,paired_prediction_increment,logger12_balanced,1,78,0.0,anchor_id,
plus,0.0,0.0,independent_latents,0.0,0.1,0.0,paired_increment_absolute_error,logger12_balanced,1,78,0.0,anchor_id,
minus,0.03838173558464568,0.02069930647824369,independent_latents,0.0,0.1,0.028473932549760203,reward_population_mae,logger2_heavy,1,78,0.04016396984982632,anchor_id,
minus,0.06645654511196682,0.030208705073228356,independent_latents,0.0,0.1,0.04902272911144934,reward_population_rmse,logger2_heavy,1,78,0.008869065776767717,anchor_id,
minus,0.0,0.0,independent_latents,0.0,0.1,0.0,paired_prediction_increment,logger2_heavy,1,78,0.0,anchor_id,
minus,0.0,0.0,independent_latents,0.0,0.1,0.0,paired_increment_absolute_error,logger2_heavy,1,78,0.0,anchor_id,
base,0.03650032646308678,0.019354357689579684,independent_latents,0.0,0.1,0.02725270910171651,reward_population_mae,logger2_heavy,1,78,0.039464375402858326,anchor_id,
base,0.06700979421023287,0.02983745143284252,independent_latents,0.0,0.1,0.04775122971447319,reward_population_rmse,logger2_heavy,1,78,0.00810025686293041,anchor_id,
base,0.0,0.0,independent_latents,0.0,0.1,0.0,paired_prediction_increment,logger2_heavy,1,78,0.0,anchor_id,
base,0.0,0.0,independent_latents,0.0,0.1,0.0,paired_increment_absolute_error,logger2_heavy,1,78,0.0,anchor_id,
base,0.0,0.0,independent_latents,0.0,0.1,0.0,base_prediction_absolute_increment,logger2_heavy,1,78,0.0,anchor_id,
plus,0.036106725435584915,0.019491062984399624,independent_latents,0.0,0.1,0.027072883844374653,reward_population_mae,logger2_heavy,1,78,0.037988542102090316,anchor_id,
plus,0.06415274746221859,0.03027174412990744,independent_latents,0.0,0.1,0.04644963630216069,reward_population_rmse,logger2_heavy,1,78,0.007304176049348542,anchor_id,
plus,0.0,0.0,independent_latents,0.0,0.1,0.0,paired_prediction_increment,logger2_heavy,1,78,0.0,anchor_id,
plus,0.0,0.0,independent_latents,0.0,0.1,0.0,paired_increment_absolute_error,logger2_heavy,1,78,0.0,anchor_id,
minus,0.006698402114861878,-0.014153225290783462,independent_latents,0.0,0.1,-0.00306777963214073,signed_balanced_neural_bias,logger12_balanced,1,78,0.04924332671747762,anchor_id,
minus,3.529939873167164e-16,2.519352248187855e-16,independent_latents,0.0,0.1,2.9890619893754217e-16,signed_balanced_population_bias,logger12_balanced,1,78,2.3623168170996743e-16,anchor_id,
minus,0.0,0.0,independent_latents,0.0,0.1,0.0,signed_heavy_neural_drift,logger1_minus_logger2,1,78,0.0,anchor_id,
minus,8.82484968291791e-17,-3.1349566817139836e-17,independent_latents,0.0,0.1,2.7043894189587146e-17,signed_heavy_population_drift,logger1_minus_logger2,1,78,2.81882695070455e-16,anchor_id,
minus,0.0,0.0,independent_latents,0.0,0.1,0.0,paired_heavy_prediction_increment,logger1_minus_logger2,1,78,0.0,anchor_id,
minus,0.0,0.0,independent_latents,0.0,0.1,0.0,paired_heavy_increment_absolute_error,logger1_minus_logger2,1,78,0.0,anchor_id,
base,0.006892632186787249,-0.013894339940080554,independent_latents,0.0,0.1,-0.003067968799365115,signed_balanced_neural_bias,logger12_balanced,1,78,0.04796100492890432,anchor_id,
base,0.0,0.0,independent_latents,0.0,0.1,0.0,signed_balanced_population_bias,logger12_balanced,1,78,0.0,anchor_id,
base,0.0,0.0,independent_latents,0.0,0.1,0.0,signed_heavy_neural_drift,logger1_minus_logger2,1,78,0.0,anchor_id,
base,0.0,0.0,independent_latents,0.0,0.1,0.0,signed_heavy_population_drift,logger1_minus_logger2,1,78,0.0,anchor_id,
base,0.0,0.0,independent_latents,0.0,0.1,0.0,paired_heavy_prediction_increment,logger1_minus_logger2,1,78,0.0,anchor_id,
base,0.0,0.0,independent_latents,0.0,0.1,0.0,paired_heavy_increment_absolute_error,logger1_minus_logger2,1,78,0.0,anchor_id,
plus,0.007372985693792926,-0.012080175575006435,independent_latents,0.0,0.1,-0.0021772276857950413,signed_balanced_neural_bias,logger12_balanced,1,78,0.046698899371351535,anchor_id,
plus,2.761323933042056e-16,1.6938017939794054e-16,independent_latents,0.0,0.1,2.220446049250313e-16,signed_balanced_population_bias,logger12_balanced,1,78,2.3939020715196393e-16,anchor_id,
plus,0.0,0.0,independent_latents,0.0,0.1,0.0,signed_heavy_neural_drift,logger1_minus_logger2,1,78,0.0,anchor_id,
plus,1.8361380791877588e-16,7.116814260417671e-17,independent_latents,0.0,0.1,1.2810265668751805e-16,signed_heavy_population_drift,logger1_minus_logger2,1,78,2.57481313933056e-16,anchor_id,
plus,0.0,0.0,independent_latents,0.0,0.1,0.0,paired_heavy_prediction_increment,logger1_minus_logger2,1,78,0.0,anchor_id,
plus,0.0,0.0,independent_latents,0.0,0.1,0.0,paired_heavy_increment_absolute_error,logger1_minus_logger2,1,78,0.0,anchor_id,
all,0.44871794871794873,0.23076923076923078,independent_latents,0.0,0.1,0.3333333333333333,neural_do_ranking_disagreement,logger12_balanced,1,78,0.47445571459117775,anchor_id,
all,0.0023405143607049435,0.0010021473040485453,independent_latents,0.0,0.1,0.0016667066270727776,neural_decision_regret,logger12_balanced,1,78,0.0031412697937337193,anchor_id,
base,0.0,0.0,independent_latents,0.0,0.1,0.0,base_prediction_range_across_mixtures,all_primary,1,78,0.0,anchor_id,
base,0.0,0.0,independent_latents,0.0,0.1,0.0,base_leakage_over_balanced_direct_signal,all_primary,1,78,0.0,anchor_id,
minus,0.03862111015581073,0.020557530946223534,independent_latents,0.0,0.2,0.02847393254976021,reward_population_mae,logger1_heavy,1,78,0.04016396984982632,anchor_id,
minus,0.06701477660952675,0.029908580346847683,independent_latents,0.0,0.2,0.04902272911144933,reward_population_rmse,logger1_heavy,1,78,0.008869065776767717,anchor_id,
minus,0.0,0.0,independent_latents,0.0,0.2,0.0,paired_prediction_increment,logger1_heavy,1,78,0.0,anchor_id,
minus,0.0,0.0,independent_latents,0.0,0.2,0.0,paired_increment_absolute_error,logger1_heavy,1,78,0.0,anchor_id,
base,0.03605274505585636,0.01933884534105081,independent_latents,0.0,0.2,0.02725270910171651,reward_population_mae,logger1_heavy,1,78,0.039464375402858326,anchor_id,
base,0.06556112900890995,0.029846838946671617,independent_latents,0.0,0.2,0.04775122971447319,reward_population_rmse,logger1_heavy,1,78,0.00810025686293041,anchor_id,
base,0.0,0.0,independent_latents,0.0,0.2,0.0,paired_prediction_increment,logger1_heavy,1,78,0.0,anchor_id,
base,0.0,0.0,independent_latents,0.0,0.2,0.0,paired_increment_absolute_error,logger1_heavy,1,78,0.0,anchor_id,
base,0.0,0.0,independent_latents,0.0,0.2,0.0,base_prediction_absolute_increment,logger1_heavy,1,78,0.0,anchor_id,
plus,0.03605105024868821,0.019294094101168183,independent_latents,0.0,0.2,0.027072883844374635,reward_population_mae,logger1_heavy,1,78,0.037988542102090316,anchor_id,
plus,0.06353847872063438,0.029318990621368383,independent_latents,0.0,0.2,0.04644963630216069,reward_population_rmse,logger1_heavy,1,78,0.007304176049348545,anchor_id,
plus,0.0,0.0,independent_latents,0.0,0.2,0.0,paired_prediction_increment,logger1_heavy,1,78,0.0,anchor_id,
plus,0.0,0.0,independent_latents,0.0,0.2,0.0,paired_increment_absolute_error,logger1_heavy,1,78,0.0,anchor_id,
minus,0.03711577721247304,0.019921246193193385,independent_latents,0.0,0.2,0.028473932549760175,reward_population_mae,logger12_balanced,1,78,0.040163969849826356,anchor_id,
minus,0.06816758129928618,0.02959242984464465,independent_latents,0.0,0.2,0.04902272911144933,reward_population_rmse,logger12_balanced,1,78,0.008869065776767724,anchor_id,
minus,0.0,0.0,independent_latents,0.0,0.2,0.0,paired_prediction_increment,logger12_balanced,1,78,0.0,anchor_id,
minus,0.0,0.0,independent_latents,0.0,0.2,0.0,paired_increment_absolute_error,logger12_balanced,1,78,0.0,anchor_id,
base,0.036692233278475136,0.018969668633674712,independent_latents,0.0,0.2,0.02725270910171651,reward_population_mae,logger12_balanced,1,78,0.039464375402858326,anchor_id,
base,0.06524703521721373,0.030316018871044723,independent_latents,0.0,0.2,0.04775122971447319,reward_population_rmse,logger12_balanced,1,78,0.00810025686293041,anchor_id,
base,0.0,0.0,independent_latents,0.0,0.2,0.0,paired_prediction_increment,logger12_balanced,1,78,0.0,anchor_id,
base,0.0,0.0,independent_latents,0.0,0.2,0.0,paired_increment_absolute_error,logger12_balanced,1,78,0.0,anchor_id,
base,0.0,0.0,independent_latents,0.0,0.2,0.0,base_prediction_absolute_increment,logger12_balanced,1,78,0.0,anchor_id,
plus,0.036779205627093296,0.019281732018757266,independent_latents,0.0,0.2,0.027072883844374635,reward_population_mae,logger12_balanced,1,78,0.03798854210209038,anchor_id,
plus,0.06367835943060408,0.03009334427301949,independent_latents,0.0,0.2,0.046449636302160736,reward_population_rmse,logger12_balanced,1,78,0.007304176049348549,anchor_id,
plus,0.0,0.0,independent_latents,0.0,0.2,0.0,paired_prediction_increment,logger12_balanced,1,78,0.0,anchor_id,
plus,0.0,0.0,independent_latents,0.0,0.2,0.0,paired_increment_absolute_error,logger12_balanced,1,78,0.0,anchor_id,
minus,0.0377193435147204,0.02070212546925694,independent_latents,0.0,0.2,0.028473932549760165,reward_population_mae,logger2_heavy,1,78,0.040163969849826314,anchor_id,
minus,0.0690177165004355,0.029687366148736738,independent_latents,0.0,0.2,0.0490227291114493,reward_population_rmse,logger2_heavy,1,78,0.008869065776767717,anchor_id,
minus,0.0,0.0,independent_latents,0.0,0.2,0.0,paired_prediction_increment,logger2_heavy,1,78,0.0,anchor_id,
minus,0.0,0.0,independent_latents,0.0,0.2,0.0,paired_increment_absolute_error,logger2_heavy,1,78,0.0,anchor_id,
base,0.036753872516568364,0.01965323132563012,independent_latents,0.0,0.2,0.02725270910171651,reward_population_mae,logger2_heavy,1,78,0.039464375402858326,anchor_id,
base,0.06525285792950973,0.031165273580444953,independent_latents,0.0,0.2,0.04775122971447319,reward_population_rmse,logger2_heavy,1,78,0.00810025686293041,anchor_id,
base,0.0,0.0,independent_latents,0.0,0.2,0.0,paired_prediction_increment,logger2_heavy,1,78,0.0,anchor_id,
base,0.0,0.0,independent_latents,0.0,0.2,0.0,paired_increment_absolute_error,logger2_heavy,1,78,0.0,anchor_id,
base,0.0,0.0,independent_latents,0.0,0.2,0.0,base_prediction_absolute_increment,logger2_heavy,1,78,0.0,anchor_id,
plus,0.03540854534565086,0.019298614687087948,independent_latents,0.0,0.2,0.027072883844374642,reward_population_mae,logger2_heavy,1,78,0.03798854210209034,anchor_id,
plus,0.06384094253108875,0.029335190574474434,independent_latents,0.0,0.2,0.04644963630216071,reward_population_rmse,logger2_heavy,1,78,0.007304176049348546,anchor_id,
plus,0.0,0.0,independent_latents,0.0,0.2,0.0,paired_prediction_increment,logger2_heavy,1,78,0.0,anchor_id,
plus,0.0,0.0,independent_latents,0.0,0.2,0.0,paired_increment_absolute_error,logger2_heavy,1,78,0.0,anchor_id,
minus,0.006547598741289819,-0.01363639389882658,independent_latents,0.0,0.2,-0.00306777963214073,signed_balanced_neural_bias,logger12_balanced,1,78,0.04924332671747762,anchor_id,
minus,2.633221276354538e-16,1.6653345369377348e-16,independent_latents,0.0,0.2,2.1635115351669717e-16,signed_balanced_population_bias,logger12_balanced,1,78,2.1979651144598135e-16,anchor_id,
minus,0.0,0.0,independent_latents,0.0,0.2,0.0,signed_heavy_neural_drift,logger1_minus_logger2,1,78,0.0,anchor_id,
minus,1.167157538708498e-16,-2.846725704167068e-18,independent_latents,0.0,0.2,5.551115123125783e-17,signed_heavy_population_drift,logger1_minus_logger2,1,78,2.729761535258092e-16,anchor_id,
minus,0.0,0.0,independent_latents,0.0,0.2,0.0,paired_heavy_prediction_increment,logger1_minus_logger2,1,78,0.0,anchor_id,
minus,0.0,0.0,independent_latents,0.0,0.2,0.0,paired_heavy_increment_absolute_error,logger1_minus_logger2,1,78,0.0,anchor_id,
base,0.006759754110965386,-0.014495418287675437,independent_latents,0.0,0.2,-0.003067968799365115,signed_balanced_neural_bias,logger12_balanced,1,78,0.04796100492890432,anchor_id,
base,0.0,0.0,independent_latents,0.0,0.2,0.0,signed_balanced_population_bias,logger12_balanced,1,78,0.0,anchor_id,
base,0.0,0.0,independent_latents,0.0,0.2,0.0,signed_heavy_neural_drift,logger1_minus_logger2,1,78,0.0,anchor_id,
base,0.0,0.0,independent_latents,0.0,0.2,0.0,signed_heavy_population_drift,logger1_minus_logger2,1,78,0.0,anchor_id,
base,0.0,0.0,independent_latents,0.0,0.2,0.0,paired_heavy_prediction_increment,logger1_minus_logger2,1,78,0.0,anchor_id,
base,0.0,0.0,independent_latents,0.0,0.2,0.0,paired_heavy_increment_absolute_error,logger1_minus_logger2,1,78,0.0,anchor_id,
plus,0.00816253230707222,-0.012059241130611967,independent_latents,0.0,0.2,-0.0021772276857950413,signed_balanced_neural_bias,logger12_balanced,1,78,0.046698899371351535,anchor_id,
plus,3.231033674229622e-16,2.1635115351669717e-16,independent_latents,0.0,0.2,2.6616885333962085e-16,signed_balanced_population_bias,logger12_balanced,1,78,2.4685652152424593e-16,anchor_id,
plus,0.0,0.0,independent_latents,0.0,0.2,0.0,signed_heavy_neural_drift,logger1_minus_logger2,1,78,0.0,anchor_id,
plus,1.2240920527918394e-16,1.1351318745366185e-17,independent_latents,0.0,0.2,6.68980540479261e-17,signed_heavy_population_drift,logger1_minus_logger2,1,78,2.5199083103222925e-16,anchor_id,
plus,0.0,0.0,independent_latents,0.0,0.2,0.0,paired_heavy_prediction_increment,logger1_minus_logger2,1,78,0.0,anchor_id,
plus,0.0,0.0,independent_latents,0.0,0.2,0.0,paired_heavy_increment_absolute_error,logger1_minus_logger2,1,78,0.0,anchor_id,
all,0.44871794871794873,0.23076923076923078,independent_latents,0.0,0.2,0.3333333333333333,neural_do_ranking_disagreement,logger12_balanced,1,78,0.47445571459117775,anchor_id,
all,0.0023598218694555247,0.0010095380522449262,independent_latents,0.0,0.2,0.0016667066270727776,neural_decision_regret,logger12_balanced,1,78,0.0031412697937337193,anchor_id,
base,0.0,0.0,independent_latents,0.0,0.2,0.0,base_prediction_range_across_mixtures,all_primary,1,78,0.0,anchor_id,
base,0.0,0.0,independent_latents,0.0,0.2,0.0,base_leakage_over_balanced_direct_signal,all_primary,1,78,0.0,anchor_id,
base,0.0,0.0,independent_latents,0.0,all,0.0,base_prediction_range_across_mixture_and_lambda,all_primary,1,78,0.0,anchor_id,
minus,0.035879699572268824,0.019420840139081474,independent_latents,0.0,0.0,0.027326694961819175,reward_population_mae,logger1_heavy,2,78,0.03829562128850818,anchor_id,
minus,0.05906210140902619,0.03079189556420531,independent_latents,0.0,0.0,0.04684550015990114,reward_population_rmse,logger1_heavy,2,78,0.006058590070371696,anchor_id,
base,0.03440853730079609,0.01896559229279337,independent_latents,0.0,0.0,0.02601778488703987,reward_population_mae,logger1_heavy,2,78,0.03451310593781144,anchor_id,
base,0.05546085313311245,0.030354866833923938,independent_latents,0.0,0.0,0.04304426094849254,reward_population_rmse,logger1_heavy,2,78,0.005000292181432035,anchor_id,
plus,0.032648474035009485,0.019098041692846544,independent_latents,0.0,0.0,0.025469395376761274,reward_population_mae,logger1_heavy,2,78,0.030858827029655395,anchor_id,
plus,0.04979089752283035,0.027890807342055332,independent_latents,0.0,0.0,0.03985911128694966,reward_population_rmse,logger1_heavy,2,78,0.00403966759464575,anchor_id,
minus,0.0361223842134381,0.019469405043571236,independent_latents,0.0,0.0,0.0273266949618192,reward_population_mae,logger12_balanced,2,78,0.03829562128850826,anchor_id,
minus,0.06139712389126918,0.031222519214238083,independent_latents,0.0,0.0,0.04684550015990122,reward_population_rmse,logger12_balanced,2,78,0.0060585900703717215,anchor_id,
base,0.03383512207369127,0.018686558504917315,independent_latents,0.0,0.0,0.02601778488703987,reward_population_mae,logger12_balanced,2,78,0.03451310593781144,anchor_id,
base,0.054314770860260896,0.02975200835697459,independent_latents,0.0,0.0,0.04304426094849254,reward_population_rmse,logger12_balanced,2,78,0.005000292181432035,anchor_id,
plus,0.03265123643943921,0.01911133360290955,independent_latents,0.0,0.0,0.025469395376761236,reward_population_mae,logger12_balanced,2,78,0.030858827029655367,anchor_id,
plus,0.051123703038862024,0.02776136704653664,independent_latents,0.0,0.0,0.03985911128694962,reward_population_rmse,logger12_balanced,2,78,0.0040396675946457435,anchor_id,
minus,0.03656572732923491,0.01935426990343179,independent_latents,0.0,0.0,0.027326694961819217,reward_population_mae,logger2_heavy,2,78,0.03829562128850821,anchor_id,
minus,0.05972093308591833,0.03175847274006047,independent_latents,0.0,0.0,0.04684550015990119,reward_population_rmse,logger2_heavy,2,78,0.0060585900703717084,anchor_id,
base,0.03463888464323008,0.01864974959051766,independent_latents,0.0,0.0,0.02601778488703987,reward_population_mae,logger2_heavy,2,78,0.03451310593781144,anchor_id,
base,0.05474928973332257,0.029640969514913653,independent_latents,0.0,0.0,0.04304426094849254,reward_population_rmse,logger2_heavy,2,78,0.005000292181432035,anchor_id,
plus,0.03183709693350169,0.019240924677069657,independent_latents,0.0,0.0,0.02546939537676133,reward_population_mae,logger2_heavy,2,78,0.030858827029655405,anchor_id,
plus,0.05090185087850246,0.028101140469769064,independent_latents,0.0,0.0,0.03985911128694971,reward_population_rmse,logger2_heavy,2,78,0.004039667594645754,anchor_id,
minus,0.008031304183386092,-0.012480973437218273,independent_latents,0.0,0.0,-0.0023475026304346732,signed_balanced_neural_bias,logger12_balanced,2,78,0.047089473979909126,anchor_id,
minus,3.1602213723384663e-16,2.091987551849774e-16,independent_latents,0.0,0.0,2.6047540193128674e-16,signed_balanced_population_bias,logger12_balanced,2,78,2.4781902581376853e-16,anchor_id,
minus,0.0,0.0,independent_latents,0.0,0.0,0.0,signed_heavy_neural_drift,logger1_minus_logger2,2,78,0.0,anchor_id,
minus,1.5372318802502167e-16,1.423362852083534e-17,independent_latents,0.0,0.0,8.255504542084498e-17,signed_heavy_population_drift,logger1_minus_logger2,2,78,3.017672241992264e-16,anchor_id,
base,0.009147680191500484,-0.010223393917736903,independent_latents,0.0,0.0,-0.0008052667439280726,signed_balanced_neural_bias,logger12_balanced,2,78,0.04331528565468222,anchor_id,
base,0.0,0.0,independent_latents,0.0,0.0,0.0,signed_balanced_population_bias,logger12_balanced,2,78,0.0,anchor_id,
base,0.0,0.0,independent_latents,0.0,0.0,0.0,signed_heavy_neural_drift,logger1_minus_logger2,2,78,0.0,anchor_id,
base,0.0,0.0,independent_latents,0.0,0.0,0.0,signed_heavy_population_drift,logger1_minus_logger2,2,78,0.0,anchor_id,
plus,0.009552698057449342,-0.007419069771617441,independent_latents,0.0,0.0,0.0010484318077254241,signed_balanced_neural_bias,logger12_balanced,2,78,0.040103221423821334,anchor_id,
plus,3.202922257900972e-16,2.2346796777711484e-16,independent_latents,0.0,0.0,2.71862304747955e-16,signed_balanced_population_bias,logger12_balanced,2,78,2.351039530426004e-16,anchor_id,
plus,0.0,0.0,independent_latents,0.0,0.0,0.0,signed_heavy_neural_drift,logger1_minus_logger2,2,78,0.0,anchor_id,
plus,1.6226336513752287e-16,1.9927079929169476e-17,independent_latents,0.0,0.0,9.394194823751324e-17,signed_heavy_population_drift,logger1_minus_logger2,2,78,3.304502108303891e-16,anchor_id,
all,0.5641025641025641,0.3333333333333333,independent_latents,0.0,0.0,0.44871794871794873,neural_do_ranking_disagreement,logger12_balanced,2,78,0.5005824113797352,anchor_id,
all,0.0027696106330844096,0.001442156392252951,independent_latents,0.0,0.0,0.002072192888340616,neural_decision_regret,logger12_balanced,2,78,0.003084079137387469,anchor_id,
base,0.0,0.0,independent_latents,0.0,0.0,0.0,base_prediction_range_across_mixtures,all_primary,2,78,0.0,anchor_id,
minus,0.036010852936021125,0.019716783727092034,independent_latents,0.0,0.05,0.0273266949618192,reward_population_mae,logger1_heavy,2,78,0.03829562128850825,anchor_id,
minus,0.05993903262082676,0.03211228248201227,independent_latents,0.0,0.05,0.04684550015990121,reward_population_rmse,logger1_heavy,2,78,0.006058590070371715,anchor_id,
minus,0.0,0.0,independent_latents,0.0,0.05,0.0,paired_prediction_increment,logger1_heavy,2,78,0.0,anchor_id,
minus,0.0,0.0,independent_latents,0.0,0.05,0.0,paired_increment_absolute_error,logger1_heavy,2,78,0.0,anchor_id,
base,0.034329328439656706,0.018938491253324016,independent_latents,0.0,0.05,0.02601778488703987,reward_population_mae,logger1_heavy,2,78,0.03451310593781145,anchor_id,
base,0.05538563310545472,0.02929996034879715,independent_latents,0.0,0.05,0.04304426094849254,reward_population_rmse,logger1_heavy,2,78,0.005000292181432035,anchor_id,
base,0.0,0.0,independent_latents,0.0,0.05,0.0,paired_prediction_increment,logger1_heavy,2,78,0.0,anchor_id,
base,0.0,0.0,independent_latents,0.0,0.05,0.0,paired_increment_absolute_error,logger1_heavy,2,78,0.0,anchor_id,
base,0.0,0.0,independent_latents,0.0,0.05,0.0,base_prediction_absolute_increment,logger1_heavy,2,78,0.0,anchor_id,
plus,0.0327964588200315,0.019228217752132123,independent_latents,0.0,0.05,0.025469395376761288,reward_population_mae,logger1_heavy,2,78,0.030858827029655405,anchor_id,
plus,0.05140905127714065,0.028352307042943118,independent_latents,0.0,0.05,0.03985911128694968,reward_population_rmse,logger1_heavy,2,78,0.0040396675946457496,anchor_id,
plus,0.0,0.0,independent_latents,0.0,0.05,0.0,paired_prediction_increment,logger1_heavy,2,78,0.0,anchor_id,
plus,0.0,0.0,independent_latents,0.0,0.05,0.0,paired_increment_absolute_error,logger1_heavy,2,78,0.0,anchor_id,
minus,0.03660915314128854,0.01938780552459021,independent_latents,0.0,0.05,0.02732669496181922,reward_population_mae,logger12_balanced,2,78,0.03829562128850823,anchor_id,
minus,0.06092444271740508,0.03261022211618652,independent_latents,0.0,0.05,0.04684550015990121,reward_population_rmse,logger12_balanced,2,78,0.006058590070371714,anchor_id,
minus,0.0,0.0,independent_latents,0.0,0.05,0.0,paired_prediction_increment,logger12_balanced,2,78,0.0,anchor_id,
minus,0.0,0.0,independent_latents,0.0,0.05,0.0,paired_increment_absolute_error,logger12_balanced,2,78,0.0,anchor_id,
base,0.03398518417306372,0.01880642041652455,independent_latents,0.0,0.05,0.02601778488703987,reward_population_mae,logger12_balanced,2,78,0.03451310593781145,anchor_id,
base,0.05421089807798996,0.029287899165496182,independent_latents,0.0,0.05,0.04304426094849254,reward_population_rmse,logger12_balanced,2,78,0.005000292181432035,anchor_id,
base,0.0,0.0,independent_latents,0.0,0.05,0.0,paired_prediction_increment,logger12_balanced,2,78,0.0,anchor_id,
base,0.0,0.0,independent_latents,0.0,0.05,0.0,paired_increment_absolute_error,logger12_balanced,2,78,0.0,anchor_id,
base,0.0,0.0,independent_latents,0.0,0.05,0.0,base_prediction_absolute_increment,logger12_balanced,2,78,0.0,anchor_id,
plus,0.033134545998673846,0.01921691012030195,independent_latents,0.0,0.05,0.02546939537676127,reward_population_mae,logger12_balanced,2,78,0.030858827029655436,anchor_id,
plus,0.05117685785141505,0.028825883193575666,independent_latents,0.0,0.05,0.039859111286949696,reward_population_rmse,logger12_balanced,2,78,0.004039667594645758,anchor_id,
plus,0.0,0.0,independent_latents,0.0,0.05,0.0,paired_prediction_increment,logger12_balanced,2,78,0.0,anchor_id,
plus,0.0,0.0,independent_latents,0.0,0.05,0.0,paired_increment_absolute_error,logger12_balanced,2,78,0.0,anchor_id,
minus,0.0366928012916453,0.019481011823133797,independent_latents,0.0,0.05,0.027326694961819182,reward_population_mae,logger2_heavy,2,78,0.038295621288508226,anchor_id,
minus,0.06008578021291956,0.032579899398444544,independent_latents,0.0,0.05,0.04684550015990118,reward_population_rmse,logger2_heavy,2,78,0.0060585900703717084,anchor_id,
minus,0.0,0.0,independent_latents,0.0,0.05,0.0,paired_prediction_increment,logger2_heavy,2,78,0.0,anchor_id,
minus,0.0,0.0,independent_latents,0.0,0.05,0.0,paired_increment_absolute_error,logger2_heavy,2,78,0.0,anchor_id,
base,0.03392420277191409,0.019045404237067725,independent_latents,0.0,0.05,0.02601778488703987,reward_population_mae,logger2_heavy,2,78,0.03451310593781145,anchor_id,
base,0.05409595327751886,0.029629122805900663,independent_latents,0.0,0.05,0.04304426094849254,reward_population_rmse,logger2_heavy,2,78,0.005000292181432035,anchor_id,
base,0.0,0.0,independent_latents,0.0,0.05,0.0,paired_prediction_increment,logger2_heavy,2,78,0.0,anchor_id,
base,0.0,0.0,independent_latents,0.0,0.05,0.0,paired_increment_absolute_error,logger2_heavy,2,78,0.0,anchor_id,
base,0.0,0.0,independent_latents,0.0,0.05,0.0,base_prediction_absolute_increment,logger2_heavy,2,78,0.0,anchor_id,
plus,0.03271018702561512,0.019222705879399775,independent_latents,0.0,0.05,0.025469395376761284,reward_population_mae,logger2_heavy,2,78,0.0308588270296554,anchor_id,
plus,0.05100095591093552,0.028499014121940638,independent_latents,0.0,0.05,0.039859111286949675,reward_population_rmse,logger2_heavy,2,78,0.00403966759464575,anchor_id,
plus,0.0,0.0,independent_latents,0.0,0.05,0.0,paired_prediction_increment,logger2_heavy,2,78,0.0,anchor_id,
plus,0.0,0.0,independent_latents,0.0,0.05,0.0,paired_increment_absolute_error,logger2_heavy,2,78,0.0,anchor_id,
minus,0.007827369373725922,-0.013140028477952733,independent_latents,0.0,0.05,-0.0023475026304346732,signed_balanced_neural_bias,logger12_balanced,2,78,0.047089473979909126,anchor_id,
minus,2.761323933042056e-16,1.7646140958705612e-16,independent_latents,0.0,0.05,2.263146934812819e-16,signed_balanced_population_bias,logger12_balanced,2,78,2.3222312039845077e-16,anchor_id,
minus,0.0,0.0,independent_latents,0.0,0.05,0.0,signed_heavy_neural_drift,logger1_minus_logger2,2,78,0.0,anchor_id,
minus,1.395251435754884e-16,4.981769982292369e-17,independent_latents,0.0,0.05,9.251858538542972e-17,signed_heavy_population_drift,logger1_minus_logger2,2,78,2.0821687526802272e-16,anchor_id,
minus,0.0,0.0,independent_latents,0.0,0.05,0.0,paired_heavy_prediction_increment,logger1_minus_logger2,2,78,0.0,anchor_id,
minus,0.0,0.0,independent_latents,0.0,0.05,0.0,paired_heavy_increment_absolute_error,logger1_minus_logger2,2,78,0.0,anchor_id,
base,0.008518842006143659,-0.010286027915294326,independent_latents,0.0,0.05,-0.0008052667439280726,signed_balanced_neural_bias,logger12_balanced,2,78,0.04331528565468222,anchor_id,
base,0.0,-8.540177112501205e-18,independent_latents,0.0,0.05,-2.846725704167068e-18,signed_balanced_population_bias,logger12_balanced,2,78,1.7661978828937318e-17,anchor_id,
base,0.0,0.0,independent_latents,0.0,0.05,0.0,signed_heavy_neural_drift,logger1_minus_logger2,2,78,0.0,anchor_id,
base,0.0,0.0,independent_latents,0.0,0.05,0.0,signed_heavy_population_drift,logger1_minus_logger2,2,78,0.0,anchor_id,
base,0.0,0.0,independent_latents,0.0,0.05,0.0,paired_heavy_prediction_increment,logger1_minus_logger2,2,78,0.0,anchor_id,
base,0.0,0.0,independent_latents,0.0,0.05,0.0,paired_heavy_increment_absolute_error,logger1_minus_logger2,2,78,0.0,anchor_id,
plus,0.009932648660236423,-0.00793969377183264,independent_latents,0.0,0.05,0.0010484318077254241,signed_balanced_neural_bias,logger12_balanced,2,78,0.040103221423821334,anchor_id,
plus,2.733212516713406e-16,1.750380467349726e-16,independent_latents,0.0,0.05,2.2489133062919837e-16,signed_balanced_population_bias,logger12_balanced,2,78,2.298201426203671e-16,anchor_id,
plus,0.0,0.0,independent_latents,0.0,0.05,0.0,signed_heavy_neural_drift,logger1_minus_logger2,2,78,0.0,anchor_id,
plus,9.251858538542972e-17,-1.708035422500241e-17,independent_latents,0.0,0.05,3.700743415417188e-17,signed_heavy_population_drift,logger1_minus_logger2,2,78,2.418296330825465e-16,anchor_id,
plus,0.0,0.0,independent_latents,0.0,0.05,0.0,paired_heavy_prediction_increment,logger1_minus_logger2,2,78,0.0,anchor_id,
plus,0.0,0.0,independent_latents,0.0,0.05,0.0,paired_heavy_increment_absolute_error,logger1_minus_logger2,2,78,0.0,anchor_id,
all,0.5512820512820513,0.34615384615384615,independent_latents,0.0,0.05,0.44871794871794873,neural_do_ranking_disagreement,logger12_balanced,2,78,0.5005824113797352,anchor_id,
all,0.002766883112450889,0.0014431737607696008,independent_latents,0.0,0.05,0.002072192888340616,neural_decision_regret,logger12_balanced,2,78,0.003084079137387469,anchor_id,
base,0.0,0.0,independent_latents,0.0,0.05,0.0,base_prediction_range_across_mixtures,all_primary,2,78,0.0,anchor_id,
base,0.0,0.0,independent_latents,0.0,0.05,0.0,base_leakage_over_balanced_direct_signal,all_primary,2,78,0.0,anchor_id,
minus,0.035716018665422754,0.019283106500502346,independent_latents,0.0,0.1,0.0273266949618192,reward_population_mae,logger1_heavy,2,78,0.03829562128850821,anchor_id,
minus,0.06073625795068419,0.0323038714439475,independent_latents,0.0,0.1,0.04684550015990118,reward_population_rmse,logger1_heavy,2,78,0.0060585900703717084,anchor_id,
minus,0.0,0.0,independent_latents,0.0,0.1,0.0,paired_prediction_increment,logger1_heavy,2,78,0.0,anchor_id,
minus,0.0,0.0,independent_latents,0.0,0.1,0.0,paired_increment_absolute_error,logger1_heavy,2,78,0.0,anchor_id,
base,0.03403485765849372,0.019538096891929018,independent_latents,0.0,0.1,0.02601778488703987,reward_population_mae,logger1_heavy,2,78,0.03451310593781144,anchor_id,
base,0.05494507896964081,0.029472225142287006,independent_latents,0.0,0.1,0.04304426094849254,reward_population_rmse,logger1_heavy,2,78,0.005000292181432035,anchor_id,
base,0.0,0.0,independent_latents,0.0,0.1,0.0,paired_prediction_increment,logger1_heavy,2,78,0.0,anchor_id,
base,0.0,0.0,independent_latents,0.0,0.1,0.0,paired_increment_absolute_error,logger1_heavy,2,78,0.0,anchor_id,
base,0.0,0.0,independent_latents,0.0,0.1,0.0,base_prediction_absolute_increment,logger1_heavy,2,78,0.0,anchor_id,
plus,0.032676650375124676,0.018923571330838745,independent_latents,0.0,0.1,0.025469395376761288,reward_population_mae,logger1_heavy,2,78,0.0308588270296554,anchor_id,
plus,0.05100157885795884,0.028068140986883934,independent_latents,0.0,0.1,0.039859111286949675,reward_population_rmse,logger1_heavy,2,78,0.004039667594645754,anchor_id,
plus,0.0,0.0,independent_latents,0.0,0.1,0.0,paired_prediction_increment,logger1_heavy,2,78,0.0,anchor_id,
plus,0.0,0.0,independent_latents,0.0,0.1,0.0,paired_increment_absolute_error,logger1_heavy,2,78,0.0,anchor_id,
minus,0.0358706247597939,0.01949504660644482,independent_latents,0.0,0.1,0.027326694961819203,reward_population_mae,logger12_balanced,2,78,0.03829562128850821,anchor_id,
minus,0.06146289230908867,0.03155977096735242,independent_latents,0.0,0.1,0.04684550015990119,reward_population_rmse,logger12_balanced,2,78,0.006058590070371711,anchor_id,
minus,0.0,0.0,independent_latents,0.0,0.1,0.0,paired_prediction_increment,logger12_balanced,2,78,0.0,anchor_id,
minus,0.0,0.0,independent_latents,0.0,0.1,0.0,paired_increment_absolute_error,logger12_balanced,2,78,0.0,anchor_id,
base,0.0343275496405633,0.01876210145417491,independent_latents,0.0,0.1,0.02601778488703987,reward_population_mae,logger12_balanced,2,78,0.03451310593781144,anchor_id,
base,0.0550036788204866,0.02955220695130439,independent_latents,0.0,0.1,0.04304426094849254,reward_population_rmse,logger12_balanced,2,78,0.005000292181432035,anchor_id,
base,0.0,0.0,independent_latents,0.0,0.1,0.0,paired_prediction_increment,logger12_balanced,2,78,0.0,anchor_id,
base,0.0,0.0,independent_latents,0.0,0.1,0.0,paired_increment_absolute_error,logger12_balanced,2,78,0.0,anchor_id,
base,0.0,0.0,independent_latents,0.0,0.1,0.0,base_prediction_absolute_increment,logger12_balanced,2,78,0.0,anchor_id,
plus,0.03242598413048693,0.018902516448681926,independent_latents,0.0,0.1,0.025469395376761312,reward_population_mae,logger12_balanced,2,78,0.030858827029655405,anchor_id,
plus,0.050632806133123966,0.02817470745238185,independent_latents,0.0,0.1,0.039859111286949696,reward_population_rmse,logger12_balanced,2,78,0.004039667594645757,anchor_id,
plus,0.0,0.0,independent_latents,0.0,0.1,0.0,paired_prediction_increment,logger12_balanced,2,78,0.0,anchor_id,
plus,0.0,0.0,independent_latents,0.0,0.1,0.0,paired_increment_absolute_error,logger12_balanced,2,78,0.0,anchor_id,
minus,0.03695710928845178,0.0191509329598742,independent_latents,0.0,0.1,0.0273266949618192,reward_population_mae,logger2_heavy,2,78,0.03829562128850821,anchor_id,
minus,0.05981528514567717,0.03070033048928204,independent_latents,0.0,0.1,0.04684550015990118,reward_population_rmse,logger2_heavy,2,78,0.006058590070371705,anchor_id,
minus,0.0,0.0,independent_latents,0.0,0.1,0.0,paired_prediction_increment,logger2_heavy,2,78,0.0,anchor_id,
minus,0.0,0.0,independent_latents,0.0,0.1,0.0,paired_increment_absolute_error,logger2_heavy,2,78,0.0,anchor_id,
base,0.034486068674388304,0.018870658572922153,independent_latents,0.0,0.1,0.02601778488703987,reward_population_mae,logger2_heavy,2,78,0.03451310593781144,anchor_id,
base,0.05593038685325193,0.028825914967367722,independent_latents,0.0,0.1,0.04304426094849254,reward_population_rmse,logger2_heavy,2,78,0.005000292181432035,anchor_id,
base,0.0,0.0,independent_latents,0.0,0.1,0.0,paired_prediction_increment,logger2_heavy,2,78,0.0,anchor_id,
base,0.0,0.0,independent_latents,0.0,0.1,0.0,paired_increment_absolute_error,logger2_heavy,2,78,0.0,anchor_id,
base,0.0,0.0,independent_latents,0.0,0.1,0.0,base_prediction_absolute_increment,logger2_heavy,2,78,0.0,anchor_id,
plus,0.0326488541200776,0.019059073001315784,independent_latents,0.0,0.1,0.0254693953767613,reward_population_mae,logger2_heavy,2,78,0.03085882702965541,anchor_id,
plus,0.051181381188271015,0.02872008222452914,independent_latents,0.0,0.1,0.03985911128694969,reward_population_rmse,logger2_heavy,2,78,0.00403966759464575,anchor_id,
plus,0.0,0.0,independent_latents,0.0,0.1,0.0,paired_prediction_increment,logger2_heavy,2,78,0.0,anchor_id,
plus,0.0,0.0,independent_latents,0.0,0.1,0.0,paired_increment_absolute_error,logger2_heavy,2,78,0.0,anchor_id,
minus,0.008642449549967578,-0.012932076620640314,independent_latents,0.0,0.1,-0.0023475026304346732,signed_balanced_neural_bias,logger12_balanced,2,78,0.047089473979909126,anchor_id,
minus,3.5014726161254936e-16,2.4908849911461846e-16,independent_latents,0.0,0.1,2.9890619893754217e-16,signed_balanced_population_bias,logger12_balanced,2,78,2.3623168170996743e-16,anchor_id,
minus,0.0,0.0,independent_latents,0.0,0.1,0.0,signed_heavy_neural_drift,logger1_minus_logger2,2,78,0.0,anchor_id,
minus,8.401399234423056e-17,-3.5584071302088354e-17,independent_latents,0.0,0.1,2.7043894189587146e-17,signed_heavy_population_drift,logger1_minus_logger2,2,78,2.81882695070455e-16,anchor_id,
minus,0.0,0.0,independent_latents,0.0,0.1,0.0,paired_heavy_prediction_increment,logger1_minus_logger2,2,78,0.0,anchor_id,
minus,0.0,0.0,independent_latents,0.0,0.1,0.0,paired_heavy_increment_absolute_error,logger1_minus_logger2,2,78,0.0,anchor_id,
base,0.008685508046458875,-0.01007003987667263,independent_latents,0.0,0.1,-0.0008052667439280726,signed_balanced_neural_bias,logger12_balanced,2,78,0.04331528565468222,anchor_id,
base,0.0,0.0,independent_latents,0.0,0.1,0.0,signed_balanced_population_bias,logger12_balanced,2,78,0.0,anchor_id,
base,0.0,0.0,independent_latents,0.0,0.1,0.0,signed_heavy_neural_drift,logger1_minus_logger2,2,78,0.0,anchor_id,
base,0.0,0.0,independent_latents,0.0,0.1,0.0,signed_heavy_population_drift,logger1_minus_logger2,2,78,0.0,anchor_id,
base,0.0,0.0,independent_latents,0.0,0.1,0.0,paired_heavy_prediction_increment,logger1_minus_logger2,2,78,0.0,anchor_id,
base,0.0,0.0,independent_latents,0.0,0.1,0.0,paired_heavy_increment_absolute_error,logger1_minus_logger2,2,78,0.0,anchor_id,
plus,0.009959085562418077,-0.008021427588080872,independent_latents,0.0,0.1,0.0010484318077254241,signed_balanced_neural_bias,logger12_balanced,2,78,0.040103221423821334,anchor_id,
plus,2.7474461452342414e-16,1.708035422500241e-16,independent_latents,0.0,0.1,2.220446049250313e-16,signed_balanced_population_bias,logger12_balanced,2,78,2.3939020715196393e-16,anchor_id,
plus,0.0,0.0,independent_latents,0.0,0.1,0.0,signed_heavy_neural_drift,logger1_minus_logger2,2,78,0.0,anchor_id,
plus,1.8646053362294296e-16,7.543823116042731e-17,independent_latents,0.0,0.1,1.2810265668751805e-16,signed_heavy_population_drift,logger1_minus_logger2,2,78,2.57481313933056e-16,anchor_id,
plus,0.0,0.0,independent_latents,0.0,0.1,0.0,paired_heavy_prediction_increment,logger1_minus_logger2,2,78,0.0,anchor_id,
plus,0.0,0.0,independent_latents,0.0,0.1,0.0,paired_heavy_increment_absolute_error,logger1_minus_logger2,2,78,0.0,anchor_id,
all,0.5641025641025641,0.34615384615384615,independent_latents,0.0,0.1,0.44871794871794873,neural_do_ranking_disagreement,logger12_balanced,2,78,0.5005824113797352,anchor_id,
all,0.002751365547570871,0.0014526144946095621,independent_latents,0.0,0.1,0.002072192888340616,neural_decision_regret,logger12_balanced,2,78,0.003084079137387469,anchor_id,
base,0.0,0.0,independent_latents,0.0,0.1,0.0,base_prediction_range_across_mixtures,all_primary,2,78,0.0,anchor_id,
base,0.0,0.0,independent_latents,0.0,0.1,0.0,base_leakage_over_balanced_direct_signal,all_primary,2,78,0.0,anchor_id,
minus,0.0359121581073249,0.018956502045897477,independent_latents,0.0,0.2,0.02732669496181922,reward_population_mae,logger1_heavy,2,78,0.038295621288508226,anchor_id,
minus,0.061009742229162674,0.03146963925120442,independent_latents,0.0,0.2,0.0468455001599012,reward_population_rmse,logger1_heavy,2,78,0.006058590070371712,anchor_id,
minus,0.0,0.0,independent_latents,0.0,0.2,0.0,paired_prediction_increment,logger1_heavy,2,78,0.0,anchor_id,
minus,0.0,0.0,independent_latents,0.0,0.2,0.0,paired_increment_absolute_error,logger1_heavy,2,78,0.0,anchor_id,
base,0.03434770542052206,0.01890990644807486,independent_latents,0.0,0.2,0.02601778488703987,reward_population_mae,logger1_heavy,2,78,0.03451310593781144,anchor_id,
base,0.05507960817745181,0.0291400577823589,independent_latents,0.0,0.2,0.04304426094849254,reward_population_rmse,logger1_heavy,2,78,0.005000292181432035,anchor_id,
base,0.0,0.0,independent_latents,0.0,0.2,0.0,paired_prediction_increment,logger1_heavy,2,78,0.0,anchor_id,
base,0.0,0.0,independent_latents,0.0,0.2,0.0,paired_increment_absolute_error,logger1_heavy,2,78,0.0,anchor_id,
base,0.0,0.0,independent_latents,0.0,0.2,0.0,base_prediction_absolute_increment,logger1_heavy,2,78,0.0,anchor_id,
plus,0.03318810769127856,0.019032192440036365,independent_latents,0.0,0.2,0.025469395376761295,reward_population_mae,logger1_heavy,2,78,0.0308588270296554,anchor_id,
plus,0.05105728428646736,0.028336852110475888,independent_latents,0.0,0.2,0.03985911128694968,reward_population_rmse,logger1_heavy,2,78,0.004039667594645754,anchor_id,
plus,0.0,0.0,independent_latents,0.0,0.2,0.0,paired_prediction_increment,logger1_heavy,2,78,0.0,anchor_id,
plus,0.0,0.0,independent_latents,0.0,0.2,0.0,paired_increment_absolute_error,logger1_heavy,2,78,0.0,anchor_id,
minus,0.03620163964902029,0.019429987213717102,independent_latents,0.0,0.2,0.02732669496181921,reward_population_mae,logger12_balanced,2,78,0.038295621288508226,anchor_id,
minus,0.060335475066286684,0.031581296351565445,independent_latents,0.0,0.2,0.046845500159901195,reward_population_rmse,logger12_balanced,2,78,0.006058590070371715,anchor_id,
minus,0.0,0.0,independent_latents,0.0,0.2,0.0,paired_prediction_increment,logger12_balanced,2,78,0.0,anchor_id,
minus,0.0,0.0,independent_latents,0.0,0.2,0.0,paired_increment_absolute_error,logger12_balanced,2,78,0.0,anchor_id,
base,0.03413756195327292,0.01936204317629727,independent_latents,0.0,0.2,0.02601778488703987,reward_population_mae,logger12_balanced,2,78,0.03451310593781144,anchor_id,
base,0.05529386002755416,0.02958231110405169,independent_latents,0.0,0.2,0.04304426094849254,reward_population_rmse,logger12_balanced,2,78,0.005000292181432035,anchor_id,
base,0.0,0.0,independent_latents,0.0,0.2,0.0,paired_prediction_increment,logger12_balanced,2,78,0.0,anchor_id,
base,0.0,0.0,independent_latents,0.0,0.2,0.0,paired_increment_absolute_error,logger12_balanced,2,78,0.0,anchor_id,
base,0.0,0.0,independent_latents,0.0,0.2,0.0,base_prediction_absolute_increment,logger12_balanced,2,78,0.0,anchor_id,
plus,0.03284470604648866,0.01896706426481454,independent_latents,0.0,0.2,0.025469395376761295,reward_population_mae,logger12_balanced,2,78,0.030858827029655457,anchor_id,
plus,0.049838108655265306,0.027849099296052487,independent_latents,0.0,0.2,0.03985911128694973,reward_population_rmse,logger12_balanced,2,78,0.004039667594645764,anchor_id,
plus,0.0,0.0,independent_latents,0.0,0.2,0.0,paired_prediction_increment,logger12_balanced,2,78,0.0,anchor_id,
plus,0.0,0.0,independent_latents,0.0,0.2,0.0,paired_increment_absolute_error,logger12_balanced,2,78,0.0,anchor_id,
minus,0.03711599339745229,0.019982035127967302,independent_latents,0.0,0.2,0.02732669496181922,reward_population_mae,logger2_heavy,2,78,0.0382956212885082,anchor_id,
minus,0.06052176349359635,0.03290335970579005,independent_latents,0.0,0.2,0.04684550015990118,reward_population_rmse,logger2_heavy,2,78,0.006058590070371708,anchor_id,
minus,0.0,0.0,independent_latents,0.0,0.2,0.0,paired_prediction_increment,logger2_heavy,2,78,0.0,anchor_id,
minus,0.0,0.0,independent_latents,0.0,0.2,0.0,paired_increment_absolute_error,logger2_heavy,2,78,0.0,anchor_id,
base,0.03485450962959683,0.01879817465066614,independent_latents,0.0,0.2,0.02601778488703987,reward_population_mae,logger2_heavy,2,78,0.03451310593781144,anchor_id,
base,0.05541476550365607,0.029276268924965848,independent_latents,0.0,0.2,0.04304426094849254,reward_population_rmse,logger2_heavy,2,78,0.005000292181432035,anchor_id,
base,0.0,0.0,independent_latents,0.0,0.2,0.0,paired_prediction_increment,logger2_heavy,2,78,0.0,anchor_id,
base,0.0,0.0,independent_latents,0.0,0.2,0.0,paired_increment_absolute_error,logger2_heavy,2,78,0.0,anchor_id,
base,0.0,0.0,independent_latents,0.0,0.2,0.0,base_prediction_absolute_increment,logger2_heavy,2,78,0.0,anchor_id,
plus,0.032630313468344316,0.018986879851466375,independent_latents,0.0,0.2,0.025469395376761322,reward_population_mae,logger2_heavy,2,78,0.030858827029655405,anchor_id,
plus,0.05088310407788708,0.028381402070897517,independent_latents,0.0,0.2,0.0398591112869497,reward_population_rmse,logger2_heavy,2,78,0.004039667594645754,anchor_id,
plus,0.0,0.0,independent_latents,0.0,0.2,0.0,paired_prediction_increment,logger2_heavy,2,78,0.0,anchor_id,
plus,0.0,0.0,independent_latents,0.0,0.2,0.0,paired_increment_absolute_error,logger2_heavy,2,78,0.0,anchor_id,
minus,0.007648038728102592,-0.012536938480005326,independent_latents,0.0,0.2,-0.0023475026304346732,signed_balanced_neural_bias,logger12_balanced,2,78,0.047089473979909126,anchor_id,
minus,2.690155790437879e-16,1.6511009084168995e-16,independent_latents,0.0,0.2,2.1635115351669717e-16,signed_balanced_population_bias,logger12_balanced,2,78,2.1979651144598135e-16,anchor_id,
minus,0.0,0.0,independent_latents,0.0,0.2,0.0,signed_heavy_neural_drift,logger1_minus_logger2,2,78,0.0,anchor_id,
minus,1.1529239101876627e-16,-2.8823097754691543e-18,independent_latents,0.0,0.2,5.551115123125783e-17,signed_heavy_population_drift,logger1_minus_logger2,2,78,2.729761535258092e-16,anchor_id,
minus,0.0,0.0,independent_latents,0.0,0.2,0.0,paired_heavy_prediction_increment,logger1_minus_logger2,2,78,0.0,anchor_id,
minus,0.0,0.0,independent_latents,0.0,0.2,0.0,paired_heavy_increment_absolute_error,logger1_minus_logger2,2,78,0.0,anchor_id,
base,0.008380198740056743,-0.010504172600857268,independent_latents,0.0,0.2,-0.0008052667439280726,signed_balanced_neural_bias,logger12_balanced,2,78,0.04331528565468222,anchor_id,
base,0.0,0.0,independent_latents,0.0,0.2,0.0,signed_balanced_population_bias,logger12_balanced,2,78,0.0,anchor_id,
base,0.0,0.0,independent_latents,0.0,0.2,0.0,signed_heavy_neural_drift,logger1_minus_logger2,2,78,0.0,anchor_id,
base,0.0,0.0,independent_latents,0.0,0.2,0.0,signed_heavy_population_drift,logger1_minus_logger2,2,78,0.0,anchor_id,
base,0.0,0.0,independent_latents,0.0,0.2,0.0,paired_heavy_prediction_increment,logger1_minus_logger2,2,78,0.0,anchor_id,
base,0.0,0.0,independent_latents,0.0,0.2,0.0,paired_heavy_increment_absolute_error,logger1_minus_logger2,2,78,0.0,anchor_id,
plus,0.010182510357198367,-0.00735245925752583,independent_latents,0.0,0.2,0.0010484318077254241,signed_balanced_neural_bias,logger12_balanced,2,78,0.040103221423821334,anchor_id,
plus,3.202922257900972e-16,2.1631556944539508e-16,independent_latents,0.0,0.2,2.6616885333962085e-16,signed_balanced_population_bias,logger12_balanced,2,78,2.4685652152424593e-16,anchor_id,
plus,0.0,0.0,independent_latents,0.0,0.2,0.0,signed_heavy_neural_drift,logger1_minus_logger2,2,78,0.0,anchor_id,
plus,1.2240920527918394e-16,1.1386902816668272e-17,independent_latents,0.0,0.2,6.68980540479261e-17,signed_heavy_population_drift,logger1_minus_logger2,2,78,2.5199083103222925e-16,anchor_id,
plus,0.0,0.0,independent_latents,0.0,0.2,0.0,paired_heavy_prediction_increment,logger1_minus_logger2,2,78,0.0,anchor_id,
plus,0.0,0.0,independent_latents,0.0,0.2,0.0,paired_heavy_increment_absolute_error,logger1_minus_logger2,2,78,0.0,anchor_id,
all,0.5644230769230766,0.3458333333333333,independent_latents,0.0,0.2,0.44871794871794873,neural_do_ranking_disagreement,logger12_balanced,2,78,0.5005824113797352,anchor_id,
all,0.0028292366472855808,0.0014263243195720484,independent_latents,0.0,0.2,0.002072192888340616,neural_decision_regret,logger12_balanced,2,78,0.003084079137387469,anchor_id,
base,0.0,0.0,independent_latents,0.0,0.2,0.0,base_prediction_range_across_mixtures,all_primary,2,78,0.0,anchor_id,
base,0.0,0.0,independent_latents,0.0,0.2,0.0,base_leakage_over_balanced_direct_signal,all_primary,2,78,0.0,anchor_id,
base,0.0,0.0,independent_latents,0.0,all,0.0,base_prediction_range_across_mixture_and_lambda,all_primary,2,78,0.0,anchor_id,
minus,0.031537473923791574,0.017542223442283712,confounded,0.3,0.0,0.023440310867555752,reward_population_mae,logger1_heavy,0,78,0.030630767091297577,anchor_id,
minus,0.05166946046732467,0.024485276243835577,confounded,0.3,0.0,0.03841436317726883,reward_population_rmse,logger1_heavy,0,78,0.004870624464844863,anchor_id,
base,0.030263839277064396,0.017733776227413255,confounded,0.3,0.0,0.02350365515637032,reward_population_mae,logger1_heavy,0,78,0.029276430388746548,anchor_id,
base,0.04980963345913038,0.024579745619373587,confounded,0.3,0.0,0.037397093473546424,reward_population_rmse,logger1_heavy,0,78,0.004279301658776628,anchor_id,
plus,0.03038425221701727,0.017797091093972914,confounded,0.3,0.0,0.02313244682097154,reward_population_mae,logger1_heavy,0,78,0.02789998681319228,anchor_id,
plus,0.04759536011238999,0.025260922800621862,confounded,0.3,0.0,0.03610456694312232,reward_population_rmse,logger1_heavy,0,78,0.0036302102449412613,anchor_id,
minus,0.03274538655645271,0.019313541107379192,confounded,0.3,0.0,0.025704799593860593,reward_population_mae,logger12_balanced,0,78,0.031142876801961452,anchor_id,
minus,0.05456820110363058,0.026466385053814556,confounded,0.3,0.0,0.04022662245810622,reward_population_rmse,logger12_balanced,0,78,0.005258893983284984,anchor_id,
base,0.03203971418478404,0.018572425133639714,confounded,0.3,0.0,0.024991430959064746,reward_population_mae,logger12_balanced,0,78,0.030728599745472655,anchor_id,
base,0.051979010263697126,0.027300678205445676,confounded,0.3,0.0,0.03945519908645123,reward_population_rmse,logger12_balanced,0,78,0.004565889433313374,anchor_id,
plus,0.03221631228268075,0.018790504737410455,confounded,0.3,0.0,0.024632156072701805,reward_population_mae,logger12_balanced,0,78,0.030327676496845445,anchor_id,
plus,0.04963749622290603,0.02772038789361459,confounded,0.3,0.0,0.03891939333471701,reward_population_rmse,logger12_balanced,0,78,0.00397798582321054,anchor_id,
minus,0.030084150380401457,0.01668884119685283,confounded,0.3,0.0,0.02291713686138339,reward_population_mae,logger2_heavy,0,78,0.03061417670200271,anchor_id,
minus,0.0505323664853908,0.024366934172413604,confounded,0.3,0.0,0.03808421242253883,reward_population_rmse,logger2_heavy,0,78,0.004568364645181278,anchor_id,
base,0.030216611230032133,0.017691652128171895,confounded,0.3,0.0,0.023172467583618527,reward_population_mae,logger2_heavy,0,78,0.029728389684201034,anchor_id,
base,0.04900307324471629,0.025582320067607616,confounded,0.3,0.0,0.03754210876877168,reward_population_rmse,logger2_heavy,0,78,0.004097355453345958,anchor_id,
plus,0.030074624035190404,0.017472033214544932,confounded,0.3,0.0,0.023405213446602194,reward_population_mae,logger2_heavy,0,78,0.02922131371084243,anchor_id,
plus,0.04727428857746665,0.025591125146541303,confounded,0.3,0.0,0.03729265270311704,reward_population_rmse,logger2_heavy,0,78,0.003735617678623348,anchor_id,
minus,0.006377954950475463,-0.011895467209357852,confounded,0.3,0.0,-0.0022526105579996816,signed_balanced_neural_bias,logger12_balanced,0,78,0.04010843909678147,anchor_id,
minus,0.0024960044827125236,0.0016156936729528019,confounded,0.3,0.0,0.0020567303085455247,signed_balanced_population_bias,logger12_balanced,0,78,0.0019403061114858697,anchor_id,
minus,0.004483079632734629,0.0008676355659689247,confounded,0.3,0.0,0.0027398964998094754,signed_heavy_neural_drift,logger1_minus_logger2,0,78,0.008515732726638964,anchor_id,
minus,0.001287627930027195,0.0008535637895188435,confounded,0.3,0.0,0.0010664527525793262,signed_heavy_population_drift,logger1_minus_logger2,0,78,0.0010060846504000725,anchor_id,
base,0.007388844221836761,-0.010688381854377451,confounded,0.3,0.0,-0.001202915581604882,signed_balanced_neural_bias,logger12_balanced,0,78,0.039692114900525634,anchor_id,
base,0.0,0.0,confounded,0.3,0.0,0.0,signed_balanced_population_bias,logger12_balanced,0,78,0.0,anchor_id,
base,0.0037381648494846584,0.00010991431083533951,confounded,0.3,0.0,0.0018763656037797665,signed_heavy_neural_drift,logger1_minus_logger2,0,78,0.008483176600525423,anchor_id,
base,0.0,0.0,confounded,0.3,0.0,0.0,signed_heavy_population_drift,logger1_minus_logger2,0,78,0.0,anchor_id,
plus,0.008258729492523063,-0.009188261970901288,confounded,0.3,0.0,-0.00016942075543509045,signed_balanced_neural_bias,logger12_balanced,0,78,0.03954629532922337,anchor_id,
plus,-0.002245518983993189,-0.003131835579981337,confounded,0.3,0.0,-0.0026957303301170634,signed_balanced_population_bias,logger12_balanced,0,78,0.002000127718902556,anchor_id,
plus,0.003032097863997499,-0.0007651665809244501,confounded,0.3,0.0,0.0010979594894471084,signed_heavy_neural_drift,logger1_minus_logger2,0,78,0.008343232884872027,anchor_id,
plus,-0.0011712347951419314,-0.0016219572632601542,confounded,0.3,0.0,-0.0013977860970978545,signed_heavy_population_drift,logger1_minus_logger2,0,78,0.0010371032616532296,anchor_id,
all,0.6025641025641025,0.3717948717948718,confounded,0.3,0.0,0.48717948717948717,neural_do_ranking_disagreement,logger12_balanced,0,78,0.5030708231255845,anchor_id,
all,0.002661309163556772,0.0014328347005758259,confounded,0.3,0.0,0.0020085176823516414,neural_decision_regret,logger12_balanced,0,78,0.002701836006219124,anchor_id,
base,0.01384619615236514,0.010444836470199045,confounded,0.3,0.0,0.012095859100164922,base_prediction_range_across_mixtures,all_primary,0,78,0.007339763738790684,anchor_id,
minus,0.03877400036317339,0.025567741043637612,confounded,0.3,0.05,0.03211761858278043,reward_population_mae,logger1_heavy,0,78,0.029408131270680978,anchor_id,
minus,0.05181021398425367,0.034367636843223574,confounded,0.3,0.05,0.04341994863223861,reward_population_rmse,logger1_heavy,0,78,0.0035044864061691003,anchor_id,
minus,-0.013571975013327194,-0.024065830119156806,confounded,0.3,0.05,-0.018725628079319108,paired_prediction_increment,logger1_heavy,0,78,0.024311907817044592,anchor_id,
minus,0.02836815260704252,0.020039948475749025,confounded,0.3,0.05,0.024150851986415096,paired_increment_absolute_error,logger1_heavy,0,78,0.019181471496489386,anchor_id,
base,0.037570665738837876,0.02540111395093632,confounded,0.3,0.05,0.031144665579581003,reward_population_mae,logger1_heavy,0,78,0.027795980471366784,anchor_id,
base,0.04964953483049294,0.03346910409849716,confounded,0.3,0.05,0.04162572983499103,reward_population_rmse,logger1_heavy,0,78,0.0032302812890270833,anchor_id,
base,0.012637175270428132,0.0025222167801920137,confounded,0.3,0.05,0.007555450416794362,paired_prediction_increment,logger1_heavy,0,78,0.02328603399049415,anchor_id,
base,0.022592299449936976,0.01592876730299941,confounded,0.3,0.05,0.019104440068431792,paired_increment_absolute_error,logger1_heavy,0,78,0.015177152101803638,anchor_id,
base,0.0224606534755242,0.0156950371379128,confounded,0.3,0.05,0.019104440068431792,base_prediction_absolute_increment,logger1_heavy,0,78,0.015177152101803638,anchor_id,
plus,0.03690262819479847,0.025006837924167427,confounded,0.3,0.05,0.030914849818300512,reward_population_mae,logger1_heavy,0,78,0.02824348645114344,anchor_id,
plus,0.0504178694459277,0.0339210389542502,confounded,0.3,0.05,0.0417515941407609,reward_population_rmse,logger1_heavy,0,78,0.003276487791797512,anchor_id,
plus,0.03968623917997385,0.029018441115956375,confounded,0.3,0.05,0.03461393516682026,paired_prediction_increment,logger1_heavy,0,78,0.02344534134224927,anchor_id,
plus,0.021315520624851352,0.014827552128509612,confounded,0.3,0.05,0.018091614113144517,paired_increment_absolute_error,logger1_heavy,0,78,0.01510849742438562,anchor_id,
minus,0.03621427016654539,0.02333267769034654,confounded,0.3,0.05,0.02960290182245381,reward_population_mae,logger12_balanced,0,78,0.029276502622936223,anchor_id,
minus,0.05068271988716693,0.032244462910264074,confounded,0.3,0.05,0.041502491083890876,reward_population_rmse,logger12_balanced,0,78,0.0034700443105551587,anchor_id,
minus,-0.01082663040732455,-0.019188989675674308,confounded,0.3,0.05,-0.01490750184994736,paired_prediction_increment,logger12_balanced,0,78,0.01812218698210763,anchor_id,
minus,0.02143026292682945,0.01516806080607093,confounded,0.3,0.05,0.018297389933721597,paired_increment_absolute_error,logger12_balanced,0,78,0.014832832840574078,anchor_id,
base,0.035891227590154076,0.023370166123814377,confounded,0.3,0.05,0.029277739548361357,reward_population_mae,logger12_balanced,0,78,0.027856859245131337,anchor_id,
base,0.04911975811603812,0.031937517876114235,confounded,0.3,0.05,0.04028947583491106,reward_population_rmse,logger12_balanced,0,78,0.003200616715443633,anchor_id,
base,0.008821004354766805,0.0010239012593736413,confounded,0.3,0.05,0.00513410986643444,paired_prediction_increment,logger12_balanced,0,78,0.017373775721595684,anchor_id,
base,0.016317670299030727,0.011346391309233695,confounded,0.3,0.05,0.013888521369939167,paired_increment_absolute_error,logger12_balanced,0,78,0.011539210918072593,anchor_id,
base,0.016509439394187628,0.011354194221939264,confounded,0.3,0.05,0.013888521369939167,base_prediction_absolute_increment,logger12_balanced,0,78,0.011539210918072593,anchor_id,
plus,0.035489302850602186,0.023039302339044002,confounded,0.3,0.05,0.02895422998158406,reward_population_mae,logger12_balanced,0,78,0.02774779843654259,anchor_id,
plus,0.048485021477138485,0.031891311067374695,confounded,0.3,0.05,0.03998020412882538,reward_population_rmse,logger12_balanced,0,78,0.003079626832981827,anchor_id,
plus,0.02915732257863398,0.021584846505039744,confounded,0.3,0.05,0.025261853117164508,paired_prediction_increment,logger12_balanced,0,78,0.01813210157794694,anchor_id,
plus,0.01633882220041935,0.010917176677320452,confounded,0.3,0.05,0.013681953779945646,paired_increment_absolute_error,logger12_balanced,0,78,0.012723510841442149,anchor_id,
minus,0.03545556672873516,0.02192343307809673,confounded,0.3,0.05,0.028264310946538845,reward_population_mae,logger2_heavy,0,78,0.03101142058173038,anchor_id,
minus,0.05264632156120186,0.031038733352540333,confounded,0.3,0.05,0.041812078247662116,reward_population_rmse,logger2_heavy,0,78,0.004353129813079058,anchor_id,
minus,-0.004784807717425927,-0.013931818654263592,confounded,0.3,0.05,-0.009440293501943522,paired_prediction_increment,logger2_heavy,0,78,0.020446240230717193,anchor_id,
minus,0.02250163665041489,0.015685234079961533,confounded,0.3,0.05,0.018942854315495118,paired_increment_absolute_error,logger2_heavy,0,78,0.014834296335415033,anchor_id,
base,0.034772179306783106,0.02166230994903199,confounded,0.3,0.05,0.02831060866978605,reward_population_mae,logger2_heavy,0,78,0.030004794214318706,anchor_id,
base,0.05188408997421397,0.030377121306602004,confounded,0.3,0.05,0.04111248094444163,reward_population_rmse,logger2_heavy,0,78,0.004008742009010023,anchor_id,
base,0.010910925162158625,0.0023593938680143292,confounded,0.3,0.05,0.006339294450288586,paired_prediction_increment,logger2_heavy,0,78,0.019429214263239986,anchor_id,
base,0.018749940577122245,0.01252365135503507,confounded,0.3,0.05,0.01555949684706762,paired_increment_absolute_error,logger2_heavy,0,78,0.013151458259861387,anchor_id,
base,0.01842197579428277,0.012638945452825557,confounded,0.3,0.05,0.01555949684706762,base_prediction_absolute_increment,logger2_heavy,0,78,0.013151458259861387,anchor_id,
plus,0.03520326538406471,0.022302779257612173,confounded,0.3,0.05,0.02801155953215395,reward_population_mae,logger2_heavy,0,78,0.029973609272950077,anchor_id,
plus,0.050726045138500424,0.031157254333821292,confounded,0.3,0.05,0.040884551487849086,reward_population_rmse,logger2_heavy,0,78,0.003719953856381612,anchor_id,
plus,0.02703947854889384,0.018838566561509156,confounded,0.3,0.05,0.022804537069715723,paired_prediction_increment,logger2_heavy,0,78,0.01953231369583652,anchor_id,
plus,0.01798754991540802,0.012586561805943395,confounded,0.3,0.05,0.015073287579977128,paired_increment_absolute_error,logger2_heavy,0,78,0.012316658350399043,anchor_id,
minus,-0.008632887731880888,-0.02619976117477318,confounded,0.3,0.05,-0.017160112407947042,signed_balanced_neural_bias,logger12_balanced,0,78,0.04036423586179439,anchor_id,
minus,-0.027539820364050664,-0.028365621059157475,confounded,0.3,0.05,-0.027943269691454366,signed_balanced_population_bias,logger12_balanced,0,78,0.0019403061114859018,anchor_id,
minus,-0.004010268813205917,-0.009144949551132884,confounded,0.3,0.05,-0.006545438077566109,signed_heavy_neural_drift,logger1_minus_logger2,0,78,0.012216793874064295,anchor_id,
minus,-0.01427404380280822,-0.01472284269556738,confounded,0.3,0.05,-0.014489102802976236,signed_heavy_population_drift,logger1_minus_logger2,0,78,0.00100608465040017,anchor_id,
minus,-0.005626925761439533,-0.013181605486361261,confounded,0.3,0.05,-0.009285334577375584,paired_heavy_prediction_increment,logger1_minus_logger2,0,78,0.01603971665362865,anchor_id,
minus,0.015497015859646957,0.010666615172837186,confounded,0.3,0.05,0.01293430493168982,paired_heavy_increment_absolute_error,logger1_minus_logger2,0,78,0.011297338271246396,anchor_id,
base,0.012838993477804069,-0.005377358316275499,confounded,0.3,0.05,0.003931194284829558,signed_balanced_neural_bias,logger12_balanced,0,78,0.040356758203029676,anchor_id,
base,1.423362852083534e-17,-1.850371707708594e-17,confounded,0.3,0.05,-2.846725704167068e-18,signed_balanced_population_bias,logger12_balanced,0,78,7.371851128909131e-17,anchor_id,
base,0.005604128777168533,0.0005083803520483473,confounded,0.3,0.05,0.0030925215702855427,signed_heavy_neural_drift,logger1_minus_logger2,0,78,0.01178359312133423,anchor_id,
base,0.0,0.0,confounded,0.3,0.05,0.0,signed_heavy_population_drift,logger1_minus_logger2,0,78,0.0,anchor_id,
base,0.004609171925275501,-0.002038649161437768,confounded,0.3,0.05,0.0012161559665057765,paired_heavy_prediction_increment,logger1_minus_logger2,0,78,0.015144377821087629,anchor_id,
base,0.013777694822722916,0.009433384729767057,confounded,0.3,0.05,0.01158390857723274,paired_heavy_increment_absolute_error,logger1_minus_logger2,0,78,0.009742730507542844,anchor_id,
plus,0.033823192181757535,0.01605366083029061,confounded,0.3,0.05,0.025092432361729415,signed_balanced_neural_bias,logger12_balanced,0,78,0.0405102709138332,anchor_id,
plus,0.027753591662723138,0.026845993748757322,confounded,0.3,0.05,0.02730426966988284,signed_balanced_population_bias,logger12_balanced,0,78,0.002000127718902567,anchor_id,
plus,0.015410102723712493,0.010213576151947202,confounded,0.3,0.05,0.012907357586551645,signed_heavy_neural_drift,logger1_minus_logger2,0,78,0.011832660364645309,anchor_id,
plus,0.014389403326530529,0.013926938587818563,confounded,0.3,0.05,0.01415776945845765,signed_heavy_population_drift,logger1_minus_logger2,0,78,0.0010371032616532144,anchor_id,
plus,0.014917895142992979,0.00843329388603706,confounded,0.3,0.05,0.011809398097104537,paired_heavy_prediction_increment,logger1_minus_logger2,0,78,0.014556731245082128,anchor_id,
plus,0.01372228261852122,0.009680208709983457,confounded,0.3,0.05,0.011613334105144178,paired_heavy_increment_absolute_error,logger1_minus_logger2,0,78,0.0094600895699008,anchor_id,
all,0.9615384615384616,0.8205128205128205,confounded,0.3,0.05,0.8974358974358975,neural_do_ranking_disagreement,logger12_balanced,0,78,0.3053524082762296,anchor_id,
all,0.005774986169175985,0.0042707171785447955,confounded,0.3,0.05,0.0049943979980788195,neural_decision_regret,logger12_balanced,0,78,0.003349278092910691,anchor_id,
base,0.01229506613069342,0.009192214752674262,confounded,0.3,0.05,0.010700003460278506,base_prediction_range_across_mixtures,all_primary,0,78,0.007339799423041305,anchor_id,
base,0.41334257168132965,0.30743070042931125,confounded,0.3,0.05,0.35666678200928353,base_leakage_over_balanced_direct_signal,all_primary,0,78,0.24465998076804354,anchor_id,
minus,0.07118777053541582,0.05267928082908554,confounded,0.3,0.1,0.06133350391499578,reward_population_mae,logger1_heavy,0,78,0.04198980572774149,anchor_id,
minus,0.08347131308926939,0.06406539797608679,confounded,0.3,0.1,0.0741777465284811,reward_population_rmse,logger1_heavy,0,78,0.006679411006442837,anchor_id,
minus,-0.010217534172819641,-0.028202542585399604,confounded,0.3,0.1,-0.01915228406191244,paired_prediction_increment,logger1_heavy,0,78,0.04137067162912509,anchor_id,
minus,0.06680466809261125,0.05080541703067475,confounded,0.3,0.1,0.059056262610809665,paired_increment_absolute_error,logger1_heavy,0,78,0.03743315723028467,anchor_id,
base,0.051489350332576095,0.03521546240772554,confounded,0.3,0.1,0.04322153618590713,reward_population_mae,logger1_heavy,0,78,0.03790662839386692,anchor_id,
base,0.06774395621585866,0.047076786201064855,confounded,0.3,0.1,0.05732880350781306,reward_population_rmse,logger1_heavy,0,78,0.005198091994839011,anchor_id,
base,0.02904813887610492,0.010608522686728102,confounded,0.3,0.1,0.020159323864394074,paired_prediction_increment,logger1_heavy,0,78,0.0412709804973538,anchor_id,
base,0.04280884708520462,0.030478236226530994,confounded,0.3,0.1,0.036493814871875,paired_increment_absolute_error,logger1_heavy,0,78,0.027674455039909895,anchor_id,
base,0.04302401677984017,0.030767391523421218,confounded,0.3,0.1,0.036493814871875,base_prediction_absolute_increment,logger1_heavy,0,78,0.027674455039909895,anchor_id,
plus,0.05223873715242796,0.03598079061601168,confounded,0.3,0.1,0.04402084992550069,reward_population_mae,logger1_heavy,0,78,0.0387498477789758,anchor_id,
plus,0.07031597321666795,0.04720516922959727,confounded,0.3,0.1,0.05848192268573383,reward_population_rmse,logger1_heavy,0,78,0.006235732613033351,anchor_id,
plus,0.07048387918556205,0.05102957925086373,confounded,0.3,0.1,0.06041261372948398,paired_prediction_increment,logger1_heavy,0,78,0.04310592986464411,anchor_id,
plus,0.04198143120481685,0.028609592996028676,confounded,0.3,0.1,0.034726076360486205,paired_increment_absolute_error,logger1_heavy,0,78,0.02947620206639366,anchor_id,
minus,0.048553903722097905,0.03314651045371688,confounded,0.3,0.1,0.040769789858093604,reward_population_mae,logger12_balanced,0,78,0.03479506980314477,anchor_id,
minus,0.06218833540223692,0.044431828549600705,confounded,0.3,0.1,0.05345419434219946,reward_population_rmse,logger12_balanced,0,78,0.004358989378381146,anchor_id,
minus,-0.022658382329495498,-0.03716085070003915,confounded,0.3,0.1,-0.03041016124129764,paired_prediction_increment,logger12_balanced,0,78,0.032906783126244274,anchor_id,
minus,0.04136450525983898,0.02954457759790501,confounded,0.3,0.1,0.0352285116996831,paired_increment_absolute_error,logger12_balanced,0,78,0.02669494859146698,anchor_id,
base,0.04302324747825896,0.02994378794716903,confounded,0.3,0.1,0.03630278728030298,reward_population_mae,logger12_balanced,0,78,0.030972144068142922,anchor_id,
base,0.055761941059242835,0.03930314152023987,confounded,0.3,0.1,0.0475906260898368,reward_population_rmse,logger12_balanced,0,78,0.0035598428893471924,anchor_id,
base,0.009663313153442273,-0.0036846060776011425,confounded,0.3,0.1,0.003042970101534127,paired_prediction_increment,logger12_balanced,0,78,0.03079767143508158,anchor_id,
base,0.02798249949267628,0.019039217856197253,confounded,0.3,0.1,0.023428796643730945,paired_increment_absolute_error,logger12_balanced,0,78,0.020045929614976313,anchor_id,
base,0.028240376618415563,0.01938735062868273,confounded,0.3,0.1,0.023428796643730945,base_prediction_absolute_increment,logger12_balanced,0,78,0.020045929614976313,anchor_id,
plus,0.04758587143228855,0.03399118559031103,confounded,0.3,0.1,0.04102215740404403,reward_population_mae,logger12_balanced,0,78,0.03248824890916658,anchor_id,
plus,0.06186596498854315,0.04359176744926526,confounded,0.3,0.1,0.05219934711665267,reward_population_rmse,logger12_balanced,0,78,0.004072374307685082,anchor_id,
plus,0.044212519992552934,0.0308961101417206,confounded,0.3,0.1,0.037293163741259475,paired_prediction_increment,logger12_balanced,0,78,0.03096508477715299,anchor_id,
plus,0.03609070699348348,0.026291595657323755,confounded,0.3,0.1,0.030927081953852513,paired_increment_absolute_error,logger12_balanced,0,78,0.022632426381507798,anchor_id,
minus,0.04239330335871781,0.02876135833478578,confounded,0.3,0.1,0.0353739986089609,reward_population_mae,logger2_heavy,0,78,0.02956428481863861,anchor_id,
minus,0.05351958527513446,0.03832408107551244,confounded,0.3,0.1,0.04598000635564221,reward_population_rmse,logger2_heavy,0,78,0.0033700844494284413,anchor_id,
minus,-0.01264809702246267,-0.0263781575262895,confounded,0.3,0.1,-0.019714668521345707,paired_prediction_increment,logger2_heavy,0,78,0.030120958255343,anchor_id,
minus,0.03643934635391968,0.025909226176513013,confounded,0.3,0.1,0.030862866953085353,paired_increment_absolute_error,logger2_heavy,0,78,0.02370420644600713,anchor_id,
base,0.03874698248969878,0.02649837464026169,confounded,0.3,0.1,0.0325020971799983,reward_population_mae,logger2_heavy,0,78,0.027659160663310117,anchor_id,
base,0.04980035891487443,0.035135746435413104,confounded,0.3,0.1,0.04256298184376618,reward_population_rmse,logger2_heavy,0,78,0.0029099729333178738,anchor_id,
base,0.015835533337898795,0.0030941410937612864,confounded,0.3,0.1,0.009513799630616111,paired_prediction_increment,logger2_heavy,0,78,0.02863221464005607,anchor_id,
base,0.02753175015806309,0.01937886720931933,confounded,0.3,0.1,0.02326274875655188,paired_increment_absolute_error,logger2_heavy,0,78,0.01906064298892234,anchor_id,
base,0.027326077690614247,0.01936259423937556,confounded,0.3,0.1,0.02326274875655188,base_prediction_absolute_increment,logger2_heavy,0,78,0.01906064298892234,anchor_id,
plus,0.038758318785564065,0.02661222689224176,confounded,0.3,0.1,0.03266690545875755,reward_population_mae,logger2_heavy,0,78,0.02819501864412791,anchor_id,
plus,0.05013863795756432,0.03515392879307798,confounded,0.3,0.1,0.043033638070282765,reward_population_rmse,logger2_heavy,0,78,0.0030072562056565827,anchor_id,
plus,0.04625084610876437,0.034174524210230484,confounded,0.3,0.1,0.039868282809285664,paired_prediction_increment,logger2_heavy,0,78,0.02881216612626155,anchor_id,
plus,0.026003003946678423,0.01740333987191601,confounded,0.3,0.1,0.02171355666399986,paired_increment_absolute_error,logger2_heavy,0,78,0.019332679472626155,anchor_id,
minus,-0.022133231150413653,-0.04241826763520727,confounded,0.3,0.1,-0.03266277179929732,signed_balanced_neural_bias,logger12_balanced,0,78,0.04746427931301465,anchor_id,
minus,-0.05752804658737893,-0.058339646705036545,confounded,0.3,0.1,-0.0579432696914545,signed_balanced_population_bias,logger12_balanced,0,78,0.001940306111485845,anchor_id,
minus,0.008273409369715944,-0.0017767836056668262,confounded,0.3,0.1,0.0033022809592427415,signed_heavy_neural_drift,logger1_minus_logger2,0,78,0.022363762858941434,anchor_id,
minus,-0.029824066601762487,-0.030263546195568494,confounded,0.3,0.1,-0.030044658358531928,signed_heavy_population_drift,logger1_minus_logger2,0,78,0.0010060846504000793,anchor_id,
minus,0.00630497498208774,-0.004949081425462794,confounded,0.3,0.1,0.0005623844594332661,paired_heavy_prediction_increment,logger1_minus_logger2,0,78,0.024612297315688206,anchor_id,
minus,0.03847694569468509,0.028882083861722068,confounded,0.3,0.1,0.03355398208544309,paired_heavy_increment_absolute_error,logger1_minus_logger2,0,78,0.02194340009898834,anchor_id,
base,0.01271610342682146,-0.008321593019536033,confounded,0.3,0.1,0.0018400545199292447,signed_balanced_neural_bias,logger12_balanced,0,78,0.047862843476693666,anchor_id,
base,1.423362852083534e-17,0.0,confounded,0.3,0.1,5.693451408334136e-18,signed_balanced_population_bias,logger12_balanced,0,78,3.5323957657874637e-17,anchor_id,
base,0.017736106469682558,0.007645129497529613,confounded,0.3,0.1,0.012521889837557728,signed_heavy_neural_drift,logger1_minus_logger2,0,78,0.022821715506620016,anchor_id,
base,0.0,0.0,confounded,0.3,0.1,0.0,signed_heavy_population_drift,logger1_minus_logger2,0,78,0.0,anchor_id,
base,0.016130701180974618,0.0055781163452814355,confounded,0.3,0.1,0.010645524233777962,paired_heavy_prediction_increment,logger1_minus_logger2,0,78,0.02519960044966633,anchor_id,
base,0.025804866876654807,0.0183507976851304,confounded,0.3,0.1,0.021738015217600812,paired_heavy_increment_absolute_error,logger1_minus_logger2,0,78,0.016466348259420283,anchor_id,
plus,0.04738995154236164,0.025696046059850982,confounded,0.3,0.1,0.03712374298582438,signed_balanced_neural_bias,logger12_balanced,0,78,0.048677956996101876,anchor_id,
plus,0.05772948426114747,0.056898399518974775,confounded,0.3,0.1,0.05730426966988302,signed_balanced_population_bias,logger12_balanced,0,78,0.002000127718902532,anchor_id,
plus,0.027442968605912936,0.01633748039367173,confounded,0.3,0.1,0.021642290409645448,signed_heavy_neural_drift,logger1_minus_logger2,0,78,0.02393594571859207,anchor_id,
plus,0.029931383994938787,0.029479555458543028,confounded,0.3,0.1,0.029713325014013206,signed_heavy_population_drift,logger1_minus_logger2,0,78,0.0010371032616531964,anchor_id,
plus,0.026675435248843575,0.014831942245715903,confounded,0.3,0.1,0.020544330920198337,paired_heavy_prediction_increment,logger1_minus_logger2,0,78,0.026131503950985315,anchor_id,
plus,0.025619662771346093,0.017783904128192956,confounded,0.3,0.1,0.02157664135839106,paired_heavy_increment_absolute_error,logger1_minus_logger2,0,78,0.018010132041589907,anchor_id,
all,0.9871794871794872,0.8974358974358975,confounded,0.3,0.1,0.9487179487179487,neural_do_ranking_disagreement,logger12_balanced,0,78,0.2220001110000833,anchor_id,
all,0.006210586425632053,0.00473694441234003,confounded,0.3,0.1,0.0054403672426722085,neural_decision_regret,logger12_balanced,0,78,0.0033855878136961077,anchor_id,
base,0.028842836798638846,0.022559882565198582,confounded,0.3,0.1,0.025714573381635103,base_prediction_range_across_mixtures,all_primary,0,78,0.013973258284446212,anchor_id,
base,0.4843402816394012,0.3798282311607493,confounded,0.3,0.1,0.4285762230272516,base_leakage_over_balanced_direct_signal,all_primary,0,78,0.23288763807410354,anchor_id,
minus,0.11417688455504946,0.08540167533633816,confounded,0.3,0.2,0.09948264374627944,reward_population_mae,logger1_heavy,0,78,0.06911746745773963,anchor_id,
minus,0.13831432259595866,0.10432642267134336,confounded,0.3,0.2,0.12088330839713396,reward_population_rmse,logger1_heavy,0,78,0.018846895954787796,anchor_id,
minus,-0.03794825433047627,-0.06968454610931243,confounded,0.3,0.2,-0.05305706565037964,paired_prediction_increment,logger1_heavy,0,78,0.07273063021244368,anchor_id,
minus,0.1165014069772313,0.08815390022936682,confounded,0.3,0.2,0.10288837124710792,paired_increment_absolute_error,logger1_heavy,0,78,0.06561789089801316,anchor_id,
base,0.07131168696150743,0.049412239823951015,confounded,0.3,0.2,0.0601223942145727,reward_population_mae,logger1_heavy,0,78,0.049911770587675174,anchor_id,
base,0.09077129297169337,0.06445776034753119,confounded,0.3,0.2,0.07793554299591895,reward_population_rmse,logger1_heavy,0,78,0.009602199215493906,anchor_id,
base,0.032199253047080996,0.001218022501540904,confounded,0.3,0.2,0.01658536064294753,paired_prediction_increment,logger1_heavy,0,78,0.07010925140618815,anchor_id,
base,0.06465912343509186,0.044283106165832344,confounded,0.3,0.2,0.054299553234911486,paired_increment_absolute_error,logger1_heavy,0,78,0.04698106834797818,anchor_id,
base,0.06524712479851573,0.04468265227018319,confounded,0.3,0.2,0.054299553234911486,base_prediction_absolute_increment,logger1_heavy,0,78,0.04698106834797818,anchor_id,
plus,0.09755007555753642,0.07227435468675947,confounded,0.3,0.2,0.08474993806337551,reward_population_mae,logger1_heavy,0,78,0.05712338973195545,anchor_id,
plus,0.11458039020152111,0.08941760036241161,confounded,0.3,0.2,0.10199901605422164,reward_population_rmse,logger1_heavy,0,78,0.011886701223336286,anchor_id,
plus,0.1023946790705305,0.07098410583844919,confounded,0.3,0.2,0.08686295301607314,paired_prediction_increment,logger1_heavy,0,78,0.07209423266942422,anchor_id,
plus,0.09217008371031014,0.06872482642481728,confounded,0.3,0.2,0.08039177962557596,paired_increment_absolute_error,logger1_heavy,0,78,0.05321880433551206,anchor_id,
minus,0.08855693907730719,0.06420480668675814,confounded,0.3,0.2,0.07634429877060447,reward_population_mae,logger12_balanced,0,78,0.055343213305398486,anchor_id,
minus,0.10776962523955165,0.0803123454587184,confounded,0.3,0.2,0.09408536354555364,reward_population_rmse,logger12_balanced,0,78,0.011791511741020838,anchor_id,
minus,-0.034771174624749046,-0.05980321963074263,confounded,0.3,0.2,-0.047891703450231894,paired_prediction_increment,logger12_balanced,0,78,0.05669510765608755,anchor_id,
minus,0.08726691492483356,0.065757950057387,confounded,0.3,0.2,0.07643109883960489,paired_increment_absolute_error,logger12_balanced,0,78,0.05063486692941035,anchor_id,
base,0.06018947276529842,0.04203415579068326,confounded,0.3,0.2,0.05139656230279993,reward_population_mae,logger12_balanced,0,78,0.04113237197380999,anchor_id,
base,0.0757444017975824,0.05476203210910757,confounded,0.3,0.2,0.06566420618389175,reward_population_rmse,logger12_balanced,0,78,0.006517129870469542,anchor_id,
base,0.017637634764069297,-0.006975980037554487,confounded,0.3,0.2,0.005506979441555913,paired_prediction_increment,logger12_balanced,0,78,0.053990398885067306,anchor_id,
base,0.0499139074455193,0.03493305883007178,confounded,0.3,0.2,0.04178415217046868,paired_increment_absolute_error,logger12_balanced,0,78,0.03430880719223326,anchor_id,
base,0.04992262290175963,0.03392236537175119,confounded,0.3,0.2,0.04178415217046868,base_prediction_absolute_increment,logger12_balanced,0,78,0.03430880719223326,anchor_id,
plus,0.08457828899024494,0.06243380472479444,confounded,0.3,0.2,0.07364525457576518,reward_population_mae,logger12_balanced,0,78,0.05018126776861116,anchor_id,
plus,0.1008915232457871,0.07564512646257245,confounded,0.3,0.2,0.08893536449867077,reward_population_rmse,logger12_balanced,0,78,0.009786807288697063,anchor_id,
plus,0.07134668084611301,0.04738746830680098,confounded,0.3,0.2,0.059609157989516014,paired_prediction_increment,logger12_balanced,0,78,0.055489582958255894,anchor_id,
plus,0.07858916831148816,0.0596450443265206,confounded,0.3,0.2,0.06946688197809817,paired_increment_absolute_error,logger12_balanced,0,78,0.04341881515728251,anchor_id,
minus,0.07752015392373622,0.05603255815124694,confounded,0.3,0.2,0.06652873102557708,reward_population_mae,logger2_heavy,0,78,0.04759211178517663,anchor_id,
minus,0.09310815030746564,0.07042789580421656,confounded,0.3,0.2,0.08162133653517141,reward_population_rmse,logger2_heavy,0,78,0.00834000419062589,anchor_id,
minus,-0.014390165223742545,-0.035764338857973095,confounded,0.3,0.2,-0.024935015141021782,paired_prediction_increment,logger2_heavy,0,78,0.048675928241971866,anchor_id,
minus,0.0777245283473694,0.057762403223331635,confounded,0.3,0.2,0.06716389160069634,paired_increment_absolute_error,logger2_heavy,0,78,0.04407935473615294,anchor_id,
base,0.05509253772744041,0.03789606207330911,confounded,0.3,0.2,0.0462640567952202,reward_population_mae,logger2_heavy,0,78,0.03970205626183136,anchor_id,
base,0.07005517771029861,0.05123568857823918,confounded,0.3,0.2,0.06079809081948543,reward_population_rmse,logger2_heavy,0,78,0.005733752060700594,anchor_id,
base,0.030197484452503906,0.009443752420422644,confounded,0.3,0.2,0.01957445226579593,paired_prediction_increment,logger2_heavy,0,78,0.047440419792417275,anchor_id,
base,0.047116969609189444,0.03277373054167271,confounded,0.3,0.2,0.03983577777516255,paired_increment_absolute_error,logger2_heavy,0,78,0.0321127788173031,anchor_id,
base,0.04760046334809875,0.03264087717296699,confounded,0.3,0.2,0.03983577777516255,base_prediction_absolute_increment,logger2_heavy,0,78,0.0321127788173031,anchor_id,
plus,0.06102162724732932,0.04250716258015637,confounded,0.3,0.2,0.05164856518359153,reward_population_mae,logger2_heavy,0,78,0.04151981056807358,anchor_id,
plus,0.07759786079222612,0.055143354854166445,confounded,0.3,0.2,0.06610119319210118,reward_population_rmse,logger2_heavy,0,78,0.006932553063614259,anchor_id,
plus,0.07613130419636437,0.05539159035027773,confounded,0.3,0.2,0.06533842760736214,paired_prediction_increment,logger2_heavy,0,78,0.04924835781515934,anchor_id,
plus,0.05007632067182674,0.03550423991735429,confounded,0.3,0.2,0.04269100433618621,paired_increment_absolute_error,logger2_heavy,0,78,0.033779238000770935,anchor_id,
minus,-0.03510693808639319,-0.06403336486179496,confounded,0.3,0.2,-0.05014431400823158,signed_balanced_neural_bias,logger12_balanced,0,78,0.06582198199142147,anchor_id,
minus,-0.11750826284993197,-0.11837200954149445,confounded,0.3,0.2,-0.11794326969145452,signed_balanced_population_bias,logger12_balanced,0,78,0.001940306111485864,anchor_id,
minus,-0.01870742973004673,-0.03193626365407846,confounded,0.3,0.2,-0.025382154009548383,signed_heavy_neural_drift,logger1_minus_logger2,0,78,0.03133855629017975,anchor_id,
minus,-0.06092668872357678,-0.061377842187513194,confounded,0.3,0.2,-0.06115576946964301,signed_heavy_population_drift,logger1_minus_logger2,0,78,0.0010060846504000845,anchor_id,
minus,-0.020950117289666555,-0.0347408252294601,confounded,0.3,0.2,-0.02812205050935786,paired_heavy_prediction_increment,logger1_minus_logger2,0,78,0.03210832121065178,anchor_id,
minus,0.04305814209514898,0.031274986069989345,confounded,0.3,0.2,0.03730462730847305,paired_heavy_increment_absolute_error,logger1_minus_logger2,0,78,0.028269403587483866,anchor_id,
base,0.019375611822152975,-0.010513440543533568,confounded,0.3,0.2,0.004304063859951031,signed_balanced_neural_bias,logger12_balanced,0,78,0.06594709751378236,anchor_id,
base,0.0,0.0,confounded,0.3,0.2,0.0,signed_balanced_population_bias,logger12_balanced,0,78,0.0,anchor_id,
base,0.005527686957090965,-0.008247971773290643,confounded,0.3,0.2,-0.0011127260190686354,signed_heavy_neural_drift,logger1_minus_logger2,0,78,0.028569824212934674,anchor_id,
base,0.0,0.0,confounded,0.3,0.2,0.0,signed_heavy_population_drift,logger1_minus_logger2,0,78,0.0,anchor_id,
base,0.003723823422546729,-0.00947774208695062,confounded,0.3,0.2,-0.002989091622848402,paired_heavy_prediction_increment,logger1_minus_logger2,0,78,0.02994219833940049,anchor_id,
base,0.028281679653543963,0.020049045776746457,confounded,0.3,0.2,0.024046680754404193,paired_heavy_increment_absolute_error,logger1_minus_logger2,0,78,0.017883887776680214,anchor_id,
plus,0.07341125419327921,0.04397220513074701,confounded,0.3,0.2,0.05943973723408092,signed_balanced_neural_bias,logger12_balanced,0,78,0.0679467406566835,anchor_id,
plus,0.11773751881872777,0.11687383811392112,confounded,0.3,0.2,0.11730426966988307,signed_balanced_population_bias,logger12_balanced,0,78,0.002000127718902603,anchor_id,
plus,0.029003056924461063,0.016435791822142835,confounded,0.3,0.2,0.022622484898158095,signed_heavy_neural_drift,logger1_minus_logger2,0,78,0.02816756871451712,anchor_id,
plus,0.0610599890870053,0.060616923958671666,confounded,0.3,0.2,0.06082443612512435,signed_heavy_population_drift,logger1_minus_logger2,0,78,0.001037103261653223,anchor_id,
plus,0.02841109848035485,0.014844353432242417,confounded,0.3,0.2,0.021524525408710988,paired_heavy_prediction_increment,logger1_minus_logger2,0,78,0.029987112640887336,anchor_id,
plus,0.049325269783562345,0.0379849552072363,confounded,0.3,0.2,0.04360018359699065,paired_heavy_increment_absolute_error,logger1_minus_logger2,0,78,0.025522066198864095,anchor_id,
all,0.9871794871794872,0.8974358974358975,confounded,0.3,0.2,0.9487179487179487,neural_do_ranking_disagreement,logger12_balanced,0,78,0.2220001110000833,anchor_id,
all,0.006166920624703256,0.004720634613465376,confounded,0.3,0.2,0.0054403672426722085,neural_decision_regret,logger12_balanced,0,78,0.0033855878136961077,anchor_id,
base,0.030522920226760442,0.023103957917397378,confounded,0.3,0.2,0.026375968332779418,base_prediction_range_across_mixtures,all_primary,0,78,0.01564273312114741,anchor_id,
base,0.24814174962790872,0.1933540699833931,confounded,0.3,0.2,0.21979973610649514,base_leakage_over_balanced_direct_signal,all_primary,0,78,0.1303561093428951,anchor_id,
base,0.07538115195728085,0.05696574869263706,confounded,0.3,all,0.06632196494019696,base_prediction_range_across_mixture_and_lambda,all_primary,0,78,0.04235876076133607,anchor_id,
minus,0.03595815660103885,0.021200328483156585,confounded,0.3,0.0,0.0281107697948855,reward_population_mae,logger1_heavy,1,78,0.03538735868086005,anchor_id,
minus,0.05809873333168696,0.032380865292667975,confounded,0.3,0.0,0.04501584000551496,reward_population_rmse,logger1_heavy,1,78,0.005486430331887689,anchor_id,
base,0.035784649180065124,0.02065675630305938,confounded,0.3,0.0,0.027588162156517566,reward_population_mae,logger1_heavy,1,78,0.03407009982288816,anchor_id,
base,0.05539618377330991,0.03070860770313971,confounded,0.3,0.0,0.04366917339072772,reward_population_rmse,logger1_heavy,1,78,0.004934514124655936,anchor_id,
plus,0.034784320782633674,0.020147205891196437,confounded,0.3,0.0,0.027433010233261897,reward_population_mae,logger1_heavy,1,78,0.03329361603416708,anchor_id,
plus,0.05441748946099458,0.03152075942325024,confounded,0.3,0.0,0.0429746882598284,reward_population_rmse,logger1_heavy,1,78,0.004748833177986037,anchor_id,
minus,0.037260351194995246,0.02087337728970519,confounded,0.3,0.0,0.028484560344043716,reward_population_mae,logger12_balanced,1,78,0.036877521056869964,anchor_id,
minus,0.06059960020979864,0.03278048408019695,confounded,0.3,0.0,0.04640998234100154,reward_population_rmse,logger12_balanced,1,78,0.005948819346649581,anchor_id,
base,0.03681915260461745,0.021381484084165375,confounded,0.3,0.0,0.02844331685455648,reward_population_mae,logger12_balanced,1,78,0.035202516786092104,anchor_id,
base,0.0578705283169483,0.0315549349870585,confounded,0.3,0.0,0.045081615564625414,reward_population_rmse,logger12_balanced,1,78,0.005382137298604592,anchor_id,
plus,0.03726127918764452,0.021507188064261613,confounded,0.3,0.0,0.02850586818250381,reward_population_mae,logger12_balanced,1,78,0.03437382520061605,anchor_id,
plus,0.05677775534258134,0.031814484826572516,confounded,0.3,0.0,0.04448590986414992,reward_population_rmse,logger12_balanced,1,78,0.00519104830367743,anchor_id,
minus,0.03651124962053934,0.02068005135816551,confounded,0.3,0.0,0.028161046679367436,reward_population_mae,logger2_heavy,1,78,0.035700862276820004,anchor_id,
minus,0.05833527733088926,0.03210545794519795,confounded,0.3,0.0,0.045290790594522616,reward_population_rmse,logger2_heavy,1,78,0.005459412497742107,anchor_id,
base,0.03590117749640499,0.020407782235034668,confounded,0.3,0.0,0.0272951141563141,reward_population_mae,logger2_heavy,1,78,0.03429618111293679,anchor_id,
base,0.05649903802369724,0.02999213379883536,confounded,0.3,0.0,0.04365972341969901,reward_population_rmse,logger2_heavy,1,78,0.004938533217005647,anchor_id,
plus,0.03540271807654758,0.020096055998923938,confounded,0.3,0.0,0.027365864439769957,reward_population_mae,logger2_heavy,1,78,0.03326622879531647,anchor_id,
plus,0.05561033353085446,0.03067497853227843,confounded,0.3,0.0,0.04291089368829527,reward_population_rmse,logger2_heavy,1,78,0.004833421186217488,anchor_id,
minus,0.007912991982786782,-0.013199767276499673,confounded,0.3,0.0,-0.002049394911443968,signed_balanced_neural_bias,logger12_balanced,1,78,0.04652966827232468,anchor_id,
minus,0.0024501755273068173,0.001625965964766369,confounded,0.3,0.0,0.0020567303085455247,signed_balanced_population_bias,logger12_balanced,1,78,0.0019403061114858697,anchor_id,
minus,0.0002549309602036063,-0.0022798665937872613,confounded,0.3,0.0,-0.0010819087199682208,signed_heavy_neural_drift,logger1_minus_logger2,1,78,0.005673068205523756,anchor_id,
minus,0.0012825632984150568,0.0008543723479174384,confounded,0.3,0.0,0.0010664527525793262,signed_heavy_population_drift,logger1_minus_logger2,1,78,0.0010060846504000725,anchor_id,
base,0.007643638480707228,-0.013567502094489033,confounded,0.3,0.0,-0.0026658704410188303,signed_balanced_neural_bias,logger12_balanced,1,78,0.045294007135380676,anchor_id,
base,0.0,0.0,confounded,0.3,0.0,0.0,signed_balanced_population_bias,logger12_balanced,1,78,0.0,anchor_id,
base,-0.00030740508599031124,-0.002686924004865375,confounded,0.3,0.0,-0.0015312610808642928,signed_heavy_neural_drift,logger1_minus_logger2,1,78,0.005649794533638749,anchor_id,
base,0.0,0.0,confounded,0.3,0.0,0.0,signed_heavy_population_drift,logger1_minus_logger2,1,78,0.0,anchor_id,
plus,0.006415299523833032,-0.012487777533639614,confounded,0.3,0.0,-0.0034772566092451883,signed_balanced_neural_bias,logger12_balanced,1,78,0.04476326177161002,anchor_id,
plus,-0.0022514172663724028,-0.003122404840688627,confounded,0.3,0.0,-0.0026957303301170634,signed_balanced_population_bias,logger12_balanced,1,78,0.002000127718902556,anchor_id,
plus,-0.0009041725260933936,-0.0034362162002969554,confounded,0.3,0.0,-0.0022053615598676534,signed_heavy_neural_drift,logger1_minus_logger2,1,78,0.0057693992191646766,anchor_id,
plus,-0.0011711562103833878,-0.0016208476491516733,confounded,0.3,0.0,-0.0013977860970978545,signed_heavy_population_drift,logger1_minus_logger2,1,78,0.0010371032616532296,anchor_id,
all,0.4618589743589741,0.2564102564102564,confounded,0.3,0.0,0.358974358974359,neural_do_ranking_disagreement,logger12_balanced,1,78,0.4828045495852675,anchor_id,
all,0.0020067528564106526,0.0009424969429308164,confounded,0.3,0.0,0.0014476245461489971,neural_decision_regret,logger12_balanced,1,78,0.0024543953871723127,anchor_id,
base,0.007711528380720952,0.005910983323278994,confounded,0.3,0.0,0.006787856096257758,base_prediction_range_across_mixtures,all_primary,1,78,0.004112465870807728,anchor_id,
minus,0.04751730737096547,0.029412784808784582,confounded,0.3,0.05,0.038260081757159635,reward_population_mae,logger1_heavy,1,78,0.04102337328545396,anchor_id,
minus,0.0698693932193033,0.04146828964796926,confounded,0.3,0.05,0.05590326601202739,reward_population_rmse,logger1_heavy,1,78,0.00689634818493246,anchor_id,
minus,-0.00995314217994206,-0.024498393149981916,confounded,0.3,0.05,-0.017496464263242646,paired_prediction_increment,logger1_heavy,1,78,0.032497126360541764,anchor_id,
minus,0.03518372581911829,0.024548988254831726,confounded,0.3,0.05,0.029614941491902903,paired_increment_absolute_error,logger1_heavy,1,78,0.02417233787118802,anchor_id,
base,0.043120677260974245,0.024753948036154085,confounded,0.3,0.05,0.03305174982265529,reward_population_mae,logger1_heavy,1,78,0.040316353467400846,anchor_id,
base,0.06621047856962779,0.03616509969000818,confounded,0.3,0.05,0.05193253271860988,reward_population_rmse,logger1_heavy,1,78,0.006704268530274247,anchor_id,
base,0.016401382120031893,0.0030761873493860524,confounded,0.3,0.05,0.009691886859104234,paired_prediction_increment,logger1_heavy,1,78,0.02974039214707551,anchor_id,
base,0.028692137188439208,0.019200968132177514,confounded,0.3,0.05,0.023754516317964876,paired_increment_absolute_error,logger1_heavy,1,78,0.02019995499870259,anchor_id,
base,0.028524020555102374,0.019334904551278776,confounded,0.3,0.05,0.023754516317964876,base_prediction_absolute_increment,logger1_heavy,1,78,0.02019995499870259,anchor_id,
plus,0.04131886764977255,0.023066138443671613,confounded,0.3,0.05,0.03144003136389037,reward_population_mae,logger1_heavy,1,78,0.04003731935442283,anchor_id,
plus,0.06447883710522918,0.035608025376231506,confounded,0.3,0.05,0.05070415563463332,reward_population_rmse,logger1_heavy,1,78,0.007021075627745468,anchor_id,
plus,0.043858317831238273,0.0313596735395039,confounded,0.3,0.05,0.03753957723110822,paired_prediction_increment,logger1_heavy,1,78,0.028187761075047203,anchor_id,
plus,0.02476291647835135,0.01627493932940196,confounded,0.3,0.05,0.020306253646044485,paired_increment_absolute_error,logger1_heavy,1,78,0.019414126238303728,anchor_id,
minus,0.039521770108631116,0.022844134078800968,confounded,0.3,0.05,0.030898238079332216,reward_population_mae,logger12_balanced,1,78,0.039519893931339506,anchor_id,
minus,0.06451261822497711,0.035008756903057006,confounded,0.3,0.05,0.049964985475505944,reward_population_rmse,logger12_balanced,1,78,0.006543988671088986,anchor_id,
minus,-0.017246450126395172,-0.029263277255103106,confounded,0.3,0.05,-0.023205669641991333,paired_prediction_increment,logger12_balanced,1,78,0.026750224507017,anchor_id,
minus,0.024236754101230138,0.015780089423812423,confounded,0.3,0.05,0.01996593082980434,paired_increment_absolute_error,logger12_balanced,1,78,0.01893466236289952,anchor_id,
base,0.038849740553155335,0.021146656255209176,confounded,0.3,0.05,0.02955580779366839,reward_population_mae,logger12_balanced,1,78,0.03901211776164001,anchor_id,
base,0.06388752160735173,0.03319148819093186,confounded,0.3,0.05,0.048744014883266754,reward_population_rmse,logger12_balanced,1,78,0.00669593533861656,anchor_id,
base,0.007213888812357632,-0.003188092790589322,confounded,0.3,0.05,0.0019364651448538252,paired_prediction_increment,logger12_balanced,1,78,0.025028145270148,anchor_id,
base,0.022554778816770083,0.015447857800418274,confounded,0.3,0.05,0.018794636353140087,paired_increment_absolute_error,logger12_balanced,1,78,0.016503962740086833,anchor_id,
base,0.02252739822181461,0.01538896084405874,confounded,0.3,0.05,0.018794636353140087,base_prediction_absolute_increment,logger12_balanced,1,78,0.016503962740086833,anchor_id,
plus,0.037523053168445356,0.020410763305509776,confounded,0.3,0.05,0.028348354767354717,reward_population_mae,logger12_balanced,1,78,0.03911377746780968,anchor_id,
plus,0.06323517533673324,0.03281606180641357,confounded,0.3,0.05,0.04810304421119093,reward_population_rmse,logger12_balanced,1,78,0.00681358631792078,anchor_id,
plus,0.03280237800825109,0.022031519330469797,confounded,0.3,0.05,0.027462581262488406,paired_prediction_increment,logger12_balanced,1,78,0.02437027332608345,anchor_id,
plus,0.022169889787930986,0.014755680539874376,confounded,0.3,0.05,0.018161131587366503,paired_increment_absolute_error,logger12_balanced,1,78,0.016319380149496916,anchor_id,
minus,0.04026043848387093,0.024280487975767737,confounded,0.3,0.05,0.031865898229797726,reward_population_mae,logger2_heavy,1,78,0.03790912187260505,anchor_id,
minus,0.06309260505054383,0.035916492493058935,confounded,0.3,0.05,0.04933672681347579,reward_population_rmse,logger2_heavy,1,78,0.005970736999175496,anchor_id,
minus,-0.009021436520527634,-0.018350080634198046,confounded,0.3,0.05,-0.013601964175309487,paired_prediction_increment,logger2_heavy,1,78,0.02145099724196443,anchor_id,
minus,0.020045175136409146,0.0128724155146643,confounded,0.3,0.05,0.01644865405513305,paired_increment_absolute_error,logger2_heavy,1,78,0.016166236980485863,anchor_id,
base,0.03889159144300708,0.022714465036499206,confounded,0.3,0.05,0.030418606017713977,reward_population_mae,logger2_heavy,1,78,0.03766625417395848,anchor_id,
base,0.061874905098018955,0.0329101698532851,confounded,0.3,0.05,0.04822705916036041,reward_population_rmse,logger2_heavy,1,78,0.006123849473262992,anchor_id,
base,0.01061868820090947,0.0013453377113454804,confounded,0.3,0.05,0.006159759216545569,paired_prediction_increment,logger2_heavy,1,78,0.02064638900017344,anchor_id,
base,0.019136486182522835,0.012339992097856333,confounded,0.3,0.05,0.015568736257062895,paired_increment_absolute_error,logger2_heavy,1,78,0.014804572297693662,anchor_id,
base,0.01893213694519878,0.012568111810533703,confounded,0.3,0.05,0.015568736257062895,base_prediction_absolute_increment,logger2_heavy,1,78,0.014804572297693662,anchor_id,
plus,0.03798054982344287,0.02121773526957542,confounded,0.3,0.05,0.028691111834609116,reward_population_mae,logger2_heavy,1,78,0.03768681737552765,anchor_id,
plus,0.06061527938827293,0.03263967441896518,confounded,0.3,0.05,0.04717273764062714,reward_population_rmse,logger2_heavy,1,78,0.006322562878022283,anchor_id,
plus,0.03038647230028578,0.02189853431968718,confounded,0.3,0.05,0.026210825069624733,paired_prediction_increment,logger2_heavy,1,78,0.020133262350329244,anchor_id,
plus,0.01798934697476253,0.011635126424404289,confounded,0.3,0.05,0.014784514146592395,paired_increment_absolute_error,logger2_heavy,1,78,0.014143663999472289,anchor_id,
minus,-0.01481849710047883,-0.03630455333061259,confounded,0.3,0.05,-0.025255064553435302,signed_balanced_neural_bias,logger12_balanced,1,78,0.05032275635891181,anchor_id,
minus,-0.027530537583692588,-0.02835342516580546,confounded,0.3,0.05,-0.027943269691454366,signed_balanced_population_bias,logger12_balanced,1,78,0.0019403061114859018,anchor_id,
minus,-0.0020179837535937526,-0.008064796534258713,confounded,0.3,0.05,-0.00497640880790138,signed_heavy_neural_drift,logger1_minus_logger2,1,78,0.013557161086774875,anchor_id,
minus,-0.014271646947223444,-0.014708748841409927,confounded,0.3,0.05,-0.014489102802976236,signed_heavy_population_drift,logger1_minus_logger2,1,78,0.00100608465040017,anchor_id,
minus,-0.0002759570765998545,-0.007435725310363262,confounded,0.3,0.05,-0.0038945000879331594,paired_heavy_prediction_increment,logger1_minus_logger2,1,78,0.016194252606047673,anchor_id,
minus,0.018610978608126442,0.01353732657814216,confounded,0.3,0.05,0.015909189149889865,paired_heavy_increment_absolute_error,logger1_minus_logger2,1,78,0.011983766796974429,anchor_id,
base,0.009800884977073628,-0.012885282155158037,confounded,0.3,0.05,-0.0007294052961650049,signed_balanced_neural_bias,logger12_balanced,1,78,0.049054020378626544,anchor_id,
base,1.2810265668751807e-17,-1.9927079929169476e-17,confounded,0.3,0.05,-2.846725704167068e-18,signed_balanced_population_bias,logger12_balanced,1,78,7.371851128909131e-17,anchor_id,
base,0.004733353815511313,-0.0008580617109412772,confounded,0.3,0.05,0.002000866561694372,signed_heavy_neural_drift,logger1_minus_logger2,1,78,0.011682182807227522,anchor_id,
base,0.0,0.0,confounded,0.3,0.05,0.0,signed_heavy_population_drift,logger1_minus_logger2,1,78,0.0,anchor_id,
base,0.006756516446126972,0.00032012189519504866,confounded,0.3,0.05,0.0035321276425586646,paired_heavy_prediction_increment,logger1_minus_logger2,1,78,0.014322946285298855,anchor_id,
base,0.013457381434011402,0.009408865576944378,confounded,0.3,0.05,0.011346790103448004,paired_heavy_increment_absolute_error,logger1_minus_logger2,1,78,0.009346818817752917,anchor_id,
plus,0.033996854662611195,0.013574810625132067,confounded,0.3,0.05,0.023985324653243215,signed_balanced_neural_bias,logger12_balanced,1,78,0.048346003528465055,anchor_id,
plus,0.027732531095858944,0.026830217502779957,confounded,0.3,0.05,0.02730426966988284,signed_balanced_population_bias,logger12_balanced,1,78,0.002000127718902567,anchor_id,
plus,0.01148147848272438,0.0069415897605781115,confounded,0.3,0.05,0.00912339060161583,signed_heavy_neural_drift,logger1_minus_logger2,1,78,0.011010746104351722,anchor_id,
plus,0.014359906990155791,0.013931892709404606,confounded,0.3,0.05,0.01415776945845765,signed_heavy_population_drift,logger1_minus_logger2,1,78,0.0010371032616532144,anchor_id,
plus,0.01417849071420505,0.008530946509481278,confounded,0.3,0.05,0.011328752161483484,paired_heavy_prediction_increment,logger1_minus_logger2,1,78,0.013301669383150331,anchor_id,
plus,0.012801169865276338,0.00894214345560883,confounded,0.3,0.05,0.010808331610905535,paired_heavy_increment_absolute_error,logger1_minus_logger2,1,78,0.008757575239178871,anchor_id,
all,0.9871794871794872,0.8974358974358975,confounded,0.3,0.05,0.9487179487179487,neural_do_ranking_disagreement,logger12_balanced,1,78,0.2220001110000833,anchor_id,
all,0.006077499820051339,0.004522034053968588,confounded,0.3,0.05,0.005293913188671933,neural_decision_regret,logger12_balanced,1,78,0.003289230959597553,anchor_id,
base,0.01486070905979267,0.011676230068095553,confounded,0.3,0.05,0.01325116886101457,base_prediction_range_across_mixtures,all_primary,1,78,0.007457582449462805,anchor_id,
base,0.49866055809091514,0.3882788998013197,confounded,0.3,0.05,0.4417056287004857,base_leakage_over_balanced_direct_signal,all_primary,1,78,0.2485860816487602,anchor_id,
minus,0.06420788826517047,0.04481929507606701,confounded,0.3,0.1,0.054848855451952776,reward_population_mae,logger1_heavy,1,78,0.04389206615448232,anchor_id,
minus,0.08198503090621417,0.058098119750166335,confounded,0.3,0.1,0.07007290150294083,reward_population_rmse,logger1_heavy,1,78,0.007854423444529673,anchor_id,
minus,-0.023321010874774423,-0.04470168956407882,confounded,0.3,0.1,-0.03384407622404963,paired_prediction_increment,logger1_heavy,1,78,0.047356609320104465,anchor_id,
minus,0.05939708107111858,0.04262437657787584,confounded,0.3,0.1,0.05069287064238364,paired_increment_absolute_error,logger1_heavy,1,78,0.0374426313631122,anchor_id,
base,0.05052842769932409,0.033643935750953397,confounded,0.3,0.1,0.04184360931067297,reward_population_mae,logger1_heavy,1,78,0.03968919036084743,anchor_id,
base,0.06996600801459536,0.04552198231852307,confounded,0.3,0.1,0.05749716681500753,reward_population_rmse,logger1_heavy,1,78,0.006347453812845907,anchor_id,
base,0.015964816064689157,-0.0027191038689697105,confounded,0.3,0.1,0.006719307972488639,paired_prediction_increment,logger1_heavy,1,78,0.04459258373217318,anchor_id,
base,0.03943918865883533,0.026496459553742892,confounded,0.3,0.1,0.03288116286186214,paired_increment_absolute_error,logger1_heavy,1,78,0.030643464624454206,anchor_id,
base,0.03930345606163995,0.026367852183166004,confounded,0.3,0.1,0.03288116286186214,base_prediction_absolute_increment,logger1_heavy,1,78,0.030643464624454206,anchor_id,
plus,0.058035808376069135,0.040084247492025715,confounded,0.3,0.1,0.048692955156733234,reward_population_mae,logger1_heavy,1,78,0.042420396909676444,anchor_id,
plus,0.07650992418676376,0.0510868945714822,confounded,0.3,0.1,0.06440049355638779,reward_population_rmse,logger1_heavy,1,78,0.007415433943418164,anchor_id,
plus,0.05896552418937643,0.03895655098790328,confounded,0.3,0.1,0.04892883008772007,paired_prediction_increment,logger1_heavy,1,78,0.04421699075155684,anchor_id,
plus,0.04861362268709116,0.034504593276770336,confounded,0.3,0.1,0.04128075527093022,paired_increment_absolute_error,logger1_heavy,1,78,0.030774996522048757,anchor_id,
minus,0.05500727450157188,0.03531487391778805,confounded,0.3,0.1,0.04492900305940265,reward_population_mae,logger12_balanced,1,78,0.04565060645722746,anchor_id,
minus,0.07760022337053102,0.049151769644696364,confounded,0.3,0.1,0.06384258391407407,reward_population_rmse,logger12_balanced,1,78,0.008400836732282818,anchor_id,
minus,-0.022359086379150017,-0.04114600537267712,confounded,0.3,0.1,-0.03205635015875306,paired_prediction_increment,logger12_balanced,1,78,0.04223241086787912,anchor_id,
minus,0.04530521625166441,0.031170915193639945,confounded,0.3,0.1,0.038216202602255875,paired_increment_absolute_error,logger12_balanced,1,78,0.033092591039755176,anchor_id,
base,0.04808736519975152,0.02926393111909226,confounded,0.3,0.1,0.03801844005759546,reward_population_mae,logger12_balanced,1,78,0.04364976280390206,anchor_id,
base,0.07356943892145247,0.042079280367019335,confounded,0.3,0.1,0.05767388170730214,reward_population_rmse,logger12_balanced,1,78,0.008115834965776829,anchor_id,
base,0.016944992161433654,3.6338149231619276e-06,confounded,0.3,0.1,0.008712171979958225,paired_prediction_increment,logger12_balanced,1,78,0.03965392020193534,anchor_id,
base,0.03590818466013243,0.02370455258237337,confounded,0.3,0.1,0.02956576497600427,paired_increment_absolute_error,logger12_balanced,1,78,0.027637550783227487,anchor_id,
base,0.03560258501179842,0.023508069351633257,confounded,0.3,0.1,0.02956576497600427,base_prediction_absolute_increment,logger12_balanced,1,78,0.027637550783227487,anchor_id,
plus,0.04879159050024002,0.029199696236760907,confounded,0.3,0.1,0.03840733883374202,reward_population_mae,logger12_balanced,1,78,0.04424848375152256,anchor_id,
plus,0.0749192751699666,0.04049530980022327,confounded,0.3,0.1,0.05837765279234326,reward_population_rmse,logger12_balanced,1,78,0.008816347377782655,anchor_id,
plus,0.05827765776317057,0.0417537331341505,confounded,0.3,0.1,0.05017328107777861,paired_prediction_increment,logger12_balanced,1,78,0.039373339694662314,anchor_id,
plus,0.036464550391059995,0.023470281302820695,confounded,0.3,0.1,0.02930198492801505,paired_increment_absolute_error,logger12_balanced,1,78,0.027898410608974925,anchor_id,
minus,0.04876763467029091,0.029566605820400736,confounded,0.3,0.1,0.03847491975965175,reward_population_mae,logger2_heavy,1,78,0.043152712218233746,anchor_id,
minus,0.0714916682956611,0.04332848153602614,confounded,0.3,0.1,0.05760731047444334,reward_population_rmse,logger2_heavy,1,78,0.007700518680774356,anchor_id,
minus,-0.022304132148716464,-0.03998232308386949,confounded,0.3,0.1,-0.030845558482920418,paired_prediction_increment,logger2_heavy,1,78,0.038080297104440865,anchor_id,
minus,0.036894411637093706,0.024597022396971247,confounded,0.3,0.1,0.03054702475812869,paired_increment_absolute_error,logger2_heavy,1,78,0.02630971757471918,anchor_id,
base,0.04420923093292549,0.026135570457577192,confounded,0.3,0.1,0.034893409176158734,reward_population_mae,logger2_heavy,1,78,0.04202846092537664,anchor_id,
base,0.06970682571452728,0.03793030511042644,confounded,0.3,0.1,0.05441778648992543,reward_population_rmse,logger2_heavy,1,78,0.007693995159017293,anchor_id,
base,0.01160445600525551,-0.003156483523599452,confounded,0.3,0.1,0.004071262472334549,paired_prediction_increment,logger2_heavy,1,78,0.034526788835564884,anchor_id,
base,0.030916872388685252,0.019974674075185914,confounded,0.3,0.1,0.02534074398845602,paired_increment_absolute_error,logger2_heavy,1,78,0.023630417437195638,anchor_id,
base,0.030751431574534728,0.020687905654009752,confounded,0.3,0.1,0.02534074398845602,base_prediction_absolute_increment,logger2_heavy,1,78,0.023630417437195638,anchor_id,
plus,0.042916206442923,0.023953860714406444,confounded,0.3,0.1,0.03273371815919067,reward_population_mae,logger2_heavy,1,78,0.04253521551658048,anchor_id,
plus,0.07052213595906646,0.03494160696479402,confounded,0.3,0.1,0.05345601388527428,reward_population_rmse,logger2_heavy,1,78,0.008098334026040805,anchor_id,
plus,0.046096279473867886,0.03208036477593193,confounded,0.3,0.1,0.03934410606819879,paired_prediction_increment,logger2_heavy,1,78,0.0327648641952275,anchor_id,
plus,0.029570693397450578,0.018671978121138598,confounded,0.3,0.1,0.023811549843640048,paired_increment_absolute_error,logger2_heavy,1,78,0.022924532777981288,anchor_id,
minus,-0.020954382821348094,-0.04727370263095906,confounded,0.3,0.1,-0.034105745070197035,signed_balanced_neural_bias,logger12_balanced,1,78,0.05974488704301249,anchor_id,
minus,-0.057536150121826835,-0.058377414284136966,confounded,0.3,0.1,-0.0579432696914545,signed_balanced_population_bias,logger12_balanced,1,78,0.001940306111485845,anchor_id,
minus,0.00031803182338884406,-0.008308544016049135,confounded,0.3,0.1,-0.004080426461097426,signed_heavy_neural_drift,logger1_minus_logger2,1,78,0.01951880838142533,anchor_id,
minus,-0.029824680210347898,-0.030275027916590404,confounded,0.3,0.1,-0.030044658358531928,signed_heavy_population_drift,logger1_minus_logger2,1,78,0.0010060846504000793,anchor_id,
minus,0.0012248682678649325,-0.007135775519082681,confounded,0.3,0.1,-0.002998517741129205,paired_heavy_prediction_increment,logger1_minus_logger2,1,78,0.019795902120818862,anchor_id,
minus,0.033083639925593634,0.025147037201421467,confounded,0.3,0.1,0.02905543006090336,paired_heavy_increment_absolute_error,logger1_minus_logger2,1,78,0.018365119910032684,anchor_id,
base,0.018587929202558136,-0.006933503214361842,confounded,0.3,0.1,0.006046301538939395,signed_balanced_neural_bias,logger12_balanced,1,78,0.057727311478727034,anchor_id,
base,1.423362852083534e-17,0.0,confounded,0.3,0.1,5.693451408334136e-18,signed_balanced_population_bias,logger12_balanced,1,78,3.5323957657874637e-17,anchor_id,
base,0.005792433107623868,-0.0031466825091654286,confounded,0.3,0.1,0.001116784419289797,signed_heavy_neural_drift,logger1_minus_logger2,1,78,0.019976281499425295,anchor_id,
base,0.0,0.0,confounded,0.3,0.1,0.0,signed_heavy_population_drift,logger1_minus_logger2,1,78,0.0,anchor_id,
base,0.007026534430304053,-0.0017538486414631928,confounded,0.3,0.1,0.0026480455001540895,paired_heavy_prediction_increment,logger1_minus_logger2,1,78,0.020106403388927024,anchor_id,
base,0.018868806297753525,0.013242002180442301,confounded,0.3,0.1,0.015784049697787506,paired_heavy_increment_absolute_error,logger1_minus_logger2,1,78,0.012609476943033724,anchor_id,
plus,0.05989277878302984,0.033470130639967254,confounded,0.3,0.1,0.04669602446853343,signed_balanced_neural_bias,logger12_balanced,1,78,0.05775791018648279,anchor_id,
plus,0.05773453180974667,0.05686558188177162,confounded,0.3,0.1,0.05730426966988302,signed_balanced_population_bias,logger12_balanced,1,78,0.002000127718902532,anchor_id,
plus,0.012049586572769567,0.0022933356234987397,confounded,0.3,0.1,0.00737936245965362,signed_heavy_neural_drift,logger1_minus_logger2,1,78,0.021209196205376535,anchor_id,
plus,0.029946059713372282,0.029485301940993087,confounded,0.3,0.1,0.029713325014013206,signed_heavy_population_drift,logger1_minus_logger2,1,78,0.0010371032616531964,anchor_id,
plus,0.01430253937228132,0.004810707893039897,confounded,0.3,0.1,0.009584724019521275,paired_heavy_prediction_increment,logger1_minus_logger2,1,78,0.02163201151561554,anchor_id,
plus,0.028613472590829532,0.020788298330756128,confounded,0.3,0.1,0.02474411113664909,paired_heavy_increment_absolute_error,logger1_minus_logger2,1,78,0.01780799390821052,anchor_id,
all,1.0,0.9102564102564102,confounded,0.3,0.1,0.9615384615384616,neural_do_ranking_disagreement,logger12_balanced,1,78,0.19355241528469094,anchor_id,
all,0.006076298913578702,0.004677415333823694,confounded,0.3,0.1,0.005378537069944652,neural_decision_regret,logger12_balanced,1,78,0.003235737149535561,anchor_id,
base,0.022344691025188004,0.017492484996787724,confounded,0.3,0.1,0.01997734475422894,base_prediction_range_across_mixtures,all_primary,1,78,0.01106559347039931,anchor_id,
base,0.37686010802488323,0.28844250550006,confounded,0.3,0.1,0.33295574590381566,base_leakage_over_balanced_direct_signal,all_primary,1,78,0.18442655783998851,anchor_id,
minus,0.11298251995940635,0.08202452333703215,confounded,0.3,0.2,0.09721330772194572,reward_population_mae,logger1_heavy,1,78,0.07268016012137814,anchor_id,
minus,0.14167214431991546,0.10202791620094667,confounded,0.3,0.2,0.12109958597711198,reward_population_rmse,logger1_heavy,1,78,0.021470155834891213,anchor_id,
minus,-0.04131553390571835,-0.08087885061860063,confounded,0.3,0.2,-0.062177682035445034,paired_prediction_increment,logger1_heavy,1,78,0.08629846803157351,anchor_id,
minus,0.1179381214167297,0.08713575630293552,confounded,0.3,0.2,0.10133305500964578,paired_increment_absolute_error,logger1_heavy,1,78,0.07111647461427019,anchor_id,
base,0.07531263297542314,0.05259465521377185,confounded,0.3,0.2,0.0640571077250188,reward_population_mae,logger1_heavy,1,78,0.05310724954214573,anchor_id,
base,0.09671389416032078,0.06833932639662715,confounded,0.3,0.2,0.08299116993191685,reward_population_rmse,logger1_heavy,1,78,0.011087235582432058,anchor_id,
base,0.025389984964081687,-0.0105815348197002,confounded,0.3,0.2,0.007556202831145069,paired_prediction_increment,logger1_heavy,1,78,0.0807151937071453,anchor_id,
base,0.0715835553433546,0.049215984513815925,confounded,0.3,0.2,0.05952287430168079,paired_increment_absolute_error,logger1_heavy,1,78,0.05462412479540979,anchor_id,
base,0.07278142079666591,0.04789138954470284,confounded,0.3,0.2,0.05952287430168079,base_prediction_absolute_increment,logger1_heavy,1,78,0.05462412479540979,anchor_id,
plus,0.10583764881403225,0.08136482608575239,confounded,0.3,0.2,0.09307534123097486,reward_population_mae,logger1_heavy,1,78,0.060762755169486544,anchor_id,
plus,0.12505662854440208,0.09628057199250492,confounded,0.3,0.2,0.11094051012361536,reward_population_rmse,logger1_heavy,1,78,0.014591941210725155,anchor_id,
plus,0.09787460371027969,0.061220800104249226,confounded,0.3,0.2,0.07980167830239533,paired_prediction_increment,logger1_heavy,1,78,0.07973555445314737,anchor_id,
plus,0.10238044503938462,0.07651542617046957,confounded,0.3,0.2,0.08931996069334967,paired_increment_absolute_error,logger1_heavy,1,78,0.05854200870025457,anchor_id,
minus,0.08964120162750283,0.061546169878848575,confounded,0.3,0.2,0.07491260919395365,reward_population_mae,logger12_balanced,1,78,0.06302377220629875,anchor_id,
minus,0.11453952672801074,0.07976262790628877,confounded,0.3,0.2,0.09763693899068844,reward_population_rmse,logger12_balanced,1,78,0.015705509015247997,anchor_id,
minus,-0.041599789915578715,-0.07566811074937135,confounded,0.3,0.2,-0.05854069432628246,paired_prediction_increment,logger12_balanced,1,78,0.07418706471371289,anchor_id,
minus,0.08933806107913625,0.06312927795861396,confounded,0.3,0.2,0.07566726658144969,paired_increment_absolute_error,logger12_balanced,1,78,0.05941488987252263,anchor_id,
base,0.06716921740868959,0.04572813896409702,confounded,0.3,0.2,0.05622701512795713,reward_population_mae,logger12_balanced,1,78,0.04997456481266844,anchor_id,
base,0.08860892482636164,0.060746337976501814,confounded,0.3,0.2,0.07501277009472553,reward_population_rmse,logger12_balanced,1,78,0.009733324806803226,anchor_id,
base,0.026097464595619537,-0.004520322367127993,confounded,0.3,0.2,0.009997664668795645,paired_prediction_increment,logger12_balanced,1,78,0.06838408115450374,anchor_id,
base,0.06148165259760654,0.041807275561801555,confounded,0.3,0.2,0.05119207089770588,paired_increment_absolute_error,logger12_balanced,1,78,0.046075716974397815,anchor_id,
base,0.06174661073948751,0.04090364010296235,confounded,0.3,0.2,0.05119207089770588,base_prediction_absolute_increment,logger12_balanced,1,78,0.046075716974397815,anchor_id,
plus,0.07877964735577962,0.05589936781294802,confounded,0.3,0.2,0.06713971252977466,reward_population_mae,logger12_balanced,1,78,0.05239620516361781,anchor_id,
plus,0.09804120424008787,0.06985359617139585,confounded,0.3,0.2,0.084958262466727,reward_population_rmse,logger12_balanced,1,78,0.010694090499630273,anchor_id,
plus,0.09580052041541406,0.06733504656633023,confounded,0.3,0.2,0.08089999570089408,paired_prediction_increment,logger12_balanced,1,78,0.06816950918105624,anchor_id,
plus,0.07333469284847334,0.052005164932433415,confounded,0.3,0.2,0.06196733472954662,paired_increment_absolute_error,logger12_balanced,1,78,0.04802006805926035,anchor_id,
minus,0.07014380158128844,0.048524087214259416,confounded,0.3,0.2,0.05911449042290643,reward_population_mae,logger2_heavy,1,78,0.048237769076259235,anchor_id,
minus,0.09031238770464907,0.06331853682367493,confounded,0.3,0.2,0.07610238838706884,reward_population_rmse,logger2_heavy,1,78,0.009504165307464021,anchor_id,
minus,-0.0323136953934347,-0.05489875582424298,confounded,0.3,0.2,-0.04399956408245763,paired_prediction_increment,logger2_heavy,1,78,0.052649632721563956,anchor_id,
minus,0.06401167844867629,0.04666359912578297,confounded,0.3,0.2,0.05535065671189006,paired_increment_absolute_error,logger2_heavy,1,78,0.041348776998670116,anchor_id,
base,0.054990484585855835,0.036691926317220916,confounded,0.3,0.2,0.04539208188534065,reward_population_mae,logger2_heavy,1,78,0.04169372759796719,anchor_id,
base,0.07418308679517685,0.04886992134466298,confounded,0.3,0.2,0.061453407257054116,reward_population_rmse,logger2_heavy,1,78,0.006947309231568643,anchor_id,
base,0.015175979823206768,-0.00845376122231103,confounded,0.3,0.2,0.003057051903006621,paired_prediction_increment,logger2_heavy,1,78,0.050050073290596166,anchor_id,
base,0.04434776235173771,0.029768674283501776,confounded,0.3,0.2,0.03700768484363349,paired_increment_absolute_error,logger2_heavy,1,78,0.03357262916807513,anchor_id,
base,0.044579183671003275,0.03024034016396065,confounded,0.3,0.2,0.03700768484363349,base_prediction_absolute_increment,logger2_heavy,1,78,0.03357262916807513,anchor_id,
plus,0.06744472753123743,0.047878737497634064,confounded,0.3,0.2,0.05706330983677198,reward_population_mae,logger2_heavy,1,78,0.045859322064748013,anchor_id,
plus,0.08614344641394239,0.06056048814824695,confounded,0.3,0.2,0.0730228472379503,reward_population_rmse,logger2_heavy,1,78,0.008356874170520825,anchor_id,
plus,0.06408593162669589,0.04130231379650825,confounded,0.3,0.2,0.05219435461142669,paired_prediction_increment,logger2_heavy,1,78,0.050505578997158795,anchor_id,
plus,0.059315906092559365,0.04320416610494179,confounded,0.3,0.2,0.05068681497584748,paired_increment_absolute_error,logger2_heavy,1,78,0.03622527274259058,anchor_id,
minus,-0.042834213862417224,-0.0780012870452949,confounded,0.3,0.2,-0.06059008923772643,signed_balanced_neural_bias,logger12_balanced,1,78,0.07978032043365375,anchor_id,
minus,-0.11750807396950942,-0.11834904968788887,confounded,0.3,0.2,-0.11794326969145452,signed_balanced_population_bias,logger12_balanced,1,78,0.001940306111485864,anchor_id,
minus,-0.01174320270515532,-0.027004531913440356,confounded,0.3,0.2,-0.019260026672955618,signed_heavy_neural_drift,logger1_minus_logger2,1,78,0.03608189914265161,anchor_id,
minus,-0.06094663253403064,-0.061384326974340056,confounded,0.3,0.2,-0.06115576946964301,signed_heavy_population_drift,logger1_minus_logger2,1,78,0.0010060846504000845,anchor_id,
minus,-0.009771358132082991,-0.026090008288613332,confounded,0.3,0.2,-0.018178117952987398,paired_heavy_prediction_increment,logger1_minus_logger2,1,78,0.0365597260697764,anchor_id,
minus,0.05547398867825096,0.041608076361105535,confounded,0.3,0.2,0.048249070299924667,paired_heavy_increment_absolute_error,logger1_minus_logger2,1,78,0.03071618109179084,anchor_id,
base,0.023078513614306857,-0.008887462403362554,confounded,0.3,0.2,0.007331794227776816,signed_balanced_neural_bias,logger12_balanced,1,78,0.07513680308675097,anchor_id,
base,0.0,0.0,confounded,0.3,0.2,0.0,signed_balanced_population_bias,logger12_balanced,1,78,0.0,anchor_id,
base,0.010312838876831725,-0.00451457823634348,confounded,0.3,0.2,0.0029678898472741554,signed_heavy_neural_drift,logger1_minus_logger2,1,78,0.033268924842093435,anchor_id,
base,0.0,0.0,confounded,0.3,0.2,0.0,signed_heavy_population_drift,logger1_minus_logger2,1,78,0.0,anchor_id,
base,0.012461333370609905,-0.002848901752556237,confounded,0.3,0.2,0.004499150928138448,paired_heavy_prediction_increment,logger1_minus_logger2,1,78,0.03416668193483661,anchor_id,
base,0.031952209237439556,0.022356501823494298,confounded,0.3,0.2,0.026484453956271487,paired_heavy_increment_absolute_error,logger1_minus_logger2,1,78,0.021847921352924158,anchor_id,
plus,0.09385545710965541,0.06043341610364152,confounded,0.3,0.2,0.07742273909164893,signed_balanced_neural_bias,logger12_balanced,1,78,0.0754547724597706,anchor_id,
plus,0.11774412568298498,0.116882713045263,confounded,0.3,0.2,0.11730426966988307,signed_balanced_population_bias,logger12_balanced,1,78,0.002000127718902603,anchor_id,
plus,0.032049004167238944,0.018803015313066555,confounded,0.3,0.2,0.025401962131101,signed_heavy_neural_drift,logger1_minus_logger2,1,78,0.031813658274790095,anchor_id,
plus,0.061049165090462106,0.060583345684058806,confounded,0.3,0.2,0.06082443612512435,signed_heavy_population_drift,logger1_minus_logger2,1,78,0.001037103261653223,anchor_id,
plus,0.03498467010006412,0.02003365401503459,confounded,0.3,0.2,0.02760732369096865,paired_heavy_prediction_increment,logger1_minus_logger2,1,78,0.03318205014126771,anchor_id,
plus,0.04629286228075314,0.035710907249938216,confounded,0.3,0.2,0.04079796851998672,paired_heavy_increment_absolute_error,logger1_minus_logger2,1,78,0.025074086079401123,anchor_id,
all,0.9871794871794872,0.8974358974358975,confounded,0.3,0.2,0.9487179487179487,neural_do_ranking_disagreement,logger12_balanced,1,78,0.2220001110000833,anchor_id,
all,0.006265940552859365,0.004682196236027205,confounded,0.3,0.2,0.0054403672426722085,neural_decision_regret,logger12_balanced,1,78,0.0033855878136961077,anchor_id,
base,0.03724758379690888,0.02838809354923919,confounded,0.3,0.2,0.03255093362722149,base_prediction_range_across_mixtures,all_primary,1,78,0.019538313575242446,anchor_id,
base,0.31055016176413053,0.23510782185579676,confounded,0.3,0.2,0.27125778022684577,base_leakage_over_balanced_direct_signal,all_primary,1,78,0.16281927979368707,anchor_id,
base,0.08304564934635664,0.06234092354342225,confounded,0.3,all,0.0725357958613668,base_prediction_range_across_mixture_and_lambda,all_primary,1,78,0.04941044812067401,anchor_id,
minus,0.02643387996317656,0.015907084819209202,confounded,0.3,0.0,0.020562906861743026,reward_population_mae,logger1_heavy,2,78,0.023938675017209324,anchor_id,
minus,0.041823532403854495,0.021340605786761033,confounded,0.3,0.0,0.03144115734249973,reward_population_rmse,logger1_heavy,2,78,0.0030278251372229336,anchor_id,
base,0.02686598803986541,0.016371173309211107,confounded,0.3,0.0,0.02098163937812003,reward_population_mae,logger1_heavy,2,78,0.02336907560053122,anchor_id,
base,0.040284155451355164,0.022246705979194294,confounded,0.3,0.0,0.03129443125854836,reward_population_rmse,logger1_heavy,2,78,0.0026679110262758637,anchor_id,
plus,0.0263466164999611,0.016592151609196776,confounded,0.3,0.0,0.021345080135770043,reward_population_mae,logger1_heavy,2,78,0.02199594413357627,anchor_id,
plus,0.03855436228403046,0.022488587745651628,confounded,0.3,0.0,0.030548832446404172,reward_population_rmse,logger1_heavy,2,78,0.0022469725934321266,anchor_id,
minus,0.02423644924050117,0.01405699822167766,confounded,0.3,0.0,0.018916153769821798,reward_population_mae,logger12_balanced,2,78,0.023485727457187477,anchor_id,
minus,0.0393456402591539,0.020198308744848986,confounded,0.3,0.0,0.030038787208242063,reward_population_rmse,logger12_balanced,2,78,0.002703503006905018,anchor_id,
base,0.02436017137054291,0.014301871165623207,confounded,0.3,0.0,0.019039785778247505,reward_population_mae,logger12_balanced,2,78,0.023223591404423927,anchor_id,
base,0.03861728671273623,0.021443331460666102,confounded,0.3,0.0,0.02991544895842732,reward_population_rmse,logger12_balanced,2,78,0.002396267928221139,anchor_id,
plus,0.024931304742716102,0.014768066368552477,confounded,0.3,0.0,0.019451788119742058,reward_population_mae,logger12_balanced,2,78,0.022137340515691932,anchor_id,
plus,0.03718741971522989,0.021964486880285645,confounded,0.3,0.0,0.029362408995090756,reward_population_rmse,logger12_balanced,2,78,0.0020209902242944574,anchor_id,
minus,0.025397550272015002,0.015186603164404332,confounded,0.3,0.0,0.019568184392390726,reward_population_mae,logger2_heavy,2,78,0.023719291203628465,anchor_id,
minus,0.04002467926998383,0.021103980483495845,confounded,0.3,0.0,0.030631776538159922,reward_population_rmse,logger2_heavy,2,78,0.0027041682684999543,anchor_id,
base,0.025277736913620022,0.015073150426139144,confounded,0.3,0.0,0.019792842132908824,reward_population_mae,logger2_heavy,2,78,0.023043955318591016,anchor_id,
base,0.03856994151244356,0.02134647136851881,confounded,0.3,0.0,0.03026503722125443,reward_population_rmse,logger2_heavy,2,78,0.0024029528025015564,anchor_id,
plus,0.0254188539922875,0.016205757516524942,confounded,0.3,0.0,0.02049298841561718,reward_population_mae,logger2_heavy,2,78,0.022002576977532724,anchor_id,
plus,0.03803196034651008,0.022687582538096142,confounded,0.3,0.0,0.02996446872355611,reward_population_rmse,logger2_heavy,2,78,0.0020440432816537005,anchor_id,
minus,0.003567500841137013,-0.00928060896278665,confounded,0.3,0.0,-0.0028169647345948966,signed_balanced_neural_bias,logger12_balanced,2,78,0.029997054834279963,anchor_id,
minus,0.0024857683303166965,0.0016245608598607212,confounded,0.3,0.0,0.0020567303085455247,signed_balanced_population_bias,logger12_balanced,2,78,0.0019403061114858697,anchor_id,
minus,0.00016363873739298572,-0.0030955071442112015,confounded,0.3,0.0,-0.0014971782877495742,signed_heavy_neural_drift,logger1_minus_logger2,2,78,0.007093660071792103,anchor_id,
minus,0.0012776482382048139,0.0008501781001161221,confounded,0.3,0.0,0.0010664527525793262,signed_heavy_population_drift,logger1_minus_logger2,2,78,0.0010060846504000725,anchor_id,
base,0.0011421015966812213,-0.011834968970547486,confounded,0.3,0.0,-0.005260588335273044,signed_balanced_neural_bias,logger12_balanced,2,78,0.02963989570643065,anchor_id,
base,0.0,0.0,confounded,0.3,0.0,0.0,signed_balanced_population_bias,logger12_balanced,2,78,0.0,anchor_id,
base,-0.0021861520117059637,-0.005201655834558063,confounded,0.3,0.0,-0.00380920213893672,signed_heavy_neural_drift,logger1_minus_logger2,2,78,0.007199322778041027,anchor_id,
base,0.0,0.0,confounded,0.3,0.0,0.0,signed_heavy_population_drift,logger1_minus_logger2,2,78,0.0,anchor_id,
plus,0.00033515803212436535,-0.01253049156029763,confounded,0.3,0.0,-0.006054439432180455,signed_balanced_neural_bias,logger12_balanced,2,78,0.029482093764672836,anchor_id,
plus,-0.002251058378565798,-0.0031432438023668565,confounded,0.3,0.0,-0.0026957303301170634,signed_balanced_population_bias,logger12_balanced,2,78,0.002000127718902556,anchor_id,
plus,-0.004095866384144948,-0.007262416385438324,confounded,0.3,0.0,-0.0057719364971613625,signed_heavy_neural_drift,logger1_minus_logger2,2,78,0.007333477249501711,anchor_id,
plus,-0.0011734721585423896,-0.0016188463903430768,confounded,0.3,0.0,-0.0013977860970978545,signed_heavy_population_drift,logger1_minus_logger2,2,78,0.0010371032616532296,anchor_id,
all,0.3717948717948718,0.1791666666666667,confounded,0.3,0.0,0.2692307692307692,neural_do_ranking_disagreement,logger12_balanced,2,78,0.44643106892408296,anchor_id,
all,0.001276077284954183,0.0005354825942913681,confounded,0.3,0.0,0.0008727992333964798,neural_decision_regret,logger12_balanced,2,78,0.0017230123454825938,anchor_id,
base,0.009379217409955017,0.007493983680467157,confounded,0.3,0.0,0.008409791534382335,base_prediction_range_across_mixtures,all_primary,2,78,0.004282754181172951,anchor_id,
minus,0.03653693159387721,0.023669940827381462,confounded,0.3,0.05,0.02981051495527227,reward_population_mae,logger1_heavy,2,78,0.030043036673008245,anchor_id,
minus,0.05179400342160633,0.032035401869227376,confounded,0.3,0.05,0.04218624496227539,reward_population_rmse,logger1_heavy,2,78,0.0038700002336373974,anchor_id,
minus,-0.01526853830661019,-0.030590062856104817,confounded,0.3,0.05,-0.023220628536022532,paired_prediction_increment,logger1_heavy,2,78,0.03433423678806508,anchor_id,
minus,0.032237387735577785,0.020605877467670647,confounded,0.3,0.05,0.026140784839884794,paired_increment_absolute_error,logger1_heavy,2,78,0.026481829804500912,anchor_id,
base,0.03579363682417492,0.022894087844969727,confounded,0.3,0.05,0.0289263071760491,reward_population_mae,logger1_heavy,2,78,0.02813800545962288,anchor_id,
base,0.04915900741453918,0.031175245176305922,confounded,0.3,0.05,0.040228447534321574,reward_population_rmse,logger1_heavy,2,78,0.003394320997245155,anchor_id,
base,0.017196407299177433,0.001710359324698567,confounded,0.3,0.05,0.009204392143681196,paired_prediction_increment,logger1_heavy,2,78,0.033757646837675376,anchor_id,
base,0.02983383974907831,0.019237031804871577,confounded,0.3,0.05,0.024412711213829923,paired_increment_absolute_error,logger1_heavy,2,78,0.02493349855986014,anchor_id,
base,0.030761840053431116,0.019264807644917184,confounded,0.3,0.05,0.024412711213829923,base_prediction_absolute_increment,logger1_heavy,2,78,0.02493349855986014,anchor_id,
plus,0.03380727932127808,0.02175904842078456,confounded,0.3,0.05,0.02768546110278085,reward_population_mae,logger1_heavy,2,78,0.02626003873927176,anchor_id,
plus,0.046776000655523016,0.029414642563167528,confounded,0.3,0.05,0.038042522239075,reward_population_rmse,logger1_heavy,2,78,0.0029922332990462877,anchor_id,
plus,0.0478006451610664,0.03385086272140244,confounded,0.3,0.05,0.04050705641005289,paired_prediction_increment,logger1_heavy,2,78,0.03286476213328941,anchor_id,
plus,0.029000911875652284,0.018343922426050915,confounded,0.3,0.05,0.023113130461742997,paired_increment_absolute_error,logger1_heavy,2,78,0.023376988930076732,anchor_id,
minus,0.033267606994636295,0.020722822602641685,confounded,0.3,0.05,0.026821869860798122,reward_population_mae,logger12_balanced,2,78,0.028596978899907727,anchor_id,
minus,0.04726431027001687,0.030238494562770373,confounded,0.3,0.05,0.03907320634042053,reward_population_rmse,logger12_balanced,2,78,0.003178123295090245,anchor_id,
minus,-0.011193045820316362,-0.024143791344629538,confounded,0.3,0.05,-0.017717721616269406,paired_prediction_increment,logger12_balanced,2,78,0.02878952173034276,anchor_id,
minus,0.02767543414638082,0.018102054129418486,confounded,0.3,0.05,0.022691749014838704,paired_increment_absolute_error,logger12_balanced,2,78,0.021448715206919444,anchor_id,
base,0.031978016868283866,0.02084206748459448,confounded,0.3,0.05,0.02615290570805917,reward_population_mae,logger12_balanced,2,78,0.026158720067734703,anchor_id,
base,0.04513026543566501,0.029563499570865053,confounded,0.3,0.05,0.036871131112788724,reward_population_rmse,logger12_balanced,2,78,0.002786761678632091,anchor_id,
base,0.014058502984281676,0.0024203173322067785,confounded,0.3,0.05,0.008047146733517042,paired_prediction_increment,logger12_balanced,2,78,0.02775737308233555,anchor_id,
base,0.025712354439159098,0.01722866654941967,confounded,0.3,0.05,0.02135089906424936,paired_increment_absolute_error,logger12_balanced,2,78,0.01934652845458145,anchor_id,
base,0.025538126391241187,0.01705137694588171,confounded,0.3,0.05,0.02135089906424936,base_prediction_absolute_increment,logger12_balanced,2,78,0.01934652845458145,anchor_id,
plus,0.030420685732989988,0.02034025923704086,confounded,0.3,0.05,0.025027441275538447,reward_population_mae,logger12_balanced,2,78,0.024031938085277777,anchor_id,
plus,0.04277699653492061,0.026830059445918663,confounded,0.3,0.05,0.03459049843911992,reward_population_rmse,logger12_balanced,2,78,0.0024853542205688158,anchor_id,
plus,0.03872792932276396,0.027320551258338138,confounded,0.3,0.05,0.03331169755972409,paired_prediction_increment,logger12_balanced,2,78,0.026834766071766027,anchor_id,
plus,0.024200849591110137,0.01622955177032323,confounded,0.3,0.05,0.01998272138957848,paired_increment_absolute_error,logger12_balanced,2,78,0.018075382611326955,anchor_id,
minus,0.02810730305104266,0.01688866957541191,confounded,0.3,0.05,0.022119924759430927,reward_population_mae,logger2_heavy,2,78,0.02614810372585154,anchor_id,
minus,0.04340575630090021,0.024728504064852372,confounded,0.3,0.05,0.03412108902310415,reward_population_rmse,logger2_heavy,2,78,0.002810607029016569,anchor_id,
minus,-0.009313593889620981,-0.018946779938606217,confounded,0.3,0.05,-0.014038095196039305,paired_prediction_increment,logger2_heavy,2,78,0.02215306427700445,anchor_id,
minus,0.020499371755476222,0.013247971902475914,confounded,0.3,0.05,0.016620226343184264,paired_increment_absolute_error,logger2_heavy,2,78,0.016696967091381326,anchor_id,
base,0.02790346399890966,0.01669580767251748,confounded,0.3,0.05,0.02196241148888637,reward_population_mae,logger2_heavy,2,78,0.024365308807605825,anchor_id,
base,0.04156329672721362,0.023535713031341266,confounded,0.3,0.05,0.03268645988767085,reward_population_rmse,logger2_heavy,2,78,0.00264610276287337,anchor_id,
base,0.007711121205329104,-0.0015422661530398716,confounded,0.3,0.05,0.0034838273197193184,paired_prediction_increment,logger2_heavy,2,78,0.02150171283361366,anchor_id,
base,0.0189665170804822,0.01242986695025417,confounded,0.3,0.05,0.01560983768226593,paired_increment_absolute_error,logger2_heavy,2,78,0.015092607205291694,anchor_id,
base,0.018810965454966237,0.012607834995121858,confounded,0.3,0.05,0.01560983768226593,base_prediction_absolute_increment,logger2_heavy,2,78,0.015092607205291694,anchor_id,
plus,0.026381419040305873,0.016452490223985067,confounded,0.3,0.05,0.02111332273636185,reward_population_mae,logger2_heavy,2,78,0.022659315185465753,anchor_id,
plus,0.03875283979380472,0.02248790855118398,confounded,0.3,0.05,0.030864775052153282,reward_population_rmse,logger2_heavy,2,78,0.0023345121489644596,anchor_id,
plus,0.024966684375570352,0.016176972682026905,confounded,0.3,0.05,0.020600129746696998,paired_prediction_increment,logger2_heavy,2,78,0.020221423310860798,anchor_id,
plus,0.01780272079489239,0.011423356183276324,confounded,0.3,0.05,0.014402864633591772,paired_increment_absolute_error,logger2_heavy,2,78,0.014192770966814412,anchor_id,
minus,-0.011978106973056164,-0.02830008891095852,confounded,0.3,0.05,-0.020534686350864303,signed_balanced_neural_bias,logger12_balanced,2,78,0.03877587832482046,anchor_id,
minus,-0.02750156859697888,-0.02835525609067076,confounded,0.3,0.05,-0.027943269691454366,signed_balanced_population_bias,logger12_balanced,2,78,0.0019403061114859018,anchor_id,
minus,-0.007427697445450808,-0.014124969619225665,confounded,0.3,0.05,-0.010679711627732801,signed_heavy_neural_drift,logger1_minus_logger2,2,78,0.016066213117454865,anchor_id,
minus,-0.014269976809771325,-0.014713628680642719,confounded,0.3,0.05,-0.014489102802976236,signed_heavy_population_drift,logger1_minus_logger2,2,78,0.00100608465040017,anchor_id,
minus,-0.005338391493876987,-0.013132743565638219,confounded,0.3,0.05,-0.009182533339983227,paired_heavy_prediction_increment,logger1_minus_logger2,2,78,0.01757802439214177,anchor_id,
minus,0.01666767025720635,0.010887711783683774,confounded,0.3,0.05,0.013387250336124371,paired_heavy_increment_absolute_error,logger1_minus_logger2,2,78,0.012983984072554744,anchor_id,
base,0.01143424139857515,-0.005720615209040804,confounded,0.3,0.05,0.002786558398243998,signed_balanced_neural_bias,logger12_balanced,2,78,0.037003650459217385,anchor_id,
base,1.2845849740053863e-17,-1.850371707708594e-17,confounded,0.3,0.05,-2.846725704167068e-18,signed_balanced_population_bias,logger12_balanced,2,78,7.371851128909131e-17,anchor_id,
base,0.005386941399283964,-0.0017915632202260578,confounded,0.3,0.05,0.0019113626850251568,signed_heavy_neural_drift,logger1_minus_logger2,2,78,0.016276097909465766,anchor_id,
base,0.0,0.0,confounded,0.3,0.05,0.0,signed_heavy_population_drift,logger1_minus_logger2,2,78,0.0,anchor_id,
base,0.009925391160823745,0.0016638671191513497,confounded,0.3,0.05,0.005720564823961876,paired_heavy_prediction_increment,logger1_minus_logger2,2,78,0.01753363951730707,anchor_id,
base,0.016214811399137715,0.010609223461320256,confounded,0.3,0.05,0.013259562923916338,paired_heavy_increment_absolute_error,logger1_minus_logger2,2,78,0.012746726682169975,anchor_id,
plus,0.03492196634672917,0.019883801152101078,confounded,0.3,0.05,0.02725725812754363,signed_balanced_neural_bias,logger12_balanced,2,78,0.035032272193261556,anchor_id,
plus,0.02772376096491661,0.02688148858677705,confounded,0.3,0.05,0.02730426966988284,signed_balanced_population_bias,logger12_balanced,2,78,0.002000127718902567,anchor_id,
plus,0.017949932628801034,0.010556093315492334,confounded,0.3,0.05,0.014134990166194532,signed_heavy_neural_drift,logger1_minus_logger2,2,78,0.016578416554864,anchor_id,
plus,0.014386577354722882,0.01393726811925556,confounded,0.3,0.05,0.01415776945845765,signed_heavy_population_drift,logger1_minus_logger2,2,78,0.0010371032616532144,anchor_id,
plus,0.02393957312945613,0.01594018021965627,confounded,0.3,0.05,0.019906926663355893,paired_heavy_prediction_increment,logger1_minus_logger2,2,78,0.017913205827241863,anchor_id,
plus,0.016361680540282652,0.010660659974083917,confounded,0.3,0.05,0.01329843855721626,paired_heavy_increment_absolute_error,logger1_minus_logger2,2,78,0.012685348785527422,anchor_id,
all,0.9871794871794872,0.8717948717948718,confounded,0.3,0.05,0.9358974358974359,neural_do_ranking_disagreement,logger12_balanced,2,78,0.2465209134587992,anchor_id,
all,0.006177518680175181,0.004634526694690471,confounded,0.3,0.05,0.005387430817640848,neural_decision_regret,logger12_balanced,2,78,0.0034382289611018454,anchor_id,
base,0.016299885131036272,0.011405021367232109,confounded,0.3,0.05,0.01375122732661367,base_prediction_range_across_mixtures,all_primary,2,78,0.010901175276781217,anchor_id,
base,0.5408198366706432,0.3877771475980882,confounded,0.3,0.05,0.4583742442204556,base_leakage_over_balanced_direct_signal,all_primary,2,78,0.3633725092260406,anchor_id,
minus,0.0612384593706532,0.043550053860755666,confounded,0.3,0.1,0.05160607157221624,reward_population_mae,logger1_heavy,2,78,0.03971857533561469,anchor_id,
minus,0.0772121814931649,0.053436004438942614,confounded,0.3,0.1,0.06496558053764792,reward_population_rmse,logger1_heavy,2,78,0.0072127261523523434,anchor_id,
minus,-0.01854138535406594,-0.0391050635584149,confounded,0.3,0.1,-0.029146972916406038,paired_prediction_increment,logger1_heavy,2,78,0.04642250833922827,anchor_id,
minus,0.06211849000724415,0.04500920436742104,confounded,0.3,0.1,0.05304670531894059,paired_increment_absolute_error,logger1_heavy,2,78,0.03855228785209984,anchor_id,
base,0.04584940218773768,0.0307555792737771,confounded,0.3,0.1,0.03837608842228825,reward_population_mae,logger1_heavy,2,78,0.03243874332122378,anchor_id,
base,0.059086473197476515,0.04155111744665961,confounded,0.3,0.1,0.05011492355889341,reward_population_rmse,logger1_heavy,2,78,0.004435140053744102,anchor_id,
base,0.02251580711570701,0.0026576714388150415,confounded,0.3,0.1,0.012267825222340533,paired_prediction_increment,logger1_heavy,2,78,0.04539766175006564,anchor_id,
base,0.043272900405416814,0.029325489270074653,confounded,0.3,0.1,0.03605930198961965,paired_increment_absolute_error,logger1_heavy,2,78,0.02993729850522863,anchor_id,
base,0.043088794386531855,0.029414497221706446,confounded,0.3,0.1,0.03605930198961965,base_prediction_absolute_increment,logger1_heavy,2,78,0.02993729850522863,anchor_id,
plus,0.05335449554447929,0.03624532234528655,confounded,0.3,0.1,0.04388296671395072,reward_population_mae,logger1_heavy,2,78,0.037025691581328374,anchor_id,
plus,0.06623869580031524,0.04747103714085755,confounded,0.3,0.1,0.05726291068497535,reward_population_rmse,logger1_heavy,2,78,0.004698670183135763,anchor_id,
plus,0.06359223188596316,0.042964508672704856,confounded,0.3,0.1,0.05370744516852753,paired_prediction_increment,logger1_heavy,2,78,0.04751964847016225,anchor_id,
plus,0.048275291067527,0.03325179840536899,confounded,0.3,0.1,0.04017647509862786,paired_increment_absolute_error,logger1_heavy,2,78,0.033264756285095086,anchor_id,
minus,0.05259195414821359,0.036865560447324475,confounded,0.3,0.1,0.044530142607534524,reward_population_mae,logger12_balanced,2,78,0.03459366878615064,anchor_id,
minus,0.06725794089375753,0.046493108474156,confounded,0.3,0.1,0.05625222601830264,reward_population_rmse,logger12_balanced,2,78,0.005490248438767752,anchor_id,
minus,-0.0134525018942529,-0.031661981648963486,confounded,0.3,0.1,-0.022335645609015735,paired_prediction_increment,logger12_balanced,2,78,0.04062202190571818,anchor_id,
minus,0.05181204781872067,0.03751470046639616,confounded,0.3,0.1,0.04449868329199462,paired_increment_absolute_error,logger12_balanced,2,78,0.032883534684777484,anchor_id,
base,0.04149054454645082,0.02846985921195076,confounded,0.3,0.1,0.03469757101369641,reward_population_mae,logger12_balanced,2,78,0.029249982016335472,anchor_id,
base,0.054026081293873214,0.036700096202082796,confounded,0.3,0.1,0.04526051420050591,reward_population_rmse,logger12_balanced,2,78,0.003643458903309309,anchor_id,
base,0.02026615881452368,0.002801311618384672,confounded,0.3,0.1,0.01134571141313766,paired_prediction_increment,logger12_balanced,2,78,0.039678200075541493,anchor_id,
base,0.038281191202811336,0.026652873280747412,confounded,0.3,0.1,0.03209653690251889,paired_increment_absolute_error,logger12_balanced,2,78,0.02571361005766945,anchor_id,
base,0.038065514808877286,0.02669954945220276,confounded,0.3,0.1,0.03209653690251889,base_prediction_absolute_increment,logger12_balanced,2,78,0.02571361005766945,anchor_id,
plus,0.045943313757809114,0.03141211691665388,confounded,0.3,0.1,0.03852363566100703,reward_population_mae,logger12_balanced,2,78,0.031977834322909675,anchor_id,
plus,0.0583906239632703,0.04190168155798934,confounded,0.3,0.1,0.0499353819282536,reward_population_rmse,logger12_balanced,2,78,0.0036399835215816293,anchor_id,
plus,0.05408121881048896,0.03622502667612245,confounded,0.3,0.1,0.04510425037045855,paired_prediction_increment,logger12_balanced,2,78,0.04114999731867883,anchor_id,
plus,0.039878021183238556,0.028226854834524043,confounded,0.3,0.1,0.033592817949334906,paired_increment_absolute_error,logger12_balanced,2,78,0.027838000462231057,anchor_id,
minus,0.04026289845804946,0.026187318738256173,confounded,0.3,0.1,0.03278163565887433,reward_population_mae,logger2_heavy,2,78,0.03157599832728543,anchor_id,
minus,0.05518574870964669,0.0359082585682491,confounded,0.3,0.1,0.0453750668944674,reward_population_rmse,logger2_heavy,2,78,0.003939747040139391,anchor_id,
minus,-0.02221920185247569,-0.039434381808700895,confounded,0.3,0.1,-0.031133141346378287,paired_prediction_increment,logger2_heavy,2,78,0.04044178073051102,anchor_id,
minus,0.037662742092548246,0.024188176071743894,confounded,0.3,0.1,0.030295994842685577,paired_increment_absolute_error,logger2_heavy,2,78,0.029753356105784643,anchor_id,
base,0.03792904910223079,0.025568240090597657,confounded,0.3,0.1,0.031166318584445102,reward_population_mae,logger2_heavy,2,78,0.028182200879626407,anchor_id,
base,0.05020190236087633,0.03425040618795103,confounded,0.3,0.1,0.04189741450236402,reward_population_rmse,logger2_heavy,2,78,0.003185655355013659,anchor_id,
base,0.013389328099840907,-0.00372066881900122,confounded,0.3,0.1,0.00455360442114676,paired_prediction_increment,logger2_heavy,2,78,0.039267767392491805,anchor_id,
base,0.03524881139132302,0.023020911469644127,confounded,0.3,0.1,0.02883528777193102,paired_increment_absolute_error,logger2_heavy,2,78,0.026845669609770008,anchor_id,
base,0.03518818545986566,0.023038085495290902,confounded,0.3,0.1,0.02883528777193102,base_prediction_absolute_increment,logger2_heavy,2,78,0.026845669609770008,anchor_id,
plus,0.03659048847498956,0.024570089288244626,confounded,0.3,0.1,0.03011883420682557,reward_population_mae,logger2_heavy,2,78,0.02692870261624793,anchor_id,
plus,0.04789699798327992,0.03288809572813197,confounded,0.3,0.1,0.04028650319006222,reward_population_rmse,logger2_heavy,2,78,0.002808195213038252,anchor_id,
plus,0.04845838828524775,0.03190122238389454,confounded,0.3,0.1,0.040073343045301885,paired_prediction_increment,logger2_heavy,2,78,0.03880444384089953,anchor_id,
plus,0.03425911811524486,0.022131829508411083,confounded,0.3,0.1,0.028057748278860845,paired_increment_absolute_error,logger2_heavy,2,78,0.02697551532859408,anchor_id,
minus,-0.014725707163877952,-0.03533349775464803,confounded,0.3,0.1,-0.025152610343610632,signed_balanced_neural_bias,logger12_balanced,2,78,0.046208325173070636,anchor_id,
minus,-0.057498766705152055,-0.0583922288340066,confounded,0.3,0.1,-0.0579432696914545,signed_balanced_population_bias,logger12_balanced,2,78,0.001940306111485845,anchor_id,
minus,0.006006477501365212,-0.005303859626974879,confounded,0.3,0.1,0.0004889901422226692,signed_heavy_neural_drift,logger1_minus_logger2,2,78,0.025864017010923543,anchor_id,
minus,-0.02983556709995302,-0.0302656043294201,confounded,0.3,0.1,-0.030044658358531928,signed_heavy_population_drift,logger1_minus_logger2,2,78,0.0010060846504000793,anchor_id,
minus,0.007566311467097984,-0.0035270569656008044,confounded,0.3,0.1,0.0019861684299722435,paired_heavy_prediction_increment,logger1_minus_logger2,2,78,0.026150989154314564,anchor_id,
minus,0.04030488065778479,0.029548354274590877,confounded,0.3,0.1,0.034636854723188885,paired_heavy_increment_absolute_error,logger1_minus_logger2,2,78,0.0240465825569073,anchor_id,
base,0.015575694558747877,-0.0037919613913716625,confounded,0.3,0.1,0.006085123077864616,signed_balanced_neural_bias,logger12_balanced,2,78,0.045139878268896635,anchor_id,
base,1.423362852083534e-17,0.0,confounded,0.3,0.1,5.693451408334136e-18,signed_balanced_population_bias,logger12_balanced,2,78,3.5323957657874637e-17,anchor_id,
base,0.009656954545163226,-0.0019967100183538823,confounded,0.3,0.1,0.003905018662257052,signed_heavy_neural_drift,logger1_minus_logger2,2,78,0.02652839259311896,anchor_id,
base,0.0,0.0,confounded,0.3,0.1,0.0,signed_heavy_population_drift,logger1_minus_logger2,2,78,0.0,anchor_id,
base,0.013348759227761811,0.001657152670426309,confounded,0.3,0.1,0.007714220801193772,paired_heavy_prediction_increment,logger1_minus_logger2,2,78,0.027579063406721463,anchor_id,
base,0.02700369814688661,0.019661918982108974,confounded,0.3,0.1,0.02333890005973588,paired_heavy_increment_absolute_error,logger1_minus_logger2,2,78,0.016404525305630774,anchor_id,
plus,0.04943553715268646,0.030025405756117004,confounded,0.3,0.1,0.0390498109382781,signed_balanced_neural_bias,logger12_balanced,2,78,0.04660462915859492,anchor_id,
plus,0.05774163057964538,0.05685262942125761,confounded,0.3,0.1,0.05730426966988302,signed_balanced_population_bias,logger12_balanced,2,78,0.002000127718902532,anchor_id,
plus,0.0141531610959066,0.001164145090870109,confounded,0.3,0.1,0.007862165626064304,signed_heavy_neural_drift,logger1_minus_logger2,2,78,0.029207998029103614,anchor_id,
plus,0.02992982486934621,0.029490420411501655,confounded,0.3,0.1,0.029713325014013206,signed_heavy_population_drift,logger1_minus_logger2,2,78,0.0010371032616531964,anchor_id,
plus,0.020702932008559494,0.00684031788485768,confounded,0.3,0.1,0.013634102123225666,paired_heavy_prediction_increment,logger1_minus_logger2,2,78,0.03141359181229775,anchor_id,
plus,0.03425140695603471,0.02548979920915472,confounded,0.3,0.1,0.029701824895322703,paired_heavy_increment_absolute_error,logger1_minus_logger2,2,78,0.020064169522472235,anchor_id,
all,0.9871794871794872,0.8974358974358975,confounded,0.3,0.1,0.9487179487179487,neural_do_ranking_disagreement,logger12_balanced,2,78,0.2220001110000833,anchor_id,
all,0.00622100768350744,0.004717545996438119,confounded,0.3,0.1,0.0054403672426722085,neural_decision_regret,logger12_balanced,2,78,0.0033855878136961077,anchor_id,
base,0.028104146679810676,0.021860269539100936,confounded,0.3,0.1,0.02486462607992536,base_prediction_range_across_mixtures,all_primary,2,78,0.01456537454115777,anchor_id,
base,0.46941850332460106,0.362338750856179,confounded,0.3,0.1,0.4144104346654227,base_leakage_over_balanced_direct_signal,all_primary,2,78,0.24275624235262952,anchor_id,
minus,0.12806454362062863,0.0994290170298339,confounded,0.3,0.2,0.11298439963404416,reward_population_mae,logger1_heavy,2,78,0.06915575270907044,anchor_id,
minus,0.14957272444803354,0.1142575022173934,confounded,0.3,0.2,0.13223720489479554,reward_population_rmse,logger1_heavy,2,78,0.021052813579903885,anchor_id,
minus,-0.01864329855795122,-0.05036053421005839,confounded,0.3,0.2,-0.034997535795501133,paired_prediction_increment,logger1_heavy,2,78,0.0747495635745397,anchor_id,
minus,0.1341072848886,0.10459255644849301,confounded,0.3,0.2,0.11930924828516475,paired_increment_absolute_error,logger1_heavy,2,78,0.06946504390528772,anchor_id,
base,0.06613661928963908,0.044519507654454414,confounded,0.3,0.2,0.05525925790336107,reward_population_mae,logger1_heavy,2,78,0.04935061116344198,anchor_id,
base,0.08843496493464587,0.05825822527830084,confounded,0.3,0.2,0.07387722428116257,reward_population_rmse,logger1_heavy,2,78,0.010153108808192425,anchor_id,
base,0.03940053805285322,0.0075435320060428844,confounded,0.3,0.2,0.02414838284954038,paired_prediction_increment,logger1_heavy,2,78,0.07231652060058788,anchor_id,
base,0.06896410229273366,0.046497391413463984,confounded,0.3,0.2,0.05671278185434011,paired_increment_absolute_error,logger1_heavy,2,78,0.05061903376890555,anchor_id,
base,0.06827429640869387,0.046621328249777355,confounded,0.3,0.2,0.05671278185434011,base_prediction_absolute_increment,logger1_heavy,2,78,0.05061903376890555,anchor_id,
plus,0.09911902453830336,0.07456134796076991,confounded,0.3,0.2,0.08633365265241955,reward_population_mae,logger1_heavy,2,78,0.056405166444880785,anchor_id,
plus,0.11464026881658577,0.09044302994360617,confounded,0.3,0.2,0.10292838953226391,reward_population_rmse,logger1_heavy,2,78,0.011997475582326545,anchor_id,
plus,0.09947265142131506,0.06621513877485229,confounded,0.3,0.2,0.08335105710505819,paired_prediction_increment,logger1_heavy,2,78,0.07473430648056811,anchor_id,
plus,0.09722736240036979,0.07388546612545868,confounded,0.3,0.2,0.08532019073859697,paired_increment_absolute_error,logger1_heavy,2,78,0.05349949547902304,anchor_id,
minus,0.08738309379628036,0.06151445531518837,confounded,0.3,0.2,0.07438996836565412,reward_population_mae,logger12_balanced,2,78,0.059007773376854096,anchor_id,
minus,0.11174412171090836,0.07989060918363113,confounded,0.3,0.2,0.09471612717330845,reward_population_rmse,logger12_balanced,2,78,0.014654038627050833,anchor_id,
minus,-0.036824029834634724,-0.0676371560400119,confounded,0.3,0.2,-0.053012222174604405,paired_prediction_increment,logger12_balanced,2,78,0.07267119957902894,anchor_id,
minus,0.09287889502306591,0.06534259936050536,confounded,0.3,0.2,0.0783435879938883,paired_increment_absolute_error,logger12_balanced,2,78,0.060077572016914126,anchor_id,
base,0.06174246804926026,0.04213560577132794,confounded,0.3,0.2,0.05121483710867051,reward_population_mae,logger12_balanced,2,78,0.04654860193008403,anchor_id,
base,0.08265348693836758,0.054745991400313554,confounded,0.3,0.2,0.06900690363382404,reward_population_rmse,logger12_balanced,2,78,0.00869597483397752,anchor_id,
base,0.029892694096749144,-7.33666883549034e-05,confounded,0.3,0.2,0.01489897181531791,paired_prediction_increment,logger12_balanced,2,78,0.06909592086983103,anchor_id,
base,0.06303640667223674,0.042242634675153996,confounded,0.3,0.2,0.05230944458400215,paired_increment_absolute_error,logger12_balanced,2,78,0.04719422020052719,anchor_id,
base,0.06280584631714804,0.04178951627619405,confounded,0.3,0.2,0.05230944458400215,base_prediction_absolute_increment,logger12_balanced,2,78,0.04719422020052719,anchor_id,
plus,0.07404840631317981,0.05251432239904108,confounded,0.3,0.2,0.06366090455263083,reward_population_mae,logger12_balanced,2,78,0.05152324013415819,anchor_id,
plus,0.0949145564507057,0.06883429148899457,confounded,0.3,0.2,0.08169039809814604,reward_population_rmse,logger12_balanced,2,78,0.009558967459765795,anchor_id,
plus,0.09828762053556064,0.06635114900721206,confounded,0.3,0.2,0.08159987336664899,paired_prediction_increment,logger12_balanced,2,78,0.07087789027820987,anchor_id,
plus,0.07360363728802895,0.050754189384517465,confounded,0.3,0.2,0.06126503854316007,paired_increment_absolute_error,logger12_balanced,2,78,0.052108011336319496,anchor_id,
minus,0.07078017816807029,0.04989165281418422,confounded,0.3,0.2,0.059650330148035606,reward_population_mae,logger2_heavy,2,78,0.0468130695858459,anchor_id,
minus,0.08993098253003316,0.06224651432992944,confounded,0.3,0.2,0.07564079378963415,reward_population_rmse,logger2_heavy,2,78,0.009548727175031692,anchor_id,
minus,-0.024087887704717977,-0.049169265155885655,confounded,0.3,0.2,-0.0367540613499178,paired_prediction_increment,logger2_heavy,2,78,0.054701625770806395,anchor_id,
minus,0.07061465563630065,0.05027168984007576,confounded,0.3,0.2,0.06012564479276103,paired_increment_absolute_error,logger2_heavy,2,78,0.04564608312692664,anchor_id,
base,0.05080316649482754,0.03480774954540035,confounded,0.3,0.2,0.042717739390610285,reward_population_mae,logger2_heavy,2,78,0.037006300356428254,anchor_id,
base,0.06680146204996305,0.0460271893807937,confounded,0.3,0.2,0.05636234793630288,reward_population_rmse,logger2_heavy,2,78,0.005475866219790281,anchor_id,
base,0.022650635753285336,-0.0002634516706560695,confounded,0.3,0.2,0.010974731657741437,paired_prediction_increment,logger2_heavy,2,78,0.052150808963987806,anchor_id,
base,0.04827162385474142,0.03240565007996035,confounded,0.3,0.2,0.040149204425298034,paired_increment_absolute_error,logger2_heavy,2,78,0.0347681274219684,anchor_id,
base,0.047573104937979456,0.03286451000311179,confounded,0.3,0.2,0.040149204425298034,base_prediction_absolute_increment,logger2_heavy,2,78,0.0347681274219684,anchor_id,
plus,0.05827103510452891,0.04083308400711655,confounded,0.3,0.2,0.04926089807206925,reward_population_mae,logger2_heavy,2,78,0.04133163403525886,anchor_id,
plus,0.07454202864948474,0.053417012884211,confounded,0.3,0.2,0.06413297683654401,reward_population_rmse,logger2_heavy,2,78,0.005859515136563663,anchor_id,
plus,0.07050309747449583,0.04636457518976205,confounded,0.3,0.2,0.05855456842438583,paired_prediction_increment,logger2_heavy,2,78,0.05318546394485377,anchor_id,
plus,0.05522684443518884,0.03879440261482314,confounded,0.3,0.2,0.04710226459858447,paired_increment_absolute_error,logger2_heavy,2,78,0.038902162220822774,anchor_id,
minus,-0.039793479766749844,-0.07185213070526851,confounded,0.3,0.2,-0.05582918690919931,signed_balanced_neural_bias,logger12_balanced,2,78,0.07222589317997842,anchor_id,
minus,-0.11752638287244692,-0.11835999610235884,confounded,0.3,0.2,-0.11794326969145452,signed_balanced_population_bias,logger12_balanced,2,78,0.001940306111485864,anchor_id,
minus,0.007956092077755883,-0.007481391669803572,confounded,0.3,0.2,0.0002593472666670925,signed_heavy_neural_drift,logger1_minus_logger2,2,78,0.035347048243856496,anchor_id,
minus,-0.060945308179164166,-0.06139470795669079,confounded,0.3,0.2,-0.06115576946964301,signed_heavy_population_drift,logger1_minus_logger2,2,78,0.0010060846504000845,anchor_id,
minus,0.009476603046076016,-0.005587194300087497,confounded,0.3,0.2,0.0017565255544166668,paired_heavy_prediction_increment,logger1_minus_logger2,2,78,0.03613119264741108,anchor_id,
minus,0.0717910875200039,0.05736325612978821,confounded,0.3,0.2,0.0648649117610866,paired_heavy_increment_absolute_error,logger1_minus_logger2,2,78,0.03449353067303342,anchor_id,
base,0.025409306063308688,-0.005473062183248224,confounded,0.3,0.2,0.009638383480044869,signed_balanced_neural_bias,logger12_balanced,2,78,0.068772751740931,anchor_id,
base,0.0,0.0,confounded,0.3,0.2,0.0,signed_balanced_population_bias,logger12_balanced,2,78,0.0,anchor_id,
base,0.017297319700579274,0.0011702318502746873,confounded,0.3,0.2,0.009364449052862222,signed_heavy_neural_drift,logger1_minus_logger2,2,78,0.03586807321175753,anchor_id,
base,0.0,0.0,confounded,0.3,0.2,0.0,signed_heavy_population_drift,logger1_minus_logger2,2,78,0.0,anchor_id,
base,0.020840666036074807,0.005203937266905651,confounded,0.3,0.2,0.013173651191798941,paired_heavy_prediction_increment,logger1_minus_logger2,2,78,0.036586645214901174,anchor_id,
base,0.03650404127507627,0.024978301755030442,confounded,0.3,0.2,0.030406037570901427,paired_heavy_increment_absolute_error,logger1_minus_logger2,2,78,0.024038460008891805,anchor_id,
plus,0.09001303080490065,0.05960661111971845,confounded,0.3,0.2,0.07554543393446853,signed_balanced_neural_bias,logger12_balanced,2,78,0.07041699813684563,anchor_id,
plus,0.1177538215637234,0.11686829805095823,confounded,0.3,0.2,0.11730426966988307,signed_balanced_population_bias,logger12_balanced,2,78,0.002000127718902603,anchor_id,
plus,0.02709167037321382,0.010871924722553175,confounded,0.3,0.2,0.019024552183510967,signed_heavy_neural_drift,logger1_minus_logger2,2,78,0.03779627127675888,anchor_id,
plus,0.06105718452855719,0.06059254907285144,confounded,0.3,0.2,0.06082443612512435,signed_heavy_population_drift,logger1_minus_logger2,2,78,0.001037103261653223,anchor_id,
plus,0.033159930866442464,0.015695125955450636,confounded,0.3,0.2,0.02479648868067233,paired_heavy_prediction_increment,logger1_minus_logger2,2,78,0.03897875940725641,anchor_id,
plus,0.05201627935857315,0.03919051520551639,confounded,0.3,0.2,0.04545237946592455,paired_heavy_increment_absolute_error,logger1_minus_logger2,2,78,0.029076984435231247,anchor_id,
all,0.9871794871794872,0.8974358974358975,confounded,0.3,0.2,0.9487179487179487,neural_do_ranking_disagreement,logger12_balanced,2,78,0.2220001110000833,anchor_id,
all,0.006207667608019897,0.004771053917973283,confounded,0.3,0.2,0.0054403672426722085,neural_decision_regret,logger12_balanced,2,78,0.0033855878136961077,anchor_id,
base,0.03943535775654513,0.0292901078116448,confounded,0.3,0.2,0.03422649786922443,base_prediction_range_across_mixtures,all_primary,2,78,0.02338422924161295,anchor_id,
base,0.3275099790814435,0.24657487054385088,confounded,0.3,0.2,0.28522081557687023,base_leakage_over_balanced_direct_signal,all_primary,2,78,0.19486857701344126,anchor_id,
base,0.08607583202703216,0.06565709640959988,confounded,0.3,all,0.07587825539858017,base_prediction_range_across_mixture_and_lambda,all_primary,2,78,0.047575535037767326,anchor_id,
minus,0.030401925447069676,0.01792154905437137,independent_latents,0.3,0.0,0.023486431185670724,reward_population_mae,logger1_heavy,0,78,0.028276680285805295,anchor_id,
minus,0.04715630541109745,0.025092988346212947,independent_latents,0.3,0.0,0.036618740995308534,reward_population_rmse,logger1_heavy,0,78,0.003538772054309749,anchor_id,
base,0.029026258304301018,0.01760291736997864,independent_latents,0.3,0.0,0.023044676209888718,reward_population_mae,logger1_heavy,0,78,0.026305901380976816,anchor_id,
base,0.04427456883909614,0.025148617452227854,independent_latents,0.3,0.0,0.03484516822280752,reward_population_rmse,logger1_heavy,0,78,0.00295996567668959,anchor_id,
plus,0.028029688388029907,0.017037158546630623,independent_latents,0.3,0.0,0.022273974452885,reward_population_mae,logger1_heavy,0,78,0.024707808988699297,anchor_id,
plus,0.04146819889812372,0.024671011400622393,independent_latents,0.3,0.0,0.03314783778481659,reward_population_rmse,logger1_heavy,0,78,0.0026039328262532904,anchor_id,
minus,0.03038858550527849,0.01769328629159481,independent_latents,0.3,0.0,0.023486431185670745,reward_population_mae,logger12_balanced,0,78,0.028276680285805274,anchor_id,
minus,0.04746149764592049,0.02559883320625286,independent_latents,0.3,0.0,0.036618740995308534,reward_population_rmse,logger12_balanced,0,78,0.003538772054309748,anchor_id,
base,0.029184880230173498,0.017967139820172073,independent_latents,0.3,0.0,0.023044676209888718,reward_population_mae,logger12_balanced,0,78,0.026305901380976816,anchor_id,
base,0.043183300315029455,0.02510126255794927,independent_latents,0.3,0.0,0.03484516822280752,reward_population_rmse,logger12_balanced,0,78,0.00295996567668959,anchor_id,
plus,0.02822491657456321,0.017187206511139624,independent_latents,0.3,0.0,0.022273974452884964,reward_population_mae,logger12_balanced,0,78,0.024707808988699263,anchor_id,
plus,0.041345964832516284,0.02442057813053631,independent_latents,0.3,0.0,0.03314783778481655,reward_population_rmse,logger12_balanced,0,78,0.002603932826253291,anchor_id,
minus,0.03007587893621608,0.017765759563031946,independent_latents,0.3,0.0,0.023486431185670707,reward_population_mae,logger2_heavy,0,78,0.028276680285805277,anchor_id,
minus,0.047075696020735365,0.025849974770132803,independent_latents,0.3,0.0,0.03661874099530851,reward_population_rmse,logger2_heavy,0,78,0.003538772054309742,anchor_id,
base,0.029075962010810464,0.01785709694653889,independent_latents,0.3,0.0,0.023044676209888718,reward_population_mae,logger2_heavy,0,78,0.026305901380976816,anchor_id,
base,0.044380767449279705,0.025217957913425744,independent_latents,0.3,0.0,0.03484516822280752,reward_population_rmse,logger2_heavy,0,78,0.00295996567668959,anchor_id,
plus,0.027426057156578004,0.017560895399501265,independent_latents,0.3,0.0,0.022273974452885,reward_population_mae,logger2_heavy,0,78,0.02470780898869929,anchor_id,
plus,0.0412820170177599,0.02349242173029942,independent_latents,0.3,0.0,0.0331478377848166,reward_population_rmse,logger2_heavy,0,78,0.00260393282625329,anchor_id,
minus,0.0063838602603754424,-0.009677924150968529,independent_latents,0.3,0.0,-0.0022007800644993124,signed_balanced_neural_bias,logger12_balanced,0,78,0.03678913645706545,anchor_id,
minus,2.8609593326879036e-16,1.7222690510210762e-16,independent_latents,0.3,0.0,2.29161419185449e-16,signed_balanced_population_bias,logger12_balanced,0,78,2.685955189584819e-16,anchor_id,
minus,0.0,0.0,independent_latents,0.3,0.0,0.0,signed_heavy_neural_drift,logger1_minus_logger2,0,78,0.0,anchor_id,
minus,1.4233628520835341e-16,1.9927079929169476e-17,independent_latents,0.3,0.0,7.97083197166779e-17,signed_heavy_population_drift,logger1_minus_logger2,0,78,2.8622847202960194e-16,anchor_id,
base,0.0075818171229511165,-0.008718206997082263,independent_latents,0.3,0.0,-0.00023259102047004155,signed_balanced_neural_bias,logger12_balanced,0,78,0.035069924342633736,anchor_id,
base,0.0,0.0,independent_latents,0.3,0.0,0.0,signed_balanced_population_bias,logger12_balanced,0,78,0.0,anchor_id,
base,0.0,0.0,independent_latents,0.3,0.0,0.0,signed_heavy_neural_drift,logger1_minus_logger2,0,78,0.0,anchor_id,
base,0.0,0.0,independent_latents,0.3,0.0,0.0,signed_heavy_population_drift,logger1_minus_logger2,0,78,0.0,anchor_id,
plus,0.00780201653991256,-0.006453623774799381,independent_latents,0.3,0.0,0.0009463372177777311,signed_balanced_neural_bias,logger12_balanced,0,78,0.03334879044574286,anchor_id,
plus,3.1171646460629393e-16,1.9927079929169477e-16,independent_latents,0.3,0.0,2.562053133750361e-16,signed_balanced_population_bias,logger12_balanced,0,78,2.697658255151807e-16,anchor_id,
plus,0.0,0.0,independent_latents,0.3,0.0,0.0,signed_heavy_neural_drift,logger1_minus_logger2,0,78,0.0,anchor_id,
plus,1.4091292235626986e-16,3.700743415417188e-17,independent_latents,0.3,0.0,8.82484968291791e-17,signed_heavy_population_drift,logger1_minus_logger2,0,78,2.2799116335865505e-16,anchor_id,
all,0.6282051282051282,0.41025641025641024,independent_latents,0.3,0.0,0.5128205128205128,neural_do_ranking_disagreement,logger12_balanced,0,78,0.5030708231255845,anchor_id,
all,0.0027742270090913147,0.0015047885887973275,independent_latents,0.3,0.0,0.0021253883642395974,neural_decision_regret,logger12_balanced,0,78,0.002814867087862088,anchor_id,
base,0.0,0.0,independent_latents,0.3,0.0,0.0,base_prediction_range_across_mixtures,all_primary,0,78,0.0,anchor_id,
minus,0.0302642067038199,0.017506259815239653,independent_latents,0.3,0.05,0.023486431185670734,reward_population_mae,logger1_heavy,0,78,0.028276680285805274,anchor_id,
minus,0.04717187187722917,0.025496633958009395,independent_latents,0.3,0.05,0.03661874099530853,reward_population_rmse,logger1_heavy,0,78,0.003538772054309742,anchor_id,
minus,0.0,0.0,independent_latents,0.3,0.05,0.0,paired_prediction_increment,logger1_heavy,0,78,0.0,anchor_id,
minus,0.0,0.0,independent_latents,0.3,0.05,0.0,paired_increment_absolute_error,logger1_heavy,0,78,0.0,anchor_id,
base,0.028964839534525718,0.017636545556725763,independent_latents,0.3,0.05,0.023044676209888728,reward_population_mae,logger1_heavy,0,78,0.02630590138097682,anchor_id,
base,0.04378008849100104,0.02523901639021967,independent_latents,0.3,0.05,0.034845168222807525,reward_population_rmse,logger1_heavy,0,78,0.00295996567668959,anchor_id,
base,0.0,0.0,independent_latents,0.3,0.05,0.0,paired_prediction_increment,logger1_heavy,0,78,0.0,anchor_id,
base,0.0,0.0,independent_latents,0.3,0.05,0.0,paired_increment_absolute_error,logger1_heavy,0,78,0.0,anchor_id,
base,0.0,0.0,independent_latents,0.3,0.05,0.0,base_prediction_absolute_increment,logger1_heavy,0,78,0.0,anchor_id,
plus,0.027971902840341716,0.01711612202037724,independent_latents,0.3,0.05,0.022273974452884992,reward_population_mae,logger1_heavy,0,78,0.02470780898869929,anchor_id,
plus,0.04168419511991647,0.024158796053186937,independent_latents,0.3,0.05,0.033147837784816586,reward_population_rmse,logger1_heavy,0,78,0.0026039328262532917,anchor_id,
plus,0.0,0.0,independent_latents,0.3,0.05,0.0,paired_prediction_increment,logger1_heavy,0,78,0.0,anchor_id,
plus,0.0,0.0,independent_latents,0.3,0.05,0.0,paired_increment_absolute_error,logger1_heavy,0,78,0.0,anchor_id,
minus,0.030144224064671966,0.017893038088308652,independent_latents,0.3,0.05,0.023486431185670745,reward_population_mae,logger12_balanced,0,78,0.028276680285805305,anchor_id,
minus,0.046010159183037115,0.02591673071066452,independent_latents,0.3,0.05,0.03661874099530856,reward_population_rmse,logger12_balanced,0,78,0.0035387720543097537,anchor_id,
minus,0.0,0.0,independent_latents,0.3,0.05,0.0,paired_prediction_increment,logger12_balanced,0,78,0.0,anchor_id,
minus,0.0,0.0,independent_latents,0.3,0.05,0.0,paired_increment_absolute_error,logger12_balanced,0,78,0.0,anchor_id,
base,0.029104377701245125,0.017123215819756142,independent_latents,0.3,0.05,0.023044676209888728,reward_population_mae,logger12_balanced,0,78,0.02630590138097682,anchor_id,
base,0.043728932326367966,0.025109880073920867,independent_latents,0.3,0.05,0.034845168222807525,reward_population_rmse,logger12_balanced,0,78,0.00295996567668959,anchor_id,
base,0.0,0.0,independent_latents,0.3,0.05,0.0,paired_prediction_increment,logger12_balanced,0,78,0.0,anchor_id,
base,0.0,0.0,independent_latents,0.3,0.05,0.0,paired_increment_absolute_error,logger12_balanced,0,78,0.0,anchor_id,
base,0.0,0.0,independent_latents,0.3,0.05,0.0,base_prediction_absolute_increment,logger12_balanced,0,78,0.0,anchor_id,
plus,0.027973905388137432,0.017034953986071123,independent_latents,0.3,0.05,0.02227397445288498,reward_population_mae,logger12_balanced,0,78,0.024707808988699235,anchor_id,
plus,0.0412091708214183,0.024232457154675875,independent_latents,0.3,0.05,0.033147837784816545,reward_population_rmse,logger12_balanced,0,78,0.0026039328262532874,anchor_id,
plus,0.0,0.0,independent_latents,0.3,0.05,0.0,paired_prediction_increment,logger12_balanced,0,78,0.0,anchor_id,
plus,0.0,0.0,independent_latents,0.3,0.05,0.0,paired_increment_absolute_error,logger12_balanced,0,78,0.0,anchor_id,
minus,0.030321472581882992,0.017981512353309314,independent_latents,0.3,0.05,0.0234864311856707,reward_population_mae,logger2_heavy,0,78,0.028276680285805295,anchor_id,
minus,0.0461676741520945,0.025944915123993842,independent_latents,0.3,0.05,0.03661874099530853,reward_population_rmse,logger2_heavy,0,78,0.003538772054309745,anchor_id,
minus,0.0,0.0,independent_latents,0.3,0.05,0.0,paired_prediction_increment,logger2_heavy,0,78,0.0,anchor_id,
minus,0.0,0.0,independent_latents,0.3,0.05,0.0,paired_increment_absolute_error,logger2_heavy,0,78,0.0,anchor_id,
base,0.028894372642647926,0.017672376309528934,independent_latents,0.3,0.05,0.023044676209888728,reward_population_mae,logger2_heavy,0,78,0.02630590138097682,anchor_id,
base,0.043538155349539635,0.02506732664946388,independent_latents,0.3,0.05,0.034845168222807525,reward_population_rmse,logger2_heavy,0,78,0.00295996567668959,anchor_id,
base,0.0,0.0,independent_latents,0.3,0.05,0.0,paired_prediction_increment,logger2_heavy,0,78,0.0,anchor_id,
base,0.0,0.0,independent_latents,0.3,0.05,0.0,paired_increment_absolute_error,logger2_heavy,0,78,0.0,anchor_id,
base,0.0,0.0,independent_latents,0.3,0.05,0.0,base_prediction_absolute_increment,logger2_heavy,0,78,0.0,anchor_id,
plus,0.02870328803397945,0.0172379071876902,independent_latents,0.3,0.05,0.022273974452885002,reward_population_mae,logger2_heavy,0,78,0.024707808988699245,anchor_id,
plus,0.04059738865542451,0.02487720554131499,independent_latents,0.3,0.05,0.03314783778481657,reward_population_rmse,logger2_heavy,0,78,0.002603932826253276,anchor_id,
plus,0.0,0.0,independent_latents,0.3,0.05,0.0,paired_prediction_increment,logger2_heavy,0,78,0.0,anchor_id,
plus,0.0,0.0,independent_latents,0.3,0.05,0.0,paired_increment_absolute_error,logger2_heavy,0,78,0.0,anchor_id,
minus,0.006051521087900545,-0.010535864948309296,independent_latents,0.3,0.05,-0.0022007800644993124,signed_balanced_neural_bias,logger12_balanced,0,78,0.03678913645706545,anchor_id,
minus,2.9178938467712447e-16,1.7646140958705612e-16,independent_latents,0.3,0.05,2.3058478203753253e-16,signed_balanced_population_bias,logger12_balanced,0,78,2.6099625562369974e-16,anchor_id,
minus,0.0,0.0,independent_latents,0.3,0.05,0.0,signed_heavy_neural_drift,logger1_minus_logger2,0,78,0.0,anchor_id,
minus,7.686159401251084e-17,-2.846725704167068e-17,independent_latents,0.3,0.05,2.5620531337503614e-17,signed_heavy_population_drift,logger1_minus_logger2,0,78,2.3732378776636454e-16,anchor_id,
minus,0.0,0.0,independent_latents,0.3,0.05,0.0,paired_heavy_prediction_increment,logger1_minus_logger2,0,78,0.0,anchor_id,
minus,0.0,0.0,independent_latents,0.3,0.05,0.0,paired_heavy_increment_absolute_error,logger1_minus_logger2,0,78,0.0,anchor_id,
base,0.007168948869557162,-0.0077495630753382245,independent_latents,0.3,0.05,-0.00023259102047004155,signed_balanced_neural_bias,logger12_balanced,0,78,0.035069924342633736,anchor_id,
base,1.423362852083534e-17,-1.9927079929169476e-17,independent_latents,0.3,0.05,-2.846725704167068e-18,signed_balanced_population_bias,logger12_balanced,0,78,7.371851128909131e-17,anchor_id,
base,0.0,0.0,independent_latents,0.3,0.05,0.0,signed_heavy_neural_drift,logger1_minus_logger2,0,78,0.0,anchor_id,
base,0.0,0.0,independent_latents,0.3,0.05,0.0,signed_heavy_population_drift,logger1_minus_logger2,0,78,0.0,anchor_id,
base,0.0,0.0,independent_latents,0.3,0.05,0.0,paired_heavy_prediction_increment,logger1_minus_logger2,0,78,0.0,anchor_id,
base,0.0,0.0,independent_latents,0.3,0.05,0.0,paired_heavy_increment_absolute_error,logger1_minus_logger2,0,78,0.0,anchor_id,
plus,0.007579159260796197,-0.006589713329245848,independent_latents,0.3,0.05,0.0009463372177777311,signed_balanced_neural_bias,logger12_balanced,0,78,0.03334879044574286,anchor_id,
plus,2.8609593326879036e-16,1.7507363080627468e-16,independent_latents,0.3,0.05,2.3058478203753253e-16,signed_balanced_population_bias,logger12_balanced,0,78,2.5099117920569556e-16,anchor_id,
plus,0.0,0.0,independent_latents,0.3,0.05,0.0,signed_heavy_neural_drift,logger1_minus_logger2,0,78,0.0,anchor_id,
plus,1.46606373764604e-16,3.416070845000482e-17,independent_latents,0.3,0.05,8.967185968126265e-17,signed_heavy_population_drift,logger1_minus_logger2,0,78,2.587098362683678e-16,anchor_id,
plus,0.0,0.0,independent_latents,0.3,0.05,0.0,paired_heavy_prediction_increment,logger1_minus_logger2,0,78,0.0,anchor_id,
plus,0.0,0.0,independent_latents,0.3,0.05,0.0,paired_heavy_increment_absolute_error,logger1_minus_logger2,0,78,0.0,anchor_id,
all,0.6282051282051282,0.41025641025641024,independent_latents,0.3,0.05,0.5128205128205128,neural_do_ranking_disagreement,logger12_balanced,0,78,0.5030708231255845,anchor_id,
all,0.0027924784255540297,0.0015033538459219976,independent_latents,0.3,0.05,0.0021253883642395974,neural_decision_regret,logger12_balanced,0,78,0.002814867087862088,anchor_id,
base,0.0,0.0,independent_latents,0.3,0.05,0.0,base_prediction_range_across_mixtures,all_primary,0,78,0.0,anchor_id,
base,0.0,0.0,independent_latents,0.3,0.05,0.0,base_leakage_over_balanced_direct_signal,all_primary,0,78,0.0,anchor_id,
minus,0.03025705510988391,0.017693298311268403,independent_latents,0.3,0.1,0.023486431185670696,reward_population_mae,logger1_heavy,0,78,0.0282766802858053,anchor_id,
minus,0.04723054912191725,0.025819941779938762,independent_latents,0.3,0.1,0.03661874099530853,reward_population_rmse,logger1_heavy,0,78,0.003538772054309746,anchor_id,
minus,0.0,0.0,independent_latents,0.3,0.1,0.0,paired_prediction_increment,logger1_heavy,0,78,0.0,anchor_id,
minus,0.0,0.0,independent_latents,0.3,0.1,0.0,paired_increment_absolute_error,logger1_heavy,0,78,0.0,anchor_id,
base,0.029270235288172373,0.017731340620974867,independent_latents,0.3,0.1,0.023044676209888718,reward_population_mae,logger1_heavy,0,78,0.026305901380976816,anchor_id,
base,0.04404580627668739,0.024414924782461066,independent_latents,0.3,0.1,0.03484516822280752,reward_population_rmse,logger1_heavy,0,78,0.00295996567668959,anchor_id,
base,0.0,0.0,independent_latents,0.3,0.1,0.0,paired_prediction_increment,logger1_heavy,0,78,0.0,anchor_id,
base,0.0,0.0,independent_latents,0.3,0.1,0.0,paired_increment_absolute_error,logger1_heavy,0,78,0.0,anchor_id,
base,0.0,0.0,independent_latents,0.3,0.1,0.0,base_prediction_absolute_increment,logger1_heavy,0,78,0.0,anchor_id,
plus,0.028043834591809716,0.01723563119885669,independent_latents,0.3,0.1,0.02227397445288497,reward_population_mae,logger1_heavy,0,78,0.02470780898869926,anchor_id,
plus,0.04079641644416701,0.024382689026455823,independent_latents,0.3,0.1,0.03314783778481656,reward_population_rmse,logger1_heavy,0,78,0.0026039328262532813,anchor_id,
plus,0.0,0.0,independent_latents,0.3,0.1,0.0,paired_prediction_increment,logger1_heavy,0,78,0.0,anchor_id,
plus,0.0,0.0,independent_latents,0.3,0.1,0.0,paired_increment_absolute_error,logger1_heavy,0,78,0.0,anchor_id,
minus,0.03047199473934932,0.017864850203733764,independent_latents,0.3,0.1,0.023486431185670717,reward_population_mae,logger12_balanced,0,78,0.028276680285805277,anchor_id,
minus,0.04654967627440783,0.025955166291699975,independent_latents,0.3,0.1,0.03661874099530853,reward_population_rmse,logger12_balanced,0,78,0.0035387720543097446,anchor_id,
minus,0.0,0.0,independent_latents,0.3,0.1,0.0,paired_prediction_increment,logger12_balanced,0,78,0.0,anchor_id,
minus,0.0,0.0,independent_latents,0.3,0.1,0.0,paired_increment_absolute_error,logger12_balanced,0,78,0.0,anchor_id,
base,0.028874210730996937,0.0178688933769927,independent_latents,0.3,0.1,0.023044676209888718,reward_population_mae,logger12_balanced,0,78,0.026305901380976816,anchor_id,
base,0.04426134485362688,0.02527107053388729,independent_latents,0.3,0.1,0.03484516822280752,reward_population_rmse,logger12_balanced,0,78,0.00295996567668959,anchor_id,
base,0.0,0.0,independent_latents,0.3,0.1,0.0,paired_prediction_increment,logger12_balanced,0,78,0.0,anchor_id,
base,0.0,0.0,independent_latents,0.3,0.1,0.0,paired_increment_absolute_error,logger12_balanced,0,78,0.0,anchor_id,
base,0.0,0.0,independent_latents,0.3,0.1,0.0,base_prediction_absolute_increment,logger12_balanced,0,78,0.0,anchor_id,
plus,0.028127713062183642,0.01760178420222569,independent_latents,0.3,0.1,0.02227397445288493,reward_population_mae,logger12_balanced,0,78,0.024707808988699252,anchor_id,
plus,0.04139177880644992,0.02438242121815562,independent_latents,0.3,0.1,0.03314783778481652,reward_population_rmse,logger12_balanced,0,78,0.0026039328262532804,anchor_id,
plus,0.0,0.0,independent_latents,0.3,0.1,0.0,paired_prediction_increment,logger12_balanced,0,78,0.0,anchor_id,
plus,0.0,0.0,independent_latents,0.3,0.1,0.0,paired_increment_absolute_error,logger12_balanced,0,78,0.0,anchor_id,
minus,0.030432772170315585,0.018010874414364022,independent_latents,0.3,0.1,0.023486431185670644,reward_population_mae,logger2_heavy,0,78,0.028276680285805295,anchor_id,
minus,0.04687054695910466,0.0256182711954131,independent_latents,0.3,0.1,0.03661874099530849,reward_population_rmse,logger2_heavy,0,78,0.003538772054309746,anchor_id,
minus,0.0,0.0,independent_latents,0.3,0.1,0.0,paired_prediction_increment,logger2_heavy,0,78,0.0,anchor_id,
minus,0.0,0.0,independent_latents,0.3,0.1,0.0,paired_increment_absolute_error,logger2_heavy,0,78,0.0,anchor_id,
base,0.029115917499274134,0.017736180255956305,independent_latents,0.3,0.1,0.023044676209888718,reward_population_mae,logger2_heavy,0,78,0.026305901380976816,anchor_id,
base,0.04338512674977105,0.024844675212679142,independent_latents,0.3,0.1,0.03484516822280752,reward_population_rmse,logger2_heavy,0,78,0.00295996567668959,anchor_id,
base,0.0,0.0,independent_latents,0.3,0.1,0.0,paired_prediction_increment,logger2_heavy,0,78,0.0,anchor_id,
base,0.0,0.0,independent_latents,0.3,0.1,0.0,paired_increment_absolute_error,logger2_heavy,0,78,0.0,anchor_id,
base,0.0,0.0,independent_latents,0.3,0.1,0.0,base_prediction_absolute_increment,logger2_heavy,0,78,0.0,anchor_id,
plus,0.02779071314504175,0.017331998262206036,independent_latents,0.3,0.1,0.022273974452885,reward_population_mae,logger2_heavy,0,78,0.0247078089886993,anchor_id,
plus,0.041687892243539956,0.024469779552937852,independent_latents,0.3,0.1,0.03314783778481659,reward_population_rmse,logger2_heavy,0,78,0.0026039328262532913,anchor_id,
plus,0.0,0.0,independent_latents,0.3,0.1,0.0,paired_prediction_increment,logger2_heavy,0,78,0.0,anchor_id,
plus,0.0,0.0,independent_latents,0.3,0.1,0.0,paired_increment_absolute_error,logger2_heavy,0,78,0.0,anchor_id,
minus,0.00566447188696404,-0.010395401133001974,independent_latents,0.3,0.1,-0.0022007800644993124,signed_balanced_neural_bias,logger12_balanced,0,78,0.03678913645706545,anchor_id,
minus,2.861315173400924e-16,1.7792035651044176e-16,independent_latents,0.3,0.1,2.3058478203753253e-16,signed_balanced_population_bias,logger12_balanced,0,78,2.5853128842938937e-16,anchor_id,
minus,0.0,0.0,independent_latents,0.3,0.1,0.0,signed_heavy_neural_drift,logger1_minus_logger2,0,78,0.0,anchor_id,
minus,1.5094763046345872e-16,1.423362852083534e-17,independent_latents,0.3,0.1,7.97083197166779e-17,signed_heavy_population_drift,logger1_minus_logger2,0,78,3.2002598619878476e-16,anchor_id,
minus,0.0,0.0,independent_latents,0.3,0.1,0.0,paired_heavy_prediction_increment,logger1_minus_logger2,0,78,0.0,anchor_id,
minus,0.0,0.0,independent_latents,0.3,0.1,0.0,paired_heavy_increment_absolute_error,logger1_minus_logger2,0,78,0.0,anchor_id,
base,0.007011694025553277,-0.008977306469348367,independent_latents,0.3,0.1,-0.00023259102047004155,signed_balanced_neural_bias,logger12_balanced,0,78,0.035069924342633736,anchor_id,
base,1.423362852083534e-17,0.0,independent_latents,0.3,0.1,5.693451408334136e-18,signed_balanced_population_bias,logger12_balanced,0,78,3.5323957657874637e-17,anchor_id,
base,0.0,0.0,independent_latents,0.3,0.1,0.0,signed_heavy_neural_drift,logger1_minus_logger2,0,78,0.0,anchor_id,
base,0.0,0.0,independent_latents,0.3,0.1,0.0,signed_heavy_population_drift,logger1_minus_logger2,0,78,0.0,anchor_id,
base,0.0,0.0,independent_latents,0.3,0.1,0.0,paired_heavy_prediction_increment,logger1_minus_logger2,0,78,0.0,anchor_id,
base,0.0,0.0,independent_latents,0.3,0.1,0.0,paired_heavy_increment_absolute_error,logger1_minus_logger2,0,78,0.0,anchor_id,
plus,0.008216015582528475,-0.00685789665329,independent_latents,0.3,0.1,0.0009463372177777311,signed_balanced_neural_bias,logger12_balanced,0,78,0.03334879044574286,anchor_id,
plus,2.675922161917044e-16,1.5799327658127228e-16,independent_latents,0.3,0.1,2.1208106496044658e-16,signed_balanced_population_bias,logger12_balanced,0,78,2.5125678057344306e-16,anchor_id,
plus,0.0,0.0,independent_latents,0.3,0.1,0.0,signed_heavy_neural_drift,logger1_minus_logger2,0,78,0.0,anchor_id,
plus,1.5660549780049082e-16,1.423362852083534e-17,independent_latents,0.3,0.1,7.97083197166779e-17,signed_heavy_population_drift,logger1_minus_logger2,0,78,3.313309333131092e-16,anchor_id,
plus,0.0,0.0,independent_latents,0.3,0.1,0.0,paired_heavy_prediction_increment,logger1_minus_logger2,0,78,0.0,anchor_id,
plus,0.0,0.0,independent_latents,0.3,0.1,0.0,paired_heavy_increment_absolute_error,logger1_minus_logger2,0,78,0.0,anchor_id,
all,0.6153846153846154,0.41025641025641024,independent_latents,0.3,0.1,0.5128205128205128,neural_do_ranking_disagreement,logger12_balanced,0,78,0.5030708231255845,anchor_id,
all,0.0027772555836563474,0.0015749018001173505,independent_latents,0.3,0.1,0.0021253883642395974,neural_decision_regret,logger12_balanced,0,78,0.002814867087862088,anchor_id,
base,0.0,0.0,independent_latents,0.3,0.1,0.0,base_prediction_range_across_mixtures,all_primary,0,78,0.0,anchor_id,
base,0.0,0.0,independent_latents,0.3,0.1,0.0,base_leakage_over_balanced_direct_signal,all_primary,0,78,0.0,anchor_id,
minus,0.029340473547191975,0.01735466171901429,independent_latents,0.3,0.2,0.02348643118567071,reward_population_mae,logger1_heavy,0,78,0.028276680285805284,anchor_id,
minus,0.04639414467079754,0.025709324903647232,independent_latents,0.3,0.2,0.03661874099530853,reward_population_rmse,logger1_heavy,0,78,0.003538772054309742,anchor_id,
minus,0.0,0.0,independent_latents,0.3,0.2,0.0,paired_prediction_increment,logger1_heavy,0,78,0.0,anchor_id,
minus,0.0,0.0,independent_latents,0.3,0.2,0.0,paired_increment_absolute_error,logger1_heavy,0,78,0.0,anchor_id,
base,0.0289887487541267,0.017564979004487072,independent_latents,0.3,0.2,0.023044676209888718,reward_population_mae,logger1_heavy,0,78,0.026305901380976816,anchor_id,
base,0.044551846329911444,0.025194319899618123,independent_latents,0.3,0.2,0.03484516822280752,reward_population_rmse,logger1_heavy,0,78,0.00295996567668959,anchor_id,
base,0.0,0.0,independent_latents,0.3,0.2,0.0,paired_prediction_increment,logger1_heavy,0,78,0.0,anchor_id,
base,0.0,0.0,independent_latents,0.3,0.2,0.0,paired_increment_absolute_error,logger1_heavy,0,78,0.0,anchor_id,
base,0.0,0.0,independent_latents,0.3,0.2,0.0,base_prediction_absolute_increment,logger1_heavy,0,78,0.0,anchor_id,
plus,0.027919527853473368,0.01733330818911552,independent_latents,0.3,0.2,0.022273974452884985,reward_population_mae,logger1_heavy,0,78,0.024707808988699308,anchor_id,
plus,0.04116496068927406,0.024145186924875148,independent_latents,0.3,0.2,0.0331478377848166,reward_population_rmse,logger1_heavy,0,78,0.0026039328262532934,anchor_id,
plus,0.0,0.0,independent_latents,0.3,0.2,0.0,paired_prediction_increment,logger1_heavy,0,78,0.0,anchor_id,
plus,0.0,0.0,independent_latents,0.3,0.2,0.0,paired_increment_absolute_error,logger1_heavy,0,78,0.0,anchor_id,
minus,0.03052748729065213,0.017717715109818035,independent_latents,0.3,0.2,0.02348643118567075,reward_population_mae,logger12_balanced,0,78,0.028276680285805298,anchor_id,
minus,0.04635714717163279,0.02538609001685073,independent_latents,0.3,0.2,0.03661874099530856,reward_population_rmse,logger12_balanced,0,78,0.0035387720543097537,anchor_id,
minus,0.0,0.0,independent_latents,0.3,0.2,0.0,paired_prediction_increment,logger12_balanced,0,78,0.0,anchor_id,
minus,0.0,0.0,independent_latents,0.3,0.2,0.0,paired_increment_absolute_error,logger12_balanced,0,78,0.0,anchor_id,
base,0.029115470604147303,0.017543183282546563,independent_latents,0.3,0.2,0.023044676209888718,reward_population_mae,logger12_balanced,0,78,0.026305901380976816,anchor_id,
base,0.043710432342914024,0.024854282241770026,independent_latents,0.3,0.2,0.03484516822280752,reward_population_rmse,logger12_balanced,0,78,0.00295996567668959,anchor_id,
base,0.0,0.0,independent_latents,0.3,0.2,0.0,paired_prediction_increment,logger12_balanced,0,78,0.0,anchor_id,
base,0.0,0.0,independent_latents,0.3,0.2,0.0,paired_increment_absolute_error,logger12_balanced,0,78,0.0,anchor_id,
base,0.0,0.0,independent_latents,0.3,0.2,0.0,base_prediction_absolute_increment,logger12_balanced,0,78,0.0,anchor_id,
plus,0.02836756255043012,0.017153379117606,independent_latents,0.3,0.2,0.02227397445288497,reward_population_mae,logger12_balanced,0,78,0.02470780898869924,anchor_id,
plus,0.042137379205694554,0.024593650622662073,independent_latents,0.3,0.2,0.03314783778481654,reward_population_rmse,logger12_balanced,0,78,0.0026039328262532895,anchor_id,
plus,0.0,0.0,independent_latents,0.3,0.2,0.0,paired_prediction_increment,logger12_balanced,0,78,0.0,anchor_id,
plus,0.0,0.0,independent_latents,0.3,0.2,0.0,paired_increment_absolute_error,logger12_balanced,0,78,0.0,anchor_id,
minus,0.030767907718242348,0.017807488306250327,independent_latents,0.3,0.2,0.023486431185670648,reward_population_mae,logger2_heavy,0,78,0.028276680285805267,anchor_id,
minus,0.04739321962217918,0.025864495668264823,independent_latents,0.3,0.2,0.03661874099530847,reward_population_rmse,logger2_heavy,0,78,0.003538772054309742,anchor_id,
minus,0.0,0.0,independent_latents,0.3,0.2,0.0,paired_prediction_increment,logger2_heavy,0,78,0.0,anchor_id,
minus,0.0,0.0,independent_latents,0.3,0.2,0.0,paired_increment_absolute_error,logger2_heavy,0,78,0.0,anchor_id,
base,0.029113920346264914,0.01780541243531278,independent_latents,0.3,0.2,0.023044676209888718,reward_population_mae,logger2_heavy,0,78,0.026305901380976816,anchor_id,
base,0.04418244147754448,0.025443566820396536,independent_latents,0.3,0.2,0.03484516822280752,reward_population_rmse,logger2_heavy,0,78,0.00295996567668959,anchor_id,
base,0.0,0.0,independent_latents,0.3,0.2,0.0,paired_prediction_increment,logger2_heavy,0,78,0.0,anchor_id,
base,0.0,0.0,independent_latents,0.3,0.2,0.0,paired_increment_absolute_error,logger2_heavy,0,78,0.0,anchor_id,
base,0.0,0.0,independent_latents,0.3,0.2,0.0,base_prediction_absolute_increment,logger2_heavy,0,78,0.0,anchor_id,
plus,0.027618112159336412,0.0169721114445274,independent_latents,0.3,0.2,0.02227397445288501,reward_population_mae,logger2_heavy,0,78,0.024707808988699325,anchor_id,
plus,0.0413663095535043,0.024560819608338773,independent_latents,0.3,0.2,0.03314783778481663,reward_population_rmse,logger2_heavy,0,78,0.0026039328262532956,anchor_id,
plus,0.0,0.0,independent_latents,0.3,0.2,0.0,paired_prediction_increment,logger2_heavy,0,78,0.0,anchor_id,
plus,0.0,0.0,independent_latents,0.3,0.2,0.0,paired_increment_absolute_error,logger2_heavy,0,78,0.0,anchor_id,
minus,0.004998269420588284,-0.010634439072375334,independent_latents,0.3,0.2,-0.0022007800644993124,signed_balanced_neural_bias,logger12_balanced,0,78,0.03678913645706545,anchor_id,
minus,3.1744550008593016e-16,2.0492866662872682e-16,independent_latents,0.3,0.2,2.590520390792032e-16,signed_balanced_population_bias,logger12_balanced,0,78,2.657958724036896e-16,anchor_id,
minus,0.0,0.0,independent_latents,0.3,0.2,0.0,signed_heavy_neural_drift,logger1_minus_logger2,0,78,0.0,anchor_id,
minus,1.1529239101876627e-16,-1.4269212592137424e-17,independent_latents,0.3,0.2,5.124106267500723e-17,signed_heavy_population_drift,logger1_minus_logger2,0,78,2.833024753220114e-16,anchor_id,
minus,0.0,0.0,independent_latents,0.3,0.2,0.0,paired_heavy_prediction_increment,logger1_minus_logger2,0,78,0.0,anchor_id,
minus,0.0,0.0,independent_latents,0.3,0.2,0.0,paired_heavy_increment_absolute_error,logger1_minus_logger2,0,78,0.0,anchor_id,
base,0.0077469500019178,-0.008340706171991391,independent_latents,0.3,0.2,-0.00023259102047004155,signed_balanced_neural_bias,logger12_balanced,0,78,0.035069924342633736,anchor_id,
base,0.0,0.0,independent_latents,0.3,0.2,0.0,signed_balanced_population_bias,logger12_balanced,0,78,0.0,anchor_id,
base,0.0,0.0,independent_latents,0.3,0.2,0.0,signed_heavy_neural_drift,logger1_minus_logger2,0,78,0.0,anchor_id,
base,0.0,0.0,independent_latents,0.3,0.2,0.0,signed_heavy_population_drift,logger1_minus_logger2,0,78,0.0,anchor_id,
base,0.0,0.0,independent_latents,0.3,0.2,0.0,paired_heavy_prediction_increment,logger1_minus_logger2,0,78,0.0,anchor_id,
base,0.0,0.0,independent_latents,0.3,0.2,0.0,paired_heavy_increment_absolute_error,logger1_minus_logger2,0,78,0.0,anchor_id,
plus,0.007559031668156325,-0.006560685168065924,independent_latents,0.3,0.2,0.0009463372177777311,signed_balanced_neural_bias,logger12_balanced,0,78,0.03334879044574286,anchor_id,
plus,3.2313895149426427e-16,1.964240735875277e-16,independent_latents,0.3,0.2,2.590520390792032e-16,signed_balanced_population_bias,logger12_balanced,0,78,2.7987703711206376e-16,anchor_id,
plus,0.0,0.0,independent_latents,0.3,0.2,0.0,signed_heavy_neural_drift,logger1_minus_logger2,0,78,0.0,anchor_id,
plus,1.1956247957501685e-16,-2.846725704167068e-18,independent_latents,0.3,0.2,5.693451408334136e-17,signed_heavy_population_drift,logger1_minus_logger2,0,78,2.735581888902304e-16,anchor_id,
plus,0.0,0.0,independent_latents,0.3,0.2,0.0,paired_heavy_prediction_increment,logger1_minus_logger2,0,78,0.0,anchor_id,
plus,0.0,0.0,independent_latents,0.3,0.2,0.0,paired_heavy_increment_absolute_error,logger1_minus_logger2,0,78,0.0,anchor_id,
all,0.6282051282051282,0.41025641025641024,independent_latents,0.3,0.2,0.5128205128205128,neural_do_ranking_disagreement,logger12_balanced,0,78,0.5030708231255845,anchor_id,
all,0.002739656721394113,0.001527893708356119,independent_latents,0.3,0.2,0.0021253883642395974,neural_decision_regret,logger12_balanced,0,78,0.002814867087862088,anchor_id,
base,0.0,0.0,independent_latents,0.3,0.2,0.0,base_prediction_range_across_mixtures,all_primary,0,78,0.0,anchor_id,
base,0.0,0.0,independent_latents,0.3,0.2,0.0,base_leakage_over_balanced_direct_signal,all_primary,0,78,0.0,anchor_id,
base,0.0,0.0,independent_latents,0.3,all,0.0,base_prediction_range_across_mixture_and_lambda,all_primary,0,78,0.0,anchor_id,
minus,0.031240246913391816,0.01619531857672553,independent_latents,0.3,0.0,0.023527188454977744,reward_population_mae,logger1_heavy,1,78,0.03330844974056722,anchor_id,
minus,0.05294124796908249,0.02829901712225222,independent_latents,0.3,0.0,0.04060489707609844,reward_population_rmse,logger1_heavy,1,78,0.004447676206904278,anchor_id,
base,0.03171888226480217,0.016718334721694848,independent_latents,0.3,0.0,0.023473740391868836,reward_population_mae,logger1_heavy,1,78,0.03385937700264857,anchor_id,
base,0.05279857580906601,0.02846771301959771,independent_latents,0.3,0.0,0.04102164949214437,reward_population_rmse,logger1_heavy,1,78,0.0045364520684259245,anchor_id,
plus,0.03157948901489364,0.016976617005205488,independent_latents,0.3,0.0,0.023911298937322717,reward_population_mae,logger1_heavy,1,78,0.03320108650771693,anchor_id,
plus,0.052140182586095575,0.02856057008681639,independent_latents,0.3,0.0,0.04074224042896977,reward_population_rmse,logger1_heavy,1,78,0.004393305347509157,anchor_id,
minus,0.031593685707738905,0.016637163850498803,independent_latents,0.3,0.0,0.023527188454977786,reward_population_mae,logger12_balanced,1,78,0.03330844974056726,anchor_id,
minus,0.05286339939781326,0.027685712931029876,independent_latents,0.3,0.0,0.04060489707609849,reward_population_rmse,logger12_balanced,1,78,0.00444767620690428,anchor_id,
base,0.031134470470607144,0.016842261369235455,independent_latents,0.3,0.0,0.023473740391868836,reward_population_mae,logger12_balanced,1,78,0.03385937700264857,anchor_id,
base,0.052952377576027394,0.028154608975586408,independent_latents,0.3,0.0,0.04102164949214437,reward_population_rmse,logger12_balanced,1,78,0.0045364520684259245,anchor_id,
plus,0.03154283345329927,0.01715150821128001,independent_latents,0.3,0.0,0.023911298937322696,reward_population_mae,logger12_balanced,1,78,0.033201086507717,anchor_id,
plus,0.052111251925876276,0.0287498905421165,independent_latents,0.3,0.0,0.04074224042896982,reward_population_rmse,logger12_balanced,1,78,0.004393305347509168,anchor_id,
minus,0.03101163509569317,0.01686929030579678,independent_latents,0.3,0.0,0.023527188454977806,reward_population_mae,logger2_heavy,1,78,0.033308449740567174,anchor_id,
minus,0.05256716200179323,0.028251134062152863,independent_latents,0.3,0.0,0.04060489707609844,reward_population_rmse,logger2_heavy,1,78,0.004447676206904265,anchor_id,
base,0.03161045275617769,0.016967609458011474,independent_latents,0.3,0.0,0.023473740391868836,reward_population_mae,logger2_heavy,1,78,0.03385937700264857,anchor_id,
base,0.05282605099750098,0.028978961573914948,independent_latents,0.3,0.0,0.04102164949214437,reward_population_rmse,logger2_heavy,1,78,0.0045364520684259245,anchor_id,
plus,0.031751572852138435,0.01719947520782424,independent_latents,0.3,0.0,0.023911298937322755,reward_population_mae,logger2_heavy,1,78,0.03320108650771688,anchor_id,
plus,0.05189896954669666,0.028167588508433036,independent_latents,0.3,0.0,0.040742240428969755,reward_population_rmse,logger2_heavy,1,78,0.004393305347509154,anchor_id,
minus,-0.0021109609044212656,-0.01898659629127597,independent_latents,0.3,0.0,-0.010722390664794058,signed_balanced_neural_bias,logger12_balanced,1,78,0.03941709438469861,anchor_id,
minus,2.847081544880089e-16,1.6938017939794054e-16,independent_latents,0.3,0.0,2.29161419185449e-16,signed_balanced_population_bias,logger12_balanced,1,78,2.685955189584819e-16,anchor_id,
minus,0.0,0.0,independent_latents,0.3,0.0,0.0,signed_heavy_neural_drift,logger1_minus_logger2,1,78,0.0,anchor_id,
minus,1.4525417905512458e-16,1.708035422500241e-17,independent_latents,0.3,0.0,7.97083197166779e-17,signed_heavy_population_drift,logger1_minus_logger2,1,78,2.8622847202960194e-16,anchor_id,
base,-0.0012593611704470515,-0.018469009667379205,independent_latents,0.3,0.0,-0.009593355155233248,signed_balanced_neural_bias,logger12_balanced,1,78,0.04014227531355771,anchor_id,
base,0.0,0.0,independent_latents,0.3,0.0,0.0,signed_balanced_population_bias,logger12_balanced,1,78,0.0,anchor_id,
base,0.0,0.0,independent_latents,0.3,0.0,0.0,signed_heavy_neural_drift,logger1_minus_logger2,1,78,0.0,anchor_id,
base,0.0,0.0,independent_latents,0.3,0.0,0.0,signed_heavy_population_drift,logger1_minus_logger2,1,78,0.0,anchor_id,
plus,0.0011832266954476785,-0.016603343563170645,independent_latents,0.3,0.0,-0.0073501648925093106,signed_balanced_neural_bias,logger12_balanced,1,78,0.040333127120503916,anchor_id,
plus,3.1598655316254457e-16,1.9927079929169477e-16,independent_latents,0.3,0.0,2.562053133750361e-16,signed_balanced_population_bias,logger12_balanced,1,78,2.697658255151807e-16,anchor_id,
plus,0.0,0.0,independent_latents,0.3,0.0,0.0,signed_heavy_neural_drift,logger1_minus_logger2,1,78,0.0,anchor_id,
plus,1.3664283380001927e-16,3.985415985833895e-17,independent_latents,0.3,0.0,8.82484968291791e-17,signed_heavy_population_drift,logger1_minus_logger2,1,78,2.2799116335865505e-16,anchor_id,
all,0.6025641025641025,0.38461538461538464,independent_latents,0.3,0.0,0.48717948717948717,neural_do_ranking_disagreement,logger12_balanced,1,78,0.5030708231255845,anchor_id,
all,0.0023365566786420914,0.0013919692661808329,independent_latents,0.3,0.0,0.0018446075268282386,neural_decision_regret,logger12_balanced,1,78,0.0022368446307818126,anchor_id,
base,0.0,0.0,independent_latents,0.3,0.0,0.0,base_prediction_range_across_mixtures,all_primary,1,78,0.0,anchor_id,
minus,0.03096021811100175,0.016763952162582956,independent_latents,0.3,0.05,0.023527188454977737,reward_population_mae,logger1_heavy,1,78,0.033308449740567174,anchor_id,
minus,0.052368270052573156,0.027969311796038353,independent_latents,0.3,0.05,0.04060489707609839,reward_population_rmse,logger1_heavy,1,78,0.004447676206904261,anchor_id,
minus,0.0,0.0,independent_latents,0.3,0.05,0.0,paired_prediction_increment,logger1_heavy,1,78,0.0,anchor_id,
minus,0.0,0.0,independent_latents,0.3,0.05,0.0,paired_increment_absolute_error,logger1_heavy,1,78,0.0,anchor_id,
base,0.03196148267756495,0.01683039071347595,independent_latents,0.3,0.05,0.02347374039186885,reward_population_mae,logger1_heavy,1,78,0.03385937700264858,anchor_id,
base,0.05265501542285374,0.028085455952558652,independent_latents,0.3,0.05,0.04102164949214439,reward_population_rmse,logger1_heavy,1,78,0.004536452068425925,anchor_id,
base,0.0,0.0,independent_latents,0.3,0.05,0.0,paired_prediction_increment,logger1_heavy,1,78,0.0,anchor_id,
base,0.0,0.0,independent_latents,0.3,0.05,0.0,paired_increment_absolute_error,logger1_heavy,1,78,0.0,anchor_id,
base,0.0,0.0,independent_latents,0.3,0.05,0.0,base_prediction_absolute_increment,logger1_heavy,1,78,0.0,anchor_id,
plus,0.03178629818042198,0.016926856518422673,independent_latents,0.3,0.05,0.023911298937322724,reward_population_mae,logger1_heavy,1,78,0.03320108650771693,anchor_id,
plus,0.05145010019433451,0.02869247726023756,independent_latents,0.3,0.05,0.04074224042896977,reward_population_rmse,logger1_heavy,1,78,0.004393305347509161,anchor_id,
plus,0.0,0.0,independent_latents,0.3,0.05,0.0,paired_prediction_increment,logger1_heavy,1,78,0.0,anchor_id,
plus,0.0,0.0,independent_latents,0.3,0.05,0.0,paired_increment_absolute_error,logger1_heavy,1,78,0.0,anchor_id,
minus,0.03143579323179259,0.017045716547869832,independent_latents,0.3,0.05,0.02352718845497781,reward_population_mae,logger12_balanced,1,78,0.03330844974056724,anchor_id,
minus,0.05200616780825066,0.027942011107012506,independent_latents,0.3,0.05,0.04060489707609849,reward_population_rmse,logger12_balanced,1,78,0.004447676206904277,anchor_id,
minus,0.0,0.0,independent_latents,0.3,0.05,0.0,paired_prediction_increment,logger12_balanced,1,78,0.0,anchor_id,
minus,0.0,0.0,independent_latents,0.3,0.05,0.0,paired_increment_absolute_error,logger12_balanced,1,78,0.0,anchor_id,
base,0.0317412336161207,0.01661104101611461,independent_latents,0.3,0.05,0.02347374039186885,reward_population_mae,logger12_balanced,1,78,0.03385937700264858,anchor_id,
base,0.053048740546716454,0.02829442351606145,independent_latents,0.3,0.05,0.04102164949214439,reward_population_rmse,logger12_balanced,1,78,0.004536452068425925,anchor_id,
base,0.0,0.0,independent_latents,0.3,0.05,0.0,paired_prediction_increment,logger12_balanced,1,78,0.0,anchor_id,
base,0.0,0.0,independent_latents,0.3,0.05,0.0,paired_increment_absolute_error,logger12_balanced,1,78,0.0,anchor_id,
base,0.0,0.0,independent_latents,0.3,0.05,0.0,base_prediction_absolute_increment,logger12_balanced,1,78,0.0,anchor_id,
plus,0.031747127351000284,0.017054252997507575,independent_latents,0.3,0.05,0.02391129893732269,reward_population_mae,logger12_balanced,1,78,0.03320108650771696,anchor_id,
plus,0.05137027026489359,0.027877301344565703,independent_latents,0.3,0.05,0.04074224042896978,reward_population_rmse,logger12_balanced,1,78,0.004393305347509163,anchor_id,
plus,0.0,0.0,independent_latents,0.3,0.05,0.0,paired_prediction_increment,logger12_balanced,1,78,0.0,anchor_id,
plus,0.0,0.0,independent_latents,0.3,0.05,0.0,paired_increment_absolute_error,logger12_balanced,1,78,0.0,anchor_id,
minus,0.03208627440066708,0.016393145597778293,independent_latents,0.3,0.05,0.023527188454977813,reward_population_mae,logger2_heavy,1,78,0.0333084497405672,anchor_id,
minus,0.05208016119224969,0.027400201906157315,independent_latents,0.3,0.05,0.04060489707609846,reward_population_rmse,logger2_heavy,1,78,0.004447676206904267,anchor_id,
minus,0.0,0.0,independent_latents,0.3,0.05,0.0,paired_prediction_increment,logger2_heavy,1,78,0.0,anchor_id,
minus,0.0,0.0,independent_latents,0.3,0.05,0.0,paired_increment_absolute_error,logger2_heavy,1,78,0.0,anchor_id,
base,0.0318405062669436,0.016699023896174055,independent_latents,0.3,0.05,0.02347374039186885,reward_population_mae,logger2_heavy,1,78,0.03385937700264858,anchor_id,
base,0.052770447807910355,0.02810120980436288,independent_latents,0.3,0.05,0.04102164949214439,reward_population_rmse,logger2_heavy,1,78,0.004536452068425925,anchor_id,
base,0.0,0.0,independent_latents,0.3,0.05,0.0,paired_prediction_increment,logger2_heavy,1,78,0.0,anchor_id,
base,0.0,0.0,independent_latents,0.3,0.05,0.0,paired_increment_absolute_error,logger2_heavy,1,78,0.0,anchor_id,
base,0.0,0.0,independent_latents,0.3,0.05,0.0,base_prediction_absolute_increment,logger2_heavy,1,78,0.0,anchor_id,
plus,0.031609086928929324,0.01710014717213718,independent_latents,0.3,0.05,0.023911298937322745,reward_population_mae,logger2_heavy,1,78,0.03320108650771683,anchor_id,
plus,0.051734656160307355,0.028170314936893478,independent_latents,0.3,0.05,0.04074224042896971,reward_population_rmse,logger2_heavy,1,78,0.0043933053475091344,anchor_id,
plus,0.0,0.0,independent_latents,0.3,0.05,0.0,paired_prediction_increment,logger2_heavy,1,78,0.0,anchor_id,
plus,0.0,0.0,independent_latents,0.3,0.05,0.0,paired_increment_absolute_error,logger2_heavy,1,78,0.0,anchor_id,
minus,-0.00256185536140852,-0.020229924033933148,independent_latents,0.3,0.05,-0.010722390664794058,signed_balanced_neural_bias,logger12_balanced,1,78,0.03941709438469861,anchor_id,
minus,2.889782430442595e-16,1.764969936583582e-16,independent_latents,0.3,0.05,2.3058478203753253e-16,signed_balanced_population_bias,logger12_balanced,1,78,2.6099625562369974e-16,anchor_id,
minus,0.0,0.0,independent_latents,0.3,0.05,0.0,signed_heavy_neural_drift,logger1_minus_logger2,1,78,0.0,anchor_id,
minus,7.686159401251084e-17,-2.5691699480107787e-17,independent_latents,0.3,0.05,2.5620531337503614e-17,signed_heavy_population_drift,logger1_minus_logger2,1,78,2.3732378776636454e-16,anchor_id,
minus,0.0,0.0,independent_latents,0.3,0.05,0.0,paired_heavy_prediction_increment,logger1_minus_logger2,1,78,0.0,anchor_id,
minus,0.0,0.0,independent_latents,0.3,0.05,0.0,paired_heavy_increment_absolute_error,logger1_minus_logger2,1,78,0.0,anchor_id,
base,-0.0008615179552862989,-0.018872926442663772,independent_latents,0.3,0.05,-0.009593355155233248,signed_balanced_neural_bias,logger12_balanced,1,78,0.04014227531355771,anchor_id,
base,1.2810265668751807e-17,-1.9927079929169476e-17,independent_latents,0.3,0.05,-2.846725704167068e-18,signed_balanced_population_bias,logger12_balanced,1,78,7.371851128909131e-17,anchor_id,
base,0.0,0.0,independent_latents,0.3,0.05,0.0,signed_heavy_neural_drift,logger1_minus_logger2,1,78,0.0,anchor_id,
base,0.0,0.0,independent_latents,0.3,0.05,0.0,signed_heavy_population_drift,logger1_minus_logger2,1,78,0.0,anchor_id,
base,0.0,0.0,independent_latents,0.3,0.05,0.0,paired_heavy_prediction_increment,logger1_minus_logger2,1,78,0.0,anchor_id,
base,0.0,0.0,independent_latents,0.3,0.05,0.0,paired_heavy_increment_absolute_error,logger1_minus_logger2,1,78,0.0,anchor_id,
plus,0.0010128797692414825,-0.016830159984289626,independent_latents,0.3,0.05,-0.0073501648925093106,signed_balanced_neural_bias,logger12_balanced,1,78,0.040333127120503916,anchor_id,
plus,2.8467257041670683e-16,1.7646140958705612e-16,independent_latents,0.3,0.05,2.3058478203753253e-16,signed_balanced_population_bias,logger12_balanced,1,78,2.5099117920569556e-16,anchor_id,
plus,0.0,0.0,independent_latents,0.3,0.05,0.0,signed_heavy_neural_drift,logger1_minus_logger2,1,78,0.0,anchor_id,
plus,1.4664195783590607e-16,3.5584071302088354e-17,independent_latents,0.3,0.05,8.967185968126265e-17,signed_heavy_population_drift,logger1_minus_logger2,1,78,2.587098362683678e-16,anchor_id,
plus,0.0,0.0,independent_latents,0.3,0.05,0.0,paired_heavy_prediction_increment,logger1_minus_logger2,1,78,0.0,anchor_id,
plus,0.0,0.0,independent_latents,0.3,0.05,0.0,paired_heavy_increment_absolute_error,logger1_minus_logger2,1,78,0.0,anchor_id,
all,0.5897435897435898,0.38461538461538464,independent_latents,0.3,0.05,0.48717948717948717,neural_do_ranking_disagreement,logger12_balanced,1,78,0.5030708231255845,anchor_id,
all,0.0023822912699768637,0.001365557543068302,independent_latents,0.3,0.05,0.0018446075268282386,neural_decision_regret,logger12_balanced,1,78,0.0022368446307818126,anchor_id,
base,0.0,0.0,independent_latents,0.3,0.05,0.0,base_prediction_range_across_mixtures,all_primary,1,78,0.0,anchor_id,
base,0.0,0.0,independent_latents,0.3,0.05,0.0,base_leakage_over_balanced_direct_signal,all_primary,1,78,0.0,anchor_id,
minus,0.031893555404248396,0.01658694111497176,independent_latents,0.3,0.1,0.02352718845497777,reward_population_mae,logger1_heavy,1,78,0.0333084497405672,anchor_id,
minus,0.05196574076207087,0.02807038433878084,independent_latents,0.3,0.1,0.04060489707609844,reward_population_rmse,logger1_heavy,1,78,0.0044476762069042665,anchor_id,
minus,0.0,0.0,independent_latents,0.3,0.1,0.0,paired_prediction_increment,logger1_heavy,1,78,0.0,anchor_id,
minus,0.0,0.0,independent_latents,0.3,0.1,0.0,paired_increment_absolute_error,logger1_heavy,1,78,0.0,anchor_id,
base,0.031054897905290577,0.01684251662241228,independent_latents,0.3,0.1,0.023473740391868836,reward_population_mae,logger1_heavy,1,78,0.03385937700264857,anchor_id,
base,0.05243253776566496,0.027458942047842955,independent_latents,0.3,0.1,0.04102164949214437,reward_population_rmse,logger1_heavy,1,78,0.0045364520684259245,anchor_id,
base,0.0,0.0,independent_latents,0.3,0.1,0.0,paired_prediction_increment,logger1_heavy,1,78,0.0,anchor_id,
base,0.0,0.0,independent_latents,0.3,0.1,0.0,paired_increment_absolute_error,logger1_heavy,1,78,0.0,anchor_id,
base,0.0,0.0,independent_latents,0.3,0.1,0.0,base_prediction_absolute_increment,logger1_heavy,1,78,0.0,anchor_id,
plus,0.03222921492360038,0.016502307754529905,independent_latents,0.3,0.1,0.023911298937322682,reward_population_mae,logger1_heavy,1,78,0.03320108650771688,anchor_id,
plus,0.052296333101899406,0.027946291954096314,independent_latents,0.3,0.1,0.04074224042896971,reward_population_rmse,logger1_heavy,1,78,0.004393305347509145,anchor_id,
plus,0.0,0.0,independent_latents,0.3,0.1,0.0,paired_prediction_increment,logger1_heavy,1,78,0.0,anchor_id,
plus,0.0,0.0,independent_latents,0.3,0.1,0.0,paired_increment_absolute_error,logger1_heavy,1,78,0.0,anchor_id,
minus,0.031078532123835507,0.01663287972881684,independent_latents,0.3,0.1,0.023527188454977848,reward_population_mae,logger12_balanced,1,78,0.033308449740567236,anchor_id,
minus,0.05133974619710855,0.028118145117958952,independent_latents,0.3,0.1,0.04060489707609851,reward_population_rmse,logger12_balanced,1,78,0.004447676206904278,anchor_id,
minus,0.0,0.0,independent_latents,0.3,0.1,0.0,paired_prediction_increment,logger12_balanced,1,78,0.0,anchor_id,
minus,0.0,0.0,independent_latents,0.3,0.1,0.0,paired_increment_absolute_error,logger12_balanced,1,78,0.0,anchor_id,
base,0.03068206149102118,0.016336634691002994,independent_latents,0.3,0.1,0.023473740391868836,reward_population_mae,logger12_balanced,1,78,0.03385937700264857,anchor_id,
base,0.052786808099371405,0.02773485573694342,independent_latents,0.3,0.1,0.04102164949214437,reward_population_rmse,logger12_balanced,1,78,0.0045364520684259245,anchor_id,
base,0.0,0.0,independent_latents,0.3,0.1,0.0,paired_prediction_increment,logger12_balanced,1,78,0.0,anchor_id,
base,0.0,0.0,independent_latents,0.3,0.1,0.0,paired_increment_absolute_error,logger12_balanced,1,78,0.0,anchor_id,
base,0.0,0.0,independent_latents,0.3,0.1,0.0,base_prediction_absolute_increment,logger12_balanced,1,78,0.0,anchor_id,
plus,0.03151695238171115,0.017013479332319857,independent_latents,0.3,0.1,0.02391129893732266,reward_population_mae,logger12_balanced,1,78,0.0332010865077169,anchor_id,
plus,0.052367086086229205,0.029157899718591757,independent_latents,0.3,0.1,0.04074224042896972,reward_population_rmse,logger12_balanced,1,78,0.004393305347509147,anchor_id,
plus,0.0,0.0,independent_latents,0.3,0.1,0.0,paired_prediction_increment,logger12_balanced,1,78,0.0,anchor_id,
plus,0.0,0.0,independent_latents,0.3,0.1,0.0,paired_increment_absolute_error,logger12_balanced,1,78,0.0,anchor_id,
minus,0.03175016468542336,0.01698857846446135,independent_latents,0.3,0.1,0.023527188454977744,reward_population_mae,logger2_heavy,1,78,0.033308449740567174,anchor_id,
minus,0.051659263085294914,0.02793134902078297,independent_latents,0.3,0.1,0.04060489707609839,reward_population_rmse,logger2_heavy,1,78,0.004447676206904264,anchor_id,
minus,0.0,0.0,independent_latents,0.3,0.1,0.0,paired_prediction_increment,logger2_heavy,1,78,0.0,anchor_id,
minus,0.0,0.0,independent_latents,0.3,0.1,0.0,paired_increment_absolute_error,logger2_heavy,1,78,0.0,anchor_id,
base,0.031903231267018335,0.016332744062913032,independent_latents,0.3,0.1,0.023473740391868836,reward_population_mae,logger2_heavy,1,78,0.03385937700264857,anchor_id,
base,0.05276010470761972,0.02800796165525896,independent_latents,0.3,0.1,0.04102164949214437,reward_population_rmse,logger2_heavy,1,78,0.0045364520684259245,anchor_id,
base,0.0,0.0,independent_latents,0.3,0.1,0.0,paired_prediction_increment,logger2_heavy,1,78,0.0,anchor_id,
base,0.0,0.0,independent_latents,0.3,0.1,0.0,paired_increment_absolute_error,logger2_heavy,1,78,0.0,anchor_id,
base,0.0,0.0,independent_latents,0.3,0.1,0.0,base_prediction_absolute_increment,logger2_heavy,1,78,0.0,anchor_id,
plus,0.03174845099784174,0.01680173480453995,independent_latents,0.3,0.1,0.0239112989373227,reward_population_mae,logger2_heavy,1,78,0.03320108650771689,anchor_id,
plus,0.05301064638396468,0.027972433751775744,independent_latents,0.3,0.1,0.040742240428969734,reward_population_rmse,logger2_heavy,1,78,0.004393305347509151,anchor_id,
plus,0.0,0.0,independent_latents,0.3,0.1,0.0,paired_prediction_increment,logger2_heavy,1,78,0.0,anchor_id,
plus,0.0,0.0,independent_latents,0.3,0.1,0.0,paired_increment_absolute_error,logger2_heavy,1,78,0.0,anchor_id,
minus,-0.0018333376725501527,-0.02014588542404759,independent_latents,0.3,0.1,-0.010722390664794058,signed_balanced_neural_bias,logger12_balanced,1,78,0.03941709438469861,anchor_id,
minus,2.889426589729574e-16,1.750380467349726e-16,independent_latents,0.3,0.1,2.3058478203753253e-16,signed_balanced_population_bias,logger12_balanced,1,78,2.5853128842938937e-16,anchor_id,
minus,0.0,0.0,independent_latents,0.3,0.1,0.0,signed_heavy_neural_drift,logger1_minus_logger2,1,78,0.0,anchor_id,
minus,1.5379435616762577e-16,1.1386902816668272e-17,independent_latents,0.3,0.1,7.97083197166779e-17,signed_heavy_population_drift,logger1_minus_logger2,1,78,3.2002598619878476e-16,anchor_id,
minus,0.0,0.0,independent_latents,0.3,0.1,0.0,paired_heavy_prediction_increment,logger1_minus_logger2,1,78,0.0,anchor_id,
minus,0.0,0.0,independent_latents,0.3,0.1,0.0,paired_heavy_increment_absolute_error,logger1_minus_logger2,1,78,0.0,anchor_id,
base,-0.0005188705561453245,-0.01825906339901417,independent_latents,0.3,0.1,-0.009593355155233248,signed_balanced_neural_bias,logger12_balanced,1,78,0.04014227531355771,anchor_id,
base,1.423362852083534e-17,0.0,independent_latents,0.3,0.1,5.693451408334136e-18,signed_balanced_population_bias,logger12_balanced,1,78,3.5323957657874637e-17,anchor_id,
base,0.0,0.0,independent_latents,0.3,0.1,0.0,signed_heavy_neural_drift,logger1_minus_logger2,1,78,0.0,anchor_id,
base,0.0,0.0,independent_latents,0.3,0.1,0.0,signed_heavy_population_drift,logger1_minus_logger2,1,78,0.0,anchor_id,
base,0.0,0.0,independent_latents,0.3,0.1,0.0,paired_heavy_prediction_increment,logger1_minus_logger2,1,78,0.0,anchor_id,
base,0.0,0.0,independent_latents,0.3,0.1,0.0,paired_heavy_increment_absolute_error,logger1_minus_logger2,1,78,0.0,anchor_id,
plus,0.0009187249860150687,-0.016560621085722708,independent_latents,0.3,0.1,-0.0073501648925093106,signed_balanced_neural_bias,logger12_balanced,1,78,0.040333127120503916,anchor_id,
plus,2.662044374109229e-16,1.579576925099702e-16,independent_latents,0.3,0.1,2.1208106496044658e-16,signed_balanced_population_bias,logger12_balanced,1,78,2.5125678057344306e-16,anchor_id,
plus,0.0,0.0,independent_latents,0.3,0.1,0.0,signed_heavy_neural_drift,logger1_minus_logger2,1,78,0.0,anchor_id,
plus,1.551465508771052e-16,9.963539964584738e-18,independent_latents,0.3,0.1,7.97083197166779e-17,signed_heavy_population_drift,logger1_minus_logger2,1,78,3.313309333131092e-16,anchor_id,
plus,0.0,0.0,independent_latents,0.3,0.1,0.0,paired_heavy_prediction_increment,logger1_minus_logger2,1,78,0.0,anchor_id,
plus,0.0,0.0,independent_latents,0.3,0.1,0.0,paired_heavy_increment_absolute_error,logger1_minus_logger2,1,78,0.0,anchor_id,
all,0.6025641025641025,0.3717948717948718,independent_latents,0.3,0.1,0.48717948717948717,neural_do_ranking_disagreement,logger12_balanced,1,78,0.5030708231255845,anchor_id,
all,0.0023573438094164566,0.0013875225762078876,independent_latents,0.3,0.1,0.0018446075268282386,neural_decision_regret,logger12_balanced,1,78,0.0022368446307818126,anchor_id,
base,0.0,0.0,independent_latents,0.3,0.1,0.0,base_prediction_range_across_mixtures,all_primary,1,78,0.0,anchor_id,
base,0.0,0.0,independent_latents,0.3,0.1,0.0,base_leakage_over_balanced_direct_signal,all_primary,1,78,0.0,anchor_id,
minus,0.03154608068929658,0.016857147748083293,independent_latents,0.3,0.2,0.023527188454977775,reward_population_mae,logger1_heavy,1,78,0.033308449740567174,anchor_id,
minus,0.05230428848783564,0.028397524833749178,independent_latents,0.3,0.2,0.04060489707609842,reward_population_rmse,logger1_heavy,1,78,0.004447676206904264,anchor_id,
minus,0.0,0.0,independent_latents,0.3,0.2,0.0,paired_prediction_increment,logger1_heavy,1,78,0.0,anchor_id,
minus,0.0,0.0,independent_latents,0.3,0.2,0.0,paired_increment_absolute_error,logger1_heavy,1,78,0.0,anchor_id,
base,0.03071419005764706,0.01675888974592873,independent_latents,0.3,0.2,0.023473740391868836,reward_population_mae,logger1_heavy,1,78,0.03385937700264857,anchor_id,
base,0.05317708737545238,0.02802391946981428,independent_latents,0.3,0.2,0.04102164949214437,reward_population_rmse,logger1_heavy,1,78,0.0045364520684259245,anchor_id,
base,0.0,0.0,independent_latents,0.3,0.2,0.0,paired_prediction_increment,logger1_heavy,1,78,0.0,anchor_id,
base,0.0,0.0,independent_latents,0.3,0.2,0.0,paired_increment_absolute_error,logger1_heavy,1,78,0.0,anchor_id,
base,0.0,0.0,independent_latents,0.3,0.2,0.0,base_prediction_absolute_increment,logger1_heavy,1,78,0.0,anchor_id,
plus,0.03209956094065892,0.017258126149923274,independent_latents,0.3,0.2,0.023911298937322727,reward_population_mae,logger1_heavy,1,78,0.033201086507716936,anchor_id,
plus,0.05313612926130635,0.0285844452311787,independent_latents,0.3,0.2,0.04074224042896979,reward_population_rmse,logger1_heavy,1,78,0.0043933053475091605,anchor_id,
plus,0.0,0.0,independent_latents,0.3,0.2,0.0,paired_prediction_increment,logger1_heavy,1,78,0.0,anchor_id,
plus,0.0,0.0,independent_latents,0.3,0.2,0.0,paired_increment_absolute_error,logger1_heavy,1,78,0.0,anchor_id,
minus,0.031273156952642996,0.016717094181728204,independent_latents,0.3,0.2,0.023527188454977817,reward_population_mae,logger12_balanced,1,78,0.033308449740567264,anchor_id,
minus,0.05247830263761482,0.02780215913418157,independent_latents,0.3,0.2,0.04060489707609851,reward_population_rmse,logger12_balanced,1,78,0.0044476762069042795,anchor_id,
minus,0.0,0.0,independent_latents,0.3,0.2,0.0,paired_prediction_increment,logger12_balanced,1,78,0.0,anchor_id,
minus,0.0,0.0,independent_latents,0.3,0.2,0.0,paired_increment_absolute_error,logger12_balanced,1,78,0.0,anchor_id,
base,0.03185760587405478,0.01711587981658911,independent_latents,0.3,0.2,0.023473740391868836,reward_population_mae,logger12_balanced,1,78,0.03385937700264857,anchor_id,
base,0.05184813747050257,0.02914478571618372,independent_latents,0.3,0.2,0.04102164949214437,reward_population_rmse,logger12_balanced,1,78,0.0045364520684259245,anchor_id,
base,0.0,0.0,independent_latents,0.3,0.2,0.0,paired_prediction_increment,logger12_balanced,1,78,0.0,anchor_id,
base,0.0,0.0,independent_latents,0.3,0.2,0.0,paired_increment_absolute_error,logger12_balanced,1,78,0.0,anchor_id,
base,0.0,0.0,independent_latents,0.3,0.2,0.0,base_prediction_absolute_increment,logger12_balanced,1,78,0.0,anchor_id,
plus,0.031243130496401334,0.01737809887517499,independent_latents,0.3,0.2,0.02391129893732269,reward_population_mae,logger12_balanced,1,78,0.03320108650771699,anchor_id,
plus,0.05199570013346657,0.02846860720998141,independent_latents,0.3,0.2,0.04074224042896982,reward_population_rmse,logger12_balanced,1,78,0.004393305347509171,anchor_id,
plus,0.0,0.0,independent_latents,0.3,0.2,0.0,paired_prediction_increment,logger12_balanced,1,78,0.0,anchor_id,
plus,0.0,0.0,independent_latents,0.3,0.2,0.0,paired_increment_absolute_error,logger12_balanced,1,78,0.0,anchor_id,
minus,0.031184656935760943,0.016956652512950685,independent_latents,0.3,0.2,0.023527188454977706,reward_population_mae,logger2_heavy,1,78,0.03330844974056719,anchor_id,
minus,0.05253980347259257,0.02791827546980502,independent_latents,0.3,0.2,0.040604897076098385,reward_population_rmse,logger2_heavy,1,78,0.004447676206904262,anchor_id,
minus,0.0,0.0,independent_latents,0.3,0.2,0.0,paired_prediction_increment,logger2_heavy,1,78,0.0,anchor_id,
minus,0.0,0.0,independent_latents,0.3,0.2,0.0,paired_increment_absolute_error,logger2_heavy,1,78,0.0,anchor_id,
base,0.030991946602399175,0.016264670939333876,independent_latents,0.3,0.2,0.023473740391868836,reward_population_mae,logger2_heavy,1,78,0.03385937700264857,anchor_id,
base,0.05242591525785755,0.02843882245675168,independent_latents,0.3,0.2,0.04102164949214437,reward_population_rmse,logger2_heavy,1,78,0.0045364520684259245,anchor_id,
base,0.0,0.0,independent_latents,0.3,0.2,0.0,paired_prediction_increment,logger2_heavy,1,78,0.0,anchor_id,
base,0.0,0.0,independent_latents,0.3,0.2,0.0,paired_increment_absolute_error,logger2_heavy,1,78,0.0,anchor_id,
base,0.0,0.0,independent_latents,0.3,0.2,0.0,base_prediction_absolute_increment,logger2_heavy,1,78,0.0,anchor_id,
plus,0.031888844095453624,0.017353390969167125,independent_latents,0.3,0.2,0.023911298937322696,reward_population_mae,logger2_heavy,1,78,0.033201086507716915,anchor_id,
plus,0.05180138038739964,0.027785059968497595,independent_latents,0.3,0.2,0.04074224042896975,reward_population_rmse,logger2_heavy,1,78,0.004393305347509155,anchor_id,
plus,0.0,0.0,independent_latents,0.3,0.2,0.0,paired_prediction_increment,logger2_heavy,1,78,0.0,anchor_id,
plus,0.0,0.0,independent_latents,0.3,0.2,0.0,paired_increment_absolute_error,logger2_heavy,1,78,0.0,anchor_id,
minus,-0.002147454974423914,-0.020094766464681935,independent_latents,0.3,0.2,-0.010722390664794058,signed_balanced_neural_bias,logger12_balanced,1,78,0.03941709438469861,anchor_id,
minus,3.216800045708787e-16,2.006941621437783e-16,independent_latents,0.3,0.2,2.590520390792032e-16,signed_balanced_population_bias,logger12_balanced,1,78,2.657958724036896e-16,anchor_id,
minus,0.0,0.0,independent_latents,0.3,0.2,0.0,signed_heavy_neural_drift,logger1_minus_logger2,1,78,0.0,anchor_id,
minus,1.138690281666827e-16,-7.11681426041767e-18,independent_latents,0.3,0.2,5.124106267500723e-17,signed_heavy_population_drift,logger1_minus_logger2,1,78,2.833024753220114e-16,anchor_id,
minus,0.0,0.0,independent_latents,0.3,0.2,0.0,paired_heavy_prediction_increment,logger1_minus_logger2,1,78,0.0,anchor_id,
minus,0.0,0.0,independent_latents,0.3,0.2,0.0,paired_heavy_increment_absolute_error,logger1_minus_logger2,1,78,0.0,anchor_id,
base,-0.0009921500694880332,-0.01910693455206026,independent_latents,0.3,0.2,-0.009593355155233248,signed_balanced_neural_bias,logger12_balanced,1,78,0.04014227531355771,anchor_id,
base,0.0,0.0,independent_latents,0.3,0.2,0.0,signed_balanced_population_bias,logger12_balanced,1,78,0.0,anchor_id,
base,0.0,0.0,independent_latents,0.3,0.2,0.0,signed_heavy_neural_drift,logger1_minus_logger2,1,78,0.0,anchor_id,
base,0.0,0.0,independent_latents,0.3,0.2,0.0,signed_heavy_population_drift,logger1_minus_logger2,1,78,0.0,anchor_id,
base,0.0,0.0,independent_latents,0.3,0.2,0.0,paired_heavy_prediction_increment,logger1_minus_logger2,1,78,0.0,anchor_id,
base,0.0,0.0,independent_latents,0.3,0.2,0.0,paired_heavy_increment_absolute_error,logger1_minus_logger2,1,78,0.0,anchor_id,
plus,0.001755169427532067,-0.016104135475667497,independent_latents,0.3,0.2,-0.0073501648925093106,signed_balanced_neural_bias,logger12_balanced,1,78,0.040333127120503916,anchor_id,
plus,3.216800045708787e-16,1.9923521522039268e-16,independent_latents,0.3,0.2,2.590520390792032e-16,signed_balanced_population_bias,logger12_balanced,1,78,2.7987703711206376e-16,anchor_id,
plus,0.0,0.0,independent_latents,0.3,0.2,0.0,signed_heavy_neural_drift,logger1_minus_logger2,1,78,0.0,anchor_id,
plus,1.167157538708498e-16,0.0,independent_latents,0.3,0.2,5.693451408334136e-17,signed_heavy_population_drift,logger1_minus_logger2,1,78,2.735581888902304e-16,anchor_id,
plus,0.0,0.0,independent_latents,0.3,0.2,0.0,paired_heavy_prediction_increment,logger1_minus_logger2,1,78,0.0,anchor_id,
plus,0.0,0.0,independent_latents,0.3,0.2,0.0,paired_heavy_increment_absolute_error,logger1_minus_logger2,1,78,0.0,anchor_id,
all,0.5897435897435898,0.38461538461538464,independent_latents,0.3,0.2,0.48717948717948717,neural_do_ranking_disagreement,logger12_balanced,1,78,0.5030708231255845,anchor_id,
all,0.002385575215371731,0.0013707807159838703,independent_latents,0.3,0.2,0.0018446075268282386,neural_decision_regret,logger12_balanced,1,78,0.0022368446307818126,anchor_id,
base,0.0,0.0,independent_latents,0.3,0.2,0.0,base_prediction_range_across_mixtures,all_primary,1,78,0.0,anchor_id,
base,0.0,0.0,independent_latents,0.3,0.2,0.0,base_leakage_over_balanced_direct_signal,all_primary,1,78,0.0,anchor_id,
base,0.0,0.0,independent_latents,0.3,all,0.0,base_prediction_range_across_mixture_and_lambda,all_primary,1,78,0.0,anchor_id,
minus,0.04184312737288862,0.019251304099165898,independent_latents,0.3,0.0,0.029391267032359086,reward_population_mae,logger1_heavy,2,78,0.051008016172072734,anchor_id,
minus,0.0835401757485574,0.029582160108634403,independent_latents,0.3,0.0,0.05858589979014854,reward_population_rmse,logger1_heavy,2,78,0.0135737467502442,anchor_id,
base,0.040555259449706074,0.018884084140253617,independent_latents,0.3,0.0,0.028307800364539677,reward_population_mae,logger1_heavy,2,78,0.05057169366473989,anchor_id,
base,0.08240917171232098,0.02994657512370551,independent_latents,0.3,0.0,0.05767182456604673,reward_population_rmse,logger1_heavy,2,78,0.013566649421656956,anchor_id,
plus,0.0395211825793531,0.018367980336687566,independent_latents,0.3,0.0,0.02754707880833167,reward_population_mae,logger1_heavy,2,78,0.04775814547931881,anchor_id,
plus,0.07839115789541727,0.027252488278732185,independent_latents,0.3,0.0,0.05486748095312983,reward_population_rmse,logger1_heavy,2,78,0.012372322276052386,anchor_id,
minus,0.041659571622246185,0.01968062770378677,independent_latents,0.3,0.0,0.029391267032359104,reward_population_mae,logger12_balanced,2,78,0.0510080161720727,anchor_id,
minus,0.08279926676692548,0.029095680189461653,independent_latents,0.3,0.0,0.05858589979014852,reward_population_rmse,logger12_balanced,2,78,0.013573746750244182,anchor_id,
base,0.04008579980032177,0.018213028301136937,independent_latents,0.3,0.0,0.028307800364539677,reward_population_mae,logger12_balanced,2,78,0.05057169366473989,anchor_id,
base,0.08127819891319446,0.03002899309932791,independent_latents,0.3,0.0,0.05767182456604673,reward_population_rmse,logger12_balanced,2,78,0.013566649421656956,anchor_id,
plus,0.039082082382261185,0.01819421998996668,independent_latents,0.3,0.0,0.027547078808331717,reward_population_mae,logger12_balanced,2,78,0.047758145479318836,anchor_id,
plus,0.07882032214504978,0.029687040180458032,independent_latents,0.3,0.0,0.05486748095312988,reward_population_rmse,logger12_balanced,2,78,0.012372322276052389,anchor_id,
minus,0.041126800910325084,0.019935652436175597,independent_latents,0.3,0.0,0.02939126703235907,reward_population_mae,logger2_heavy,2,78,0.051008016172072686,anchor_id,
minus,0.08417140337115563,0.03156433327694266,independent_latents,0.3,0.0,0.0585858997901485,reward_population_rmse,logger2_heavy,2,78,0.013573746750244175,anchor_id,
base,0.0400582222922828,0.01838785260876145,independent_latents,0.3,0.0,0.028307800364539677,reward_population_mae,logger2_heavy,2,78,0.05057169366473989,anchor_id,
base,0.08259852286864573,0.030384579030686643,independent_latents,0.3,0.0,0.05767182456604673,reward_population_rmse,logger2_heavy,2,78,0.013566649421656956,anchor_id,
plus,0.039278529273398366,0.017965836380453234,independent_latents,0.3,0.0,0.027547078808331682,reward_population_mae,logger2_heavy,2,78,0.04775814547931881,anchor_id,
plus,0.0776348025125579,0.02841975741530811,independent_latents,0.3,0.0,0.05486748095312983,reward_population_rmse,logger2_heavy,2,78,0.012372322276052386,anchor_id,
minus,0.011226850991572604,-0.015668536486416126,independent_latents,0.3,0.0,-0.0025855249720567984,signed_balanced_neural_bias,logger12_balanced,2,78,0.05890765078940452,anchor_id,
minus,2.9036602182504095e-16,1.7222690510210762e-16,independent_latents,0.3,0.0,2.29161419185449e-16,signed_balanced_population_bias,logger12_balanced,2,78,2.685955189584819e-16,anchor_id,
minus,0.0,0.0,independent_latents,0.3,0.0,0.0,signed_heavy_neural_drift,logger1_minus_logger2,2,78,0.0,anchor_id,
minus,1.4233628520835341e-16,1.1315734674064098e-17,independent_latents,0.3,0.0,7.97083197166779e-17,signed_heavy_population_drift,logger1_minus_logger2,2,78,2.8622847202960194e-16,anchor_id,
base,0.010020549263494233,-0.016770571309774714,independent_latents,0.3,0.0,-0.003297378038543788,signed_balanced_neural_bias,logger12_balanced,2,78,0.057950157542016434,anchor_id,
base,0.0,0.0,independent_latents,0.3,0.0,0.0,signed_balanced_population_bias,logger12_balanced,2,78,0.0,anchor_id,
base,0.0,0.0,independent_latents,0.3,0.0,0.0,signed_heavy_neural_drift,logger1_minus_logger2,2,78,0.0,anchor_id,
base,0.0,0.0,independent_latents,0.3,0.0,0.0,signed_heavy_population_drift,logger1_minus_logger2,2,78,0.0,anchor_id,
plus,0.007562226850992548,-0.015841876404904816,independent_latents,0.3,0.0,-0.003408233595789281,signed_balanced_neural_bias,logger12_balanced,2,78,0.05511597029406013,anchor_id,
plus,3.1744550008593016e-16,1.9927079929169477e-16,independent_latents,0.3,0.0,2.562053133750361e-16,signed_balanced_population_bias,logger12_balanced,2,78,2.697658255151807e-16,anchor_id,
plus,0.0,0.0,independent_latents,0.3,0.0,0.0,signed_heavy_neural_drift,logger1_minus_logger2,2,78,0.0,anchor_id,
plus,1.4091292235626986e-16,3.985415985833895e-17,independent_latents,0.3,0.0,8.82484968291791e-17,signed_heavy_population_drift,logger1_minus_logger2,2,78,2.2799116335865505e-16,anchor_id,
all,0.5512820512820513,0.34615384615384615,independent_latents,0.3,0.0,0.44871794871794873,neural_do_ranking_disagreement,logger12_balanced,2,78,0.5005824113797352,anchor_id,
all,0.002346503809688416,0.0011824393595336192,independent_latents,0.3,0.0,0.0017444976303937943,neural_decision_regret,logger12_balanced,2,78,0.002654128877390097,anchor_id,
base,0.0,0.0,independent_latents,0.3,0.0,0.0,base_prediction_range_across_mixtures,all_primary,2,78,0.0,anchor_id,
minus,0.04100509767202359,0.01915355249671061,independent_latents,0.3,0.05,0.029391267032359048,reward_population_mae,logger1_heavy,2,78,0.051008016172072686,anchor_id,
minus,0.08292348962346102,0.03017850150707863,independent_latents,0.3,0.05,0.058585899790148485,reward_population_rmse,logger1_heavy,2,78,0.013573746750244175,anchor_id,
minus,0.0,0.0,independent_latents,0.3,0.05,0.0,paired_prediction_increment,logger1_heavy,2,78,0.0,anchor_id,
minus,0.0,0.0,independent_latents,0.3,0.05,0.0,paired_increment_absolute_error,logger1_heavy,2,78,0.0,anchor_id,
base,0.04094643063972877,0.018225408962623875,independent_latents,0.3,0.05,0.02830780036453967,reward_population_mae,logger1_heavy,2,78,0.050571693664739896,anchor_id,
base,0.08169582042483362,0.029814385470494097,independent_latents,0.3,0.05,0.057671824566046734,reward_population_rmse,logger1_heavy,2,78,0.013566649421656956,anchor_id,
base,0.0,0.0,independent_latents,0.3,0.05,0.0,paired_prediction_increment,logger1_heavy,2,78,0.0,anchor_id,
base,0.0,0.0,independent_latents,0.3,0.05,0.0,paired_increment_absolute_error,logger1_heavy,2,78,0.0,anchor_id,
base,0.0,0.0,independent_latents,0.3,0.05,0.0,base_prediction_absolute_increment,logger1_heavy,2,78,0.0,anchor_id,
plus,0.03992459584411751,0.018258228005786834,independent_latents,0.3,0.05,0.02754707880833168,reward_population_mae,logger1_heavy,2,78,0.04775814547931881,anchor_id,
plus,0.07902169314463767,0.029130665242206918,independent_latents,0.3,0.05,0.054867480953129835,reward_population_rmse,logger1_heavy,2,78,0.012372322276052389,anchor_id,
plus,0.0,0.0,independent_latents,0.3,0.05,0.0,paired_prediction_increment,logger1_heavy,2,78,0.0,anchor_id,
plus,0.0,0.0,independent_latents,0.3,0.05,0.0,paired_increment_absolute_error,logger1_heavy,2,78,0.0,anchor_id,
minus,0.04123749147553844,0.019144897711291523,independent_latents,0.3,0.05,0.029391267032359128,reward_population_mae,logger12_balanced,2,78,0.05100801617207271,anchor_id,
minus,0.081305956718299,0.029928730006279863,independent_latents,0.3,0.05,0.058585899790148534,reward_population_rmse,logger12_balanced,2,78,0.013573746750244182,anchor_id,
minus,0.0,0.0,independent_latents,0.3,0.05,0.0,paired_prediction_increment,logger12_balanced,2,78,0.0,anchor_id,
minus,0.0,0.0,independent_latents,0.3,0.05,0.0,paired_increment_absolute_error,logger12_balanced,2,78,0.0,anchor_id,
base,0.04156992704135728,0.018518274152659775,independent_latents,0.3,0.05,0.02830780036453967,reward_population_mae,logger12_balanced,2,78,0.050571693664739896,anchor_id,
base,0.08186573891514287,0.02931349537742062,independent_latents,0.3,0.05,0.057671824566046734,reward_population_rmse,logger12_balanced,2,78,0.013566649421656956,anchor_id,
base,0.0,0.0,independent_latents,0.3,0.05,0.0,paired_prediction_increment,logger12_balanced,2,78,0.0,anchor_id,
base,0.0,0.0,independent_latents,0.3,0.05,0.0,paired_increment_absolute_error,logger12_balanced,2,78,0.0,anchor_id,
base,0.0,0.0,independent_latents,0.3,0.05,0.0,base_prediction_absolute_increment,logger12_balanced,2,78,0.0,anchor_id,
plus,0.03915541346322757,0.017925167719574933,independent_latents,0.3,0.05,0.027547078808331706,reward_population_mae,logger12_balanced,2,78,0.0477581454793188,anchor_id,
plus,0.07880879219145347,0.02782390373933143,independent_latents,0.3,0.05,0.054867480953129835,reward_population_rmse,logger12_balanced,2,78,0.012372322276052384,anchor_id,
plus,0.0,0.0,independent_latents,0.3,0.05,0.0,paired_prediction_increment,logger12_balanced,2,78,0.0,anchor_id,
plus,0.0,0.0,independent_latents,0.3,0.05,0.0,paired_increment_absolute_error,logger12_balanced,2,78,0.0,anchor_id,
minus,0.04138614209780127,0.019831414383243286,independent_latents,0.3,0.05,0.029391267032359083,reward_population_mae,logger2_heavy,2,78,0.05100801617207266,anchor_id,
minus,0.08318320929679485,0.031025927309326892,independent_latents,0.3,0.05,0.05858589979014848,reward_population_rmse,logger2_heavy,2,78,0.01357374675024416,anchor_id,
minus,0.0,0.0,independent_latents,0.3,0.05,0.0,paired_prediction_increment,logger2_heavy,2,78,0.0,anchor_id,
minus,0.0,0.0,independent_latents,0.3,0.05,0.0,paired_increment_absolute_error,logger2_heavy,2,78,0.0,anchor_id,
base,0.04075550077841184,0.018646727954152478,independent_latents,0.3,0.05,0.02830780036453967,reward_population_mae,logger2_heavy,2,78,0.050571693664739896,anchor_id,
base,0.08081467671625955,0.028635217892718536,independent_latents,0.3,0.05,0.057671824566046734,reward_population_rmse,logger2_heavy,2,78,0.013566649421656956,anchor_id,
base,0.0,0.0,independent_latents,0.3,0.05,0.0,paired_prediction_increment,logger2_heavy,2,78,0.0,anchor_id,
base,0.0,0.0,independent_latents,0.3,0.05,0.0,paired_increment_absolute_error,logger2_heavy,2,78,0.0,anchor_id,
base,0.0,0.0,independent_latents,0.3,0.05,0.0,base_prediction_absolute_increment,logger2_heavy,2,78,0.0,anchor_id,
plus,0.039643126348587195,0.01852174695596932,independent_latents,0.3,0.05,0.027547078808331644,reward_population_mae,logger2_heavy,2,78,0.04775814547931875,anchor_id,
plus,0.0780181736965443,0.027492780496599922,independent_latents,0.3,0.05,0.054867480953129766,reward_population_rmse,logger2_heavy,2,78,0.012372322276052335,anchor_id,
plus,0.0,0.0,independent_latents,0.3,0.05,0.0,paired_prediction_increment,logger2_heavy,2,78,0.0,anchor_id,
plus,0.0,0.0,independent_latents,0.3,0.05,0.0,paired_increment_absolute_error,logger2_heavy,2,78,0.0,anchor_id,
minus,0.009657816833079983,-0.016356358444058014,independent_latents,0.3,0.05,-0.0025855249720567984,signed_balanced_neural_bias,logger12_balanced,2,78,0.05890765078940452,anchor_id,
minus,2.8467257041670683e-16,1.7361468388288906e-16,independent_latents,0.3,0.05,2.3058478203753253e-16,signed_balanced_population_bias,logger12_balanced,2,78,2.6099625562369974e-16,anchor_id,
minus,0.0,0.0,independent_latents,0.3,0.05,0.0,signed_heavy_neural_drift,logger1_minus_logger2,2,78,0.0,anchor_id,
minus,7.686159401251084e-17,-2.5620531337503614e-17,independent_latents,0.3,0.05,2.5620531337503614e-17,signed_heavy_population_drift,logger1_minus_logger2,2,78,2.3732378776636454e-16,anchor_id,
minus,0.0,0.0,independent_latents,0.3,0.05,0.0,paired_heavy_prediction_increment,logger1_minus_logger2,2,78,0.0,anchor_id,
minus,0.0,0.0,independent_latents,0.3,0.05,0.0,paired_heavy_increment_absolute_error,logger1_minus_logger2,2,78,0.0,anchor_id,
base,0.009103868818815324,-0.016556232601763362,independent_latents,0.3,0.05,-0.003297378038543788,signed_balanced_neural_bias,logger12_balanced,2,78,0.057950157542016434,anchor_id,
base,1.5656991372918874e-17,-1.850371707708594e-17,independent_latents,0.3,0.05,-2.846725704167068e-18,signed_balanced_population_bias,logger12_balanced,2,78,7.371851128909131e-17,anchor_id,
base,0.0,0.0,independent_latents,0.3,0.05,0.0,signed_heavy_neural_drift,logger1_minus_logger2,2,78,0.0,anchor_id,
base,0.0,0.0,independent_latents,0.3,0.05,0.0,signed_heavy_population_drift,logger1_minus_logger2,2,78,0.0,anchor_id,
base,0.0,0.0,independent_latents,0.3,0.05,0.0,paired_heavy_prediction_increment,logger1_minus_logger2,2,78,0.0,anchor_id,
base,0.0,0.0,independent_latents,0.3,0.05,0.0,paired_heavy_increment_absolute_error,logger1_minus_logger2,2,78,0.0,anchor_id,
plus,0.008582092293289002,-0.016370736384628767,independent_latents,0.3,0.05,-0.003408233595789281,signed_balanced_neural_bias,logger12_balanced,2,78,0.05511597029406013,anchor_id,
plus,2.8467257041670683e-16,1.7365026795419115e-16,independent_latents,0.3,0.05,2.3058478203753253e-16,signed_balanced_population_bias,logger12_balanced,2,78,2.5099117920569556e-16,anchor_id,
plus,0.0,0.0,independent_latents,0.3,0.05,0.0,signed_heavy_neural_drift,logger1_minus_logger2,2,78,0.0,anchor_id,
plus,1.4521859498382254e-16,3.985415985833895e-17,independent_latents,0.3,0.05,8.967185968126265e-17,signed_heavy_population_drift,logger1_minus_logger2,2,78,2.587098362683678e-16,anchor_id,
plus,0.0,0.0,independent_latents,0.3,0.05,0.0,paired_heavy_prediction_increment,logger1_minus_logger2,2,78,0.0,anchor_id,
plus,0.0,0.0,independent_latents,0.3,0.05,0.0,paired_heavy_increment_absolute_error,logger1_minus_logger2,2,78,0.0,anchor_id,
all,0.5516025641025638,0.3333333333333333,independent_latents,0.3,0.05,0.44871794871794873,neural_do_ranking_disagreement,logger12_balanced,2,78,0.5005824113797352,anchor_id,
all,0.0023389792386135414,0.0012133431255993362,independent_latents,0.3,0.05,0.0017444976303937943,neural_decision_regret,logger12_balanced,2,78,0.002654128877390097,anchor_id,
base,0.0,0.0,independent_latents,0.3,0.05,0.0,base_prediction_range_across_mixtures,all_primary,2,78,0.0,anchor_id,
base,0.0,0.0,independent_latents,0.3,0.05,0.0,base_leakage_over_balanced_direct_signal,all_primary,2,78,0.0,anchor_id,
minus,0.04187442344787038,0.01872889507610943,independent_latents,0.3,0.1,0.029391267032359086,reward_population_mae,logger1_heavy,2,78,0.05100801617207271,anchor_id,
minus,0.08348815634440948,0.031138901446538,independent_latents,0.3,0.1,0.05858589979014853,reward_population_rmse,logger1_heavy,2,78,0.013573746750244177,anchor_id,
minus,0.0,0.0,independent_latents,0.3,0.1,0.0,paired_prediction_increment,logger1_heavy,2,78,0.0,anchor_id,
minus,0.0,0.0,independent_latents,0.3,0.1,0.0,paired_increment_absolute_error,logger1_heavy,2,78,0.0,anchor_id,
base,0.04100815075074248,0.018556706461135584,independent_latents,0.3,0.1,0.028307800364539667,reward_population_mae,logger1_heavy,2,78,0.05057169366473988,anchor_id,
base,0.08220785735614279,0.02835936556013,independent_latents,0.3,0.1,0.05767182456604673,reward_population_rmse,logger1_heavy,2,78,0.013566649421656956,anchor_id,
base,0.0,0.0,independent_latents,0.3,0.1,0.0,paired_prediction_increment,logger1_heavy,2,78,0.0,anchor_id,
base,0.0,0.0,independent_latents,0.3,0.1,0.0,paired_increment_absolute_error,logger1_heavy,2,78,0.0,anchor_id,
base,0.0,0.0,independent_latents,0.3,0.1,0.0,base_prediction_absolute_increment,logger1_heavy,2,78,0.0,anchor_id,
plus,0.038823601922967695,0.018303389465691253,independent_latents,0.3,0.1,0.02754707880833169,reward_population_mae,logger1_heavy,2,78,0.04775814547931877,anchor_id,
plus,0.07720758582238202,0.029234804675080026,independent_latents,0.3,0.1,0.0548674809531298,reward_population_rmse,logger1_heavy,2,78,0.012372322276052363,anchor_id,
plus,0.0,0.0,independent_latents,0.3,0.1,0.0,paired_prediction_increment,logger1_heavy,2,78,0.0,anchor_id,
plus,0.0,0.0,independent_latents,0.3,0.1,0.0,paired_increment_absolute_error,logger1_heavy,2,78,0.0,anchor_id,
minus,0.04189197169223579,0.019786309028039007,independent_latents,0.3,0.1,0.02939126703235905,reward_population_mae,logger12_balanced,2,78,0.051008016172072686,anchor_id,
minus,0.08186804776166492,0.030721852822457502,independent_latents,0.3,0.1,0.058585899790148485,reward_population_rmse,logger12_balanced,2,78,0.013573746750244161,anchor_id,
minus,0.0,0.0,independent_latents,0.3,0.1,0.0,paired_prediction_increment,logger12_balanced,2,78,0.0,anchor_id,
minus,0.0,0.0,independent_latents,0.3,0.1,0.0,paired_increment_absolute_error,logger12_balanced,2,78,0.0,anchor_id,
base,0.04035422829264644,0.01818891939829066,independent_latents,0.3,0.1,0.028307800364539667,reward_population_mae,logger12_balanced,2,78,0.05057169366473988,anchor_id,
base,0.08298117083215448,0.03059272538128697,independent_latents,0.3,0.1,0.05767182456604673,reward_population_rmse,logger12_balanced,2,78,0.013566649421656956,anchor_id,
base,0.0,0.0,independent_latents,0.3,0.1,0.0,paired_prediction_increment,logger12_balanced,2,78,0.0,anchor_id,
base,0.0,0.0,independent_latents,0.3,0.1,0.0,paired_increment_absolute_error,logger12_balanced,2,78,0.0,anchor_id,
base,0.0,0.0,independent_latents,0.3,0.1,0.0,base_prediction_absolute_increment,logger12_balanced,2,78,0.0,anchor_id,
plus,0.03894413530051581,0.01847542535017759,independent_latents,0.3,0.1,0.027547078808331654,reward_population_mae,logger12_balanced,2,78,0.04775814547931878,anchor_id,
plus,0.07910194597753156,0.027438798777914063,independent_latents,0.3,0.1,0.054867480953129794,reward_population_rmse,logger12_balanced,2,78,0.012372322276052354,anchor_id,
plus,0.0,0.0,independent_latents,0.3,0.1,0.0,paired_prediction_increment,logger12_balanced,2,78,0.0,anchor_id,
plus,0.0,0.0,independent_latents,0.3,0.1,0.0,paired_increment_absolute_error,logger12_balanced,2,78,0.0,anchor_id,
minus,0.041455405124319056,0.01954680041216936,independent_latents,0.3,0.1,0.029391267032359048,reward_population_mae,logger2_heavy,2,78,0.051008016172072713,anchor_id,
minus,0.08126788144772543,0.030738474617490408,independent_latents,0.3,0.1,0.05858589979014851,reward_population_rmse,logger2_heavy,2,78,0.013573746750244177,anchor_id,
minus,0.0,0.0,independent_latents,0.3,0.1,0.0,paired_prediction_increment,logger2_heavy,2,78,0.0,anchor_id,
minus,0.0,0.0,independent_latents,0.3,0.1,0.0,paired_increment_absolute_error,logger2_heavy,2,78,0.0,anchor_id,
base,0.03959392282815249,0.01850608846182018,independent_latents,0.3,0.1,0.028307800364539667,reward_population_mae,logger2_heavy,2,78,0.05057169366473988,anchor_id,
base,0.08223193523630115,0.029255585292902557,independent_latents,0.3,0.1,0.05767182456604673,reward_population_rmse,logger2_heavy,2,78,0.013566649421656956,anchor_id,
base,0.0,0.0,independent_latents,0.3,0.1,0.0,paired_prediction_increment,logger2_heavy,2,78,0.0,anchor_id,
base,0.0,0.0,independent_latents,0.3,0.1,0.0,paired_increment_absolute_error,logger2_heavy,2,78,0.0,anchor_id,
base,0.0,0.0,independent_latents,0.3,0.1,0.0,base_prediction_absolute_increment,logger2_heavy,2,78,0.0,anchor_id,
plus,0.03966789239655457,0.018251862033169333,independent_latents,0.3,0.1,0.0275470788083317,reward_population_mae,logger2_heavy,2,78,0.04775814547931882,anchor_id,
plus,0.08040633043535705,0.029459141197233425,independent_latents,0.3,0.1,0.054867480953129856,reward_population_rmse,logger2_heavy,2,78,0.012372322276052386,anchor_id,
plus,0.0,0.0,independent_latents,0.3,0.1,0.0,paired_prediction_increment,logger2_heavy,2,78,0.0,anchor_id,
plus,0.0,0.0,independent_latents,0.3,0.1,0.0,paired_increment_absolute_error,logger2_heavy,2,78,0.0,anchor_id,
minus,0.010085307746000574,-0.01479937063812191,independent_latents,0.3,0.1,-0.0025855249720567984,signed_balanced_neural_bias,logger12_balanced,2,78,0.05890765078940452,anchor_id,
minus,2.9036602182504095e-16,1.7222690510210762e-16,independent_latents,0.3,0.1,2.3058478203753253e-16,signed_balanced_population_bias,logger12_balanced,2,78,2.5853128842938937e-16,anchor_id,
minus,0.0,0.0,independent_latents,0.3,0.1,0.0,signed_heavy_neural_drift,logger1_minus_logger2,2,78,0.0,anchor_id,
minus,1.5372318802502167e-16,1.1386902816668272e-17,independent_latents,0.3,0.1,7.97083197166779e-17,signed_heavy_population_drift,logger1_minus_logger2,2,78,3.2002598619878476e-16,anchor_id,
minus,0.0,0.0,independent_latents,0.3,0.1,0.0,paired_heavy_prediction_increment,logger1_minus_logger2,2,78,0.0,anchor_id,
minus,0.0,0.0,independent_latents,0.3,0.1,0.0,paired_heavy_increment_absolute_error,logger1_minus_logger2,2,78,0.0,anchor_id,
base,0.010004877233104842,-0.01651719189397588,independent_latents,0.3,0.1,-0.003297378038543788,signed_balanced_neural_bias,logger12_balanced,2,78,0.057950157542016434,anchor_id,
base,1.423362852083534e-17,0.0,independent_latents,0.3,0.1,5.693451408334136e-18,signed_balanced_population_bias,logger12_balanced,2,78,3.5323957657874637e-17,anchor_id,
base,0.0,0.0,independent_latents,0.3,0.1,0.0,signed_heavy_neural_drift,logger1_minus_logger2,2,78,0.0,anchor_id,
base,0.0,0.0,independent_latents,0.3,0.1,0.0,signed_heavy_population_drift,logger1_minus_logger2,2,78,0.0,anchor_id,
base,0.0,0.0,independent_latents,0.3,0.1,0.0,paired_heavy_prediction_increment,logger1_minus_logger2,2,78,0.0,anchor_id,
base,0.0,0.0,independent_latents,0.3,0.1,0.0,paired_heavy_increment_absolute_error,logger1_minus_logger2,2,78,0.0,anchor_id,
plus,0.008362803263919461,-0.01623870320818327,independent_latents,0.3,0.1,-0.003408233595789281,signed_balanced_neural_bias,logger12_balanced,2,78,0.05511597029406013,anchor_id,
plus,2.690155790437879e-16,1.5656991372918875e-16,independent_latents,0.3,0.1,2.1208106496044658e-16,signed_balanced_population_bias,logger12_balanced,2,78,2.5125678057344306e-16,anchor_id,
plus,0.0,0.0,independent_latents,0.3,0.1,0.0,signed_heavy_neural_drift,logger1_minus_logger2,2,78,0.0,anchor_id,
plus,1.5518213494840726e-16,1.1351318745366185e-17,independent_latents,0.3,0.1,7.97083197166779e-17,signed_heavy_population_drift,logger1_minus_logger2,2,78,3.313309333131092e-16,anchor_id,
plus,0.0,0.0,independent_latents,0.3,0.1,0.0,paired_heavy_prediction_increment,logger1_minus_logger2,2,78,0.0,anchor_id,
plus,0.0,0.0,independent_latents,0.3,0.1,0.0,paired_heavy_increment_absolute_error,logger1_minus_logger2,2,78,0.0,anchor_id,
all,0.5516025641025638,0.3333333333333333,independent_latents,0.3,0.1,0.44871794871794873,neural_do_ranking_disagreement,logger12_balanced,2,78,0.5005824113797352,anchor_id,
all,0.0023382086556571462,0.001198930125014224,independent_latents,0.3,0.1,0.0017444976303937943,neural_decision_regret,logger12_balanced,2,78,0.002654128877390097,anchor_id,
base,0.0,0.0,independent_latents,0.3,0.1,0.0,base_prediction_range_across_mixtures,all_primary,2,78,0.0,anchor_id,
base,0.0,0.0,independent_latents,0.3,0.1,0.0,base_leakage_over_balanced_direct_signal,all_primary,2,78,0.0,anchor_id,
minus,0.04192585265006374,0.01968669000142619,independent_latents,0.3,0.2,0.02939126703235906,reward_population_mae,logger1_heavy,2,78,0.0510080161720727,anchor_id,
minus,0.08178085452732374,0.031154512139778764,independent_latents,0.3,0.2,0.058585899790148506,reward_population_rmse,logger1_heavy,2,78,0.013573746750244177,anchor_id,
minus,0.0,0.0,independent_latents,0.3,0.2,0.0,paired_prediction_increment,logger1_heavy,2,78,0.0,anchor_id,
minus,0.0,0.0,independent_latents,0.3,0.2,0.0,paired_increment_absolute_error,logger1_heavy,2,78,0.0,anchor_id,
base,0.03994500183594949,0.018403362931544286,independent_latents,0.3,0.2,0.028307800364539677,reward_population_mae,logger1_heavy,2,78,0.05057169366473989,anchor_id,
base,0.08323162659847105,0.029266025731849818,independent_latents,0.3,0.2,0.05767182456604673,reward_population_rmse,logger1_heavy,2,78,0.013566649421656956,anchor_id,
base,0.0,0.0,independent_latents,0.3,0.2,0.0,paired_prediction_increment,logger1_heavy,2,78,0.0,anchor_id,
base,0.0,0.0,independent_latents,0.3,0.2,0.0,paired_increment_absolute_error,logger1_heavy,2,78,0.0,anchor_id,
base,0.0,0.0,independent_latents,0.3,0.2,0.0,base_prediction_absolute_increment,logger1_heavy,2,78,0.0,anchor_id,
plus,0.039013122240626856,0.018404577609420488,independent_latents,0.3,0.2,0.027547078808331682,reward_population_mae,logger1_heavy,2,78,0.0477581454793188,anchor_id,
plus,0.07826697696299556,0.027864926450964125,independent_latents,0.3,0.2,0.05486748095312983,reward_population_rmse,logger1_heavy,2,78,0.012372322276052386,anchor_id,
plus,0.0,0.0,independent_latents,0.3,0.2,0.0,paired_prediction_increment,logger1_heavy,2,78,0.0,anchor_id,
plus,0.0,0.0,independent_latents,0.3,0.2,0.0,paired_increment_absolute_error,logger1_heavy,2,78,0.0,anchor_id,
minus,0.04123754157494051,0.019806801038168016,independent_latents,0.3,0.2,0.02939126703235912,reward_population_mae,logger12_balanced,2,78,0.0510080161720727,anchor_id,
minus,0.08128245319029656,0.03082061604809814,independent_latents,0.3,0.2,0.05858589979014853,reward_population_rmse,logger12_balanced,2,78,0.01357374675024418,anchor_id,
minus,0.0,0.0,independent_latents,0.3,0.2,0.0,paired_prediction_increment,logger12_balanced,2,78,0.0,anchor_id,
minus,0.0,0.0,independent_latents,0.3,0.2,0.0,paired_increment_absolute_error,logger12_balanced,2,78,0.0,anchor_id,
base,0.039822137703153446,0.01848878782122871,independent_latents,0.3,0.2,0.028307800364539677,reward_population_mae,logger12_balanced,2,78,0.05057169366473989,anchor_id,
base,0.08231955245520019,0.030553740773148354,independent_latents,0.3,0.2,0.05767182456604673,reward_population_rmse,logger12_balanced,2,78,0.013566649421656956,anchor_id,
base,0.0,0.0,independent_latents,0.3,0.2,0.0,paired_prediction_increment,logger12_balanced,2,78,0.0,anchor_id,
base,0.0,0.0,independent_latents,0.3,0.2,0.0,paired_increment_absolute_error,logger12_balanced,2,78,0.0,anchor_id,
base,0.0,0.0,independent_latents,0.3,0.2,0.0,base_prediction_absolute_increment,logger12_balanced,2,78,0.0,anchor_id,
plus,0.03945178724861629,0.01834036164213774,independent_latents,0.3,0.2,0.02754707880833169,reward_population_mae,logger12_balanced,2,78,0.04775814547931882,anchor_id,
plus,0.077659047338026,0.027174161677804665,independent_latents,0.3,0.2,0.05486748095312984,reward_population_rmse,logger12_balanced,2,78,0.012372322276052386,anchor_id,
plus,0.0,0.0,independent_latents,0.3,0.2,0.0,paired_prediction_increment,logger12_balanced,2,78,0.0,anchor_id,
plus,0.0,0.0,independent_latents,0.3,0.2,0.0,paired_increment_absolute_error,logger12_balanced,2,78,0.0,anchor_id,
minus,0.0417661088438399,0.019109485340983116,independent_latents,0.3,0.2,0.029391267032359034,reward_population_mae,logger2_heavy,2,78,0.051008016172072665,anchor_id,
minus,0.08061760930773765,0.030585501684769322,independent_latents,0.3,0.2,0.058585899790148464,reward_population_rmse,logger2_heavy,2,78,0.013573746750244161,anchor_id,
minus,0.0,0.0,independent_latents,0.3,0.2,0.0,paired_prediction_increment,logger2_heavy,2,78,0.0,anchor_id,
minus,0.0,0.0,independent_latents,0.3,0.2,0.0,paired_increment_absolute_error,logger2_heavy,2,78,0.0,anchor_id,
base,0.04113632539882333,0.018062765710564335,independent_latents,0.3,0.2,0.028307800364539677,reward_population_mae,logger2_heavy,2,78,0.05057169366473989,anchor_id,
base,0.08229523212150605,0.02718330184195037,independent_latents,0.3,0.2,0.05767182456604673,reward_population_rmse,logger2_heavy,2,78,0.013566649421656956,anchor_id,
base,0.0,0.0,independent_latents,0.3,0.2,0.0,paired_prediction_increment,logger2_heavy,2,78,0.0,anchor_id,
base,0.0,0.0,independent_latents,0.3,0.2,0.0,paired_increment_absolute_error,logger2_heavy,2,78,0.0,anchor_id,
base,0.0,0.0,independent_latents,0.3,0.2,0.0,base_prediction_absolute_increment,logger2_heavy,2,78,0.0,anchor_id,
plus,0.03923812561334001,0.018436673352269936,independent_latents,0.3,0.2,0.027547078808331665,reward_population_mae,logger2_heavy,2,78,0.047758145479318795,anchor_id,
plus,0.0782422438545504,0.027913281492445853,independent_latents,0.3,0.2,0.05486748095312982,reward_population_rmse,logger2_heavy,2,78,0.012372322276052386,anchor_id,
plus,0.0,0.0,independent_latents,0.3,0.2,0.0,paired_prediction_increment,logger2_heavy,2,78,0.0,anchor_id,
plus,0.0,0.0,independent_latents,0.3,0.2,0.0,paired_increment_absolute_error,logger2_heavy,2,78,0.0,anchor_id,
minus,0.01124853047773041,-0.01524078624123033,independent_latents,0.3,0.2,-0.0025855249720567984,signed_balanced_neural_bias,logger12_balanced,2,78,0.05890765078940452,anchor_id,
minus,3.174099160146281e-16,2.0208194092455974e-16,independent_latents,0.3,0.2,2.590520390792032e-16,signed_balanced_population_bias,logger12_balanced,2,78,2.657958724036896e-16,anchor_id,
minus,0.0,0.0,independent_latents,0.3,0.2,0.0,signed_heavy_neural_drift,logger1_minus_logger2,2,78,0.0,anchor_id,
minus,1.1390461223798478e-16,-9.963539964584738e-18,independent_latents,0.3,0.2,5.124106267500723e-17,signed_heavy_population_drift,logger1_minus_logger2,2,78,2.833024753220114e-16,anchor_id,
minus,0.0,0.0,independent_latents,0.3,0.2,0.0,paired_heavy_prediction_increment,logger1_minus_logger2,2,78,0.0,anchor_id,
minus,0.0,0.0,independent_latents,0.3,0.2,0.0,paired_heavy_increment_absolute_error,logger1_minus_logger2,2,78,0.0,anchor_id,
base,0.009303922078426721,-0.015296101232508998,independent_latents,0.3,0.2,-0.003297378038543788,signed_balanced_neural_bias,logger12_balanced,2,78,0.057950157542016434,anchor_id,
base,0.0,0.0,independent_latents,0.3,0.2,0.0,signed_balanced_population_bias,logger12_balanced,2,78,0.0,anchor_id,
base,0.0,0.0,independent_latents,0.3,0.2,0.0,signed_heavy_neural_drift,logger1_minus_logger2,2,78,0.0,anchor_id,
base,0.0,0.0,independent_latents,0.3,0.2,0.0,signed_heavy_population_drift,logger1_minus_logger2,2,78,0.0,anchor_id,
base,0.0,0.0,independent_latents,0.3,0.2,0.0,paired_heavy_prediction_increment,logger1_minus_logger2,2,78,0.0,anchor_id,
base,0.0,0.0,independent_latents,0.3,0.2,0.0,paired_heavy_increment_absolute_error,logger1_minus_logger2,2,78,0.0,anchor_id,
plus,0.007598045166033889,-0.01686092290625562,independent_latents,0.3,0.2,-0.003408233595789281,signed_balanced_neural_bias,logger12_balanced,2,78,0.05511597029406013,anchor_id,
plus,3.2452673027504574e-16,1.9784743643961124e-16,independent_latents,0.3,0.2,2.590520390792032e-16,signed_balanced_population_bias,logger12_balanced,2,78,2.7987703711206376e-16,anchor_id,
plus,0.0,0.0,independent_latents,0.3,0.2,0.0,signed_heavy_neural_drift,logger1_minus_logger2,2,78,0.0,anchor_id,
plus,1.1109347060511976e-16,-5.7646195509383085e-18,independent_latents,0.3,0.2,5.693451408334136e-17,signed_heavy_population_drift,logger1_minus_logger2,2,78,2.735581888902304e-16,anchor_id,
plus,0.0,0.0,independent_latents,0.3,0.2,0.0,paired_heavy_prediction_increment,logger1_minus_logger2,2,78,0.0,anchor_id,
plus,0.0,0.0,independent_latents,0.3,0.2,0.0,paired_heavy_increment_absolute_error,logger1_minus_logger2,2,78,0.0,anchor_id,
all,0.5644230769230766,0.3458333333333333,independent_latents,0.3,0.2,0.44871794871794873,neural_do_ranking_disagreement,logger12_balanced,2,78,0.5005824113797352,anchor_id,
all,0.0023569312217163294,0.0011977120476555846,independent_latents,0.3,0.2,0.0017444976303937943,neural_decision_regret,logger12_balanced,2,78,0.002654128877390097,anchor_id,
base,0.0,0.0,independent_latents,0.3,0.2,0.0,base_prediction_range_across_mixtures,all_primary,2,78,0.0,anchor_id,
base,0.0,0.0,independent_latents,0.3,0.2,0.0,base_leakage_over_balanced_direct_signal,all_primary,2,78,0.0,anchor_id,
base,0.0,0.0,independent_latents,0.3,all,0.0,base_prediction_range_across_mixture_and_lambda,all_primary,2,78,0.0,anchor_id,
minus,-0.16023130015981277,-0.3157295722872526,confounded,0.0,all,-0.23430412030314315,balanced_slope_with_intercept,balanced,0,78,0.36913089458363946,anchor_id,-0.6
minus,-0.19058024019748915,-0.3445242441876502,confounded,0.0,all,-0.2669387877979359,balanced_slope_through_origin_increment,balanced,0,78,0.35947667485166623,anchor_id,-0.6
minus,0.494069895791986,0.3533481062967296,confounded,0.0,all,0.4202260370982917,balanced_slope_error,balanced,0,78,0.30470410940697,anchor_id,-0.6
minus,0.8411877394468511,0.7225908576976551,confounded,0.0,all,0.7832474685736018,balanced_slope_r2,balanced,0,78,0.27046909237508915,anchor_id,-0.6
base,0.10108757336972155,-0.041952627021186024,confounded,0.0,all,0.02768220283811763,balanced_slope_with_intercept,balanced,0,78,0.32634004001970957,anchor_id,0.0
base,0.1052519046922776,-0.033341816746114125,confounded,0.0,all,0.034731694421560995,balanced_slope_through_origin_increment,balanced,0,78,0.3214408360381281,anchor_id,0.0
base,0.30296937690096254,0.21125671738598636,confounded,0.0,all,0.25423565662190345,balanced_slope_error,balanced,0,78,0.2044477522692828,anchor_id,0.0
base,0.7409593671164699,0.6027196153723998,confounded,0.0,all,0.6779382841067179,balanced_slope_r2,balanced,0,78,0.31769524467796634,anchor_id,0.0
plus,0.35936756109688023,0.22680865612717072,confounded,0.0,all,0.2921222732473916,balanced_slope_with_intercept,balanced,0,78,0.29955076845986,anchor_id,0.5999999999999999
plus,0.4037975420059938,0.27295244400943214,confounded,0.0,all,0.3391846191198602,balanced_slope_through_origin_increment,balanced,0,78,0.298858506499777,anchor_id,0.5999999999999999
plus,0.4128379087985572,0.31140735817560194,confounded,0.0,all,0.3619747313365375,balanced_slope_error,balanced,0,78,0.2302673247557747,anchor_id,0.5999999999999999
plus,0.8122942451196967,0.697241796317994,confounded,0.0,all,0.7582654437856658,balanced_slope_r2,balanced,0,78,0.2572121752030468,anchor_id,0.5999999999999999
minus,-0.07251808641175785,-0.17854582662659155,confounded,0.0,all,-0.12670492761831645,heavy_slope_with_intercept,heavy,0,78,0.2373185113263235,anchor_id,-0.3111111111111111
minus,-0.0829261282029207,-0.1808030808403083,confounded,0.0,all,-0.13300058162303174,heavy_slope_through_origin_increment,heavy,0,78,0.22089630137303456,anchor_id,-0.3111111111111111
minus,0.28006912591419064,0.1982432370942692,confounded,0.0,all,0.23878985976648037,heavy_slope_error,heavy,0,78,0.18167615050068014,anchor_id,-0.3111111111111111
minus,0.6912528872017882,0.5613305333698013,confounded,0.0,all,0.6268258188561122,heavy_slope_r2,heavy,0,78,0.3040769133811429,anchor_id,-0.3111111111111111
base,0.00703855879787366,-0.08614892454035808,confounded,0.0,all,-0.04196617011840781,heavy_slope_with_intercept,heavy,0,78,0.2160102910112007,anchor_id,0.0
base,0.013693007618771035,-0.07255199584230185,confounded,0.0,all,-0.030592712905033712,heavy_slope_through_origin_increment,heavy,0,78,0.19568182271806822,anchor_id,0.0
base,0.2102699667797654,0.15488402272970617,confounded,0.0,all,0.18256551549210906,heavy_slope_error,heavy,0,78,0.12116703633086805,anchor_id,0.0
base,0.6391516999283091,0.5054040980833695,confounded,0.0,all,0.5689582589998778,heavy_slope_r2,heavy,0,78,0.31173105402701456,anchor_id,0.0
plus,0.08680795332192846,0.0012661925896086804,confounded,0.0,all,0.04369527271018987,heavy_slope_with_intercept,heavy,0,78,0.2000150742538095,anchor_id,0.31111111111111134
plus,0.11116629701789263,0.03251388116941208,confounded,0.0,all,0.07232898487512364,heavy_slope_through_origin_increment,heavy,0,78,0.176331631450844,anchor_id,0.31111111111111134
plus,0.3267327531161079,0.2551990572428986,confounded,0.0,all,0.29110434094411464,heavy_slope_error,heavy,0,78,0.1631064023198496,anchor_id,0.31111111111111134
plus,0.5555849252579687,0.4211975965223024,confounded,0.0,all,0.4873278017179531,heavy_slope_r2,heavy,0,78,0.30728448353029336,anchor_id,0.31111111111111134
minus,-0.20285212470343458,-0.36447559171874744,confounded,0.0,all,-0.2839405979618462,balanced_slope_with_intercept,balanced,1,78,0.36897858691777424,anchor_id,-0.6
minus,-0.21172715687268445,-0.38161316800998657,confounded,0.0,all,-0.29867450044184785,balanced_slope_through_origin_increment,balanced,1,78,0.3820066011004499,anchor_id,-0.6
minus,0.440061593274622,0.30133332401591234,confounded,0.0,all,0.3707761472247167,balanced_slope_error,balanced,1,78,0.3131704354906593,anchor_id,-0.6
minus,0.9033364880324226,0.8118673983964116,confounded,0.0,all,0.8578266223417228,balanced_slope_r2,balanced,1,78,0.22389265393325747,anchor_id,-0.6
base,0.1053111607063965,-0.03615119678779307,confounded,0.0,all,0.03160408919475414,balanced_slope_with_intercept,balanced,1,78,0.32729339293340654,anchor_id,0.0
base,0.11897536452179805,-0.03325869473467484,confounded,0.0,all,0.04600851121370917,balanced_slope_through_origin_increment,balanced,1,78,0.33905686420905756,anchor_id,0.0
base,0.294380827783463,0.20255205023955092,confounded,0.0,all,0.24785898650458252,balanced_slope_error,balanced,1,78,0.21424479650744904,anchor_id,0.0
base,0.8000474784118031,0.6805268687415978,confounded,0.0,all,0.7424927278270328,balanced_slope_r2,balanced,1,78,0.28022390493392135,anchor_id,0.0
plus,0.4069041882300162,0.2620712414915132,confounded,0.0,all,0.33616858692854246,balanced_slope_with_intercept,balanced,1,78,0.3186116591756256,anchor_id,0.5999999999999999
plus,0.45561200546957525,0.3078223245000044,confounded,0.0,all,0.3823273291128934,balanced_slope_through_origin_increment,balanced,1,78,0.326333185245132,anchor_id,0.5999999999999999
plus,0.39446699459150425,0.2944468615535807,confounded,0.0,all,0.34228779426835126,balanced_slope_error,balanced,1,78,0.23095862488688632,anchor_id,0.5999999999999999
plus,0.8513661178299411,0.7322412875994924,confounded,0.0,all,0.7952400709685578,balanced_slope_r2,balanced,1,78,0.27166465482356467,anchor_id,0.5999999999999999
minus,-0.09817671327230036,-0.18480132172343236,confounded,0.0,all,-0.14145870439720734,heavy_slope_with_intercept,heavy,1,78,0.19733783889086784,anchor_id,-0.3111111111111111
minus,-0.09421947204243858,-0.18248948944926904,confounded,0.0,all,-0.1370027812617526,heavy_slope_through_origin_increment,heavy,1,78,0.19517445374693498,anchor_id,-0.3111111111111111
minus,0.23794009610000233,0.16547416095374362,confounded,0.0,all,0.20237695478295623,heavy_slope_error,heavy,1,78,0.1631245525345773,anchor_id,-0.3111111111111111
minus,0.8007774761525815,0.661405956570481,confounded,0.0,all,0.7345147909625069,heavy_slope_r2,heavy,1,78,0.31173665631140834,anchor_id,-0.3111111111111111
base,0.07274354112383,-0.006556057924038079,confounded,0.0,all,0.03201370077251665,heavy_slope_with_intercept,heavy,1,78,0.1743961536048727,anchor_id,0.0
base,0.08033857597900419,0.0038344313269211235,confounded,0.0,all,0.04082781617541346,heavy_slope_through_origin_increment,heavy,1,78,0.17025369668197504,anchor_id,0.0
base,0.1638716867476972,0.11676934427002734,confounded,0.0,all,0.13923200687234227,heavy_slope_error,heavy,1,78,0.10869633559067339,anchor_id,0.0
base,0.7302677975188184,0.5890007753111336,confounded,0.0,all,0.6627943479674295,heavy_slope_r2,heavy,1,78,0.31254162283884446,anchor_id,0.0
plus,0.23484136061640687,0.1621752078432839,confounded,0.0,all,0.1963410601223257,heavy_slope_with_intercept,heavy,1,78,0.16645705143859252,anchor_id,0.31111111111111134
plus,0.2453399604192486,0.17415771917717848,confounded,0.0,all,0.2093938325447109,heavy_slope_through_origin_increment,heavy,1,78,0.16215284877903452,anchor_id,0.31111111111111134
plus,0.19197417843469064,0.13386093777603933,confounded,0.0,all,0.1606537230952894,heavy_slope_error,heavy,1,78,0.12209165840538193,anchor_id,0.31111111111111134
plus,0.8319842904981466,0.7043713923376793,confounded,0.0,all,0.7685022408829906,heavy_slope_r2,heavy,1,78,0.28400305279329535,anchor_id,0.31111111111111134
minus,-0.19482618330974985,-0.3084496940238332,confounded,0.0,all,-0.2551124803660479,balanced_slope_with_intercept,balanced,2,78,0.2781322246125305,anchor_id,-0.6
minus,-0.20530334084142604,-0.3272834291291664,confounded,0.0,all,-0.2674667344224175,balanced_slope_through_origin_increment,balanced,2,78,0.28865142227498586,anchor_id,-0.6
minus,0.42278992365753343,0.31108999057467335,confounded,0.0,all,0.3663709788590505,balanced_slope_error,balanced,2,78,0.24875448951534046,anchor_id,-0.6
minus,0.8547402873866808,0.7279738650723662,confounded,0.0,all,0.7947746432044624,balanced_slope_r2,balanced,2,78,0.2997878178278557,anchor_id,-0.6
base,0.0874110104006104,-0.040525344544049664,confounded,0.0,all,0.02753745486098116,balanced_slope_with_intercept,balanced,2,78,0.2929650927458583,anchor_id,0.0
base,0.09785419640666394,-0.026405754479612027,confounded,0.0,all,0.03573146666830549,balanced_slope_through_origin_increment,balanced,2,78,0.2999260411197891,anchor_id,0.0
base,0.2575425618234173,0.16487785491388357,confounded,0.0,all,0.20861403400541023,balanced_slope_error,balanced,2,78,0.20618365017400136,anchor_id,0.0
base,0.701854777426651,0.5493717447712143,confounded,0.0,all,0.6307212809498175,balanced_slope_r2,balanced,2,78,0.3553627946494665,anchor_id,0.0
plus,0.39127086173655484,0.25425192795464696,confounded,0.0,all,0.32258156961147555,balanced_slope_with_intercept,balanced,2,78,0.3349998991864637,anchor_id,0.5999999999999999
plus,0.43191369780066285,0.283617832747006,confounded,0.0,all,0.3522097185343195,balanced_slope_through_origin_increment,balanced,2,78,0.33560784275893973,anchor_id,0.5999999999999999
plus,0.408238738227801,0.30243894278495187,confounded,0.0,all,0.35348584172735903,balanced_slope_error,balanced,2,78,0.2522110517470458,anchor_id,0.5999999999999999
plus,0.8540958432337034,0.7224119864185535,confounded,0.0,all,0.7882934845134834,balanced_slope_r2,balanced,2,78,0.29691298723938575,anchor_id,0.5999999999999999
minus,-0.12404284570972436,-0.1941089090343427,confounded,0.0,all,-0.15907404700321198,heavy_slope_with_intercept,heavy,2,78,0.15980676684306216,anchor_id,-0.3111111111111111
minus,-0.10490886325232622,-0.17318278591494835,confounded,0.0,all,-0.1394667134084562,heavy_slope_through_origin_increment,heavy,2,78,0.15336465242191097,anchor_id,-0.3111111111111111
minus,0.2049707448198602,0.14101603373893298,confounded,0.0,all,0.17275986769612064,heavy_slope_error,heavy,2,78,0.13682137251693877,anchor_id,-0.3111111111111111
minus,0.6955366749689655,0.5731302346421506,confounded,0.0,all,0.6369878840933727,heavy_slope_r2,heavy,2,78,0.29413779357923053,anchor_id,-0.3111111111111111
base,0.03911095687620105,-0.03213028920001204,confounded,0.0,all,0.0024659837444762633,heavy_slope_with_intercept,heavy,2,78,0.16118101232158213,anchor_id,0.0
base,0.05121117829471099,-0.01751361398370355,confounded,0.0,all,0.01674699810590517,heavy_slope_through_origin_increment,heavy,2,78,0.15874096277524033,anchor_id,0.0
base,0.14201020379411636,0.09529977045634518,confounded,0.0,all,0.11833679863642033,heavy_slope_error,heavy,2,78,0.10862787839403991,anchor_id,0.0
base,0.5643625480296216,0.41605211903579165,confounded,0.0,all,0.49151164215914644,heavy_slope_r2,heavy,2,78,0.32927150320323884,anchor_id,0.0
plus,0.20022234074166625,0.12325425229489716,confounded,0.0,all,0.16184558411869132,heavy_slope_with_intercept,heavy,2,78,0.17978513852595532,anchor_id,0.31111111111111134
plus,0.21185859284837047,0.13385009117988939,confounded,0.0,all,0.17342431388905855,heavy_slope_through_origin_increment,heavy,2,78,0.1789063220077009,anchor_id,0.31111111111111134
plus,0.2180123619250407,0.1602135170729805,confounded,0.0,all,0.1895092599315415,heavy_slope_error,heavy,2,78,0.13605908545885317,anchor_id,0.31111111111111134
plus,0.703119722490002,0.5562708754312281,confounded,0.0,all,0.627817772317338,heavy_slope_r2,heavy,2,78,0.3378584014045634,anchor_id,0.31111111111111134
minus,-1.8381714546907355e-15,-2.4319171015598664e-15,independent_latents,0.0,all,-2.1391110291312535e-15,balanced_slope_with_intercept,balanced,0,78,1.3835556473637506e-15,anchor_id,0.0
minus,0.0,0.0,independent_latents,0.0,all,0.0,balanced_slope_through_origin_increment,balanced,0,78,0.0,anchor_id,0.0
minus,2.456520945145882e-15,1.838171454690735e-15,independent_latents,0.0,all,2.1391110291312535e-15,balanced_slope_error,balanced,0,78,1.3835556473637506e-15,anchor_id,0.0
minus,1.0,1.0,independent_latents,0.0,all,1.0,balanced_slope_r2,balanced,0,78,0.0,anchor_id,0.0
base,-1.4638270245927657e-15,-2.1716450371788774e-15,independent_latents,0.0,all,-1.8381714546907348e-15,balanced_slope_with_intercept,balanced,0,78,1.6023114244398791e-15,anchor_id,0.0
base,0.0,0.0,independent_latents,0.0,all,0.0,balanced_slope_through_origin_increment,balanced,0,78,0.0,anchor_id,0.0
base,2.28551406534556e-15,1.6592344104288052e-15,independent_latents,0.0,all,1.9683074868812296e-15,balanced_slope_error,balanced,0,78,1.4372225252918804e-15,anchor_id,0.0
base,1.0,1.0,independent_latents,0.0,all,1.0,balanced_slope_r2,balanced,0,78,0.0,anchor_id,0.0
plus,-1.4640303621430631e-15,-2.228986226362814e-15,independent_latents,0.0,all,-1.870705462738359e-15,balanced_slope_with_intercept,balanced,0,78,1.6578109029558739e-15,anchor_id,0.0
plus,0.0,0.0,independent_latents,0.0,all,0.0,balanced_slope_through_origin_increment,balanced,0,78,0.0,anchor_id,0.0
plus,2.294054242458061e-15,1.561632386285934e-15,independent_latents,0.0,all,1.935773478833606e-15,balanced_slope_error,balanced,0,78,1.5803291850488868e-15,anchor_id,0.0
plus,1.0,1.0,independent_latents,0.0,all,1.0,balanced_slope_r2,balanced,0,78,0.0,anchor_id,0.0
minus,0.0,0.0,independent_latents,0.0,all,0.0,heavy_slope_with_intercept,heavy,0,78,0.0,anchor_id,0.0
minus,0.0,0.0,independent_latents,0.0,all,0.0,heavy_slope_through_origin_increment,heavy,0,78,0.0,anchor_id,0.0
minus,0.0,0.0,independent_latents,0.0,all,0.0,heavy_slope_error,heavy,0,78,0.0,anchor_id,0.0
minus,1.0,1.0,independent_latents,0.0,all,1.0,heavy_slope_r2,heavy,0,78,0.0,anchor_id,0.0
base,0.0,0.0,independent_latents,0.0,all,0.0,heavy_slope_with_intercept,heavy,0,78,0.0,anchor_id,0.0
base,0.0,0.0,independent_latents,0.0,all,0.0,heavy_slope_through_origin_increment,heavy,0,78,0.0,anchor_id,0.0
base,0.0,0.0,independent_latents,0.0,all,0.0,heavy_slope_error,heavy,0,78,0.0,anchor_id,0.0
base,1.0,1.0,independent_latents,0.0,all,1.0,heavy_slope_r2,heavy,0,78,0.0,anchor_id,0.0
plus,0.0,0.0,independent_latents,0.0,all,0.0,heavy_slope_with_intercept,heavy,0,78,0.0,anchor_id,0.0
plus,0.0,0.0,independent_latents,0.0,all,0.0,heavy_slope_through_origin_increment,heavy,0,78,0.0,anchor_id,0.0
plus,0.0,0.0,independent_latents,0.0,all,0.0,heavy_slope_error,heavy,0,78,0.0,anchor_id,0.0
plus,1.0,1.0,independent_latents,0.0,all,1.0,heavy_slope_r2,heavy,0,78,0.0,anchor_id,0.0
minus,-1.1547539481403412e-15,-1.9276399768217e-15,independent_latents,0.0,all,-1.5453653822621225e-15,balanced_slope_with_intercept,balanced,1,78,1.8221119261496614e-15,anchor_id,0.0
minus,0.0,0.0,independent_latents,0.0,all,0.0,balanced_slope_through_origin_increment,balanced,1,78,0.0,anchor_id,0.0
minus,2.204179045226501e-15,1.5614290487356364e-15,independent_latents,0.0,all,1.8707054627383587e-15,balanced_slope_error,balanced,1,78,1.4813080501479372e-15,anchor_id,0.0
minus,1.0,1.0,independent_latents,0.0,all,1.0,balanced_slope_r2,balanced,1,78,0.0,anchor_id,0.0
base,-1.4396298561073457e-15,-2.212312547238407e-15,independent_latents,0.0,all,-1.830037952678829e-15,balanced_slope_with_intercept,balanced,1,78,1.6954811963946354e-15,anchor_id,0.0
base,0.0,0.0,independent_latents,0.0,all,0.0,balanced_slope_through_origin_increment,balanced,1,78,0.0,anchor_id,0.0
base,2.3182514109434815e-15,1.6999019204883346e-15,independent_latents,0.0,all,2.025242000964571e-15,balanced_slope_error,balanced,1,78,1.4533811081008674e-15,anchor_id,0.0
base,1.0,1.0,independent_latents,0.0,all,1.0,balanced_slope_r2,balanced,1,78,0.0,anchor_id,0.0
plus,-1.7975039446312054e-15,-2.505321957217317e-15,independent_latents,0.0,all,-2.1309775271193476e-15,balanced_slope_with_intercept,balanced,1,78,1.5060730018705747e-15,anchor_id,0.0
plus,0.0,0.0,independent_latents,0.0,all,0.0,balanced_slope_through_origin_increment,balanced,1,78,0.0,anchor_id,0.0
plus,2.472584611619396e-15,1.797300607080908e-15,independent_latents,0.0,all,2.1309775271193476e-15,balanced_slope_error,balanced,1,78,1.5060730018705747e-15,anchor_id,0.0
plus,1.0,1.0,independent_latents,0.0,all,1.0,balanced_slope_r2,balanced,1,78,0.0,anchor_id,0.0
minus,0.0,0.0,independent_latents,0.0,all,0.0,heavy_slope_with_intercept,heavy,1,78,0.0,anchor_id,0.0
minus,0.0,0.0,independent_latents,0.0,all,0.0,heavy_slope_through_origin_increment,heavy,1,78,0.0,anchor_id,0.0
minus,0.0,0.0,independent_latents,0.0,all,0.0,heavy_slope_error,heavy,1,78,0.0,anchor_id,0.0
minus,1.0,1.0,independent_latents,0.0,all,1.0,heavy_slope_r2,heavy,1,78,0.0,anchor_id,0.0
base,0.0,0.0,independent_latents,0.0,all,0.0,heavy_slope_with_intercept,heavy,1,78,0.0,anchor_id,0.0
base,0.0,0.0,independent_latents,0.0,all,0.0,heavy_slope_through_origin_increment,heavy,1,78,0.0,anchor_id,0.0
base,0.0,0.0,independent_latents,0.0,all,0.0,heavy_slope_error,heavy,1,78,0.0,anchor_id,0.0
base,1.0,1.0,independent_latents,0.0,all,1.0,heavy_slope_r2,heavy,1,78,0.0,anchor_id,0.0
plus,0.0,0.0,independent_latents,0.0,all,0.0,heavy_slope_with_intercept,heavy,1,78,0.0,anchor_id,0.0
plus,0.0,0.0,independent_latents,0.0,all,0.0,heavy_slope_through_origin_increment,heavy,1,78,0.0,anchor_id,0.0
plus,0.0,0.0,independent_latents,0.0,all,0.0,heavy_slope_error,heavy,1,78,0.0,anchor_id,0.0
plus,1.0,1.0,independent_latents,0.0,all,1.0,heavy_slope_r2,heavy,1,78,0.0,anchor_id,0.0
minus,-1.7568364345716762e-15,-2.4646544471577877e-15,independent_latents,0.0,all,-2.10657702108363e-15,balanced_slope_with_intercept,balanced,2,78,1.6343001497997507e-15,anchor_id,0.0
minus,0.0,0.0,independent_latents,0.0,all,0.0,balanced_slope_through_origin_increment,balanced,2,78,0.0,anchor_id,0.0
minus,2.537652627714643e-15,1.9274366392714024e-15,independent_latents,0.0,all,2.236713053274125e-15,balanced_slope_error,balanced,2,78,1.448577903402717e-15,anchor_id,0.0
minus,1.0,1.0,independent_latents,0.0,all,1.0,balanced_slope_r2,balanced,2,78,0.0,anchor_id,0.0
base,-1.3745618400120984e-15,-2.057979346562492e-15,independent_latents,0.0,all,-1.6999019204883348e-15,balanced_slope_with_intercept,balanced,2,78,1.5987315842826347e-15,anchor_id,0.0
base,0.0,0.0,independent_latents,0.0,all,0.0,balanced_slope_through_origin_increment,balanced,2,78,0.0,anchor_id,0.0
base,2.098443519071724e-15,1.4314963540954398e-15,independent_latents,0.0,all,1.7649699365835818e-15,balanced_slope_error,balanced,2,78,1.5256350770680533e-15,anchor_id,0.0
base,1.0,1.0,independent_latents,0.0,all,1.0,balanced_slope_r2,balanced,2,78,0.0,anchor_id,0.0
plus,-1.6755014144526176e-15,-2.3749825874765248e-15,independent_latents,0.0,all,-2.025242000964571e-15,balanced_slope_with_intercept,balanced,2,78,1.523613203130281e-15,anchor_id,0.0
plus,0.0,0.0,independent_latents,0.0,all,0.0,balanced_slope_through_origin_increment,balanced,2,78,0.0,anchor_id,0.0
plus,2.374982587476525e-15,1.7080354225002405e-15,independent_latents,0.0,all,2.025242000964571e-15,balanced_slope_error,balanced,2,78,1.523613203130281e-15,anchor_id,0.0
plus,1.0,1.0,independent_latents,0.0,all,1.0,balanced_slope_r2,balanced,2,78,0.0,anchor_id,0.0
minus,0.0,0.0,independent_latents,0.0,all,0.0,heavy_slope_with_intercept,heavy,2,78,0.0,anchor_id,0.0
minus,0.0,0.0,independent_latents,0.0,all,0.0,heavy_slope_through_origin_increment,heavy,2,78,0.0,anchor_id,0.0
minus,0.0,0.0,independent_latents,0.0,all,0.0,heavy_slope_error,heavy,2,78,0.0,anchor_id,0.0
minus,1.0,1.0,independent_latents,0.0,all,1.0,heavy_slope_r2,heavy,2,78,0.0,anchor_id,0.0
base,0.0,0.0,independent_latents,0.0,all,0.0,heavy_slope_with_intercept,heavy,2,78,0.0,anchor_id,0.0
base,0.0,0.0,independent_latents,0.0,all,0.0,heavy_slope_through_origin_increment,heavy,2,78,0.0,anchor_id,0.0
base,0.0,0.0,independent_latents,0.0,all,0.0,heavy_slope_error,heavy,2,78,0.0,anchor_id,0.0
base,1.0,1.0,independent_latents,0.0,all,1.0,heavy_slope_r2,heavy,2,78,0.0,anchor_id,0.0
plus,0.0,0.0,independent_latents,0.0,all,0.0,heavy_slope_with_intercept,heavy,2,78,0.0,anchor_id,0.0
plus,0.0,0.0,independent_latents,0.0,all,0.0,heavy_slope_through_origin_increment,heavy,2,78,0.0,anchor_id,0.0
plus,0.0,0.0,independent_latents,0.0,all,0.0,heavy_slope_error,heavy,2,78,0.0,anchor_id,0.0
plus,1.0,1.0,independent_latents,0.0,all,1.0,heavy_slope_r2,heavy,2,78,0.0,anchor_id,0.0
minus,-0.17926728660761618,-0.2966669557676189,confounded,0.3,all,-0.2381217067105974,balanced_slope_with_intercept,balanced,0,78,0.2833524543555813,anchor_id,-0.6
minus,-0.18892623936839517,-0.31739333176308654,confounded,0.3,all,-0.25456632203187635,balanced_slope_through_origin_increment,balanced,0,78,0.2915704025880263,anchor_id,-0.6
minus,0.4398730089383488,0.3292194568512618,confounded,0.3,all,0.38385114929934583,balanced_slope_error,balanced,0,78,0.252368787796724,anchor_id,-0.6
minus,0.8741560482351579,0.7451341864885356,confounded,0.3,all,0.8099202775069817,balanced_slope_r2,balanced,0,78,0.2902583931950638,anchor_id,-0.6
base,0.07871273764051892,-0.03765195354351636,confounded,0.3,all,0.021259117414989263,balanced_slope_with_intercept,balanced,0,78,0.26978120118349325,anchor_id,0.0
base,0.09133878296373316,-0.03343660235973435,confounded,0.3,all,0.03166473127212033,balanced_slope_through_origin_increment,balanced,0,78,0.27657444822722344,anchor_id,0.0
base,0.24253166505330861,0.1701533717857986,confounded,0.3,all,0.2079815285772083,balanced_slope_error,balanced,0,78,0.17152734329194044,anchor_id,0.0
base,0.8555802940873485,0.7567865967966696,confounded,0.3,all,0.8081513454298715,balanced_slope_r2,balanced,0,78,0.23545509090340708,anchor_id,0.0
plus,0.3448686404583827,0.2248791397897612,confounded,0.3,all,0.28456572931166085,balanced_slope_with_intercept,balanced,0,78,0.27714530557126904,anchor_id,0.5999999999999999
plus,0.3826497276895941,0.2628723815842861,confounded,0.3,all,0.3221760119597595,balanced_slope_through_origin_increment,balanced,0,78,0.28269958130814393,anchor_id,0.5999999999999999
plus,0.4098013917465021,0.3121582229730177,confounded,0.3,all,0.3586529629148919,balanced_slope_error,balanced,0,78,0.21748103107445324,anchor_id,0.5999999999999999
plus,0.865643746916064,0.7607059484822762,confounded,0.3,all,0.8152377402585075,balanced_slope_r2,balanced,0,78,0.23955655962180428,anchor_id,0.5999999999999999
minus,-0.09105893017076157,-0.16054669778232572,confounded,0.3,all,-0.12838860936723467,heavy_slope_with_intercept,heavy,0,78,0.1598795385288066,anchor_id,-0.3111111111111111
minus,-0.0833119183237405,-0.14607111837110612,confounded,0.3,all,-0.11490358828184806,heavy_slope_through_origin_increment,heavy,0,78,0.14829411550853255,anchor_id,-0.3111111111111111
minus,0.22883680479376226,0.16679132220929938,confounded,0.3,all,0.19620193786603002,heavy_slope_error,heavy,0,78,0.1427846121044636,anchor_id,-0.3111111111111111
minus,0.5706860491110137,0.43034372964288536,confounded,0.3,all,0.49821955728525724,heavy_slope_r2,heavy,0,78,0.30918355321021185,anchor_id,-0.3111111111111111
base,0.0220578258677057,-0.041823384728755866,confounded,0.3,all,-0.011374153297928563,heavy_slope_with_intercept,heavy,0,78,0.14897578139201836,anchor_id,0.0
base,0.045365117320510726,-0.023028247113336252,confounded,0.3,all,0.010048417088255329,heavy_slope_through_origin_increment,heavy,0,78,0.14455761547169138,anchor_id,0.0
base,0.13892793982995244,0.10040379840602416,confounded,0.3,all,0.11846762300577858,heavy_slope_error,heavy,0,78,0.09004437799594767,anchor_id,0.0
base,0.46069248807927393,0.3157721144758313,confounded,0.3,all,0.3854031797350192,heavy_slope_r2,heavy,0,78,0.32583276893845936,anchor_id,0.0
plus,0.13561482387289167,0.06928740800753613,confounded,0.3,all,0.1021924944613049,heavy_slope_with_intercept,heavy,0,78,0.14943508412026701,anchor_id,0.31111111111111134
plus,0.16350998744349274,0.10100824927468038,confounded,0.3,all,0.13237729673556678,heavy_slope_through_origin_increment,heavy,0,78,0.14926314837689456,anchor_id,0.31111111111111134
plus,0.25097375604841093,0.19497385014461646,confounded,0.3,all,0.22251754192222656,heavy_slope_error,heavy,0,78,0.12801398594074165,anchor_id,0.31111111111111134
plus,0.504453437517957,0.3580202299970396,confounded,0.3,all,0.43333712426027116,heavy_slope_r2,heavy,0,78,0.3511767914490186,anchor_id,0.31111111111111134
minus,-0.19454472885170918,-0.36251674914430176,confounded,0.3,all,-0.27960319438247144,balanced_slope_with_intercept,balanced,1,78,0.36667191894893547,anchor_id,-0.6
minus,-0.22454910848959264,-0.38743372659084585,confounded,0.3,all,-0.3061725212044069,balanced_slope_through_origin_increment,balanced,1,78,0.3805651606563585,anchor_id,-0.6
minus,0.4549515655192522,0.32115253225165974,confounded,0.3,all,0.3863616112654832,balanced_slope_error,balanced,1,78,0.29533310793901035,anchor_id,-0.6
minus,0.8696916003202358,0.7595922937663799,confounded,0.3,all,0.8183061628916056,balanced_slope_r2,balanced,1,78,0.2534407731871447,anchor_id,-0.6
base,0.13037481563330436,-0.018987193458774223,confounded,0.3,all,0.05307529060831683,balanced_slope_with_intercept,balanced,1,78,0.338157805126815,anchor_id,0.0
base,0.1368761055118915,-0.02207267897937132,confounded,0.3,all,0.0565252074094789,balanced_slope_through_origin_increment,balanced,1,78,0.35224682374930477,anchor_id,0.0
base,0.30138765212878027,0.2072252468028767,confounded,0.3,all,0.2546110162187925,balanced_slope_error,balanced,1,78,0.22701452861622332,anchor_id,0.0
base,0.7668733895867909,0.6198963148987466,confounded,0.3,all,0.6966084760112065,balanced_slope_r2,balanced,1,78,0.324683506674506,anchor_id,0.0
plus,0.4751493187153937,0.3269051422735893,confounded,0.3,all,0.3976488563419185,balanced_slope_with_intercept,balanced,1,78,0.33874626157255044,anchor_id,0.5999999999999999
plus,0.5055690192037011,0.35121651841454576,confounded,0.3,all,0.42991345354440186,balanced_slope_through_origin_increment,balanced,1,78,0.35055714641090735,anchor_id,0.5999999999999999
plus,0.36819001677558644,0.2614952698061638,confounded,0.3,all,0.3123676016630443,balanced_slope_error,balanced,1,78,0.2395539062318178,anchor_id,0.5999999999999999
plus,0.8921821168458062,0.7964171861974756,confounded,0.3,all,0.8462883930872085,balanced_slope_r2,balanced,1,78,0.21839341956354197,anchor_id,0.5999999999999999
minus,-0.04924479090571213,-0.12872409519261233,confounded,0.3,all,-0.08852461660240929,heavy_slope_with_intercept,heavy,1,78,0.18094077342482395,anchor_id,-0.3111111111111111
minus,-0.040094138605116784,-0.12050688414349034,confounded,0.3,all,-0.07867048322108679,heavy_slope_through_origin_increment,heavy,1,78,0.17280671879929255,anchor_id,-0.3111111111111111
minus,0.27640636174091154,0.20339173264623184,confounded,0.3,all,0.2400060219167698,heavy_slope_error,heavy,1,78,0.15676979703022687,anchor_id,-0.3111111111111111
minus,0.6173761309028759,0.48226232790121737,confounded,0.3,all,0.5541671239083276,heavy_slope_r2,heavy,1,78,0.3172417890138715,anchor_id,-0.3111111111111111
base,0.05708052155276247,-0.015956181298519084,confounded,0.3,all,0.018596583386128074,heavy_slope_with_intercept,heavy,1,78,0.1705451571362607,anchor_id,0.0
base,0.06219005333737732,-0.011430813046375091,confounded,0.3,all,0.02554744986230535,heavy_slope_through_origin_increment,heavy,1,78,0.16332960626295437,anchor_id,0.0
base,0.15780377426744796,0.11035879413184867,confounded,0.3,all,0.1332325158295388,heavy_slope_error,heavy,1,78,0.10702588652838797,anchor_id,0.0
base,0.6283266151620276,0.4914126174517631,confounded,0.3,all,0.5597625484314855,heavy_slope_r2,heavy,1,78,0.3171077991460478,anchor_id,0.0
plus,0.16133276444185493,0.0915608592062672,confounded,0.3,all,0.12803678900216495,heavy_slope_with_intercept,heavy,1,78,0.1667659332997626,anchor_id,0.31111111111111134
plus,0.17226076659196932,0.09889146606468102,confounded,0.3,all,0.1342166618708577,heavy_slope_through_origin_increment,heavy,1,78,0.1623284760244084,anchor_id,0.31111111111111134
plus,0.2393787550112294,0.18327005589209358,confounded,0.3,all,0.21152639898799036,heavy_slope_error,heavy,1,78,0.12821021228200238,anchor_id,0.31111111111111134
plus,0.6864172849783607,0.5469595788952019,confounded,0.3,all,0.6173753239653078,heavy_slope_r2,heavy,1,78,0.3263029813366019,anchor_id,0.31111111111111134
minus,-0.17601946952574712,-0.33028487840776516,confounded,0.3,all,-0.2550242744752287,balanced_slope_with_intercept,balanced,2,78,0.3549605250806644,anchor_id,-0.6
minus,-0.17439082513350573,-0.3466441559221195,confounded,0.3,all,-0.2613694300311605,balanced_slope_through_origin_increment,balanced,2,78,0.3753232881389998,anchor_id,-0.6
minus,0.4663247771324704,0.328166249871156,confounded,0.3,all,0.3938413533393902,balanced_slope_error,balanced,2,78,0.29904071118915215,anchor_id,-0.6
minus,0.8691076151427409,0.7492814039517975,confounded,0.3,all,0.8104209015671265,balanced_slope_r2,balanced,2,78,0.2684136278742764,anchor_id,-0.6
base,0.14618439476488765,-0.005010695587773341,confounded,0.3,all,0.069311438600254,balanced_slope_with_intercept,balanced,2,78,0.33875998015213615,anchor_id,0.0
base,0.166110762162502,0.011554834233497653,confounded,0.3,all,0.08603281602006094,balanced_slope_through_origin_increment,balanced,2,78,0.35843572902063614,anchor_id,0.0
base,0.3103629442170715,0.2074632757374095,confounded,0.3,all,0.2558280625191808,balanced_slope_error,balanced,2,78,0.23092600264571464,anchor_id,0.0
base,0.7410578541862423,0.5838032152618953,confounded,0.3,all,0.6671622718071977,balanced_slope_r2,balanced,2,78,0.34903869765891143,anchor_id,0.0
plus,0.4626915180750151,0.31450489319119757,confounded,0.3,all,0.3883245817092134,balanced_slope_with_intercept,balanced,2,78,0.35112983846562945,anchor_id,0.5999999999999999
plus,0.5067210000001183,0.3370124903200118,confounded,0.3,all,0.4284949445402259,balanced_slope_through_origin_increment,balanced,2,78,0.3665843883111744,anchor_id,0.5999999999999999
plus,0.3764709891808958,0.26007515861633007,confounded,0.3,all,0.3172053462803406,balanced_slope_error,balanced,2,78,0.25836906464308085,anchor_id,0.5999999999999999
plus,0.8552521010022854,0.7383936605233288,confounded,0.3,all,0.7976909863798035,balanced_slope_r2,balanced,2,78,0.2721107424562609,anchor_id,0.5999999999999999
minus,0.06629732949643073,-0.018246156074417257,confounded,0.3,all,0.025909999108383958,heavy_slope_with_intercept,heavy,2,78,0.1855530400022911,anchor_id,-0.3111111111111111
minus,0.03906955695814804,-0.0333659682204346,confounded,0.3,all,0.0017294340358361192,heavy_slope_through_origin_increment,heavy,2,78,0.1660955751585199,anchor_id,-0.3111111111111111
minus,0.38289989268335517,0.3013503715371565,confounded,0.3,all,0.3411240628740605,heavy_slope_error,heavy,2,78,0.17779594506907118,anchor_id,-0.3111111111111111
minus,0.5010213328954944,0.36096362854358177,confounded,0.3,all,0.42934271650873185,heavy_slope_r2,heavy,2,78,0.3205233283018963,anchor_id,-0.3111111111111111
base,0.10410494404069622,0.02121950116091595,confounded,0.3,all,0.0623516497459992,heavy_slope_with_intercept,heavy,2,78,0.18762108431185984,anchor_id,0.0
base,0.10805611452320027,0.03396972263853125,confounded,0.3,all,0.0703272487557573,heavy_slope_through_origin_increment,heavy,2,78,0.16917244720210872,anchor_id,0.0
base,0.18243657923872006,0.13021862424837052,confounded,0.3,all,0.15558469277524872,heavy_slope_error,heavy,2,78,0.12090873198675961,anchor_id,0.0
base,0.5566781886733587,0.41720013237980247,confounded,0.3,all,0.4864359392722642,heavy_slope_r2,heavy,2,78,0.31255392155658124,anchor_id,0.0
plus,0.14548238174743197,0.05819461609248777,confounded,0.3,all,0.10118955443383368,heavy_slope_with_intercept,heavy,2,78,0.2000677049438057,anchor_id,0.31111111111111134
plus,0.1791403643758345,0.09900298054001022,confounded,0.3,all,0.13939151012618714,heavy_slope_through_origin_increment,heavy,2,78,0.18323600668655207,anchor_id,0.31111111111111134
plus,0.27680001978187296,0.21191757657029509,confounded,0.3,all,0.24561682878617377,heavy_slope_error,heavy,2,78,0.1534775024111984,anchor_id,0.31111111111111134
plus,0.5164246666645806,0.3605412506684939,confounded,0.3,all,0.44114546094105933,heavy_slope_r2,heavy,2,78,0.3470917916725993,anchor_id,0.31111111111111134
minus,-1.480297366166875e-15,-2.0821765150479123e-15,independent_latents,0.3,all,-1.7649699365835818e-15,balanced_slope_with_intercept,balanced,0,78,1.3931128366894355e-15,anchor_id,0.0
minus,0.0,0.0,independent_latents,0.3,all,0.0,balanced_slope_through_origin_increment,balanced,0,78,0.0,anchor_id,0.0
minus,2.0984435190717245e-15,1.4477633581192515e-15,independent_latents,0.3,all,1.7649699365835818e-15,balanced_slope_error,balanced,0,78,1.3931128366894355e-15,anchor_id,0.0
minus,1.0,1.0,independent_latents,0.3,all,1.0,balanced_slope_r2,balanced,0,78,0.0,anchor_id,0.0
base,-1.2688263138573216e-15,-1.935773478833606e-15,independent_latents,0.3,all,-1.5941663943335578e-15,balanced_slope_with_intercept,balanced,0,78,1.5087403509145017e-15,anchor_id,0.0
base,0.0,0.0,independent_latents,0.3,all,0.0,balanced_slope_through_origin_increment,balanced,0,78,0.0,anchor_id,0.0
base,2.049642507000289e-15,1.496564370190687e-15,independent_latents,0.3,all,1.7893704426192995e-15,balanced_slope_error,balanced,0,78,1.2677695748434338e-15,anchor_id,0.0
base,1.0,1.0,independent_latents,0.3,all,1.0,balanced_slope_r2,balanced,0,78,0.0,anchor_id,0.0
plus,-1.691768418476429e-15,-2.2529800572979366e-15,independent_latents,0.3,all,-1.960173984869324e-15,balanced_slope_with_intercept,balanced,0,78,1.2446442975440116e-15,anchor_id,0.0
plus,0.0,0.0,independent_latents,0.3,all,0.0,balanced_slope_through_origin_increment,balanced,0,78,0.0,anchor_id,0.0
plus,2.2285795512622186e-15,1.7078320849499428e-15,independent_latents,0.3,all,1.960173984869324e-15,balanced_slope_error,balanced,0,78,1.2446442975440116e-15,anchor_id,0.0
plus,1.0,1.0,independent_latents,0.3,all,1.0,balanced_slope_r2,balanced,0,78,0.0,anchor_id,0.0
minus,0.0,0.0,independent_latents,0.3,all,0.0,heavy_slope_with_intercept,heavy,0,78,0.0,anchor_id,0.0
minus,0.0,0.0,independent_latents,0.3,all,0.0,heavy_slope_through_origin_increment,heavy,0,78,0.0,anchor_id,0.0
minus,0.0,0.0,independent_latents,0.3,all,0.0,heavy_slope_error,heavy,0,78,0.0,anchor_id,0.0
minus,1.0,1.0,independent_latents,0.3,all,1.0,heavy_slope_r2,heavy,0,78,0.0,anchor_id,0.0
base,0.0,0.0,independent_latents,0.3,all,0.0,heavy_slope_with_intercept,heavy,0,78,0.0,anchor_id,0.0
base,0.0,0.0,independent_latents,0.3,all,0.0,heavy_slope_through_origin_increment,heavy,0,78,0.0,anchor_id,0.0
base,0.0,0.0,independent_latents,0.3,all,0.0,heavy_slope_error,heavy,0,78,0.0,anchor_id,0.0
base,1.0,1.0,independent_latents,0.3,all,1.0,heavy_slope_r2,heavy,0,78,0.0,anchor_id,0.0
plus,0.0,0.0,independent_latents,0.3,all,0.0,heavy_slope_with_intercept,heavy,0,78,0.0,anchor_id,0.0
plus,0.0,0.0,independent_latents,0.3,all,0.0,heavy_slope_through_origin_increment,heavy,0,78,0.0,anchor_id,0.0
plus,0.0,0.0,independent_latents,0.3,all,0.0,heavy_slope_error,heavy,0,78,0.0,anchor_id,0.0
plus,1.0,1.0,independent_latents,0.3,all,1.0,heavy_slope_r2,heavy,0,78,0.0,anchor_id,0.0
minus,-1.9195064748097943e-15,-2.5620531337503612e-15,independent_latents,0.3,all,-2.2367130532741244e-15,balanced_slope_with_intercept,balanced,1,78,1.4340717669464554e-15,anchor_id,0.0
minus,0.0,0.0,independent_latents,0.3,all,0.0,balanced_slope_through_origin_increment,balanced,1,78,0.0,anchor_id,0.0
minus,2.545786129726549e-15,1.943906980845512e-15,independent_latents,0.3,all,2.2367130532741244e-15,balanced_slope_error,balanced,1,78,1.4340717669464554e-15,anchor_id,0.0
minus,1.0,1.0,independent_latents,0.3,all,1.0,balanced_slope_r2,balanced,1,78,0.0,anchor_id,0.0
base,-1.8219044506669234e-15,-2.3993830935122424e-15,independent_latents,0.3,all,-2.122844025107442e-15,balanced_slope_with_intercept,balanced,1,78,1.3557652694885355e-15,anchor_id,0.0
base,0.0,0.0,independent_latents,0.3,all,0.0,balanced_slope_through_origin_increment,balanced,1,78,0.0,anchor_id,0.0
base,2.4563176075955844e-15,1.9195064748097943e-15,independent_latents,0.3,all,2.187912041202689e-15,balanced_slope_error,balanced,1,78,1.2465810696129344e-15,anchor_id,0.0
base,1.0,1.0,independent_latents,0.3,all,1.0,balanced_slope_r2,balanced,1,78,0.0,anchor_id,0.0
plus,-1.5451620447118252e-15,-2.1716450371788774e-15,independent_latents,0.3,all,-1.8625719607264524e-15,balanced_slope_with_intercept,balanced,1,78,1.41430934245438e-15,anchor_id,0.0
plus,0.0,0.0,independent_latents,0.3,all,0.0,balanced_slope_through_origin_increment,balanced,1,78,0.0,anchor_id,0.0
plus,2.196045543214595e-15,1.5453653822621225e-15,independent_latents,0.3,all,1.8625719607264524e-15,balanced_slope_error,balanced,1,78,1.41430934245438e-15,anchor_id,0.0
plus,1.0,1.0,independent_latents,0.3,all,1.0,balanced_slope_r2,balanced,1,78,0.0,anchor_id,0.0
minus,0.0,0.0,independent_latents,0.3,all,0.0,heavy_slope_with_intercept,heavy,1,78,0.0,anchor_id,0.0
minus,0.0,0.0,independent_latents,0.3,all,0.0,heavy_slope_through_origin_increment,heavy,1,78,0.0,anchor_id,0.0
minus,0.0,0.0,independent_latents,0.3,all,0.0,heavy_slope_error,heavy,1,78,0.0,anchor_id,0.0
minus,1.0,1.0,independent_latents,0.3,all,1.0,heavy_slope_r2,heavy,1,78,0.0,anchor_id,0.0
base,0.0,0.0,independent_latents,0.3,all,0.0,heavy_slope_with_intercept,heavy,1,78,0.0,anchor_id,0.0
base,0.0,0.0,independent_latents,0.3,all,0.0,heavy_slope_through_origin_increment,heavy,1,78,0.0,anchor_id,0.0
base,0.0,0.0,independent_latents,0.3,all,0.0,heavy_slope_error,heavy,1,78,0.0,anchor_id,0.0
base,1.0,1.0,independent_latents,0.3,all,1.0,heavy_slope_r2,heavy,1,78,0.0,anchor_id,0.0
plus,0.0,0.0,independent_latents,0.3,all,0.0,heavy_slope_with_intercept,heavy,1,78,0.0,anchor_id,0.0
plus,0.0,0.0,independent_latents,0.3,all,0.0,heavy_slope_through_origin_increment,heavy,1,78,0.0,anchor_id,0.0
plus,0.0,0.0,independent_latents,0.3,all,0.0,heavy_slope_error,heavy,1,78,0.0,anchor_id,0.0
plus,1.0,1.0,independent_latents,0.3,all,1.0,heavy_slope_r2,heavy,1,78,0.0,anchor_id,0.0
minus,-1.6755014144526172e-15,-2.2043823827767988e-15,independent_latents,0.3,all,-1.9276399768217002e-15,balanced_slope_with_intercept,balanced,2,78,1.2747541483854152e-15,anchor_id,0.0
minus,0.0,0.0,independent_latents,0.3,all,0.0,balanced_slope_through_origin_increment,balanced,2,78,0.0,anchor_id,0.0
minus,2.196045543214595e-15,1.6592344104288052e-15,independent_latents,0.3,all,1.9276399768217002e-15,balanced_slope_error,balanced,2,78,1.2747541483854152e-15,anchor_id,0.0
minus,1.0,1.0,independent_latents,0.3,all,1.0,balanced_slope_r2,balanced,2,78,0.0,anchor_id,0.0
base,-1.4477633581192517e-15,-2.1309775271193476e-15,independent_latents,0.3,all,-1.7893704426193e-15,balanced_slope_with_intercept,balanced,2,78,1.5631896508013164e-15,anchor_id,0.0
base,0.0,0.0,independent_latents,0.3,all,0.0,balanced_slope_through_origin_increment,balanced,2,78,0.0,anchor_id,0.0
base,2.2123125472384072e-15,1.5941663943335582e-15,independent_latents,0.3,all,1.919506474809794e-15,balanced_slope_error,balanced,2,78,1.3980826391565087e-15,anchor_id,0.0
base,1.0,1.0,independent_latents,0.3,all,1.0,balanced_slope_r2,balanced,2,78,0.0,anchor_id,0.0
plus,-1.805637446643112e-15,-2.4237835995479605e-15,independent_latents,0.3,all,-2.1065770210836296e-15,balanced_slope_with_intercept,balanced,2,78,1.4037510982903323e-15,anchor_id,0.0
plus,0.0,0.0,independent_latents,0.3,all,0.0,balanced_slope_through_origin_increment,balanced,2,78,0.0,anchor_id,0.0
plus,2.4727879491696936e-15,1.886972466762171e-15,independent_latents,0.3,all,2.171645037178877e-15,balanced_slope_error,balanced,2,78,1.2994331298638518e-15,anchor_id,0.0
plus,1.0,1.0,independent_latents,0.3,all,1.0,balanced_slope_r2,balanced,2,78,0.0,anchor_id,0.0
minus,0.0,0.0,independent_latents,0.3,all,0.0,heavy_slope_with_intercept,heavy,2,78,0.0,anchor_id,0.0
minus,0.0,0.0,independent_latents,0.3,all,0.0,heavy_slope_through_origin_increment,heavy,2,78,0.0,anchor_id,0.0
minus,0.0,0.0,independent_latents,0.3,all,0.0,heavy_slope_error,heavy,2,78,0.0,anchor_id,0.0
minus,1.0,1.0,independent_latents,0.3,all,1.0,heavy_slope_r2,heavy,2,78,0.0,anchor_id,0.0
base,0.0,0.0,independent_latents,0.3,all,0.0,heavy_slope_with_intercept,heavy,2,78,0.0,anchor_id,0.0
base,0.0,0.0,independent_latents,0.3,all,0.0,heavy_slope_through_origin_increment,heavy,2,78,0.0,anchor_id,0.0
base,0.0,0.0,independent_latents,0.3,all,0.0,heavy_slope_error,heavy,2,78,0.0,anchor_id,0.0
base,1.0,1.0,independent_latents,0.3,all,1.0,heavy_slope_r2,heavy,2,78,0.0,anchor_id,0.0
plus,0.0,0.0,independent_latents,0.3,all,0.0,heavy_slope_with_intercept,heavy,2,78,0.0,anchor_id,0.0
plus,0.0,0.0,independent_latents,0.3,all,0.0,heavy_slope_through_origin_increment,heavy,2,78,0.0,anchor_id,0.0
plus,0.0,0.0,independent_latents,0.3,all,0.0,heavy_slope_error,heavy,2,78,0.0,anchor_id,0.0
plus,1.0,1.0,independent_latents,0.3,all,1.0,heavy_slope_r2,heavy,2,78,0.0,anchor_id,0.0
