condition,conditional_positive_mean,kappa,lambda_reward,max,mean,median,min,mixture,model_seed,n,negative_fraction,p90,p99,positive_fraction,source,top_1pct_total_contribution,top_set_rule,zero_fraction
confounded,,0.0,0.0,0.0,0.0,0.0,0.0,logger1_heavy,0,78,,0.0,0.0,,observational,0.0,best,
confounded,,0.0,0.0,0.0,0.0,0.0,0.0,logger1_heavy,0,78,,0.0,0.0,,observational,0.0,worst,
confounded,0.004124494915328146,0.0,0.0,0.012608020501207573,0.001692100478083342,0.0,0.0,logger1_heavy,0,78,,0.005212416172020662,0.011726519028653492,,neural,0.09552700360921401,best,
confounded,0.004124494915328146,0.0,0.0,0.012608020501207573,0.001692100478083342,0.0,0.0,logger1_heavy,0,78,,0.005212416172020662,0.011726519028653492,,neural,0.09552700360921401,worst,
confounded,0.004124494915328146,0.0,0.0,0.012608020501207573,0.001692100478083342,0.0,0.0,logger1_heavy,0,78,0.0,0.005212416172020662,0.011726519028653492,0.41025641025641024,neural_minus_observational,0.09552700360921401,best,0.5897435897435898
confounded,,0.0,0.0,0.0,0.0,0.0,0.0,logger1_heavy,1,78,,0.0,0.0,,observational,0.0,best,
confounded,,0.0,0.0,0.0,0.0,0.0,0.0,logger1_heavy,1,78,,0.0,0.0,,observational,0.0,worst,
confounded,0.0035449700316030025,0.0,0.0,0.005886110164400549,0.0009544150085085007,0.0,0.0,logger1_heavy,1,78,,0.004302814568363988,0.005694000126467072,,neural,0.07906722982445213,best,
confounded,0.0035449700316030025,0.0,0.0,0.005886110164400549,0.0009544150085085007,0.0,0.0,logger1_heavy,1,78,,0.004302814568363988,0.005694000126467072,,neural,0.07906722982445213,worst,
confounded,0.0035449700316030025,0.0,0.0,0.005886110164400549,0.0009544150085085007,0.0,0.0,logger1_heavy,1,78,0.0,0.004302814568363988,0.005694000126467072,0.2692307692307692,neural_minus_observational,0.07906722982445213,best,0.7307692307692307
confounded,,0.0,0.0,0.0,0.0,0.0,0.0,logger1_heavy,2,78,,0.0,0.0,,observational,0.0,best,
confounded,,0.0,0.0,0.0,0.0,0.0,0.0,logger1_heavy,2,78,,0.0,0.0,,observational,0.0,worst,
confounded,0.004213161307856243,0.0,0.0,0.013251966247791458,0.001458401991181007,0.0,0.0,logger1_heavy,2,78,,0.004589099546733431,0.01275612802292187,,neural,0.1164953176176287,best,
confounded,0.004213161307856243,0.0,0.0,0.013251966247791458,0.001458401991181007,0.0,0.0,logger1_heavy,2,78,,0.004589099546733431,0.01275612802292187,,neural,0.1164953176176287,worst,
confounded,0.004213161307856243,0.0,0.0,0.013251966247791458,0.001458401991181007,0.0,0.0,logger1_heavy,2,78,0.0,0.004589099546733431,0.01275612802292187,0.34615384615384615,neural_minus_observational,0.1164953176176287,best,0.6538461538461539
confounded,,0.0,0.0,0.0,0.0,0.0,0.0,logger12_balanced,0,78,,0.0,0.0,,observational,0.0,best,
confounded,,0.0,0.0,0.0,0.0,0.0,0.0,logger12_balanced,0,78,,0.0,0.0,,observational,0.0,worst,
confounded,0.004124494915328146,0.0,0.0,0.012608020501207573,0.001692100478083342,0.0,0.0,logger12_balanced,0,78,,0.005212416172020662,0.011726519028653492,,neural,0.09552700360921401,best,
confounded,0.004124494915328146,0.0,0.0,0.012608020501207573,0.001692100478083342,0.0,0.0,logger12_balanced,0,78,,0.005212416172020662,0.011726519028653492,,neural,0.09552700360921401,worst,
confounded,0.004124494915328146,0.0,0.0,0.012608020501207573,0.001692100478083342,0.0,0.0,logger12_balanced,0,78,0.0,0.005212416172020662,0.011726519028653492,0.41025641025641024,neural_minus_observational,0.09552700360921401,best,0.5897435897435898
confounded,,0.0,0.0,0.0,0.0,0.0,0.0,logger12_balanced,1,78,,0.0,0.0,,observational,0.0,best,
confounded,,0.0,0.0,0.0,0.0,0.0,0.0,logger12_balanced,1,78,,0.0,0.0,,observational,0.0,worst,
confounded,0.0035449700316030025,0.0,0.0,0.005886110164400549,0.0009544150085085007,0.0,0.0,logger12_balanced,1,78,,0.004302814568363988,0.005694000126467072,,neural,0.07906722982445213,best,
confounded,0.0035449700316030025,0.0,0.0,0.005886110164400549,0.0009544150085085007,0.0,0.0,logger12_balanced,1,78,,0.004302814568363988,0.005694000126467072,,neural,0.07906722982445213,worst,
confounded,0.0035449700316030025,0.0,0.0,0.005886110164400549,0.0009544150085085007,0.0,0.0,logger12_balanced,1,78,0.0,0.004302814568363988,0.005694000126467072,0.2692307692307692,neural_minus_observational,0.07906722982445213,best,0.7307692307692307
confounded,,0.0,0.0,0.0,0.0,0.0,0.0,logger12_balanced,2,78,,0.0,0.0,,observational,0.0,best,
confounded,,0.0,0.0,0.0,0.0,0.0,0.0,logger12_balanced,2,78,,0.0,0.0,,observational,0.0,worst,
confounded,0.004213161307856243,0.0,0.0,0.013251966247791458,0.001458401991181007,0.0,0.0,logger12_balanced,2,78,,0.004589099546733431,0.01275612802292187,,neural,0.1164953176176287,best,
confounded,0.004213161307856243,0.0,0.0,0.013251966247791458,0.001458401991181007,0.0,0.0,logger12_balanced,2,78,,0.004589099546733431,0.01275612802292187,,neural,0.1164953176176287,worst,
confounded,0.004213161307856243,0.0,0.0,0.013251966247791458,0.001458401991181007,0.0,0.0,logger12_balanced,2,78,0.0,0.004589099546733431,0.01275612802292187,0.34615384615384615,neural_minus_observational,0.1164953176176287,best,0.6538461538461539
confounded,,0.0,0.0,0.0,0.0,0.0,0.0,logger2_heavy,0,78,,0.0,0.0,,observational,0.0,best,
confounded,,0.0,0.0,0.0,0.0,0.0,0.0,logger2_heavy,0,78,,0.0,0.0,,observational,0.0,worst,
confounded,0.004124494915328146,0.0,0.0,0.012608020501207573,0.001692100478083342,0.0,0.0,logger2_heavy,0,78,,0.005212416172020662,0.011726519028653492,,neural,0.09552700360921401,best,
confounded,0.004124494915328146,0.0,0.0,0.012608020501207573,0.001692100478083342,0.0,0.0,logger2_heavy,0,78,,0.005212416172020662,0.011726519028653492,,neural,0.09552700360921401,worst,
confounded,0.004124494915328146,0.0,0.0,0.012608020501207573,0.001692100478083342,0.0,0.0,logger2_heavy,0,78,0.0,0.005212416172020662,0.011726519028653492,0.41025641025641024,neural_minus_observational,0.09552700360921401,best,0.5897435897435898
confounded,,0.0,0.0,0.0,0.0,0.0,0.0,logger2_heavy,1,78,,0.0,0.0,,observational,0.0,best,
confounded,,0.0,0.0,0.0,0.0,0.0,0.0,logger2_heavy,1,78,,0.0,0.0,,observational,0.0,worst,
confounded,0.0035449700316030025,0.0,0.0,0.005886110164400549,0.0009544150085085007,0.0,0.0,logger2_heavy,1,78,,0.004302814568363988,0.005694000126467072,,neural,0.07906722982445213,best,
confounded,0.0035449700316030025,0.0,0.0,0.005886110164400549,0.0009544150085085007,0.0,0.0,logger2_heavy,1,78,,0.004302814568363988,0.005694000126467072,,neural,0.07906722982445213,worst,
confounded,0.0035449700316030025,0.0,0.0,0.005886110164400549,0.0009544150085085007,0.0,0.0,logger2_heavy,1,78,0.0,0.004302814568363988,0.005694000126467072,0.2692307692307692,neural_minus_observational,0.07906722982445213,best,0.7307692307692307
confounded,,0.0,0.0,0.0,0.0,0.0,0.0,logger2_heavy,2,78,,0.0,0.0,,observational,0.0,best,
confounded,,0.0,0.0,0.0,0.0,0.0,0.0,logger2_heavy,2,78,,0.0,0.0,,observational,0.0,worst,
confounded,0.004213161307856243,0.0,0.0,0.013251966247791458,0.001458401991181007,0.0,0.0,logger2_heavy,2,78,,0.004589099546733431,0.01275612802292187,,neural,0.1164953176176287,best,
confounded,0.004213161307856243,0.0,0.0,0.013251966247791458,0.001458401991181007,0.0,0.0,logger2_heavy,2,78,,0.004589099546733431,0.01275612802292187,,neural,0.1164953176176287,worst,
confounded,0.004213161307856243,0.0,0.0,0.013251966247791458,0.001458401991181007,0.0,0.0,logger2_heavy,2,78,0.0,0.004589099546733431,0.01275612802292187,0.34615384615384615,neural_minus_observational,0.1164953176176287,best,0.6538461538461539
independent_latents,,0.0,0.0,0.0,0.0,0.0,0.0,logger1_heavy,0,78,,0.0,0.0,,observational,0.0,best,
independent_latents,,0.0,0.0,0.0,0.0,0.0,0.0,logger1_heavy,0,78,,0.0,0.0,,observational,0.0,worst,
independent_latents,0.00443812880932697,0.0,0.0,0.014493368098094095,0.002048367142766294,0.0,0.0,logger1_heavy,0,78,,0.005280814083675399,0.013005923943949713,,neural,0.09071245463500724,best,
independent_latents,0.00443812880932697,0.0,0.0,0.014493368098094095,0.002048367142766294,0.0,0.0,logger1_heavy,0,78,,0.005280814083675399,0.013005923943949713,,neural,0.09071245463500724,worst,
independent_latents,0.00443812880932697,0.0,0.0,0.014493368098094095,0.002048367142766294,0.0,0.0,logger1_heavy,0,78,0.0,0.005280814083675399,0.013005923943949713,0.46153846153846156,neural_minus_observational,0.09071245463500724,best,0.5384615384615384
independent_latents,,0.0,0.0,0.0,0.0,0.0,0.0,logger1_heavy,1,78,,0.0,0.0,,observational,0.0,best,
independent_latents,,0.0,0.0,0.0,0.0,0.0,0.0,logger1_heavy,1,78,,0.0,0.0,,observational,0.0,worst,
independent_latents,0.005000119881218333,0.0,0.0,0.014169029059608373,0.0016667066270727776,0.0,0.0,logger1_heavy,1,78,,0.004822156753045846,0.013462890694509353,,neural,0.10898991805892413,best,
independent_latents,0.005000119881218333,0.0,0.0,0.014169029059608373,0.0016667066270727776,0.0,0.0,logger1_heavy,1,78,,0.004822156753045846,0.013462890694509353,,neural,0.10898991805892413,worst,
independent_latents,0.005000119881218333,0.0,0.0,0.014169029059608373,0.0016667066270727776,0.0,0.0,logger1_heavy,1,78,0.0,0.004822156753045846,0.013462890694509353,0.3333333333333333,neural_minus_observational,0.10898991805892413,best,0.6666666666666666
independent_latents,,0.0,0.0,0.0,0.0,0.0,0.0,logger1_heavy,2,78,,0.0,0.0,,observational,0.0,best,
independent_latents,,0.0,0.0,0.0,0.0,0.0,0.0,logger1_heavy,2,78,,0.0,0.0,,observational,0.0,worst,
independent_latents,0.004618029865444801,0.0,0.0,0.013251966247791458,0.002072192888340616,0.0,0.0,logger1_heavy,2,78,,0.005537158616446325,0.01275612802292187,,neural,0.08198899056779642,best,
independent_latents,0.004618029865444801,0.0,0.0,0.013251966247791458,0.002072192888340616,0.0,0.0,logger1_heavy,2,78,,0.005537158616446325,0.01275612802292187,,neural,0.08198899056779642,worst,
independent_latents,0.004618029865444801,0.0,0.0,0.013251966247791458,0.002072192888340616,0.0,0.0,logger1_heavy,2,78,0.0,0.005537158616446325,0.01275612802292187,0.44871794871794873,neural_minus_observational,0.08198899056779642,best,0.5512820512820513
independent_latents,,0.0,0.0,0.0,0.0,0.0,0.0,logger12_balanced,0,78,,0.0,0.0,,observational,0.0,best,
independent_latents,,0.0,0.0,0.0,0.0,0.0,0.0,logger12_balanced,0,78,,0.0,0.0,,observational,0.0,worst,
independent_latents,0.00443812880932697,0.0,0.0,0.014493368098094095,0.002048367142766294,0.0,0.0,logger12_balanced,0,78,,0.005280814083675399,0.013005923943949713,,neural,0.09071245463500724,best,
independent_latents,0.00443812880932697,0.0,0.0,0.014493368098094095,0.002048367142766294,0.0,0.0,logger12_balanced,0,78,,0.005280814083675399,0.013005923943949713,,neural,0.09071245463500724,worst,
independent_latents,0.00443812880932697,0.0,0.0,0.014493368098094095,0.002048367142766294,0.0,0.0,logger12_balanced,0,78,0.0,0.005280814083675399,0.013005923943949713,0.46153846153846156,neural_minus_observational,0.09071245463500724,best,0.5384615384615384
independent_latents,,0.0,0.0,0.0,0.0,0.0,0.0,logger12_balanced,1,78,,0.0,0.0,,observational,0.0,best,
independent_latents,,0.0,0.0,0.0,0.0,0.0,0.0,logger12_balanced,1,78,,0.0,0.0,,observational,0.0,worst,
independent_latents,0.005000119881218333,0.0,0.0,0.014169029059608373,0.0016667066270727776,0.0,0.0,logger12_balanced,1,78,,0.004822156753045846,0.013462890694509353,,neural,0.10898991805892413,best,
independent_latents,0.005000119881218333,0.0,0.0,0.014169029059608373,0.0016667066270727776,0.0,0.0,logger12_balanced,1,78,,0.004822156753045846,0.013462890694509353,,neural,0.10898991805892413,worst,
independent_latents,0.005000119881218333,0.0,0.0,0.014169029059608373,0.0016667066270727776,0.0,0.0,logger12_balanced,1,78,0.0,0.004822156753045846,0.013462890694509353,0.3333333333333333,neural_minus_observational,0.10898991805892413,best,0.6666666666666666
independent_latents,,0.0,0.0,0.0,0.0,0.0,0.0,logger12_balanced,2,78,,0.0,0.0,,observational,0.0,best,
independent_latents,,0.0,0.0,0.0,0.0,0.0,0.0,logger12_balanced,2,78,,0.0,0.0,,observational,0.0,worst,
independent_latents,0.004618029865444801,0.0,0.0,0.013251966247791458,0.002072192888340616,0.0,0.0,logger12_balanced,2,78,,0.005537158616446325,0.01275612802292187,,neural,0.08198899056779642,best,
independent_latents,0.004618029865444801,0.0,0.0,0.013251966247791458,0.002072192888340616,0.0,0.0,logger12_balanced,2,78,,0.005537158616446325,0.01275612802292187,,neural,0.08198899056779642,worst,
independent_latents,0.004618029865444801,0.0,0.0,0.013251966247791458,0.002072192888340616,0.0,0.0,logger12_balanced,2,78,0.0,0.005537158616446325,0.01275612802292187,0.44871794871794873,neural_minus_observational,0.08198899056779642,best,0.5512820512820513
independent_latents,,0.0,0.0,0.0,0.0,0.0,0.0,logger2_heavy,0,78,,0.0,0.0,,observational,0.0,best,
independent_latents,,0.0,0.0,0.0,0.0,0.0,0.0,logger2_heavy,0,78,,0.0,0.0,,observational,0.0,worst,
independent_latents,0.00443812880932697,0.0,0.0,0.014493368098094095,0.002048367142766294,0.0,0.0,logger2_heavy,0,78,,0.005280814083675399,0.013005923943949713,,neural,0.09071245463500724,best,
independent_latents,0.00443812880932697,0.0,0.0,0.014493368098094095,0.002048367142766294,0.0,0.0,logger2_heavy,0,78,,0.005280814083675399,0.013005923943949713,,neural,0.09071245463500724,worst,
independent_latents,0.00443812880932697,0.0,0.0,0.014493368098094095,0.002048367142766294,0.0,0.0,logger2_heavy,0,78,0.0,0.005280814083675399,0.013005923943949713,0.46153846153846156,neural_minus_observational,0.09071245463500724,best,0.5384615384615384
independent_latents,,0.0,0.0,0.0,0.0,0.0,0.0,logger2_heavy,1,78,,0.0,0.0,,observational,0.0,best,
independent_latents,,0.0,0.0,0.0,0.0,0.0,0.0,logger2_heavy,1,78,,0.0,0.0,,observational,0.0,worst,
independent_latents,0.005000119881218333,0.0,0.0,0.014169029059608373,0.0016667066270727776,0.0,0.0,logger2_heavy,1,78,,0.004822156753045846,0.013462890694509353,,neural,0.10898991805892413,best,
independent_latents,0.005000119881218333,0.0,0.0,0.014169029059608373,0.0016667066270727776,0.0,0.0,logger2_heavy,1,78,,0.004822156753045846,0.013462890694509353,,neural,0.10898991805892413,worst,
independent_latents,0.005000119881218333,0.0,0.0,0.014169029059608373,0.0016667066270727776,0.0,0.0,logger2_heavy,1,78,0.0,0.004822156753045846,0.013462890694509353,0.3333333333333333,neural_minus_observational,0.10898991805892413,best,0.6666666666666666
independent_latents,,0.0,0.0,0.0,0.0,0.0,0.0,logger2_heavy,2,78,,0.0,0.0,,observational,0.0,best,
independent_latents,,0.0,0.0,0.0,0.0,0.0,0.0,logger2_heavy,2,78,,0.0,0.0,,observational,0.0,worst,
independent_latents,0.004618029865444801,0.0,0.0,0.013251966247791458,0.002072192888340616,0.0,0.0,logger2_heavy,2,78,,0.005537158616446325,0.01275612802292187,,neural,0.08198899056779642,best,
independent_latents,0.004618029865444801,0.0,0.0,0.013251966247791458,0.002072192888340616,0.0,0.0,logger2_heavy,2,78,,0.005537158616446325,0.01275612802292187,,neural,0.08198899056779642,worst,
independent_latents,0.004618029865444801,0.0,0.0,0.013251966247791458,0.002072192888340616,0.0,0.0,logger2_heavy,2,78,0.0,0.005537158616446325,0.01275612802292187,0.44871794871794873,neural_minus_observational,0.08198899056779642,best,0.5512820512820513
confounded,0.006195342990386424,0.0,0.05,0.014561894727489477,0.005877633093443531,0.005016554789979422,0.0,logger1_heavy,0,78,,0.012806157761590152,0.014509129222855034,,observational,0.031762948635393674,best,
confounded,0.006195342990386424,0.0,0.05,0.014561894727489477,0.005877633093443531,0.005016554789979422,0.0,logger1_heavy,0,78,,0.012806157761590152,0.014509129222855034,,observational,0.031762948635393674,worst,
confounded,0.006239460273438169,0.0,0.05,0.014561894727489477,0.005759501790866002,0.004823937133084488,0.0,logger1_heavy,0,78,,0.012806157761590152,0.014509129222855034,,neural,0.03241442833489699,best,
confounded,0.006239460273438169,0.0,0.05,0.014561894727489477,0.005759501790866002,0.004823937133084488,0.0,logger1_heavy,0,78,,0.012806157761590152,0.014509129222855034,,neural,0.03241442833489699,worst,
confounded,,0.0,0.05,0.0,-0.00011813130257752851,0.0,-0.00508519879184588,logger1_heavy,0,78,0.02564102564102564,0.0,0.0,0.0,neural_minus_observational,-0.0,best,0.9743589743589743
confounded,0.006195342990386424,0.0,0.05,0.014561894727489477,0.005877633093443531,0.005016554789979422,0.0,logger1_heavy,1,78,,0.012806157761590152,0.014509129222855034,,observational,0.031762948635393674,best,
confounded,0.006195342990386424,0.0,0.05,0.014561894727489477,0.005877633093443531,0.005016554789979422,0.0,logger1_heavy,1,78,,0.012806157761590152,0.014509129222855034,,observational,0.031762948635393674,worst,
confounded,0.006239704159788887,0.0,0.05,0.014561894727489477,0.005679730709551423,0.004823937133084488,0.0,logger1_heavy,1,78,,0.012806157761590152,0.014509129222855034,,neural,0.0328696847776224,best,
confounded,0.006239704159788887,0.0,0.05,0.014561894727489477,0.005679730709551423,0.004823937133084488,0.0,logger1_heavy,1,78,,0.012806157761590152,0.014509129222855034,,neural,0.0328696847776224,worst,
confounded,,0.0,0.05,0.0,-0.00019790238389210806,0.0,-0.005340289987942448,logger1_heavy,1,78,0.05128205128205128,0.0,0.0,0.0,neural_minus_observational,-0.0,best,0.9487179487179487
confounded,0.006195342990386424,0.0,0.05,0.014561894727489477,0.005877633093443531,0.005016554789979422,0.0,logger1_heavy,2,78,,0.012806157761590152,0.014509129222855034,,observational,0.031762948635393674,best,
confounded,0.006195342990386424,0.0,0.05,0.014561894727489477,0.005877633093443531,0.005016554789979422,0.0,logger1_heavy,2,78,,0.012806157761590152,0.014509129222855034,,observational,0.031762948635393674,worst,
confounded,0.006195342990386424,0.0,0.05,0.014561894727489477,0.005877633093443531,0.005016554789979422,0.0,logger1_heavy,2,78,,0.012806157761590152,0.014509129222855034,,neural,0.031762948635393674,best,
confounded,0.006195342990386424,0.0,0.05,0.014561894727489477,0.005877633093443531,0.005016554789979422,0.0,logger1_heavy,2,78,,0.012806157761590152,0.014509129222855034,,neural,0.031762948635393674,worst,
confounded,,0.0,0.05,0.0,0.0,0.0,0.0,logger1_heavy,2,78,0.0,0.0,0.0,0.0,neural_minus_observational,0.0,best,1.0
confounded,0.006195342990386424,0.0,0.05,0.014561894727489477,0.005877633093443531,0.005016554789979422,0.0,logger12_balanced,0,78,,0.012806157761590152,0.014509129222855034,,observational,0.031762948635393674,best,
confounded,0.006195342990386424,0.0,0.05,0.014561894727489477,0.005877633093443531,0.005016554789979422,0.0,logger12_balanced,0,78,,0.012806157761590152,0.014509129222855034,,observational,0.031762948635393674,worst,
confounded,0.006139803752849479,0.0,0.05,0.014561894727489477,0.005588795723747603,0.004625834457568034,0.0,logger12_balanced,0,78,,0.012661211120799098,0.014509129222855034,,neural,0.033404505598846626,best,
confounded,0.006139803752849479,0.0,0.05,0.014561894727489477,0.005588795723747603,0.004625834457568034,0.0,logger12_balanced,0,78,,0.012661211120799098,0.014509129222855034,,neural,0.033404505598846626,worst,
confounded,,0.0,0.05,0.0,-0.0002888373696959282,0.0,-0.013315073235235175,logger12_balanced,0,78,0.038461538461538464,0.0,0.0,0.0,neural_minus_observational,-0.0,best,0.9615384615384616
confounded,0.006195342990386424,0.0,0.05,0.014561894727489477,0.005877633093443531,0.005016554789979422,0.0,logger12_balanced,1,78,,0.012806157761590152,0.014509129222855034,,observational,0.031762948635393674,best,
confounded,0.006195342990386424,0.0,0.05,0.014561894727489477,0.005877633093443531,0.005016554789979422,0.0,logger12_balanced,1,78,,0.012806157761590152,0.014509129222855034,,observational,0.031762948635393674,worst,
confounded,0.006186500463948393,0.0,0.05,0.014561894727489477,0.005789929921387598,0.004823937133084488,0.0,logger12_balanced,1,78,,0.012806157761590152,0.014509129222855034,,neural,0.032244079044050855,best,
confounded,0.006186500463948393,0.0,0.05,0.014561894727489477,0.005789929921387598,0.004823937133084488,0.0,logger12_balanced,1,78,,0.012806157761590152,0.014509129222855034,,neural,0.032244079044050855,worst,
confounded,,0.0,0.05,0.0,-8.77031720559324e-05,0.0,-0.004129042809201344,logger12_balanced,1,78,0.02564102564102564,0.0,0.0,0.0,neural_minus_observational,-0.0,best,0.9743589743589743
confounded,0.006195342990386424,0.0,0.05,0.014561894727489477,0.005877633093443531,0.005016554789979422,0.0,logger12_balanced,2,78,,0.012806157761590152,0.014509129222855034,,observational,0.031762948635393674,best,
confounded,0.006195342990386424,0.0,0.05,0.014561894727489477,0.005877633093443531,0.005016554789979422,0.0,logger12_balanced,2,78,,0.012806157761590152,0.014509129222855034,,observational,0.031762948635393674,worst,
confounded,0.006195342990386424,0.0,0.05,0.014561894727489477,0.005877633093443531,0.005016554789979422,0.0,logger12_balanced,2,78,,0.012806157761590152,0.014509129222855034,,neural,0.031762948635393674,best,
confounded,0.006195342990386424,0.0,0.05,0.014561894727489477,0.005877633093443531,0.005016554789979422,0.0,logger12_balanced,2,78,,0.012806157761590152,0.014509129222855034,,neural,0.031762948635393674,worst,
confounded,,0.0,0.05,0.0,0.0,0.0,0.0,logger12_balanced,2,78,0.0,0.0,0.0,0.0,neural_minus_observational,0.0,best,1.0
confounded,0.006195342990386424,0.0,0.05,0.014561894727489477,0.005877633093443531,0.005016554789979422,0.0,logger2_heavy,0,78,,0.012806157761590152,0.014509129222855034,,observational,0.031762948635393674,best,
confounded,0.006195342990386424,0.0,0.05,0.014561894727489477,0.005877633093443531,0.005016554789979422,0.0,logger2_heavy,0,78,,0.012806157761590152,0.014509129222855034,,observational,0.031762948635393674,worst,
confounded,0.006113043225357979,0.0,0.05,0.014561894727489477,0.005564436782056622,0.004625834457568034,0.0,logger2_heavy,0,78,,0.012661211120799098,0.014509129222855034,,neural,0.03355073754216248,best,
confounded,0.006113043225357979,0.0,0.05,0.014561894727489477,0.005564436782056622,0.004625834457568034,0.0,logger2_heavy,0,78,,0.012661211120799098,0.014509129222855034,,neural,0.03355073754216248,worst,
confounded,,0.0,0.05,0.0,-0.00031319631138690906,0.0,-0.013315073235235175,logger2_heavy,0,78,0.05128205128205128,0.0,0.0,0.0,neural_minus_observational,-0.0,best,0.9487179487179487
confounded,0.006195342990386424,0.0,0.05,0.014561894727489477,0.005877633093443531,0.005016554789979422,0.0,logger2_heavy,1,78,,0.012806157761590152,0.014509129222855034,,observational,0.031762948635393674,best,
confounded,0.006195342990386424,0.0,0.05,0.014561894727489477,0.005877633093443531,0.005016554789979422,0.0,logger2_heavy,1,78,,0.012806157761590152,0.014509129222855034,,observational,0.031762948635393674,worst,
confounded,0.006204648223190005,0.0,0.05,0.014561894727489477,0.005727367590636927,0.004823937133084488,0.0,logger2_heavy,1,78,,0.012806157761590152,0.014509129222855034,,neural,0.03259629403741055,best,
confounded,0.006204648223190005,0.0,0.05,0.014561894727489477,0.005727367590636927,0.004823937133084488,0.0,logger2_heavy,1,78,,0.012806157761590152,0.014509129222855034,,neural,0.03259629403741055,worst,
confounded,,0.0,0.05,0.0,-0.0001502655028066039,0.0,-0.005340289987942448,logger2_heavy,1,78,0.038461538461538464,0.0,0.0,0.0,neural_minus_observational,-0.0,best,0.9615384615384616
confounded,0.006195342990386424,0.0,0.05,0.014561894727489477,0.005877633093443531,0.005016554789979422,0.0,logger2_heavy,2,78,,0.012806157761590152,0.014509129222855034,,observational,0.031762948635393674,best,
confounded,0.006195342990386424,0.0,0.05,0.014561894727489477,0.005877633093443531,0.005016554789979422,0.0,logger2_heavy,2,78,,0.012806157761590152,0.014509129222855034,,observational,0.031762948635393674,worst,
confounded,0.006086872780137582,0.0,0.05,0.014561894727489477,0.005774725458079244,0.004625834457568034,0.0,logger2_heavy,2,78,,0.012806157761590152,0.014509129222855034,,neural,0.03232897553312135,best,
confounded,0.006086872780137582,0.0,0.05,0.014561894727489477,0.005774725458079244,0.004625834457568034,0.0,logger2_heavy,2,78,,0.012806157761590152,0.014509129222855034,,neural,0.03232897553312135,worst,
confounded,,0.0,0.05,0.0,-0.00010290763536428649,0.0,-0.0025845767080450166,logger2_heavy,2,78,0.05128205128205128,0.0,0.0,0.0,neural_minus_observational,-0.0,best,0.9487179487179487
independent_latents,,0.0,0.05,0.0,0.0,0.0,0.0,logger1_heavy,0,78,,0.0,0.0,,observational,0.0,best,
independent_latents,,0.0,0.05,0.0,0.0,0.0,0.0,logger1_heavy,0,78,,0.0,0.0,,observational,0.0,worst,
independent_latents,0.00443812880932697,0.0,0.05,0.014493368098094095,0.002048367142766294,0.0,0.0,logger1_heavy,0,78,,0.005280814083675399,0.013005923943949713,,neural,0.09071245463500724,best,
independent_latents,0.00443812880932697,0.0,0.05,0.014493368098094095,0.002048367142766294,0.0,0.0,logger1_heavy,0,78,,0.005280814083675399,0.013005923943949713,,neural,0.09071245463500724,worst,
independent_latents,0.00443812880932697,0.0,0.05,0.014493368098094095,0.002048367142766294,0.0,0.0,logger1_heavy,0,78,0.0,0.005280814083675399,0.013005923943949713,0.46153846153846156,neural_minus_observational,0.09071245463500724,best,0.5384615384615384
independent_latents,,0.0,0.05,0.0,0.0,0.0,0.0,logger1_heavy,1,78,,0.0,0.0,,observational,0.0,best,
independent_latents,,0.0,0.05,0.0,0.0,0.0,0.0,logger1_heavy,1,78,,0.0,0.0,,observational,0.0,worst,
independent_latents,0.005000119881218333,0.0,0.05,0.014169029059608373,0.0016667066270727776,0.0,0.0,logger1_heavy,1,78,,0.004822156753045846,0.013462890694509353,,neural,0.10898991805892413,best,
independent_latents,0.005000119881218333,0.0,0.05,0.014169029059608373,0.0016667066270727776,0.0,0.0,logger1_heavy,1,78,,0.004822156753045846,0.013462890694509353,,neural,0.10898991805892413,worst,
independent_latents,0.005000119881218333,0.0,0.05,0.014169029059608373,0.0016667066270727776,0.0,0.0,logger1_heavy,1,78,0.0,0.004822156753045846,0.013462890694509353,0.3333333333333333,neural_minus_observational,0.10898991805892413,best,0.6666666666666666
independent_latents,,0.0,0.05,0.0,0.0,0.0,0.0,logger1_heavy,2,78,,0.0,0.0,,observational,0.0,best,
independent_latents,,0.0,0.05,0.0,0.0,0.0,0.0,logger1_heavy,2,78,,0.0,0.0,,observational,0.0,worst,
independent_latents,0.004618029865444801,0.0,0.05,0.013251966247791458,0.002072192888340616,0.0,0.0,logger1_heavy,2,78,,0.005537158616446325,0.01275612802292187,,neural,0.08198899056779642,best,
independent_latents,0.004618029865444801,0.0,0.05,0.013251966247791458,0.002072192888340616,0.0,0.0,logger1_heavy,2,78,,0.005537158616446325,0.01275612802292187,,neural,0.08198899056779642,worst,
independent_latents,0.004618029865444801,0.0,0.05,0.013251966247791458,0.002072192888340616,0.0,0.0,logger1_heavy,2,78,0.0,0.005537158616446325,0.01275612802292187,0.44871794871794873,neural_minus_observational,0.08198899056779642,best,0.5512820512820513
independent_latents,,0.0,0.05,0.0,0.0,0.0,0.0,logger12_balanced,0,78,,0.0,0.0,,observational,0.0,best,
independent_latents,,0.0,0.05,0.0,0.0,0.0,0.0,logger12_balanced,0,78,,0.0,0.0,,observational,0.0,worst,
independent_latents,0.00443812880932697,0.0,0.05,0.014493368098094095,0.002048367142766294,0.0,0.0,logger12_balanced,0,78,,0.005280814083675399,0.013005923943949713,,neural,0.09071245463500724,best,
independent_latents,0.00443812880932697,0.0,0.05,0.014493368098094095,0.002048367142766294,0.0,0.0,logger12_balanced,0,78,,0.005280814083675399,0.013005923943949713,,neural,0.09071245463500724,worst,
independent_latents,0.00443812880932697,0.0,0.05,0.014493368098094095,0.002048367142766294,0.0,0.0,logger12_balanced,0,78,0.0,0.005280814083675399,0.013005923943949713,0.46153846153846156,neural_minus_observational,0.09071245463500724,best,0.5384615384615384
independent_latents,,0.0,0.05,0.0,0.0,0.0,0.0,logger12_balanced,1,78,,0.0,0.0,,observational,0.0,best,
independent_latents,,0.0,0.05,0.0,0.0,0.0,0.0,logger12_balanced,1,78,,0.0,0.0,,observational,0.0,worst,
independent_latents,0.005000119881218333,0.0,0.05,0.014169029059608373,0.0016667066270727776,0.0,0.0,logger12_balanced,1,78,,0.004822156753045846,0.013462890694509353,,neural,0.10898991805892413,best,
independent_latents,0.005000119881218333,0.0,0.05,0.014169029059608373,0.0016667066270727776,0.0,0.0,logger12_balanced,1,78,,0.004822156753045846,0.013462890694509353,,neural,0.10898991805892413,worst,
independent_latents,0.005000119881218333,0.0,0.05,0.014169029059608373,0.0016667066270727776,0.0,0.0,logger12_balanced,1,78,0.0,0.004822156753045846,0.013462890694509353,0.3333333333333333,neural_minus_observational,0.10898991805892413,best,0.6666666666666666
independent_latents,,0.0,0.05,0.0,0.0,0.0,0.0,logger12_balanced,2,78,,0.0,0.0,,observational,0.0,best,
independent_latents,,0.0,0.05,0.0,0.0,0.0,0.0,logger12_balanced,2,78,,0.0,0.0,,observational,0.0,worst,
independent_latents,0.004618029865444801,0.0,0.05,0.013251966247791458,0.002072192888340616,0.0,0.0,logger12_balanced,2,78,,0.005537158616446325,0.01275612802292187,,neural,0.08198899056779642,best,
independent_latents,0.004618029865444801,0.0,0.05,0.013251966247791458,0.002072192888340616,0.0,0.0,logger12_balanced,2,78,,0.005537158616446325,0.01275612802292187,,neural,0.08198899056779642,worst,
independent_latents,0.004618029865444801,0.0,0.05,0.013251966247791458,0.002072192888340616,0.0,0.0,logger12_balanced,2,78,0.0,0.005537158616446325,0.01275612802292187,0.44871794871794873,neural_minus_observational,0.08198899056779642,best,0.5512820512820513
independent_latents,,0.0,0.05,0.0,0.0,0.0,0.0,logger2_heavy,0,78,,0.0,0.0,,observational,0.0,best,
independent_latents,,0.0,0.05,0.0,0.0,0.0,0.0,logger2_heavy,0,78,,0.0,0.0,,observational,0.0,worst,
independent_latents,0.00443812880932697,0.0,0.05,0.014493368098094095,0.002048367142766294,0.0,0.0,logger2_heavy,0,78,,0.005280814083675399,0.013005923943949713,,neural,0.09071245463500724,best,
independent_latents,0.00443812880932697,0.0,0.05,0.014493368098094095,0.002048367142766294,0.0,0.0,logger2_heavy,0,78,,0.005280814083675399,0.013005923943949713,,neural,0.09071245463500724,worst,
independent_latents,0.00443812880932697,0.0,0.05,0.014493368098094095,0.002048367142766294,0.0,0.0,logger2_heavy,0,78,0.0,0.005280814083675399,0.013005923943949713,0.46153846153846156,neural_minus_observational,0.09071245463500724,best,0.5384615384615384
independent_latents,,0.0,0.05,0.0,0.0,0.0,0.0,logger2_heavy,1,78,,0.0,0.0,,observational,0.0,best,
independent_latents,,0.0,0.05,0.0,0.0,0.0,0.0,logger2_heavy,1,78,,0.0,0.0,,observational,0.0,worst,
independent_latents,0.005000119881218333,0.0,0.05,0.014169029059608373,0.0016667066270727776,0.0,0.0,logger2_heavy,1,78,,0.004822156753045846,0.013462890694509353,,neural,0.10898991805892413,best,
independent_latents,0.005000119881218333,0.0,0.05,0.014169029059608373,0.0016667066270727776,0.0,0.0,logger2_heavy,1,78,,0.004822156753045846,0.013462890694509353,,neural,0.10898991805892413,worst,
independent_latents,0.005000119881218333,0.0,0.05,0.014169029059608373,0.0016667066270727776,0.0,0.0,logger2_heavy,1,78,0.0,0.004822156753045846,0.013462890694509353,0.3333333333333333,neural_minus_observational,0.10898991805892413,best,0.6666666666666666
independent_latents,,0.0,0.05,0.0,0.0,0.0,0.0,logger2_heavy,2,78,,0.0,0.0,,observational,0.0,best,
independent_latents,,0.0,0.05,0.0,0.0,0.0,0.0,logger2_heavy,2,78,,0.0,0.0,,observational,0.0,worst,
independent_latents,0.004618029865444801,0.0,0.05,0.013251966247791458,0.002072192888340616,0.0,0.0,logger2_heavy,2,78,,0.005537158616446325,0.01275612802292187,,neural,0.08198899056779642,best,
independent_latents,0.004618029865444801,0.0,0.05,0.013251966247791458,0.002072192888340616,0.0,0.0,logger2_heavy,2,78,,0.005537158616446325,0.01275612802292187,,neural,0.08198899056779642,worst,
independent_latents,0.004618029865444801,0.0,0.05,0.013251966247791458,0.002072192888340616,0.0,0.0,logger2_heavy,2,78,0.0,0.005537158616446325,0.01275612802292187,0.44871794871794873,neural_minus_observational,0.08198899056779642,best,0.5512820512820513
confounded,0.006195342990386424,0.0,0.1,0.014561894727489477,0.005877633093443531,0.005016554789979422,0.0,logger1_heavy,0,78,,0.012806157761590152,0.014509129222855034,,observational,0.031762948635393674,best,
confounded,0.006195342990386424,0.0,0.1,0.014561894727489477,0.005877633093443531,0.005016554789979422,0.0,logger1_heavy,0,78,,0.012806157761590152,0.014509129222855034,,observational,0.031762948635393674,worst,
confounded,0.006210550445160953,0.0,0.1,0.014561894727489477,0.005812438237137814,0.004823937133084488,0.0,logger1_heavy,0,78,,0.012806157761590152,0.014509129222855034,,neural,0.032119215796892156,best,
confounded,0.006210550445160953,0.0,0.1,0.014561894727489477,0.005812438237137814,0.004823937133084488,0.0,logger1_heavy,0,78,,0.012806157761590152,0.014509129222855034,,neural,0.032119215796892156,worst,
confounded,,0.0,0.1,0.0,-6.519485630571641e-05,0.0,-0.00508519879184588,logger1_heavy,0,78,0.01282051282051282,0.0,0.0,0.0,neural_minus_observational,-0.0,best,0.9871794871794872
confounded,0.006195342990386424,0.0,0.1,0.014561894727489477,0.005877633093443531,0.005016554789979422,0.0,logger1_heavy,1,78,,0.012806157761590152,0.014509129222855034,,observational,0.031762948635393674,best,
confounded,0.006195342990386424,0.0,0.1,0.014561894727489477,0.005877633093443531,0.005016554789979422,0.0,logger1_heavy,1,78,,0.012806157761590152,0.014509129222855034,,observational,0.031762948635393674,worst,
confounded,0.0062714136868560885,0.0,0.1,0.014561894727489477,0.005708594509830542,0.004823937133084488,0.0,logger1_heavy,1,78,,0.012806157761590152,0.014509129222855034,,neural,0.032703489050280914,best,
confounded,0.0062714136868560885,0.0,0.1,0.014561894727489477,0.005708594509830542,0.004823937133084488,0.0,logger1_heavy,1,78,,0.012806157761590152,0.014509129222855034,,neural,0.032703489050280914,worst,
confounded,,0.0,0.1,0.0,-0.00016903858361298868,0.0,-0.005340289987942448,logger1_heavy,1,78,0.038461538461538464,0.0,0.0,0.0,neural_minus_observational,-0.0,best,0.9615384615384616
confounded,0.006195342990386424,0.0,0.1,0.014561894727489477,0.005877633093443531,0.005016554789979422,0.0,logger1_heavy,2,78,,0.012806157761590152,0.014509129222855034,,observational,0.031762948635393674,best,
confounded,0.006195342990386424,0.0,0.1,0.014561894727489477,0.005877633093443531,0.005016554789979422,0.0,logger1_heavy,2,78,,0.012806157761590152,0.014509129222855034,,observational,0.031762948635393674,worst,
confounded,0.006195342990386424,0.0,0.1,0.014561894727489477,0.005877633093443531,0.005016554789979422,0.0,logger1_heavy,2,78,,0.012806157761590152,0.014509129222855034,,neural,0.031762948635393674,best,
confounded,0.006195342990386424,0.0,0.1,0.014561894727489477,0.005877633093443531,0.005016554789979422,0.0,logger1_heavy,2,78,,0.012806157761590152,0.014509129222855034,,neural,0.031762948635393674,worst,
confounded,,0.0,0.1,0.0,0.0,0.0,0.0,logger1_heavy,2,78,0.0,0.0,0.0,0.0,neural_minus_observational,0.0,best,1.0
confounded,0.006195342990386424,0.0,0.1,0.014561894727489477,0.005877633093443531,0.005016554789979422,0.0,logger12_balanced,0,78,,0.012806157761590152,0.014509129222855034,,observational,0.031762948635393674,best,
confounded,0.006195342990386424,0.0,0.1,0.014561894727489477,0.005877633093443531,0.005016554789979422,0.0,logger12_balanced,0,78,,0.012806157761590152,0.014509129222855034,,observational,0.031762948635393674,worst,
confounded,0.006210550445160953,0.0,0.1,0.014561894727489477,0.005812438237137814,0.004823937133084488,0.0,logger12_balanced,0,78,,0.012806157761590152,0.014509129222855034,,neural,0.032119215796892156,best,
confounded,0.006210550445160953,0.0,0.1,0.014561894727489477,0.005812438237137814,0.004823937133084488,0.0,logger12_balanced,0,78,,0.012806157761590152,0.014509129222855034,,neural,0.032119215796892156,worst,
confounded,,0.0,0.1,0.0,-6.519485630571641e-05,0.0,-0.00508519879184588,logger12_balanced,0,78,0.01282051282051282,0.0,0.0,0.0,neural_minus_observational,-0.0,best,0.9871794871794872
confounded,0.006195342990386424,0.0,0.1,0.014561894727489477,0.005877633093443531,0.005016554789979422,0.0,logger12_balanced,1,78,,0.012806157761590152,0.014509129222855034,,observational,0.031762948635393674,best,
confounded,0.006195342990386424,0.0,0.1,0.014561894727489477,0.005877633093443531,0.005016554789979422,0.0,logger12_balanced,1,78,,0.012806157761590152,0.014509129222855034,,observational,0.031762948635393674,worst,
confounded,0.0062714136868560885,0.0,0.1,0.014561894727489477,0.005708594509830542,0.004823937133084488,0.0,logger12_balanced,1,78,,0.012806157761590152,0.014509129222855034,,neural,0.032703489050280914,best,
confounded,0.0062714136868560885,0.0,0.1,0.014561894727489477,0.005708594509830542,0.004823937133084488,0.0,logger12_balanced,1,78,,0.012806157761590152,0.014509129222855034,,neural,0.032703489050280914,worst,
confounded,,0.0,0.1,0.0,-0.00016903858361298868,0.0,-0.005340289987942448,logger12_balanced,1,78,0.038461538461538464,0.0,0.0,0.0,neural_minus_observational,-0.0,best,0.9615384615384616
confounded,0.006195342990386424,0.0,0.1,0.014561894727489477,0.005877633093443531,0.005016554789979422,0.0,logger12_balanced,2,78,,0.012806157761590152,0.014509129222855034,,observational,0.031762948635393674,best,
confounded,0.006195342990386424,0.0,0.1,0.014561894727489477,0.005877633093443531,0.005016554789979422,0.0,logger12_balanced,2,78,,0.012806157761590152,0.014509129222855034,,observational,0.031762948635393674,worst,
confounded,0.006177187199641476,0.0,0.1,0.014561894727489477,0.005860408368890631,0.005016554789979422,0.0,logger12_balanced,2,78,,0.012806157761590152,0.014509129222855034,,neural,0.03185630527656851,best,
confounded,0.006177187199641476,0.0,0.1,0.014561894727489477,0.005860408368890631,0.005016554789979422,0.0,logger12_balanced,2,78,,0.012806157761590152,0.014509129222855034,,neural,0.03185630527656851,worst,
confounded,,0.0,0.1,0.0,-1.7224724552900028e-05,0.0,-0.0013435285151262022,logger12_balanced,2,78,0.01282051282051282,0.0,0.0,0.0,neural_minus_observational,-0.0,best,0.9871794871794872
confounded,0.006195342990386424,0.0,0.1,0.014561894727489477,0.005877633093443531,0.005016554789979422,0.0,logger2_heavy,0,78,,0.012806157761590152,0.014509129222855034,,observational,0.031762948635393674,best,
confounded,0.006195342990386424,0.0,0.1,0.014561894727489477,0.005877633093443531,0.005016554789979422,0.0,logger2_heavy,0,78,,0.012806157761590152,0.014509129222855034,,observational,0.031762948635393674,worst,
confounded,0.006239460273438169,0.0,0.1,0.014561894727489477,0.005759501790866002,0.004823937133084488,0.0,logger2_heavy,0,78,,0.012806157761590152,0.014509129222855034,,neural,0.03241442833489699,best,
confounded,0.006239460273438169,0.0,0.1,0.014561894727489477,0.005759501790866002,0.004823937133084488,0.0,logger2_heavy,0,78,,0.012806157761590152,0.014509129222855034,,neural,0.03241442833489699,worst,
confounded,,0.0,0.1,0.0,-0.00011813130257752851,0.0,-0.00508519879184588,logger2_heavy,0,78,0.02564102564102564,0.0,0.0,0.0,neural_minus_observational,-0.0,best,0.9743589743589743
confounded,0.006195342990386424,0.0,0.1,0.014561894727489477,0.005877633093443531,0.005016554789979422,0.0,logger2_heavy,1,78,,0.012806157761590152,0.014509129222855034,,observational,0.031762948635393674,best,
confounded,0.006195342990386424,0.0,0.1,0.014561894727489477,0.005877633093443531,0.005016554789979422,0.0,logger2_heavy,1,78,,0.012806157761590152,0.014509129222855034,,observational,0.031762948635393674,worst,
confounded,0.006193497118649156,0.0,0.1,0.014561894727489477,0.005637670454155001,0.004625834457568034,0.0,logger2_heavy,1,78,,0.012806157761590152,0.014509129222855034,,neural,0.03311491148035168,best,
confounded,0.006193497118649156,0.0,0.1,0.014561894727489477,0.005637670454155001,0.004625834457568034,0.0,logger2_heavy,1,78,,0.012806157761590152,0.014509129222855034,,neural,0.03311491148035168,worst,
confounded,,0.0,0.1,0.0,-0.00023996263928853048,0.0,-0.005340289987942448,logger2_heavy,1,78,0.0641025641025641,0.0,0.0,0.0,neural_minus_observational,-0.0,best,0.9358974358974359
confounded,0.006195342990386424,0.0,0.1,0.014561894727489477,0.005877633093443531,0.005016554789979422,0.0,logger2_heavy,2,78,,0.012806157761590152,0.014509129222855034,,observational,0.031762948635393674,best,
confounded,0.006195342990386424,0.0,0.1,0.014561894727489477,0.005877633093443531,0.005016554789979422,0.0,logger2_heavy,2,78,,0.012806157761590152,0.014509129222855034,,observational,0.031762948635393674,worst,
confounded,0.006195342990386424,0.0,0.1,0.014561894727489477,0.005877633093443531,0.005016554789979422,0.0,logger2_heavy,2,78,,0.012806157761590152,0.014509129222855034,,neural,0.031762948635393674,best,
confounded,0.006195342990386424,0.0,0.1,0.014561894727489477,0.005877633093443531,0.005016554789979422,0.0,logger2_heavy,2,78,,0.012806157761590152,0.014509129222855034,,neural,0.031762948635393674,worst,
confounded,,0.0,0.1,0.0,0.0,0.0,0.0,logger2_heavy,2,78,0.0,0.0,0.0,0.0,neural_minus_observational,0.0,best,1.0
independent_latents,,0.0,0.1,0.0,0.0,0.0,0.0,logger1_heavy,0,78,,0.0,0.0,,observational,0.0,best,
independent_latents,,0.0,0.1,0.0,0.0,0.0,0.0,logger1_heavy,0,78,,0.0,0.0,,observational,0.0,worst,
independent_latents,0.00443812880932697,0.0,0.1,0.014493368098094095,0.002048367142766294,0.0,0.0,logger1_heavy,0,78,,0.005280814083675399,0.013005923943949713,,neural,0.09071245463500724,best,
independent_latents,0.00443812880932697,0.0,0.1,0.014493368098094095,0.002048367142766294,0.0,0.0,logger1_heavy,0,78,,0.005280814083675399,0.013005923943949713,,neural,0.09071245463500724,worst,
independent_latents,0.00443812880932697,0.0,0.1,0.014493368098094095,0.002048367142766294,0.0,0.0,logger1_heavy,0,78,0.0,0.005280814083675399,0.013005923943949713,0.46153846153846156,neural_minus_observational,0.09071245463500724,best,0.5384615384615384
independent_latents,,0.0,0.1,0.0,0.0,0.0,0.0,logger1_heavy,1,78,,0.0,0.0,,observational,0.0,best,
independent_latents,,0.0,0.1,0.0,0.0,0.0,0.0,logger1_heavy,1,78,,0.0,0.0,,observational,0.0,worst,
independent_latents,0.005000119881218333,0.0,0.1,0.014169029059608373,0.0016667066270727776,0.0,0.0,logger1_heavy,1,78,,0.004822156753045846,0.013462890694509353,,neural,0.10898991805892413,best,
independent_latents,0.005000119881218333,0.0,0.1,0.014169029059608373,0.0016667066270727776,0.0,0.0,logger1_heavy,1,78,,0.004822156753045846,0.013462890694509353,,neural,0.10898991805892413,worst,
independent_latents,0.005000119881218333,0.0,0.1,0.014169029059608373,0.0016667066270727776,0.0,0.0,logger1_heavy,1,78,0.0,0.004822156753045846,0.013462890694509353,0.3333333333333333,neural_minus_observational,0.10898991805892413,best,0.6666666666666666
independent_latents,,0.0,0.1,0.0,0.0,0.0,0.0,logger1_heavy,2,78,,0.0,0.0,,observational,0.0,best,
independent_latents,,0.0,0.1,0.0,0.0,0.0,0.0,logger1_heavy,2,78,,0.0,0.0,,observational,0.0,worst,
independent_latents,0.004618029865444801,0.0,0.1,0.013251966247791458,0.002072192888340616,0.0,0.0,logger1_heavy,2,78,,0.005537158616446325,0.01275612802292187,,neural,0.08198899056779642,best,
independent_latents,0.004618029865444801,0.0,0.1,0.013251966247791458,0.002072192888340616,0.0,0.0,logger1_heavy,2,78,,0.005537158616446325,0.01275612802292187,,neural,0.08198899056779642,worst,
independent_latents,0.004618029865444801,0.0,0.1,0.013251966247791458,0.002072192888340616,0.0,0.0,logger1_heavy,2,78,0.0,0.005537158616446325,0.01275612802292187,0.44871794871794873,neural_minus_observational,0.08198899056779642,best,0.5512820512820513
independent_latents,,0.0,0.1,0.0,0.0,0.0,0.0,logger12_balanced,0,78,,0.0,0.0,,observational,0.0,best,
independent_latents,,0.0,0.1,0.0,0.0,0.0,0.0,logger12_balanced,0,78,,0.0,0.0,,observational,0.0,worst,
independent_latents,0.00443812880932697,0.0,0.1,0.014493368098094095,0.002048367142766294,0.0,0.0,logger12_balanced,0,78,,0.005280814083675399,0.013005923943949713,,neural,0.09071245463500724,best,
independent_latents,0.00443812880932697,0.0,0.1,0.014493368098094095,0.002048367142766294,0.0,0.0,logger12_balanced,0,78,,0.005280814083675399,0.013005923943949713,,neural,0.09071245463500724,worst,
independent_latents,0.00443812880932697,0.0,0.1,0.014493368098094095,0.002048367142766294,0.0,0.0,logger12_balanced,0,78,0.0,0.005280814083675399,0.013005923943949713,0.46153846153846156,neural_minus_observational,0.09071245463500724,best,0.5384615384615384
independent_latents,,0.0,0.1,0.0,0.0,0.0,0.0,logger12_balanced,1,78,,0.0,0.0,,observational,0.0,best,
independent_latents,,0.0,0.1,0.0,0.0,0.0,0.0,logger12_balanced,1,78,,0.0,0.0,,observational,0.0,worst,
independent_latents,0.005000119881218333,0.0,0.1,0.014169029059608373,0.0016667066270727776,0.0,0.0,logger12_balanced,1,78,,0.004822156753045846,0.013462890694509353,,neural,0.10898991805892413,best,
independent_latents,0.005000119881218333,0.0,0.1,0.014169029059608373,0.0016667066270727776,0.0,0.0,logger12_balanced,1,78,,0.004822156753045846,0.013462890694509353,,neural,0.10898991805892413,worst,
independent_latents,0.005000119881218333,0.0,0.1,0.014169029059608373,0.0016667066270727776,0.0,0.0,logger12_balanced,1,78,0.0,0.004822156753045846,0.013462890694509353,0.3333333333333333,neural_minus_observational,0.10898991805892413,best,0.6666666666666666
independent_latents,,0.0,0.1,0.0,0.0,0.0,0.0,logger12_balanced,2,78,,0.0,0.0,,observational,0.0,best,
independent_latents,,0.0,0.1,0.0,0.0,0.0,0.0,logger12_balanced,2,78,,0.0,0.0,,observational,0.0,worst,
independent_latents,0.004618029865444801,0.0,0.1,0.013251966247791458,0.002072192888340616,0.0,0.0,logger12_balanced,2,78,,0.005537158616446325,0.01275612802292187,,neural,0.08198899056779642,best,
independent_latents,0.004618029865444801,0.0,0.1,0.013251966247791458,0.002072192888340616,0.0,0.0,logger12_balanced,2,78,,0.005537158616446325,0.01275612802292187,,neural,0.08198899056779642,worst,
independent_latents,0.004618029865444801,0.0,0.1,0.013251966247791458,0.002072192888340616,0.0,0.0,logger12_balanced,2,78,0.0,0.005537158616446325,0.01275612802292187,0.44871794871794873,neural_minus_observational,0.08198899056779642,best,0.5512820512820513
independent_latents,,0.0,0.1,0.0,0.0,0.0,0.0,logger2_heavy,0,78,,0.0,0.0,,observational,0.0,best,
independent_latents,,0.0,0.1,0.0,0.0,0.0,0.0,logger2_heavy,0,78,,0.0,0.0,,observational,0.0,worst,
independent_latents,0.00443812880932697,0.0,0.1,0.014493368098094095,0.002048367142766294,0.0,0.0,logger2_heavy,0,78,,0.005280814083675399,0.013005923943949713,,neural,0.09071245463500724,best,
independent_latents,0.00443812880932697,0.0,0.1,0.014493368098094095,0.002048367142766294,0.0,0.0,logger2_heavy,0,78,,0.005280814083675399,0.013005923943949713,,neural,0.09071245463500724,worst,
independent_latents,0.00443812880932697,0.0,0.1,0.014493368098094095,0.002048367142766294,0.0,0.0,logger2_heavy,0,78,0.0,0.005280814083675399,0.013005923943949713,0.46153846153846156,neural_minus_observational,0.09071245463500724,best,0.5384615384615384
independent_latents,,0.0,0.1,0.0,0.0,0.0,0.0,logger2_heavy,1,78,,0.0,0.0,,observational,0.0,best,
independent_latents,,0.0,0.1,0.0,0.0,0.0,0.0,logger2_heavy,1,78,,0.0,0.0,,observational,0.0,worst,
independent_latents,0.005000119881218333,0.0,0.1,0.014169029059608373,0.0016667066270727776,0.0,0.0,logger2_heavy,1,78,,0.004822156753045846,0.013462890694509353,,neural,0.10898991805892413,best,
independent_latents,0.005000119881218333,0.0,0.1,0.014169029059608373,0.0016667066270727776,0.0,0.0,logger2_heavy,1,78,,0.004822156753045846,0.013462890694509353,,neural,0.10898991805892413,worst,
independent_latents,0.005000119881218333,0.0,0.1,0.014169029059608373,0.0016667066270727776,0.0,0.0,logger2_heavy,1,78,0.0,0.004822156753045846,0.013462890694509353,0.3333333333333333,neural_minus_observational,0.10898991805892413,best,0.6666666666666666
independent_latents,,0.0,0.1,0.0,0.0,0.0,0.0,logger2_heavy,2,78,,0.0,0.0,,observational,0.0,best,
independent_latents,,0.0,0.1,0.0,0.0,0.0,0.0,logger2_heavy,2,78,,0.0,0.0,,observational,0.0,worst,
independent_latents,0.004618029865444801,0.0,0.1,0.013251966247791458,0.002072192888340616,0.0,0.0,logger2_heavy,2,78,,0.005537158616446325,0.01275612802292187,,neural,0.08198899056779642,best,
independent_latents,0.004618029865444801,0.0,0.1,0.013251966247791458,0.002072192888340616,0.0,0.0,logger2_heavy,2,78,,0.005537158616446325,0.01275612802292187,,neural,0.08198899056779642,worst,
independent_latents,0.004618029865444801,0.0,0.1,0.013251966247791458,0.002072192888340616,0.0,0.0,logger2_heavy,2,78,0.0,0.005537158616446325,0.01275612802292187,0.44871794871794873,neural_minus_observational,0.08198899056779642,best,0.5512820512820513
confounded,0.006195342990386424,0.0,0.2,0.014561894727489477,0.005877633093443531,0.005016554789979422,0.0,logger1_heavy,0,78,,0.012806157761590152,0.014509129222855034,,observational,0.031762948635393674,best,
confounded,0.006195342990386424,0.0,0.2,0.014561894727489477,0.005877633093443531,0.005016554789979422,0.0,logger1_heavy,0,78,,0.012806157761590152,0.014509129222855034,,observational,0.031762948635393674,worst,
confounded,0.006195342990386424,0.0,0.2,0.014561894727489477,0.005877633093443531,0.005016554789979422,0.0,logger1_heavy,0,78,,0.012806157761590152,0.014509129222855034,,neural,0.031762948635393674,best,
confounded,0.006195342990386424,0.0,0.2,0.014561894727489477,0.005877633093443531,0.005016554789979422,0.0,logger1_heavy,0,78,,0.012806157761590152,0.014509129222855034,,neural,0.031762948635393674,worst,
confounded,,0.0,0.2,0.0,0.0,0.0,0.0,logger1_heavy,0,78,0.0,0.0,0.0,0.0,neural_minus_observational,0.0,best,1.0
confounded,0.006195342990386424,0.0,0.2,0.014561894727489477,0.005877633093443531,0.005016554789979422,0.0,logger1_heavy,1,78,,0.012806157761590152,0.014509129222855034,,observational,0.031762948635393674,best,
confounded,0.006195342990386424,0.0,0.2,0.014561894727489477,0.005877633093443531,0.005016554789979422,0.0,logger1_heavy,1,78,,0.012806157761590152,0.014509129222855034,,observational,0.031762948635393674,worst,
confounded,0.0061810286828596775,0.0,0.2,0.014561894727489477,0.005784808895496878,0.004823937133084488,0.0,logger1_heavy,1,78,,0.012806157761590152,0.014509129222855034,,neural,0.03227262324777305,best,
confounded,0.0061810286828596775,0.0,0.2,0.014561894727489477,0.005784808895496878,0.004823937133084488,0.0,logger1_heavy,1,78,,0.012806157761590152,0.014509129222855034,,neural,0.03227262324777305,worst,
confounded,,0.0,0.2,0.0,-9.282419794665327e-05,0.0,-0.005340289987942448,logger1_heavy,1,78,0.02564102564102564,0.0,0.0,0.0,neural_minus_observational,-0.0,best,0.9743589743589743
confounded,0.006195342990386424,0.0,0.2,0.014561894727489477,0.005877633093443531,0.005016554789979422,0.0,logger1_heavy,2,78,,0.012806157761590152,0.014509129222855034,,observational,0.031762948635393674,best,
confounded,0.006195342990386424,0.0,0.2,0.014561894727489477,0.005877633093443531,0.005016554789979422,0.0,logger1_heavy,2,78,,0.012806157761590152,0.014509129222855034,,observational,0.031762948635393674,worst,
confounded,0.006195342990386424,0.0,0.2,0.014561894727489477,0.005877633093443531,0.005016554789979422,0.0,logger1_heavy,2,78,,0.012806157761590152,0.014509129222855034,,neural,0.031762948635393674,best,
confounded,0.006195342990386424,0.0,0.2,0.014561894727489477,0.005877633093443531,0.005016554789979422,0.0,logger1_heavy,2,78,,0.012806157761590152,0.014509129222855034,,neural,0.031762948635393674,worst,
confounded,,0.0,0.2,0.0,0.0,0.0,0.0,logger1_heavy,2,78,0.0,0.0,0.0,0.0,neural_minus_observational,0.0,best,1.0
confounded,0.006195342990386424,0.0,0.2,0.014561894727489477,0.005877633093443531,0.005016554789979422,0.0,logger12_balanced,0,78,,0.012806157761590152,0.014509129222855034,,observational,0.031762948635393674,best,
confounded,0.006195342990386424,0.0,0.2,0.014561894727489477,0.005877633093443531,0.005016554789979422,0.0,logger12_balanced,0,78,,0.012806157761590152,0.014509129222855034,,observational,0.031762948635393674,worst,
confounded,0.006195342990386424,0.0,0.2,0.014561894727489477,0.005877633093443531,0.005016554789979422,0.0,logger12_balanced,0,78,,0.012806157761590152,0.014509129222855034,,neural,0.031762948635393674,best,
confounded,0.006195342990386424,0.0,0.2,0.014561894727489477,0.005877633093443531,0.005016554789979422,0.0,logger12_balanced,0,78,,0.012806157761590152,0.014509129222855034,,neural,0.031762948635393674,worst,
confounded,,0.0,0.2,0.0,0.0,0.0,0.0,logger12_balanced,0,78,0.0,0.0,0.0,0.0,neural_minus_observational,0.0,best,1.0
confounded,0.006195342990386424,0.0,0.2,0.014561894727489477,0.005877633093443531,0.005016554789979422,0.0,logger12_balanced,1,78,,0.012806157761590152,0.014509129222855034,,observational,0.031762948635393674,best,
confounded,0.006195342990386424,0.0,0.2,0.014561894727489477,0.005877633093443531,0.005016554789979422,0.0,logger12_balanced,1,78,,0.012806157761590152,0.014509129222855034,,observational,0.031762948635393674,worst,
confounded,0.0061810286828596775,0.0,0.2,0.014561894727489477,0.005784808895496878,0.004823937133084488,0.0,logger12_balanced,1,78,,0.012806157761590152,0.014509129222855034,,neural,0.03227262324777305,best,
confounded,0.0061810286828596775,0.0,0.2,0.014561894727489477,0.005784808895496878,0.004823937133084488,0.0,logger12_balanced,1,78,,0.012806157761590152,0.014509129222855034,,neural,0.03227262324777305,worst,
confounded,,0.0,0.2,0.0,-9.282419794665327e-05,0.0,-0.005340289987942448,logger12_balanced,1,78,0.02564102564102564,0.0,0.0,0.0,neural_minus_observational,-0.0,best,0.9743589743589743
confounded,0.006195342990386424,0.0,0.2,0.014561894727489477,0.005877633093443531,0.005016554789979422,0.0,logger12_balanced,2,78,,0.012806157761590152,0.014509129222855034,,observational,0.031762948635393674,best,
confounded,0.006195342990386424,0.0,0.2,0.014561894727489477,0.005877633093443531,0.005016554789979422,0.0,logger12_balanced,2,78,,0.012806157761590152,0.014509129222855034,,observational,0.031762948635393674,worst,
confounded,0.006195342990386424,0.0,0.2,0.014561894727489477,0.005877633093443531,0.005016554789979422,0.0,logger12_balanced,2,78,,0.012806157761590152,0.014509129222855034,,neural,0.031762948635393674,best,
confounded,0.006195342990386424,0.0,0.2,0.014561894727489477,0.005877633093443531,0.005016554789979422,0.0,logger12_balanced,2,78,,0.012806157761590152,0.014509129222855034,,neural,0.031762948635393674,worst,
confounded,,0.0,0.2,0.0,0.0,0.0,0.0,logger12_balanced,2,78,0.0,0.0,0.0,0.0,neural_minus_observational,0.0,best,1.0
confounded,0.006195342990386424,0.0,0.2,0.014561894727489477,0.005877633093443531,0.005016554789979422,0.0,logger2_heavy,0,78,,0.012806157761590152,0.014509129222855034,,observational,0.031762948635393674,best,
confounded,0.006195342990386424,0.0,0.2,0.014561894727489477,0.005877633093443531,0.005016554789979422,0.0,logger2_heavy,0,78,,0.012806157761590152,0.014509129222855034,,observational,0.031762948635393674,worst,
confounded,0.006210550445160953,0.0,0.2,0.014561894727489477,0.005812438237137814,0.004823937133084488,0.0,logger2_heavy,0,78,,0.012806157761590152,0.014509129222855034,,neural,0.032119215796892156,best,
confounded,0.006210550445160953,0.0,0.2,0.014561894727489477,0.005812438237137814,0.004823937133084488,0.0,logger2_heavy,0,78,,0.012806157761590152,0.014509129222855034,,neural,0.032119215796892156,worst,
confounded,,0.0,0.2,0.0,-6.519485630571641e-05,0.0,-0.00508519879184588,logger2_heavy,0,78,0.01282051282051282,0.0,0.0,0.0,neural_minus_observational,-0.0,best,0.9871794871794872
confounded,0.006195342990386424,0.0,0.2,0.014561894727489477,0.005877633093443531,0.005016554789979422,0.0,logger2_heavy,1,78,,0.012806157761590152,0.014509129222855034,,observational,0.031762948635393674,best,
confounded,0.006195342990386424,0.0,0.2,0.014561894727489477,0.005877633093443531,0.005016554789979422,0.0,logger2_heavy,1,78,,0.012806157761590152,0.014509129222855034,,observational,0.031762948635393674,worst,
confounded,0.0062714136868560885,0.0,0.2,0.014561894727489477,0.005708594509830542,0.004823937133084488,0.0,logger2_heavy,1,78,,0.012806157761590152,0.014509129222855034,,neural,0.032703489050280914,best,
confounded,0.0062714136868560885,0.0,0.2,0.014561894727489477,0.005708594509830542,0.004823937133084488,0.0,logger2_heavy,1,78,,0.012806157761590152,0.014509129222855034,,neural,0.032703489050280914,worst,
confounded,,0.0,0.2,0.0,-0.00016903858361298868,0.0,-0.005340289987942448,logger2_heavy,1,78,0.038461538461538464,0.0,0.0,0.0,neural_minus_observational,-0.0,best,0.9615384615384616
confounded,0.006195342990386424,0.0,0.2,0.014561894727489477,0.005877633093443531,0.005016554789979422,0.0,logger2_heavy,2,78,,0.012806157761590152,0.014509129222855034,,observational,0.031762948635393674,best,
confounded,0.006195342990386424,0.0,0.2,0.014561894727489477,0.005877633093443531,0.005016554789979422,0.0,logger2_heavy,2,78,,0.012806157761590152,0.014509129222855034,,observational,0.031762948635393674,worst,
confounded,0.006195342990386424,0.0,0.2,0.014561894727489477,0.005877633093443531,0.005016554789979422,0.0,logger2_heavy,2,78,,0.012806157761590152,0.014509129222855034,,neural,0.031762948635393674,best,
confounded,0.006195342990386424,0.0,0.2,0.014561894727489477,0.005877633093443531,0.005016554789979422,0.0,logger2_heavy,2,78,,0.012806157761590152,0.014509129222855034,,neural,0.031762948635393674,worst,
confounded,,0.0,0.2,0.0,0.0,0.0,0.0,logger2_heavy,2,78,0.0,0.0,0.0,0.0,neural_minus_observational,0.0,best,1.0
independent_latents,,0.0,0.2,0.0,0.0,0.0,0.0,logger1_heavy,0,78,,0.0,0.0,,observational,0.0,best,
independent_latents,,0.0,0.2,0.0,0.0,0.0,0.0,logger1_heavy,0,78,,0.0,0.0,,observational,0.0,worst,
independent_latents,0.00443812880932697,0.0,0.2,0.014493368098094095,0.002048367142766294,0.0,0.0,logger1_heavy,0,78,,0.005280814083675399,0.013005923943949713,,neural,0.09071245463500724,best,
independent_latents,0.00443812880932697,0.0,0.2,0.014493368098094095,0.002048367142766294,0.0,0.0,logger1_heavy,0,78,,0.005280814083675399,0.013005923943949713,,neural,0.09071245463500724,worst,
independent_latents,0.00443812880932697,0.0,0.2,0.014493368098094095,0.002048367142766294,0.0,0.0,logger1_heavy,0,78,0.0,0.005280814083675399,0.013005923943949713,0.46153846153846156,neural_minus_observational,0.09071245463500724,best,0.5384615384615384
independent_latents,,0.0,0.2,0.0,0.0,0.0,0.0,logger1_heavy,1,78,,0.0,0.0,,observational,0.0,best,
independent_latents,,0.0,0.2,0.0,0.0,0.0,0.0,logger1_heavy,1,78,,0.0,0.0,,observational,0.0,worst,
independent_latents,0.005000119881218333,0.0,0.2,0.014169029059608373,0.0016667066270727776,0.0,0.0,logger1_heavy,1,78,,0.004822156753045846,0.013462890694509353,,neural,0.10898991805892413,best,
independent_latents,0.005000119881218333,0.0,0.2,0.014169029059608373,0.0016667066270727776,0.0,0.0,logger1_heavy,1,78,,0.004822156753045846,0.013462890694509353,,neural,0.10898991805892413,worst,
independent_latents,0.005000119881218333,0.0,0.2,0.014169029059608373,0.0016667066270727776,0.0,0.0,logger1_heavy,1,78,0.0,0.004822156753045846,0.013462890694509353,0.3333333333333333,neural_minus_observational,0.10898991805892413,best,0.6666666666666666
independent_latents,,0.0,0.2,0.0,0.0,0.0,0.0,logger1_heavy,2,78,,0.0,0.0,,observational,0.0,best,
independent_latents,,0.0,0.2,0.0,0.0,0.0,0.0,logger1_heavy,2,78,,0.0,0.0,,observational,0.0,worst,
independent_latents,0.004618029865444801,0.0,0.2,0.013251966247791458,0.002072192888340616,0.0,0.0,logger1_heavy,2,78,,0.005537158616446325,0.01275612802292187,,neural,0.08198899056779642,best,
independent_latents,0.004618029865444801,0.0,0.2,0.013251966247791458,0.002072192888340616,0.0,0.0,logger1_heavy,2,78,,0.005537158616446325,0.01275612802292187,,neural,0.08198899056779642,worst,
independent_latents,0.004618029865444801,0.0,0.2,0.013251966247791458,0.002072192888340616,0.0,0.0,logger1_heavy,2,78,0.0,0.005537158616446325,0.01275612802292187,0.44871794871794873,neural_minus_observational,0.08198899056779642,best,0.5512820512820513
independent_latents,,0.0,0.2,0.0,0.0,0.0,0.0,logger12_balanced,0,78,,0.0,0.0,,observational,0.0,best,
independent_latents,,0.0,0.2,0.0,0.0,0.0,0.0,logger12_balanced,0,78,,0.0,0.0,,observational,0.0,worst,
independent_latents,0.00443812880932697,0.0,0.2,0.014493368098094095,0.002048367142766294,0.0,0.0,logger12_balanced,0,78,,0.005280814083675399,0.013005923943949713,,neural,0.09071245463500724,best,
independent_latents,0.00443812880932697,0.0,0.2,0.014493368098094095,0.002048367142766294,0.0,0.0,logger12_balanced,0,78,,0.005280814083675399,0.013005923943949713,,neural,0.09071245463500724,worst,
independent_latents,0.00443812880932697,0.0,0.2,0.014493368098094095,0.002048367142766294,0.0,0.0,logger12_balanced,0,78,0.0,0.005280814083675399,0.013005923943949713,0.46153846153846156,neural_minus_observational,0.09071245463500724,best,0.5384615384615384
independent_latents,,0.0,0.2,0.0,0.0,0.0,0.0,logger12_balanced,1,78,,0.0,0.0,,observational,0.0,best,
independent_latents,,0.0,0.2,0.0,0.0,0.0,0.0,logger12_balanced,1,78,,0.0,0.0,,observational,0.0,worst,
independent_latents,0.005000119881218333,0.0,0.2,0.014169029059608373,0.0016667066270727776,0.0,0.0,logger12_balanced,1,78,,0.004822156753045846,0.013462890694509353,,neural,0.10898991805892413,best,
independent_latents,0.005000119881218333,0.0,0.2,0.014169029059608373,0.0016667066270727776,0.0,0.0,logger12_balanced,1,78,,0.004822156753045846,0.013462890694509353,,neural,0.10898991805892413,worst,
independent_latents,0.005000119881218333,0.0,0.2,0.014169029059608373,0.0016667066270727776,0.0,0.0,logger12_balanced,1,78,0.0,0.004822156753045846,0.013462890694509353,0.3333333333333333,neural_minus_observational,0.10898991805892413,best,0.6666666666666666
independent_latents,,0.0,0.2,0.0,0.0,0.0,0.0,logger12_balanced,2,78,,0.0,0.0,,observational,0.0,best,
independent_latents,,0.0,0.2,0.0,0.0,0.0,0.0,logger12_balanced,2,78,,0.0,0.0,,observational,0.0,worst,
independent_latents,0.004618029865444801,0.0,0.2,0.013251966247791458,0.002072192888340616,0.0,0.0,logger12_balanced,2,78,,0.005537158616446325,0.01275612802292187,,neural,0.08198899056779642,best,
independent_latents,0.004618029865444801,0.0,0.2,0.013251966247791458,0.002072192888340616,0.0,0.0,logger12_balanced,2,78,,0.005537158616446325,0.01275612802292187,,neural,0.08198899056779642,worst,
independent_latents,0.004618029865444801,0.0,0.2,0.013251966247791458,0.002072192888340616,0.0,0.0,logger12_balanced,2,78,0.0,0.005537158616446325,0.01275612802292187,0.44871794871794873,neural_minus_observational,0.08198899056779642,best,0.5512820512820513
independent_latents,,0.0,0.2,0.0,0.0,0.0,0.0,logger2_heavy,0,78,,0.0,0.0,,observational,0.0,best,
independent_latents,,0.0,0.2,0.0,0.0,0.0,0.0,logger2_heavy,0,78,,0.0,0.0,,observational,0.0,worst,
independent_latents,0.00443812880932697,0.0,0.2,0.014493368098094095,0.002048367142766294,0.0,0.0,logger2_heavy,0,78,,0.005280814083675399,0.013005923943949713,,neural,0.09071245463500724,best,
independent_latents,0.00443812880932697,0.0,0.2,0.014493368098094095,0.002048367142766294,0.0,0.0,logger2_heavy,0,78,,0.005280814083675399,0.013005923943949713,,neural,0.09071245463500724,worst,
independent_latents,0.00443812880932697,0.0,0.2,0.014493368098094095,0.002048367142766294,0.0,0.0,logger2_heavy,0,78,0.0,0.005280814083675399,0.013005923943949713,0.46153846153846156,neural_minus_observational,0.09071245463500724,best,0.5384615384615384
independent_latents,,0.0,0.2,0.0,0.0,0.0,0.0,logger2_heavy,1,78,,0.0,0.0,,observational,0.0,best,
independent_latents,,0.0,0.2,0.0,0.0,0.0,0.0,logger2_heavy,1,78,,0.0,0.0,,observational,0.0,worst,
independent_latents,0.005000119881218333,0.0,0.2,0.014169029059608373,0.0016667066270727776,0.0,0.0,logger2_heavy,1,78,,0.004822156753045846,0.013462890694509353,,neural,0.10898991805892413,best,
independent_latents,0.005000119881218333,0.0,0.2,0.014169029059608373,0.0016667066270727776,0.0,0.0,logger2_heavy,1,78,,0.004822156753045846,0.013462890694509353,,neural,0.10898991805892413,worst,
independent_latents,0.005000119881218333,0.0,0.2,0.014169029059608373,0.0016667066270727776,0.0,0.0,logger2_heavy,1,78,0.0,0.004822156753045846,0.013462890694509353,0.3333333333333333,neural_minus_observational,0.10898991805892413,best,0.6666666666666666
independent_latents,,0.0,0.2,0.0,0.0,0.0,0.0,logger2_heavy,2,78,,0.0,0.0,,observational,0.0,best,
independent_latents,,0.0,0.2,0.0,0.0,0.0,0.0,logger2_heavy,2,78,,0.0,0.0,,observational,0.0,worst,
independent_latents,0.004618029865444801,0.0,0.2,0.013251966247791458,0.002072192888340616,0.0,0.0,logger2_heavy,2,78,,0.005537158616446325,0.01275612802292187,,neural,0.08198899056779642,best,
independent_latents,0.004618029865444801,0.0,0.2,0.013251966247791458,0.002072192888340616,0.0,0.0,logger2_heavy,2,78,,0.005537158616446325,0.01275612802292187,,neural,0.08198899056779642,worst,
independent_latents,0.004618029865444801,0.0,0.2,0.013251966247791458,0.002072192888340616,0.0,0.0,logger2_heavy,2,78,0.0,0.005537158616446325,0.01275612802292187,0.44871794871794873,neural_minus_observational,0.08198899056779642,best,0.5512820512820513
confounded,0.00026517335402109765,0.3,0.0,0.0003280752006835641,6.799316769771735e-06,0.0,0.0,logger1_heavy,0,78,,0.0,0.00023120635682336626,,observational,0.6186051420865271,best,
confounded,0.00026517335402109765,0.3,0.0,0.0003280752006835641,6.799316769771735e-06,0.0,0.0,logger1_heavy,0,78,,0.0,0.00023120635682336626,,observational,0.6186051420865271,worst,
confounded,0.004014224016426355,0.3,0.0,0.013970473840112074,0.0014924679035431322,0.0,0.0,logger1_heavy,0,78,,0.0042346843974570446,0.008730252135808985,,neural,0.1200083690581153,best,
confounded,0.004014224016426355,0.3,0.0,0.013970473840112074,0.0014924679035431322,0.0,0.0,logger1_heavy,0,78,,0.0042346843974570446,0.008730252135808985,,neural,0.1200083690581153,worst,
confounded,0.004014224016426355,0.3,0.0,0.013970473840112074,0.0014856685867733605,0.0,-0.0003280752006835641,logger1_heavy,0,78,0.02564102564102564,0.0042346843974570446,0.008730252135808985,0.3717948717948718,neural_minus_observational,0.12055759983778869,best,0.6025641025641025
confounded,0.00026517335402109765,0.3,0.0,0.0003280752006835641,6.799316769771735e-06,0.0,0.0,logger1_heavy,1,78,,0.0,0.00023120635682336626,,observational,0.6186051420865271,best,
confounded,0.00026517335402109765,0.3,0.0,0.0003280752006835641,6.799316769771735e-06,0.0,0.0,logger1_heavy,1,78,,0.0,0.00023120635682336626,,observational,0.6186051420865271,worst,
confounded,0.004156555069150686,0.3,0.0,0.012608018159759204,0.0012256508537239203,0.0,0.0,logger1_heavy,1,78,,0.004110664642744454,0.009084201202595957,,neural,0.13188197761812293,best,
confounded,0.004156555069150686,0.3,0.0,0.012608018159759204,0.0012256508537239203,0.0,0.0,logger1_heavy,1,78,,0.004110664642744454,0.009084201202595957,,neural,0.13188197761812293,worst,
confounded,0.0041422909299905315,0.3,0.0,0.012608018159759204,0.0012188515369541486,0.0,-0.0002022715073586312,logger1_heavy,1,78,0.01282051282051282,0.004110664642744454,0.009084201202595957,0.2948717948717949,neural_minus_observational,0.13261767619572853,best,0.6923076923076923
confounded,0.00026517335402109765,0.3,0.0,0.0003280752006835641,6.799316769771735e-06,0.0,0.0,logger1_heavy,2,78,,0.0,0.00023120635682336626,,observational,0.6186051420865271,best,
confounded,0.00026517335402109765,0.3,0.0,0.0003280752006835641,6.799316769771735e-06,0.0,0.0,logger1_heavy,2,78,,0.0,0.00023120635682336626,,observational,0.6186051420865271,worst,
confounded,0.002879133948413761,0.3,0.0,0.0074483108034835155,0.0008858873687426957,0.0,0.0,logger1_heavy,2,78,,0.002899447602379457,0.007447878197435518,,neural,0.10779154045592876,best,
confounded,0.002879133948413761,0.3,0.0,0.0074483108034835155,0.0008858873687426957,0.0,0.0,logger1_heavy,2,78,,0.002899447602379457,0.007447878197435518,,neural,0.10779154045592876,worst,
confounded,0.0029900495461411608,0.3,0.0,0.0074483108034835155,0.0008790880519729239,0.0,-0.0002022715073586312,logger1_heavy,2,78,0.01282051282051282,0.002899447602379457,0.007447878197435518,0.2948717948717949,neural_minus_observational,0.10862525538018085,best,0.6923076923076923
confounded,0.00026517335402109765,0.3,0.0,0.0003280752006835641,6.799316769771735e-06,0.0,0.0,logger12_balanced,0,78,,0.0,0.00023120635682336626,,observational,0.6186051420865271,best,
confounded,0.00026517335402109765,0.3,0.0,0.0003280752006835641,6.799316769771735e-06,0.0,0.0,logger12_balanced,0,78,,0.0,0.00023120635682336626,,observational,0.6186051420865271,worst,
confounded,0.004122746821669158,0.3,0.0,0.013970473840112074,0.0020085176823516414,0.0,0.0,logger12_balanced,0,78,,0.005219428289936977,0.010579596404229518,,neural,0.08917453928814273,best,
confounded,0.004122746821669158,0.3,0.0,0.013970473840112074,0.0020085176823516414,0.0,0.0,logger12_balanced,0,78,,0.005219428289936977,0.010579596404229518,,neural,0.08917453928814273,worst,
confounded,0.004122746821669158,0.3,0.0,0.013970473840112074,0.0020017183655818695,0.0,-0.0003280752006835641,logger12_balanced,0,78,0.02564102564102564,0.005219428289936977,0.010579596404229518,0.48717948717948717,neural_minus_observational,0.08947744200954645,best,0.48717948717948717
confounded,0.00026517335402109765,0.3,0.0,0.0003280752006835641,6.799316769771735e-06,0.0,0.0,logger12_balanced,1,78,,0.0,0.00023120635682336626,,observational,0.6186051420865271,best,
confounded,0.00026517335402109765,0.3,0.0,0.0003280752006835641,6.799316769771735e-06,0.0,0.0,logger12_balanced,1,78,,0.0,0.00023120635682336626,,observational,0.6186051420865271,worst,
confounded,0.00403266837855792,0.3,0.0,0.012608018159759204,0.0014476245461489971,0.0,0.0,logger12_balanced,1,78,,0.004421825981089754,0.009084201202595957,,neural,0.11165965573632541,best,
confounded,0.00403266837855792,0.3,0.0,0.012608018159759204,0.0014476245461489971,0.0,0.0,logger12_balanced,1,78,,0.004421825981089754,0.009084201202595957,,neural,0.11165965573632541,worst,
confounded,0.004020951407104936,0.3,0.0,0.012608018159759204,0.0014408252293792252,0.0,-0.0002022715073586312,logger12_balanced,1,78,0.01282051282051282,0.004421825981089754,0.009084201202595957,0.358974358974359,neural_minus_observational,0.11218658249626426,best,0.6282051282051282
confounded,0.00026517335402109765,0.3,0.0,0.0003280752006835641,6.799316769771735e-06,0.0,0.0,logger12_balanced,2,78,,0.0,0.00023120635682336626,,observational,0.6186051420865271,best,
confounded,0.00026517335402109765,0.3,0.0,0.0003280752006835641,6.799316769771735e-06,0.0,0.0,logger12_balanced,2,78,,0.0,0.00023120635682336626,,observational,0.6186051420865271,worst,
confounded,0.003241825724044068,0.3,0.0,0.0074483108034835155,0.0008727992333964798,0.0,0.0,logger12_balanced,2,78,,0.003042651759787328,0.007447878197435518,,neural,0.1094079376944715,best,
confounded,0.003241825724044068,0.3,0.0,0.0074483108034835155,0.0008727992333964798,0.0,0.0,logger12_balanced,2,78,,0.003042651759787328,0.007447878197435518,,neural,0.1094079376944715,worst,
confounded,0.0032262030954400885,0.3,0.0,0.0074483108034835155,0.000865999916626708,0.0,-0.0002022715073586312,logger12_balanced,2,78,0.01282051282051282,0.003042651759787328,0.007447878197435518,0.2692307692307692,neural_minus_observational,0.11026694381125018,best,0.717948717948718
confounded,0.00026517335402109765,0.3,0.0,0.0003280752006835641,6.799316769771735e-06,0.0,0.0,logger2_heavy,0,78,,0.0,0.00023120635682336626,,observational,0.6186051420865271,best,
confounded,0.00026517335402109765,0.3,0.0,0.0003280752006835641,6.799316769771735e-06,0.0,0.0,logger2_heavy,0,78,,0.0,0.00023120635682336626,,observational,0.6186051420865271,worst,
confounded,0.004165858677994947,0.3,0.0,0.013970473840112074,0.0015488448931006854,0.0,0.0,logger2_heavy,0,78,,0.00434956439844889,0.010579596404229518,,neural,0.11564013916024357,best,
confounded,0.004165858677994947,0.3,0.0,0.013970473840112074,0.0015488448931006854,0.0,0.0,logger2_heavy,0,78,,0.00434956439844889,0.010579596404229518,,neural,0.11564013916024357,worst,
confounded,0.004165858677994947,0.3,0.0,0.013970473840112074,0.0015420455763309137,0.0,-0.0003280752006835641,logger2_heavy,0,78,0.02564102564102564,0.00434956439844889,0.010579596404229518,0.3717948717948718,neural_minus_observational,0.11615002936681049,best,0.6025641025641025
confounded,0.00026517335402109765,0.3,0.0,0.0003280752006835641,6.799316769771735e-06,0.0,0.0,logger2_heavy,1,78,,0.0,0.00023120635682336626,,observational,0.6186051420865271,best,
confounded,0.00026517335402109765,0.3,0.0,0.0003280752006835641,6.799316769771735e-06,0.0,0.0,logger2_heavy,1,78,,0.0,0.00023120635682336626,,observational,0.6186051420865271,worst,
confounded,0.004124437238105794,0.3,0.0,0.012608018159759204,0.0013748124127019312,0.0,0.0,logger2_heavy,1,78,,0.004421825981089754,0.009084201202595957,,neural,0.11757331906887306,best,
confounded,0.004124437238105794,0.3,0.0,0.012608018159759204,0.0013748124127019312,0.0,0.0,logger2_heavy,1,78,,0.004421825981089754,0.009084201202595957,,neural,0.11757331906887306,worst,
confounded,0.004111818961156426,0.3,0.0,0.012608018159759204,0.0013680130959321595,0.0,-0.0002022715073586312,logger2_heavy,1,78,0.01282051282051282,0.004421825981089754,0.009084201202595957,0.3333333333333333,neural_minus_observational,0.11815768353321905,best,0.6538461538461539
confounded,0.00026517335402109765,0.3,0.0,0.0003280752006835641,6.799316769771735e-06,0.0,0.0,logger2_heavy,2,78,,0.0,0.00023120635682336626,,observational,0.6186051420865271,best,
confounded,0.00026517335402109765,0.3,0.0,0.0003280752006835641,6.799316769771735e-06,0.0,0.0,logger2_heavy,2,78,,0.0,0.00023120635682336626,,observational,0.6186051420865271,worst,
confounded,0.004116593217567655,0.3,0.0,0.013970473840112074,0.0015833050836798672,0.0,0.0,logger2_heavy,2,78,,0.005039560255242925,0.009397566009077122,,neural,0.11312326400134916,best,
confounded,0.004116593217567655,0.3,0.0,0.013970473840112074,0.0015833050836798672,0.0,0.0,logger2_heavy,2,78,,0.005039560255242925,0.009397566009077122,,neural,0.11312326400134916,worst,
confounded,0.004105657377544869,0.3,0.0,0.013970473840112074,0.0015765057669100953,0.0,-0.0002022715073586312,logger2_heavy,2,78,0.01282051282051282,0.005039560255242925,0.009397566009077122,0.38461538461538464,neural_minus_observational,0.11361115368885928,best,0.6025641025641025
independent_latents,,0.3,0.0,0.0,0.0,0.0,0.0,logger1_heavy,0,78,,0.0,0.0,,observational,0.0,best,
independent_latents,,0.3,0.0,0.0,0.0,0.0,0.0,logger1_heavy,0,78,,0.0,0.0,,observational,0.0,worst,
independent_latents,0.004144507310267215,0.3,0.0,0.01324648664276884,0.0021253883642395974,0.00038120253217943656,0.0,logger1_heavy,0,78,,0.0059993483013708535,0.009293975536335267,,neural,0.07990386824721743,best,
independent_latents,0.004144507310267215,0.3,0.0,0.01324648664276884,0.0021253883642395974,0.00038120253217943656,0.0,logger1_heavy,0,78,,0.0059993483013708535,0.009293975536335267,,neural,0.07990386824721743,worst,
independent_latents,0.004144507310267215,0.3,0.0,0.01324648664276884,0.0021253883642395974,0.00038120253217943656,0.0,logger1_heavy,0,78,0.0,0.0059993483013708535,0.009293975536335267,0.5128205128205128,neural_minus_observational,0.07990386824721743,best,0.48717948717948717
independent_latents,,0.3,0.0,0.0,0.0,0.0,0.0,logger1_heavy,1,78,,0.0,0.0,,observational,0.0,best,
independent_latents,,0.3,0.0,0.0,0.0,0.0,0.0,logger1_heavy,1,78,,0.0,0.0,,observational,0.0,worst,
independent_latents,0.0037862996603316478,0.3,0.0,0.008031632501105612,0.0018446075268282386,0.0,0.0,logger1_heavy,1,78,,0.005237298908629073,0.006835878670095982,,neural,0.05582198161531193,best,
independent_latents,0.0037862996603316478,0.3,0.0,0.008031632501105612,0.0018446075268282386,0.0,0.0,logger1_heavy,1,78,,0.005237298908629073,0.006835878670095982,,neural,0.05582198161531193,worst,
independent_latents,0.0037862996603316478,0.3,0.0,0.008031632501105612,0.0018446075268282386,0.0,0.0,logger1_heavy,1,78,0.0,0.005237298908629073,0.006835878670095982,0.48717948717948717,neural_minus_observational,0.05582198161531193,best,0.5128205128205128
independent_latents,,0.3,0.0,0.0,0.0,0.0,0.0,logger1_heavy,2,78,,0.0,0.0,,observational,0.0,best,
independent_latents,,0.3,0.0,0.0,0.0,0.0,0.0,logger1_heavy,2,78,,0.0,0.0,,observational,0.0,worst,
independent_latents,0.00388773757630617,0.3,0.0,0.014169118207036036,0.0017444976303937943,0.0,0.0,logger1_heavy,2,78,,0.005114206720109138,0.011867066618202665,,neural,0.10413047198445385,best,
independent_latents,0.00388773757630617,0.3,0.0,0.014169118207036036,0.0017444976303937943,0.0,0.0,logger1_heavy,2,78,,0.005114206720109138,0.011867066618202665,,neural,0.10413047198445385,worst,
independent_latents,0.00388773757630617,0.3,0.0,0.014169118207036036,0.0017444976303937943,0.0,0.0,logger1_heavy,2,78,0.0,0.005114206720109138,0.011867066618202665,0.44871794871794873,neural_minus_observational,0.10413047198445385,best,0.5512820512820513
independent_latents,,0.3,0.0,0.0,0.0,0.0,0.0,logger12_balanced,0,78,,0.0,0.0,,observational,0.0,best,
independent_latents,,0.3,0.0,0.0,0.0,0.0,0.0,logger12_balanced,0,78,,0.0,0.0,,observational,0.0,worst,
independent_latents,0.004144507310267215,0.3,0.0,0.01324648664276884,0.0021253883642395974,0.00038120253217943656,0.0,logger12_balanced,0,78,,0.0059993483013708535,0.009293975536335267,,neural,0.07990386824721743,best,
independent_latents,0.004144507310267215,0.3,0.0,0.01324648664276884,0.0021253883642395974,0.00038120253217943656,0.0,logger12_balanced,0,78,,0.0059993483013708535,0.009293975536335267,,neural,0.07990386824721743,worst,
independent_latents,0.004144507310267215,0.3,0.0,0.01324648664276884,0.0021253883642395974,0.00038120253217943656,0.0,logger12_balanced,0,78,0.0,0.0059993483013708535,0.009293975536335267,0.5128205128205128,neural_minus_observational,0.07990386824721743,best,0.48717948717948717
independent_latents,,0.3,0.0,0.0,0.0,0.0,0.0,logger12_balanced,1,78,,0.0,0.0,,observational,0.0,best,
independent_latents,,0.3,0.0,0.0,0.0,0.0,0.0,logger12_balanced,1,78,,0.0,0.0,,observational,0.0,worst,
independent_latents,0.0037862996603316478,0.3,0.0,0.008031632501105612,0.0018446075268282386,0.0,0.0,logger12_balanced,1,78,,0.005237298908629073,0.006835878670095982,,neural,0.05582198161531193,best,
independent_latents,0.0037862996603316478,0.3,0.0,0.008031632501105612,0.0018446075268282386,0.0,0.0,logger12_balanced,1,78,,0.005237298908629073,0.006835878670095982,,neural,0.05582198161531193,worst,
independent_latents,0.0037862996603316478,0.3,0.0,0.008031632501105612,0.0018446075268282386,0.0,0.0,logger12_balanced,1,78,0.0,0.005237298908629073,0.006835878670095982,0.48717948717948717,neural_minus_observational,0.05582198161531193,best,0.5128205128205128
independent_latents,,0.3,0.0,0.0,0.0,0.0,0.0,logger12_balanced,2,78,,0.0,0.0,,observational,0.0,best,
independent_latents,,0.3,0.0,0.0,0.0,0.0,0.0,logger12_balanced,2,78,,0.0,0.0,,observational,0.0,worst,
independent_latents,0.00388773757630617,0.3,0.0,0.014169118207036036,0.0017444976303937943,0.0,0.0,logger12_balanced,2,78,,0.005114206720109138,0.011867066618202665,,neural,0.10413047198445385,best,
independent_latents,0.00388773757630617,0.3,0.0,0.014169118207036036,0.0017444976303937943,0.0,0.0,logger12_balanced,2,78,,0.005114206720109138,0.011867066618202665,,neural,0.10413047198445385,worst,
independent_latents,0.00388773757630617,0.3,0.0,0.014169118207036036,0.0017444976303937943,0.0,0.0,logger12_balanced,2,78,0.0,0.005114206720109138,0.011867066618202665,0.44871794871794873,neural_minus_observational,0.10413047198445385,best,0.5512820512820513
independent_latents,,0.3,0.0,0.0,0.0,0.0,0.0,logger2_heavy,0,78,,0.0,0.0,,observational,0.0,best,
independent_latents,,0.3,0.0,0.0,0.0,0.0,0.0,logger2_heavy,0,78,,0.0,0.0,,observational,0.0,worst,
independent_latents,0.004144507310267215,0.3,0.0,0.01324648664276884,0.0021253883642395974,0.00038120253217943656,0.0,logger2_heavy,0,78,,0.0059993483013708535,0.009293975536335267,,neural,0.07990386824721743,best,
independent_latents,0.004144507310267215,0.3,0.0,0.01324648664276884,0.0021253883642395974,0.00038120253217943656,0.0,logger2_heavy,0,78,,0.0059993483013708535,0.009293975536335267,,neural,0.07990386824721743,worst,
independent_latents,0.004144507310267215,0.3,0.0,0.01324648664276884,0.0021253883642395974,0.00038120253217943656,0.0,logger2_heavy,0,78,0.0,0.0059993483013708535,0.009293975536335267,0.5128205128205128,neural_minus_observational,0.07990386824721743,best,0.48717948717948717
independent_latents,,0.3,0.0,0.0,0.0,0.0,0.0,logger2_heavy,1,78,,0.0,0.0,,observational,0.0,best,
independent_latents,,0.3,0.0,0.0,0.0,0.0,0.0,logger2_heavy,1,78,,0.0,0.0,,observational,0.0,worst,
independent_latents,0.0037862996603316478,0.3,0.0,0.008031632501105612,0.0018446075268282386,0.0,0.0,logger2_heavy,1,78,,0.005237298908629073,0.006835878670095982,,neural,0.05582198161531193,best,
independent_latents,0.0037862996603316478,0.3,0.0,0.008031632501105612,0.0018446075268282386,0.0,0.0,logger2_heavy,1,78,,0.005237298908629073,0.006835878670095982,,neural,0.05582198161531193,worst,
independent_latents,0.0037862996603316478,0.3,0.0,0.008031632501105612,0.0018446075268282386,0.0,0.0,logger2_heavy,1,78,0.0,0.005237298908629073,0.006835878670095982,0.48717948717948717,neural_minus_observational,0.05582198161531193,best,0.5128205128205128
independent_latents,,0.3,0.0,0.0,0.0,0.0,0.0,logger2_heavy,2,78,,0.0,0.0,,observational,0.0,best,
independent_latents,,0.3,0.0,0.0,0.0,0.0,0.0,logger2_heavy,2,78,,0.0,0.0,,observational,0.0,worst,
independent_latents,0.00388773757630617,0.3,0.0,0.014169118207036036,0.0017444976303937943,0.0,0.0,logger2_heavy,2,78,,0.005114206720109138,0.011867066618202665,,neural,0.10413047198445385,best,
independent_latents,0.00388773757630617,0.3,0.0,0.014169118207036036,0.0017444976303937943,0.0,0.0,logger2_heavy,2,78,,0.005114206720109138,0.011867066618202665,,neural,0.10413047198445385,worst,
independent_latents,0.00388773757630617,0.3,0.0,0.014169118207036036,0.0017444976303937943,0.0,0.0,logger2_heavy,2,78,0.0,0.005114206720109138,0.011867066618202665,0.44871794871794873,neural_minus_observational,0.10413047198445385,best,0.5512820512820513
confounded,0.005734441147681517,0.3,0.05,0.014169118207036036,0.0054403672426722085,0.004823934832877574,0.0,logger1_heavy,0,78,,0.011241355416953924,0.014123813403026876,,observational,0.03339027560563013,best,
confounded,0.005734441147681517,0.3,0.05,0.014169118207036036,0.0054403672426722085,0.004823934832877574,0.0,logger1_heavy,0,78,,0.011241355416953924,0.014123813403026876,,observational,0.03339027560563013,worst,
confounded,0.005734441147681517,0.3,0.05,0.014169118207036036,0.0054403672426722085,0.004823934832877574,0.0,logger1_heavy,0,78,,0.011241355416953924,0.014123813403026876,,neural,0.03339027560563013,best,
confounded,0.005734441147681517,0.3,0.05,0.014169118207036036,0.0054403672426722085,0.004823934832877574,0.0,logger1_heavy,0,78,,0.011241355416953924,0.014123813403026876,,neural,0.03339027560563013,worst,
confounded,,0.3,0.05,0.0,0.0,0.0,0.0,logger1_heavy,0,78,0.0,0.0,0.0,0.0,neural_minus_observational,0.0,best,1.0
confounded,0.005734441147681517,0.3,0.05,0.014169118207036036,0.0054403672426722085,0.004823934832877574,0.0,logger1_heavy,1,78,,0.011241355416953924,0.014123813403026876,,observational,0.03339027560563013,best,
confounded,0.005734441147681517,0.3,0.05,0.014169118207036036,0.0054403672426722085,0.004823934832877574,0.0,logger1_heavy,1,78,,0.011241355416953924,0.014123813403026876,,observational,0.03339027560563013,worst,
confounded,0.00559994777484883,0.3,0.05,0.014169118207036036,0.005240976763640572,0.004625832753685666,0.0,logger1_heavy,1,78,,0.010050548082958329,0.014123813403026876,,neural,0.034660592828593795,best,
confounded,0.00559994777484883,0.3,0.05,0.014169118207036036,0.005240976763640572,0.004625832753685666,0.0,logger1_heavy,1,78,,0.010050548082958329,0.014123813403026876,,neural,0.034660592828593795,worst,
confounded,0.0018230704307473644,0.3,0.05,0.0018230704307473644,-0.00019939047903163643,0.0,-0.01324648664276884,logger1_heavy,1,78,0.02564102564102564,0.0,0.0004193061990719011,0.01282051282051282,neural_minus_observational,-0.11722073161971776,best,0.9615384615384616
confounded,0.005734441147681517,0.3,0.05,0.014169118207036036,0.0054403672426722085,0.004823934832877574,0.0,logger1_heavy,2,78,,0.011241355416953924,0.014123813403026876,,observational,0.03339027560563013,best,
confounded,0.005734441147681517,0.3,0.05,0.014169118207036036,0.0054403672426722085,0.004823934832877574,0.0,logger1_heavy,2,78,,0.011241355416953924,0.014123813403026876,,observational,0.03339027560563013,worst,
confounded,0.005705992741310659,0.3,0.05,0.014169118207036036,0.005413377728935753,0.004823934832877574,0.0,logger1_heavy,2,78,,0.011241355416953924,0.014123813403026876,,neural,0.03355674972719477,best,
confounded,0.005705992741310659,0.3,0.05,0.014169118207036036,0.005413377728935753,0.004823934832877574,0.0,logger1_heavy,2,78,,0.011241355416953924,0.014123813403026876,,neural,0.03355674972719477,worst,
confounded,,0.3,0.05,0.0,-2.6989513736455143e-05,0.0,-0.002105182071443501,logger1_heavy,2,78,0.01282051282051282,0.0,0.0,0.0,neural_minus_observational,-0.0,best,0.9871794871794872
confounded,0.005734441147681517,0.3,0.05,0.014169118207036036,0.0054403672426722085,0.004823934832877574,0.0,logger12_balanced,0,78,,0.011241355416953924,0.014123813403026876,,observational,0.03339027560563013,best,
confounded,0.005734441147681517,0.3,0.05,0.014169118207036036,0.0054403672426722085,0.004823934832877574,0.0,logger12_balanced,0,78,,0.011241355416953924,0.014123813403026876,,observational,0.03339027560563013,worst,
confounded,0.005565186340716399,0.3,0.05,0.014169118207036036,0.0049943979980788195,0.0044702693215445954,0.0,logger12_balanced,0,78,,0.008908432983139878,0.014016162044504586,,neural,0.036371823330568355,best,
confounded,0.005565186340716399,0.3,0.05,0.014169118207036036,0.0049943979980788195,0.0044702693215445954,0.0,logger12_balanced,0,78,,0.008908432983139878,0.014016162044504586,,neural,0.036371823330568355,worst,
confounded,,0.3,0.05,0.0,-0.00044596924459338873,0.0,-0.014110280799231933,logger12_balanced,0,78,0.0641025641025641,0.0,0.0,0.0,neural_minus_observational,-0.0,best,0.9358974358974359
confounded,0.005734441147681517,0.3,0.05,0.014169118207036036,0.0054403672426722085,0.004823934832877574,0.0,logger12_balanced,1,78,,0.011241355416953924,0.014123813403026876,,observational,0.03339027560563013,best,
confounded,0.005734441147681517,0.3,0.05,0.014169118207036036,0.0054403672426722085,0.004823934832877574,0.0,logger12_balanced,1,78,,0.011241355416953924,0.014123813403026876,,observational,0.03339027560563013,worst,
confounded,0.005580070658329875,0.3,0.05,0.014169118207036036,0.005293913188671933,0.004625832753685666,0.0,logger12_balanced,1,78,,0.010050548082958329,0.014123813403026876,,neural,0.03431400462277667,best,
confounded,0.005580070658329875,0.3,0.05,0.014169118207036036,0.005293913188671933,0.004625832753685666,0.0,logger12_balanced,1,78,,0.010050548082958329,0.014123813403026876,,neural,0.03431400462277667,worst,
confounded,0.0018230704307473644,0.3,0.05,0.0018230704307473644,-0.00014645405400027532,0.0,-0.01324648664276884,logger12_balanced,1,78,0.01282051282051282,0.0,0.0004193061990719011,0.01282051282051282,neural_minus_observational,-0.15959065107238668,best,0.9743589743589743
confounded,0.005734441147681517,0.3,0.05,0.014169118207036036,0.0054403672426722085,0.004823934832877574,0.0,logger12_balanced,2,78,,0.011241355416953924,0.014123813403026876,,observational,0.03339027560563013,best,
confounded,0.005734441147681517,0.3,0.05,0.014169118207036036,0.0054403672426722085,0.004823934832877574,0.0,logger12_balanced,2,78,,0.011241355416953924,0.014123813403026876,,observational,0.03339027560563013,worst,
confounded,0.0057564329284381655,0.3,0.05,0.014169118207036036,0.005387430817640848,0.004823934832877574,0.0,logger12_balanced,2,78,,0.011241355416953924,0.014123813403026876,,neural,0.033718365539627274,best,
confounded,0.0057564329284381655,0.3,0.05,0.014169118207036036,0.005387430817640848,0.004823934832877574,0.0,logger12_balanced,2,78,,0.011241355416953924,0.014123813403026876,,neural,0.033718365539627274,worst,
confounded,,0.3,0.05,0.0,-5.2936425031361116e-05,0.0,-0.004129041152446167,logger12_balanced,2,78,0.01282051282051282,0.0,0.0,0.0,neural_minus_observational,-0.0,best,0.9871794871794872
confounded,0.005734441147681517,0.3,0.05,0.014169118207036036,0.0054403672426722085,0.004823934832877574,0.0,logger2_heavy,0,78,,0.011241355416953924,0.014123813403026876,,observational,0.03339027560563013,best,
confounded,0.005734441147681517,0.3,0.05,0.014169118207036036,0.0054403672426722085,0.004823934832877574,0.0,logger2_heavy,0,78,,0.011241355416953924,0.014123813403026876,,observational,0.03339027560563013,worst,
confounded,0.0054854426586055695,0.3,0.05,0.014169118207036036,0.004922833155158844,0.004300352911621008,0.0,logger2_heavy,0,78,,0.008908432983139878,0.014016162044504586,,neural,0.03690057247589283,best,
confounded,0.0054854426586055695,0.3,0.05,0.014169118207036036,0.004922833155158844,0.004300352911621008,0.0,logger2_heavy,0,78,,0.008908432983139878,0.014016162044504586,,neural,0.03690057247589283,worst,
confounded,,0.3,0.05,0.0,-0.0005175340875133644,0.0,-0.014110280799231933,logger2_heavy,0,78,0.08974358974358974,0.0,0.0,0.0,neural_minus_observational,-0.0,best,0.9102564102564102
confounded,0.005734441147681517,0.3,0.05,0.014169118207036036,0.0054403672426722085,0.004823934832877574,0.0,logger2_heavy,1,78,,0.011241355416953924,0.014123813403026876,,observational,0.03339027560563013,best,
confounded,0.005734441147681517,0.3,0.05,0.014169118207036036,0.0054403672426722085,0.004823934832877574,0.0,logger2_heavy,1,78,,0.011241355416953924,0.014123813403026876,,observational,0.03339027560563013,worst,
confounded,0.0053443091545030815,0.3,0.05,0.014169118207036036,0.005138758802406809,0.004625832753685666,0.0,logger2_heavy,1,78,,0.008267239553579218,0.014123813403026876,,neural,0.035350046307599865,best,
confounded,0.0053443091545030815,0.3,0.05,0.014169118207036036,0.005138758802406809,0.004625832753685666,0.0,logger2_heavy,1,78,,0.008267239553579218,0.014123813403026876,,neural,0.035350046307599865,worst,
confounded,0.0018230704307473644,0.3,0.05,0.0018230704307473644,-0.00030160844026539985,0.0,-0.0066458239034967725,logger2_heavy,1,78,0.05128205128205128,0.0,0.0004193061990719011,0.01282051282051282,neural_minus_observational,-0.07749351380726498,best,0.9358974358974359
confounded,0.005734441147681517,0.3,0.05,0.014169118207036036,0.0054403672426722085,0.004823934832877574,0.0,logger2_heavy,2,78,,0.011241355416953924,0.014123813403026876,,observational,0.03339027560563013,best,
confounded,0.005734441147681517,0.3,0.05,0.014169118207036036,0.0054403672426722085,0.004823934832877574,0.0,logger2_heavy,2,78,,0.011241355416953924,0.014123813403026876,,observational,0.03339027560563013,worst,
confounded,0.005591674366932829,0.3,0.05,0.014169118207036036,0.005233233702385853,0.004823934832877574,0.0,logger2_heavy,2,78,,0.008908432983139878,0.014123813403026876,,neural,0.03471187643423027,best,
confounded,0.005591674366932829,0.3,0.05,0.014169118207036036,0.005233233702385853,0.004823934832877574,0.0,logger2_heavy,2,78,,0.008908432983139878,0.014123813403026876,,neural,0.03471187643423027,worst,
confounded,0.0009628907960466115,0.3,0.05,0.0009628907960466115,-0.0002071335402863559,0.0,-0.0066458239034967725,logger2_heavy,2,78,0.038461538461538464,0.0,0.00022146488309072448,0.01282051282051282,neural_minus_observational,-0.05959804374705867,best,0.9487179487179487
independent_latents,,0.3,0.05,0.0,0.0,0.0,0.0,logger1_heavy,0,78,,0.0,0.0,,observational,0.0,best,
independent_latents,,0.3,0.05,0.0,0.0,0.0,0.0,logger1_heavy,0,78,,0.0,0.0,,observational,0.0,worst,
independent_latents,0.004144507310267215,0.3,0.05,0.01324648664276884,0.0021253883642395974,0.00038120253217943656,0.0,logger1_heavy,0,78,,0.0059993483013708535,0.009293975536335267,,neural,0.07990386824721743,best,
independent_latents,0.004144507310267215,0.3,0.05,0.01324648664276884,0.0021253883642395974,0.00038120253217943656,0.0,logger1_heavy,0,78,,0.0059993483013708535,0.009293975536335267,,neural,0.07990386824721743,worst,
independent_latents,0.004144507310267215,0.3,0.05,0.01324648664276884,0.0021253883642395974,0.00038120253217943656,0.0,logger1_heavy,0,78,0.0,0.0059993483013708535,0.009293975536335267,0.5128205128205128,neural_minus_observational,0.07990386824721743,best,0.48717948717948717
independent_latents,,0.3,0.05,0.0,0.0,0.0,0.0,logger1_heavy,1,78,,0.0,0.0,,observational,0.0,best,
independent_latents,,0.3,0.05,0.0,0.0,0.0,0.0,logger1_heavy,1,78,,0.0,0.0,,observational,0.0,worst,
independent_latents,0.0037862996603316478,0.3,0.05,0.008031632501105612,0.0018446075268282386,0.0,0.0,logger1_heavy,1,78,,0.005237298908629073,0.006835878670095982,,neural,0.05582198161531193,best,
independent_latents,0.0037862996603316478,0.3,0.05,0.008031632501105612,0.0018446075268282386,0.0,0.0,logger1_heavy,1,78,,0.005237298908629073,0.006835878670095982,,neural,0.05582198161531193,worst,
independent_latents,0.0037862996603316478,0.3,0.05,0.008031632501105612,0.0018446075268282386,0.0,0.0,logger1_heavy,1,78,0.0,0.005237298908629073,0.006835878670095982,0.48717948717948717,neural_minus_observational,0.05582198161531193,best,0.5128205128205128
independent_latents,,0.3,0.05,0.0,0.0,0.0,0.0,logger1_heavy,2,78,,0.0,0.0,,observational,0.0,best,
independent_latents,,0.3,0.05,0.0,0.0,0.0,0.0,logger1_heavy,2,78,,0.0,0.0,,observational,0.0,worst,
independent_latents,0.00388773757630617,0.3,0.05,0.014169118207036036,0.0017444976303937943,0.0,0.0,logger1_heavy,2,78,,0.005114206720109138,0.011867066618202665,,neural,0.10413047198445385,best,
independent_latents,0.00388773757630617,0.3,0.05,0.014169118207036036,0.0017444976303937943,0.0,0.0,logger1_heavy,2,78,,0.005114206720109138,0.011867066618202665,,neural,0.10413047198445385,worst,
independent_latents,0.00388773757630617,0.3,0.05,0.014169118207036036,0.0017444976303937943,0.0,0.0,logger1_heavy,2,78,0.0,0.005114206720109138,0.011867066618202665,0.44871794871794873,neural_minus_observational,0.10413047198445385,best,0.5512820512820513
independent_latents,,0.3,0.05,0.0,0.0,0.0,0.0,logger12_balanced,0,78,,0.0,0.0,,observational,0.0,best,
independent_latents,,0.3,0.05,0.0,0.0,0.0,0.0,logger12_balanced,0,78,,0.0,0.0,,observational,0.0,worst,
independent_latents,0.004144507310267215,0.3,0.05,0.01324648664276884,0.0021253883642395974,0.00038120253217943656,0.0,logger12_balanced,0,78,,0.0059993483013708535,0.009293975536335267,,neural,0.07990386824721743,best,
independent_latents,0.004144507310267215,0.3,0.05,0.01324648664276884,0.0021253883642395974,0.00038120253217943656,0.0,logger12_balanced,0,78,,0.0059993483013708535,0.009293975536335267,,neural,0.07990386824721743,worst,
independent_latents,0.004144507310267215,0.3,0.05,0.01324648664276884,0.0021253883642395974,0.00038120253217943656,0.0,logger12_balanced,0,78,0.0,0.0059993483013708535,0.009293975536335267,0.5128205128205128,neural_minus_observational,0.07990386824721743,best,0.48717948717948717
independent_latents,,0.3,0.05,0.0,0.0,0.0,0.0,logger12_balanced,1,78,,0.0,0.0,,observational,0.0,best,
independent_latents,,0.3,0.05,0.0,0.0,0.0,0.0,logger12_balanced,1,78,,0.0,0.0,,observational,0.0,worst,
independent_latents,0.0037862996603316478,0.3,0.05,0.008031632501105612,0.0018446075268282386,0.0,0.0,logger12_balanced,1,78,,0.005237298908629073,0.006835878670095982,,neural,0.05582198161531193,best,
independent_latents,0.0037862996603316478,0.3,0.05,0.008031632501105612,0.0018446075268282386,0.0,0.0,logger12_balanced,1,78,,0.005237298908629073,0.006835878670095982,,neural,0.05582198161531193,worst,
independent_latents,0.0037862996603316478,0.3,0.05,0.008031632501105612,0.0018446075268282386,0.0,0.0,logger12_balanced,1,78,0.0,0.005237298908629073,0.006835878670095982,0.48717948717948717,neural_minus_observational,0.05582198161531193,best,0.5128205128205128
independent_latents,,0.3,0.05,0.0,0.0,0.0,0.0,logger12_balanced,2,78,,0.0,0.0,,observational,0.0,best,
independent_latents,,0.3,0.05,0.0,0.0,0.0,0.0,logger12_balanced,2,78,,0.0,0.0,,observational,0.0,worst,
independent_latents,0.00388773757630617,0.3,0.05,0.014169118207036036,0.0017444976303937943,0.0,0.0,logger12_balanced,2,78,,0.005114206720109138,0.011867066618202665,,neural,0.10413047198445385,best,
independent_latents,0.00388773757630617,0.3,0.05,0.014169118207036036,0.0017444976303937943,0.0,0.0,logger12_balanced,2,78,,0.005114206720109138,0.011867066618202665,,neural,0.10413047198445385,worst,
independent_latents,0.00388773757630617,0.3,0.05,0.014169118207036036,0.0017444976303937943,0.0,0.0,logger12_balanced,2,78,0.0,0.005114206720109138,0.011867066618202665,0.44871794871794873,neural_minus_observational,0.10413047198445385,best,0.5512820512820513
independent_latents,,0.3,0.05,0.0,0.0,0.0,0.0,logger2_heavy,0,78,,0.0,0.0,,observational,0.0,best,
independent_latents,,0.3,0.05,0.0,0.0,0.0,0.0,logger2_heavy,0,78,,0.0,0.0,,observational,0.0,worst,
independent_latents,0.004144507310267215,0.3,0.05,0.01324648664276884,0.0021253883642395974,0.00038120253217943656,0.0,logger2_heavy,0,78,,0.0059993483013708535,0.009293975536335267,,neural,0.07990386824721743,best,
independent_latents,0.004144507310267215,0.3,0.05,0.01324648664276884,0.0021253883642395974,0.00038120253217943656,0.0,logger2_heavy,0,78,,0.0059993483013708535,0.009293975536335267,,neural,0.07990386824721743,worst,
independent_latents,0.004144507310267215,0.3,0.05,0.01324648664276884,0.0021253883642395974,0.00038120253217943656,0.0,logger2_heavy,0,78,0.0,0.0059993483013708535,0.009293975536335267,0.5128205128205128,neural_minus_observational,0.07990386824721743,best,0.48717948717948717
independent_latents,,0.3,0.05,0.0,0.0,0.0,0.0,logger2_heavy,1,78,,0.0,0.0,,observational,0.0,best,
independent_latents,,0.3,0.05,0.0,0.0,0.0,0.0,logger2_heavy,1,78,,0.0,0.0,,observational,0.0,worst,
independent_latents,0.0037862996603316478,0.3,0.05,0.008031632501105612,0.0018446075268282386,0.0,0.0,logger2_heavy,1,78,,0.005237298908629073,0.006835878670095982,,neural,0.05582198161531193,best,
independent_latents,0.0037862996603316478,0.3,0.05,0.008031632501105612,0.0018446075268282386,0.0,0.0,logger2_heavy,1,78,,0.005237298908629073,0.006835878670095982,,neural,0.05582198161531193,worst,
independent_latents,0.0037862996603316478,0.3,0.05,0.008031632501105612,0.0018446075268282386,0.0,0.0,logger2_heavy,1,78,0.0,0.005237298908629073,0.006835878670095982,0.48717948717948717,neural_minus_observational,0.05582198161531193,best,0.5128205128205128
independent_latents,,0.3,0.05,0.0,0.0,0.0,0.0,logger2_heavy,2,78,,0.0,0.0,,observational,0.0,best,
independent_latents,,0.3,0.05,0.0,0.0,0.0,0.0,logger2_heavy,2,78,,0.0,0.0,,observational,0.0,worst,
independent_latents,0.00388773757630617,0.3,0.05,0.014169118207036036,0.0017444976303937943,0.0,0.0,logger2_heavy,2,78,,0.005114206720109138,0.011867066618202665,,neural,0.10413047198445385,best,
independent_latents,0.00388773757630617,0.3,0.05,0.014169118207036036,0.0017444976303937943,0.0,0.0,logger2_heavy,2,78,,0.005114206720109138,0.011867066618202665,,neural,0.10413047198445385,worst,
independent_latents,0.00388773757630617,0.3,0.05,0.014169118207036036,0.0017444976303937943,0.0,0.0,logger2_heavy,2,78,0.0,0.005114206720109138,0.011867066618202665,0.44871794871794873,neural_minus_observational,0.10413047198445385,best,0.5512820512820513
confounded,0.005734441147681517,0.3,0.1,0.014169118207036036,0.0054403672426722085,0.004823934832877574,0.0,logger1_heavy,0,78,,0.011241355416953924,0.014123813403026876,,observational,0.03339027560563013,best,
confounded,0.005734441147681517,0.3,0.1,0.014169118207036036,0.0054403672426722085,0.004823934832877574,0.0,logger1_heavy,0,78,,0.011241355416953924,0.014123813403026876,,observational,0.03339027560563013,worst,
confounded,0.005734441147681517,0.3,0.1,0.014169118207036036,0.0054403672426722085,0.004823934832877574,0.0,logger1_heavy,0,78,,0.011241355416953924,0.014123813403026876,,neural,0.03339027560563013,best,
confounded,0.005734441147681517,0.3,0.1,0.014169118207036036,0.0054403672426722085,0.004823934832877574,0.0,logger1_heavy,0,78,,0.011241355416953924,0.014123813403026876,,neural,0.03339027560563013,worst,
confounded,,0.3,0.1,0.0,0.0,0.0,0.0,logger1_heavy,0,78,0.0,0.0,0.0,0.0,neural_minus_observational,0.0,best,1.0
confounded,0.005734441147681517,0.3,0.1,0.014169118207036036,0.0054403672426722085,0.004823934832877574,0.0,logger1_heavy,1,78,,0.011241355416953924,0.014123813403026876,,observational,0.03339027560563013,best,
confounded,0.005734441147681517,0.3,0.1,0.014169118207036036,0.0054403672426722085,0.004823934832877574,0.0,logger1_heavy,1,78,,0.011241355416953924,0.014123813403026876,,observational,0.03339027560563013,worst,
confounded,0.005593678552742438,0.3,0.1,0.014169118207036036,0.005378537069944652,0.004823934832877574,0.0,logger1_heavy,1,78,,0.010050548082958329,0.014123813403026876,,neural,0.033774120967532247,best,
confounded,0.005593678552742438,0.3,0.1,0.014169118207036036,0.005378537069944652,0.004823934832877574,0.0,logger1_heavy,1,78,,0.010050548082958329,0.014123813403026876,,neural,0.033774120967532247,worst,
confounded,0.0018230704307473644,0.3,0.1,0.0018230704307473644,-6.183017272755651e-05,0.0,-0.0066458239034967725,logger1_heavy,1,78,0.01282051282051282,0.0,0.0004193061990719011,0.01282051282051282,neural_minus_observational,-0.37801443533211504,best,0.9743589743589743
confounded,0.005734441147681517,0.3,0.1,0.014169118207036036,0.0054403672426722085,0.004823934832877574,0.0,logger1_heavy,2,78,,0.011241355416953924,0.014123813403026876,,observational,0.03339027560563013,best,
confounded,0.005734441147681517,0.3,0.1,0.014169118207036036,0.0054403672426722085,0.004823934832877574,0.0,logger1_heavy,2,78,,0.011241355416953924,0.014123813403026876,,observational,0.03339027560563013,worst,
confounded,0.005734441147681517,0.3,0.1,0.014169118207036036,0.0054403672426722085,0.004823934832877574,0.0,logger1_heavy,2,78,,0.011241355416953924,0.014123813403026876,,neural,0.03339027560563013,best,
confounded,0.005734441147681517,0.3,0.1,0.014169118207036036,0.0054403672426722085,0.004823934832877574,0.0,logger1_heavy,2,78,,0.011241355416953924,0.014123813403026876,,neural,0.03339027560563013,worst,
confounded,,0.3,0.1,0.0,0.0,0.0,0.0,logger1_heavy,2,78,0.0,0.0,0.0,0.0,neural_minus_observational,0.0,best,1.0
confounded,0.005734441147681517,0.3,0.1,0.014169118207036036,0.0054403672426722085,0.004823934832877574,0.0,logger12_balanced,0,78,,0.011241355416953924,0.014123813403026876,,observational,0.03339027560563013,best,
confounded,0.005734441147681517,0.3,0.1,0.014169118207036036,0.0054403672426722085,0.004823934832877574,0.0,logger12_balanced,0,78,,0.011241355416953924,0.014123813403026876,,observational,0.03339027560563013,worst,
confounded,0.005734441147681517,0.3,0.1,0.014169118207036036,0.0054403672426722085,0.004823934832877574,0.0,logger12_balanced,0,78,,0.011241355416953924,0.014123813403026876,,neural,0.03339027560563013,best,
confounded,0.005734441147681517,0.3,0.1,0.014169118207036036,0.0054403672426722085,0.004823934832877574,0.0,logger12_balanced,0,78,,0.011241355416953924,0.014123813403026876,,neural,0.03339027560563013,worst,
confounded,,0.3,0.1,0.0,0.0,0.0,0.0,logger12_balanced,0,78,0.0,0.0,0.0,0.0,neural_minus_observational,0.0,best,1.0
confounded,0.005734441147681517,0.3,0.1,0.014169118207036036,0.0054403672426722085,0.004823934832877574,0.0,logger12_balanced,1,78,,0.011241355416953924,0.014123813403026876,,observational,0.03339027560563013,best,
confounded,0.005734441147681517,0.3,0.1,0.014169118207036036,0.0054403672426722085,0.004823934832877574,0.0,logger12_balanced,1,78,,0.011241355416953924,0.014123813403026876,,observational,0.03339027560563013,worst,
confounded,0.005593678552742438,0.3,0.1,0.014169118207036036,0.005378537069944652,0.004823934832877574,0.0,logger12_balanced,1,78,,0.010050548082958329,0.014123813403026876,,neural,0.033774120967532247,best,
confounded,0.005593678552742438,0.3,0.1,0.014169118207036036,0.005378537069944652,0.004823934832877574,0.0,logger12_balanced,1,78,,0.010050548082958329,0.014123813403026876,,neural,0.033774120967532247,worst,
confounded,0.0018230704307473644,0.3,0.1,0.0018230704307473644,-6.183017272755651e-05,0.0,-0.0066458239034967725,logger12_balanced,1,78,0.01282051282051282,0.0,0.0004193061990719011,0.01282051282051282,neural_minus_observational,-0.37801443533211504,best,0.9743589743589743
confounded,0.005734441147681517,0.3,0.1,0.014169118207036036,0.0054403672426722085,0.004823934832877574,0.0,logger12_balanced,2,78,,0.011241355416953924,0.014123813403026876,,observational,0.03339027560563013,best,
confounded,0.005734441147681517,0.3,0.1,0.014169118207036036,0.0054403672426722085,0.004823934832877574,0.0,logger12_balanced,2,78,,0.011241355416953924,0.014123813403026876,,observational,0.03339027560563013,worst,
confounded,0.005734441147681517,0.3,0.1,0.014169118207036036,0.0054403672426722085,0.004823934832877574,0.0,logger12_balanced,2,78,,0.011241355416953924,0.014123813403026876,,neural,0.03339027560563013,best,
confounded,0.005734441147681517,0.3,0.1,0.014169118207036036,0.0054403672426722085,0.004823934832877574,0.0,logger12_balanced,2,78,,0.011241355416953924,0.014123813403026876,,neural,0.03339027560563013,worst,
confounded,,0.3,0.1,0.0,0.0,0.0,0.0,logger12_balanced,2,78,0.0,0.0,0.0,0.0,neural_minus_observational,0.0,best,1.0
confounded,0.005734441147681517,0.3,0.1,0.014169118207036036,0.0054403672426722085,0.004823934832877574,0.0,logger2_heavy,0,78,,0.011241355416953924,0.014123813403026876,,observational,0.03339027560563013,best,
confounded,0.005734441147681517,0.3,0.1,0.014169118207036036,0.0054403672426722085,0.004823934832877574,0.0,logger2_heavy,0,78,,0.011241355416953924,0.014123813403026876,,observational,0.03339027560563013,worst,
confounded,0.005734441147681517,0.3,0.1,0.014169118207036036,0.0054403672426722085,0.004823934832877574,0.0,logger2_heavy,0,78,,0.011241355416953924,0.014123813403026876,,neural,0.03339027560563013,best,
confounded,0.005734441147681517,0.3,0.1,0.014169118207036036,0.0054403672426722085,0.004823934832877574,0.0,logger2_heavy,0,78,,0.011241355416953924,0.014123813403026876,,neural,0.03339027560563013,worst,
confounded,,0.3,0.1,0.0,0.0,0.0,0.0,logger2_heavy,0,78,0.0,0.0,0.0,0.0,neural_minus_observational,0.0,best,1.0
confounded,0.005734441147681517,0.3,0.1,0.014169118207036036,0.0054403672426722085,0.004823934832877574,0.0,logger2_heavy,1,78,,0.011241355416953924,0.014123813403026876,,observational,0.03339027560563013,best,
confounded,0.005734441147681517,0.3,0.1,0.014169118207036036,0.0054403672426722085,0.004823934832877574,0.0,logger2_heavy,1,78,,0.011241355416953924,0.014123813403026876,,observational,0.03339027560563013,worst,
confounded,0.005580070658329875,0.3,0.1,0.014169118207036036,0.005293913188671933,0.004625832753685666,0.0,logger2_heavy,1,78,,0.010050548082958329,0.014123813403026876,,neural,0.03431400462277667,best,
confounded,0.005580070658329875,0.3,0.1,0.014169118207036036,0.005293913188671933,0.004625832753685666,0.0,logger2_heavy,1,78,,0.010050548082958329,0.014123813403026876,,neural,0.03431400462277667,worst,
confounded,0.0018230704307473644,0.3,0.1,0.0018230704307473644,-0.00014645405400027532,0.0,-0.01324648664276884,logger2_heavy,1,78,0.01282051282051282,0.0,0.0004193061990719011,0.01282051282051282,neural_minus_observational,-0.15959065107238668,best,0.9743589743589743
confounded,0.005734441147681517,0.3,0.1,0.014169118207036036,0.0054403672426722085,0.004823934832877574,0.0,logger2_heavy,2,78,,0.011241355416953924,0.014123813403026876,,observational,0.03339027560563013,best,
confounded,0.005734441147681517,0.3,0.1,0.014169118207036036,0.0054403672426722085,0.004823934832877574,0.0,logger2_heavy,2,78,,0.011241355416953924,0.014123813403026876,,observational,0.03339027560563013,worst,
confounded,0.005734441147681517,0.3,0.1,0.014169118207036036,0.0054403672426722085,0.004823934832877574,0.0,logger2_heavy,2,78,,0.011241355416953924,0.014123813403026876,,neural,0.03339027560563013,best,
confounded,0.005734441147681517,0.3,0.1,0.014169118207036036,0.0054403672426722085,0.004823934832877574,0.0,logger2_heavy,2,78,,0.011241355416953924,0.014123813403026876,,neural,0.03339027560563013,worst,
confounded,,0.3,0.1,0.0,0.0,0.0,0.0,logger2_heavy,2,78,0.0,0.0,0.0,0.0,neural_minus_observational,0.0,best,1.0
independent_latents,,0.3,0.1,0.0,0.0,0.0,0.0,logger1_heavy,0,78,,0.0,0.0,,observational,0.0,best,
independent_latents,,0.3,0.1,0.0,0.0,0.0,0.0,logger1_heavy,0,78,,0.0,0.0,,observational,0.0,worst,
independent_latents,0.004144507310267215,0.3,0.1,0.01324648664276884,0.0021253883642395974,0.00038120253217943656,0.0,logger1_heavy,0,78,,0.0059993483013708535,0.009293975536335267,,neural,0.07990386824721743,best,
independent_latents,0.004144507310267215,0.3,0.1,0.01324648664276884,0.0021253883642395974,0.00038120253217943656,0.0,logger1_heavy,0,78,,0.0059993483013708535,0.009293975536335267,,neural,0.07990386824721743,worst,
independent_latents,0.004144507310267215,0.3,0.1,0.01324648664276884,0.0021253883642395974,0.00038120253217943656,0.0,logger1_heavy,0,78,0.0,0.0059993483013708535,0.009293975536335267,0.5128205128205128,neural_minus_observational,0.07990386824721743,best,0.48717948717948717
independent_latents,,0.3,0.1,0.0,0.0,0.0,0.0,logger1_heavy,1,78,,0.0,0.0,,observational,0.0,best,
independent_latents,,0.3,0.1,0.0,0.0,0.0,0.0,logger1_heavy,1,78,,0.0,0.0,,observational,0.0,worst,
independent_latents,0.0037862996603316478,0.3,0.1,0.008031632501105612,0.0018446075268282386,0.0,0.0,logger1_heavy,1,78,,0.005237298908629073,0.006835878670095982,,neural,0.05582198161531193,best,
independent_latents,0.0037862996603316478,0.3,0.1,0.008031632501105612,0.0018446075268282386,0.0,0.0,logger1_heavy,1,78,,0.005237298908629073,0.006835878670095982,,neural,0.05582198161531193,worst,
independent_latents,0.0037862996603316478,0.3,0.1,0.008031632501105612,0.0018446075268282386,0.0,0.0,logger1_heavy,1,78,0.0,0.005237298908629073,0.006835878670095982,0.48717948717948717,neural_minus_observational,0.05582198161531193,best,0.5128205128205128
independent_latents,,0.3,0.1,0.0,0.0,0.0,0.0,logger1_heavy,2,78,,0.0,0.0,,observational,0.0,best,
independent_latents,,0.3,0.1,0.0,0.0,0.0,0.0,logger1_heavy,2,78,,0.0,0.0,,observational,0.0,worst,
independent_latents,0.00388773757630617,0.3,0.1,0.014169118207036036,0.0017444976303937943,0.0,0.0,logger1_heavy,2,78,,0.005114206720109138,0.011867066618202665,,neural,0.10413047198445385,best,
independent_latents,0.00388773757630617,0.3,0.1,0.014169118207036036,0.0017444976303937943,0.0,0.0,logger1_heavy,2,78,,0.005114206720109138,0.011867066618202665,,neural,0.10413047198445385,worst,
independent_latents,0.00388773757630617,0.3,0.1,0.014169118207036036,0.0017444976303937943,0.0,0.0,logger1_heavy,2,78,0.0,0.005114206720109138,0.011867066618202665,0.44871794871794873,neural_minus_observational,0.10413047198445385,best,0.5512820512820513
independent_latents,,0.3,0.1,0.0,0.0,0.0,0.0,logger12_balanced,0,78,,0.0,0.0,,observational,0.0,best,
independent_latents,,0.3,0.1,0.0,0.0,0.0,0.0,logger12_balanced,0,78,,0.0,0.0,,observational,0.0,worst,
independent_latents,0.004144507310267215,0.3,0.1,0.01324648664276884,0.0021253883642395974,0.00038120253217943656,0.0,logger12_balanced,0,78,,0.0059993483013708535,0.009293975536335267,,neural,0.07990386824721743,best,
independent_latents,0.004144507310267215,0.3,0.1,0.01324648664276884,0.0021253883642395974,0.00038120253217943656,0.0,logger12_balanced,0,78,,0.0059993483013708535,0.009293975536335267,,neural,0.07990386824721743,worst,
independent_latents,0.004144507310267215,0.3,0.1,0.01324648664276884,0.0021253883642395974,0.00038120253217943656,0.0,logger12_balanced,0,78,0.0,0.0059993483013708535,0.009293975536335267,0.5128205128205128,neural_minus_observational,0.07990386824721743,best,0.48717948717948717
independent_latents,,0.3,0.1,0.0,0.0,0.0,0.0,logger12_balanced,1,78,,0.0,0.0,,observational,0.0,best,
independent_latents,,0.3,0.1,0.0,0.0,0.0,0.0,logger12_balanced,1,78,,0.0,0.0,,observational,0.0,worst,
independent_latents,0.0037862996603316478,0.3,0.1,0.008031632501105612,0.0018446075268282386,0.0,0.0,logger12_balanced,1,78,,0.005237298908629073,0.006835878670095982,,neural,0.05582198161531193,best,
independent_latents,0.0037862996603316478,0.3,0.1,0.008031632501105612,0.0018446075268282386,0.0,0.0,logger12_balanced,1,78,,0.005237298908629073,0.006835878670095982,,neural,0.05582198161531193,worst,
independent_latents,0.0037862996603316478,0.3,0.1,0.008031632501105612,0.0018446075268282386,0.0,0.0,logger12_balanced,1,78,0.0,0.005237298908629073,0.006835878670095982,0.48717948717948717,neural_minus_observational,0.05582198161531193,best,0.5128205128205128
independent_latents,,0.3,0.1,0.0,0.0,0.0,0.0,logger12_balanced,2,78,,0.0,0.0,,observational,0.0,best,
independent_latents,,0.3,0.1,0.0,0.0,0.0,0.0,logger12_balanced,2,78,,0.0,0.0,,observational,0.0,worst,
independent_latents,0.00388773757630617,0.3,0.1,0.014169118207036036,0.0017444976303937943,0.0,0.0,logger12_balanced,2,78,,0.005114206720109138,0.011867066618202665,,neural,0.10413047198445385,best,
independent_latents,0.00388773757630617,0.3,0.1,0.014169118207036036,0.0017444976303937943,0.0,0.0,logger12_balanced,2,78,,0.005114206720109138,0.011867066618202665,,neural,0.10413047198445385,worst,
independent_latents,0.00388773757630617,0.3,0.1,0.014169118207036036,0.0017444976303937943,0.0,0.0,logger12_balanced,2,78,0.0,0.005114206720109138,0.011867066618202665,0.44871794871794873,neural_minus_observational,0.10413047198445385,best,0.5512820512820513
independent_latents,,0.3,0.1,0.0,0.0,0.0,0.0,logger2_heavy,0,78,,0.0,0.0,,observational,0.0,best,
independent_latents,,0.3,0.1,0.0,0.0,0.0,0.0,logger2_heavy,0,78,,0.0,0.0,,observational,0.0,worst,
independent_latents,0.004144507310267215,0.3,0.1,0.01324648664276884,0.0021253883642395974,0.00038120253217943656,0.0,logger2_heavy,0,78,,0.0059993483013708535,0.009293975536335267,,neural,0.07990386824721743,best,
independent_latents,0.004144507310267215,0.3,0.1,0.01324648664276884,0.0021253883642395974,0.00038120253217943656,0.0,logger2_heavy,0,78,,0.0059993483013708535,0.009293975536335267,,neural,0.07990386824721743,worst,
independent_latents,0.004144507310267215,0.3,0.1,0.01324648664276884,0.0021253883642395974,0.00038120253217943656,0.0,logger2_heavy,0,78,0.0,0.0059993483013708535,0.009293975536335267,0.5128205128205128,neural_minus_observational,0.07990386824721743,best,0.48717948717948717
independent_latents,,0.3,0.1,0.0,0.0,0.0,0.0,logger2_heavy,1,78,,0.0,0.0,,observational,0.0,best,
independent_latents,,0.3,0.1,0.0,0.0,0.0,0.0,logger2_heavy,1,78,,0.0,0.0,,observational,0.0,worst,
independent_latents,0.0037862996603316478,0.3,0.1,0.008031632501105612,0.0018446075268282386,0.0,0.0,logger2_heavy,1,78,,0.005237298908629073,0.006835878670095982,,neural,0.05582198161531193,best,
independent_latents,0.0037862996603316478,0.3,0.1,0.008031632501105612,0.0018446075268282386,0.0,0.0,logger2_heavy,1,78,,0.005237298908629073,0.006835878670095982,,neural,0.05582198161531193,worst,
independent_latents,0.0037862996603316478,0.3,0.1,0.008031632501105612,0.0018446075268282386,0.0,0.0,logger2_heavy,1,78,0.0,0.005237298908629073,0.006835878670095982,0.48717948717948717,neural_minus_observational,0.05582198161531193,best,0.5128205128205128
independent_latents,,0.3,0.1,0.0,0.0,0.0,0.0,logger2_heavy,2,78,,0.0,0.0,,observational,0.0,best,
independent_latents,,0.3,0.1,0.0,0.0,0.0,0.0,logger2_heavy,2,78,,0.0,0.0,,observational,0.0,worst,
independent_latents,0.00388773757630617,0.3,0.1,0.014169118207036036,0.0017444976303937943,0.0,0.0,logger2_heavy,2,78,,0.005114206720109138,0.011867066618202665,,neural,0.10413047198445385,best,
independent_latents,0.00388773757630617,0.3,0.1,0.014169118207036036,0.0017444976303937943,0.0,0.0,logger2_heavy,2,78,,0.005114206720109138,0.011867066618202665,,neural,0.10413047198445385,worst,
independent_latents,0.00388773757630617,0.3,0.1,0.014169118207036036,0.0017444976303937943,0.0,0.0,logger2_heavy,2,78,0.0,0.005114206720109138,0.011867066618202665,0.44871794871794873,neural_minus_observational,0.10413047198445385,best,0.5512820512820513
confounded,0.005734441147681517,0.3,0.2,0.014169118207036036,0.0054403672426722085,0.004823934832877574,0.0,logger1_heavy,0,78,,0.011241355416953924,0.014123813403026876,,observational,0.03339027560563013,best,
confounded,0.005734441147681517,0.3,0.2,0.014169118207036036,0.0054403672426722085,0.004823934832877574,0.0,logger1_heavy,0,78,,0.011241355416953924,0.014123813403026876,,observational,0.03339027560563013,worst,
confounded,0.005734441147681517,0.3,0.2,0.014169118207036036,0.0054403672426722085,0.004823934832877574,0.0,logger1_heavy,0,78,,0.011241355416953924,0.014123813403026876,,neural,0.03339027560563013,best,
confounded,0.005734441147681517,0.3,0.2,0.014169118207036036,0.0054403672426722085,0.004823934832877574,0.0,logger1_heavy,0,78,,0.011241355416953924,0.014123813403026876,,neural,0.03339027560563013,worst,
confounded,,0.3,0.2,0.0,0.0,0.0,0.0,logger1_heavy,0,78,0.0,0.0,0.0,0.0,neural_minus_observational,0.0,best,1.0
confounded,0.005734441147681517,0.3,0.2,0.014169118207036036,0.0054403672426722085,0.004823934832877574,0.0,logger1_heavy,1,78,,0.011241355416953924,0.014123813403026876,,observational,0.03339027560563013,best,
confounded,0.005734441147681517,0.3,0.2,0.014169118207036036,0.0054403672426722085,0.004823934832877574,0.0,logger1_heavy,1,78,,0.011241355416953924,0.014123813403026876,,observational,0.03339027560563013,worst,
confounded,0.005734441147681517,0.3,0.2,0.014169118207036036,0.0054403672426722085,0.004823934832877574,0.0,logger1_heavy,1,78,,0.011241355416953924,0.014123813403026876,,neural,0.03339027560563013,best,
confounded,0.005734441147681517,0.3,0.2,0.014169118207036036,0.0054403672426722085,0.004823934832877574,0.0,logger1_heavy,1,78,,0.011241355416953924,0.014123813403026876,,neural,0.03339027560563013,worst,
confounded,,0.3,0.2,0.0,0.0,0.0,0.0,logger1_heavy,1,78,0.0,0.0,0.0,0.0,neural_minus_observational,0.0,best,1.0
confounded,0.005734441147681517,0.3,0.2,0.014169118207036036,0.0054403672426722085,0.004823934832877574,0.0,logger1_heavy,2,78,,0.011241355416953924,0.014123813403026876,,observational,0.03339027560563013,best,
confounded,0.005734441147681517,0.3,0.2,0.014169118207036036,0.0054403672426722085,0.004823934832877574,0.0,logger1_heavy,2,78,,0.011241355416953924,0.014123813403026876,,observational,0.03339027560563013,worst,
confounded,0.005734441147681517,0.3,0.2,0.014169118207036036,0.0054403672426722085,0.004823934832877574,0.0,logger1_heavy,2,78,,0.011241355416953924,0.014123813403026876,,neural,0.03339027560563013,best,
confounded,0.005734441147681517,0.3,0.2,0.014169118207036036,0.0054403672426722085,0.004823934832877574,0.0,logger1_heavy,2,78,,0.011241355416953924,0.014123813403026876,,neural,0.03339027560563013,worst,
confounded,,0.3,0.2,0.0,0.0,0.0,0.0,logger1_heavy,2,78,0.0,0.0,0.0,0.0,neural_minus_observational,0.0,best,1.0
confounded,0.005734441147681517,0.3,0.2,0.014169118207036036,0.0054403672426722085,0.004823934832877574,0.0,logger12_balanced,0,78,,0.011241355416953924,0.014123813403026876,,observational,0.03339027560563013,best,
confounded,0.005734441147681517,0.3,0.2,0.014169118207036036,0.0054403672426722085,0.004823934832877574,0.0,logger12_balanced,0,78,,0.011241355416953924,0.014123813403026876,,observational,0.03339027560563013,worst,
confounded,0.005734441147681517,0.3,0.2,0.014169118207036036,0.0054403672426722085,0.004823934832877574,0.0,logger12_balanced,0,78,,0.011241355416953924,0.014123813403026876,,neural,0.03339027560563013,best,
confounded,0.005734441147681517,0.3,0.2,0.014169118207036036,0.0054403672426722085,0.004823934832877574,0.0,logger12_balanced,0,78,,0.011241355416953924,0.014123813403026876,,neural,0.03339027560563013,worst,
confounded,,0.3,0.2,0.0,0.0,0.0,0.0,logger12_balanced,0,78,0.0,0.0,0.0,0.0,neural_minus_observational,0.0,best,1.0
confounded,0.005734441147681517,0.3,0.2,0.014169118207036036,0.0054403672426722085,0.004823934832877574,0.0,logger12_balanced,1,78,,0.011241355416953924,0.014123813403026876,,observational,0.03339027560563013,best,
confounded,0.005734441147681517,0.3,0.2,0.014169118207036036,0.0054403672426722085,0.004823934832877574,0.0,logger12_balanced,1,78,,0.011241355416953924,0.014123813403026876,,observational,0.03339027560563013,worst,
confounded,0.005734441147681517,0.3,0.2,0.014169118207036036,0.0054403672426722085,0.004823934832877574,0.0,logger12_balanced,1,78,,0.011241355416953924,0.014123813403026876,,neural,0.03339027560563013,best,
confounded,0.005734441147681517,0.3,0.2,0.014169118207036036,0.0054403672426722085,0.004823934832877574,0.0,logger12_balanced,1,78,,0.011241355416953924,0.014123813403026876,,neural,0.03339027560563013,worst,
confounded,,0.3,0.2,0.0,0.0,0.0,0.0,logger12_balanced,1,78,0.0,0.0,0.0,0.0,neural_minus_observational,0.0,best,1.0
confounded,0.005734441147681517,0.3,0.2,0.014169118207036036,0.0054403672426722085,0.004823934832877574,0.0,logger12_balanced,2,78,,0.011241355416953924,0.014123813403026876,,observational,0.03339027560563013,best,
confounded,0.005734441147681517,0.3,0.2,0.014169118207036036,0.0054403672426722085,0.004823934832877574,0.0,logger12_balanced,2,78,,0.011241355416953924,0.014123813403026876,,observational,0.03339027560563013,worst,
confounded,0.005734441147681517,0.3,0.2,0.014169118207036036,0.0054403672426722085,0.004823934832877574,0.0,logger12_balanced,2,78,,0.011241355416953924,0.014123813403026876,,neural,0.03339027560563013,best,
confounded,0.005734441147681517,0.3,0.2,0.014169118207036036,0.0054403672426722085,0.004823934832877574,0.0,logger12_balanced,2,78,,0.011241355416953924,0.014123813403026876,,neural,0.03339027560563013,worst,
confounded,,0.3,0.2,0.0,0.0,0.0,0.0,logger12_balanced,2,78,0.0,0.0,0.0,0.0,neural_minus_observational,0.0,best,1.0
confounded,0.005734441147681517,0.3,0.2,0.014169118207036036,0.0054403672426722085,0.004823934832877574,0.0,logger2_heavy,0,78,,0.011241355416953924,0.014123813403026876,,observational,0.03339027560563013,best,
confounded,0.005734441147681517,0.3,0.2,0.014169118207036036,0.0054403672426722085,0.004823934832877574,0.0,logger2_heavy,0,78,,0.011241355416953924,0.014123813403026876,,observational,0.03339027560563013,worst,
confounded,0.005734441147681517,0.3,0.2,0.014169118207036036,0.0054403672426722085,0.004823934832877574,0.0,logger2_heavy,0,78,,0.011241355416953924,0.014123813403026876,,neural,0.03339027560563013,best,
confounded,0.005734441147681517,0.3,0.2,0.014169118207036036,0.0054403672426722085,0.004823934832877574,0.0,logger2_heavy,0,78,,0.011241355416953924,0.014123813403026876,,neural,0.03339027560563013,worst,
confounded,,0.3,0.2,0.0,0.0,0.0,0.0,logger2_heavy,0,78,0.0,0.0,0.0,0.0,neural_minus_observational,0.0,best,1.0
confounded,0.005734441147681517,0.3,0.2,0.014169118207036036,0.0054403672426722085,0.004823934832877574,0.0,logger2_heavy,1,78,,0.011241355416953924,0.014123813403026876,,observational,0.03339027560563013,best,
confounded,0.005734441147681517,0.3,0.2,0.014169118207036036,0.0054403672426722085,0.004823934832877574,0.0,logger2_heavy,1,78,,0.011241355416953924,0.014123813403026876,,observational,0.03339027560563013,worst,
confounded,0.005734441147681517,0.3,0.2,0.014169118207036036,0.0054403672426722085,0.004823934832877574,0.0,logger2_heavy,1,78,,0.011241355416953924,0.014123813403026876,,neural,0.03339027560563013,best,
confounded,0.005734441147681517,0.3,0.2,0.014169118207036036,0.0054403672426722085,0.004823934832877574,0.0,logger2_heavy,1,78,,0.011241355416953924,0.014123813403026876,,neural,0.03339027560563013,worst,
confounded,,0.3,0.2,0.0,0.0,0.0,0.0,logger2_heavy,1,78,0.0,0.0,0.0,0.0,neural_minus_observational,0.0,best,1.0
confounded,0.005734441147681517,0.3,0.2,0.014169118207036036,0.0054403672426722085,0.004823934832877574,0.0,logger2_heavy,2,78,,0.011241355416953924,0.014123813403026876,,observational,0.03339027560563013,best,
confounded,0.005734441147681517,0.3,0.2,0.014169118207036036,0.0054403672426722085,0.004823934832877574,0.0,logger2_heavy,2,78,,0.011241355416953924,0.014123813403026876,,observational,0.03339027560563013,worst,
confounded,0.005734441147681517,0.3,0.2,0.014169118207036036,0.0054403672426722085,0.004823934832877574,0.0,logger2_heavy,2,78,,0.011241355416953924,0.014123813403026876,,neural,0.03339027560563013,best,
confounded,0.005734441147681517,0.3,0.2,0.014169118207036036,0.0054403672426722085,0.004823934832877574,0.0,logger2_heavy,2,78,,0.011241355416953924,0.014123813403026876,,neural,0.03339027560563013,worst,
confounded,,0.3,0.2,0.0,0.0,0.0,0.0,logger2_heavy,2,78,0.0,0.0,0.0,0.0,neural_minus_observational,0.0,best,1.0
independent_latents,,0.3,0.2,0.0,0.0,0.0,0.0,logger1_heavy,0,78,,0.0,0.0,,observational,0.0,best,
independent_latents,,0.3,0.2,0.0,0.0,0.0,0.0,logger1_heavy,0,78,,0.0,0.0,,observational,0.0,worst,
independent_latents,0.004144507310267215,0.3,0.2,0.01324648664276884,0.0021253883642395974,0.00038120253217943656,0.0,logger1_heavy,0,78,,0.0059993483013708535,0.009293975536335267,,neural,0.07990386824721743,best,
independent_latents,0.004144507310267215,0.3,0.2,0.01324648664276884,0.0021253883642395974,0.00038120253217943656,0.0,logger1_heavy,0,78,,0.0059993483013708535,0.009293975536335267,,neural,0.07990386824721743,worst,
independent_latents,0.004144507310267215,0.3,0.2,0.01324648664276884,0.0021253883642395974,0.00038120253217943656,0.0,logger1_heavy,0,78,0.0,0.0059993483013708535,0.009293975536335267,0.5128205128205128,neural_minus_observational,0.07990386824721743,best,0.48717948717948717
independent_latents,,0.3,0.2,0.0,0.0,0.0,0.0,logger1_heavy,1,78,,0.0,0.0,,observational,0.0,best,
independent_latents,,0.3,0.2,0.0,0.0,0.0,0.0,logger1_heavy,1,78,,0.0,0.0,,observational,0.0,worst,
independent_latents,0.0037862996603316478,0.3,0.2,0.008031632501105612,0.0018446075268282386,0.0,0.0,logger1_heavy,1,78,,0.005237298908629073,0.006835878670095982,,neural,0.05582198161531193,best,
independent_latents,0.0037862996603316478,0.3,0.2,0.008031632501105612,0.0018446075268282386,0.0,0.0,logger1_heavy,1,78,,0.005237298908629073,0.006835878670095982,,neural,0.05582198161531193,worst,
independent_latents,0.0037862996603316478,0.3,0.2,0.008031632501105612,0.0018446075268282386,0.0,0.0,logger1_heavy,1,78,0.0,0.005237298908629073,0.006835878670095982,0.48717948717948717,neural_minus_observational,0.05582198161531193,best,0.5128205128205128
independent_latents,,0.3,0.2,0.0,0.0,0.0,0.0,logger1_heavy,2,78,,0.0,0.0,,observational,0.0,best,
independent_latents,,0.3,0.2,0.0,0.0,0.0,0.0,logger1_heavy,2,78,,0.0,0.0,,observational,0.0,worst,
independent_latents,0.00388773757630617,0.3,0.2,0.014169118207036036,0.0017444976303937943,0.0,0.0,logger1_heavy,2,78,,0.005114206720109138,0.011867066618202665,,neural,0.10413047198445385,best,
independent_latents,0.00388773757630617,0.3,0.2,0.014169118207036036,0.0017444976303937943,0.0,0.0,logger1_heavy,2,78,,0.005114206720109138,0.011867066618202665,,neural,0.10413047198445385,worst,
independent_latents,0.00388773757630617,0.3,0.2,0.014169118207036036,0.0017444976303937943,0.0,0.0,logger1_heavy,2,78,0.0,0.005114206720109138,0.011867066618202665,0.44871794871794873,neural_minus_observational,0.10413047198445385,best,0.5512820512820513
independent_latents,,0.3,0.2,0.0,0.0,0.0,0.0,logger12_balanced,0,78,,0.0,0.0,,observational,0.0,best,
independent_latents,,0.3,0.2,0.0,0.0,0.0,0.0,logger12_balanced,0,78,,0.0,0.0,,observational,0.0,worst,
independent_latents,0.004144507310267215,0.3,0.2,0.01324648664276884,0.0021253883642395974,0.00038120253217943656,0.0,logger12_balanced,0,78,,0.0059993483013708535,0.009293975536335267,,neural,0.07990386824721743,best,
independent_latents,0.004144507310267215,0.3,0.2,0.01324648664276884,0.0021253883642395974,0.00038120253217943656,0.0,logger12_balanced,0,78,,0.0059993483013708535,0.009293975536335267,,neural,0.07990386824721743,worst,
independent_latents,0.004144507310267215,0.3,0.2,0.01324648664276884,0.0021253883642395974,0.00038120253217943656,0.0,logger12_balanced,0,78,0.0,0.0059993483013708535,0.009293975536335267,0.5128205128205128,neural_minus_observational,0.07990386824721743,best,0.48717948717948717
independent_latents,,0.3,0.2,0.0,0.0,0.0,0.0,logger12_balanced,1,78,,0.0,0.0,,observational,0.0,best,
independent_latents,,0.3,0.2,0.0,0.0,0.0,0.0,logger12_balanced,1,78,,0.0,0.0,,observational,0.0,worst,
independent_latents,0.0037862996603316478,0.3,0.2,0.008031632501105612,0.0018446075268282386,0.0,0.0,logger12_balanced,1,78,,0.005237298908629073,0.006835878670095982,,neural,0.05582198161531193,best,
independent_latents,0.0037862996603316478,0.3,0.2,0.008031632501105612,0.0018446075268282386,0.0,0.0,logger12_balanced,1,78,,0.005237298908629073,0.006835878670095982,,neural,0.05582198161531193,worst,
independent_latents,0.0037862996603316478,0.3,0.2,0.008031632501105612,0.0018446075268282386,0.0,0.0,logger12_balanced,1,78,0.0,0.005237298908629073,0.006835878670095982,0.48717948717948717,neural_minus_observational,0.05582198161531193,best,0.5128205128205128
independent_latents,,0.3,0.2,0.0,0.0,0.0,0.0,logger12_balanced,2,78,,0.0,0.0,,observational,0.0,best,
independent_latents,,0.3,0.2,0.0,0.0,0.0,0.0,logger12_balanced,2,78,,0.0,0.0,,observational,0.0,worst,
independent_latents,0.00388773757630617,0.3,0.2,0.014169118207036036,0.0017444976303937943,0.0,0.0,logger12_balanced,2,78,,0.005114206720109138,0.011867066618202665,,neural,0.10413047198445385,best,
independent_latents,0.00388773757630617,0.3,0.2,0.014169118207036036,0.0017444976303937943,0.0,0.0,logger12_balanced,2,78,,0.005114206720109138,0.011867066618202665,,neural,0.10413047198445385,worst,
independent_latents,0.00388773757630617,0.3,0.2,0.014169118207036036,0.0017444976303937943,0.0,0.0,logger12_balanced,2,78,0.0,0.005114206720109138,0.011867066618202665,0.44871794871794873,neural_minus_observational,0.10413047198445385,best,0.5512820512820513
independent_latents,,0.3,0.2,0.0,0.0,0.0,0.0,logger2_heavy,0,78,,0.0,0.0,,observational,0.0,best,
independent_latents,,0.3,0.2,0.0,0.0,0.0,0.0,logger2_heavy,0,78,,0.0,0.0,,observational,0.0,worst,
independent_latents,0.004144507310267215,0.3,0.2,0.01324648664276884,0.0021253883642395974,0.00038120253217943656,0.0,logger2_heavy,0,78,,0.0059993483013708535,0.009293975536335267,,neural,0.07990386824721743,best,
independent_latents,0.004144507310267215,0.3,0.2,0.01324648664276884,0.0021253883642395974,0.00038120253217943656,0.0,logger2_heavy,0,78,,0.0059993483013708535,0.009293975536335267,,neural,0.07990386824721743,worst,
independent_latents,0.004144507310267215,0.3,0.2,0.01324648664276884,0.0021253883642395974,0.00038120253217943656,0.0,logger2_heavy,0,78,0.0,0.0059993483013708535,0.009293975536335267,0.5128205128205128,neural_minus_observational,0.07990386824721743,best,0.48717948717948717
independent_latents,,0.3,0.2,0.0,0.0,0.0,0.0,logger2_heavy,1,78,,0.0,0.0,,observational,0.0,best,
independent_latents,,0.3,0.2,0.0,0.0,0.0,0.0,logger2_heavy,1,78,,0.0,0.0,,observational,0.0,worst,
independent_latents,0.0037862996603316478,0.3,0.2,0.008031632501105612,0.0018446075268282386,0.0,0.0,logger2_heavy,1,78,,0.005237298908629073,0.006835878670095982,,neural,0.05582198161531193,best,
independent_latents,0.0037862996603316478,0.3,0.2,0.008031632501105612,0.0018446075268282386,0.0,0.0,logger2_heavy,1,78,,0.005237298908629073,0.006835878670095982,,neural,0.05582198161531193,worst,
independent_latents,0.0037862996603316478,0.3,0.2,0.008031632501105612,0.0018446075268282386,0.0,0.0,logger2_heavy,1,78,0.0,0.005237298908629073,0.006835878670095982,0.48717948717948717,neural_minus_observational,0.05582198161531193,best,0.5128205128205128
independent_latents,,0.3,0.2,0.0,0.0,0.0,0.0,logger2_heavy,2,78,,0.0,0.0,,observational,0.0,best,
independent_latents,,0.3,0.2,0.0,0.0,0.0,0.0,logger2_heavy,2,78,,0.0,0.0,,observational,0.0,worst,
independent_latents,0.00388773757630617,0.3,0.2,0.014169118207036036,0.0017444976303937943,0.0,0.0,logger2_heavy,2,78,,0.005114206720109138,0.011867066618202665,,neural,0.10413047198445385,best,
independent_latents,0.00388773757630617,0.3,0.2,0.014169118207036036,0.0017444976303937943,0.0,0.0,logger2_heavy,2,78,,0.005114206720109138,0.011867066618202665,,neural,0.10413047198445385,worst,
independent_latents,0.00388773757630617,0.3,0.2,0.014169118207036036,0.0017444976303937943,0.0,0.0,logger2_heavy,2,78,0.0,0.005114206720109138,0.011867066618202665,0.44871794871794873,neural_minus_observational,0.10413047198445385,best,0.5512820512820513
