kappa,lambda_reward,condition,mixture,seed,variant,update,train_observational_nll,validation_observational_nll,prior_p_z1,reward_mode_separation,behavior_separation,posterior_entropy,posterior_effective_usage,latent_collapse,do_mae,rank_error,mean_regret,posterior_u_accuracy,em_iteration
0.0,0.0,confounded,logger12_balanced,0,collapsed_constrained_reference,0,2.4910762310028076,2.6772000789642334,0.5,0.0,0.0,0.6931471805599453,2.0,True,0.498109778347363,0.4886731391585761,0.004336876464571611,0.5,
0.0,0.0,confounded,logger12_balanced,0,collapsed_constrained_reference,300,1.543882131576538,1.54464852809906,0.5,0.0,0.0,0.6931471805599453,2.0,True,0.020448749259565382,0.46601941747572817,0.0024535025209965226,0.5,
0.0,0.0,confounded,logger12_balanced,0,collapsed_constrained_reference,750,0.9599772691726685,0.9617023468017578,0.5,0.0,0.0,0.6931471805599453,2.0,True,0.014561493154872733,0.3559870550161812,0.0016498677185159398,0.5,
0.0,0.0,confounded,logger12_balanced,0,collapsed_constrained_reference,1500,0.12156590074300766,0.1287536323070526,0.5,0.0,0.0,0.6931471805599453,2.0,True,0.014840828679992446,0.37540453074433655,0.0018292844744956414,0.5,
0.0,0.0,confounded,logger12_balanced,0,collapsed_constrained_reference,2250,-0.6410053372383118,-0.6137217879295349,0.5,0.0,0.0,0.6931471805599453,2.0,True,0.014548258323770227,0.2459546925566343,0.0009227670188451044,0.5,
0.0,0.0,confounded,logger12_balanced,0,collapsed_constrained_reference,3000,-1.345535397529602,-1.2330299615859985,0.5,0.0,0.0,0.6931471805599453,2.0,True,0.01112728205971229,0.255663430420712,0.0009703612660630621,0.5,
0.0,0.0,confounded,logger12_balanced,0,true_behavior_fixed,0,2.056100845336914,2.2671380043029785,0.5,0.01341817589864326,0.3999999761581421,0.5125139355659485,1.6694828963345385,False,0.5014706954657643,0.47896440129449835,0.003939265289924905,0.5,
0.0,0.0,confounded,logger12_balanced,0,true_behavior_fixed,300,1.2318320274353027,1.2323582172393799,0.5,0.013729112382354433,0.3999999761581421,0.5129770636558533,1.6702562598288024,False,0.01612372314418323,0.34951456310679613,0.0016900491125642243,0.5,
0.0,0.0,confounded,logger12_balanced,0,true_behavior_fixed,750,0.7796077728271484,0.780988335609436,0.5,0.009286150518344378,0.3999999761581421,0.5129810571670532,1.6702629300292018,False,0.016862362114747054,0.27184466019417475,0.0012597066210248908,0.5,
0.0,0.0,confounded,logger12_balanced,0,true_behavior_fixed,1500,0.034959446638822556,0.043851692229509354,0.5,0.007803174433887983,0.3999999761581421,0.5129405856132507,1.670195333261047,False,0.015414374495119804,0.24271844660194175,0.0009707684426326717,0.5,
0.0,0.0,confounded,logger12_balanced,0,true_behavior_fixed,2250,-0.698855996131897,-0.6713213324546814,0.5,0.006629101821756467,0.3999999761581421,0.5127591490745544,1.6698923262899328,False,0.01214184602454391,0.2168284789644013,0.0008355833850343105,0.5,
0.0,0.0,confounded,logger12_balanced,0,true_behavior_fixed,3000,-1.3934326171875,-1.290074348449707,0.5,0.005123111536214428,0.3999999761581421,0.5121843218803406,1.6689327026046912,False,0.010933516766170718,0.21359223300970873,0.0007595533876352065,0.5,
0.0,0.0,confounded,logger12_balanced,0,true_behavior_fixed_em,0,2.056100845336914,2.2671380043029785,0.5,0.01341817589864326,0.3999999761581421,0.5125139355659485,1.6694828963345385,False,0.5014706954657643,0.47896440129449835,0.003939265289924905,0.5,0
0.0,0.0,confounded,logger12_balanced,0,true_behavior_fixed_em,100,1.4378260374069214,1.438094139099121,0.5,0.02030086108799645,0.3999999761581421,0.5129841566085815,1.6702681069195129,False,0.027674058123700395,0.4919093851132686,0.003189311513923773,0.5,1
0.0,0.0,confounded,logger12_balanced,0,true_behavior_fixed_em,200,1.3338875770568848,1.3344227075576782,0.5,0.015818616006879713,0.3999999761581421,0.5129818916320801,1.670264323805784,False,0.019556650498402262,0.4045307443365696,0.0021208346890361474,0.5,2
0.0,0.0,confounded,logger12_balanced,0,true_behavior_fixed_em,300,1.2318295240402222,1.2323613166809082,0.5,0.013792544176247605,0.3999999761581421,0.5129765868186951,1.670255463388744,False,0.016270711978243927,0.36245954692556637,0.0017343547720546644,0.5,3
0.0,0.0,confounded,logger12_balanced,0,true_behavior_fixed_em,400,1.1309244632720947,1.1317404508590698,0.5,0.012745208417019503,0.3999999761581421,0.5129745006561279,1.6702519789679533,False,0.017515884211986646,0.32362459546925565,0.0015335223991384524,0.5,4
0.0,0.0,confounded,logger12_balanced,0,true_behavior_fixed_em,500,1.0303080081939697,1.0312546491622925,0.5,0.011767396919269212,0.3999999761581421,0.5129610300064087,1.6702294797401416,False,0.016999220725541057,0.3365695792880259,0.001567084145472992,0.5,5
0.0,0.0,confounded,logger12_balanced,0,true_behavior_fixed_em,600,0.9304686188697815,0.9321897625923157,0.5,0.010626057366434854,0.3999999761581421,0.5129632353782654,1.6702331632212923,False,0.020599510656854694,0.30097087378640774,0.0013995104300051754,0.5,6
0.0,0.0,confounded,logger12_balanced,0,true_behavior_fixed_em,700,0.8291726112365723,0.8305094242095947,0.5,0.009426006073274727,0.3999999761581421,0.5129704475402832,1.6702452092569118,False,0.01600788449045981,0.3268608414239482,0.001479735039820311,0.5,7
0.0,0.0,confounded,logger12_balanced,0,true_behavior_fixed_em,800,0.7314834594726562,0.7337088584899902,0.5,0.009621033328355292,0.3999999761581421,0.5129910707473755,1.6702796554249513,False,0.021134505016627638,0.27184466019417475,0.0012457687600643953,0.5,8
0.0,0.0,confounded,logger12_balanced,0,true_behavior_fixed_em,900,0.6288651823997498,0.6313671469688416,0.5,0.0087665696745405,0.3999999761581421,0.5129671692848206,1.6702397337754056,False,0.014316392806205037,0.39805825242718446,0.0018433614317777515,0.5,9
0.0,0.0,confounded,logger12_balanced,0,true_behavior_fixed_em,1000,0.5302489995956421,0.53296959400177,0.5,0.009300744729604194,0.3999999761581421,0.5129909515380859,1.6702794563121122,False,0.01581069557152028,0.313915857605178,0.0014115050570783097,0.5,10
0.0,0.0,confounded,logger12_balanced,0,true_behavior_fixed_em,1100,0.4378935992717743,0.44229450821876526,0.5,0.008749541234208012,0.3999999761581421,0.5129530429840088,1.6702161396331479,False,0.027694911586490383,0.255663430420712,0.0011255293293954364,0.5,11
0.0,0.0,confounded,logger12_balanced,0,true_behavior_fixed_em,1200,0.3324334919452667,0.33618104457855225,0.5,0.008151529227620219,0.3999999761581421,0.5129870772361755,1.6702729851577591,False,0.01890063183309057,0.3365695792880259,0.0015233769150432887,0.5,12
0.0,0.0,confounded,logger12_balanced,0,true_behavior_fixed_em,1300,0.2433653324842453,0.2492741346359253,0.5,0.008883232089237025,0.3999999761581421,0.5129318237304688,1.6701806992694248,False,0.024223155911450495,0.31715210355987056,0.0014920706536141752,0.5,13
0.0,0.0,confounded,logger12_balanced,0,true_behavior_fixed_em,1400,0.1316261887550354,0.13744831085205078,0.5,0.007650452990039137,0.3999999761581421,0.5129575729370117,1.6702237056509022,False,0.012600491157318995,0.255663430420712,0.0010465172299554816,0.5,14
0.0,0.0,confounded,logger12_balanced,0,true_behavior_fixed_em,1500,0.0334080308675766,0.04214027151465416,0.5,0.007478208464302075,0.3999999761581421,0.5128915905952454,1.6701135040152506,False,0.013648069036677837,0.23948220064724918,0.0009293447830453104,0.5,15
0.0,0.0,confounded,logger12_balanced,0,true_behavior_fixed_em,1600,-0.06213910132646561,-0.05363989621400833,0.5,0.007603923558252947,0.3999999761581421,0.5129081010818481,1.670141078629518,False,0.017014249723140147,0.22330097087378642,0.0008128488529958224,0.5,16
0.0,0.0,confounded,logger12_balanced,0,true_behavior_fixed_em,1700,-0.15698115527629852,-0.1451464742422104,0.5,0.007997139217255684,0.3999999761581421,0.5128013491630554,1.669962797380822,False,0.01801630823051184,0.29449838187702265,0.0012262257776731425,0.5,17
0.0,0.0,confounded,logger12_balanced,0,true_behavior_fixed_em,1800,-0.2587446868419647,-0.24829934537410736,0.5,0.007505359278833442,0.3999999761581421,0.512980580329895,1.6702621335859626,False,0.01405332125725956,0.24271844660194175,0.0009564756797904121,0.5,18
0.0,0.0,confounded,logger12_balanced,0,true_behavior_fixed_em,1900,-0.36115193367004395,-0.3452874720096588,0.5,0.006536674005969043,0.3999999761581421,0.5129492282867432,1.6702097682763595,False,0.012450740094651722,0.2524271844660194,0.0010714708481144965,0.5,19
0.0,0.0,confounded,logger12_balanced,0,true_behavior_fixed_em,2000,-0.45768454670906067,-0.4397626221179962,0.5,0.006707184956105389,0.3999999761581421,0.5128781795501709,1.6700911061979582,False,0.014251593008603786,0.2297734627831715,0.0008911523120617731,0.5,20
0.0,0.0,confounded,logger12_balanced,0,true_behavior_fixed_em,2100,-0.5488793253898621,-0.5245310068130493,0.5,0.007074376624717224,0.3999999761581421,0.5128397345542908,1.6700269007864572,False,0.01439848456273185,0.2168284789644013,0.0008376397805761582,0.5,21
0.0,0.0,confounded,logger12_balanced,0,true_behavior_fixed_em,2200,-0.630290150642395,-0.5933857560157776,0.5,0.0068745367273724,0.3999999761581421,0.5131970643997192,1.6706237578718508,False,0.01641196249992978,0.284789644012945,0.0011569382828818873,0.5,22
0.0,0.0,confounded,logger12_balanced,0,true_behavior_fixed_em,2300,-0.7410635948181152,-0.7138699889183044,0.5,0.00696039993888696,0.3999999761581421,0.5129627585411072,1.670232366792247,False,0.01240940756244471,0.2459546925566343,0.0010293567643884106,0.5,23
0.0,0.0,confounded,logger12_balanced,0,true_behavior_fixed_em,2400,-0.8412010669708252,-0.8049185276031494,0.5,0.005982866207227239,0.3999999761581421,0.5128527283668518,1.6700486009439615,False,0.011981257170797153,0.19093851132686085,0.0007026196383727081,0.5,24
0.0,0.0,confounded,logger12_balanced,0,true_behavior_fixed_em,2500,-0.9297865629196167,-0.8803237080574036,0.5,0.006636820173124201,0.3999999761581421,0.5124824643135071,1.6694303564436137,False,0.012472947904770241,0.30097087378640774,0.0012088978457106,0.5,25
0.0,0.0,confounded,logger12_balanced,0,true_behavior_fixed_em,2600,-0.9977176189422607,-0.9379879832267761,0.5,0.006121041375808257,0.3999999761581421,0.5127419233322144,1.6698635614027333,False,0.016039121778764102,0.20388349514563106,0.0007079335812013167,0.5,26
0.0,0.0,confounded,logger12_balanced,0,true_behavior_fixed_em,2700,-1.0997824668884277,-1.0321941375732422,0.5,0.006452639585381753,0.3999999761581421,0.5125640630722046,1.6695665854464148,False,0.013995681801166393,0.2783171521035599,0.0011626408186067082,0.5,27
0.0,0.0,confounded,logger12_balanced,0,true_behavior_fixed_em,2800,-1.2140491008758545,-1.1381644010543823,0.5,0.005513968810077025,0.3999999761581421,0.512780487537384,1.6699279596054455,False,0.011228860321277621,0.22653721682847897,0.0008191598945319892,0.5,28
0.0,0.0,confounded,logger12_balanced,0,true_behavior_fixed_em,2900,-1.261985182762146,-1.1452127695083618,0.5,0.005506500645188031,0.3999999761581421,0.5123920440673828,1.669279412964173,False,0.014947592749372636,0.1650485436893204,0.0006893220764936104,0.5,29
0.0,0.0,confounded,logger12_balanced,0,true_behavior_fixed_em,3000,-1.3095686435699463,-1.1885883808135986,0.5,0.005640510635725359,0.3999999761581421,0.5117872357368469,1.6682701241131386,False,0.016365696126035403,0.18446601941747573,0.0006356304347382741,0.5,30
0.0,0.0,confounded,logger12_balanced,0,oracle_reward_fixed_learn_behavior,0,-1.3529731035232544,-1.238015055656433,0.5,0.005268137611705398,0.0,0.6914660334587097,1.9966405304699864,False,0.01207970331469208,0.2297734627831715,0.0007816006605589165,0.5,
0.0,0.0,confounded,logger12_balanced,0,oracle_reward_fixed_learn_behavior,300,-1.352989912033081,-1.238025426864624,0.5,0.005268137611705398,0.003939594142138958,0.6914422512054443,1.996593046423852,False,0.01207970331469208,0.2297734627831715,0.0007816006605589165,0.5,
0.0,0.0,confounded,logger12_balanced,0,oracle_reward_fixed_learn_behavior,750,-1.3529727458953857,-1.2379977703094482,0.5,0.005268137611705398,0.010201245546340942,0.6913474798202515,1.9964038355012081,False,0.01207970331469208,0.2297734627831715,0.0007816006605589165,0.5,
0.0,0.0,confounded,logger12_balanced,0,oracle_reward_fixed_learn_behavior,1500,-1.3530579805374146,-1.2380653619766235,0.5,0.005268137611705398,0.020440321415662766,0.6910417079925537,1.9957934847703889,False,0.01207970331469208,0.2297734627831715,0.0007816006605589165,0.5,
0.0,0.0,confounded,logger12_balanced,0,oracle_reward_fixed_learn_behavior,2250,-1.3530972003936768,-1.2380863428115845,0.5,0.005268137611705398,0.030616741627454758,0.6905512809753418,1.994814933698237,False,0.01207970331469208,0.2297734627831715,0.0007816006605589165,0.5,
0.0,0.0,confounded,logger12_balanced,0,oracle_reward_fixed_learn_behavior,3000,-1.3531525135040283,-1.2381236553192139,0.5,0.005268137611705398,0.040693074464797974,0.6898815035820007,1.9934792990906103,False,0.01207970331469208,0.2297734627831715,0.0007816006605589165,0.5,
0.0,0.0,confounded,logger12_balanced,0,oracle_initialized_joint,0,-1.354658603668213,-1.2385166883468628,0.5,0.005268137611705398,0.3999999761581421,0.5118523836135864,1.6683788119099037,False,0.01207970331469208,0.2297734627831715,0.0007816006605589165,0.5,
0.0,0.0,confounded,logger12_balanced,0,oracle_initialized_joint,300,-1.6508396863937378,-1.426927924156189,0.5018302202224731,0.004830831674919826,0.40327954292297363,0.5087030529975891,1.6631328004866197,False,0.010650238329757034,0.19741100323624594,0.000671799916323117,0.5,
0.0,0.0,confounded,logger12_balanced,0,oracle_initialized_joint,750,-1.965718388557434,-1.554341435432434,0.5058015584945679,0.006716785944309203,0.4111846387386322,0.49289238452911377,1.637044340611875,False,0.011073070578140977,0.21035598705501618,0.000737906775503894,0.5,
0.0,0.0,confounded,logger12_balanced,0,oracle_initialized_joint,1500,-1.7135568857192993,-0.7149704694747925,0.5043541789054871,0.02180436100025602,0.39841651916503906,0.3563917875289917,1.4281669766789313,False,0.01660409341087856,0.1488673139158576,0.0005281509464695293,0.5,
0.0,0.0,confounded,logger12_balanced,0,oracle_initialized_joint,2250,-2.3247275352478027,-0.30824217200279236,0.5131844878196716,0.011109244942457333,0.35917460918426514,0.40554362535476685,1.5001177804937431,False,0.012237971926192005,0.19741100323624594,0.0006870130127030711,0.5,
0.0,0.0,confounded,logger12_balanced,0,oracle_initialized_joint,3000,-2.5472021102905273,0.06369435787200928,0.4291527271270752,0.006605343956137561,0.2825918197631836,0.47333404421806335,1.6053375471456668,False,0.01074056553164799,0.1779935275080906,0.0006413943220783301,0.5,
0.0,0.0,confounded,logger12_balanced,1,collapsed_constrained_reference,0,2.5472023487091064,2.7375271320343018,0.5,0.0,0.0,0.6931471805599453,2.0,True,0.5148761965730104,0.7508090614886731,0.0049932077910158175,0.5,
0.0,0.0,confounded,logger12_balanced,1,collapsed_constrained_reference,300,1.546036720275879,1.5468047857284546,0.5,0.0,0.0,0.6931471805599453,2.0,True,0.020775563904508448,0.4110032362459547,0.001994703681724742,0.5,
0.0,0.0,confounded,logger12_balanced,1,collapsed_constrained_reference,750,0.9642196893692017,0.9655286073684692,0.5,0.0,0.0,0.6931471805599453,2.0,True,0.024643673722204006,0.36893203883495146,0.0017652847520211053,0.5,
0.0,0.0,confounded,logger12_balanced,1,collapsed_constrained_reference,1500,0.12988834083080292,0.13715790212154388,0.5,0.0,0.0,0.6931471805599453,2.0,True,0.019928120046063737,0.3268608414239482,0.0013987827283103483,0.5,
0.0,0.0,confounded,logger12_balanced,1,collapsed_constrained_reference,2250,-0.6280516386032104,-0.6056264638900757,0.5,0.0,0.0,0.6931471805599453,2.0,True,0.015654002800073154,0.32362459546925565,0.0013306668162599601,0.5,
0.0,0.0,confounded,logger12_balanced,1,collapsed_constrained_reference,3000,-1.2699077129364014,-1.1396150588989258,0.5,0.0,0.0,0.6931471805599453,2.0,True,0.01671338483399538,0.2168284789644013,0.0007833506103431018,0.5,
0.0,0.0,confounded,logger12_balanced,1,true_behavior_fixed,0,2.0462303161621094,2.2477610111236572,0.5,0.0148969368990917,0.3999999761581421,0.5130274891853333,1.6703404855086161,False,0.502753020151143,0.37216828478964403,0.0036866293319266167,0.5,
0.0,0.0,confounded,logger12_balanced,1,true_behavior_fixed,300,1.234215497970581,1.23486328125,0.5,0.013486733560392187,0.3999999761581421,0.5129954218864441,1.6702869230598267,False,0.01942374416954478,0.3786407766990291,0.002042270740812467,0.5,
0.0,0.0,confounded,logger12_balanced,1,true_behavior_fixed,750,0.7834019660949707,0.7851025462150574,0.5,0.010043308048365033,0.3999999761581421,0.5130117535591125,1.6703142018618702,False,0.023343100126370697,0.3656957928802589,0.0018539833959503624,0.5,
0.0,0.0,confounded,logger12_balanced,1,true_behavior_fixed,1500,0.038471292704343796,0.04492444172501564,0.5,0.008561697811351627,0.3999999761581421,0.5129007697105408,1.6701288342500191,False,0.014520256699927505,0.32362459546925565,0.001258566522462598,0.5,
0.0,0.0,confounded,logger12_balanced,1,true_behavior_fixed,2250,-0.6818821430206299,-0.6587603688240051,0.5,0.006420185605490013,0.3999999761581421,0.512804388999939,1.6699678738030432,False,0.015361799107888959,0.3042071197411003,0.0012347229216590357,0.5,
0.0,0.0,confounded,logger12_balanced,1,true_behavior_fixed,3000,-0.8399032354354858,-0.7284470796585083,0.5,0.00739584786348987,0.3999999761581421,0.5061478018760681,1.6588885034646608,False,0.03406329219167025,0.35275080906148865,0.0014743963965009766,0.5,
0.0,0.0,confounded,logger12_balanced,1,true_behavior_fixed_em,0,2.0462303161621094,2.2477610111236572,0.5,0.0148969368990917,0.3999999761581421,0.5130274891853333,1.6703404855086161,False,0.502753020151143,0.37216828478964403,0.0036866293319266167,0.5,0
0.0,0.0,confounded,logger12_balanced,1,true_behavior_fixed_em,100,1.4392355680465698,1.439635992050171,0.5,0.019580972806761493,0.3999999761581421,0.5129647850990295,1.670235751618312,False,0.02920489225227693,0.4401294498381877,0.0034021839580560946,0.5,1
0.0,0.0,confounded,logger12_balanced,1,true_behavior_fixed_em,200,1.3356120586395264,1.336152195930481,0.5,0.015952936596378836,0.3999999761581421,0.5129833221435547,1.670266713139774,False,0.01886808333287696,0.36893203883495146,0.0020556977994859956,0.5,2
0.0,0.0,confounded,logger12_balanced,1,true_behavior_fixed_em,300,1.2341859340667725,1.2348095178604126,0.5,0.013621248520488965,0.3999999761581421,0.5129944682121277,1.6702853301508467,False,0.019237485794538035,0.3786407766990291,0.002023692865814162,0.5,3
0.0,0.0,confounded,logger12_balanced,1,true_behavior_fixed_em,400,1.133257508277893,1.134206771850586,0.5,0.012791928279458803,0.3999999761581421,0.5130017995834351,1.6702975756776794,False,0.01816112987731994,0.3851132686084142,0.002017500224638702,0.5,4
0.0,0.0,confounded,logger12_balanced,1,true_behavior_fixed_em,500,1.0326520204544067,1.0336929559707642,0.5,0.011665884248013642,0.3999999761581421,0.5129905939102173,1.670278858973737,False,0.016423815688039634,0.3106796116504854,0.0015903094194346665,0.5,5
0.0,0.0,confounded,logger12_balanced,1,true_behavior_fixed_em,600,0.9323573708534241,0.9335100650787354,0.5,0.01051279381056761,0.3999999761581421,0.5129979848861694,1.6702912040102378,False,0.01615563987573418,0.4627831715210356,0.002458946193432292,0.5,6
0.0,0.0,confounded,logger12_balanced,1,true_behavior_fixed_em,700,0.8341298699378967,0.8359622359275818,0.5,0.01156831677456455,0.3999999761581421,0.5129702091217041,1.6702448110394699,False,0.021940078355875307,0.2750809061488673,0.0013667057409908244,0.5,7
0.0,0.0,confounded,logger12_balanced,1,true_behavior_fixed_em,800,0.7320231795310974,0.7334998846054077,0.5,0.009759161874259169,0.3999999761581421,0.5129695534706116,1.6702437159419936,False,0.013946511726262276,0.2750809061488673,0.0011249166905075902,0.5,8
0.0,0.0,confounded,logger12_balanced,1,true_behavior_fixed_em,900,0.6325544714927673,0.6345992088317871,0.5,0.009455252281647718,0.3999999761581421,0.5130160450935364,1.6703213700881474,False,0.015726410643887474,0.43042071197411,0.002088967634701626,0.5,9
0.0,0.0,confounded,logger12_balanced,1,true_behavior_fixed_em,1000,0.5323896408081055,0.5344997644424438,0.5,0.009229326011456662,0.3999999761581421,0.5129672288894653,1.6702398333294546,False,0.01317824629857455,0.29449838187702265,0.0013003419842286068,0.5,10
0.0,0.0,confounded,logger12_balanced,1,true_behavior_fixed_em,1100,0.4324115216732025,0.43515416979789734,0.5,0.008617095401655875,0.3999999761581421,0.5129842162132263,1.6702682064752532,False,0.01352291688220181,0.28802588996763756,0.0012248403666316895,0.5,11
0.0,0.0,confounded,logger12_balanced,1,true_behavior_fixed_em,1200,0.3337997794151306,0.3370569050312042,0.5,0.008807366487010686,0.3999999761581421,0.512908935546875,1.6701424723044198,False,0.014688666222890953,0.4336569579288026,0.002203557487195341,0.5,12
0.0,0.0,confounded,logger12_balanced,1,true_behavior_fixed_em,1300,0.23327283561229706,0.23713961243629456,0.5,0.00796868231110696,0.3999999761581421,0.5129401683807373,1.6701946364013955,False,0.01297756971847773,0.32038834951456313,0.001346245001267374,0.5,13
0.0,0.0,confounded,logger12_balanced,1,true_behavior_fixed_em,1400,0.1371406465768814,0.14269903302192688,0.5,0.008502335323518165,0.3999999761581421,0.5129006505012512,1.6701286351551592,False,0.016289566421875516,0.2459546925566343,0.001065875697560551,0.5,14
0.0,0.0,confounded,logger12_balanced,1,true_behavior_fixed_em,1500,0.040717970579862595,0.0491451658308506,0.5,0.007692754204668885,0.3999999761581421,0.5129408240318298,1.6701957314666926,False,0.017682616891744794,0.284789644012945,0.0010901816739537968,0.5,15
0.0,0.0,confounded,logger12_balanced,1,true_behavior_fixed_em,1600,-0.060324132442474365,-0.0535103976726532,0.5,0.008042914806318533,0.3999999761581421,0.5128138661384583,1.6699837003949014,False,0.013597053914990888,0.36245954692556637,0.001505799256518602,0.5,16
0.0,0.0,confounded,logger12_balanced,1,true_behavior_fixed_em,1700,-0.15774445235729218,-0.14672276377677917,0.5,0.007039148923864339,0.3999999761581421,0.5128976702690125,1.6701236577913747,False,0.015178694251179336,0.21359223300970873,0.0008513338496075093,0.5,17
0.0,0.0,confounded,logger12_balanced,1,true_behavior_fixed_em,1800,-0.2590774893760681,-0.2492666095495224,0.5,0.008257271429347082,0.3999999761581421,0.5128206610679626,1.6699950478549717,False,0.013773471898198823,0.28802588996763756,0.001106341651181684,0.5,18
0.0,0.0,confounded,logger12_balanced,1,true_behavior_fixed_em,1900,-0.3568294644355774,-0.3435874879360199,0.5,0.006647980722711235,0.3999999761581421,0.5128079652786255,1.6699738460842368,False,0.012616406880303669,0.2168284789644013,0.0008715061812303082,0.5,19
0.0,0.0,confounded,logger12_balanced,1,true_behavior_fixed_em,2000,-0.44729721546173096,-0.4346233010292053,0.5,0.006878582393764828,0.3999999761581421,0.5127928256988525,1.669948563573359,False,0.013208105100167606,0.23624595469255663,0.000903869670681709,0.5,20
0.0,0.0,confounded,logger12_balanced,1,true_behavior_fixed_em,2100,-0.5532326102256775,-0.5353953838348389,0.5,0.006402276587551252,0.3999999761581421,0.51275634765625,1.669887648229556,False,0.011459463362562199,0.284789644012945,0.001110357096230348,0.5,21
0.0,0.0,confounded,logger12_balanced,1,true_behavior_fixed_em,2200,-0.6515971422195435,-0.6295952796936035,0.5,0.006511653388122798,0.3999999761581421,0.5125434994697571,1.6695322534958874,False,0.010495772997403723,0.2621359223300971,0.0009599349418981687,0.5,22
0.0,0.0,confounded,logger12_balanced,1,true_behavior_fixed_em,2300,-0.6559546589851379,-0.6356421113014221,0.5,0.006910863672753921,0.3999999761581421,0.5127424001693726,1.6698643576559185,False,0.0285754503612899,0.4110032362459547,0.002078399608879138,0.5,23
0.0,0.0,confounded,logger12_balanced,1,true_behavior_fixed_em,2400,-0.8235101699829102,-0.7896912693977356,0.5,0.006429049824063523,0.3999999761581421,0.5124080181121826,1.6693060783212752,False,0.011961921049392381,0.255663430420712,0.0009359644085307141,0.5,24
0.0,0.0,confounded,logger12_balanced,1,true_behavior_fixed_em,2500,-0.9276498556137085,-0.8864970207214355,0.5,0.0058477064095395865,0.3999999761581421,0.5122088193893433,1.6689735877993888,False,0.010702489389138366,0.3074433656957929,0.0012127333604541662,0.5,25
0.0,0.0,confounded,logger12_balanced,1,true_behavior_fixed_em,2600,-1.0215749740600586,-0.9747738242149353,0.5,0.006186393892668132,0.3999999761581421,0.5119127035140991,1.6684794513891068,False,0.010183046951431471,0.2459546925566343,0.0009064945736771903,0.5,26
0.0,0.0,confounded,logger12_balanced,1,true_behavior_fixed_em,2700,-1.0537878274917603,-0.9675827622413635,0.5,0.0062971391673123656,0.3999999761581421,0.5117354393005371,1.6681837159037454,False,0.01580555390711314,0.30097087378640774,0.0012833738122348978,0.5,27
0.0,0.0,confounded,logger12_balanced,1,true_behavior_fixed_em,2800,-1.2033950090408325,-1.134588360786438,0.5,0.005431364917689038,0.3999999761581421,0.5119715332984924,1.6685776105628098,False,0.011205123818663155,0.24919093851132687,0.0009223738809138149,0.5,28
0.0,0.0,confounded,logger12_balanced,1,true_behavior_fixed_em,2900,-1.246246576309204,-1.1637375354766846,0.5,0.006539848287959142,0.3999999761581421,0.5106630325317383,1.6663957033049765,False,0.014050158942939577,0.2524271844660194,0.0009927239361134641,0.5,29
0.0,0.0,confounded,logger12_balanced,1,true_behavior_fixed_em,3000,-1.3504542112350464,-1.2366164922714233,0.5,0.005752678230351089,0.3999999761581421,0.5116948485374451,1.6681160044279786,False,0.012227055552012993,0.284789644012945,0.0010618900705136431,0.5,30
0.0,0.0,confounded,logger12_balanced,1,oracle_reward_fixed_learn_behavior,0,-1.344746708869934,-1.2380748987197876,0.5,0.006571335011464573,0.0,0.6908898949623108,1.995490520311285,False,0.011092264121797011,0.21359223300970873,0.000933752250739862,0.5,
0.0,0.0,confounded,logger12_balanced,1,oracle_reward_fixed_learn_behavior,300,-1.344778060913086,-1.2381083965301514,0.5,0.006571335011464573,0.00672169029712677,0.6908090114593506,1.9953291245750926,False,0.011092264121797011,0.21359223300970873,0.000933752250739862,0.5,
0.0,0.0,confounded,logger12_balanced,1,oracle_reward_fixed_learn_behavior,750,-1.3448150157928467,-1.2381480932235718,0.5,0.006571335011464573,0.01616556942462921,0.6905615329742432,1.9948353846435771,False,0.011092264121797011,0.21359223300970873,0.000933752250739862,0.5,
0.0,0.0,confounded,logger12_balanced,1,oracle_reward_fixed_learn_behavior,1500,-1.3449403047561646,-1.2382766008377075,0.5,0.006571335011464573,0.031605493277311325,0.6898083686828613,1.9933335115142796,False,0.011092264121797011,0.21359223300970873,0.000933752250739862,0.5,
0.0,0.0,confounded,logger12_balanced,1,oracle_reward_fixed_learn_behavior,2250,-1.3450511693954468,-1.2383893728256226,0.5,0.006571335011464573,0.04627947509288788,0.6887043714523315,1.9911340911384372,False,0.011092264121797011,0.21359223300970873,0.000933752250739862,0.5,
0.0,0.0,confounded,logger12_balanced,1,oracle_reward_fixed_learn_behavior,3000,-1.345119833946228,-1.2384579181671143,0.5,0.006571335011464573,0.06063871085643768,0.6872404217720032,1.9882213036296068,False,0.011092264121797011,0.21359223300970873,0.000933752250739862,0.5,
0.0,0.0,confounded,logger12_balanced,1,oracle_initialized_joint,0,-1.347198486328125,-1.2401334047317505,0.5,0.006571335011464573,0.3999999761581421,0.5107088685035706,1.666472085922017,False,0.011092264121797011,0.21359223300970873,0.000933752250739862,0.5,
0.0,0.0,confounded,logger12_balanced,1,oracle_initialized_joint,300,-1.6388013362884521,-1.4577969312667847,0.5025485157966614,0.0053323212783496395,0.40485548973083496,0.5063530206680298,1.65922897349357,False,0.010100739443889648,0.22653721682847897,0.0006910971287540174,0.5,
0.0,0.0,confounded,logger12_balanced,1,oracle_initialized_joint,750,-1.972185730934143,-1.5146421194076538,0.5021384358406067,0.004980728835185838,0.4156580865383148,0.4916982054710388,1.6350905833433653,False,0.011484014038992352,0.23300970873786409,0.0007777003695617823,0.5,
0.0,0.0,confounded,logger12_balanced,1,oracle_initialized_joint,1500,-1.222851037979126,-0.2942748963832855,0.500245213508606,0.03235108429994825,0.4272094666957855,0.1931483894586563,1.2130627858944187,False,0.020402744406110365,0.13915857605177995,0.0006177848835697335,0.5,
0.0,0.0,confounded,logger12_balanced,1,oracle_initialized_joint,2250,-2.514698028564453,-0.8853284120559692,0.515711784362793,0.006308949151092244,0.3872776925563812,0.4708445966243744,1.6013461137453622,False,0.009883694560398693,0.23624595469255663,0.0009793007863350882,0.5,
0.0,0.0,confounded,logger12_balanced,1,oracle_initialized_joint,3000,-2.674213409423828,-0.8923603892326355,0.5571532249450684,0.007583419430172507,0.3081066906452179,0.4934159219264984,1.6379016189344122,False,0.008942781681960091,0.24271844660194175,0.000931230425940887,0.5,
0.0,0.0,confounded,logger12_balanced,2,collapsed_constrained_reference,0,2.5425262451171875,2.748735189437866,0.5,0.0,0.0,0.6931471805599453,2.0,True,0.5054176711167647,0.5598705501618123,0.0031943731255504168,0.5,
0.0,0.0,confounded,logger12_balanced,2,collapsed_constrained_reference,300,1.5443295240402222,1.544750452041626,0.5,0.0,0.0,0.6931471805599453,2.0,True,0.017123243810563765,0.34951456310679613,0.0015743705049227976,0.5,
0.0,0.0,confounded,logger12_balanced,2,collapsed_constrained_reference,750,0.9608997702598572,0.9620192646980286,0.5,0.0,0.0,0.6931471805599453,2.0,True,0.016644277118510544,0.2815533980582524,0.0011371045596907786,0.5,
0.0,0.0,confounded,logger12_balanced,2,collapsed_constrained_reference,1500,0.13392704725265503,0.13761676847934723,0.5,0.0,0.0,0.6931471805599453,2.0,True,0.022257879645266505,0.27184466019417475,0.001075846929673828,0.5,
0.0,0.0,confounded,logger12_balanced,2,collapsed_constrained_reference,2250,-0.634756326675415,-0.6072872877120972,0.5,0.0,0.0,0.6931471805599453,2.0,True,0.016899783344047167,0.2168284789644013,0.0007734666571043457,0.5,
0.0,0.0,confounded,logger12_balanced,2,collapsed_constrained_reference,3000,-1.321648359298706,-1.2217668294906616,0.5,0.0,0.0,0.6931471805599453,2.0,True,0.013633544345980169,0.2815533980582524,0.0009710752836532853,0.5,
0.0,0.0,confounded,logger12_balanced,2,true_behavior_fixed,0,2.0302045345306396,2.2228400707244873,0.5,0.010762200180287004,0.3999999761581421,0.5130062699317932,1.6703050425063943,False,0.49752065300401077,0.23624595469255663,0.0019030649774004875,0.5,
0.0,0.0,confounded,logger12_balanced,2,true_behavior_fixed,300,1.2335678339004517,1.2343014478683472,0.5,0.01528307510437303,0.3999999761581421,0.5129908323287964,1.6702792571992966,False,0.02060541041162863,0.32038834951456313,0.0013374559054600858,0.5,
0.0,0.0,confounded,logger12_balanced,2,true_behavior_fixed,750,0.7817555069923401,0.782927393913269,0.5,0.01071463454308493,0.3999999761581421,0.5129603147506714,1.6702282850993508,False,0.018449282775274474,0.2912621359223301,0.0012233571579722932,0.5,
0.0,0.0,confounded,logger12_balanced,2,true_behavior_fixed,1500,0.035161953419446945,0.04130954667925835,0.5,0.00806562989994731,0.3999999761581421,0.5128156542778015,1.6699866865611286,False,0.014333898058152114,0.3786407766990291,0.0016225516029904426,0.5,
0.0,0.0,confounded,logger12_balanced,2,true_behavior_fixed,2250,-0.691075325012207,-0.6629636287689209,0.5,0.0075505832756596995,0.3999999761581421,0.5122542977333069,1.6690494916802592,False,0.01323698853662229,0.22006472491909385,0.0008428083111832735,0.5,
0.0,0.0,confounded,logger12_balanced,2,true_behavior_fixed,3000,-1.3694815635681152,-1.2459807395935059,0.5,0.006299593752765197,0.3999999761581421,0.5099995136260986,1.6652903849919078,False,0.013402931613253595,0.27184466019417475,0.0011625654050577744,0.5,
0.0,0.0,confounded,logger12_balanced,2,true_behavior_fixed_em,0,2.0302045345306396,2.2228400707244873,0.5,0.010762200180287004,0.3999999761581421,0.5130062699317932,1.6703050425063943,False,0.49752065300401077,0.23624595469255663,0.0019030649774004875,0.5,0
0.0,0.0,confounded,logger12_balanced,2,true_behavior_fixed_em,100,1.4386593103408813,1.4392386674880981,0.5,0.0189104874902024,0.3999999761581421,0.5129700899124146,1.6702446119307843,False,0.027985293824538293,0.4174757281553398,0.002585545968504013,0.5,1
0.0,0.0,confounded,logger12_balanced,2,true_behavior_fixed_em,200,1.3350797891616821,1.335790753364563,0.5,0.016068802485619427,0.3999999761581421,0.5129756927490234,1.670253970064658,False,0.019226452237636048,0.49838187702265374,0.0026283686835194484,0.5,2
0.0,0.0,confounded,logger12_balanced,2,true_behavior_fixed_em,300,1.2335513830184937,1.2342793941497803,0.5,0.015364446779103917,0.3999999761581421,0.5129904747009277,1.6702786598609927,False,0.02043698084719568,0.3365695792880259,0.0014118992631773665,0.5,3
0.0,0.0,confounded,logger12_balanced,2,true_behavior_fixed_em,400,1.1331729888916016,1.1339670419692993,0.5,0.013915400840429568,0.3999999761581421,0.5130033493041992,1.6703001641745205,False,0.024811077334517293,0.44660194174757284,0.0022152018563290263,0.5,4
0.0,0.0,confounded,logger12_balanced,2,true_behavior_fixed_em,500,1.031491994857788,1.0326762199401855,0.5,0.011883639729871474,0.3999999761581421,0.5129657983779907,1.6702374440339167,False,0.01612193798285375,0.4368932038834951,0.0019316845266130448,0.5,5
0.0,0.0,confounded,logger12_balanced,2,true_behavior_fixed_em,600,0.9328547120094299,0.9345695972442627,0.5,0.011256001310261898,0.3999999761581421,0.5129687786102295,1.6702424217368113,False,0.025577448816202365,0.2524271844660194,0.0010961234985578047,0.5,6
0.0,0.0,confounded,logger12_balanced,2,true_behavior_fixed_em,700,0.831393301486969,0.8328149914741516,0.5,0.011434316633888589,0.3999999761581421,0.5129514336585999,1.670213451714039,False,0.01689522648724318,0.2815533980582524,0.0012647090421484747,0.5,7
0.0,0.0,confounded,logger12_balanced,2,true_behavior_fixed_em,800,0.7323043942451477,0.7339648604393005,0.5,0.010949328503208093,0.3999999761581421,0.5129449367523193,1.6702026005290243,False,0.019343383379940446,0.37216828478964403,0.0017334851340111558,0.5,8
0.0,0.0,confounded,logger12_balanced,2,true_behavior_fixed_em,900,0.633843719959259,0.636133074760437,0.5,0.010056097765022287,0.3999999761581421,0.5129696130752563,1.67024381549628,False,0.023874829230017807,0.2815533980582524,0.0012691727432865322,0.5,9
0.0,0.0,confounded,logger12_balanced,2,true_behavior_fixed_em,1000,0.5314161777496338,0.5340502262115479,0.5,0.009831998315786227,0.3999999761581421,0.5129493474960327,1.6702099673808912,False,0.014318224443675987,0.35275080906148865,0.0015502942469188578,0.5,10
0.0,0.0,confounded,logger12_balanced,2,true_behavior_fixed_em,1100,0.4315888285636902,0.4351729154586792,0.5,0.008579305423532536,0.3999999761581421,0.5129318833351135,1.670180798819955,False,0.01558289056450172,0.32362459546925565,0.0012987766415858274,0.5,11
0.0,0.0,confounded,logger12_balanced,2,true_behavior_fixed_em,1200,0.3317219018936157,0.33520016074180603,0.5,0.008978045541447708,0.3999999761581421,0.5128946304321289,1.670118580895596,False,0.014230113879643357,0.29449838187702265,0.0011318516157403976,0.5,12
0.0,0.0,confounded,logger12_balanced,2,true_behavior_fixed_em,1300,0.2347523719072342,0.23900163173675537,0.5,0.008817725914539814,0.3999999761581421,0.5128691792488098,1.670076074942345,False,0.01693445295689016,0.40129449838187703,0.0017274789335428363,0.5,13
0.0,0.0,confounded,logger12_balanced,2,true_behavior_fixed_em,1400,0.13402493298053741,0.1405053436756134,0.5,0.009385919764137865,0.3999999761581421,0.5129129886627197,1.6701492415990555,False,0.015849172898778578,0.3042071197411003,0.0012076165456954295,0.5,14
0.0,0.0,confounded,logger12_balanced,2,true_behavior_fixed_em,1500,0.03346579894423485,0.03948032855987549,0.5,0.008037769895397468,0.3999999761581421,0.51285719871521,1.67005606665967,False,0.0129928964684968,0.4110032362459547,0.0017008818264813558,0.5,15
0.0,0.0,confounded,logger12_balanced,2,true_behavior_fixed_em,1600,-0.06426143646240234,-0.05685986205935478,0.5,0.00794285663125826,0.3999999761581421,0.5128425359725952,1.6700315792369391,False,0.01427285498042198,0.2912621359223301,0.001181155540967109,0.5,16
0.0,0.0,confounded,logger12_balanced,2,true_behavior_fixed_em,1700,-0.1580638587474823,-0.149041086435318,0.5,0.007350489251891588,0.3999999761581421,0.5128989815711975,1.6701258478296124,False,0.017501347511342722,0.27184466019417475,0.0009871793715880287,0.5,17
0.0,0.0,confounded,logger12_balanced,2,true_behavior_fixed_em,1800,-0.2554546296596527,-0.242307648062706,0.5,0.008299089344112387,0.3999999761581421,0.5127378702163696,1.6698567932659902,False,0.017417382958781667,0.3106796116504854,0.0011282975536689055,0.5,18
0.0,0.0,confounded,logger12_balanced,2,true_behavior_fixed_em,1900,-0.35979869961738586,-0.34540674090385437,0.5,0.0070555489430415685,0.3999999761581421,0.5127137303352356,1.669816483608027,False,0.01244448810507545,0.2815533980582524,0.0011048861267493782,0.5,19
0.0,0.0,confounded,logger12_balanced,2,true_behavior_fixed_em,2000,-0.44721388816833496,-0.4270087778568268,0.5,0.0068118843858421246,0.3999999761581421,0.5126702189445496,1.6697438291512945,False,0.016595702709143133,0.1553398058252427,0.000587434393699606,0.5,20
0.0,0.0,confounded,logger12_balanced,2,true_behavior_fixed_em,2100,-0.502766489982605,-0.48261645436286926,0.5,0.007842569939414257,0.3999999761581421,0.5126299858093262,1.6696766514734211,False,0.028237655883420015,0.2168284789644013,0.000829302810882737,0.5,21
0.0,0.0,confounded,logger12_balanced,2,true_behavior_fixed_em,2200,-0.6393523216247559,-0.619542121887207,0.5,0.006822889964276974,0.3999999761581421,0.5125423073768616,1.6695302632595355,False,0.014611020029896598,0.26537216828478966,0.0010137030395455382,0.5,22
0.0,0.0,confounded,logger12_balanced,2,true_behavior_fixed_em,2300,-0.7384406924247742,-0.7061229944229126,0.5,0.006268174008317067,0.3999999761581421,0.5124557018280029,1.6693856789357426,False,0.013470867257235172,0.3365695792880259,0.0013076921732514894,0.5,23
0.0,0.0,confounded,logger12_balanced,2,true_behavior_fixed_em,2400,-0.8274181485176086,-0.7959338426589966,0.5,0.0064580970652368865,0.3999999761581421,0.5121879577636719,1.6689387706603172,False,0.013215985690934953,0.3559870550161812,0.0014410881868334004,0.5,24
0.0,0.0,confounded,logger12_balanced,2,true_behavior_fixed_em,2500,-0.8353326916694641,-0.750288188457489,0.5,0.007439187910165198,0.3999999761581421,0.5123755931854248,1.669251952071474,False,0.02178831319388659,0.3300970873786408,0.001393435250939592,0.5,25
0.0,0.0,confounded,logger12_balanced,2,true_behavior_fixed_em,2600,-0.9783663749694824,-0.9232529997825623,0.5,0.006663074650271107,0.3999999761581421,0.5122960209846497,1.66911913130449,False,0.015892361170055127,0.32038834951456313,0.0015018341127688848,0.5,26
0.0,0.0,confounded,logger12_balanced,2,true_behavior_fixed_em,2700,-1.1151602268218994,-1.062243938446045,0.5,0.00598190486075775,0.3999999761581421,0.51209956407547,1.668791253526883,False,0.01097844648349804,0.22653721682847897,0.0008176522152656205,0.5,27
0.0,0.0,confounded,logger12_balanced,2,true_behavior_fixed_em,2800,-1.1976011991500854,-1.1278759241104126,0.5,0.0064095864980009375,0.3999999761581421,0.51148521900177,1.6677663546942545,False,0.011815412752740595,0.3333333333333333,0.0013313007055437431,0.5,28
0.0,0.0,confounded,logger12_balanced,2,true_behavior_fixed_em,2900,-1.2954134941101074,-1.2115802764892578,0.5,0.005678543577095767,0.3999999761581421,0.5112990140914917,1.6674558373206405,False,0.011269925859156045,0.284789644012945,0.001142935431130106,0.5,29
0.0,0.0,confounded,logger12_balanced,2,true_behavior_fixed_em,3000,-1.3674708604812622,-1.2604018449783325,0.5,0.005439556390731134,0.3999999761581421,0.5116273164749146,1.6680033569173616,False,0.012388021000829471,0.2621359223300971,0.0010411684712720627,0.5,30
0.0,0.0,confounded,logger12_balanced,2,oracle_reward_fixed_learn_behavior,0,-1.3599958419799805,-1.2705202102661133,0.5,0.006221366810440307,0.0,0.6909185647964478,1.995547731513638,False,0.012481513317605157,0.2459546925566343,0.001001083383644554,0.5,
0.0,0.0,confounded,logger12_balanced,2,oracle_reward_fixed_learn_behavior,300,-1.3599762916564941,-1.2704912424087524,0.5,0.006221366810440307,0.003780752420425415,0.6909001469612122,1.9955109781827738,False,0.012481513317605157,0.2459546925566343,0.001001083383644554,0.5,
0.0,0.0,confounded,logger12_balanced,2,oracle_reward_fixed_learn_behavior,750,-1.3600314855575562,-1.2705310583114624,0.5,0.006221366810440307,0.00982384942471981,0.6908177733421326,1.995346607491585,False,0.012481513317605157,0.2459546925566343,0.001001083383644554,0.5,
0.0,0.0,confounded,logger12_balanced,2,oracle_reward_fixed_learn_behavior,1500,-1.3600518703460693,-1.2705274820327759,0.5,0.006221366810440307,0.019362792372703552,0.6905533671379089,1.994819095210821,False,0.012481513317605157,0.2459546925566343,0.001001083383644554,0.5,
0.0,0.0,confounded,logger12_balanced,2,oracle_reward_fixed_learn_behavior,2250,-1.36011803150177,-1.2705670595169067,0.5,0.006221366810440307,0.028936471790075302,0.6901230812072754,1.9939609372598792,False,0.012481513317605157,0.2459546925566343,0.001001083383644554,0.5,
0.0,0.0,confounded,logger12_balanced,2,oracle_reward_fixed_learn_behavior,3000,-1.3600926399230957,-1.2705142498016357,0.5,0.006221366810440307,0.03903476893901825,0.6894946098327637,1.992708183590061,False,0.012481513317605157,0.2459546925566343,0.001001083383644554,0.5,
0.0,0.0,confounded,logger12_balanced,2,oracle_initialized_joint,0,-1.3616431951522827,-1.2704315185546875,0.5,0.006221366810440307,0.3999999761581421,0.5119147300720215,1.6684828326627834,False,0.012481513317605157,0.2459546925566343,0.001001083383644554,0.5,
0.0,0.0,confounded,logger12_balanced,2,oracle_initialized_joint,300,-1.510628342628479,-1.3545867204666138,0.5033703446388245,0.005108292419786715,0.4037468135356903,0.5067906379699707,1.6599552397019912,False,0.0174721463927201,0.2750809061488673,0.0010517459891283155,0.5,
0.0,0.0,confounded,logger12_balanced,2,oracle_initialized_joint,750,-1.919151782989502,-1.5162864923477173,0.49998849630355835,0.005885244231211911,0.4138590693473816,0.4903426468372345,1.6328756237790156,False,0.012780390157412804,0.18446601941747573,0.0006630831737141013,0.5,
0.0,0.0,confounded,logger12_balanced,2,oracle_initialized_joint,1500,-1.7309958934783936,-1.1633667945861816,0.4933622479438782,0.026037278510544305,0.40266698598861694,0.3589404225349426,1.4318114953311873,False,0.014690949306300499,0.19741100323624594,0.0007780585276939872,0.5,
0.0,0.0,confounded,logger12_balanced,2,oracle_initialized_joint,2250,-2.650696039199829,-1.0665111541748047,0.5001463294029236,0.005744532394999996,0.3779456317424774,0.4826667010784149,1.6203897408458363,False,0.009732689896041419,0.19741100323624594,0.0006725901184287255,0.5,
0.0,0.0,confounded,logger12_balanced,2,oracle_initialized_joint,3000,-2.1021533012390137,-0.6529363393783569,0.49260786175727844,0.013723353496741447,0.28313836455345154,0.4390336573123932,1.5512074959843876,False,0.013076358843375801,0.26537216828478966,0.0010004322068339526,0.5,
0.0,0.0,confounded,logger12_balanced,3,collapsed_constrained_reference,0,2.5098910331726074,2.6973764896392822,0.5,0.0,0.0,0.6931471805599453,2.0,True,0.4970735660305146,0.8964401294498382,0.006621920732578732,0.5,
0.0,0.0,confounded,logger12_balanced,3,collapsed_constrained_reference,300,1.5476109981536865,1.5483022928237915,0.5,0.0,0.0,0.6931471805599453,2.0,True,0.02036934420425347,0.36893203883495146,0.001903786678673843,0.5,
0.0,0.0,confounded,logger12_balanced,3,collapsed_constrained_reference,750,0.9658743143081665,0.967619776725769,0.5,0.0,0.0,0.6931471805599453,2.0,True,0.024869261300290515,0.32362459546925565,0.0014462528332128918,0.5,
0.0,0.0,confounded,logger12_balanced,3,collapsed_constrained_reference,1500,0.12726183235645294,0.1356322169303894,0.5,0.0,0.0,0.6931471805599453,2.0,True,0.017465081499612786,0.20711974110032363,0.0008252034512657837,0.5,
0.0,0.0,confounded,logger12_balanced,3,collapsed_constrained_reference,2250,-0.5801469683647156,-0.5377682447433472,0.5,0.0,0.0,0.6931471805599453,2.0,True,0.022425523786019648,0.2297734627831715,0.0007682779447073554,0.5,
0.0,0.0,confounded,logger12_balanced,3,collapsed_constrained_reference,3000,-1.3486326932907104,-1.2285828590393066,0.5,0.0,0.0,0.6931471805599453,2.0,True,0.012413488157503644,0.19741100323624594,0.0007117240836681404,0.5,
0.0,0.0,confounded,logger12_balanced,3,true_behavior_fixed,0,2.0398151874542236,2.2287817001342773,0.5,0.013490758870404455,0.3999999761581421,0.5129037499427795,1.6701338116292308,False,0.4942064118525161,0.2168284789644013,0.0019131192241531624,0.5,
0.0,0.0,confounded,logger12_balanced,3,true_behavior_fixed,300,1.234875202178955,1.2355711460113525,0.5,0.013663701422983775,0.3999999761581421,0.5130071043968201,1.670306436318118,False,0.01657489584808876,0.3883495145631068,0.002076809862509615,0.5,
0.0,0.0,confounded,logger12_balanced,3,true_behavior_fixed,750,0.7827029228210449,0.7844079732894897,0.5,0.010324497950745736,0.3999999761581421,0.5130273103713989,1.6703401868284888,False,0.018631009317922533,0.4045307443365696,0.0018407693409816617,0.5,
0.0,0.0,confounded,logger12_balanced,3,true_behavior_fixed,1500,0.062242817133665085,0.08193886280059814,0.5,0.00734023751618008,0.3999999761581421,0.5129738450050354,1.6702508838657775,False,0.030057727548079026,0.14563106796116504,0.0004987201996606037,0.5,
0.0,0.0,confounded,logger12_balanced,3,true_behavior_fixed,2250,-0.6602705717086792,-0.6320629715919495,0.5,0.006478395659543453,0.3999999761581421,0.5127360224723816,1.66985370780099,False,0.018806600300217836,0.24919093851132687,0.0008913117422727429,0.5,
0.0,0.0,confounded,logger12_balanced,3,true_behavior_fixed,3000,-1.3691447973251343,-1.2637954950332642,0.5,0.005237679213726755,0.3999999761581421,0.512042224407196,1.6686955683332922,False,0.011831278832072623,0.3074433656957929,0.001139413653974276,0.5,
0.0,0.0,confounded,logger12_balanced,3,true_behavior_fixed_em,0,2.0398151874542236,2.2287817001342773,0.5,0.013490758870404455,0.3999999761581421,0.5129037499427795,1.6701338116292308,False,0.4942064118525161,0.2168284789644013,0.0019131192241531624,0.5,0
0.0,0.0,confounded,logger12_balanced,3,true_behavior_fixed_em,100,1.4407700300216675,1.4411382675170898,0.5,0.020810785784372853,0.3999999761581421,0.5130073428153992,1.6703068345502525,False,0.02613718151092809,0.49514563106796117,0.0032610487302306606,0.5,1
0.0,0.0,confounded,logger12_balanced,3,true_behavior_fixed_em,200,1.336949348449707,1.3375016450881958,0.5,0.01601898582676612,0.3999999761581421,0.5130106806755066,1.6703124098101074,False,0.018140331644992402,0.4919093851132686,0.0028251987377483074,0.5,2
0.0,0.0,confounded,logger12_balanced,3,true_behavior_fixed_em,300,1.234877109527588,1.2355661392211914,0.5,0.013586927663539333,0.3999999761581421,0.5130080580711365,1.6703080292472263,False,0.016553792659078085,0.3851132686084142,0.002062564046940937,0.5,3
0.0,0.0,confounded,logger12_balanced,3,true_behavior_fixed_em,400,1.1341760158538818,1.1350383758544922,0.5,0.011968483809063188,0.3999999761581421,0.5130009651184082,1.6702961818733497,False,0.020415937499520653,0.343042071197411,0.0016796415386423102,0.5,4
0.0,0.0,confounded,logger12_balanced,3,true_behavior_fixed_em,500,1.0330837965011597,1.0342477560043335,0.5,0.012193863083619624,0.3999999761581421,0.5130165815353394,1.670322266118595,False,0.016564134960505163,0.3106796116504854,0.0015955747455900894,0.5,5
0.0,0.0,confounded,logger12_balanced,3,true_behavior_fixed_em,600,0.9323462843894958,0.9337977170944214,0.5,0.009961527932716098,0.3999999761581421,0.5130156874656677,1.6703207727347826,False,0.013869911139528042,0.36245954692556637,0.001823583305247641,0.5,6
0.0,0.0,confounded,logger12_balanced,3,true_behavior_fixed_em,700,0.8319847583770752,0.8335698246955872,0.5,0.009706132847285142,0.3999999761581421,0.5130103826522827,1.6703119120182925,False,0.01495748562589638,0.34951456310679613,0.0016024788523388823,0.5,7
0.0,0.0,confounded,logger12_balanced,3,true_behavior_fixed_em,800,0.735424816608429,0.7375332713127136,0.5,0.010365422811413703,0.3999999761581421,0.5130482316017151,1.6703751327657985,False,0.024801436218517454,0.20388349514563106,0.0008948575551584062,0.5,8
0.0,0.0,confounded,logger12_balanced,3,true_behavior_fixed_em,900,0.6323059797286987,0.6345183253288269,0.5,0.008995180360282969,0.3999999761581421,0.5130124688148499,1.6703153965641133,False,0.0147399839916277,0.284789644012945,0.0012153870397098709,0.5,9
0.0,0.0,confounded,logger12_balanced,3,true_behavior_fixed_em,1000,0.5338971018791199,0.5367956161499023,0.5,0.009537492714151236,0.3999999761581421,0.5130171179771423,1.6703231621495234,False,0.0177110513553475,0.23300970873786409,0.0008844884177556002,0.5,10
0.0,0.0,confounded,logger12_balanced,3,true_behavior_fixed_em,1100,0.4337177872657776,0.436977744102478,0.5,0.00824535769369413,0.3999999761581421,0.5129992961883545,1.6702933942681792,False,0.015550418278363825,0.27184466019417475,0.0011133577810252969,0.5,11
0.0,0.0,confounded,logger12_balanced,3,true_behavior_fixed_em,1200,0.33847227692604065,0.34369128942489624,0.5,0.008427777126224032,0.3999999761581421,0.5129580497741699,1.6702245020758173,False,0.02332403210773488,0.31715210355987056,0.0014043514807107408,0.5,12
0.0,0.0,confounded,logger12_balanced,3,true_behavior_fixed_em,1300,0.23353362083435059,0.23804765939712524,0.5,0.00737201645223942,0.3999999761581421,0.5130405426025391,1.670362289302156,False,0.013716588272947097,0.24919093851132687,0.0009056059128312822,0.5,13
0.0,0.0,confounded,logger12_balanced,3,true_behavior_fixed_em,1400,0.153421089053154,0.15852618217468262,0.5,0.008923123371118807,0.3999999761581421,0.5129268765449524,1.6701724365960982,False,0.030081744675876324,0.23948220064724918,0.0008897569629259132,0.5,14
0.0,0.0,confounded,logger12_balanced,3,true_behavior_fixed_em,1500,0.043187808245420456,0.05415918305516243,0.5,0.006884112762594083,0.3999999761581421,0.5130518078804016,1.6703811065034664,False,0.019496566014456193,0.17475728155339806,0.0005644841708610049,0.5,15
0.0,0.0,confounded,logger12_balanced,3,true_behavior_fixed_em,1600,-0.06258181482553482,-0.054401103407144547,0.5,0.006567636060192288,0.3999999761581421,0.5130068063735962,1.6703059385280832,False,0.013349586071315922,0.2977346278317152,0.0011596279157846615,0.5,16
0.0,0.0,confounded,logger12_balanced,3,true_behavior_fixed_em,1700,-0.15880142152309418,-0.15008501708507538,0.5,0.007874347562158747,0.3999999761581421,0.513054609298706,1.6703857859462279,False,0.01436824863621317,0.30097087378640774,0.00115126870217896,0.5,17
0.0,0.0,confounded,logger12_balanced,3,true_behavior_fixed_em,1800,-0.25885209441185,-0.2461148202419281,0.5,0.007316025243623412,0.3999999761581421,0.5129526257514954,1.6702154427648155,False,0.012166167125586535,0.2815533980582524,0.0010976783855224063,0.5,18
0.0,0.0,confounded,logger12_balanced,3,true_behavior_fixed_em,1900,-0.35705655813217163,-0.3418089747428894,0.5,0.0061493058813316,0.3999999761581421,0.5130063891410828,1.6703052416222834,False,0.012943513677344747,0.284789644012945,0.0010649359281414222,0.5,19
0.0,0.0,confounded,logger12_balanced,3,true_behavior_fixed_em,2000,-0.45289912819862366,-0.43116843700408936,0.5,0.006098537725870173,0.3999999761581421,0.5131378173828125,1.6705247813298847,False,0.014652010161438491,0.2297734627831715,0.0008925083467827272,0.5,20
0.0,0.0,confounded,logger12_balanced,3,true_behavior_fixed_em,2100,-0.5483382940292358,-0.5286915898323059,0.5,0.006566098825161501,0.3999999761581421,0.5130082964897156,1.6703084274797408,False,0.013767899499246904,0.20064724919093851,0.0008197969021995941,0.5,21
0.0,0.0,confounded,logger12_balanced,3,true_behavior_fixed_em,2200,-0.5483382940292358,-0.5286915898323059,0.5,0.006566098825161501,0.3999999761581421,0.5130082964897156,1.6703084274797408,False,0.013767899499246904,0.20064724919093851,0.0008197969021995941,0.5,22
0.0,0.0,confounded,logger12_balanced,3,true_behavior_fixed_em,2300,-0.6460970640182495,-0.6156172752380371,0.5,0.006359295075829708,0.3999999761581421,0.5130508542060852,1.670379513504666,False,0.013554752301394536,0.2783171521035599,0.0010632532689336415,0.5,23
0.0,0.0,confounded,logger12_balanced,3,true_behavior_fixed_em,2400,-0.7396137118339539,-0.7034547924995422,0.5,0.006000499429047704,0.3999999761581421,0.5130392909049988,1.6703601985150955,False,0.015045132367996449,0.313915857605178,0.0011741592338506248,0.5,24
0.0,0.0,confounded,logger12_balanced,3,true_behavior_fixed_em,2500,-0.8122016787528992,-0.773307204246521,0.5,0.005745455655338863,0.3999999761581421,0.5124973654747009,1.669455233079802,False,0.0171317536214842,0.1488673139158576,0.0006044896778543694,0.5,25
0.0,0.0,confounded,logger12_balanced,3,true_behavior_fixed_em,2600,-0.9024516940116882,-0.8364514708518982,0.5,0.006320873393263988,0.3999999761581421,0.5123804211616516,1.6692600111996698,False,0.015552627716394336,0.3042071197411003,0.0012263476254091524,0.5,26
0.0,0.0,confounded,logger12_balanced,3,true_behavior_fixed_em,2700,-1.0231778621673584,-0.96810382604599,0.5,0.00555685313649974,0.3999999761581421,0.5125722885131836,1.6695803184243037,False,0.0125115078432322,0.21035598705501618,0.0008223646820276092,0.5,27
0.0,0.0,confounded,logger12_balanced,3,true_behavior_fixed_em,2800,-1.092025637626648,-1.0229485034942627,0.5,0.005664630976242596,0.3999999761581421,0.5124452114105225,1.6693681664748912,False,0.01510569370064148,0.23300970873786409,0.0009157667179263692,0.5,28
0.0,0.0,confounded,logger12_balanced,3,true_behavior_fixed_em,2900,-1.148360013961792,-1.0701324939727783,0.5,0.005402869597080979,0.3999999761581421,0.5122507214546204,1.6690435227048088,False,0.016599204535482498,0.19093851132686085,0.0006748604206405712,0.5,29
0.0,0.0,confounded,logger12_balanced,3,true_behavior_fixed_em,3000,-1.2629423141479492,-1.1673375368118286,0.5,0.005458678254932973,0.3999999761581421,0.5122635960578918,1.6690650111163337,False,0.01502159491101355,0.24919093851132687,0.0008454696298695901,0.5,30
0.0,0.0,confounded,logger12_balanced,3,oracle_reward_fixed_learn_behavior,0,-1.301146149635315,-1.211310863494873,0.5,0.00502708096946741,0.0,0.691500723361969,1.996709794938214,False,0.012055513032551745,0.22653721682847897,0.0008705582774918095,0.5,
0.0,0.0,confounded,logger12_balanced,3,oracle_reward_fixed_learn_behavior,300,-1.3011304140090942,-1.211287021636963,0.5,0.00502708096946741,0.0017107775202021003,0.6915016770362854,1.9967116991499707,False,0.012055513032551745,0.22653721682847897,0.0008705582774918095,0.5,
0.0,0.0,confounded,logger12_balanced,3,oracle_reward_fixed_learn_behavior,750,-1.3011541366577148,-1.2112987041473389,0.5,0.00502708096946741,0.004326954483985901,0.6914931535720825,1.9966946803218093,False,0.012055513032551745,0.22653721682847897,0.0008705582774918095,0.5,
0.0,0.0,confounded,logger12_balanced,3,oracle_reward_fixed_learn_behavior,1500,-1.3011269569396973,-1.2112500667572021,0.5,0.00502708096946741,0.008918702602386475,0.6914483308792114,1.9966051850951194,False,0.012055513032551745,0.22653721682847897,0.0008705582774918095,0.5,
0.0,0.0,confounded,logger12_balanced,3,oracle_reward_fixed_learn_behavior,2250,-1.301163673400879,-1.2112661600112915,0.5,0.00502708096946741,0.013329735025763512,0.6913691163063049,1.996447031132251,False,0.012055513032551745,0.22653721682847897,0.0008705582774918095,0.5,
0.0,0.0,confounded,logger12_balanced,3,oracle_reward_fixed_learn_behavior,3000,-1.3011490106582642,-1.2112306356430054,0.5,0.00502708096946741,0.017473628744482994,0.6912635564804077,1.996236297653922,False,0.012055513032551745,0.22653721682847897,0.0008705582774918095,0.5,
0.0,0.0,confounded,logger12_balanced,3,oracle_initialized_joint,0,-1.3018379211425781,-1.2095916271209717,0.5,0.00502708096946741,0.3999999761581421,0.5130087733268738,1.6703092239450545,False,0.012055513032551745,0.22653721682847897,0.0008705582774918095,0.5,
0.0,0.0,confounded,logger12_balanced,3,oracle_initialized_joint,300,-1.5940861701965332,-1.4222393035888672,0.5006128549575806,0.004516265188965941,0.402998149394989,0.5094504952430725,1.6643763608884472,False,0.00984622603792712,0.1715210355987055,0.0006224965606715453,0.5,
0.0,0.0,confounded,logger12_balanced,3,oracle_initialized_joint,750,-1.9536188840866089,-1.5795027017593384,0.4991692304611206,0.004465113217239886,0.40968942642211914,0.5008636116981506,1.650145740682431,False,0.010017687080988467,0.21359223300970873,0.0007574458537274796,0.5,
0.0,0.0,confounded,logger12_balanced,3,oracle_initialized_joint,1500,-2.0316030979156494,-0.8686463236808777,0.5029135346412659,0.007848749085778931,0.42575621604919434,0.4327159821987152,1.541438362589268,False,0.013894021084520447,0.19093851132686085,0.0007363405259705937,0.5,
0.0,0.0,confounded,logger12_balanced,3,oracle_initialized_joint,2250,-2.6077189445495605,-0.8420813679695129,0.4869794249534607,0.0068583606283769295,0.368118017911911,0.46709635853767395,1.595355122097464,False,0.00952501786236133,0.22006472491909385,0.0008028867108166014,0.5,
0.0,0.0,confounded,logger12_balanced,3,oracle_initialized_joint,3000,-2.5706562995910645,-0.6751753687858582,0.7048004865646362,0.014452568940034195,0.24483606219291687,0.43180567026138306,1.5400358113235755,False,0.011128642701015537,0.24271844660194175,0.0008566043781338619,0.5,
0.0,0.0,confounded,logger12_balanced,4,collapsed_constrained_reference,0,2.5504441261291504,2.750509262084961,0.5,0.0,0.0,0.6931471805599453,2.0,True,0.5155439507029105,0.3074433656957929,0.002022700731606123,0.5,
0.0,0.0,confounded,logger12_balanced,4,collapsed_constrained_reference,300,1.5444233417510986,1.5454075336456299,0.5,0.0,0.0,0.6931471805599453,2.0,True,0.019808163982101053,0.3948220064724919,0.0020954280007213473,0.5,
0.0,0.0,confounded,logger12_balanced,4,collapsed_constrained_reference,750,0.9626996517181396,0.9644255638122559,0.5,0.0,0.0,0.6931471805599453,2.0,True,0.022417845838261605,0.3818770226537217,0.002033265760502547,0.5,
0.0,0.0,confounded,logger12_balanced,4,collapsed_constrained_reference,1500,0.12314675748348236,0.12990938127040863,0.5,0.0,0.0,0.6931471805599453,2.0,True,0.013745545039316763,0.3106796116504854,0.0013640379875848741,0.5,
0.0,0.0,confounded,logger12_balanced,4,collapsed_constrained_reference,2250,-0.6454970240592957,-0.6188215613365173,0.5,0.0,0.0,0.6931471805599453,2.0,True,0.012565871563092789,0.3042071197411003,0.0012690602088220695,0.5,
0.0,0.0,confounded,logger12_balanced,4,collapsed_constrained_reference,3000,-1.325425624847412,-1.2237955331802368,0.5,0.0,0.0,0.6931471805599453,2.0,True,0.013231443963285523,0.28802588996763756,0.0011634237026874128,0.5,
0.0,0.0,confounded,logger12_balanced,4,true_behavior_fixed,0,2.026787757873535,2.2194721698760986,0.5,0.013427537206887125,0.3999999761581421,0.5131557583808899,1.6705547524806303,False,0.489945141648939,0.7993527508090615,0.005671933836717939,0.5,
0.0,0.0,confounded,logger12_balanced,4,true_behavior_fixed,300,1.232812762260437,1.2334775924682617,0.5,0.013439001132204286,0.3999999761581421,0.5129861831665039,1.6702714918180073,False,0.018439653572245522,0.3106796116504854,0.0016043548399914194,0.5,
0.0,0.0,confounded,logger12_balanced,4,true_behavior_fixed,750,0.7801371216773987,0.7817636132240295,0.5,0.010123548302353484,0.3999999761581421,0.512969970703125,1.6702444128221225,False,0.015160210170066461,0.39158576051779936,0.0020303792765901684,0.5,
0.0,0.0,confounded,logger12_balanced,4,true_behavior_fixed,1500,0.03455836698412895,0.042017243802547455,0.5,0.00844646822315539,0.3999999761581421,0.5128817558288574,1.6700970789198657,False,0.014975080828065007,0.3333333333333333,0.0015292262231802562,0.5,
0.0,0.0,confounded,logger12_balanced,4,true_behavior_fixed,2250,-0.6913933753967285,-0.6672709584236145,0.5,0.006650202851435789,0.3999999761581421,0.5125727653503418,1.669581114542428,False,0.014113193599461837,0.2912621359223301,0.001169441325256762,0.5,
0.0,0.0,confounded,logger12_balanced,4,true_behavior_fixed,3000,-1.33031165599823,-1.2257030010223389,0.5,0.006279225552771632,0.3999999761581421,0.5117490291595459,1.6682063864392895,False,0.013378392967879049,0.37216828478964403,0.001523234699367154,0.5,
0.0,0.0,confounded,logger12_balanced,4,true_behavior_fixed_em,0,2.026787757873535,2.2194721698760986,0.5,0.013427537206887125,0.3999999761581421,0.5131557583808899,1.6705547524806303,False,0.489945141648939,0.7993527508090615,0.005671933836717939,0.5,0
0.0,0.0,confounded,logger12_balanced,4,true_behavior_fixed_em,100,1.4384329319000244,1.4388508796691895,0.5,0.01912801051533195,0.3999999761581421,0.5129877924919128,1.6702741798305218,False,0.027573402980170563,0.41423948220064727,0.002080604033463013,0.5,1
0.0,0.0,confounded,logger12_balanced,4,true_behavior_fixed_em,200,1.334652066230774,1.335212230682373,0.5,0.01565736983634583,0.3999999761581421,0.5129809379577637,1.6702627309183564,False,0.021126973004459933,0.42394822006472493,0.0022725232900147317,0.5,2
0.0,0.0,confounded,logger12_balanced,4,true_behavior_fixed_em,300,1.2328205108642578,1.233485460281372,0.5,0.013432886338267214,0.3999999761581421,0.5129874348640442,1.6702735824940338,False,0.01847848978233091,0.3042071197411003,0.0015428975605385085,0.5,3
0.0,0.0,confounded,logger12_balanced,4,true_behavior_fixed_em,400,1.131882667541504,1.13290274143219,0.5,0.012798137632065004,0.3999999761581421,0.5129840970039368,1.6702680073637788,False,0.01873044555746926,0.3365695792880259,0.0016951161864446529,0.5,4
0.0,0.0,confounded,logger12_balanced,4,true_behavior_fixed_em,500,1.0315848588943481,1.0328214168548584,0.5,0.011760517776090006,0.3999999761581421,0.5129590034484863,1.670226094926787,False,0.020759813722168664,0.2750809061488673,0.0014537918068060376,0.5,5
0.0,0.0,confounded,logger12_balanced,4,true_behavior_fixed_em,600,0.9308990240097046,0.932339608669281,0.5,0.011181162063590074,0.3999999761581421,0.5129822492599487,1.670264921138961,False,0.01785806677239068,0.2815533980582524,0.0014391343992345906,0.5,6
0.0,0.0,confounded,logger12_balanced,4,true_behavior_fixed_em,700,0.8326031565666199,0.8340863585472107,0.5,0.010486498620660385,0.3999999761581421,0.5129468441009521,1.670205786190709,False,0.023855415425372933,0.23948220064724918,0.0010705402260647074,0.5,7
0.0,0.0,confounded,logger12_balanced,4,true_behavior_fixed_em,800,0.7308409214019775,0.7326593995094299,0.5,0.009996866608673728,0.3999999761581421,0.5129508972167969,1.6702125557419638,False,0.018699112698328215,0.3333333333333333,0.0017061416907627283,0.5,8
0.0,0.0,confounded,logger12_balanced,4,true_behavior_fixed_em,900,0.6316948533058167,0.6341149210929871,0.5,0.009291740642999263,0.3999999761581421,0.5129599571228027,1.6702276877792759,False,0.019997837982548197,0.29449838187702265,0.001363345762733969,0.5,9
0.0,0.0,confounded,logger12_balanced,4,true_behavior_fixed_em,1000,0.5317210555076599,0.5346630811691284,0.5,0.009411801916525072,0.3999999761581421,0.5129542946815491,1.67021823023989,False,0.017688090221729843,0.3592233009708738,0.0017825773812162697,0.5,10
0.0,0.0,confounded,logger12_balanced,4,true_behavior_fixed_em,1100,0.43141674995422363,0.4344373047351837,0.5,0.008447299551454825,0.3999999761581421,0.5129549503326416,1.6702193253206565,False,0.015833340164528937,0.24919093851132687,0.001094113319380625,0.5,11
0.0,0.0,confounded,logger12_balanced,4,true_behavior_fixed_em,1200,0.33263468742370605,0.33665335178375244,0.5,0.007828960057633786,0.3999999761581421,0.5129743814468384,1.6702517798584133,False,0.01761340154111227,0.3559870550161812,0.0015695828043322726,0.5,12
0.0,0.0,confounded,logger12_balanced,4,true_behavior_fixed_em,1300,0.23219728469848633,0.23610687255859375,0.5,0.007608661998228237,0.3999999761581421,0.5129188895225525,1.6701590969447075,False,0.015296615095397247,0.30097087378640774,0.0012645568480962486,0.5,13
0.0,0.0,confounded,logger12_balanced,4,true_behavior_fixed_em,1400,0.13891220092773438,0.14620083570480347,0.5,0.008056242325406464,0.3999999761581421,0.5128186941146851,1.6699917630559693,False,0.020815119624733147,0.2297734627831715,0.0010223731072261128,0.5,14
0.0,0.0,confounded,logger12_balanced,4,true_behavior_fixed_em,1500,0.03428681567311287,0.04183701053261757,0.5,0.008242413241802611,0.3999999761581421,0.5128614902496338,1.6700632337781487,False,0.015194713162814373,0.3559870550161812,0.001481286583672013,0.5,15
0.0,0.0,confounded,logger12_balanced,4,true_behavior_fixed_em,1600,-0.06491293013095856,-0.05762737989425659,0.5,0.007541397294948178,0.3999999761581421,0.5129037499427795,1.6701338116292308,False,0.015063632069165129,0.26537216828478966,0.0011436736609314589,0.5,16
0.0,0.0,confounded,logger12_balanced,4,true_behavior_fixed_em,1700,-0.1367558240890503,-0.12259772419929504,0.5,0.008543419751940288,0.3999999761581421,0.513041615486145,1.6703640814074334,False,0.02390307266569661,0.4077669902912621,0.0017605025158804071,0.5,17
0.0,0.0,confounded,logger12_balanced,4,true_behavior_fixed_em,1800,-0.25685784220695496,-0.24378815293312073,0.5,0.007085774227634509,0.3999999761581421,0.512779951095581,1.6699270637865202,False,0.01679943323563876,0.3656957928802589,0.001477552209741089,0.5,18
0.0,0.0,confounded,logger12_balanced,4,true_behavior_fixed_em,1900,-0.35521242022514343,-0.3380487561225891,0.5,0.006712987181108391,0.3999999761581421,0.5127753019332886,1.6699193000426316,False,0.014832025798219694,0.22653721682847897,0.0008649512922596707,0.5,19
0.0,0.0,confounded,logger12_balanced,4,true_behavior_fixed_em,2000,-0.42287203669548035,-0.40193378925323486,0.5,0.006289333480507171,0.3999999761581421,0.5127972960472107,1.6699560288418647,False,0.024214261956519913,0.32038834951456313,0.0012741694020700258,0.5,20
0.0,0.0,confounded,logger12_balanced,4,true_behavior_fixed_em,2100,-0.5430407524108887,-0.5194209814071655,0.5,0.0065916920482819216,0.3999999761581421,0.5126878023147583,1.6697731891333192,False,0.015456892052743837,0.3042071197411003,0.0012165028722678185,0.5,21
0.0,0.0,confounded,logger12_balanced,4,true_behavior_fixed_em,2200,-0.6376942992210388,-0.6085463762283325,0.5,0.006747395373495484,0.3999999761581421,0.5125899910926819,1.6696098745642285,False,0.016096905120856635,0.343042071197411,0.0014260092023020458,0.5,22
0.0,0.0,confounded,logger12_balanced,4,true_behavior_fixed_em,2300,-0.743211567401886,-0.710540771484375,0.5,0.006190526237840597,0.3999999761581421,0.5124911665916443,1.6694448843541192,False,0.014538969500151561,0.34627831715210355,0.001380126043501554,0.5,23
0.0,0.0,confounded,logger12_balanced,4,true_behavior_fixed_em,2400,-0.8340308666229248,-0.7991152405738831,0.5,0.0064592055029694655,0.3999999761581421,0.5126767158508301,1.6697546773557048,False,0.013904150906002647,0.37540453074433655,0.0015754550472988752,0.5,24
0.0,0.0,confounded,logger12_balanced,4,true_behavior_fixed_em,2500,-0.934986412525177,-0.8969113230705261,0.5,0.005671122691541338,0.3999999761581421,0.5124877095222473,1.6694391129772757,False,0.012958778655630627,0.2912621359223301,0.0011831757190041774,0.5,25
0.0,0.0,confounded,logger12_balanced,4,true_behavior_fixed_em,2600,-1.030256986618042,-0.9836199283599854,0.5,0.0059792841409765166,0.3999999761581421,0.5123299360275269,1.6691757405113417,False,0.011383177974912954,0.2588996763754045,0.0009918824501524955,0.5,26
0.0,0.0,confounded,logger12_balanced,4,true_behavior_fixed_em,2700,-1.1198761463165283,-1.0563503503799438,0.5,0.005569594917165003,0.3999999761581421,0.512387216091156,1.669271353742306,False,0.012733530828667409,0.23300970873786409,0.0009348172307318501,0.5,27
0.0,0.0,confounded,logger12_balanced,4,true_behavior_fixed_em,2800,-1.159159779548645,-1.071097731590271,0.5,0.005642958654603946,0.3999999761581421,0.5117627382278442,1.6682292561513379,False,0.01573983013321894,0.22653721682847897,0.0008844966962408015,0.5,28
0.0,0.0,confounded,logger12_balanced,4,true_behavior_fixed_em,2900,-1.1978683471679688,-1.0771924257278442,0.5,0.00586253439084253,0.3999999761581421,0.5112740397453308,1.6674141942213578,False,0.019011431767114555,0.3300970873786408,0.0012623400369571706,0.5,29
0.0,0.0,confounded,logger12_balanced,4,true_behavior_fixed_em,3000,-1.3627541065216064,-1.2619444131851196,0.5,0.0055443503791369995,0.3999999761581421,0.511501133441925,1.667792896473297,False,0.012609883402845887,0.3106796116504854,0.0011884420161176537,0.5,30
0.0,0.0,confounded,logger12_balanced,4,oracle_reward_fixed_learn_behavior,0,-1.3666527271270752,-1.264550805091858,0.5,0.00498585010643962,0.0,0.6915972828865051,1.9969026055953527,False,0.012740209270473484,0.313915857605178,0.0012650129621755728,0.5,
0.0,0.0,confounded,logger12_balanced,4,oracle_reward_fixed_learn_behavior,300,-1.36663019657135,-1.2645117044448853,0.5,0.00498585010643962,0.005161359906196594,0.6915650367736816,1.9968382142868253,False,0.012740209270473484,0.313915857605178,0.0012650129621755728,0.5,
0.0,0.0,confounded,logger12_balanced,4,oracle_reward_fixed_learn_behavior,750,-1.3666871786117554,-1.264543056488037,0.5,0.00498585010643962,0.013109251856803894,0.6914212703704834,1.9965511566741032,False,0.012740209270473484,0.313915857605178,0.0012650129621755728,0.5,
0.0,0.0,confounded,logger12_balanced,4,oracle_reward_fixed_learn_behavior,1500,-1.3667864799499512,-1.264601469039917,0.5,0.00498585010643962,0.025555100291967392,0.6909697651863098,1.9956499069511686,False,0.012740209270473484,0.313915857605178,0.0012650129621755728,0.5,
0.0,0.0,confounded,logger12_balanced,4,oracle_reward_fixed_learn_behavior,2250,-1.366817831993103,-1.2645946741104126,0.5,0.00498585010643962,0.03706036135554314,0.6903045773506165,1.9943228663233357,False,0.012740209270473484,0.313915857605178,0.0012650129621755728,0.5,
0.0,0.0,confounded,logger12_balanced,4,oracle_reward_fixed_learn_behavior,3000,-1.3668946027755737,-1.2646323442459106,0.5,0.00498585010643962,0.048675667494535446,0.689391553401947,1.992502832778544,False,0.012740209270473484,0.313915857605178,0.0012650129621755728,0.5,
0.0,0.0,confounded,logger12_balanced,4,oracle_initialized_joint,0,-1.3686007261276245,-1.2648357152938843,0.5,0.00498585010643962,0.3999999761581421,0.5120905041694641,1.6687761345034713,False,0.012740209270473484,0.313915857605178,0.0012650129621755728,0.5,
0.0,0.0,confounded,logger12_balanced,4,oracle_initialized_joint,300,-1.6720325946807861,-1.4807770252227783,0.5000036954879761,0.0049082256473017205,0.40409335494041443,0.5077080130577087,1.6614787399894138,False,0.010894747511201893,0.23624595469255663,0.0008650117474818352,0.5,
0.0,0.0,confounded,logger12_balanced,4,oracle_initialized_joint,750,-2.0225377082824707,-1.6763596534729004,0.4956691563129425,0.004975336036087019,0.41403067111968994,0.49740588665008545,1.644449843520006,False,0.010033363788166877,0.22653721682847897,0.0008062424400081216,0.5,
0.0,0.0,confounded,logger12_balanced,4,oracle_initialized_joint,1500,-2.4140796661376953,-1.5894088745117188,0.5014036893844604,0.0054286887103554326,0.39491868019104004,0.498724102973938,1.64661901355105,False,0.009001751996450036,0.2750809061488673,0.0011227189234034984,0.5,
0.0,0.0,confounded,logger12_balanced,4,oracle_initialized_joint,2250,-2.3479979038238525,-1.5539106130599976,0.4940935969352722,0.015783705471562867,0.29383739829063416,0.4929857552051544,1.637197199684833,False,0.012705149919261449,0.2524271844660194,0.0009603985738152908,0.5,
0.0,0.0,confounded,logger12_balanced,4,oracle_initialized_joint,3000,-2.6573333740234375,-1.3692631721496582,0.4682782292366028,0.004921927132792911,0.3094373345375061,0.5480208992958069,1.729826127798012,False,0.008841565243486399,0.23300970873786409,0.0009037527915943663,0.5,
0.0,0.002,confounded,logger12_balanced,0,collapsed_constrained_reference,0,2.491075038909912,2.677201747894287,0.5,0.0,0.0,0.6931471805599453,2.0,True,0.4981097772583323,0.4886731391585761,0.004336876464571611,0.5,
0.0,0.002,confounded,logger12_balanced,0,collapsed_constrained_reference,300,1.5438401699066162,1.544602870941162,0.5,0.0,0.0,0.6931471805599453,2.0,True,0.020102188836002247,0.4886731391585761,0.0026852767011984356,0.5,
0.0,0.002,confounded,logger12_balanced,0,collapsed_constrained_reference,750,0.9600582122802734,0.9618943333625793,0.5,0.0,0.0,0.6931471805599453,2.0,True,0.01431648617434282,0.34951456310679613,0.0017818543356883157,0.5,
0.0,0.002,confounded,logger12_balanced,0,collapsed_constrained_reference,1500,0.1223352923989296,0.13026708364486694,0.5,0.0,0.0,0.6931471805599453,2.0,True,0.015471519103693938,0.49838187702265374,0.0025219467189382147,0.5,
0.0,0.002,confounded,logger12_balanced,0,collapsed_constrained_reference,2250,-0.6393213272094727,-0.6074462532997131,0.5,0.0,0.0,0.6931471805599453,2.0,True,0.014963847241146822,0.2621359223300971,0.0010143934333207564,0.5,
0.0,0.002,confounded,logger12_balanced,0,collapsed_constrained_reference,3000,-1.3526517152786255,-1.2470251321792603,0.5,0.0,0.0,0.6931471805599453,2.0,True,0.01204275982477322,0.29449838187702265,0.0011197842166794942,0.5,
0.0,0.002,confounded,logger12_balanced,0,true_behavior_fixed,0,2.056105613708496,2.2671432495117188,0.5,0.013418140978433185,0.3999999761581421,0.5125139355659485,1.6694828963345385,False,0.5014706664110736,0.47896440129449835,0.003939265289924905,0.5,
0.0,0.002,confounded,logger12_balanced,0,true_behavior_fixed,300,1.231830358505249,1.2323662042617798,0.5,0.013607935493222098,0.3999999761581421,0.5129771828651428,1.6702564589388764,False,0.01620418961396994,0.36893203883495146,0.0018812780414022802,0.5006472491909385,
0.0,0.002,confounded,logger12_balanced,0,true_behavior_fixed,750,0.7793696522712708,0.780990719795227,0.5,0.008924862613025032,0.3999999761581421,0.512970507144928,1.6702453088112872,False,0.017088069913373263,0.2783171521035599,0.0013275106370037768,0.5016181229773463,
0.0,0.002,confounded,logger12_balanced,0,true_behavior_fixed,1500,0.03592037782073021,0.0437069870531559,0.5,0.007364192257056714,0.3999999761581421,0.5129209160804749,1.6701624816222866,False,0.017734805920032546,0.3268608414239482,0.0014037504795552476,0.5019417475728155,
0.0,0.002,confounded,logger12_balanced,0,true_behavior_fixed,2250,-0.6453999280929565,-0.6104991436004639,0.5,0.007034886638900326,0.3999999761581421,0.512758731842041,1.6698916295567057,False,0.0228655650060111,0.22330097087378642,0.0007571354009500085,0.5016181229773463,
0.0,0.002,confounded,logger12_balanced,0,true_behavior_fixed,3000,-1.2822551727294922,-1.1499606370925903,0.5,0.005635945989092245,0.3999999761581421,0.5115225911140442,1.6678286838103873,False,0.01771740184518672,0.22330097087378642,0.0007472940339671027,0.501294498381877,
0.0,0.002,confounded,logger12_balanced,0,true_behavior_fixed_em,0,2.056105613708496,2.2671432495117188,0.5,0.013418140978433185,0.3999999761581421,0.5125139355659485,1.6694828963345385,False,0.5014706664110736,0.47896440129449835,0.003939265289924905,0.5,0
0.0,0.002,confounded,logger12_balanced,0,true_behavior_fixed_em,100,1.4378116130828857,1.4380848407745361,0.5,0.020183232736714057,0.3999999761581421,0.5129851698875427,1.6702697993679028,False,0.027582526301123452,0.49838187702265374,0.00324822713020305,0.5,1
0.0,0.002,confounded,logger12_balanced,0,true_behavior_fixed_em,200,1.3338673114776611,1.334402322769165,0.5,0.0158139848161783,0.3999999761581421,0.5129845142364502,1.670268704254043,False,0.019271691722149088,0.43042071197411,0.002309757505626454,0.5003236245954693,2
0.0,0.002,confounded,logger12_balanced,0,true_behavior_fixed_em,300,1.231824517250061,1.2323577404022217,0.5,0.013649270657207167,0.3999999761581421,0.5129781365394592,1.6702580518203227,False,0.016189677482237007,0.3656957928802589,0.0018018553993403483,0.5019417475728155,3
0.0,0.002,confounded,logger12_balanced,0,true_behavior_fixed_em,400,1.1306465864181519,1.1313927173614502,0.5,0.01229330155742741,0.3999999761581421,0.5129756331443787,1.6702538705097663,False,0.015184601651665483,0.3656957928802589,0.0017314957948091915,0.5003236245954693,4
0.0,0.002,confounded,logger12_balanced,0,true_behavior_fixed_em,500,1.0310598611831665,1.0321511030197144,0.5,0.011563005843266347,0.3999999761581421,0.5129567980766296,1.6702224114612247,False,0.025204050205717966,0.40129449838187703,0.0018623532411635932,0.501294498381877,5
0.0,0.002,confounded,logger12_balanced,0,true_behavior_fixed_em,600,0.9308260679244995,0.9321314096450806,0.5,0.010637663681903067,0.3999999761581421,0.5129507184028625,1.6702122570847122,False,0.021539711915489916,0.3948220064724919,0.0018134152270119835,0.501294498381877,6
0.0,0.002,confounded,logger12_balanced,0,true_behavior_fixed_em,700,0.8294292092323303,0.8306589722633362,0.5,0.009490654250627483,0.3999999761581421,0.512974202632904,1.670251481194148,False,0.017075135733623584,0.4110032362459547,0.002022719777981851,0.5019417475728155,7
0.0,0.002,confounded,logger12_balanced,0,true_behavior_fixed_em,800,0.7334877848625183,0.7361306548118591,0.5,0.009759965832640263,0.3999999761581421,0.5129928588867188,1.6702826421203878,False,0.024297760794753393,0.2977346278317152,0.0013616867131568144,0.5,8
0.0,0.002,confounded,logger12_balanced,0,true_behavior_fixed_em,900,0.6295382976531982,0.6317725777626038,0.5,0.009108966549382626,0.3999999761581421,0.5129662752151489,1.6702382404653828,False,0.014832468341519722,0.4919093851132686,0.0025219934303198376,0.5071197411003237,9
0.0,0.002,confounded,logger12_balanced,0,true_behavior_fixed_em,1000,0.531013548374176,0.5338883996009827,0.5,0.00924059187426156,0.3999999761581421,0.5129406452178955,1.6701954328124495,False,0.01690320894582793,0.3786407766990291,0.0016728102723718474,0.5016181229773463,10
0.0,0.002,confounded,logger12_balanced,0,true_behavior_fixed_em,1100,0.43290579319000244,0.4363209307193756,0.5,0.009268782104131913,0.3999999761581421,0.5129451155662537,1.670202899184549,False,0.021658452955289655,0.313915857605178,0.0013986873147566112,0.5006472491909385,11
0.0,0.002,confounded,logger12_balanced,0,true_behavior_fixed_em,1200,0.3320503234863281,0.3356116712093353,0.5,0.008675547510863453,0.3999999761581421,0.5129798650741577,1.670260938921816,False,0.016841149401903573,0.3042071197411003,0.0013506240704143284,0.5016181229773463,12
0.0,0.002,confounded,logger12_balanced,0,true_behavior_fixed_em,1300,0.23141361773014069,0.23663552105426788,0.5,0.008400869081687141,0.3999999761581421,0.512963056564331,1.6702328645603557,False,0.01613448854330137,0.39158576051779936,0.0018033485817282925,0.5016181229773463,13
0.0,0.002,confounded,logger12_balanced,0,true_behavior_fixed_em,1400,0.1380346119403839,0.14359036087989807,0.5,0.008687349584039782,0.3999999761581421,0.5128831267356873,1.6700993684689271,False,0.02058651872346466,0.3883495145631068,0.001894219768795609,0.5016181229773463,14
0.0,0.002,confounded,logger12_balanced,0,true_behavior_fixed_em,1500,0.04825260490179062,0.05150472745299339,0.5,0.008356065462212316,0.3999999761581421,0.5130168199539185,1.670322664354504,False,0.02576654080034062,0.32038834951456313,0.0014937876093289383,0.501294498381877,15
0.0,0.002,confounded,logger12_balanced,0,true_behavior_fixed_em,1600,-0.06503552198410034,-0.056077320128679276,0.5,0.007528428418083364,0.3999999761581421,0.5129212141036987,1.670162979369568,False,0.01391355664082331,0.29449838187702265,0.001312953190384223,0.5016181229773463,16
0.0,0.002,confounded,logger12_balanced,0,true_behavior_fixed_em,1700,-0.15010471642017365,-0.13766998052597046,0.5,0.008170053941000928,0.3999999761581421,0.5127595663070679,1.6698930230234506,False,0.0217249063006891,0.32362459546925565,0.001371763436567424,0.5029126213592233,17
0.0,0.002,confounded,logger12_balanced,0,true_behavior_fixed_em,1800,-0.2518317401409149,-0.23834460973739624,0.5,0.0077428639385998576,0.3999999761581421,0.5129565000534058,1.6702219136962313,False,0.018133893068804967,0.31715210355987056,0.0013150838846925901,0.5016181229773463,18
0.0,0.002,confounded,logger12_balanced,0,true_behavior_fixed_em,1900,-0.36036980152130127,-0.34561827778816223,0.5,0.006913549795773284,0.3999999761581421,0.5129517316818237,1.6702139494765105,False,0.0127165694035312,0.34951456310679613,0.0014674648700882546,0.5077669902912622,19
0.0,0.002,confounded,logger12_balanced,0,true_behavior_fixed_em,2000,-0.4576631486415863,-0.4385531544685364,0.5,0.00712165252856861,0.3999999761581421,0.5129287242889404,1.6701755226500279,False,0.013471755401629208,0.2815533980582524,0.0011646473680699569,0.5032362459546925,20
0.0,0.002,confounded,logger12_balanced,0,true_behavior_fixed_em,2100,-0.5501188635826111,-0.5271762609481812,0.5,0.00725463844409025,0.3999999761581421,0.5126380324363708,1.669690086792775,False,0.013299138534960843,0.28802588996763756,0.0012271909977118745,0.5016181229773463,21
0.0,0.002,confounded,logger12_balanced,0,true_behavior_fixed_em,2200,-0.6081616282463074,-0.5804868936538696,0.5,0.006285146692344875,0.3999999761581421,0.5129182934761047,1.6701581014526072,False,0.023365704680571177,0.30097087378640774,0.0011258372364772256,0.5019417475728155,22
0.0,0.002,confounded,logger12_balanced,0,true_behavior_fixed_em,2300,-0.6722704768180847,-0.6269873380661011,0.5,0.006977858716624046,0.3999999761581421,0.5124124884605408,1.6693135407176416,False,0.02622184998526191,0.29449838187702265,0.0012529023187773773,0.5022653721682848,23
0.0,0.002,confounded,logger12_balanced,0,true_behavior_fixed_em,2400,-0.8375833034515381,-0.8012130260467529,0.5,0.006408148157710942,0.3999999761581421,0.51288241147995,1.6700981739211993,False,0.012271665066349946,0.15857605177993528,0.0005877702516936397,0.5042071197411003,24
0.0,0.002,confounded,logger12_balanced,0,true_behavior_fixed_em,2500,-0.940010666847229,-0.8942767977714539,0.5,0.005896431461631755,0.3999999761581421,0.5129401087760925,1.6701945368500406,False,0.011090234722943784,0.3042071197411003,0.001191016007168984,0.502588996763754,25
0.0,0.002,confounded,logger12_balanced,0,true_behavior_fixed_em,2600,-0.994113564491272,-0.9295175671577454,0.5,0.006949478713251886,0.3999999761581421,0.5128776431083679,1.6700902102915143,False,0.017018603400323462,0.2912621359223301,0.0010316728387193108,0.5003236245954693,26
0.0,0.002,confounded,logger12_balanced,0,true_behavior_fixed_em,2700,-1.0970818996429443,-1.0468727350234985,0.5,0.007591161365216706,0.3999999761581421,0.5117694139480591,1.6682403928202787,False,0.013654896944809206,0.3559870550161812,0.0013476274277250523,0.5074433656957928,27
0.0,0.002,confounded,logger12_balanced,0,true_behavior_fixed_em,2800,-1.1598410606384277,-1.077229380607605,0.5,0.006075451569439239,0.3999999761581421,0.5122002363204956,1.6689592629456556,False,0.015864835340453014,0.1715210355987055,0.0006623258459927282,0.501294498381877,28
0.0,0.002,confounded,logger12_balanced,0,true_behavior_fixed_em,2900,-1.2562779188156128,-1.133426308631897,0.5,0.0054731820501799505,0.3999999761581421,0.5117972493171692,1.6682868295536661,False,0.015217584099889585,0.1715210355987055,0.000675650410582606,0.5006472491909385,29
0.0,0.002,confounded,logger12_balanced,0,true_behavior_fixed_em,3000,-1.3731902837753296,-1.2600009441375732,0.5,0.005372036056995923,0.3999999761581421,0.5112385153770447,1.6673549614375467,False,0.012431415393625349,0.23624595469255663,0.0009144898837556663,0.5003236245954693,30
0.0,0.002,confounded,logger12_balanced,0,oracle_reward_fixed_learn_behavior,0,-1.3410212993621826,-1.2322183847427368,0.5,0.008476025298303764,0.0,0.6899741888046265,1.9936640737260531,False,0.01430308384970057,0.18770226537216828,0.0006850233616505644,0.5375404530744337,
0.0,0.002,confounded,logger12_balanced,0,oracle_reward_fixed_learn_behavior,300,-1.3411191701889038,-1.2322484254837036,0.5,0.008476025298303764,0.009357666596770287,0.6898990869522095,1.9935143514832985,False,0.01430308384970057,0.18770226537216828,0.0006850233616505644,0.5333333333333333,
0.0,0.002,confounded,logger12_balanced,0,oracle_reward_fixed_learn_behavior,750,-1.3412171602249146,-1.2322466373443604,0.5,0.008476025298303764,0.022960245609283447,0.689513087272644,1.9927450040758956,False,0.01430308384970057,0.18770226537216828,0.0006850233616505644,0.5330097087378641,
0.0,0.002,confounded,logger12_balanced,0,oracle_reward_fixed_learn_behavior,1500,-1.341512680053711,-1.2323588132858276,0.5,0.008476025298303764,0.04739119112491608,0.687997579574585,1.98972727095842,False,0.01430308384970057,0.18770226537216828,0.0006850233616505644,0.5174757281553398,
0.0,0.002,confounded,logger12_balanced,0,oracle_reward_fixed_learn_behavior,2250,-1.3417491912841797,-1.2324153184890747,0.5,0.008476025298303764,0.07065809518098831,0.6855673789978027,1.9848977053803247,False,0.01430308384970057,0.18770226537216828,0.0006850233616505644,0.512621359223301,
0.0,0.002,confounded,logger12_balanced,0,oracle_reward_fixed_learn_behavior,3000,-1.3419971466064453,-1.2324802875518799,0.5,0.008476025298303764,0.0937969908118248,0.6821839213371277,1.978193236572516,False,0.01430308384970057,0.18770226537216828,0.0006850233616505644,0.5119741100323625,
0.0,0.002,confounded,logger12_balanced,0,oracle_initialized_joint,0,-1.3450604677200317,-1.232495665550232,0.5,0.008476025298303764,0.3999999761581421,0.5121979117393494,1.6689553833189283,False,0.01430308384970057,0.18770226537216828,0.0006850233616505644,0.5084142394822007,
0.0,0.002,confounded,logger12_balanced,0,oracle_initialized_joint,300,-1.6288714408874512,-1.4326626062393188,0.5019846558570862,0.005177161325263335,0.40391266345977783,0.5077452659606934,1.6615406360486225,False,0.012442752404808794,0.22330097087378642,0.0007613976928274429,0.5051779935275081,
0.0,0.002,confounded,logger12_balanced,0,oracle_initialized_joint,750,-2.0407938957214355,-1.5865046977996826,0.504986584186554,0.005085997812267733,0.41258272528648376,0.4932212829589844,1.6375828504778012,False,0.00991916230056443,0.21359223300970873,0.0006923529303168496,0.5003236245954693,
0.0,0.002,confounded,logger12_balanced,0,oracle_initialized_joint,1500,-2.233039379119873,-1.2311233282089233,0.5024985671043396,0.00892806249632711,0.4168102741241455,0.44159531593322754,1.5551862539732815,False,0.012472903862707834,0.22330097087378642,0.0008883851681812458,0.5061488673139158,
0.0,0.002,confounded,logger12_balanced,0,oracle_initialized_joint,2250,0.9542944431304932,3.0068917274475098,0.5312681198120117,0.06078927773466439,0.3598225712776184,0.06009291112422943,1.0619352075559287,False,0.026037294614829967,0.13268608414239483,0.000406545800951297,0.5258899676375405,
0.0,0.002,confounded,logger12_balanced,0,oracle_initialized_joint,3000,-2.667900323867798,-0.8368274569511414,0.6378786563873291,0.007347530274929288,0.24053125083446503,0.5121784210205078,1.668922854495799,False,0.009539379249204484,0.22653721682847897,0.000793936121685177,0.5022653721682848,
0.0,0.002,confounded,logger12_balanced,1,collapsed_constrained_reference,0,2.5471975803375244,2.737523078918457,0.5,0.0,0.0,0.6931471805599453,2.0,True,0.5148761311399336,0.7508090614886731,0.0049932077910158175,0.5,
0.0,0.002,confounded,logger12_balanced,1,collapsed_constrained_reference,300,1.545938491821289,1.5467222929000854,0.5,0.0,0.0,0.6931471805599453,2.0,True,0.020242475674094398,0.4368932038834951,0.0021875464933551075,0.5,
0.0,0.002,confounded,logger12_balanced,1,collapsed_constrained_reference,750,0.963114321231842,0.9645769596099854,0.5,0.0,0.0,0.6931471805599453,2.0,True,0.01710518025355418,0.3656957928802589,0.0017384746770251788,0.5,
0.0,0.002,confounded,logger12_balanced,1,collapsed_constrained_reference,1500,0.14185433089733124,0.14696867763996124,0.5,0.0,0.0,0.6931471805599453,2.0,True,0.0301412882282328,0.3300970873786408,0.0015955807574955757,0.5,
0.0,0.002,confounded,logger12_balanced,1,collapsed_constrained_reference,2250,-0.6249434947967529,-0.5984912514686584,0.5,0.0,0.0,0.6931471805599453,2.0,True,0.015581455231367686,0.3592233009708738,0.0015416667905141376,0.5,
0.0,0.002,confounded,logger12_balanced,1,collapsed_constrained_reference,3000,-1.317103624343872,-1.2121491432189941,0.5,0.0,0.0,0.6931471805599453,2.0,True,0.014822623950615963,0.2168284789644013,0.0008660554234295639,0.5,
0.0,0.002,confounded,logger12_balanced,1,true_behavior_fixed,0,2.046238899230957,2.2477710247039795,0.5,0.014896898130471443,0.3999999761581421,0.5130274891853333,1.6703404855086161,False,0.5027530040779089,0.37216828478964403,0.0036866293319266167,0.5003236245954693,
0.0,0.002,confounded,logger12_balanced,1,true_behavior_fixed,300,1.2342060804367065,1.234837293624878,0.5,0.01350947522191484,0.3999999761581421,0.5129973292350769,1.670290108882344,False,0.01933515861635399,0.4174757281553398,0.002325686438375918,0.5006472491909385,
0.0,0.002,confounded,logger12_balanced,1,true_behavior_fixed,750,0.7840772867202759,0.7857867479324341,0.5,0.010479403744544017,0.3999999761581421,0.5130284428596497,1.6703420784701963,False,0.02553862768880619,0.41423948220064727,0.002196898748489595,0.501294498381877,
0.0,0.002,confounded,logger12_balanced,1,true_behavior_fixed,1500,0.0432450994849205,0.052181996405124664,0.5,0.008601247573299962,0.3999999761581421,0.5129801034927368,1.6702613371431032,False,0.018947405380205694,0.31715210355987056,0.001510950915977809,0.502588996763754,
0.0,0.002,confounded,logger12_balanced,1,true_behavior_fixed,2250,-0.6709375381469727,-0.6445178389549255,0.5,0.006617218801031051,0.3999999761581421,0.5126632452011108,1.6697321848268238,False,0.017992936484904336,0.36245954692556637,0.0015177172450466972,0.501294498381877,
0.0,0.002,confounded,logger12_balanced,1,true_behavior_fixed,3000,-1.3206217288970947,-1.218947410583496,0.5,0.006886611151696848,0.3999999761581421,0.5099484324455261,1.6652053221656198,False,0.015208723893679754,0.255663430420712,0.0009498358050454897,0.5016181229773463,
0.0,0.002,confounded,logger12_balanced,1,true_behavior_fixed_em,0,2.046238899230957,2.2477710247039795,0.5,0.014896898130471443,0.3999999761581421,0.5130274891853333,1.6703404855086161,False,0.5027530040779089,0.37216828478964403,0.0036866293319266167,0.5003236245954693,0
0.0,0.002,confounded,logger12_balanced,1,true_behavior_fixed_em,100,1.4392303228378296,1.439620852470398,0.5,0.019504573801404267,0.3999999761581421,0.5129659175872803,1.6702376431417476,False,0.02922964686872889,0.44983818770226536,0.0034887357083284217,0.501294498381877,1
0.0,0.002,confounded,logger12_balanced,1,true_behavior_fixed_em,200,1.3356170654296875,1.3361538648605347,0.5,0.016104671855045025,0.3999999761581421,0.5129852890968323,1.6702699984795908,False,0.018864384358229357,0.3786407766990291,0.002158637353585064,0.5019417475728155,2
0.0,0.002,confounded,logger12_balanced,1,true_behavior_fixed_em,300,1.2341777086257935,1.2348074913024902,0.5,0.01352686215195228,0.3999999761581421,0.5129967331886292,1.6702891133121547,False,0.0192378511983676,0.41423948220064727,0.0023161782998727953,0.5006472491909385,3
0.0,0.002,confounded,logger12_balanced,1,true_behavior_fixed_em,400,1.1333048343658447,1.13424813747406,0.5,0.013247269968056195,0.3999999761581421,0.513005256652832,1.6703033500222935,False,0.018444635614606488,0.3818770226537217,0.0019825879968133676,0.5022653721682848,4
0.0,0.002,confounded,logger12_balanced,1,true_behavior_fixed_em,500,1.0327353477478027,1.0338237285614014,0.5,0.011815803847343424,0.3999999761581421,0.5129924416542053,1.670281945224308,False,0.016938427154468718,0.33980582524271846,0.0017455870149886536,0.5051779935275081,5
0.0,0.002,confounded,logger12_balanced,1,true_behavior_fixed_em,600,0.9322938323020935,0.9334482550621033,0.5,0.010630688028236336,0.3999999761581421,0.5130109786987305,1.6703129076020709,False,0.016380747610982106,0.4854368932038835,0.002583081311860229,0.5029126213592233,6
0.0,0.002,confounded,logger12_balanced,1,true_behavior_fixed_em,700,0.8325084447860718,0.8340184688568115,0.5,0.011208231833180732,0.3999999761581421,0.5129819512367249,1.6702644233612987,False,0.019085569118569446,0.4045307443365696,0.0021200715005320753,0.502588996763754,7
0.0,0.002,confounded,logger12_balanced,1,true_behavior_fixed_em,800,0.7332227826118469,0.7346835136413574,0.5,0.009338019226128192,0.3999999761581421,0.5129803419113159,1.6702617353644855,False,0.020213840779870262,0.3851132686084142,0.0019042503168161774,0.5029126213592233,8
0.0,0.002,confounded,logger12_balanced,1,true_behavior_fixed_em,900,0.6331040859222412,0.6353214383125305,0.5,0.009456603368495473,0.3999999761581421,0.513031542301178,1.6703472556058239,False,0.0176035511685423,0.47249190938511326,0.0025306615587065624,0.5058252427184466,9
0.0,0.002,confounded,logger12_balanced,1,true_behavior_fixed_em,1000,0.5327037572860718,0.5350216627120972,0.5,0.00913339545531407,0.3999999761581421,0.5129708051681519,1.670245806583253,False,0.013963925569445612,0.3333333333333333,0.0014948611278826083,0.5055016181229773,10
0.0,0.002,confounded,logger12_balanced,1,true_behavior_fixed_em,1100,0.4326588809490204,0.43543940782546997,0.5,0.008901467939845645,0.3999999761581421,0.5130099654197693,1.6703112151100006,False,0.014641823022582504,0.27184466019417475,0.0012125295393166414,0.5009708737864078,11
0.0,0.002,confounded,logger12_balanced,1,true_behavior_fixed_em,1200,0.3347175717353821,0.33858898282051086,0.5,0.008653946821099061,0.3999999761581421,0.5129228830337524,1.6701657667570848,False,0.016459843497347804,0.5016181229773463,0.0027542390699406335,0.5019417475728155,12
0.0,0.002,confounded,logger12_balanced,1,true_behavior_fixed_em,1300,0.2334805279970169,0.2377111166715622,0.5,0.008017575200561948,0.3999999761581421,0.5129802823066711,1.670261635809131,False,0.013113413593431903,0.3333333333333333,0.0014808636739234039,0.5048543689320388,13
0.0,0.002,confounded,logger12_balanced,1,true_behavior_fixed_em,1400,0.14526502788066864,0.1562126725912094,0.5,0.008143536869893903,0.3999999761581421,0.5128227472305298,1.6699985317397616,False,0.023167767034726353,0.26537216828478966,0.001118809053611265,0.5006472491909385,14
0.0,0.002,confounded,logger12_balanced,1,true_behavior_fixed_em,1500,0.037772584706544876,0.04390094429254532,0.5,0.007354385760600066,0.3999999761581421,0.512968897819519,1.6702426208452354,False,0.014945100885397914,0.28802588996763756,0.0011225266800529497,0.5022653721682848,15
0.0,0.002,confounded,logger12_balanced,1,true_behavior_fixed_em,1600,-0.05724947527050972,-0.05012180656194687,0.5,0.007732995716505944,0.3999999761581421,0.5130443572998047,1.6703686612407669,False,0.018524617049188757,0.3883495145631068,0.001734710090893551,0.5042071197411003,16
0.0,0.002,confounded,logger12_balanced,1,true_behavior_fixed_em,1700,-0.16009753942489624,-0.1488114893436432,0.5,0.007265557971984825,0.3999999761581421,0.512926459312439,1.6701717397459999,False,0.013119562490224133,0.2621359223300971,0.0009844369213344605,0.501294498381877,17
0.0,0.002,confounded,logger12_balanced,1,true_behavior_fixed_em,1800,-0.25831547379493713,-0.24806620180606842,0.5,0.007595126252427449,0.3999999761581421,0.5128199458122253,1.6699938533818595,False,0.014536173984436063,0.3268608414239482,0.0013228631340543794,0.5058252427184466,18
0.0,0.002,confounded,logger12_balanced,1,true_behavior_fixed_em,1900,-0.3485265076160431,-0.33437272906303406,0.5,0.007425490411451487,0.3999999761581421,0.5127451419830322,1.6698689361191006,False,0.014595730055408391,0.3656957928802589,0.0015259650906729258,0.501294498381877,19
0.0,0.002,confounded,logger12_balanced,1,true_behavior_fixed_em,2000,-0.45311152935028076,-0.4378011226654053,0.5,0.006290181928372033,0.3999999761581421,0.5128448605537415,1.670035461365374,False,0.01218053592984166,0.2297734627831715,0.0008970960769948184,0.5019417475728155,20
0.0,0.002,confounded,logger12_balanced,1,true_behavior_fixed_em,2100,-0.5543109178543091,-0.5364066362380981,0.5,0.005732179540867931,0.3999999761581421,0.5127199292182922,1.6698268346372174,False,0.010656364666231462,0.3042071197411003,0.001239358541215029,0.5016181229773463,21
0.0,0.002,confounded,logger12_balanced,1,true_behavior_fixed_em,2200,-0.6429798007011414,-0.6190032362937927,0.5,0.006058002913764535,0.3999999761581421,0.5126075148582458,1.669639132672609,False,0.013496051436289725,0.30097087378640774,0.0010995836076924702,0.5029126213592233,22
0.0,0.002,confounded,logger12_balanced,1,true_behavior_fixed_em,2300,-0.6997350454330444,-0.6744771599769592,0.5,0.00630812898573487,0.3999999761581421,0.5128278732299805,1.6700070921732584,False,0.02193866505453774,0.5307443365695793,0.002969790824663171,0.503883495145631,23
0.0,0.002,confounded,logger12_balanced,1,true_behavior_fixed_em,2400,-0.8339633345603943,-0.8023471832275391,0.5,0.005481312104594692,0.3999999761581421,0.512481689453125,1.6694290628686712,False,0.010964783300334492,0.284789644012945,0.001131928806431874,0.5055016181229773,24
0.0,0.002,confounded,logger12_balanced,1,true_behavior_fixed_em,2500,-0.9317281246185303,-0.8955785036087036,0.5,0.005234653503130539,0.3999999761581421,0.5123547911643982,1.6692172286184286,False,0.011734435325324566,0.32362459546925565,0.0013224805845637598,0.5,25
0.0,0.002,confounded,logger12_balanced,1,true_behavior_fixed_em,2600,-0.9816392660140991,-0.9275330305099487,0.5,0.005876127666905659,0.3999999761581421,0.5122072696685791,1.6689710013583692,False,0.017448178095300425,0.29449838187702265,0.001276449623644625,0.5009708737864078,26
0.0,0.002,confounded,logger12_balanced,1,true_behavior_fixed_em,2700,-1.0919084548950195,-1.0360171794891357,0.5,0.005772548107639649,0.3999999761581421,0.512482762336731,1.6694308539727047,False,0.013402783595070933,0.41423948220064727,0.0019153618116042185,0.5029126213592233,27
0.0,0.002,confounded,logger12_balanced,1,true_behavior_fixed_em,2800,-1.191841721534729,-1.1275490522384644,0.5,0.005414535143236879,0.3999999761581421,0.5121768712997437,1.6689202681334017,False,0.012044131365686217,0.313915857605178,0.00115037490151289,0.5035598705501618,28
0.0,0.002,confounded,logger12_balanced,1,true_behavior_fixed_em,2900,-1.2311431169509888,-1.1320271492004395,0.5,0.005978334159070367,0.3999999761581421,0.5111566185951233,1.6672184160232757,False,0.0145568557662911,0.26537216828478966,0.0009768381738782831,0.5019417475728155,29
0.0,0.002,confounded,logger12_balanced,1,true_behavior_fixed_em,3000,-1.306569218635559,-1.2145780324935913,0.5,0.006497033075373441,0.3999999761581421,0.5100149512290955,1.6653160932821824,False,0.01691224350439023,0.2686084142394822,0.0010703114399295808,0.5003236245954693,30
0.0,0.002,confounded,logger12_balanced,1,oracle_reward_fixed_learn_behavior,0,-1.3505876064300537,-1.2600295543670654,0.5,0.0063193472919800394,0.0,0.6917324066162109,1.9971724527542467,False,0.01118615650076436,0.23300970873786409,0.0008840442066563246,0.5216828478964401,
0.0,0.002,confounded,logger12_balanced,1,oracle_reward_fixed_learn_behavior,300,-1.3506221771240234,-1.2600435018539429,0.5,0.0063193472919800394,0.006654883734881878,0.6916807889938354,1.997069366121328,False,0.01118615650076436,0.23300970873786409,0.0008840442066563246,0.5245954692556635,
0.0,0.002,confounded,logger12_balanced,1,oracle_reward_fixed_learn_behavior,750,-1.3506677150726318,-1.2600581645965576,0.5,0.0063193472919800394,0.016383912414312363,0.6914641857147217,1.9966368411928583,False,0.01118615650076436,0.23300970873786409,0.0008840442066563246,0.5216828478964401,
0.0,0.002,confounded,logger12_balanced,1,oracle_reward_fixed_learn_behavior,1500,-1.3508108854293823,-1.2601481676101685,0.5,0.0063193472919800394,0.032834243029356,0.6907137632369995,1.9951390820737203,False,0.01118615650076436,0.23300970873786409,0.0008840442066563246,0.5155339805825243,
0.0,0.002,confounded,logger12_balanced,1,oracle_reward_fixed_learn_behavior,2250,-1.3509401082992554,-1.260226845741272,0.5,0.0063193472919800394,0.04873388260602951,0.6895262002944946,1.9927711351560051,False,0.01118615650076436,0.23300970873786409,0.0008840442066563246,0.5077669902912622,
0.0,0.002,confounded,logger12_balanced,1,oracle_reward_fixed_learn_behavior,3000,-1.3510258197784424,-1.2602590322494507,0.5,0.0063193472919800394,0.0641208291053772,0.6879479885101318,1.9896286007116832,False,0.01118615650076436,0.23300970873786409,0.0008840442066563246,0.510032362459547,
0.0,0.002,confounded,logger12_balanced,1,oracle_initialized_joint,0,-1.353432536125183,-1.2612898349761963,0.5,0.0063193472919800394,0.3999999761581421,0.512096107006073,1.6687854844096826,False,0.01118615650076436,0.23300970873786409,0.0008840442066563246,0.5055016181229773,
0.0,0.002,confounded,logger12_balanced,1,oracle_initialized_joint,300,-1.435217022895813,-1.211586356163025,0.5022560358047485,0.007926328948946182,0.40424999594688416,0.5038719177246094,1.6551173583830177,False,0.016751952413938818,0.2750809061488673,0.0009077752956040562,0.5071197411003237,
0.0,0.002,confounded,logger12_balanced,1,oracle_initialized_joint,750,-2.0055859088897705,-1.6022642850875854,0.5022495985031128,0.005563375026027908,0.41142457723617554,0.49569442868232727,1.641637843728842,False,0.009712097177971404,0.2750809061488673,0.0009722925580559186,0.501294498381877,
0.0,0.002,confounded,logger12_balanced,1,oracle_initialized_joint,1500,-1.4062886238098145,-0.0023747615050524473,0.5001609921455383,0.01184991185852269,0.4157920777797699,0.42051970958709717,1.5227527392053215,False,0.015228266988068085,0.2168284789644013,0.0008583575278433744,0.5200647249190938,
0.0,0.002,confounded,logger12_balanced,1,oracle_initialized_joint,2250,-2.308696746826172,-0.48869240283966064,0.5091062188148499,0.008960966200923981,0.40497684478759766,0.40531301498413086,1.499771877662309,False,0.011531943323201847,0.2621359223300971,0.0011546337748799419,0.5003236245954693,
0.0,0.002,confounded,logger12_balanced,1,oracle_initialized_joint,3000,-2.359278678894043,-0.5272059440612793,0.30266255140304565,0.018735186059182594,0.2695291042327881,0.3839856684207916,1.468124400990076,False,0.010627839529661237,0.34951456310679613,0.0013266413474896002,0.5087378640776699,
0.0,0.002,confounded,logger12_balanced,2,collapsed_constrained_reference,0,2.542527437210083,2.7487361431121826,0.5,0.0,0.0,0.6931471805599453,2.0,True,0.5054176440731405,0.5598705501618123,0.0031943731255504168,0.5,
0.0,0.002,confounded,logger12_balanced,2,collapsed_constrained_reference,300,1.5443146228790283,1.5447382926940918,0.5,0.0,0.0,0.6931471805599453,2.0,True,0.01685678127946605,0.3592233009708738,0.0017019078401995591,0.5,
0.0,0.002,confounded,logger12_balanced,2,collapsed_constrained_reference,750,0.9607471227645874,0.961895227432251,0.5,0.0,0.0,0.6931471805599453,2.0,True,0.015922649928543677,0.31715210355987056,0.0012693798717693535,0.5,
0.0,0.002,confounded,logger12_balanced,2,collapsed_constrained_reference,1500,0.1232236698269844,0.12967096269130707,0.5,0.0,0.0,0.6931471805599453,2.0,True,0.015766724199752977,0.40129449838187703,0.0017654182280408266,0.5,
0.0,0.002,confounded,logger12_balanced,2,collapsed_constrained_reference,2250,-0.6436840891838074,-0.6194859743118286,0.5,0.0,0.0,0.6931471805599453,2.0,True,0.012407998052512925,0.3106796116504854,0.0013709828052388664,0.5,
0.0,0.002,confounded,logger12_balanced,2,collapsed_constrained_reference,3000,-1.32466721534729,-1.2238589525222778,0.5,0.0,0.0,0.6931471805599453,2.0,True,0.01359892881300288,0.313915857605178,0.0011625611055007792,0.5,
0.0,0.002,confounded,logger12_balanced,2,true_behavior_fixed,0,2.0302188396453857,2.222855567932129,0.5,0.010762172172136417,0.3999999761581421,0.513006329536438,1.670305142064336,False,0.4975206541642979,0.23624595469255663,0.0019030649774004875,0.5,
0.0,0.002,confounded,logger12_balanced,2,true_behavior_fixed,300,1.2335445880889893,1.2342664003372192,0.5,0.015051361941138658,0.3999999761581421,0.512988805770874,1.6702758722850652,False,0.020212260919007966,0.3559870550161812,0.001564688921435334,0.5029126213592233,
0.0,0.002,confounded,logger12_balanced,2,true_behavior_fixed,750,0.7817932963371277,0.7829695343971252,0.5,0.010533834593465132,0.3999999761581421,0.5129551291465759,1.670219623979172,False,0.01778660864992919,0.32038834951456313,0.001373695692173563,0.5003236245954693,
0.0,0.002,confounded,logger12_balanced,2,true_behavior_fixed,1500,0.039109669625759125,0.045027635991573334,0.5,0.008195793531740693,0.3999999761581421,0.5128388404846191,1.6700254076667218,False,0.017428259824686765,0.37216828478964403,0.0016488814960816491,0.5029126213592233,
0.0,0.002,confounded,logger12_balanced,2,true_behavior_fixed,2250,-0.6755992770195007,-0.6471154689788818,0.5,0.008102507050816584,0.3999999761581421,0.5121676325798035,1.6689048495176662,False,0.01839001942762349,0.3106796116504854,0.0013613700095798016,0.502588996763754,
0.0,0.002,confounded,logger12_balanced,2,true_behavior_fixed,3000,-1.1074814796447754,-0.8221435546875,0.5,0.006381707258666925,0.3999999761581421,0.5109039545059204,1.6667972230131036,False,0.021046061935460693,0.36245954692556637,0.0016060835278849954,0.5,
0.0,0.002,confounded,logger12_balanced,2,true_behavior_fixed_em,0,2.0302188396453857,2.222855567932129,0.5,0.010762172172136417,0.3999999761581421,0.513006329536438,1.670305142064336,False,0.4975206541642979,0.23624595469255663,0.0019030649774004875,0.5,0
0.0,0.002,confounded,logger12_balanced,2,true_behavior_fixed_em,100,1.4386682510375977,1.4392491579055786,0.5,0.018902861782847512,0.3999999761581421,0.5129703283309937,1.670245010148179,False,0.028086775887129187,0.43042071197411,0.0026965807050468673,0.5003236245954693,1
0.0,0.002,confounded,logger12_balanced,2,true_behavior_fixed_em,200,1.3350731134414673,1.335797667503357,0.5,0.016060920198026577,0.3999999761581421,0.5129766464233398,1.6702555629437306,False,0.019216482839784395,0.517799352750809,0.0027377669794638945,0.5006472491909385,2
0.0,0.002,confounded,logger12_balanced,2,true_behavior_fixed_em,300,1.2335036993026733,1.2342393398284912,0.5,0.01518768104107264,0.3999999761581421,0.5129881501197815,1.6702747771672237,False,0.019958047886691133,0.34951456310679613,0.001554568484619567,0.5019417475728155,3
0.0,0.002,confounded,logger12_balanced,2,true_behavior_fixed_em,400,1.1334176063537598,1.1341936588287354,0.5,0.014301845914182224,0.3999999761581421,0.5130114555358887,1.670313704069521,False,0.026683025051615874,0.46601941747572817,0.0023016739614348247,0.5009708737864078,4
0.0,0.002,confounded,logger12_balanced,2,true_behavior_fixed_em,500,1.0315041542053223,1.032698631286621,0.5,0.011567154594077455,0.3999999761581421,0.5129683613777161,1.6702417248575128,False,0.016187039159506422,0.44983818770226536,0.0020715553396146954,0.5022653721682848,5
0.0,0.002,confounded,logger12_balanced,2,true_behavior_fixed_em,600,0.9327513575553894,0.9344831705093384,0.5,0.01126531097460283,0.3999999761581421,0.512971043586731,1.6702462048009323,False,0.024979328591097763,0.26537216828478966,0.001112648664686587,0.5003236245954693,6
0.0,0.002,confounded,logger12_balanced,2,true_behavior_fixed_em,700,0.8317409157752991,0.8332043290138245,0.5,0.011817429726895229,0.3999999761581421,0.5129393339157104,1.670193242682965,False,0.01749219686808914,0.32362459546925565,0.001527918630295301,0.5048543689320388,7
0.0,0.002,confounded,logger12_balanced,2,true_behavior_fixed_em,800,0.7320402264595032,0.7336018681526184,0.5,0.01080721875422601,0.3999999761581421,0.5129491686820984,1.6702096687241026,False,0.01819777626034482,0.37540453074433655,0.0017761814455427775,0.5032362459546925,8
0.0,0.002,confounded,logger12_balanced,2,true_behavior_fixed_em,900,0.6336930990219116,0.6363321542739868,0.5,0.010401706270308054,0.3999999761581421,0.5129936337471008,1.6702839363567354,False,0.023510944466641905,0.3106796116504854,0.0014789685926299694,0.5003236245954693,9
0.0,0.002,confounded,logger12_balanced,2,true_behavior_fixed_em,1000,0.5321448445320129,0.5354079604148865,0.5,0.01006806541111733,0.3999999761581421,0.5129442811012268,1.6702015054592234,False,0.01725837374521126,0.3365695792880259,0.0013871962142188899,0.5042071197411003,10
0.0,0.002,confounded,logger12_balanced,2,true_behavior_fixed_em,1100,0.43193212151527405,0.43603694438934326,0.5,0.008621645269793388,0.3999999761581421,0.5129491090774536,1.6702095691718515,False,0.015941143848228676,0.3818770226537217,0.0016468464120755497,0.5009708737864078,11
0.0,0.002,confounded,logger12_balanced,2,true_behavior_fixed_em,1200,0.33195197582244873,0.3353380560874939,0.5,0.008824091570254607,0.3999999761581421,0.5128902196884155,1.6701112144468107,False,0.0150713658651721,0.2783171521035599,0.0011530178429694845,0.503883495145631,12
0.0,0.002,confounded,logger12_balanced,2,true_behavior_fixed_em,1300,0.2335621565580368,0.23822961747646332,0.5,0.00919314061894147,0.3999999761581421,0.5128434896469116,1.6700331719039232,False,0.015187262137574044,0.4854368932038835,0.0022624608189455776,0.5022653721682848,13
0.0,0.002,confounded,logger12_balanced,2,true_behavior_fixed_em,1400,0.13259851932525635,0.13857805728912354,0.5,0.008983957687493995,0.3999999761581421,0.5129227042198181,1.6701654681081999,False,0.012734104483320668,0.4045307443365696,0.0017840861519030347,0.5090614886731392,14
0.0,0.002,confounded,logger12_balanced,2,true_behavior_fixed_em,1500,0.035387761890888214,0.042141251266002655,0.5,0.00842399846595743,0.3999999761581421,0.5128315091133118,1.6700131641352465,False,0.013895901974902402,0.39805825242718446,0.0016525547277636038,0.5009708737864078,15
0.0,0.002,confounded,logger12_balanced,2,true_behavior_fixed_em,1600,-0.06371377408504486,-0.056597646325826645,0.5,0.008694227396004891,0.3999999761581421,0.5127527713775635,1.6698816762566295,False,0.013999276119830513,0.343042071197411,0.001463709865271219,0.502588996763754,16
0.0,0.002,confounded,logger12_balanced,2,true_behavior_fixed_em,1700,-0.16162478923797607,-0.15156975388526917,0.5,0.007869124386282407,0.3999999761581421,0.5129199624061584,1.6701608888319832,False,0.014293785976417924,0.2588996763754045,0.0010263406557335284,0.5051779935275081,17
0.0,0.002,confounded,logger12_balanced,2,true_behavior_fixed_em,1800,-0.2569863796234131,-0.24536451697349548,0.5,0.007669154334524684,0.3999999761581421,0.5127401947975159,1.6698606749881204,False,0.016395774718550866,0.37540453074433655,0.0014616709010027737,0.5016181229773463,18
0.0,0.002,confounded,logger12_balanced,2,true_behavior_fixed_em,1900,-0.3401378095149994,-0.3211575448513031,0.5,0.007236894293343529,0.3999999761581421,0.5125482678413391,1.6695402144650207,False,0.020790511607925912,0.32038834951456313,0.0013166279319539792,0.5019417475728155,19
0.0,0.002,confounded,logger12_balanced,2,true_behavior_fixed_em,2000,-0.45298585295677185,-0.4373241066932678,0.5,0.00762147718963843,0.3999999761581421,0.5126901268959045,1.6697770706611046,False,0.013747986334433247,0.3365695792880259,0.0013959085365177002,0.5022653721682848,20
0.0,0.002,confounded,logger12_balanced,2,true_behavior_fixed_em,2100,-0.5556920766830444,-0.5358766317367554,0.5,0.007043062659215158,0.3999999761581421,0.5127689838409424,1.6699087493716134,False,0.011667454382810548,0.3592233009708738,0.0014150200623880645,0.502588996763754,21
0.0,0.002,confounded,logger12_balanced,2,true_behavior_fixed_em,2200,-0.6477351188659668,-0.6268075108528137,0.5,0.0073975871401288475,0.3999999761581421,0.5126127600669861,1.6696478903013485,False,0.013930825293526293,0.2686084142394822,0.0011672127576306006,0.5009708737864078,22
0.0,0.002,confounded,logger12_balanced,2,true_behavior_fixed_em,2300,-0.6722556352615356,-0.6365031003952026,0.5,0.0071104532653391925,0.3999999761581421,0.5128186941146851,1.6699917630559693,False,0.02928490523033176,0.29449838187702265,0.0012183006923422958,0.5,23
0.0,0.002,confounded,logger12_balanced,2,true_behavior_fixed_em,2400,-0.8357987999916077,-0.7977615594863892,0.5,0.00676948018842817,0.3999999761581421,0.5123193860054016,1.6691581307632402,False,0.011849671446134233,0.3106796116504854,0.0013168978709835377,0.5061488673139158,24
0.0,0.002,confounded,logger12_balanced,2,true_behavior_fixed_em,2500,-0.9063883423805237,-0.8561615347862244,0.5,0.0068689622160288885,0.3999999761581421,0.5126320719718933,1.669680134693984,False,0.016299407821657393,0.22330097087378642,0.0009158775225286225,0.5016181229773463,25
0.0,0.002,confounded,logger12_balanced,2,true_behavior_fixed_em,2600,-0.9225559830665588,-0.838698148727417,0.5,0.006492058908327833,0.3999999761581421,0.5122510194778442,1.6690440201186143,False,0.02052781624176937,0.29449838187702265,0.0010618392902760202,0.5032362459546925,26
0.0,0.002,confounded,logger12_balanced,2,true_behavior_fixed_em,2700,-1.0830811262130737,-1.0127146244049072,0.5,0.006460475738375018,0.3999999761581421,0.5119242072105408,1.6684986451806343,False,0.016213833574827075,0.23300970873786409,0.000866359687618396,0.5003236245954693,27
0.0,0.002,confounded,logger12_balanced,2,true_behavior_fixed_em,2800,-1.1874901056289673,-1.1077858209609985,0.5,0.007036395633734756,0.3999999761581421,0.5114802718162537,1.6677581039651088,False,0.013447899809348149,0.4077669902912621,0.0017298397960446756,0.5035598705501618,28
0.0,0.002,confounded,logger12_balanced,2,true_behavior_fixed_em,2900,-1.2688872814178467,-1.1839510202407837,0.5,0.006083663705818429,0.3999999761581421,0.511296808719635,1.6674521599645196,False,0.014260591109826342,0.32038834951456313,0.0013083840482127776,0.5009708737864078,29
0.0,0.002,confounded,logger12_balanced,2,true_behavior_fixed_em,3000,-1.3070285320281982,-1.1586111783981323,0.5,0.006244217341592042,0.3999999761581421,0.5105785727500916,1.6662549658311503,False,0.017205676155450635,0.32038834951456313,0.001335547655461166,0.5029126213592233,30
0.0,0.002,confounded,logger12_balanced,2,oracle_reward_fixed_learn_behavior,0,-1.3179291486740112,-1.2311015129089355,0.5,0.006922010804668683,0.0,0.6903499364852905,1.9944133291344546,False,0.011518841539225428,0.2588996763754045,0.0010122705501770508,0.5223300970873787,
0.0,0.002,confounded,logger12_balanced,2,oracle_reward_fixed_learn_behavior,300,-1.317929983139038,-1.2310978174209595,0.5,0.006922010804668683,0.00576790189370513,0.6903009414672852,1.994315615211251,False,0.011518841539225428,0.2588996763754045,0.0010122705501770508,0.5236245954692557,
0.0,0.002,confounded,logger12_balanced,2,oracle_reward_fixed_learn_behavior,750,-1.318010926246643,-1.231171727180481,0.5,0.006922010804668683,0.014023582451045513,0.6901283860206604,1.9939715148786044,False,0.011518841539225428,0.2588996763754045,0.0010122705501770508,0.5171521035598705,
0.0,0.002,confounded,logger12_balanced,2,oracle_reward_fixed_learn_behavior,1500,-1.3180795907974243,-1.2312290668487549,0.5,0.006922010804668683,0.028175875544548035,0.6895504593849182,1.9928194785575475,False,0.011518841539225428,0.2588996763754045,0.0010122705501770508,0.5110032362459547,
0.0,0.002,confounded,logger12_balanced,2,oracle_reward_fixed_learn_behavior,2250,-1.3181875944137573,-1.2313213348388672,0.5,0.006922010804668683,0.04152119159698486,0.6886817812919617,1.9910891116080498,False,0.011518841539225428,0.2588996763754045,0.0010122705501770508,0.5084142394822007,
0.0,0.002,confounded,logger12_balanced,2,oracle_reward_fixed_learn_behavior,3000,-1.31820809841156,-1.2313259840011597,0.5,0.006922010804668683,0.05576907843351364,0.6874017119407654,1.9885420100419062,False,0.011518841539225428,0.2588996763754045,0.0010122705501770508,0.5051779935275081,
0.0,0.002,confounded,logger12_balanced,2,oracle_initialized_joint,0,-1.3203444480895996,-1.2323919534683228,0.5,0.006922010804668683,0.3999999761581421,0.5112033486366272,1.6672963270294305,False,0.011518841539225428,0.2588996763754045,0.0010122705501770508,0.5058252427184466,
0.0,0.002,confounded,logger12_balanced,2,oracle_initialized_joint,300,-1.6098707914352417,-1.4478487968444824,0.5034663081169128,0.005911558839351842,0.403094619512558,0.5059406161308289,1.6585448410160113,False,0.01165443342495848,0.255663430420712,0.0010431321813683322,0.5042071197411003,
0.0,0.002,confounded,logger12_balanced,2,oracle_initialized_joint,750,-1.8520774841308594,-1.395282506942749,0.5008252263069153,0.00610575294743522,0.41166162490844727,0.49051499366760254,1.6331570689695556,False,0.013524791893532229,0.19741100323624594,0.0007886502871681097,0.5006472491909385,
0.0,0.002,confounded,logger12_balanced,2,oracle_initialized_joint,1500,-2.3887791633605957,-1.5176219940185547,0.49014949798583984,0.006498772556364043,0.4204937815666199,0.46977633237838745,1.5996363663402045,False,0.00994068059606241,0.29449838187702265,0.0011529453946082088,0.5080906148867314,
0.0,0.002,confounded,logger12_balanced,2,oracle_initialized_joint,2250,-2.4106698036193848,-0.5375248193740845,0.4939408004283905,0.006983768618064371,0.3991658687591553,0.4191359281539917,1.5206470394876936,False,0.011399213172452306,0.2588996763754045,0.0010788628856497793,0.5061488673139158,
0.0,0.002,confounded,logger12_balanced,2,oracle_initialized_joint,3000,-2.2890491485595703,-0.6357471346855164,0.4887668192386627,0.010146235020812803,0.2995927333831787,0.44936591386795044,1.5673180556978912,False,0.01122549237290224,0.21035598705501618,0.0008040132811016707,0.5200647249190938,
0.0,0.002,confounded,logger12_balanced,3,collapsed_constrained_reference,0,2.5098726749420166,2.697360038757324,0.5,0.0,0.0,0.6931471805599453,2.0,True,0.49707356216333864,0.8964401294498382,0.006621920732578732,0.5,
0.0,0.002,confounded,logger12_balanced,3,collapsed_constrained_reference,300,1.547594666481018,1.548262357711792,0.5,0.0,0.0,0.6931471805599453,2.0,True,0.020071537553537817,0.3883495145631068,0.0019815249855866883,0.5,
0.0,0.002,confounded,logger12_balanced,3,collapsed_constrained_reference,750,0.966545581817627,0.968348503112793,0.5,0.0,0.0,0.6931471805599453,2.0,True,0.026948538573273013,0.36245954692556637,0.0017985622885119093,0.5,
0.0,0.002,confounded,logger12_balanced,3,collapsed_constrained_reference,1500,0.1295665204524994,0.13575679063796997,0.5,0.0,0.0,0.6931471805599453,2.0,True,0.0196693968011193,0.3851132686084142,0.001651564257611983,0.5,
0.0,0.002,confounded,logger12_balanced,3,collapsed_constrained_reference,2250,-0.6452083587646484,-0.6211754083633423,0.5,0.0,0.0,0.6931471805599453,2.0,True,0.012531189214406163,0.3042071197411003,0.0012150723525992141,0.5,
0.0,0.002,confounded,logger12_balanced,3,collapsed_constrained_reference,3000,-1.3045358657836914,-1.2095682621002197,0.5,0.0,0.0,0.6931471805599453,2.0,True,0.014391047179732091,0.2588996763754045,0.0009327471212177313,0.5,
0.0,0.002,confounded,logger12_balanced,3,true_behavior_fixed,0,2.039822578430176,2.2287909984588623,0.5,0.013490723761300403,0.3999999761581421,0.5129037499427795,1.6701338116292308,False,0.49420640484220857,0.2168284789644013,0.0019131192241531624,0.5003236245954693,
0.0,0.002,confounded,logger12_balanced,3,true_behavior_fixed,300,1.234916090965271,1.2355942726135254,0.5,0.01352471226113943,0.3999999761581421,0.5130079984664917,1.6703079296891126,False,0.016828626316561384,0.39805825242718446,0.0021278694360702703,0.501294498381877,
0.0,0.002,confounded,logger12_balanced,3,true_behavior_fixed,750,0.7821514010429382,0.7838558554649353,0.5,0.009700342806975962,0.3999999761581421,0.5130308866500854,1.67034616044118,False,0.015665536973341186,0.4368932038834951,0.002158553169293636,0.502588996763754,
0.0,0.002,confounded,logger12_balanced,3,true_behavior_fixed,1500,0.03955971077084541,0.04892853647470474,0.5,0.006935946352264971,0.3999999761581421,0.5129551887512207,1.6702197235320222,False,0.015859664853170023,0.23300970873786409,0.000803261761447663,0.503883495145631,
0.0,0.002,confounded,logger12_balanced,3,true_behavior_fixed,2250,-0.6546931266784668,-0.6128202676773071,0.5,0.006200264091268909,0.3999999761581421,0.5127526521682739,1.6698814771912331,False,0.019033011390886746,0.2588996763754045,0.000953348604286043,0.5003236245954693,
0.0,0.002,confounded,logger12_balanced,3,true_behavior_fixed,3000,-1.3592286109924316,-1.245106816291809,0.5,0.005123742711127805,0.3999999761581421,0.5121026039123535,1.6687963263877967,False,0.013313073385944839,0.33980582524271846,0.001427050013209842,0.5009708737864078,
0.0,0.002,confounded,logger12_balanced,3,true_behavior_fixed_em,0,2.039822578430176,2.2287909984588623,0.5,0.013490723761300403,0.3999999761581421,0.5129037499427795,1.6701338116292308,False,0.49420640484220857,0.2168284789644013,0.0019131192241531624,0.5003236245954693,0
0.0,0.002,confounded,logger12_balanced,3,true_behavior_fixed_em,100,1.440791368484497,1.441166639328003,0.5,0.02078007762310684,0.3999999761581421,0.513009786605835,1.6703109164351073,False,0.026294970424537305,0.5145631067961165,0.003364144902413651,0.501294498381877,1
0.0,0.002,confounded,logger12_balanced,3,true_behavior_fixed_em,200,1.3369587659835815,1.3375043869018555,0.5,0.016154188949246365,0.3999999761581421,0.5130124688148499,1.6703153965641133,False,0.01816839536311509,0.49514563106796117,0.00282439401840879,0.5009708737864078,2
0.0,0.002,confounded,logger12_balanced,3,true_behavior_fixed_em,300,1.234893560409546,1.2355821132659912,0.5,0.013608990082301339,0.3999999761581421,0.513008177280426,1.6703082283634716,False,0.016542743757071862,0.39805825242718446,0.00210103345524625,0.5009708737864078,3
0.0,0.002,confounded,logger12_balanced,3,true_behavior_fixed_em,400,1.1342449188232422,1.1351323127746582,0.5,0.011977792932511321,0.3999999761581421,0.5130060315132141,1.6703046442746867,False,0.020657814013531166,0.35275080906148865,0.0017688579959538816,0.5016181229773463,4
0.0,0.002,confounded,logger12_balanced,3,true_behavior_fixed_em,500,1.0332304239273071,1.034458875656128,0.5,0.011782759618423417,0.3999999761581421,0.5130096077919006,1.6703106177602676,False,0.017037164847034655,0.3300970873786408,0.0016705974619884512,0.5022653721682848,5
0.0,0.002,confounded,logger12_balanced,3,true_behavior_fixed_em,600,0.9323904514312744,0.9338986277580261,0.5,0.010037433078640691,0.3999999761581421,0.5130214691162109,1.670330429973703,False,0.014237434888157206,0.36245954692556637,0.001770991636928709,0.5009708737864078,6
0.0,0.002,confounded,logger12_balanced,3,true_behavior_fixed_em,700,0.8321887850761414,0.8337312936782837,0.5,0.010466486669962612,0.3999999761581421,0.513024628162384,1.6703357066329902,False,0.015274431597280317,0.3786407766990291,0.0017572394543469102,0.5003236245954693,7
0.0,0.002,confounded,logger12_balanced,3,true_behavior_fixed_em,800,0.7343572974205017,0.7366730570793152,0.5,0.009919513471857587,0.3999999761581421,0.5130283832550049,1.670341978910053,False,0.020773319937582517,0.21035598705501618,0.0011622453110716692,0.503883495145631,8
0.0,0.002,confounded,logger12_balanced,3,true_behavior_fixed_em,900,0.6323527693748474,0.6345134377479553,0.5,0.009536155238472266,0.3999999761581421,0.513006329536438,1.670305142064336,False,0.01473660642542356,0.2750809061488673,0.0012157490087914469,0.5006472491909385,9
0.0,0.002,confounded,logger12_balanced,3,true_behavior_fixed_em,1000,0.5326545238494873,0.5356262922286987,0.5,0.008420137987005466,0.3999999761581421,0.5130205154418945,1.6703288370232316,False,0.01497887903619013,0.23948220064724918,0.0008974993580016964,0.5,10
0.0,0.002,confounded,logger12_balanced,3,true_behavior_fixed_em,1100,0.4354593753814697,0.43930676579475403,0.5,0.008355875688710511,0.3999999761581421,0.5130180716514587,1.6703247550945828,False,0.021303208425734427,0.255663430420712,0.0010593844189581562,0.5045307443365695,11
0.0,0.002,confounded,logger12_balanced,3,true_behavior_fixed_em,1200,0.33479154109954834,0.33860471844673157,0.5,0.00901898042008508,0.3999999761581421,0.5130389332771301,1.6703596011478445,False,0.01752428984386044,0.39805825242718446,0.0017812948843360214,0.5048543689320388,12
0.0,0.002,confounded,logger12_balanced,3,true_behavior_fixed_em,1300,0.23669816553592682,0.24069248139858246,0.5,0.008332433736319601,0.3999999761581421,0.5130293965339661,1.6703436714332958,False,0.019084262779958956,0.3074433656957929,0.001206350194426957,0.5016181229773463,13
0.0,0.002,confounded,logger12_balanced,3,true_behavior_fixed_em,1400,0.13414257764816284,0.14045190811157227,0.5,0.007649701565605994,0.3999999761581421,0.5130372643470764,1.670356813436832,False,0.013062308247189194,0.3300970873786408,0.0014234576288644372,0.5045307443365695,14
0.0,0.002,confounded,logger12_balanced,3,true_behavior_fixed_em,1500,0.03733448311686516,0.044127654284238815,0.5,0.007452666108241251,0.3999999761581421,0.5130581855773926,1.6703917597219944,False,0.01629671729777346,0.2621359223300971,0.0009115370331501035,0.5009708737864078,15
0.0,0.002,confounded,logger12_balanced,3,true_behavior_fixed_em,1600,-0.057732682675123215,-0.04949556663632393,0.5,0.007217516383176417,0.3999999761581421,0.5129796862602234,1.6702606402559128,False,0.01816907962855759,0.3592233009708738,0.001461805071172149,0.501294498381877,16
0.0,0.002,confounded,logger12_balanced,3,true_behavior_fixed_em,1700,-0.16059373319149017,-0.1511417180299759,0.5,0.007597517792543634,0.3999999761581421,0.5129907131195068,1.6702790580865048,False,0.012320126012632273,0.284789644012945,0.001099360777026707,0.5048543689320388,17
0.0,0.002,confounded,logger12_balanced,3,true_behavior_fixed_em,1800,-0.2558034062385559,-0.24065573513507843,0.5,0.007587075653354294,0.3999999761581421,0.5128962993621826,1.670121368209015,False,0.013049918295709763,0.2588996763754045,0.0010204222319927494,0.501294498381877,18
0.0,0.002,confounded,logger12_balanced,3,true_behavior_fixed_em,1900,-0.35601887106895447,-0.3396914601325989,0.5,0.006722480055584692,0.3999999761581421,0.5129758715629578,1.6702542687293682,False,0.013993135566689387,0.3333333333333333,0.001397445561061125,0.5003236245954693,19
0.0,0.002,confounded,logger12_balanced,3,true_behavior_fixed_em,2000,-0.4552856385707855,-0.4368441104888916,0.5,0.006539897590520123,0.3999999761581421,0.5129634141921997,1.670233461882282,False,0.011837414874507502,0.24919093851132687,0.0010318420073154994,0.502588996763754,20
0.0,0.002,confounded,logger12_balanced,3,true_behavior_fixed_em,2100,-0.5541654229164124,-0.5316386818885803,0.5,0.006620068030181003,0.3999999761581421,0.5128289461135864,1.6700088838974507,False,0.011772403335091709,0.22330097087378642,0.0008879979263799691,0.5,21
0.0,0.002,confounded,logger12_balanced,3,true_behavior_fixed_em,2200,-0.6398060917854309,-0.613434374332428,0.5,0.006342730145356546,0.3999999761581421,0.5128595232963562,1.6700599488450278,False,0.016759043976150276,0.31715210355987056,0.0012964822787102418,0.5006472491909385,22
0.0,0.002,confounded,logger12_balanced,3,true_behavior_fixed_em,2300,-0.7370966076850891,-0.7007107734680176,0.5,0.007205126603134632,0.3999999761581421,0.5131154656410217,1.6704874426086116,False,0.013350245046542534,0.2815533980582524,0.0011418445055492484,0.5077669902912622,23
0.0,0.002,confounded,logger12_balanced,3,true_behavior_fixed_em,2400,-0.8310819268226624,-0.7923000454902649,0.5,0.0061949051239739645,0.3999999761581421,0.5127003788948059,1.6697941893015484,False,0.01389212986146772,0.3106796116504854,0.0012255760022458807,0.501294498381877,24
0.0,0.002,confounded,logger12_balanced,3,true_behavior_fixed_em,2500,-0.9311994314193726,-0.8828628659248352,0.5,0.005817218426004208,0.3999999761581421,0.5126216411590576,1.6696627186638353,False,0.012288328696113909,0.21359223300970873,0.0008109781898406408,0.5019417475728155,25
0.0,0.002,confounded,logger12_balanced,3,true_behavior_fixed_em,2600,-1.0232608318328857,-0.9698566794395447,0.5,0.005734949314676297,0.3999999761581421,0.5128453373908997,1.6700362577005274,False,0.012235341892850027,0.2783171521035599,0.0010815397987405662,0.5055016181229773,26
0.0,0.002,confounded,logger12_balanced,3,true_behavior_fixed_em,2700,-1.1167048215866089,-1.0537686347961426,0.5,0.0059012178251427036,0.3999999761581421,0.5122631192207336,1.6690642152443065,False,0.011410189933269905,0.3074433656957929,0.0012080679700434513,0.5029126213592233,27
0.0,0.002,confounded,logger12_balanced,3,true_behavior_fixed_em,2800,-1.204524278640747,-1.1215893030166626,0.5,0.005800195283233208,0.3999999761581421,0.512421727180481,1.669328963109178,False,0.011943095255503874,0.27184466019417475,0.0009788130826612006,0.5071197411003237,28
0.0,0.002,confounded,logger12_balanced,3,true_behavior_fixed_em,2900,-1.2846643924713135,-1.1823240518569946,0.5,0.005141601119969037,0.3999999761581421,0.5121834874153137,1.6689313099392997,False,0.011835162025120392,0.3042071197411003,0.0012549399436322273,0.5022653721682848,29
0.0,0.002,confounded,logger12_balanced,3,true_behavior_fixed_em,3000,-1.2846643924713135,-1.1823240518569946,0.5,0.005141601119969037,0.3999999761581421,0.5121834874153137,1.6689313099392997,False,0.011835162025120392,0.3042071197411003,0.0012549399436322273,0.5022653721682848,30
0.0,0.002,confounded,logger12_balanced,3,oracle_reward_fixed_learn_behavior,0,-1.3776981830596924,-1.275712251663208,0.5,0.0059494170113228535,0.0,0.6914491653442383,1.996606851193014,False,0.010598980947033298,0.2686084142394822,0.0009972795134268752,0.5414239482200647,
0.0,0.002,confounded,logger12_balanced,3,oracle_reward_fixed_learn_behavior,300,-1.3776990175247192,-1.2756917476654053,0.5,0.0059494170113228535,0.004113222472369671,0.6914437413215637,1.9965960215815508,False,0.010598980947033298,0.2686084142394822,0.0009972795134268752,0.5436893203883495,
0.0,0.002,confounded,logger12_balanced,3,oracle_reward_fixed_learn_behavior,750,-1.3777469396591187,-1.2757072448730469,0.5,0.0059494170113228535,0.010302281007170677,0.6913784146308899,1.9964655948310688,False,0.010598980947033298,0.2686084142394822,0.0009972795134268752,0.5420711974110033,
0.0,0.002,confounded,logger12_balanced,3,oracle_reward_fixed_learn_behavior,1500,-1.377761960029602,-1.2756649255752563,0.5,0.0059494170113228535,0.02132156491279602,0.6910943984985352,1.9958986469094346,False,0.010598980947033298,0.2686084142394822,0.0009972795134268752,0.5297734627831715,
0.0,0.002,confounded,logger12_balanced,3,oracle_reward_fixed_learn_behavior,2250,-1.3778388500213623,-1.2756861448287964,0.5,0.0059494170113228535,0.031806569546461105,0.6906226277351379,1.9949572623574332,False,0.010598980947033298,0.2686084142394822,0.0009972795134268752,0.5145631067961165,
0.0,0.002,confounded,logger12_balanced,3,oracle_reward_fixed_learn_behavior,3000,-1.3778669834136963,-1.2756541967391968,0.5,0.0059494170113228535,0.04263683408498764,0.6899246573448181,1.9935653270796672,False,0.010598980947033298,0.2686084142394822,0.0009972795134268752,0.515210355987055,
0.0,0.002,confounded,logger12_balanced,3,oracle_initialized_joint,0,-1.379553198814392,-1.2749747037887573,0.5,0.0059494170113228535,0.3999999761581421,0.5130995512008667,1.6704608579477171,False,0.010598980947033298,0.2686084142394822,0.0009972795134268752,0.5097087378640777,
0.0,0.002,confounded,logger12_balanced,3,oracle_initialized_joint,300,-1.6438860893249512,-1.4365899562835693,0.5002297163009644,0.004518714909535173,0.40323781967163086,0.5082874894142151,1.6624418066463051,False,0.010577053524352554,0.18770226537216828,0.0006128199990183941,0.5006472491909385,
0.0,0.002,confounded,logger12_balanced,3,oracle_initialized_joint,750,-1.9935787916183472,-1.5498526096343994,0.4985927939414978,0.004369819539336177,0.4093886613845825,0.5010150074958801,1.6503955847254033,False,0.010940993783533842,0.2459546925566343,0.0009137884408569346,0.5035598705501618,
0.0,0.002,confounded,logger12_balanced,3,oracle_initialized_joint,1500,-2.0469295978546143,-0.9466168880462646,0.5048885941505432,0.01128294480718933,0.409720778465271,0.4367717504501343,1.5477027742757192,False,0.012173304583868744,0.29449838187702265,0.001118040488889542,0.5090614886731392,
0.0,0.002,confounded,logger12_balanced,3,oracle_initialized_joint,2250,-2.398336410522461,-1.0498018264770508,0.6154171824455261,0.01654010157336534,0.2394680231809616,0.4808860421180725,1.6175069467328536,False,0.012015289617042844,0.2588996763754045,0.000899109893152801,0.5061488673139158,
0.0,0.002,confounded,logger12_balanced,3,oracle_initialized_joint,3000,-2.655581474304199,-0.8073328137397766,0.72025465965271,0.006448741957393108,0.20718416571617126,0.46193641424179077,1.5871443802381926,False,0.009031204131212554,0.313915857605178,0.001115752942444981,0.5058252427184466,
0.0,0.002,confounded,logger12_balanced,4,collapsed_constrained_reference,0,2.5504486560821533,2.7505156993865967,0.5,0.0,0.0,0.6931471805599453,2.0,True,0.5155439010332507,0.3074433656957929,0.002022700731606123,0.5,
0.0,0.002,confounded,logger12_balanced,4,collapsed_constrained_reference,300,1.5444713830947876,1.545462965965271,0.5,0.0,0.0,0.6931471805599453,2.0,True,0.020117726170367008,0.41423948220064727,0.002248541626494194,0.5,
0.0,0.002,confounded,logger12_balanced,4,collapsed_constrained_reference,750,0.9617131352424622,0.9642059803009033,0.5,0.0,0.0,0.6931471805599453,2.0,True,0.019432979881312172,0.42071197411003236,0.002223267038487408,0.5,
0.0,0.002,confounded,logger12_balanced,4,collapsed_constrained_reference,1500,0.1270698457956314,0.13361342251300812,0.5,0.0,0.0,0.6931471805599453,2.0,True,0.01775439335021802,0.42071197411003236,0.001967806720624828,0.5,
0.0,0.002,confounded,logger12_balanced,4,collapsed_constrained_reference,2250,-0.6303602457046509,-0.6048398613929749,0.5,0.0,0.0,0.6931471805599453,2.0,True,0.015453305446498884,0.4854368932038835,0.0023208922651383815,0.5,
0.0,0.002,confounded,logger12_balanced,4,collapsed_constrained_reference,3000,-1.342430830001831,-1.2236460447311401,0.5,0.0,0.0,0.6931471805599453,2.0,True,0.013004318990707073,0.44660194174757284,0.0019741416703642164,0.5,
0.0,0.002,confounded,logger12_balanced,4,true_behavior_fixed,0,2.0267786979675293,2.2194647789001465,0.5,0.01342750226231466,0.3999999761581421,0.5131557583808899,1.6705547524806303,False,0.48994515972225844,0.7993527508090615,0.005671933836717939,0.5,
0.0,0.002,confounded,logger12_balanced,4,true_behavior_fixed,300,1.2328217029571533,1.2334986925125122,0.5,0.013561014815720206,0.3999999761581421,0.5129854679107666,1.6702702971471672,False,0.018290366884547177,0.3300970873786408,0.0016609524788269848,0.5019417475728155,
0.0,0.002,confounded,logger12_balanced,4,true_behavior_fixed,750,0.780697762966156,0.7826608419418335,0.5,0.010207854936508215,0.3999999761581421,0.5129551887512207,1.6702197235320222,False,0.018189560636949504,0.34627831715210355,0.0017938694735149686,0.5016181229773463,
0.0,0.002,confounded,logger12_balanced,4,true_behavior_fixed,1500,0.03753906860947609,0.04404764994978905,0.5,0.007641876199443287,0.3999999761581421,0.5128520131111145,1.6700474064325452,False,0.01990655631033004,0.40129449838187703,0.001821511913926125,0.5006472491909385,
0.0,0.002,confounded,logger12_balanced,4,true_behavior_fixed,2250,-0.6993070244789124,-0.6712564826011658,0.5,0.005981107872813026,0.3999999761581421,0.5127501487731934,1.6698772968233906,False,0.012816230040774899,0.33980582524271846,0.001362113147775576,0.5029126213592233,
0.0,0.002,confounded,logger12_balanced,4,true_behavior_fixed,3000,-1.3225059509277344,-1.2035270929336548,0.5,0.006497708774104785,0.3999999761581421,0.5109623074531555,1.6668944883813428,False,0.014221581785170998,0.3365695792880259,0.001390889468969387,0.5042071197411003,
0.0,0.002,confounded,logger12_balanced,4,true_behavior_fixed_em,0,2.0267786979675293,2.2194647789001465,0.5,0.01342750226231466,0.3999999761581421,0.5131557583808899,1.6705547524806303,False,0.48994515972225844,0.7993527508090615,0.005671933836717939,0.5,0
0.0,0.002,confounded,logger12_balanced,4,true_behavior_fixed_em,100,1.4384186267852783,1.4388402700424194,0.5,0.01888440450399366,0.3999999761581421,0.5129885077476501,1.6702753745041392,False,0.027475834832495764,0.42718446601941745,0.002120469921132991,0.501294498381877,1
0.0,0.002,confounded,logger12_balanced,4,true_behavior_fixed_em,200,1.3346470594406128,1.3352123498916626,0.5,0.015775847565528165,0.3999999761581421,0.5129832625389099,1.6702666135841227,False,0.021027608436124116,0.42718446601941745,0.0022860755018311446,0.5019417475728155,2
0.0,0.002,confounded,logger12_balanced,4,true_behavior_fixed_em,300,1.2328314781188965,1.2334964275360107,0.5,0.013424686522606203,0.3999999761581421,0.5129867792129517,1.6702724873776935,False,0.01849865747370312,0.3268608414239482,0.001687406790944612,0.502588996763754,3
0.0,0.002,confounded,logger12_balanced,4,true_behavior_fixed_em,400,1.1318050622940063,1.1327903270721436,0.5,0.012731623187519192,0.3999999761581421,0.5129808187484741,1.6702625318075346,False,0.018120362311828273,0.3592233009708738,0.0018847556935909834,0.5,4
0.0,0.002,confounded,logger12_balanced,4,true_behavior_fixed_em,500,1.031928539276123,1.0331296920776367,0.5,0.011891426946173832,0.3999999761581421,0.5129579901695251,1.6702244025226822,False,0.022871118320670302,0.3042071197411003,0.0016214767336075124,0.5029126213592233,5
0.0,0.002,confounded,logger12_balanced,4,true_behavior_fixed_em,600,0.9309478998184204,0.9323721528053284,0.5,0.01079209794306308,0.3999999761581421,0.5129842758178711,1.6702683060309993,False,0.018198583994528134,0.2977346278317152,0.0015621075092926392,0.5032362459546925,6
0.0,0.002,confounded,logger12_balanced,4,true_behavior_fixed_em,700,0.8322303295135498,0.8335811495780945,0.5,0.010871658349564176,0.3999999761581421,0.5129317045211792,1.670180500168382,False,0.023484599800716325,0.22330097087378642,0.0009919440067405775,0.5035598705501618,7
0.0,0.002,confounded,logger12_balanced,4,true_behavior_fixed_em,800,0.7308289408683777,0.7329344749450684,0.5,0.009948504821700963,0.3999999761581421,0.5129643082618713,1.6702349551880324,False,0.017220032995432035,0.35275080906148865,0.001786151276666038,0.501294498381877,8
0.0,0.002,confounded,logger12_balanced,4,true_behavior_fixed_em,900,0.6310345530509949,0.6341199278831482,0.5,0.009340496131487403,0.3999999761581421,0.5129541158676147,1.670217931581624,False,0.017022721285957134,0.32362459546925565,0.001462507359599449,0.501294498381877,9
0.0,0.002,confounded,logger12_balanced,4,true_behavior_fixed_em,1000,0.5343903303146362,0.5375851392745972,0.5,0.010061400355604074,0.3999999761581421,0.5129618048667908,1.670230773935296,False,0.02370159638869433,0.2459546925566343,0.001086064049811084,0.5003236245954693,10
0.0,0.002,confounded,logger12_balanced,4,true_behavior_fixed_em,1100,0.43071305751800537,0.43376055359840393,0.5,0.008513794165097453,0.3999999761581421,0.5129616856575012,1.6702305748282837,False,0.014770636373032348,0.2783171521035599,0.0012040695122169764,0.5009708737864078,11
0.0,0.002,confounded,logger12_balanced,4,true_behavior_fixed_em,1200,0.3331843912601471,0.33684200048446655,0.5,0.007917961841818111,0.3999999761581421,0.5129964351654053,1.6702886155272825,False,0.01881908597136892,0.4627831715210356,0.0021326523756623264,0.501294498381877,12
0.0,0.002,confounded,logger12_balanced,4,true_behavior_fixed_em,1300,0.2318495512008667,0.23644742369651794,0.5,0.00746033781696651,0.3999999761581421,0.5129230618476868,1.6701660654060233,False,0.014824063862282712,0.36245954692556637,0.001567412698407747,0.501294498381877,13
0.0,0.002,confounded,logger12_balanced,4,true_behavior_fixed_em,1400,0.13473495841026306,0.1406613141298294,0.5,0.007793898564159932,0.3999999761581421,0.512874186038971,1.670084436683738,False,0.016786910921576297,0.2588996763754045,0.0010420220879195023,0.5048543689320388,14
0.0,0.002,confounded,logger12_balanced,4,true_behavior_fixed_em,1500,0.03329027444124222,0.03993404284119606,0.5,0.007841893530412532,0.3999999761581421,0.5128791332244873,1.6700926989217115,False,0.013826634375710167,0.35275080906148865,0.001572368750862705,0.5035598705501618,15
0.0,0.002,confounded,logger12_balanced,4,true_behavior_fixed_em,1600,-0.062026381492614746,-0.05285734683275223,0.5,0.007557800628241783,0.3999999761581421,0.5128417015075684,1.6700301856545738,False,0.015684936701419513,0.27184466019417475,0.001219149346612225,0.502588996763754,16
0.0,0.002,confounded,logger12_balanced,4,true_behavior_fixed_em,1700,-0.15940821170806885,-0.14965565502643585,0.5,0.007152647991655971,0.3999999761581421,0.5128534436225891,1.6700497954562321,False,0.014771907425375501,0.5307443365695793,0.0025968434850962277,0.5006472491909385,17
0.0,0.002,confounded,logger12_balanced,4,true_behavior_fixed_em,1800,-0.2578844428062439,-0.2459297478199005,0.5,0.006727041842840908,0.3999999761581421,0.5128442645072937,1.6700344659469664,False,0.017128701093888424,0.4401294498381877,0.0019908365213674984,0.5006472491909385,18
0.0,0.002,confounded,logger12_balanced,4,true_behavior_fixed_em,1900,-0.34437912702560425,-0.32655641436576843,0.5,0.006557755999361356,0.3999999761581421,0.5127279758453369,1.6698402711650442,False,0.019667598122199755,0.2912621359223301,0.0011154385692133564,0.5009708737864078,19
0.0,0.002,confounded,logger12_balanced,4,true_behavior_fixed_em,2000,-0.457968533039093,-0.44299235939979553,0.5,0.0063835110919176555,0.3999999761581421,0.5127328038215637,1.6698483331336373,False,0.01208454601498214,0.32362459546925565,0.0013152723848000726,0.5019417475728155,20
0.0,0.002,confounded,logger12_balanced,4,true_behavior_fixed_em,2100,-0.5279257297515869,-0.5044682621955872,0.5,0.006954076616572459,0.3999999761581421,0.5125948190689087,1.6696179354204697,False,0.020799462913151576,0.42071197411003236,0.0017927849533179063,0.5009708737864078,21
0.0,0.002,confounded,logger12_balanced,4,true_behavior_fixed_em,2200,-0.6026433706283569,-0.5604304671287537,0.5,0.006132665325283032,0.3999999761581421,0.5126745104789734,1.6697509949297922,False,0.022944108202354256,0.4174757281553398,0.0019432044474146822,0.5006472491909385,22
0.0,0.002,confounded,logger12_balanced,4,true_behavior_fixed_em,2300,-0.7376442551612854,-0.7102721929550171,0.5,0.006093549657616663,0.3999999761581421,0.512530505657196,1.6695105600476616,False,0.01515352965030176,0.3592233009708738,0.0014522517635033698,0.501294498381877,23
0.0,0.002,confounded,logger12_balanced,4,true_behavior_fixed_em,2400,-0.8328452706336975,-0.7993013262748718,0.5,0.0061827589632026635,0.3999999761581421,0.5125520825386047,1.6695465832676593,False,0.014434802927435892,0.44660194174757284,0.0020931949325138284,0.5045307443365695,24
0.0,0.002,confounded,logger12_balanced,4,true_behavior_fixed_em,2500,-0.9333094954490662,-0.8966403603553772,0.5,0.005840345183651633,0.3999999761581421,0.5125016570091248,1.6694623976197773,False,0.011881078504773511,0.34627831715210355,0.0014214460419874411,0.5061488673139158,25
0.0,0.002,confounded,logger12_balanced,4,true_behavior_fixed_em,2600,-1.0122438669204712,-0.9590400457382202,0.5,0.005450784837032548,0.3999999761581421,0.5123593211174011,1.6692247901111523,False,0.01426300782756288,0.2977346278317152,0.001212243938269769,0.5016181229773463,26
0.0,0.002,confounded,logger12_balanced,4,true_behavior_fixed_em,2700,-1.0463573932647705,-0.9568547010421753,0.5,0.005690284249557462,0.3999999761581421,0.5119116306304932,1.6684776613058168,False,0.017882863839844006,0.31715210355987056,0.0013555804799502843,0.5009708737864078,27
0.0,0.002,confounded,logger12_balanced,4,true_behavior_fixed_em,2800,-1.1860082149505615,-1.1149269342422485,0.5,0.005947734002723791,0.3999999761581421,0.5111732482910156,1.6672461415890534,False,0.0144621164423601,0.459546925566343,0.0020604041566624973,0.5032362459546925,28
0.0,0.002,confounded,logger12_balanced,4,true_behavior_fixed_em,2900,-1.266552448272705,-1.1741873025894165,0.5,0.006300524255892602,0.3999999761581421,0.511622428894043,1.6679952044359836,False,0.013384684893487795,0.3592233009708738,0.0014422031505266447,0.5032362459546925,29
0.0,0.002,confounded,logger12_balanced,4,true_behavior_fixed_em,3000,-1.2898057699203491,-1.1889945268630981,0.5,0.005321217471166278,0.3999999761581421,0.511638343334198,1.6680217498570706,False,0.019074273231410158,0.45307443365695793,0.0020079468365733354,0.501294498381877,30
0.0,0.002,confounded,logger12_balanced,4,oracle_reward_fixed_learn_behavior,0,-1.3408747911453247,-1.2414987087249756,0.5,0.008457900287242,0.0,0.690239667892456,1.994193420107873,False,0.01355317068862372,0.313915857605178,0.0013784086136598228,0.5423948220064725,
0.0,0.002,confounded,logger12_balanced,4,oracle_reward_fixed_learn_behavior,300,-1.3408663272857666,-1.2414640188217163,0.5,0.008457900287242,0.005961686372756958,0.6902161240577698,1.994146469700356,False,0.01355317068862372,0.313915857605178,0.0013784086136598228,0.5427184466019418,
0.0,0.002,confounded,logger12_balanced,4,oracle_reward_fixed_learn_behavior,750,-1.340943455696106,-1.241500735282898,0.5,0.008457900287242,0.015101289376616478,0.6900574564933777,1.9938300884373534,False,0.01355317068862372,0.313915857605178,0.0013784086136598228,0.5313915857605178,
0.0,0.002,confounded,logger12_balanced,4,oracle_reward_fixed_learn_behavior,1500,-1.3410741090774536,-1.2415668964385986,0.5,0.008457900287242,0.02939867042005062,0.6895044445991516,1.9927277815058964,False,0.01355317068862372,0.313915857605178,0.0013784086136598228,0.5242718446601942,
0.0,0.002,confounded,logger12_balanced,4,oracle_reward_fixed_learn_behavior,2250,-1.3411401510238647,-1.241567850112915,0.5,0.008457900287242,0.04341980442404747,0.688603937625885,1.9909341239645983,False,0.01355317068862372,0.313915857605178,0.0013784086136598228,0.5213592233009708,
0.0,0.002,confounded,logger12_balanced,4,oracle_reward_fixed_learn_behavior,3000,-1.341248631477356,-1.2416105270385742,0.5,0.008457900287242,0.05735166370868683,0.6873559355735779,1.9884509838961257,False,0.01355317068862372,0.313915857605178,0.0013784086136598228,0.5171521035598705,
0.0,0.002,confounded,logger12_balanced,4,oracle_initialized_joint,0,-1.3433555364608765,-1.2415515184402466,0.5,0.008457900287242,0.3999999761581421,0.5124807953834534,1.6694275702834442,False,0.01355317068862372,0.313915857605178,0.0013784086136598228,0.5093851132686085,
0.0,0.002,confounded,logger12_balanced,4,oracle_initialized_joint,300,-1.658359169960022,-1.458924651145935,0.49946683645248413,0.005021871113378048,0.4042637348175049,0.5074947476387024,1.6611244418108775,False,0.011469831527005835,0.2815533980582524,0.001091084634075695,0.5016181229773463,
0.0,0.002,confounded,logger12_balanced,4,oracle_initialized_joint,750,-2.0080742835998535,-1.5712343454360962,0.4943705201148987,0.005110108896832831,0.4134431779384613,0.4946804344654083,1.6399740761169488,False,0.010898537111207989,0.28802588996763756,0.0010923270082337782,0.5048543689320388,
0.0,0.002,confounded,logger12_balanced,4,oracle_initialized_joint,1500,-2.3136067390441895,-1.2660138607025146,0.4899928569793701,0.006970646010243986,0.4117151200771332,0.4623745083808899,1.587839851218836,False,0.01138690368645134,0.37216828478964403,0.0014682663210993008,0.5077669902912622,
0.0,0.002,confounded,logger12_balanced,4,oracle_initialized_joint,2250,-1.9435205459594727,-0.4065040647983551,0.49133560061454773,0.019243094808767063,0.40744897723197937,0.35133785009384155,1.4209673187668053,False,0.01305155358405573,0.30097087378640774,0.001208913685406742,0.517799352750809,
0.0,0.002,confounded,logger12_balanced,4,oracle_initialized_joint,3000,-1.090756893157959,0.13475045561790466,0.5075494647026062,0.0476575607861923,0.32415083050727844,0.20796190202236176,1.2311662637105807,False,0.020815661438942243,0.3559870550161812,0.001495745853386744,0.5262135922330097,
0.0,0.005,confounded,logger12_balanced,0,collapsed_constrained_reference,0,2.4910738468170166,2.677199125289917,0.5,0.0,0.0,0.6931471805599453,2.0,True,0.49810978193784355,0.4886731391585761,0.004336876464571611,0.5,
0.0,0.005,confounded,logger12_balanced,0,collapsed_constrained_reference,300,1.5438027381896973,1.544567346572876,0.5,0.0,0.0,0.6931471805599453,2.0,True,0.01965592754599473,0.5145631067961165,0.002926851547575215,0.5,
0.0,0.005,confounded,logger12_balanced,0,collapsed_constrained_reference,750,0.960283637046814,0.9621511101722717,0.5,0.0,0.0,0.6931471805599453,2.0,True,0.01581389711307031,0.3948220064724919,0.002000444368541693,0.5,
0.0,0.005,confounded,logger12_balanced,0,collapsed_constrained_reference,1500,0.1273629516363144,0.13622654974460602,0.5,0.0,0.0,0.6931471805599453,2.0,True,0.019414201251761635,0.5922330097087378,0.0032348092011529918,0.5,
0.0,0.005,confounded,logger12_balanced,0,collapsed_constrained_reference,2250,-0.5004059672355652,-0.459582656621933,0.5,0.0,0.0,0.6931471805599453,2.0,True,0.03575086838271655,0.2168284789644013,0.0009489352270767293,0.5,
0.0,0.005,confounded,logger12_balanced,0,collapsed_constrained_reference,3000,-1.3246128559112549,-1.2196403741836548,0.5,0.0,0.0,0.6931471805599453,2.0,True,0.013288016066850853,0.37216828478964403,0.0013940763626216445,0.5,
0.0,0.005,confounded,logger12_balanced,0,true_behavior_fixed,0,2.05611252784729,2.2671451568603516,0.5,0.013418291028861646,0.3999999761581421,0.5125139355659485,1.6694828963345385,False,0.5014707912576531,0.47896440129449835,0.003939265289924905,0.5003236245954693,
0.0,0.005,confounded,logger12_balanced,0,true_behavior_fixed,300,1.2318408489227295,1.2323834896087646,0.5,0.013521694447396173,0.3999999761581421,0.5129784345626831,1.6702585495960862,False,0.016011975284031515,0.39158576051779936,0.0019472450045779008,0.5016181229773463,
0.0,0.005,confounded,logger12_balanced,0,true_behavior_fixed,750,0.7802291512489319,0.7819260358810425,0.5,0.009410423566060633,0.3999999761581421,0.5129669308662415,1.670239335559269,False,0.021030770870218835,0.34627831715210355,0.00171152681575146,0.5080906148867314,
0.0,0.005,confounded,logger12_balanced,0,true_behavior_fixed,1500,0.0451340451836586,0.05189257115125656,0.5,0.007407706959639512,0.3999999761581421,0.5129988789558411,1.6702926973676138,False,0.0245508530586057,0.343042071197411,0.001536264994812613,0.5009708737864078,
0.0,0.005,confounded,logger12_balanced,0,true_behavior_fixed,2250,-0.6950156092643738,-0.6598134636878967,0.5,0.00694504712164371,0.3999999761581421,0.5128612518310547,1.670062835604093,False,0.013276159950506027,0.31715210355987056,0.0011844130892898108,0.5077669902912622,
0.0,0.005,confounded,logger12_balanced,0,true_behavior_fixed,3000,-1.3811163902282715,-1.2703298330307007,0.5,0.005362281644540646,0.3999999761581421,0.51105135679245,1.66704293084346,False,0.011533330866502193,0.33980582524271846,0.0013516707142864814,0.5058252427184466,
0.0,0.005,confounded,logger12_balanced,0,true_behavior_fixed_em,0,2.05611252784729,2.2671451568603516,0.5,0.013418291028861646,0.3999999761581421,0.5125139355659485,1.6694828963345385,False,0.5014707912576531,0.47896440129449835,0.003939265289924905,0.5003236245954693,0
0.0,0.005,confounded,logger12_balanced,0,true_behavior_fixed_em,100,1.4378045797348022,1.4380855560302734,0.5,0.020168867385657895,0.3999999761581421,0.5129867196083069,1.6702723878216983,False,0.027444724312132626,0.5372168284789643,0.0035562283066332533,0.5029126213592233,1
0.0,0.005,confounded,logger12_balanced,0,true_behavior_fixed_em,200,1.3338642120361328,1.3344051837921143,0.5,0.015977901905523836,0.3999999761581421,0.5129876732826233,1.6702739807183355,False,0.019103650272384823,0.45307443365695793,0.002502274467618447,0.5003236245954693,2
0.0,0.005,confounded,logger12_balanced,0,true_behavior_fixed_em,300,1.2318370342254639,1.2323799133300781,0.5,0.013525241741239516,0.3999999761581421,0.5129790306091309,1.6702595451480582,False,0.016104252463808217,0.3883495145631068,0.0019850308503883475,0.5022653721682848,3
0.0,0.005,confounded,logger12_balanced,0,true_behavior_fixed_em,400,1.1306766271591187,1.1314030885696411,0.5,0.011987772881928711,0.3999999761581421,0.5129801034927368,1.6702613371431032,False,0.015327613839487513,0.43042071197411,0.0021729378727482107,0.5003236245954693,4
0.0,0.005,confounded,logger12_balanced,0,true_behavior_fixed_em,500,1.0308191776275635,1.0318939685821533,0.5,0.011395742541403355,0.3999999761581421,0.5129637122154236,1.6702339596507172,False,0.02350983958876432,0.43042071197411,0.0021268271679785056,0.5006472491909385,5
0.0,0.005,confounded,logger12_balanced,0,true_behavior_fixed_em,600,0.9310552477836609,0.9322526454925537,0.5,0.01080938445637944,0.3999999761581421,0.5129530429840088,1.6702161396331479,False,0.02310937335667172,0.39805825242718446,0.0020266775522884612,0.5019417475728155,6
0.0,0.005,confounded,logger12_balanced,0,true_behavior_fixed_em,700,0.8291714191436768,0.8306252956390381,0.5,0.009743739824712288,0.3999999761581421,0.5129686594009399,1.6702422226284106,False,0.01571439710027793,0.4336569579288026,0.0020686085543515672,0.5035598705501618,7
0.0,0.005,confounded,logger12_balanced,0,true_behavior_fixed_em,800,0.7305411696434021,0.7325297594070435,0.5,0.00939748664714029,0.3999999761581421,0.5129969716072083,1.6702895115401593,False,0.019301878492650623,0.36893203883495146,0.0016588018795045691,0.5061488673139158,8
0.0,0.005,confounded,logger12_balanced,0,true_behavior_fixed_em,900,0.6301256418228149,0.6326212882995605,0.5,0.00983680277006075,0.3999999761581421,0.513023853302002,1.6703344123565278,False,0.016963793463634524,0.4563106796116505,0.0022934516833287887,0.5097087378640777,9
0.0,0.005,confounded,logger12_balanced,0,true_behavior_fixed_em,1000,0.5300458073616028,0.5327113270759583,0.5,0.008862142745161132,0.3999999761581421,0.5129297971725464,1.6701773145549266,False,0.016117460261524996,0.44336569579288027,0.002032642718869894,0.5016181229773463,10
0.0,0.005,confounded,logger12_balanced,0,true_behavior_fixed_em,1100,0.4303795397281647,0.43371355533599854,0.5,0.009974755858768109,0.3999999761581421,0.5129507780075073,1.6702123566371234,False,0.014465910162426482,0.3656957928802589,0.0016149569731422656,0.511326860841424,11
0.0,0.005,confounded,logger12_balanced,0,true_behavior_fixed_em,1200,0.33282777667045593,0.3362843096256256,0.5,0.007935711338611073,0.3999999761581421,0.5130051374435425,1.6703031509066295,False,0.01899517856361301,0.4077669902912621,0.0018925956556797216,0.5042071197411003,12
0.0,0.005,confounded,logger12_balanced,0,true_behavior_fixed_em,1300,0.23893041908740997,0.2442631721496582,0.5,0.008406254416627113,0.3999999761581421,0.5129866600036621,1.6702722882657088,False,0.020657617252041682,0.46601941747572817,0.002428029742639674,0.5016181229773463,13
0.0,0.005,confounded,logger12_balanced,0,true_behavior_fixed_em,1400,0.1330956071615219,0.13846813142299652,0.5,0.00819541238506207,0.3999999761581421,0.512898862361908,1.6701256487351086,False,0.014204805205942455,0.343042071197411,0.0014754694435228017,0.502588996763754,14
0.0,0.005,confounded,logger12_balanced,0,true_behavior_fixed_em,1500,0.04069605842232704,0.048147767782211304,0.5,0.007224844684344553,0.3999999761581421,0.5128833651542664,1.670099766651693,False,0.021425607088241108,0.32362459546925565,0.0014267963451605132,0.5006472491909385,15
0.0,0.005,confounded,logger12_balanced,0,true_behavior_fixed_em,1600,-0.06060086563229561,-0.052079275250434875,0.5,0.007256622579746421,0.3999999761581421,0.5128815174102783,1.6700966807377406,False,0.016989932429521633,0.5760517799352751,0.002889807857585664,0.5022653721682848,16
0.0,0.005,confounded,logger12_balanced,0,true_behavior_fixed_em,1700,-0.16393880546092987,-0.15321536362171173,0.5,0.006823382560108532,0.3999999761581421,0.5128568410873413,1.670055469401185,False,0.013497104169154775,0.4563106796116505,0.0021287984968253707,0.5019417475728155,17
0.0,0.005,confounded,logger12_balanced,0,true_behavior_fixed_em,1800,-0.24395781755447388,-0.23559138178825378,0.5,0.007755227496914889,0.3999999761581421,0.5130496621131897,1.670377522258302,False,0.0222272800043585,0.5307443365695793,0.0027010922855491195,0.5042071197411003,18
0.0,0.005,confounded,logger12_balanced,0,true_behavior_fixed_em,1900,-0.35970738530158997,-0.3458733558654785,0.5,0.007309328983493565,0.3999999761581421,0.5131085515022278,1.6704758926665089,False,0.011924456214284233,0.3851132686084142,0.0016184776979291837,0.5119741100323625,19
0.0,0.005,confounded,logger12_balanced,0,true_behavior_fixed_em,2000,-0.4578603506088257,-0.439734548330307,0.5,0.006604621172055018,0.3999999761581421,0.5129591822624207,1.6702263935865131,False,0.01309579458605362,0.3559870550161812,0.0013926491372053445,0.502588996763754,20
0.0,0.005,confounded,logger12_balanced,0,true_behavior_fixed_em,2100,-0.5471257567405701,-0.5266319513320923,0.5,0.007395604002803775,0.3999999761581421,0.5126872658729553,1.6697722933974193,False,0.013771387972224847,0.3851132686084142,0.0018292418674378875,0.5006472491909385,21
0.0,0.005,confounded,logger12_balanced,0,true_behavior_fixed_em,2200,-0.6529998183250427,-0.6300772428512573,0.5,0.006441544154720059,0.3999999761581421,0.5128371119499207,1.6700225209723523,False,0.011819047104873763,0.40129449838187703,0.0016928602425319455,0.5003236245954693,22
0.0,0.005,confounded,logger12_balanced,0,true_behavior_fixed_em,2300,-0.7178546190261841,-0.6894820928573608,0.5,0.007583612546490122,0.3999999761581421,0.5133802890777588,1.670929885416216,False,0.016433935190007323,0.4854368932038835,0.002235226936683501,0.5090614886731392,23
0.0,0.005,confounded,logger12_balanced,0,true_behavior_fixed_em,2400,-0.8363037705421448,-0.805230438709259,0.5,0.006328070808179672,0.3999999761581421,0.5129863023757935,1.6702716909298971,False,0.01153038473580274,0.2912621359223301,0.0012255730366832918,0.5009708737864078,24
0.0,0.005,confounded,logger12_balanced,0,true_behavior_fixed_em,2500,-0.923722505569458,-0.8833142518997192,0.5,0.0058171665919209015,0.3999999761581421,0.5131276845932007,1.6705078543394931,False,0.013254169311779038,0.44660194174757284,0.0019135316881246907,0.5032362459546925,25
0.0,0.005,confounded,logger12_balanced,0,true_behavior_fixed_em,2600,-1.0071814060211182,-0.9539165496826172,0.5,0.006324987118455803,0.3999999761581421,0.5129375457763672,1.6701902561473871,False,0.014378597716074555,0.284789644012945,0.001086480341930041,0.5048543689320388,26
0.0,0.005,confounded,logger12_balanced,0,true_behavior_fixed_em,2700,-1.0881671905517578,-1.0393387079238892,0.5,0.0062967991999960966,0.3999999761581421,0.5124285817146301,1.6693404056207783,False,0.01472624128647321,0.49838187702265374,0.002211311176960848,0.5003236245954693,27
0.0,0.005,confounded,logger12_balanced,0,true_behavior_fixed_em,2800,-1.2163422107696533,-1.1420725584030151,0.5,0.005564885838033728,0.3999999761581421,0.5128788948059082,1.6700923007406308,False,0.01046322915741195,0.37216828478964403,0.0015508084098164916,0.5071197411003237,28
0.0,0.005,confounded,logger12_balanced,0,true_behavior_fixed_em,2900,-1.2703372240066528,-1.1763932704925537,0.5,0.005806286998363607,0.3999999761581421,0.5120835900306702,1.6687645963935493,False,0.014434311848717714,0.46601941747572817,0.0019523836054281178,0.5080906148867314,29
0.0,0.005,confounded,logger12_balanced,0,true_behavior_fixed_em,3000,-1.3167365789413452,-1.210191011428833,0.5,0.0055772455501254346,0.3999999761581421,0.5102639198303223,1.6657307563174235,False,0.016469135029327387,0.40129449838187703,0.001631142777514189,0.5042071197411003,30
0.0,0.005,confounded,logger12_balanced,0,oracle_reward_fixed_learn_behavior,0,-1.34610915184021,-1.2309906482696533,0.5,0.010298551816394072,0.0,0.6888778805732727,1.9914796010379592,False,0.012176989656395755,0.2168284789644013,0.0007126153474347272,0.6365695792880259,
0.0,0.005,confounded,logger12_balanced,0,oracle_reward_fixed_learn_behavior,300,-1.3464101552963257,-1.2312132120132446,0.5,0.010298551816394072,0.015784507617354393,0.6886612772941589,1.9910482867398183,False,0.012176989656395755,0.2168284789644013,0.0007126153474347272,0.6103559870550161,
0.0,0.005,confounded,logger12_balanced,0,oracle_reward_fixed_learn_behavior,750,-1.346818208694458,-1.231498122215271,0.5,0.010298551816394072,0.03932216763496399,0.6874977946281433,1.9887330836814823,False,0.012176989656395755,0.2168284789644013,0.0007126153474347272,0.56957928802589,
0.0,0.005,confounded,logger12_balanced,0,oracle_reward_fixed_learn_behavior,1500,-1.3476349115371704,-1.232087254524231,0.5,0.010298551816394072,0.07997247576713562,0.6830903887748718,1.9799872172967494,False,0.012176989656395755,0.2168284789644013,0.0007126153474347272,0.5462783171521035,
0.0,0.005,confounded,logger12_balanced,0,oracle_reward_fixed_learn_behavior,2250,-1.348380208015442,-1.2325893640518188,0.5,0.010298551816394072,0.1199050173163414,0.6758148670196533,1.9656340539116879,False,0.012176989656395755,0.2168284789644013,0.0007126153474347272,0.5330097087378641,
0.0,0.005,confounded,logger12_balanced,0,oracle_reward_fixed_learn_behavior,3000,-1.349076747894287,-1.2330399751663208,0.5,0.010298551816394072,0.15724089741706848,0.6663876175880432,1.947190603491518,False,0.012176989656395755,0.2168284789644013,0.0007126153474347272,0.5297734627831715,
0.0,0.005,confounded,logger12_balanced,0,oracle_initialized_joint,0,-1.353724479675293,-1.2355269193649292,0.5,0.010298551816394072,0.3999999761581421,0.5116637349128723,1.668064104100281,False,0.012176989656395755,0.2168284789644013,0.0007126153474347272,0.529126213592233,
0.0,0.005,confounded,logger12_balanced,0,oracle_initialized_joint,300,-1.4907591342926025,-1.2462737560272217,0.5018845796585083,0.005266773614292945,0.40375417470932007,0.5088872313499451,1.6634391417554117,False,0.01658236246616785,0.2621359223300971,0.0009842923551253164,0.5148867313915858,
0.0,0.005,confounded,logger12_balanced,0,oracle_initialized_joint,750,-1.9258137941360474,-1.5581109523773193,0.5061793327331543,0.006064814587928627,0.40902024507522583,0.4955408573150635,1.6413857545179662,False,0.011084486172591067,0.3106796116504854,0.001318020372163274,0.5084142394822007,
0.0,0.005,confounded,logger12_balanced,0,oracle_initialized_joint,1500,-2.170997142791748,-1.2803653478622437,0.5008120536804199,0.007796052895940151,0.4097464084625244,0.4655313789844513,1.5928603765732896,False,0.012385822506857077,0.27184466019417475,0.0011060149987062392,0.5233009708737864,
0.0,0.005,confounded,logger12_balanced,0,oracle_initialized_joint,2250,-2.319547653198242,-0.7814323902130127,0.49145060777664185,0.009198844758543679,0.384564608335495,0.4383071959018707,1.550081012821657,False,0.011008048750307493,0.30097087378640774,0.0012318627114784274,0.5640776699029126,
0.0,0.005,confounded,logger12_balanced,0,oracle_initialized_joint,3000,-2.4331612586975098,-1.0939571857452393,0.4521275758743286,0.008951487664270978,0.30930179357528687,0.482751727104187,1.6205275220031115,False,0.010093049769517595,0.34951456310679613,0.0015051417565559138,0.5330097087378641,
0.0,0.005,confounded,logger12_balanced,1,collapsed_constrained_reference,0,2.5471901893615723,2.737510919570923,0.5,0.0,0.0,0.6931471805599453,2.0,True,0.5148764123026515,0.7508090614886731,0.0049932077910158175,0.5,
0.0,0.005,confounded,logger12_balanced,1,collapsed_constrained_reference,300,1.5457708835601807,1.5465171337127686,0.5,0.0,0.0,0.6931471805599453,2.0,True,0.019432367743962557,0.4692556634304207,0.002337833181995607,0.5,
0.0,0.005,confounded,logger12_balanced,1,collapsed_constrained_reference,750,0.963298499584198,0.9646846652030945,0.5,0.0,0.0,0.6931471805599453,2.0,True,0.019529266818807213,0.5016181229773463,0.0026016756711234393,0.5,
0.0,0.005,confounded,logger12_balanced,1,collapsed_constrained_reference,1500,0.15982002019882202,0.17604966461658478,0.5,0.0,0.0,0.6931471805599453,2.0,True,0.03383696836378003,0.540453074433657,0.002787820727712631,0.5,
0.0,0.005,confounded,logger12_balanced,1,collapsed_constrained_reference,2250,-0.623795747756958,-0.5928041338920593,0.5,0.0,0.0,0.6931471805599453,2.0,True,0.016378486701848386,0.5598705501618123,0.0026801648831302856,0.5,
0.0,0.005,confounded,logger12_balanced,1,collapsed_constrained_reference,3000,-1.1788287162780762,-1.073747158050537,0.5,0.0,0.0,0.6931471805599453,2.0,True,0.020820795032955648,0.540453074433657,0.0025492104982957364,0.5,
0.0,0.005,confounded,logger12_balanced,1,true_behavior_fixed,0,2.0462517738342285,2.2477805614471436,0.5,0.01489706471732955,0.3999999761581421,0.5130274891853333,1.6703404855086161,False,0.5027530731438061,0.37216828478964403,0.0036866293319266167,0.5006472491909385,
0.0,0.005,confounded,logger12_balanced,1,true_behavior_fixed,300,1.234213948249817,1.2348295450210571,0.5,0.013513591225251255,0.3999999761581421,0.512998104095459,1.6702914031244773,False,0.01921099906590771,0.44336569579288027,0.0025319482501068693,0.5019417475728155,
0.0,0.005,confounded,logger12_balanced,1,true_behavior_fixed,750,0.7863709926605225,0.7882049679756165,0.5,0.011353550626552843,0.3999999761581421,0.5130435228347778,1.6703672673771188,False,0.032770588092437054,0.40129449838187703,0.0022905493738485556,0.502588996763754,
0.0,0.005,confounded,logger12_balanced,1,true_behavior_fixed,1500,0.03909545764327049,0.046668149530887604,0.5,0.007954189837084168,0.3999999761581421,0.5130276679992676,1.6703407841887967,False,0.016468119457426232,0.4692556634304207,0.002298484149874865,0.5061488673139158,
0.0,0.005,confounded,logger12_balanced,1,true_behavior_fixed,2250,-0.677611768245697,-0.6578169465065002,0.5,0.0076635776904688474,0.3999999761581421,0.513107419013977,1.6704740008732586,False,0.015481256838384598,0.4045307443365696,0.001851797137796558,0.511326860841424,
0.0,0.005,confounded,logger12_balanced,1,true_behavior_fixed,3000,-1.3470664024353027,-1.2559257745742798,0.5,0.006151064654042605,0.3999999761581421,0.5103869438171387,1.6659356937618806,False,0.012978454417439528,0.32362459546925565,0.0013158651986546288,0.5071197411003237,
0.0,0.005,confounded,logger12_balanced,1,true_behavior_fixed_em,0,2.0462517738342285,2.2477805614471436,0.5,0.01489706471732955,0.3999999761581421,0.5130274891853333,1.6703404855086161,False,0.5027530731438061,0.37216828478964403,0.0036866293319266167,0.5006472491909385,0
0.0,0.005,confounded,logger12_balanced,1,true_behavior_fixed_em,100,1.4392255544662476,1.4396121501922607,0.5,0.019451612713155902,0.3999999761581421,0.5129685997962952,1.670242123074219,False,0.02910730444616274,0.47249190938511326,0.00376021790357266,0.5003236245954693,1
0.0,0.005,confounded,logger12_balanced,1,true_behavior_fixed_em,200,1.3356513977050781,1.336186408996582,0.5,0.0162141587674515,0.3999999761581421,0.5129879713058472,1.6702744784988461,False,0.01888220363711743,0.39805825242718446,0.002345928254446456,0.5080906148867314,2
0.0,0.005,confounded,logger12_balanced,1,true_behavior_fixed_em,300,1.2341947555541992,1.2348027229309082,0.5,0.01359627298430401,0.3999999761581421,0.5129969120025635,1.670289411983149,False,0.019174986757553136,0.44660194174757284,0.002587976911409579,0.503883495145631,3
0.0,0.005,confounded,logger12_balanced,1,true_behavior_fixed_em,400,1.1333966255187988,1.1342971324920654,0.5,0.013749282043622284,0.3999999761581421,0.5130124092102051,1.6703152970055606,False,0.01877977973293712,0.4077669902912621,0.002303496710379435,0.5084142394822007,4
0.0,0.005,confounded,logger12_balanced,1,true_behavior_fixed_em,500,1.0327647924423218,1.0337789058685303,0.5,0.012329298085477744,0.3999999761581421,0.5129969716072083,1.6702895115401593,False,0.016219541101783065,0.4045307443365696,0.0021176665321719955,0.512621359223301,5
0.0,0.005,confounded,logger12_balanced,1,true_behavior_fixed_em,600,0.9326176047325134,0.9337671995162964,0.5,0.011205394307238697,0.3999999761581421,0.5130247473716736,1.670335905752535,False,0.017981615698219232,0.6181229773462783,0.003692634048127459,0.5058252427184466,6
0.0,0.005,confounded,logger12_balanced,1,true_behavior_fixed_em,700,0.8327006101608276,0.8340941667556763,0.5,0.01070832729495381,0.3999999761581421,0.5129860043525696,1.6702711931502172,False,0.020351421648048994,0.4692556634304207,0.0025567474069256068,0.5,7
0.0,0.005,confounded,logger12_balanced,1,true_behavior_fixed_em,800,0.7328680157661438,0.7345408797264099,0.5,0.01038252982832479,0.3999999761581421,0.5129823684692383,1.6702651202500676,False,0.017140603697036936,0.343042071197411,0.0015800393620903283,0.5061488673139158,8
0.0,0.005,confounded,logger12_balanced,1,true_behavior_fixed_em,900,0.6329571604728699,0.6350449323654175,0.5,0.0096557883446131,0.3999999761581421,0.5130331516265869,1.6703499437402671,False,0.01686426912774524,0.5501618122977346,0.0032442831440004367,0.512621359223301,9
0.0,0.005,confounded,logger12_balanced,1,true_behavior_fixed_em,1000,0.5327927470207214,0.5348817706108093,0.5,0.009091062054070379,0.3999999761581421,0.5129545331001282,1.6702186284509948,False,0.013593082550549916,0.3883495145631068,0.002077946872783251,0.5074433656957928,10
0.0,0.005,confounded,logger12_balanced,1,true_behavior_fixed_em,1100,0.43231984972953796,0.43514958024024963,0.5,0.009293091667387059,0.3999999761581421,0.5129953622817993,1.6702868235029709,False,0.012665128948879613,0.34627831715210355,0.0016110816750663588,0.5110032362459547,11
0.0,0.005,confounded,logger12_balanced,1,true_behavior_fixed_em,1200,0.33506879210472107,0.3390249013900757,0.5,0.009121583753040867,0.3999999761581421,0.5128916501998901,1.6701136035617756,False,0.01763363406090621,0.4854368932038835,0.0026831012762406447,0.5074433656957928,12
0.0,0.005,confounded,logger12_balanced,1,true_behavior_fixed_em,1300,0.23378226161003113,0.23834410309791565,0.5,0.007803447578644684,0.3999999761581421,0.5129691362380981,1.6702430190621553,False,0.012458480896230384,0.4110032362459547,0.0019451984858446692,0.5074433656957928,13
0.0,0.005,confounded,logger12_balanced,1,true_behavior_fixed_em,1400,0.13487312197685242,0.14062127470970154,0.5,0.007820857029658143,0.3999999761581421,0.5129026770591736,1.6701320197710057,False,0.01227895486590226,0.43042071197411,0.0019966610324053846,0.5080906148867314,14
0.0,0.005,confounded,logger12_balanced,1,true_behavior_fixed_em,1500,0.05007454752922058,0.06495165824890137,0.5,0.007486492080101672,0.3999999761581421,0.5128898024559021,1.6701105176222564,False,0.023420634110329797,0.459546925566343,0.0021985296579385594,0.502588996763754,15
0.0,0.005,confounded,logger12_balanced,1,true_behavior_fixed_em,1600,-0.05458046495914459,-0.044717978686094284,0.5,0.007828780982788023,0.3999999761581421,0.5128906965255737,1.6701120108180858,False,0.01834021299218132,0.44336569579288027,0.002004020440967337,0.502588996763754,16
0.0,0.005,confounded,logger12_balanced,1,true_behavior_fixed_em,1700,-0.15994097292423248,-0.15062633156776428,0.5,0.006908856450487073,0.3999999761581421,0.5128892064094543,1.6701095221591116,False,0.012231850628839394,0.28802588996763756,0.0011418133532804984,0.5061488673139158,17
0.0,0.005,confounded,logger12_balanced,1,true_behavior_fixed_em,1800,-0.2598225772380829,-0.2505328357219696,0.5,0.006771874566443598,0.3999999761581421,0.512938916683197,1.6701925458241857,False,0.012448275383995311,0.42394822006472493,0.0020512052904483047,0.5084142394822007,18
0.0,0.005,confounded,logger12_balanced,1,true_behavior_fixed_em,1900,-0.3371540904045105,-0.3224000036716461,0.5,0.006650849594727639,0.3999999761581421,0.5127391219139099,1.669858883422939,False,0.02029650106332743,0.48220064724919093,0.0025554647267507532,0.502588996763754,19
0.0,0.005,confounded,logger12_balanced,1,true_behavior_fixed_em,2000,-0.44941070675849915,-0.435960590839386,0.5,0.006606375775747986,0.3999999761581421,0.5129350423812866,1.6701860750065498,False,0.013169289209347112,0.2621359223300971,0.0010077354184526864,0.510032362459547,20
0.0,0.005,confounded,logger12_balanced,1,true_behavior_fixed_em,2100,-0.5506804585456848,-0.532420814037323,0.5,0.006276869476163173,0.3999999761581421,0.5128132104873657,1.6699826054686226,False,0.011077539568131426,0.3818770226537217,0.0015892720459671488,0.5093851132686085,21
0.0,0.005,confounded,logger12_balanced,1,true_behavior_fixed_em,2200,-0.6484872698783875,-0.6278113722801208,0.5,0.006257957580071304,0.3999999761581421,0.5125833749771118,1.6695988282688834,False,0.01102038228588754,0.4077669902912621,0.0018701932863978954,0.5032362459546925,22
0.0,0.005,confounded,logger12_balanced,1,true_behavior_fixed_em,2300,-0.7036833167076111,-0.6842163801193237,0.5,0.007082232571235396,0.3999999761581421,0.5130661129951477,1.6704050016677756,False,0.019737378892312328,0.5663430420711975,0.0031958878099033507,0.5074433656957928,23
0.0,0.005,confounded,logger12_balanced,1,true_behavior_fixed_em,2400,-0.834010124206543,-0.8002722263336182,0.5,0.005970968243551081,0.3999999761581421,0.5123616456985474,1.6692286703641384,False,0.010031229769006689,0.33980582524271846,0.0013812328689837715,0.5077669902912622,24
0.0,0.005,confounded,logger12_balanced,1,true_behavior_fixed_em,2500,-0.925230860710144,-0.8890824317932129,0.5,0.0057460453860173595,0.3999999761581421,0.5121172666549683,1.6688207956982002,False,0.012098483024288696,0.46601941747572817,0.0022474137859760436,0.5090614886731392,25
0.0,0.005,confounded,logger12_balanced,1,true_behavior_fixed_em,2600,-0.925230860710144,-0.8890824317932129,0.5,0.0057460453860173595,0.3999999761581421,0.5121172666549683,1.6688207956982002,False,0.012098483024288696,0.46601941747572817,0.0022474137859760436,0.5090614886731392,26
0.0,0.005,confounded,logger12_balanced,1,true_behavior_fixed_em,2700,-0.9868726134300232,-0.9205185770988464,0.5,0.006207391241232612,0.3999999761581421,0.5119797587394714,1.6685913354059108,False,0.013897295126007079,0.47572815533980584,0.002159694166034283,0.5064724919093851,27
0.0,0.005,confounded,logger12_balanced,1,true_behavior_fixed_em,2800,-1.1095374822616577,-1.0525565147399902,0.5,0.005400411113378229,0.3999999761581421,0.5121193528175354,1.6688242771333068,False,0.011292073642297036,0.45307443365695793,0.002042851542592592,0.5061488673139158,28
0.0,0.005,confounded,logger12_balanced,1,true_behavior_fixed_em,2900,-1.1738364696502686,-1.1012967824935913,0.5,0.005687625356996072,0.3999999761581421,0.5115869045257568,1.6679359510125182,False,0.013935058912254411,0.31715210355987056,0.001225958371625062,0.5003236245954693,29
0.0,0.005,confounded,logger12_balanced,1,true_behavior_fixed_em,3000,-1.2737256288528442,-1.1974363327026367,0.5,0.007189110394013744,0.3999999761581421,0.5109589695930481,1.6668889245300123,False,0.011682053627868874,0.3268608414239482,0.0014060377829002236,0.5119741100323625,30
0.0,0.005,confounded,logger12_balanced,1,oracle_reward_fixed_learn_behavior,0,-1.3385227918624878,-1.233476996421814,0.5,0.010638442585589887,0.0,0.6897860169410706,1.993288957536259,False,0.00998001255876052,0.2621359223300971,0.0009785409696010678,0.6899676375404531,
0.0,0.005,confounded,logger12_balanced,1,oracle_reward_fixed_learn_behavior,300,-1.3388171195983887,-1.233728051185608,0.5,0.010638442585589887,0.01657852530479431,0.6895321607589722,1.992783013032967,False,0.00998001255876052,0.2621359223300971,0.0009785409696010678,0.6336569579288026,
0.0,0.005,confounded,logger12_balanced,1,oracle_reward_fixed_learn_behavior,750,-1.3392494916915894,-1.2340922355651855,0.5,0.010638442585589887,0.040880151093006134,0.6882554292678833,1.990240387675635,False,0.00998001255876052,0.2621359223300971,0.0009785409696010678,0.574757281553398,
0.0,0.005,confounded,logger12_balanced,1,oracle_reward_fixed_learn_behavior,1500,-1.3400098085403442,-1.2347297668457031,0.5,0.010638442585589887,0.08038763701915741,0.6838826537132263,1.981556513314425,False,0.00998001255876052,0.2621359223300971,0.0009785409696010678,0.5478964401294498,
0.0,0.005,confounded,logger12_balanced,1,oracle_reward_fixed_learn_behavior,2250,-1.3407188653945923,-1.235304832458496,0.5,0.010638442585589887,0.11775537580251694,0.6770865321159363,1.968135272149011,False,0.00998001255876052,0.2621359223300971,0.0009785409696010678,0.545631067961165,
0.0,0.005,confounded,logger12_balanced,1,oracle_reward_fixed_learn_behavior,3000,-1.3413612842559814,-1.2358115911483765,0.5,0.010638442585589887,0.1539851874113083,0.6679837107658386,1.950300982696822,False,0.00998001255876052,0.2621359223300971,0.0009785409696010678,0.543042071197411,
0.0,0.005,confounded,logger12_balanced,1,oracle_initialized_joint,0,-1.3461016416549683,-1.239206075668335,0.5,0.010638442585589887,0.3999999761581421,0.5116102695465088,1.6679749228259133,False,0.00998001255876052,0.2621359223300971,0.0009785409696010678,0.5411003236245955,
0.0,0.005,confounded,logger12_balanced,1,oracle_initialized_joint,300,-1.6252354383468628,-1.433796763420105,0.5026752352714539,0.004921928978981955,0.40492886304855347,0.5066753625869751,1.6597638987546415,False,0.01065634590059871,0.313915857605178,0.001145516166593865,0.5122977346278317,
0.0,0.005,confounded,logger12_balanced,1,oracle_initialized_joint,750,-1.9648139476776123,-1.5752460956573486,0.5024036169052124,0.00611155389446095,0.4115928113460541,0.49537140130996704,1.6411076354103253,False,0.009804771996462342,0.3786407766990291,0.0016114338409952082,0.5200647249190938,
0.0,0.005,confounded,logger12_balanced,1,oracle_initialized_joint,1500,-1.1676863431930542,0.47287988662719727,0.5001387000083923,0.013887328378483985,0.4232933521270752,0.3850112855434418,1.4696309069309996,False,0.017329656602856805,0.3268608414239482,0.0013285438184561331,0.5640776699029126,
0.0,0.005,confounded,logger12_balanced,1,oracle_initialized_joint,2250,-1.8538777828216553,-0.21731452643871307,0.5035887956619263,0.01612794284781658,0.40226659178733826,0.34098854660987854,1.4063371334420955,False,0.013673592005157267,0.30097087378640774,0.0012778904103143245,0.5048543689320388,
0.0,0.005,confounded,logger12_balanced,1,oracle_initialized_joint,3000,-2.5104339122772217,-0.503633975982666,0.4934597313404083,0.009077054117701221,0.3715225160121918,0.4283568263053894,1.53473361660038,False,0.010209514705085616,0.34951456310679613,0.0014085269297161255,0.5330097087378641,
0.0,0.005,confounded,logger12_balanced,2,collapsed_constrained_reference,0,2.5425288677215576,2.7487308979034424,0.5,0.0,0.0,0.6931471805599453,2.0,True,0.5054177602782653,0.5598705501618123,0.0031943731255504168,0.5,
0.0,0.005,confounded,logger12_balanced,2,collapsed_constrained_reference,300,1.5443832874298096,1.544830083847046,0.5,0.0,0.0,0.6931471805599453,2.0,True,0.017044307154140778,0.4045307443365696,0.0019235659963648425,0.5,
0.0,0.005,confounded,logger12_balanced,2,collapsed_constrained_reference,750,0.9613257646560669,0.9622251391410828,0.5,0.0,0.0,0.6931471805599453,2.0,True,0.017133268365747533,0.36893203883495146,0.0016267870912773535,0.5,
0.0,0.005,confounded,logger12_balanced,2,collapsed_constrained_reference,1500,0.1236875131726265,0.12991535663604736,0.5,0.0,0.0,0.6931471805599453,2.0,True,0.01588217098226966,0.44983818770226536,0.0019154071722724936,0.5,
0.0,0.005,confounded,logger12_balanced,2,collapsed_constrained_reference,2250,-0.60117107629776,-0.5675658583641052,0.5,0.0,0.0,0.6931471805599453,2.0,True,0.02138088580828596,0.4401294498381877,0.002003751126482489,0.5,
0.0,0.005,confounded,logger12_balanced,2,collapsed_constrained_reference,3000,-1.3340116739273071,-1.2269924879074097,0.5,0.0,0.0,0.6931471805599453,2.0,True,0.012544405960458613,0.459546925566343,0.001962747539352146,0.5,
0.0,0.005,confounded,logger12_balanced,2,true_behavior_fixed,0,2.030240297317505,2.2228729724884033,0.5,0.010762292521784568,0.3999999761581421,0.5130062699317932,1.6703050425063943,False,0.49752064917860045,0.23624595469255663,0.0019030649774004875,0.5006472491909385,
0.0,0.005,confounded,logger12_balanced,2,true_behavior_fixed,300,1.2335171699523926,1.234240174293518,0.5,0.014864488976311305,0.3999999761581421,0.5129837393760681,1.670267410029498,False,0.01963375072694213,0.41423948220064727,0.001961926791599619,0.5032362459546925,
0.0,0.005,confounded,logger12_balanced,2,true_behavior_fixed,750,0.782516360282898,0.7840766310691833,0.5,0.01080589363555915,0.3999999761581421,0.5129728317260742,1.6702491914365545,False,0.02075430659178575,0.37216828478964403,0.0016500201145456864,0.5051779935275081,
0.0,0.005,confounded,logger12_balanced,2,true_behavior_fixed,1500,0.035824768245220184,0.0416162870824337,0.5,0.008326215726385809,0.3999999761581421,0.5128585696220398,1.6700583561525073,False,0.015092503788223282,0.4919093851132686,0.0022531494853638783,0.5019417475728155,
0.0,0.005,confounded,logger12_balanced,2,true_behavior_fixed,2250,-0.6577430963516235,-0.6138866543769836,0.5,0.0071822213418644455,0.3999999761581421,0.5126572847366333,1.6697222324771095,False,0.01938650810366504,0.46601941747572817,0.002134294825057434,0.503883495145631,
0.0,0.005,confounded,logger12_balanced,2,true_behavior_fixed,3000,-1.117398977279663,-0.8591299653053284,0.5,0.006765653997288103,0.3999999761581421,0.5101050734519958,1.6654661820334054,False,0.020484319273273505,0.45307443365695793,0.002031955510004742,0.5058252427184466,
0.0,0.005,confounded,logger12_balanced,2,true_behavior_fixed_em,0,2.030240297317505,2.2228729724884033,0.5,0.010762292521784568,0.3999999761581421,0.5130062699317932,1.6703050425063943,False,0.49752064917860045,0.23624595469255663,0.0019030649774004875,0.5006472491909385,0
0.0,0.005,confounded,logger12_balanced,2,true_behavior_fixed_em,100,1.438659906387329,1.4392364025115967,0.5,0.018765344657069985,0.3999999761581421,0.5129737854003906,1.6702507843110699,False,0.02780257089042781,0.47249190938511326,0.0031373119061050697,0.5009708737864078,1
0.0,0.005,confounded,logger12_balanced,2,true_behavior_fixed_em,200,1.3350759744644165,1.335801601409912,0.5,0.015857979471083507,0.3999999761581421,0.5129798650741577,1.670260938921816,False,0.01921493509764754,0.56957928802589,0.0030901955924737628,0.5042071197411003,2
0.0,0.005,confounded,logger12_balanced,2,true_behavior_fixed_em,300,1.2334842681884766,1.2342010736465454,0.5,0.014893346691090933,0.3999999761581421,0.512985110282898,1.6702696998120676,False,0.01926082270173821,0.39805825242718446,0.0018774914176358144,0.502588996763754,3
0.0,0.005,confounded,logger12_balanced,2,true_behavior_fixed_em,400,1.133486270904541,1.1342339515686035,0.5,0.01482917232368586,0.3999999761581421,0.513018786907196,1.6703259498043743,False,0.027150572200557214,0.5016181229773463,0.0027162076531742764,0.503883495145631,4
0.0,0.005,confounded,logger12_balanced,2,true_behavior_fixed_em,500,1.0315074920654297,1.032691240310669,0.5,0.011548739780786571,0.3999999761581421,0.5129694938659668,1.6702436163877132,False,0.015808644038403544,0.48220064724919093,0.002365816237977687,0.501294498381877,5
0.0,0.005,confounded,logger12_balanced,2,true_behavior_fixed_em,600,0.9328663349151611,0.9345993399620056,0.5,0.011273528352888007,0.3999999761581421,0.5129757523536682,1.6702540696195554,False,0.025226167214599665,0.32038834951456313,0.0013620962856997713,0.5019417475728155,6
0.0,0.005,confounded,logger12_balanced,2,true_behavior_fixed_em,700,0.8314409255981445,0.8325229287147522,0.5,0.011074844437855634,0.3999999761581421,0.5129526853561401,1.6702155423174165,False,0.01867642386623237,0.36245954692556637,0.0017237648880462897,0.5051779935275081,7
0.0,0.005,confounded,logger12_balanced,2,true_behavior_fixed_em,800,0.7319357991218567,0.7337197661399841,0.5,0.011017366720323647,0.3999999761581421,0.5129467844963074,1.6702056866386894,False,0.019453165441716255,0.4563106796116505,0.002175067134896349,0.5022653721682848,8
0.0,0.005,confounded,logger12_balanced,2,true_behavior_fixed_em,900,0.6309808492660522,0.6328014731407166,0.5,0.009864948005421639,0.3999999761581421,0.5129622220993042,1.6702314708100252,False,0.014885453330575745,0.3786407766990291,0.00180810487333175,0.5119741100323625,9
0.0,0.005,confounded,logger12_balanced,2,true_behavior_fixed_em,1000,0.5332334637641907,0.5358266234397888,0.5,0.009559417787437739,0.3999999761581421,0.5129128098487854,1.6701489429531253,False,0.018615371130418824,0.4077669902912621,0.0019781835725681133,0.503883495145631,10
0.0,0.005,confounded,logger12_balanced,2,true_behavior_fixed_em,1100,0.43175625801086426,0.4351864457130432,0.5,0.00825729105841377,0.3999999761581421,0.5129425525665283,1.670198618460463,False,0.016006067416468702,0.42071197411003236,0.0019668153640866977,0.5042071197411003,11
0.0,0.005,confounded,logger12_balanced,2,true_behavior_fixed_em,1200,0.33344098925590515,0.3365809917449951,0.5,0.008833688221499575,0.3999999761581421,0.5128487348556519,1.670041931599486,False,0.01589581187008606,0.3948220064724919,0.0017622682097636502,0.5045307443365695,12
0.0,0.005,confounded,logger12_balanced,2,true_behavior_fixed_em,1300,0.23974838852882385,0.24481527507305145,0.5,0.008675460660853451,0.3999999761581421,0.51287841796875,1.670091504378754,False,0.021229457242872462,0.5436893203883495,0.00275015797517458,0.5006472491909385,13
0.0,0.005,confounded,logger12_balanced,2,true_behavior_fixed_em,1400,0.13220727443695068,0.1383029818534851,0.5,0.008494720720564357,0.3999999761581421,0.5129419565200806,1.6701976229448061,False,0.012438193199561565,0.49514563106796117,0.0021944606796141133,0.5142394822006473,14
0.0,0.005,confounded,logger12_balanced,2,true_behavior_fixed_em,1500,0.0351824089884758,0.042476385831832886,0.5,0.00806643653703082,0.3999999761581421,0.5128173828125,1.669989573193557,False,0.01457258108367361,0.4368932038834951,0.001921668798294673,0.5064724919093851,15
0.0,0.005,confounded,logger12_balanced,2,true_behavior_fixed_em,1600,-0.04009564220905304,-0.031893759965896606,0.5,0.0101691274674937,0.3999999761581421,0.5130009651184082,1.6702961818733497,False,0.027695602570600896,0.5760517799352751,0.0027918124556806675,0.5090614886731392,16
0.0,0.005,confounded,logger12_balanced,2,true_behavior_fixed_em,1700,-0.16101519763469696,-0.1520407646894455,0.5,0.00707874437706734,0.3999999761581421,0.5127835869789124,1.669933135457534,False,0.014152087512143861,0.43042071197411,0.0017720464556277291,0.5019417475728155,17
0.0,0.005,confounded,logger12_balanced,2,true_behavior_fixed_em,1800,-0.24943871796131134,-0.2351807951927185,0.5,0.008074791261127237,0.3999999761581421,0.5127183794975281,1.6698242468739042,False,0.01862815178972565,0.43042071197411,0.0017995703986752054,0.5003236245954693,18
0.0,0.005,confounded,logger12_balanced,2,true_behavior_fixed_em,1900,-0.3409336507320404,-0.324872225522995,0.5,0.007141528588777049,0.3999999761581421,0.512604296207428,1.6696337586958976,False,0.02087542992060276,0.42718446601941745,0.001826043089874241,0.5032362459546925,19
0.0,0.005,confounded,logger12_balanced,2,true_behavior_fixed_em,2000,-0.4526788890361786,-0.4374782145023346,0.5,0.007297487378555208,0.3999999761581421,0.5125746130943298,1.669584199503745,False,0.013277244968308566,0.3042071197411003,0.0012882635514421818,0.5,20
0.0,0.005,confounded,logger12_balanced,2,true_behavior_fixed_em,2100,-0.5456820130348206,-0.52535480260849,0.5,0.007570795796909529,0.3999999761581421,0.5126845836639404,1.6697678147251274,False,0.015339897490732597,0.44336569579288027,0.0021202994102614632,0.501294498381877,21
0.0,0.005,confounded,logger12_balanced,2,true_behavior_fixed_em,2200,-0.6432803869247437,-0.6239094734191895,0.5,0.006560991821768913,0.3999999761581421,0.5125194191932678,1.6694920511816589,False,0.01396885422423647,0.3883495145631068,0.0016801472215610723,0.501294498381877,22
0.0,0.005,confounded,logger12_balanced,2,true_behavior_fixed_em,2300,-0.7386392951011658,-0.7072647213935852,0.5,0.007010721307474959,0.3999999761581421,0.5125411152839661,1.669528273025556,False,0.01410752691122984,0.4336569579288026,0.0018958875051065629,0.502588996763754,23
0.0,0.005,confounded,logger12_balanced,2,true_behavior_fixed_em,2400,-0.7959781885147095,-0.7570849657058716,0.5,0.006957917717595121,0.3999999761581421,0.5124042630195618,1.6692998099341079,False,0.01837194016997722,0.5501618122977346,0.00290767263897807,0.5,24
0.0,0.005,confounded,logger12_balanced,2,true_behavior_fixed_em,2500,-0.8714240193367004,-0.8144667744636536,0.5,0.008114804367948833,0.3999999761581421,0.5127546191215515,1.6698847617733081,False,0.01847550903928669,0.459546925566343,0.0020210957244705496,0.5129449838187702,25
0.0,0.005,confounded,logger12_balanced,2,true_behavior_fixed_em,2600,-0.9706836342811584,-0.9199115037918091,0.5,0.006586151866864744,0.3999999761581421,0.5126855373382568,1.669769407140566,False,0.017796663902146667,0.39158576051779936,0.0017015148804439355,0.5006472491909385,26
0.0,0.005,confounded,logger12_balanced,2,true_behavior_fixed_em,2700,-1.109913945198059,-1.0482401847839355,0.5,0.0062921178490503,0.3999999761581421,0.5123174786567688,1.6691549470997975,False,0.011359242978038944,0.37540453074433655,0.0015483382994514697,0.5084142394822007,27
0.0,0.005,confounded,logger12_balanced,2,true_behavior_fixed_em,2800,-1.1853981018066406,-1.1064122915267944,0.5,0.007653800634187187,0.3999999761581421,0.5119835138320923,1.6685976011326857,False,0.01349232838211802,0.47572815533980584,0.0022111449180460515,0.5110032362459547,28
0.0,0.005,confounded,logger12_balanced,2,true_behavior_fixed_em,2900,-1.2788602113723755,-1.194050908088684,0.5,0.006502380047134472,0.3999999761581421,0.5120602250099182,1.6687256061296305,False,0.012055199074718942,0.4919093851132686,0.0022064705208988517,0.5090614886731392,29
0.0,0.005,confounded,logger12_balanced,2,true_behavior_fixed_em,3000,-1.3476988077163696,-1.2276313304901123,0.5,0.00671281100762474,0.3999999761581421,0.511603057384491,1.6679628931639083,False,0.013668495371036864,0.42718446601941745,0.001865084972899836,0.5048543689320388,30
0.0,0.005,confounded,logger12_balanced,2,oracle_reward_fixed_learn_behavior,0,-1.3195005655288696,-1.2240349054336548,0.5,0.012317082839258961,0.0,0.6864430904388428,1.9866366643122069,False,0.012667198684994815,0.2297734627831715,0.0007396063322178348,0.6330097087378641,
0.0,0.005,confounded,logger12_balanced,2,oracle_reward_fixed_learn_behavior,300,-1.3198453187942505,-1.2243651151657104,0.5,0.012317082839258961,0.01777767762541771,0.6860946416854858,1.9859445438344159,False,0.012667198684994815,0.2297734627831715,0.0007396063322178348,0.613915857605178,
0.0,0.005,confounded,logger12_balanced,2,oracle_reward_fixed_learn_behavior,750,-1.3204350471496582,-1.2249211072921753,0.5,0.012317082839258961,0.04476603493094444,0.6844955682754517,1.982771410433343,False,0.012667198684994815,0.2297734627831715,0.0007396063322178348,0.5699029126213592,
0.0,0.005,confounded,logger12_balanced,2,oracle_reward_fixed_learn_behavior,1500,-1.3213175535202026,-1.225730061531067,0.5,0.012317082839258961,0.08799003064632416,0.6791501641273499,1.9722009727114833,False,0.012667198684994815,0.2297734627831715,0.0007396063322178348,0.5394822006472492,
0.0,0.005,confounded,logger12_balanced,2,oracle_reward_fixed_learn_behavior,2250,-1.3221843242645264,-1.22648024559021,0.5,0.012317082839258961,0.12892737984657288,0.6709638237953186,1.956121769059503,False,0.012667198684994815,0.2297734627831715,0.0007396063322178348,0.5326860841423948,
0.0,0.005,confounded,logger12_balanced,2,oracle_reward_fixed_learn_behavior,3000,-1.3229384422302246,-1.227102518081665,0.5,0.012317082839258961,0.16871199011802673,0.6598670482635498,1.934535117500598,False,0.012667198684994815,0.2297734627831715,0.0007396063322178348,0.529126213592233,
0.0,0.005,confounded,logger12_balanced,2,oracle_initialized_joint,0,-1.3278305530548096,-1.2301324605941772,0.5,0.012317082839258961,0.3999999761581421,0.5093473792076111,1.66420474584488,False,0.012667198684994815,0.2297734627831715,0.0007396063322178348,0.5271844660194175,
0.0,0.005,confounded,logger12_balanced,2,oracle_initialized_joint,300,-1.6469587087631226,-1.4614375829696655,0.5034528374671936,0.005753797293425849,0.4035815894603729,0.506342351436615,1.6592112708901183,False,0.009645361106006787,0.39158576051779936,0.0016600299709021453,0.5019417475728155,
0.0,0.005,confounded,logger12_balanced,2,oracle_initialized_joint,750,-1.8410162925720215,-1.471261978149414,0.5005214810371399,0.008004764712542625,0.40900397300720215,0.4901123046875,1.6324995470124135,False,0.012561102415909523,0.284789644012945,0.0010545061477287075,0.5197411003236246,
0.0,0.005,confounded,logger12_balanced,2,oracle_initialized_joint,1500,-2.324850559234619,-1.3248509168624878,0.4918839633464813,0.0076659456174586835,0.4142141342163086,0.46987664699554443,1.5997968412987418,False,0.01090801089875645,0.39805825242718446,0.0015232925312437175,0.5297734627831715,
0.0,0.005,confounded,logger12_balanced,2,oracle_initialized_joint,2250,-2.409834146499634,-1.1424667835235596,0.4889884889125824,0.007253722099015942,0.36258465051651,0.48588210344314575,1.625608331288194,False,0.009854319757643915,0.3883495145631068,0.0015362842590614355,0.5207119741100323,
0.0,0.005,confounded,logger12_balanced,2,oracle_initialized_joint,3000,-2.4749326705932617,-0.5924401879310608,0.4929393231868744,0.007735016721292822,0.34461674094200134,0.4512316882610321,1.570245047295914,False,0.010390095022322875,0.343042071197411,0.0012850396546436622,0.5200647249190938,
0.0,0.005,confounded,logger12_balanced,3,collapsed_constrained_reference,0,2.509845733642578,2.6973302364349365,0.5,0.0,0.0,0.6931471805599453,2.0,True,0.4970735787804037,0.8964401294498382,0.006621920732578732,0.5,
0.0,0.005,confounded,logger12_balanced,3,collapsed_constrained_reference,300,1.5475431680679321,1.5482079982757568,0.5,0.0,0.0,0.6931471805599453,2.0,True,0.019379450032302202,0.459546925566343,0.0024050010579260163,0.5,
0.0,0.005,confounded,logger12_balanced,3,collapsed_constrained_reference,750,0.9642367959022522,0.9661108255386353,0.5,0.0,0.0,0.6931471805599453,2.0,True,0.01699852411839774,0.5469255663430421,0.002761329169797955,0.5,
0.0,0.005,confounded,logger12_balanced,3,collapsed_constrained_reference,1500,0.1350044459104538,0.14523819088935852,0.5,0.0,0.0,0.6931471805599453,2.0,True,0.020867657265349407,0.42394822006472493,0.001746869034360519,0.5,
0.0,0.005,confounded,logger12_balanced,3,collapsed_constrained_reference,2250,-0.6375640630722046,-0.6127908229827881,0.5,0.0,0.0,0.6931471805599453,2.0,True,0.013724339331845099,0.313915857605178,0.0012845812251744495,0.5,
0.0,0.005,confounded,logger12_balanced,3,collapsed_constrained_reference,3000,-1.3344340324401855,-1.2448209524154663,0.5,0.0,0.0,0.6931471805599453,2.0,True,0.011829272364060946,0.43042071197411,0.0017902994901415846,0.5,
0.0,0.005,confounded,logger12_balanced,3,true_behavior_fixed,0,2.0398333072662354,2.228799343109131,0.5,0.013490874623397014,0.3999999761581421,0.5129037499427795,1.6701338116292308,False,0.4942064349651552,0.2168284789644013,0.0019131192241531624,0.5016181229773463,
0.0,0.005,confounded,logger12_balanced,3,true_behavior_fixed,300,1.2349295616149902,1.235627293586731,0.5,0.013453224190260786,0.3999999761581421,0.5130086541175842,1.6703090248286905,False,0.016427619558666742,0.42394822006472493,0.0022514378525798854,0.5045307443365695,
0.0,0.005,confounded,logger12_balanced,3,true_behavior_fixed,750,0.7829639315605164,0.7847665548324585,0.5,0.010124267530635505,0.3999999761581421,0.5130420923233032,1.670364877899285,False,0.01794173544633701,0.47572815533980584,0.0025670001534316023,0.5090614886731392,
0.0,0.005,confounded,logger12_balanced,3,true_behavior_fixed,1500,0.042166318744421005,0.04923797771334648,0.5,0.007996958958763317,0.3999999761581421,0.512924075126648,1.6701677577510163,False,0.01693869348015357,0.22330097087378642,0.0009345928636888026,0.5142394822006473,
0.0,0.005,confounded,logger12_balanced,3,true_behavior_fixed,2250,-0.6878795027732849,-0.6583597660064697,0.5,0.0066996889097218305,0.3999999761581421,0.5128132700920105,1.6699827050073457,False,0.01436255917666589,0.313915857605178,0.0011549970487354359,0.5006472491909385,
0.0,0.005,confounded,logger12_balanced,3,true_behavior_fixed,3000,-1.3342751264572144,-1.2274541854858398,0.5,0.006792439940117388,0.3999999761581421,0.5126157999038696,1.6696529657663024,False,0.01442562545639095,0.41423948220064727,0.0016791584260583314,0.5061488673139158,
0.0,0.005,confounded,logger12_balanced,3,true_behavior_fixed_em,0,2.0398333072662354,2.228799343109131,0.5,0.013490874623397014,0.3999999761581421,0.5129037499427795,1.6701338116292308,False,0.4942064349651552,0.2168284789644013,0.0019131192241531624,0.5016181229773463,0
0.0,0.005,confounded,logger12_balanced,3,true_behavior_fixed_em,100,1.4408208131790161,1.441199541091919,0.5,0.020815911643918827,0.3999999761581421,0.5130120515823364,1.6703146996543676,False,0.026238225353796232,0.540453074433657,0.003583103750527523,0.5042071197411003,1
0.0,0.005,confounded,logger12_balanced,3,true_behavior_fixed_em,200,1.3369745016098022,1.3375086784362793,0.5,0.01635413700503203,0.3999999761581421,0.5130155086517334,1.6703204740581803,False,0.01804688192693686,0.5436893203883495,0.003155008418256003,0.503883495145631,2
0.0,0.005,confounded,logger12_balanced,3,true_behavior_fixed_em,300,1.234928846359253,1.2356181144714355,0.5,0.01348031416808627,0.3999999761581421,0.5130088329315186,1.6703093235032456,False,0.016489936117895294,0.42394822006472493,0.002255082675258584,0.5048543689320388,3
0.0,0.005,confounded,logger12_balanced,3,true_behavior_fixed_em,400,1.1341465711593628,1.1350228786468506,0.5,0.012171412646285226,0.3999999761581421,0.5130088925361633,1.6703094230614424,False,0.019172453273313777,0.3786407766990291,0.0019417114082711014,0.5042071197411003,4
0.0,0.005,confounded,logger12_balanced,3,true_behavior_fixed_em,500,1.0333408117294312,1.0345767736434937,0.5,0.011644729473387861,0.3999999761581421,0.5130077004432678,1.6703074318986326,False,0.0170972565559229,0.3559870550161812,0.0018381450674409647,0.5016181229773463,5
0.0,0.005,confounded,logger12_balanced,3,true_behavior_fixed_em,600,0.9328375458717346,0.9343365430831909,0.5,0.010280160654107789,0.3999999761581421,0.5130225419998169,1.6703322220447991,False,0.01596278385877029,0.459546925566343,0.0023276671287303314,0.5051779935275081,6
0.0,0.005,confounded,logger12_balanced,3,true_behavior_fixed_em,700,0.8324796557426453,0.83403480052948,0.5,0.010637753746041262,0.3999999761581421,0.5130390524864197,1.6703598002702378,False,0.016144326624751782,0.4692556634304207,0.002465669184928091,0.511326860841424,7
0.0,0.005,confounded,logger12_balanced,3,true_behavior_fixed_em,800,0.732896625995636,0.7349017858505249,0.5,0.01021254537227489,0.3999999761581421,0.513020932674408,1.670329533938876,False,0.0164251734547571,0.28802588996763756,0.0013059343496703319,0.5071197411003237,8
0.0,0.005,confounded,logger12_balanced,3,true_behavior_fixed_em,900,0.6342787742614746,0.6366797685623169,0.5,0.009466219569499175,0.3999999761581421,0.5130360722541809,1.6703548222175286,False,0.02245781661516464,0.45307443365695793,0.0022782068340210584,0.5009708737864078,9
0.0,0.005,confounded,logger12_balanced,3,true_behavior_fixed_em,1000,0.5327305793762207,0.5359597206115723,0.5,0.008984635358813388,0.3999999761581421,0.5130181908607483,1.670324954212822,False,0.014385904603079591,0.30097087378640774,0.0013338464594385134,0.511326860841424,10
0.0,0.005,confounded,logger12_balanced,3,true_behavior_fixed_em,1100,0.4329358637332916,0.43590086698532104,0.5,0.007861758601598219,0.3999999761581421,0.5130174160003662,1.6703236599446913,False,0.014382664228834616,0.42071197411003236,0.0018618519630989577,0.5016181229773463,11
0.0,0.005,confounded,logger12_balanced,3,true_behavior_fixed_em,1200,0.3337198793888092,0.338186651468277,0.5,0.008092054932941656,0.3999999761581421,0.513031542301178,1.6703472556058239,False,0.014783565869097574,0.511326860841424,0.0027788949873240655,0.502588996763754,12
0.0,0.005,confounded,logger12_balanced,3,true_behavior_fixed_em,1300,0.24145567417144775,0.24542655050754547,0.5,0.008474050937464226,0.3999999761581421,0.513043224811554,1.6703667695689548,False,0.022524340421468995,0.3300970873786408,0.001332953132251166,0.5064724919093851,13
0.0,0.005,confounded,logger12_balanced,3,true_behavior_fixed_em,1400,0.13602736592292786,0.14237913489341736,0.5,0.00799707321813554,0.3999999761581421,0.5129644274711609,1.6702351542955667,False,0.016068892693408342,0.5469255663430421,0.0029942621737988834,0.5048543689320388,14
0.0,0.005,confounded,logger12_balanced,3,true_behavior_fixed_em,1500,0.03755839541554451,0.04492078348994255,0.5,0.006818347267774072,0.3999999761581421,0.5129791498184204,1.6702597442585239,False,0.01410299866579447,0.313915857605178,0.0012157467519530846,0.5016181229773463,15
0.0,0.005,confounded,logger12_balanced,3,true_behavior_fixed_em,1600,-0.05018628388643265,-0.041325751692056656,0.5,0.008165727274828423,0.3999999761581421,0.5131537914276123,1.670551466580716,False,0.021275830894644545,0.47572815533980584,0.0025004434706462,0.5077669902912622,16
0.0,0.005,confounded,logger12_balanced,3,true_behavior_fixed_em,1700,-0.15973736345767975,-0.14969268441200256,0.5,0.006760157727486404,0.3999999761581421,0.5129601359367371,1.6702279864392868,False,0.012602155593971712,0.343042071197411,0.0015534228976756056,0.5055016181229773,17
0.0,0.005,confounded,logger12_balanced,3,true_behavior_fixed_em,1800,-0.2580622136592865,-0.2468440979719162,0.5,0.0069898663453922625,0.3999999761581421,0.5129550099372864,1.670219424873489,False,0.012316208479090927,0.3818770226537217,0.0016929152493220213,0.510032362459547,18
0.0,0.005,confounded,logger12_balanced,3,true_behavior_fixed_em,1900,-0.3517712354660034,-0.3367080092430115,0.5,0.00649226874935591,0.3999999761581421,0.5129754543304443,1.670253571845127,False,0.014665064600974623,0.343042071197411,0.0013314665788995218,0.5045307443365695,19
0.0,0.005,confounded,logger12_balanced,3,true_behavior_fixed_em,2000,-0.45397767424583435,-0.43646344542503357,0.5,0.006540554497391579,0.3999999761581421,0.5129871964454651,1.670273184269827,False,0.012088390518968123,0.31715210355987056,0.0013094849068195022,0.5071197411003237,20
0.0,0.005,confounded,logger12_balanced,3,true_behavior_fixed_em,2100,-0.5536112785339355,-0.5341405272483826,0.5,0.00674591733239445,0.3999999761581421,0.5129000544548035,1.6701276396812157,False,0.011236020677097657,0.3300970873786408,0.0013403532794758022,0.5097087378640777,21
0.0,0.005,confounded,logger12_balanced,3,true_behavior_fixed_em,2200,-0.6372078657150269,-0.6139612793922424,0.5,0.006397565459686701,0.3999999761581421,0.51285320520401,1.6700493972853803,False,0.013894528421167573,0.36245954692556637,0.0015821647585114347,0.503883495145631,22
0.0,0.005,confounded,logger12_balanced,3,true_behavior_fixed_em,2300,-0.7343651056289673,-0.6963892579078674,0.5,0.006498103200632863,0.3999999761581421,0.5130579471588135,1.670391361469612,False,0.014186948543018984,0.37216828478964403,0.0016323493748292522,0.5061488673139158,23
0.0,0.005,confounded,logger12_balanced,3,true_behavior_fixed_em,2400,-0.818859338760376,-0.7887723445892334,0.5,0.006277875483969171,0.3999999761581421,0.5127979516983032,1.6699571237507183,False,0.014120162794692625,0.3333333333333333,0.0013886660697327892,0.5029126213592233,24
0.0,0.005,confounded,logger12_balanced,3,true_behavior_fixed_em,2500,-0.9303091764450073,-0.8828221559524536,0.5,0.005674012731788279,0.3999999761581421,0.5125861763954163,1.6696035055201535,False,0.011342374167051363,0.343042071197411,0.0014271226731455441,0.5055016181229773,25
0.0,0.005,confounded,logger12_balanced,3,true_behavior_fixed_em,2600,-1.015891671180725,-0.9534623026847839,0.5,0.006113687392738814,0.3999999761581421,0.5125458836555481,1.669536233975709,False,0.01198490412266161,0.34951456310679613,0.0015301486415267135,0.5080906148867314,26
0.0,0.005,confounded,logger12_balanced,3,true_behavior_fixed_em,2700,-1.1017156839370728,-1.0382673740386963,0.5,0.0054244068948709045,0.3999999761581421,0.5128551125526428,1.6700525826548527,False,0.013047200144991803,0.4174757281553398,0.0018375778421620356,0.5032362459546925,27
0.0,0.005,confounded,logger12_balanced,3,true_behavior_fixed_em,2800,-1.1750396490097046,-1.0985980033874512,0.5,0.005320425941176212,0.3999999761581421,0.5122865438461304,1.669103312906234,False,0.0136147028728514,0.29449838187702265,0.001151315154796231,0.5093851132686085,28
0.0,0.005,confounded,logger12_balanced,3,true_behavior_fixed_em,2900,-1.2574741840362549,-1.172451376914978,0.5,0.0052475573548733485,0.3999999761581421,0.5122790932655334,1.6690908771638033,False,0.012857241286263742,0.3786407766990291,0.0016275543697518771,0.502588996763754,29
0.0,0.005,confounded,logger12_balanced,3,true_behavior_fixed_em,3000,-1.3682122230529785,-1.2638740539550781,0.5,0.0052414792816016,0.3999999761581421,0.5125142931938171,1.6694834933882552,False,0.010795266296985538,0.4110032362459547,0.0018137209968672363,0.5074433656957928,30
0.0,0.005,confounded,logger12_balanced,3,oracle_reward_fixed_learn_behavior,0,-1.3286582231521606,-1.2187883853912354,0.5,0.010367483050996698,0.0,0.6885162591934204,1.9907595696339058,False,0.012424611844539774,0.1941747572815534,0.0006175719986957735,0.6446601941747573,
0.0,0.005,confounded,logger12_balanced,3,oracle_reward_fixed_learn_behavior,300,-1.328997254371643,-1.2190102338790894,0.5,0.010367483050996698,0.017330503091216087,0.688258945941925,1.9902473867146497,False,0.012424611844539774,0.1941747572815534,0.0006175719986957735,0.6116504854368932,
0.0,0.005,confounded,logger12_balanced,3,oracle_reward_fixed_learn_behavior,750,-1.3295458555221558,-1.2193752527236938,0.5,0.010367483050996698,0.04338784143328667,0.6868539452552795,1.9874530512510182,False,0.012424611844539774,0.1941747572815534,0.0006175719986957735,0.5653721682847896,
0.0,0.005,confounded,logger12_balanced,3,oracle_reward_fixed_learn_behavior,1500,-1.330359697341919,-1.2198718786239624,0.5,0.010367483050996698,0.08611686527729034,0.6819379329681396,1.9777066838903121,False,0.012424611844539774,0.1941747572815534,0.0006175719986957735,0.541747572815534,
0.0,0.005,confounded,logger12_balanced,3,oracle_reward_fixed_learn_behavior,2250,-1.3311766386032104,-1.2203689813613892,0.5,0.010367483050996698,0.12614086270332336,0.6743252873420715,1.9627082650102525,False,0.012424611844539774,0.1941747572815534,0.0006175719986957735,0.5339805825242718,
0.0,0.005,confounded,logger12_balanced,3,oracle_reward_fixed_learn_behavior,3000,-1.3319201469421387,-1.2207727432250977,0.5,0.010367483050996698,0.16514620184898376,0.6640262007713318,1.9425978996333402,False,0.012424611844539774,0.1941747572815534,0.0006175719986957735,0.5320388349514563,
0.0,0.005,confounded,logger12_balanced,3,oracle_initialized_joint,0,-1.336692452430725,-1.222971796989441,0.5,0.010367483050996698,0.3999999761581421,0.511759340763092,1.6682235884108696,False,0.012424611844539774,0.1941747572815534,0.0006175719986957735,0.5288025889967638,
0.0,0.005,confounded,logger12_balanced,3,oracle_initialized_joint,300,-1.6481560468673706,-1.462637186050415,0.5001762509346008,0.004958469979880434,0.4039266109466553,0.5082048773765564,1.6623044746138866,False,0.010248941242283009,0.3106796116504854,0.0011891779018609776,0.5103559870550162,
0.0,0.005,confounded,logger12_balanced,3,oracle_initialized_joint,750,-1.9853830337524414,-1.5885709524154663,0.4983595907688141,0.005994443947901231,0.41287821531295776,0.5018898844718933,1.6518401096224424,False,0.010712492961319113,0.4368932038834951,0.0018155278194292256,0.5281553398058253,
0.0,0.005,confounded,logger12_balanced,3,oracle_initialized_joint,1500,-2.3382925987243652,-1.3786903619766235,0.49584314227104187,0.005867903006491809,0.4005042016506195,0.4884151518344879,1.6297312954861043,False,0.010020704532963777,0.3268608414239482,0.0013291922843286018,0.5158576051779935,
0.0,0.005,confounded,logger12_balanced,3,oracle_initialized_joint,2250,-2.2799482345581055,-0.7345701456069946,0.5017290115356445,0.008577538408870272,0.3621147572994232,0.4479190707206726,1.5650520319951322,False,0.010714448075223515,0.28802588996763756,0.0010310326456792953,0.5504854368932038,
0.0,0.005,confounded,logger12_balanced,3,oracle_initialized_joint,3000,-2.3680777549743652,-0.259746253490448,0.47960132360458374,0.006957119871978745,0.33466827869415283,0.46814432740211487,1.5970278809396499,False,0.011050421672846847,0.42718446601941745,0.001789566508882834,0.5537216828478965,
0.0,0.005,confounded,logger12_balanced,4,collapsed_constrained_reference,0,2.550455331802368,2.750518560409546,0.5,0.0,0.0,0.6931471805599453,2.0,True,0.51554411446134,0.3074433656957929,0.002022700731606123,0.5,
0.0,0.005,confounded,logger12_balanced,4,collapsed_constrained_reference,300,1.5444997549057007,1.5455269813537598,0.5,0.0,0.0,0.6931471805599453,2.0,True,0.020167749004609374,0.4563106796116505,0.0025786053700431206,0.5,
0.0,0.005,confounded,logger12_balanced,4,collapsed_constrained_reference,750,0.961760401725769,0.9637843370437622,0.5,0.0,0.0,0.6931471805599453,2.0,True,0.020018823556772456,0.5080906148867314,0.00280962338526087,0.5,
0.0,0.005,confounded,logger12_balanced,4,collapsed_constrained_reference,1500,0.12173110246658325,0.12803806364536285,0.5,0.0,0.0,0.6931471805599453,2.0,True,0.012832668754494634,0.5307443365695793,0.0025243693818695736,0.5,
0.0,0.005,confounded,logger12_balanced,4,collapsed_constrained_reference,2250,-0.6352728009223938,-0.6095852851867676,0.5,0.0,0.0,0.6931471805599453,2.0,True,0.014358409130281804,0.44336569579288027,0.0021613501623106717,0.5,
0.0,0.005,confounded,logger12_balanced,4,collapsed_constrained_reference,3000,-1.2699931859970093,-1.150789499282837,0.5,0.0,0.0,0.6931471805599453,2.0,True,0.014724438666729997,0.4854368932038835,0.002210570626748973,0.5,
0.0,0.005,confounded,logger12_balanced,4,true_behavior_fixed,0,2.0267655849456787,2.219447612762451,0.5,0.013427652417427122,0.3999999761581421,0.5131557583808899,1.6705547524806303,False,0.48994508206209136,0.7993527508090615,0.005671933836717939,0.5,
0.0,0.005,confounded,logger12_balanced,4,true_behavior_fixed,300,1.23287832736969,1.2335389852523804,0.5,0.013452317995239717,0.3999999761581421,0.5129872560501099,1.6702732838258698,False,0.018264383850630287,0.33980582524271846,0.0016898709574919453,0.5009708737864078,
0.0,0.005,confounded,logger12_balanced,4,true_behavior_fixed,750,0.7805076837539673,0.7823169827461243,0.5,0.010627974719770426,0.3999999761581421,0.5129762291908264,1.6702548660589494,False,0.01722826301944754,0.4077669902912621,0.0020019290016731,0.5103559870550162,
0.0,0.005,confounded,logger12_balanced,4,true_behavior_fixed,1500,0.0362466461956501,0.044460639357566833,0.5,0.008005349799327967,0.3999999761581421,0.51285320520401,1.6700493972853803,False,0.015986189051771675,0.43042071197411,0.0018357261329074058,0.5009708737864078,
0.0,0.005,confounded,logger12_balanced,4,true_behavior_fixed,2250,-0.6810213923454285,-0.6527684926986694,0.5,0.006912757029056021,0.3999999761581421,0.5126391053199768,1.6696918781768573,False,0.014508576593388455,0.3948220064724919,0.0016943865938186327,0.5045307443365695,
0.0,0.005,confounded,logger12_balanced,4,true_behavior_fixed,3000,-1.366828203201294,-1.2667123079299927,0.5,0.005529099014658219,0.3999999761581421,0.5125892758369446,1.6696086803666137,False,0.013779354181265887,0.49838187702265374,0.0022517810403003954,0.511326860841424,
0.0,0.005,confounded,logger12_balanced,4,true_behavior_fixed_em,0,2.0267655849456787,2.219447612762451,0.5,0.013427652417427122,0.3999999761581421,0.5131557583808899,1.6705547524806303,False,0.48994508206209136,0.7993527508090615,0.005671933836717939,0.5,0
0.0,0.005,confounded,logger12_balanced,4,true_behavior_fixed_em,100,1.4383889436721802,1.4387980699539185,0.5,0.018647497277895296,0.3999999761581421,0.512989342212677,1.670276768291106,False,0.027118259050908845,0.44983818770226536,0.0022576554960810832,0.502588996763754,1
0.0,0.005,confounded,logger12_balanced,4,true_behavior_fixed_em,200,1.3346701860427856,1.3352473974227905,0.5,0.016143679121356353,0.3999999761581421,0.5129863023757935,1.6702716909298971,False,0.02077476791850071,0.4336569579288026,0.002433741452509912,0.5045307443365695,2
0.0,0.005,confounded,logger12_balanced,4,true_behavior_fixed_em,300,1.2328670024871826,1.2335060834884644,0.5,0.013385459189250493,0.3999999761581421,0.5129861235618591,1.6702713922620713,False,0.018295566807699,0.33980582524271846,0.0017149942092384491,0.5006472491909385,3
0.0,0.005,confounded,logger12_balanced,4,true_behavior_fixed_em,400,1.1317825317382812,1.1327048540115356,0.5,0.012529745797485906,0.3999999761581421,0.5129803419113159,1.6702617353644855,False,0.0173353792360452,0.3883495145631068,0.0020725234188207634,0.5042071197411003,4
0.0,0.005,confounded,logger12_balanced,4,true_behavior_fixed_em,500,1.0315624475479126,1.0328097343444824,0.5,0.011966106940968465,0.3999999761581421,0.5129677057266235,1.6702406297620602,False,0.020282333456284343,0.33980582524271846,0.0017958699917581444,0.5074433656957928,5
0.0,0.005,confounded,logger12_balanced,4,true_behavior_fixed_em,600,0.9308655858039856,0.9322853684425354,0.5,0.01109386271336302,0.3999999761581421,0.5129843354225159,1.6702684055867512,False,0.017660208088565735,0.32038834951456313,0.001696392837494603,0.5003236245954693,6
0.0,0.005,confounded,logger12_balanced,4,true_behavior_fixed_em,700,0.8330219388008118,0.8345796465873718,0.5,0.010814522844814123,0.3999999761581421,0.5129413604736328,1.6701966274297426,False,0.024658197261364992,0.2621359223300971,0.0011898168448105405,0.5074433656957928,7
0.0,0.005,confounded,logger12_balanced,4,true_behavior_fixed_em,800,0.7366552352905273,0.739153265953064,0.5,0.009939622415136053,0.3999999761581421,0.512958288192749,1.6702249002884173,False,0.03679132361831012,0.459546925566343,0.002509150530090122,0.501294498381877,8
0.0,0.005,confounded,logger12_balanced,4,true_behavior_fixed_em,900,0.6312471628189087,0.6338890194892883,0.5,0.008833417019656313,0.3999999761581421,0.5129938125610352,1.6702842350268041,False,0.017693482731988862,0.3592233009708738,0.001769040632933892,0.5042071197411003,9
0.0,0.005,confounded,logger12_balanced,4,true_behavior_fixed_em,1000,0.5311905145645142,0.5336576700210571,0.5,0.008432287823591076,0.3999999761581421,0.5129459500312805,1.6702042929110377,False,0.01638632535762,0.32038834951456313,0.0015395583635159824,0.5006472491909385,10
0.0,0.005,confounded,logger12_balanced,4,true_behavior_fixed_em,1100,0.4310254156589508,0.4340739846229553,0.5,0.00836249833037067,0.3999999761581421,0.5129605531692505,1.6702286833128528,False,0.015202290280928052,0.3592233009708738,0.0015243717286871081,0.503883495145631,11
0.0,0.005,confounded,logger12_balanced,4,true_behavior_fixed_em,1200,0.33266445994377136,0.33627358078956604,0.5,0.007695982042428758,0.3999999761581421,0.5130018591880798,1.6702976752351761,False,0.018275015792714334,0.4692556634304207,0.0021348717521232955,0.5009708737864078,12
0.0,0.005,confounded,logger12_balanced,4,true_behavior_fixed_em,1300,0.2357059270143509,0.2413751184940338,0.5,0.007257776336740637,0.3999999761581421,0.5129222273826599,1.670164671711434,False,0.019021874654463537,0.4174757281553398,0.0018515925655368873,0.5009708737864078,13
0.0,0.005,confounded,logger12_balanced,4,true_behavior_fixed_em,1400,0.140017569065094,0.1481090784072876,0.5,0.00783232696330525,0.3999999761581421,0.5129543542861938,1.6702183297926574,False,0.0196924293743309,0.31715210355987056,0.0012327235138040412,0.5067961165048543,14
0.0,0.005,confounded,logger12_balanced,4,true_behavior_fixed_em,1500,0.03858565166592598,0.04730860888957977,0.5,0.007413086343416754,0.3999999761581421,0.5128946900367737,1.670118680442424,False,0.01852606278851546,0.45307443365695793,0.0020106758402173414,0.5,15
0.0,0.005,confounded,logger12_balanced,4,true_behavior_fixed_em,1600,-0.0612366758286953,-0.05128328502178192,0.5,0.006995449294717716,0.3999999761581421,0.5129073262214661,1.6701397845038652,False,0.016569063379483842,0.4174757281553398,0.0018553490182692586,0.5071197411003237,16
0.0,0.005,confounded,logger12_balanced,4,true_behavior_fixed_em,1700,-0.1476142853498459,-0.13006389141082764,0.5,0.007137935328519594,0.3999999761581421,0.5127431750297546,1.6698656515681538,False,0.025197595197256728,0.5275080906148867,0.0026174556234499504,0.5035598705501618,17
0.0,0.005,confounded,logger12_balanced,4,true_behavior_fixed_em,1800,-0.2500198185443878,-0.23710983991622925,0.5,0.007392245827921351,0.3999999761581421,0.5128577947616577,1.6700570620909527,False,0.02210936595184999,0.5048543689320388,0.002416441560370737,0.5,18
0.0,0.005,confounded,logger12_balanced,4,true_behavior_fixed_em,1900,-0.34679558873176575,-0.3230747580528259,0.5,0.006107719638860936,0.3999999761581421,0.5128112435340881,1.6699793206940938,False,0.01831248466748085,0.32038834951456313,0.0013226536852109381,0.5006472491909385,19
0.0,0.005,confounded,logger12_balanced,4,true_behavior_fixed_em,2000,-0.45452308654785156,-0.43835970759391785,0.5,0.0060543486920983415,0.3999999761581421,0.5128027200698853,1.6699650867457958,False,0.013920082474471216,0.3818770226537217,0.0016662704830243003,0.5003236245954693,20
0.0,0.005,confounded,logger12_balanced,4,true_behavior_fixed_em,2100,-0.5153177976608276,-0.489195317029953,0.5,0.006414219091519544,0.3999999761581421,0.5128180384635925,1.669990668124404,False,0.024008734032290698,0.39158576051779936,0.0017610480514213466,0.5003236245954693,21
0.0,0.005,confounded,logger12_balanced,4,true_behavior_fixed_em,2200,-0.6208115220069885,-0.59869384765625,0.5,0.0061060812645293665,0.3999999761581421,0.5129891633987427,1.6702764696223722,False,0.019326115290076756,0.5663430420711975,0.002955780535761357,0.5016181229773463,22
0.0,0.005,confounded,logger12_balanced,4,true_behavior_fixed_em,2300,-0.7219680547714233,-0.6742814183235168,0.5,0.005851225078125792,0.3999999761581421,0.5126665234565735,1.6697376586444521,False,0.016884807600643932,0.45307443365695793,0.002037474571529322,0.5019417475728155,23
0.0,0.005,confounded,logger12_balanced,4,true_behavior_fixed_em,2400,-0.7907830476760864,-0.7573849558830261,0.5,0.006862987222507587,0.3999999761581421,0.5130508542060852,1.670379513504666,False,0.021307559842207238,0.5631067961165048,0.0027913125239938225,0.503883495145631,24
0.0,0.005,confounded,logger12_balanced,4,true_behavior_fixed_em,2500,-0.9320677518844604,-0.8937929272651672,0.5,0.005847047387746054,0.3999999761581421,0.5125225782394409,1.6694973251924645,False,0.01235500377048321,0.4110032362459547,0.0018284501955556987,0.5067961165048543,25
0.0,0.005,confounded,logger12_balanced,4,true_behavior_fixed_em,2600,-1.0257021188735962,-0.9686535596847534,0.5,0.005271170301802775,0.3999999761581421,0.5122907161712646,1.6691102769624662,False,0.011551378878429447,0.34951456310679613,0.001459935209682133,0.503883495145631,26
0.0,0.005,confounded,logger12_balanced,4,true_behavior_fixed_em,2700,-1.0655121803283691,-1.0054281949996948,0.5,0.006798550846542073,0.3999999761581421,0.5128533244132996,1.6700495963707942,False,0.016874178062904966,0.41423948220064727,0.0019415971018431446,0.5084142394822007,27
0.0,0.005,confounded,logger12_balanced,4,true_behavior_fixed_em,2800,-1.1794941425323486,-1.1042473316192627,0.5,0.006267774692799549,0.3999999761581421,0.5111526846885681,1.6672118573547206,False,0.014930063636827511,0.5663430420711975,0.002777652464995865,0.5087378640776699,28
0.0,0.005,confounded,logger12_balanced,4,true_behavior_fixed_em,2900,-1.2373703718185425,-1.145735502243042,0.5,0.006615785757379809,0.3999999761581421,0.512398362159729,1.6692899596589732,False,0.015202807569831599,0.5631067961165048,0.0027480175600055733,0.5158576051779935,29
0.0,0.005,confounded,logger12_balanced,4,true_behavior_fixed_em,3000,-1.291624903678894,-1.1891816854476929,0.5,0.005210174183602029,0.3999999761581421,0.5118205547332764,1.6683257101254771,False,0.014858257234043553,0.4854368932038835,0.00228871214474593,0.5009708737864078,30
0.0,0.005,confounded,logger12_balanced,4,oracle_reward_fixed_learn_behavior,0,-1.3347927331924438,-1.2421774864196777,0.5,0.010702570986580848,0.0,0.6884132623672485,1.990554538275533,False,0.01521865993448631,0.36893203883495146,0.00152202645164406,0.5922330097087378,
0.0,0.005,confounded,logger12_balanced,4,oracle_reward_fixed_learn_behavior,300,-1.334911823272705,-1.2422367334365845,0.5,0.010702570986580848,0.011665578000247478,0.6883553266525269,1.990439217416296,False,0.01521865993448631,0.36893203883495146,0.00152202645164406,0.5838187702265372,
0.0,0.005,confounded,logger12_balanced,4,oracle_reward_fixed_learn_behavior,750,-1.3351693153381348,-1.2424062490463257,0.5,0.010702570986580848,0.02897893451154232,0.6877999305725098,1.989334042210828,False,0.01521865993448631,0.36893203883495146,0.00152202645164406,0.5844660194174758,
0.0,0.005,confounded,logger12_balanced,4,oracle_reward_fixed_learn_behavior,1500,-1.3355826139450073,-1.242668867111206,0.5,0.010702570986580848,0.05603444203734398,0.6857481002807617,1.9852564510556965,False,0.01521865993448631,0.36893203883495146,0.00152202645164406,0.566990291262136,
0.0,0.005,confounded,logger12_balanced,4,oracle_reward_fixed_learn_behavior,2250,-1.3359065055847168,-1.2428536415100098,0.5,0.010702570986580848,0.08087939769029617,0.6825554370880127,1.97892830305413,False,0.01521865993448631,0.36893203883495146,0.00152202645164406,0.5475728155339806,
0.0,0.005,confounded,logger12_balanced,4,oracle_reward_fixed_learn_behavior,3000,-1.3362666368484497,-1.2430613040924072,0.5,0.010702570986580848,0.10596239566802979,0.6780433058738708,1.9700192334481172,False,0.01521865993448631,0.36893203883495146,0.00152202645164406,0.5362459546925566,
0.0,0.005,confounded,logger12_balanced,4,oracle_initialized_joint,0,-1.3397927284240723,-1.2442845106124878,0.5,0.010702570986580848,0.3999999761581421,0.5130921602249146,1.6704485116573127,False,0.01521865993448631,0.36893203883495146,0.00152202645164406,0.517799352750809,
0.0,0.005,confounded,logger12_balanced,4,oracle_initialized_joint,300,-1.6174160242080688,-1.4248772859573364,0.4998025894165039,0.005854134095476035,0.404437392950058,0.5061153769493103,1.6588347149984848,False,0.012953380901900008,0.3300970873786408,0.0013075027304225177,0.517799352750809,
0.0,0.005,confounded,logger12_balanced,4,oracle_initialized_joint,750,-1.7005693912506104,-1.2035208940505981,0.4957074820995331,0.005418678823009468,0.4139583706855774,0.49088889360427856,1.6337678204670831,False,0.016185367035312596,0.4174757281553398,0.0017631666497489196,0.5132686084142395,
0.0,0.005,confounded,logger12_balanced,4,oracle_initialized_joint,1500,-2.176787853240967,-1.268269658088684,0.4868279695510864,0.006870213142806021,0.3872884213924408,0.48472562432289124,1.623729435856425,False,0.011835369010362126,0.40129449838187703,0.0016684894085652424,0.5242718446601942,
0.0,0.005,confounded,logger12_balanced,4,oracle_initialized_joint,2250,-1.563332438468933,-0.6060991287231445,0.49437904357910156,0.027232599788539258,0.3698967695236206,0.26559001207351685,1.3042002427071457,False,0.018347063994563963,0.284789644012945,0.0012097963227205293,0.5789644012944983,
0.0,0.005,confounded,logger12_balanced,4,oracle_initialized_joint,3000,-2.2935070991516113,-0.8211855888366699,0.484600305557251,0.010014782098850879,0.33048856258392334,0.4437425136566162,1.558529133985083,False,0.010869669611478977,0.40129449838187703,0.0018061558567108564,0.5119741100323625,
0.0,0.01,confounded,logger12_balanced,0,collapsed_constrained_reference,0,2.4910728931427,2.677180290222168,0.5,0.0,0.0,0.6931471805599453,2.0,True,0.4981098065709667,0.4886731391585761,0.004336876464571611,0.5,
0.0,0.01,confounded,logger12_balanced,0,collapsed_constrained_reference,300,1.5438789129257202,1.5446563959121704,0.5,0.0,0.0,0.6931471805599453,2.0,True,0.01955201433546142,0.5825242718446602,0.003311529400339279,0.5,
0.0,0.01,confounded,logger12_balanced,0,collapsed_constrained_reference,750,0.9621880054473877,0.9639790058135986,0.5,0.0,0.0,0.6931471805599453,2.0,True,0.02207011140073165,0.6601941747572816,0.003944759777057893,0.5,
0.0,0.01,confounded,logger12_balanced,0,collapsed_constrained_reference,1500,0.12712539732456207,0.13534986972808838,0.5,0.0,0.0,0.6931471805599453,2.0,True,0.01815275002750919,0.6472491909385113,0.003819456597378534,0.5,
0.0,0.01,confounded,logger12_balanced,0,collapsed_constrained_reference,2250,-0.6197088360786438,-0.5882928967475891,0.5,0.0,0.0,0.6931471805599453,2.0,True,0.017669099365129424,0.5501618122977346,0.002949385852087534,0.5,
0.0,0.01,confounded,logger12_balanced,0,collapsed_constrained_reference,3000,-1.2925479412078857,-1.1818149089813232,0.5,0.0,0.0,0.6931471805599453,2.0,True,0.012706503546213452,0.6019417475728155,0.003324554628734056,0.5,
0.0,0.01,confounded,logger12_balanced,0,true_behavior_fixed,0,2.056123971939087,2.267132043838501,0.5,0.013419080899961525,0.3999999761581421,0.5125139951705933,1.6694829958434765,False,0.501471448454744,0.47896440129449835,0.003939265289924905,0.5,
0.0,0.01,confounded,logger12_balanced,0,true_behavior_fixed,300,1.2319598197937012,1.2325029373168945,0.5,0.013596642536032794,0.3999999761581421,0.5129851698875427,1.6702697993679028,False,0.01600963441662003,0.4692556634304207,0.0027316510484715725,0.5084142394822007,
0.0,0.01,confounded,logger12_balanced,0,true_behavior_fixed,750,0.780957818031311,0.7824540138244629,0.5,0.009267276073999695,0.3999999761581421,0.5129738450050354,1.6702508838657775,False,0.02229444289574021,0.45307443365695793,0.002284578129335799,0.503883495145631,
0.0,0.01,confounded,logger12_balanced,0,true_behavior_fixed,1500,0.04003795608878136,0.04402966797351837,0.5,0.007350759763768755,0.3999999761581421,0.5129902362823486,1.6702782616355754,False,0.019263574947268228,0.5728155339805825,0.003168905491043201,0.502588996763754,
0.0,0.01,confounded,logger12_balanced,0,true_behavior_fixed,2250,-0.6149480938911438,-0.5747288465499878,0.5,0.008054960712080428,0.3999999761581421,0.5129954814910889,1.6702870226166884,False,0.02663554077957329,0.44983818770226536,0.002087208061761894,0.5103559870550162,
0.0,0.01,confounded,logger12_balanced,0,true_behavior_fixed,3000,-1.2996485233306885,-1.1903817653656006,0.5,0.006417758028199127,0.3999999761581421,0.5137980580329895,1.6716280938834662,False,0.015160368947800183,0.7216828478964401,0.004327802004099284,0.5262135922330097,
0.0,0.01,confounded,logger12_balanced,0,true_behavior_fixed_em,0,2.056123971939087,2.267132043838501,0.5,0.013419080899961525,0.3999999761581421,0.5125139951705933,1.6694829958434765,False,0.501471448454744,0.47896440129449835,0.003939265289924905,0.5,0
0.0,0.01,confounded,logger12_balanced,0,true_behavior_fixed_em,100,1.4378361701965332,1.4381219148635864,0.5,0.020284944595901046,0.3999999761581421,0.5129910111427307,1.6702795558685286,False,0.027287088433323184,0.5760517799352751,0.0038756448230339315,0.5022653721682848,1
0.0,0.01,confounded,logger12_balanced,0,true_behavior_fixed_em,200,1.3339506387710571,1.3345139026641846,0.5,0.016399211662940203,0.3999999761581421,0.5129942297935486,1.670284931923839,False,0.019139830011246316,0.5016181229773463,0.002961494592302826,0.5090614886731392,2
0.0,0.01,confounded,logger12_balanced,0,true_behavior_fixed_em,300,1.2319495677947998,1.2324962615966797,0.5,0.013614314379139921,0.3999999761581421,0.512985110282898,1.6702696998120676,False,0.015934262066652518,0.47896440129449835,0.00273540574757156,0.5077669902912622,3
0.0,0.01,confounded,logger12_balanced,0,true_behavior_fixed_em,400,1.1308314800262451,1.1315841674804688,0.5,0.012329180647732215,0.3999999761581421,0.51298987865448,1.6702776642976274,False,0.015719843587130813,0.5080906148867314,0.0028014149734117955,0.5087378640776699,4
0.0,0.01,confounded,logger12_balanced,0,true_behavior_fixed_em,500,1.0310248136520386,1.0320595502853394,0.5,0.01171953686572709,0.3999999761581421,0.5129765868186951,1.670255463388744,False,0.02369095541160569,0.5792880258899676,0.0032236071828741666,0.503883495145631,5
0.0,0.01,confounded,logger12_balanced,0,true_behavior_fixed_em,600,0.9305318593978882,0.9318503737449646,0.5,0.011021881920094415,0.3999999761581421,0.5129702091217041,1.6702448110394699,False,0.021288467371269635,0.5760517799352751,0.0033063553657212822,0.5045307443365695,6
0.0,0.01,confounded,logger12_balanced,0,true_behavior_fixed_em,700,0.8294215202331543,0.8308030962944031,0.5,0.00932917546409972,0.3999999761581421,0.5129534602165222,1.6702168365017713,False,0.016016254807181295,0.5469255663430421,0.0029666804837399836,0.5055016181229773,7
0.0,0.01,confounded,logger12_balanced,0,true_behavior_fixed_em,800,0.7347112894058228,0.7376291751861572,0.5,0.010084335151966465,0.3999999761581421,0.5130209922790527,1.6703296334982773,False,0.026286182417198264,0.43042071197411,0.0020391537524156915,0.5061488673139158,8
0.0,0.01,confounded,logger12_balanced,0,true_behavior_fixed_em,900,0.6321014761924744,0.6345397233963013,0.5,0.009859913251733347,0.3999999761581421,0.5129711031913757,1.670246304355367,False,0.020121818378063806,0.6796116504854369,0.004140406646082457,0.5155339805825243,9
0.0,0.01,confounded,logger12_balanced,0,true_behavior_fixed_em,1000,0.5315077900886536,0.534672200679779,0.5,0.008719502787219207,0.3999999761581421,0.5129467844963074,1.6702056866386894,False,0.016715114592520546,0.517799352750809,0.0026528226424293567,0.501294498381877,10
0.0,0.01,confounded,logger12_balanced,0,true_behavior_fixed_em,1100,0.43078216910362244,0.4338710308074951,0.5,0.009265015050000517,0.3999999761581421,0.5129770040512085,1.6702561602737744,False,0.015832952337660855,0.5566343042071198,0.003232363928209487,0.5097087378640777,11
0.0,0.01,confounded,logger12_balanced,0,true_behavior_fixed_em,1200,0.33223333954811096,0.3359830975532532,0.5,0.008029788678704755,0.3999999761581421,0.5129990577697754,1.670292996039249,False,0.016720393724218786,0.49514563106796117,0.0025768812278391252,0.5032362459546925,12
0.0,0.01,confounded,logger12_balanced,0,true_behavior_fixed_em,1300,0.24297784268856049,0.24889570474624634,0.5,0.010466853392784477,0.3999999761581421,0.5130330324172974,1.670349744619049,False,0.02549200961148796,0.5760517799352751,0.0033788868367313255,0.5132686084142395,13
0.0,0.01,confounded,logger12_balanced,0,true_behavior_fixed_em,1400,0.13394394516944885,0.14028410613536835,0.5,0.007846224788973169,0.3999999761581421,0.5128718018531799,1.6700804548969008,False,0.015444219774900642,0.5954692556634305,0.0032243254974970957,0.5061488673139158,14
0.0,0.01,confounded,logger12_balanced,0,true_behavior_fixed_em,1500,0.04678266867995262,0.05096031352877617,0.5,0.007869352509915082,0.3999999761581421,0.5130154490470886,1.670320374499325,False,0.02384558453993422,0.6019417475728155,0.003672443052095569,0.5009708737864078,15
0.0,0.01,confounded,logger12_balanced,0,true_behavior_fixed_em,1600,-0.059902310371398926,-0.05087992548942566,0.5,0.007650320160643695,0.3999999761581421,0.5129875540733337,1.6702737816061728,False,0.01583221259882432,0.6084142394822006,0.0032184828231520395,0.5077669902912622,16
0.0,0.01,confounded,logger12_balanced,0,true_behavior_fixed_em,1700,-0.16010545194149017,-0.14961925148963928,0.5,0.00731894978947421,0.3999999761581421,0.5128501653671265,1.6700443206153412,False,0.014783058714143253,0.5598705501618123,0.0026806940331435243,0.5009708737864078,17
0.0,0.01,confounded,logger12_balanced,0,true_behavior_fixed_em,1800,-0.24094562232494354,-0.22541143000125885,0.5,0.009517928610770457,0.3999999761581421,0.5130487084388733,1.67037592926292,False,0.021608223239492644,0.6019417475728155,0.0034732673603117587,0.523948220064725,18
0.0,0.01,confounded,logger12_balanced,0,true_behavior_fixed_em,1900,-0.3545624017715454,-0.33998095989227295,0.5,0.00780969444276283,0.3999999761581421,0.5132030248641968,1.6706337155950912,False,0.014452794134848486,0.6472491909385113,0.0037004008932007768,0.53042071197411,19
0.0,0.01,confounded,logger12_balanced,0,true_behavior_fixed_em,2000,-0.4529350697994232,-0.4351646602153778,0.5,0.007392962699379294,0.3999999761581421,0.5130718946456909,1.6704146593936797,False,0.012957136136011743,0.4563106796116505,0.002089543730356565,0.5249190938511327,20
0.0,0.01,confounded,logger12_balanced,0,true_behavior_fixed_em,2100,-0.5366793870925903,-0.5098896622657776,0.5,0.007609452299616463,0.3999999761581421,0.5131316184997559,1.670514425974218,False,0.017413843941995286,0.6796116504854369,0.004142298962412045,0.5184466019417475,21
0.0,0.01,confounded,logger12_balanced,0,true_behavior_fixed_em,2200,-0.6329322457313538,-0.6044360399246216,0.5,0.007656631064109303,0.3999999761581421,0.5132688879966736,1.6707437523884658,False,0.014996498283782824,0.5728155339805825,0.002966949813728747,0.529126213592233,22
0.0,0.01,confounded,logger12_balanced,0,true_behavior_fixed_em,2300,-0.7170723676681519,-0.683708667755127,0.5,0.008373279793398145,0.3999999761581421,0.5133646130561829,1.6709036920885845,False,0.014960917458526705,0.49838187702265374,0.0024308401247797517,0.5294498381877023,23
0.0,0.01,confounded,logger12_balanced,0,true_behavior_fixed_em,2400,-0.8189803957939148,-0.7842446565628052,0.5,0.006539467183547197,0.3999999761581421,0.5130689740180969,1.6704097807416565,False,0.01480180915843598,0.47249190938511326,0.002318304182415305,0.5184466019417475,24
0.0,0.01,confounded,logger12_balanced,0,true_behavior_fixed_em,2500,-0.9190991520881653,-0.8758928775787354,0.5,0.007457011474187222,0.3999999761581421,0.51373690366745,1.6715258696537274,False,0.012985870722046074,0.6634304207119741,0.0038277485193974415,0.5346278317152103,25
0.0,0.01,confounded,logger12_balanced,0,true_behavior_fixed_em,2600,-1.0126595497131348,-0.9566709995269775,0.5,0.006359597897655101,0.3999999761581421,0.5130987763404846,1.67045956357428,False,0.012416322425086654,0.4563106796116505,0.0020613874017050633,0.5255663430420712,26
0.0,0.01,confounded,logger12_balanced,0,true_behavior_fixed_em,2700,-1.0811713933944702,-1.0098971128463745,0.5,0.007034154017221253,0.3999999761581421,0.5139133334159851,1.6718208025592847,False,0.015823467690309526,0.7799352750809061,0.00493549972709726,0.5229773462783172,27
0.0,0.01,confounded,logger12_balanced,0,true_behavior_fixed_em,2800,-1.1713566780090332,-1.080806016921997,0.5,0.006063412947586948,0.3999999761581421,0.5133331418037415,1.6708511074841417,False,0.015135970252957686,0.6893203883495146,0.004069814626428912,0.5097087378640777,28
0.0,0.01,confounded,logger12_balanced,0,true_behavior_fixed_em,2900,-1.240403175354004,-1.1502341032028198,0.5,0.006202238376392624,0.3999999761581421,0.5114005208015442,1.6676251038675445,False,0.014734617542306021,0.7540453074433657,0.00473704978082659,0.5055016181229773,29
0.0,0.01,confounded,logger12_balanced,0,true_behavior_fixed_em,3000,-1.3450804948806763,-1.240096092224121,0.5,0.0054192158198796215,0.3999999761581421,0.511875331401825,1.6684170979528694,False,0.012382509092982861,0.6116504854368932,0.0032279705645626173,0.5132686084142395,30
0.0,0.01,confounded,logger12_balanced,0,oracle_reward_fixed_learn_behavior,0,-1.2957301139831543,-1.1962676048278809,0.5,0.021394745536852704,0.0,0.6794745922088623,1.9728409138912486,False,0.012681063618059634,0.18122977346278318,0.0006349945045263475,0.7595469255663431,
0.0,0.01,confounded,logger12_balanced,0,oracle_reward_fixed_learn_behavior,300,-1.299797534942627,-1.1999882459640503,0.5,0.021394745536852704,0.05627311021089554,0.6766825914382935,1.9673404228002866,False,0.012681063618059634,0.18122977346278318,0.0006349945045263475,0.7045307443365696,
0.0,0.01,confounded,logger12_balanced,0,oracle_reward_fixed_learn_behavior,750,-1.3053319454193115,-1.2049083709716797,0.5,0.021394745536852704,0.13474684953689575,0.6634055972099304,1.9413926904756866,False,0.012681063618059634,0.18122977346278318,0.0006349945045263475,0.6016181229773463,
0.0,0.01,confounded,logger12_balanced,0,oracle_reward_fixed_learn_behavior,1500,-1.3131906986236572,-1.2115801572799683,0.5,0.021394745536852704,0.2504260540008545,0.6229948997497559,1.8645036900598726,False,0.012681063618059634,0.18122977346278318,0.0006349945045263475,0.5621359223300971,
0.0,0.01,confounded,logger12_balanced,0,oracle_reward_fixed_learn_behavior,2250,-1.3189523220062256,-1.2161543369293213,0.5,0.021394745536852704,0.34127551317214966,0.5721908211708069,1.7721452549997114,False,0.012681063618059634,0.18122977346278318,0.0006349945045263475,0.5559870550161812,
0.0,0.01,confounded,logger12_balanced,0,oracle_reward_fixed_learn_behavior,3000,-1.3230977058410645,-1.2192158699035645,0.5,0.021394745536852704,0.4106888771057129,0.520341694355011,1.682602487255542,False,0.012681063618059634,0.18122977346278318,0.0006349945045263475,0.5533980582524272,
0.0,0.01,confounded,logger12_balanced,0,oracle_initialized_joint,0,-1.3237849473953247,-1.2198060750961304,0.5,0.021394745536852704,0.3999999761581421,0.508045494556427,1.6620395529513505,False,0.012681063618059634,0.18122977346278318,0.0006349945045263475,0.5550161812297735,
0.0,0.01,confounded,logger12_balanced,0,oracle_initialized_joint,300,-1.60326087474823,-1.4022241830825806,0.5025233030319214,0.00576792213122984,0.40817004442214966,0.5055159330368042,1.6578406346042127,False,0.011313931483853729,0.37540453074433655,0.0016314279339725358,0.5355987055016181,
0.0,0.01,confounded,logger12_balanced,0,oracle_initialized_joint,750,-1.6805051565170288,-1.251617670059204,0.50579833984375,0.013321527860438524,0.4188249111175537,0.45972102880477905,1.5836321356160596,False,0.013052566007045968,0.4368932038834951,0.0022626864896374012,0.5624595469255663,
0.0,0.01,confounded,logger12_balanced,0,oracle_initialized_joint,1500,-2.0968329906463623,-1.3847748041152954,0.5029598474502563,0.011352162166419684,0.41405734419822693,0.45141229033470154,1.5705286624175934,False,0.010688985574087564,0.39158576051779936,0.0018075246834618247,0.5983818770226538,
0.0,0.01,confounded,logger12_balanced,0,oracle_initialized_joint,2250,-2.062743902206421,-1.0705567598342896,0.4979168474674225,0.013199248688003238,0.40303468704223633,0.4126896560192108,1.5108760618761496,False,0.011579934659189271,0.43042071197411,0.0021953985073365316,0.6504854368932039,
0.0,0.01,confounded,logger12_balanced,0,oracle_initialized_joint,3000,-1.8543386459350586,-0.596232533454895,0.500128984451294,0.014583445872874726,0.3983827829360962,0.36365601420402527,1.4385792781993725,False,0.013443115283797923,0.3268608414239482,0.0013475851822805024,0.6789644012944984,
0.0,0.01,confounded,logger12_balanced,1,collapsed_constrained_reference,0,2.547177314758301,2.7374744415283203,0.5,0.0,0.0,0.6931471805599453,2.0,True,0.5148778923537758,0.7508090614886731,0.0049932077910158175,0.5,
0.0,0.01,confounded,logger12_balanced,1,collapsed_constrained_reference,300,1.5457475185394287,1.5464258193969727,0.5,0.0,0.0,0.6931471805599453,2.0,True,0.019203476907630822,0.5242718446601942,0.0027561055275097785,0.5,
0.0,0.01,confounded,logger12_balanced,1,collapsed_constrained_reference,750,0.9648283123970032,0.966237485408783,0.5,0.0,0.0,0.6931471805599453,2.0,True,0.024974856171532042,0.5857605177993528,0.0032127278663708,0.5,
0.0,0.01,confounded,logger12_balanced,1,collapsed_constrained_reference,1500,0.1442168802022934,0.14776523411273956,0.5,0.0,0.0,0.6931471805599453,2.0,True,0.02498112261542116,0.4563106796116505,0.0020916736829512325,0.5,
0.0,0.01,confounded,logger12_balanced,1,collapsed_constrained_reference,2250,-0.6307267546653748,-0.6064971089363098,0.5,0.0,0.0,0.6931471805599453,2.0,True,0.013798294271682885,0.6504854368932039,0.0035617979280130685,0.5,
0.0,0.01,confounded,logger12_balanced,1,collapsed_constrained_reference,3000,-1.1980509757995605,-1.0952043533325195,0.5,0.0,0.0,0.6931471805599453,2.0,True,0.020376956924763708,0.6796116504854369,0.004015559019816013,0.5,
0.0,0.01,confounded,logger12_balanced,1,true_behavior_fixed,0,2.0462729930877686,2.2477805614471436,0.5,0.01489794163681713,0.3999999761581421,0.5130274891853333,1.6703404855086161,False,0.5027534367092863,0.37216828478964403,0.0036866293319266167,0.5009708737864078,
0.0,0.01,confounded,logger12_balanced,1,true_behavior_fixed,300,1.2342591285705566,1.2348569631576538,0.5,0.013812770950327602,0.3999999761581421,0.513003408908844,1.6703002637321716,False,0.01867175858694905,0.47896440129449835,0.002881975160777797,0.5074433656957928,
0.0,0.01,confounded,logger12_balanced,1,true_behavior_fixed,750,0.7835264801979065,0.7848999500274658,0.5,0.011709271304543491,0.3999999761581421,0.5130763053894043,1.670422027180886,False,0.0215290311203968,0.6375404530744336,0.003966552650883253,0.523948220064725,
0.0,0.01,confounded,logger12_balanced,1,true_behavior_fixed,1500,0.04806267097592354,0.05576043948531151,0.5,0.008654002701624704,0.3999999761581421,0.5129808783531189,1.6702626313629425,False,0.023001846269912543,0.5436893203883495,0.0030961928554499247,0.5077669902912622,
0.0,0.01,confounded,logger12_balanced,1,true_behavior_fixed,2250,-0.6706249117851257,-0.6507696509361267,0.5,0.008974612358518699,0.3999999761581421,0.5133364796638489,1.6708566845607065,False,0.015812771687837287,0.5501618122977346,0.0027582148024234802,0.5300970873786408,
0.0,0.01,confounded,logger12_balanced,1,true_behavior_fixed,3000,-1.2767467498779297,-1.1910821199417114,0.5,0.006397144161416044,0.3999999761581421,0.5113303661346436,1.6675081162875278,False,0.015983369567320254,0.6181229773462783,0.0032364053487658217,0.511326860841424,
0.0,0.01,confounded,logger12_balanced,1,true_behavior_fixed_em,0,2.0462729930877686,2.2477805614471436,0.5,0.01489794163681713,0.3999999761581421,0.5130274891853333,1.6703404855086161,False,0.5027534367092863,0.37216828478964403,0.0036866293319266167,0.5009708737864078,0
0.0,0.01,confounded,logger12_balanced,1,true_behavior_fixed_em,100,1.4392902851104736,1.439679503440857,0.5,0.019862248030854856,0.3999999761581421,0.5129721760749817,1.6702480963362063,False,0.02913634550978102,0.49514563106796117,0.003900603834306389,0.5055016181229773,1
0.0,0.01,confounded,logger12_balanced,1,true_behavior_fixed_em,200,1.3357607126235962,1.3363052606582642,0.5,0.016551692547173962,0.3999999761581421,0.5129945874214172,1.6702855292643861,False,0.018947444411237403,0.44660194174757284,0.002705591782624422,0.5122977346278317,2
0.0,0.01,confounded,logger12_balanced,1,true_behavior_fixed_em,300,1.23429274559021,1.2348672151565552,0.5,0.013900359198051732,0.3999999761581421,0.5130042433738708,1.6703016575399074,False,0.019193881219261986,0.48220064724919093,0.0028967973519905144,0.5093851132686085,3
0.0,0.01,confounded,logger12_balanced,1,true_behavior_fixed_em,400,1.1335041522979736,1.1343892812728882,0.5,0.015247028506810253,0.3999999761581421,0.5130216479301453,1.6703307286520857,False,0.01818672551552705,0.45307443365695793,0.002580290304194979,0.5229773462783172,4
0.0,0.01,confounded,logger12_balanced,1,true_behavior_fixed_em,500,1.032963752746582,1.0339680910110474,0.5,0.013054927979259974,0.3999999761581421,0.5130021572113037,1.6702981730227484,False,0.01731816691748348,0.4563106796116505,0.002591861624457748,0.5116504854368932,5
0.0,0.01,confounded,logger12_balanced,1,true_behavior_fixed_em,600,0.9335034489631653,0.934532880783081,0.5,0.012508527199060458,0.3999999761581421,0.5130463242530823,1.6703719467811113,False,0.022744405252093768,0.6699029126213593,0.004357352834469892,0.5129449838187702,6
0.0,0.01,confounded,logger12_balanced,1,true_behavior_fixed_em,700,0.8319063782691956,0.833350419998169,0.5,0.010121739568157317,0.3999999761581421,0.512996256351471,1.6702883168564304,False,0.0141173720736633,0.5631067961165048,0.0033634172583318343,0.5071197411003237,7
0.0,0.01,confounded,logger12_balanced,1,true_behavior_fixed_em,800,0.7337035536766052,0.7353653907775879,0.5,0.010593420827408152,0.3999999761581421,0.512982964515686,1.670266115805956,False,0.02113650781958969,0.5016181229773463,0.002555453640903345,0.5161812297734628,8
0.0,0.01,confounded,logger12_balanced,1,true_behavior_fixed_em,900,0.633773148059845,0.6360287666320801,0.5,0.010169824581014626,0.3999999761581421,0.5130329132080078,1.6703495454978545,False,0.018504429886593537,0.686084142394822,0.004337680791234276,0.5174757281553398,9
0.0,0.01,confounded,logger12_balanced,1,true_behavior_fixed_em,1000,0.5341525673866272,0.536483645439148,0.5,0.008917725572596923,0.3999999761581421,0.5129387378692627,1.6701922471705124,False,0.016981506150408533,0.5889967637540453,0.0033905297293133707,0.5110032362459547,10
0.0,0.01,confounded,logger12_balanced,1,true_behavior_fixed_em,1100,0.4334447979927063,0.4363219141960144,0.5,0.009877759777496236,0.3999999761581421,0.5130211710929871,1.6703299321765175,False,0.014459840348532971,0.49838187702265374,0.0026051264982015656,0.5194174757281553,11
0.0,0.01,confounded,logger12_balanced,1,true_behavior_fixed_em,1200,0.33880096673965454,0.3433015048503876,0.5,0.007912447903154108,0.3999999761581421,0.5129410624504089,1.6701961296724332,False,0.022786783441593742,0.6796116504854369,0.004252758071719071,0.5042071197411003,12
0.0,0.01,confounded,logger12_balanced,1,true_behavior_fixed_em,1300,0.23548103868961334,0.23991890251636505,0.5,0.007356354205665062,0.3999999761581421,0.5129502415657043,1.670211460665636,False,0.014118033964315366,0.5016181229773463,0.002563944901233349,0.5009708737864078,13
0.0,0.01,confounded,logger12_balanced,1,true_behavior_fixed_em,1400,0.13729357719421387,0.14303185045719147,0.5,0.007777482567019695,0.3999999761581421,0.5129044055938721,1.670134906654648,False,0.014400609309164054,0.5760517799352751,0.003122701987680865,0.5029126213592233,14
0.0,0.01,confounded,logger12_balanced,1,true_behavior_fixed_em,1500,0.077643483877182,0.09776095300912857,0.5,0.009780561356898462,0.3999999761581421,0.5130237936973572,1.6703343127968415,False,0.033616234338532475,0.4110032362459547,0.0019790377384809594,0.5097087378640777,15
0.0,0.01,confounded,logger12_balanced,1,true_behavior_fixed_em,1600,-0.054317254573106766,-0.045454494655132294,0.5,0.0073867207495935915,0.3999999761581421,0.5129938721656799,1.6702843345835057,False,0.016449308372224223,0.4919093851132686,0.0024296702659954757,0.5064724919093851,16
0.0,0.01,confounded,logger12_balanced,1,true_behavior_fixed_em,1700,-0.1552201509475708,-0.1456460803747177,0.5,0.0068974477648446626,0.3999999761581421,0.5128458142280579,1.6700370540360605,False,0.01592047512510737,0.5760517799352751,0.002989495140021024,0.5032362459546925,17
0.0,0.01,confounded,logger12_balanced,1,true_behavior_fixed_em,1800,-0.25361236929893494,-0.24265114963054657,0.5,0.0068823055367374835,0.3999999761581421,0.5130635499954224,1.6704007204257016,False,0.01371519568598273,0.598705501618123,0.0033307710503063556,0.5106796116504855,18
0.0,0.01,confounded,logger12_balanced,1,true_behavior_fixed_em,1900,-0.3510161340236664,-0.33757779002189636,0.5,0.006376450177023928,0.3999999761581421,0.5126731991767883,1.6697488053830998,False,0.013814076496246273,0.6666666666666666,0.004232230182601434,0.5035598705501618,19
0.0,0.01,confounded,logger12_balanced,1,true_behavior_fixed_em,2000,-0.4307783842086792,-0.4131135046482086,0.5,0.006847636939884584,0.3999999761581421,0.5126712918281555,1.6697456205930359,False,0.01883998833488578,0.5533980582524272,0.0028187297365708224,0.5064724919093851,20
0.0,0.01,confounded,logger12_balanced,1,true_behavior_fixed_em,2100,-0.5384577512741089,-0.5196513533592224,0.5,0.006403095849044431,0.3999999761581421,0.512869656085968,1.6700768712968643,False,0.015401381379677838,0.6084142394822006,0.003301236195599209,0.510032362459547,21
0.0,0.01,confounded,logger12_balanced,1,true_behavior_fixed_em,2200,-0.6171112656593323,-0.5968777537345886,0.5,0.006303489303263683,0.3999999761581421,0.5126645565032959,1.669734374351722,False,0.01768890538302783,0.6440129449838188,0.0038638952757345042,0.5042071197411003,22
0.0,0.01,confounded,logger12_balanced,1,true_behavior_fixed_em,2300,-0.692500650882721,-0.6597960591316223,0.5,0.007336729988364046,0.3999999761581421,0.5127758383750916,1.669920195857392,False,0.01947449217739555,0.6407766990291263,0.003347922324632177,0.5129449838187702,23
0.0,0.01,confounded,logger12_balanced,1,true_behavior_fixed_em,2400,-0.8071116805076599,-0.7670662999153137,0.5,0.005814755470621441,0.3999999761581421,0.5125057697296143,1.6694692636661055,False,0.015921504708987764,0.4401294498381877,0.0019342656429959643,0.5090614886731392,24
0.0,0.01,confounded,logger12_balanced,1,true_behavior_fixed_em,2500,-0.9149489402770996,-0.8746311068534851,0.5,0.005757255982001079,0.3999999761581421,0.5126552581787109,1.6697188486917198,False,0.01278991107156449,0.6601941747572816,0.0038068211335453876,0.5110032362459547,25
0.0,0.01,confounded,logger12_balanced,1,true_behavior_fixed_em,2600,-0.9149489402770996,-0.8746311068534851,0.5,0.005757255982001079,0.3999999761581421,0.5126552581787109,1.6697188486917198,False,0.01278991107156449,0.6601941747572816,0.0038068211335453876,0.5110032362459547,26
0.0,0.01,confounded,logger12_balanced,1,true_behavior_fixed_em,2700,-0.9960208535194397,-0.9387666583061218,0.5,0.006503760341285439,0.3999999761581421,0.5132389664649963,1.6706937619242537,False,0.012593599733990747,0.5792880258899676,0.0030197507110564714,0.5313915857605178,27
0.0,0.01,confounded,logger12_balanced,1,true_behavior_fixed_em,2800,-1.051181435585022,-0.9843899607658386,0.5,0.005781494842242034,0.3999999761581421,0.5125250816345215,1.6695015046090869,False,0.01869458441511933,0.7346278317152104,0.004531048606500216,0.5029126213592233,28
0.0,0.01,confounded,logger12_balanced,1,true_behavior_fixed_em,2900,-1.1782082319259644,-1.1018129587173462,0.5,0.006045192758549145,0.3999999761581421,0.5116791129112244,1.6680897557845602,False,0.012633349146497852,0.5242718446601942,0.002483579227554873,0.517799352750809,29
0.0,0.01,confounded,logger12_balanced,1,true_behavior_fixed_em,3000,-1.2334493398666382,-1.1454123258590698,0.5,0.005528179380023503,0.3999999761581421,0.5118840932846069,1.668431716491956,False,0.015095662144055668,0.6666666666666666,0.0037740045794969687,0.5129449838187702,30
0.0,0.01,confounded,logger12_balanced,1,oracle_reward_fixed_learn_behavior,0,-1.2321593761444092,-1.1451860666275024,0.5,0.02053241475616876,0.0,0.6822516322135925,1.9783271863052567,False,0.011726077860063163,0.2686084142394822,0.001092861124860163,0.7776699029126214,
0.0,0.01,confounded,logger12_balanced,1,oracle_reward_fixed_learn_behavior,300,-1.2346341609954834,-1.147423505783081,0.5,0.02053241475616876,0.04467983543872833,0.680686891078949,1.9752340369991481,False,0.011726077860063163,0.2686084142394822,0.001092861124860163,0.7074433656957929,
0.0,0.01,confounded,logger12_balanced,1,oracle_reward_fixed_learn_behavior,750,-1.2381749153137207,-1.1505436897277832,0.5,0.02053241475616876,0.10914604365825653,0.6719948649406433,1.9581396511696514,False,0.011726077860063163,0.2686084142394822,0.001092861124860163,0.6087378640776699,
0.0,0.01,confounded,logger12_balanced,1,oracle_reward_fixed_learn_behavior,1500,-1.2432421445846558,-1.1548359394073486,0.5,0.02053241475616876,0.20424531400203705,0.6449990272521973,1.9059851752281296,False,0.011726077860063163,0.2686084142394822,0.001092861124860163,0.5647249190938511,
0.0,0.01,confounded,logger12_balanced,1,oracle_reward_fixed_learn_behavior,2250,-1.2472121715545654,-1.1580379009246826,0.5,0.02053241475616876,0.281722754240036,0.6095673441886902,1.8396352976729415,False,0.011726077860063163,0.2686084142394822,0.001092861124860163,0.5579288025889968,
0.0,0.01,confounded,logger12_balanced,1,oracle_reward_fixed_learn_behavior,3000,-1.2503381967544556,-1.160431981086731,0.5,0.02053241475616876,0.3465244770050049,0.5698623061180115,1.768023588641084,False,0.011726077860063163,0.2686084142394822,0.001092861124860163,0.5559870550161812,
0.0,0.01,confounded,logger12_balanced,1,oracle_initialized_joint,0,-1.253697156906128,-1.162914752960205,0.5,0.02053241475616876,0.3999999761581421,0.5102357864379883,1.6656838943197299,False,0.011726077860063163,0.2686084142394822,0.001092861124860163,0.5563106796116505,
0.0,0.01,confounded,logger12_balanced,1,oracle_initialized_joint,300,-1.4891388416290283,-1.2885199785232544,0.5024906992912292,0.007673249557668165,0.4075556993484497,0.5041787624359131,1.655625300316687,False,0.014308711745707683,0.3592233009708738,0.0015839453812384703,0.5336569579288026,
0.0,0.01,confounded,logger12_balanced,1,oracle_initialized_joint,750,-1.8148105144500732,-1.4511076211929321,0.5023916959762573,0.006943877232682532,0.41795796155929565,0.49099335074424744,1.6339384880945533,False,0.01234295153449023,0.49514563106796117,0.002433747799568272,0.5326860841423948,
0.0,0.01,confounded,logger12_balanced,1,oracle_initialized_joint,1500,-1.8503485918045044,-1.0363973379135132,0.5015832185745239,0.009140435451463253,0.4192703366279602,0.4345381259918213,1.5442496454370747,False,0.012691314733374738,0.43042071197411,0.0020754157359591445,0.5323624595469255,
0.0,0.01,confounded,logger12_balanced,1,oracle_initialized_joint,2250,-2.128643751144409,-1.044169545173645,0.5038014054298401,0.012628559138232548,0.40649113059043884,0.425642728805542,1.5305738474916195,False,0.010583791145227608,0.4110032362459547,0.0017539116937691052,0.6682847896440129,
0.0,0.01,confounded,logger12_balanced,1,oracle_initialized_joint,3000,-2.039138078689575,-0.9748278856277466,0.4993250370025635,0.015019432767196356,0.3849691152572632,0.3990950286388397,1.4904752497119949,False,0.01116109225730326,0.34951456310679613,0.0014025694893091258,0.6828478964401294,
0.0,0.01,confounded,logger12_balanced,2,collapsed_constrained_reference,0,2.5425302982330322,2.7487053871154785,0.5,0.0,0.0,0.6931471805599453,2.0,True,0.5054183719864147,0.5598705501618123,0.0031943731255504168,0.5,
0.0,0.01,confounded,logger12_balanced,2,collapsed_constrained_reference,300,1.5445367097854614,1.5450563430786133,0.5,0.0,0.0,0.6931471805599453,2.0,True,0.017735277209073204,0.4886731391585761,0.0025317329369304235,0.5,
0.0,0.01,confounded,logger12_balanced,2,collapsed_constrained_reference,750,0.9614666700363159,0.9626204371452332,0.5,0.0,0.0,0.6931471805599453,2.0,True,0.01786895626724968,0.5242718446601942,0.002449988589835551,0.5,
0.0,0.01,confounded,logger12_balanced,2,collapsed_constrained_reference,1500,0.13556206226348877,0.1404038667678833,0.5,0.0,0.0,0.6931471805599453,2.0,True,0.023260193210435195,0.6116504854368932,0.0030784417039945874,0.5,
0.0,0.01,confounded,logger12_balanced,2,collapsed_constrained_reference,2250,-0.6221629977226257,-0.5904681086540222,0.5,0.0,0.0,0.6931471805599453,2.0,True,0.01698693345813934,0.6504854368932039,0.0034717802977538522,0.5,
0.0,0.01,confounded,logger12_balanced,2,collapsed_constrained_reference,3000,-1.0969873666763306,-0.867331326007843,0.5,0.0,0.0,0.6931471805599453,2.0,True,0.020749127507016914,0.6763754045307443,0.003785010433720357,0.5,
0.0,0.01,confounded,logger12_balanced,2,true_behavior_fixed,0,2.0302767753601074,2.222886562347412,0.5,0.01076292604685964,0.3999999761581421,0.513006329536438,1.670305142064336,False,0.4975206229337012,0.23624595469255663,0.0019030649774004875,0.5003236245954693,
0.0,0.01,confounded,logger12_balanced,2,true_behavior_fixed,300,1.2335702180862427,1.23430335521698,0.5,0.014751193758541203,0.3999999761581421,0.5129804015159607,1.670261834919846,False,0.018938955884883858,0.4854368932038835,0.002473326830763748,0.5032362459546925,
0.0,0.01,confounded,logger12_balanced,2,true_behavior_fixed,750,0.7817285656929016,0.7830610871315002,0.5,0.010774869480920933,0.3999999761581421,0.5129855275154114,1.670270396703038,False,0.017879399574897013,0.5242718446601942,0.0026135448007395955,0.517799352750809,
0.0,0.01,confounded,logger12_balanced,2,true_behavior_fixed,1500,0.0554889440536499,0.06388494372367859,0.5,0.008602690656547831,0.3999999761581421,0.513035237789154,1.6703534283654287,False,0.028590918729236182,0.6828478964401294,0.004150308464903758,0.5,
0.0,0.01,confounded,logger12_balanced,2,true_behavior_fixed,2250,-0.6710835695266724,-0.643197238445282,0.5,0.00709845102527684,0.3999999761581421,0.5124785304069519,1.6694237890735089,False,0.01695407194146247,0.44660194174757284,0.002093290280864222,0.5009708737864078,
0.0,0.01,confounded,logger12_balanced,2,true_behavior_fixed,3000,-0.9460862278938293,-0.6640902757644653,0.5,0.007540492709395858,0.3999999761581421,0.5099961161613464,1.6652847272361337,False,0.02576343928349034,0.5954692556634305,0.0031035738969311644,0.5132686084142395,
0.0,0.01,confounded,logger12_balanced,2,true_behavior_fixed_em,0,2.0302767753601074,2.222886562347412,0.5,0.01076292604685964,0.3999999761581421,0.513006329536438,1.670305142064336,False,0.4975206229337012,0.23624595469255663,0.0019030649774004875,0.5003236245954693,0
0.0,0.01,confounded,logger12_balanced,2,true_behavior_fixed_em,100,1.438726782798767,1.439300537109375,0.5,0.018947201176830825,0.3999999761581421,0.5129795074462891,1.6702603415900632,False,0.027874195421097196,0.517799352750809,0.0034261014850144184,0.5042071197411003,1
0.0,0.01,confounded,logger12_balanced,2,true_behavior_fixed_em,200,1.335151195526123,1.3359025716781616,0.5,0.015918031870107003,0.3999999761581421,0.5129876732826233,1.6702739807183355,False,0.019537284647809718,0.6213592233009708,0.0036456311229134475,0.5051779935275081,2
0.0,0.01,confounded,logger12_balanced,2,true_behavior_fixed_em,300,1.2335962057113647,1.2343312501907349,0.5,0.014818679053415263,0.3999999761581421,0.5129808187484741,1.6702625318075346,False,0.01951862557251654,0.4886731391585761,0.002552940109721572,0.5032362459546925,3
0.0,0.01,confounded,logger12_balanced,2,true_behavior_fixed_em,400,1.1338635683059692,1.1345826387405396,0.5,0.015689000580547653,0.3999999761581421,0.5130366086959839,1.6703557182659214,False,0.02902165020224504,0.5663430420711975,0.0032942940141566643,0.5090614886731392,4
0.0,0.01,confounded,logger12_balanced,2,true_behavior_fixed_em,500,1.0317283868789673,1.032930612564087,0.5,0.011535609163246289,0.3999999761581421,0.5129750370979309,1.6702528749611767,False,0.016400798116868107,0.5760517799352751,0.003191924112122019,0.5106796116504855,5
0.0,0.01,confounded,logger12_balanced,2,true_behavior_fixed_em,600,0.9328541159629822,0.9344884157180786,0.5,0.011338334655142699,0.3999999761581421,0.5129905939102173,1.670278858973737,False,0.02374114262468405,0.39805825242718446,0.0017721607558451014,0.510032362459547,6
0.0,0.01,confounded,logger12_balanced,2,true_behavior_fixed_em,700,0.832367479801178,0.8338950276374817,0.5,0.012108566960735003,0.3999999761581421,0.512944757938385,1.6702023018735528,False,0.020716171547038066,0.4401294498381877,0.002391769859389788,0.5055016181229773,7
0.0,0.01,confounded,logger12_balanced,2,true_behavior_fixed_em,800,0.7346261143684387,0.7364040017127991,0.5,0.01195343300157918,0.3999999761581421,0.5129920244216919,1.6702812483285194,False,0.02419503090797233,0.5760517799352751,0.0030111192347291086,0.5110032362459547,8
0.0,0.01,confounded,logger12_balanced,2,true_behavior_fixed_em,900,0.6326795816421509,0.6348943114280701,0.5,0.010559024761766305,0.3999999761581421,0.5129929780960083,1.6702828412336066,False,0.018207120918350125,0.5825242718446602,0.003363701377509884,0.5194174757281553,9
0.0,0.01,confounded,logger12_balanced,2,true_behavior_fixed_em,1000,0.532911479473114,0.5360518097877502,0.5,0.009819156373295676,0.3999999761581421,0.5129441618919373,1.6702013063557004,False,0.015713302128303207,0.5210355987055016,0.0027771588547092618,0.5106796116504855,10
0.0,0.01,confounded,logger12_balanced,2,true_behavior_fixed_em,1100,0.4329413175582886,0.4358934760093689,0.5,0.008494759759848244,0.3999999761581421,0.5129640698432922,1.6702345569730352,False,0.015925922585853253,0.517799352750809,0.0026592913932418248,0.5106796116504855,11
0.0,0.01,confounded,logger12_balanced,2,true_behavior_fixed_em,1200,0.33292701840400696,0.33614376187324524,0.5,0.008466159086827001,0.3999999761581421,0.51297926902771,1.6702599433690133,False,0.01483156079372526,0.5792880258899676,0.0032077634962732115,0.5233009708737864,12
0.0,0.01,confounded,logger12_balanced,2,true_behavior_fixed_em,1300,0.2386586219072342,0.242533341050148,0.5,0.008288936965541551,0.3999999761581421,0.5129576921463013,1.6702239047570953,False,0.01954840081858333,0.686084142394822,0.00407856716231897,0.5045307443365695,13
0.0,0.01,confounded,logger12_balanced,2,true_behavior_fixed_em,1400,0.13608960807323456,0.14249807596206665,0.5,0.008686198159825003,0.3999999761581421,0.5130284428596497,1.6703420784701963,False,0.015453054469136418,0.6116504854368932,0.0031696354056979627,0.5161812297734628,14
0.0,0.01,confounded,logger12_balanced,2,true_behavior_fixed_em,1500,0.045547857880592346,0.051168765872716904,0.5,0.00826957345882075,0.3999999761581421,0.5129205584526062,1.6701618843257449,False,0.022615650390719288,0.5598705501618123,0.0028242347398342426,0.503883495145631,15
0.0,0.01,confounded,logger12_balanced,2,true_behavior_fixed_em,1600,-0.059841737151145935,-0.052532732486724854,0.5,0.008969761302961942,0.3999999761581421,0.5129747986793518,1.670252476741907,False,0.015716968692899465,0.5825242718446602,0.002967105070360885,0.5142394822006473,16
0.0,0.01,confounded,logger12_balanced,2,true_behavior_fixed_em,1700,-0.14924171566963196,-0.1345321387052536,0.5,0.009382872649799598,0.3999999761581421,0.5129711627960205,1.6702464039098077,False,0.02030259059072045,0.5728155339805825,0.0029074801922382306,0.517799352750809,17
0.0,0.01,confounded,logger12_balanced,2,true_behavior_fixed_em,1800,-0.2532498836517334,-0.2398708313703537,0.5,0.00868034629085705,0.3999999761581421,0.5129257440567017,1.670170545146508,False,0.0158615343921895,0.6537216828478964,0.0036034287725468087,0.5135922330097087,18
0.0,0.01,confounded,logger12_balanced,2,true_behavior_fixed_em,1900,-0.3169197142124176,-0.29851558804512024,0.5,0.008461906286531136,0.3999999761581421,0.5129321217536926,1.6701811970221354,False,0.029559060243677313,0.6148867313915858,0.0034604262090996377,0.5048543689320388,19
0.0,0.01,confounded,logger12_balanced,2,true_behavior_fixed_em,2000,-0.4472366273403168,-0.4305471181869507,0.5,0.0076356553546821455,0.3999999761581421,0.5127576589584351,1.6698898379583136,False,0.013365041290414223,0.47572815533980584,0.0022618436245980048,0.5103559870550162,20
0.0,0.01,confounded,logger12_balanced,2,true_behavior_fixed_em,2100,-0.5273591876029968,-0.5078750252723694,0.5,0.008454326635355272,0.3999999761581421,0.5129148364067078,1.6701523276101269,False,0.01955400607942643,0.6699029126213593,0.004067844019217804,0.5116504854368932,21
0.0,0.01,confounded,logger12_balanced,2,true_behavior_fixed_em,2200,-0.6294037103652954,-0.6108101606369019,0.5,0.0075564590981533316,0.3999999761581421,0.5126171112060547,1.66965515518732,False,0.016022647371858118,0.5889967637540453,0.0032731336053764245,0.5042071197411003,22
0.0,0.01,confounded,logger12_balanced,2,true_behavior_fixed_em,2300,-0.7310977578163147,-0.6973450779914856,0.5,0.007157259977113688,0.3999999761581421,0.512713611125946,1.669816284550402,False,0.014360113604521075,0.5954692556634305,0.003021721301041777,0.5187702265372168,23
0.0,0.01,confounded,logger12_balanced,2,true_behavior_fixed_em,2400,-0.7974669337272644,-0.7576665878295898,0.5,0.00786804764361059,0.3999999761581421,0.5122160315513611,1.6689856247507138,False,0.017571371707034655,0.5889967637540453,0.0036808755183700445,0.5119741100323625,24
0.0,0.01,confounded,logger12_balanced,2,true_behavior_fixed_em,2500,-0.8772068619728088,-0.8091410398483276,0.5,0.008562421707483205,0.3999999761581421,0.5128039717674255,1.6699671770382953,False,0.01785343168457064,0.6181229773462783,0.003338874063182763,0.5262135922330097,25
0.0,0.01,confounded,logger12_balanced,2,true_behavior_fixed_em,2600,-0.8772068619728088,-0.8091410398483276,0.5,0.008562421707483205,0.3999999761581421,0.5128039717674255,1.6699671770382953,False,0.01785343168457064,0.6181229773462783,0.003338874063182763,0.5262135922330097,26
0.0,0.01,confounded,logger12_balanced,2,true_behavior_fixed_em,2700,-1.0042232275009155,-0.954982578754425,0.5,0.006646493801987456,0.3999999761581421,0.5126686096191406,1.669741141992286,False,0.012725739169339499,0.5339805825242718,0.0025432428496724164,0.5142394822006473,27
0.0,0.01,confounded,logger12_balanced,2,true_behavior_fixed_em,2800,-1.0042232275009155,-0.954982578754425,0.5,0.006646493801987456,0.3999999761581421,0.5126686096191406,1.669741141992286,False,0.012725739169339499,0.5339805825242718,0.0025432428496724164,0.5142394822006473,28
0.0,0.01,confounded,logger12_balanced,2,true_behavior_fixed_em,2900,-1.0963268280029297,-1.0364375114440918,0.5,0.007115287543804545,0.3999999761581421,0.5131710767745972,1.6705803428920398,False,0.01217580042556913,0.5566343042071198,0.00273069363412494,0.5313915857605178,29
0.0,0.01,confounded,logger12_balanced,2,true_behavior_fixed_em,3000,-1.1034687757492065,-0.9763567447662354,0.5,0.007026919134444916,0.3999999761581421,0.5125125646591187,1.6694806076306026,False,0.017697140734533507,0.6019417475728155,0.003206502046367218,0.5245954692556635,30
0.0,0.01,confounded,logger12_balanced,2,oracle_reward_fixed_learn_behavior,0,-1.2376559972763062,-1.1607071161270142,0.5,0.020814792552713037,0.0,0.6808898448944092,1.9756349589663293,False,0.013998131254894013,0.2686084142394822,0.0010666624636007551,0.7427184466019418,
0.0,0.01,confounded,logger12_balanced,2,oracle_reward_fixed_learn_behavior,300,-1.2404701709747314,-1.1633689403533936,0.5,0.020814792552713037,0.04736492037773132,0.6789309978485107,1.9717687801259216,False,0.013998131254894013,0.2686084142394822,0.0010666624636007551,0.6980582524271844,
0.0,0.01,confounded,logger12_balanced,2,oracle_reward_fixed_learn_behavior,750,-1.2443488836288452,-1.1669570207595825,0.5,0.020814792552713037,0.11419381946325302,0.6693668961524963,1.9530004770358433,False,0.013998131254894013,0.2686084142394822,0.0010666624636007551,0.6084142394822006,
0.0,0.01,confounded,logger12_balanced,2,oracle_reward_fixed_learn_behavior,1500,-1.2497440576553345,-1.1717952489852905,0.5,0.020814792552713037,0.21224860846996307,0.6402796506881714,1.8970113056515425,False,0.013998131254894013,0.2686084142394822,0.0010666624636007551,0.5601941747572815,
0.0,0.01,confounded,logger12_balanced,2,oracle_reward_fixed_learn_behavior,2250,-1.2539095878601074,-1.1753194332122803,0.5,0.020814792552713037,0.29217976331710815,0.6025668978691101,1.826802001334305,False,0.013998131254894013,0.2686084142394822,0.0010666624636007551,0.5511326860841423,
0.0,0.01,confounded,logger12_balanced,2,oracle_reward_fixed_learn_behavior,3000,-1.257008671760559,-1.177850365638733,0.5,0.020814792552713037,0.3556751608848572,0.5622485280036926,1.7546133653506508,False,0.013998131254894013,0.2686084142394822,0.0010666624636007551,0.5508090614886731,
0.0,0.01,confounded,logger12_balanced,2,oracle_initialized_joint,0,-1.260150671005249,-1.1802772283554077,0.5,0.020814792552713037,0.3999999761581421,0.5091539025306702,1.663882792187171,False,0.013998131254894013,0.2686084142394822,0.0010666624636007551,0.5504854368932038,
0.0,0.01,confounded,logger12_balanced,2,oracle_initialized_joint,300,-1.5703339576721191,-1.4147447347640991,0.5035560131072998,0.006082674665542176,0.40685176849365234,0.5042921900749207,1.6558131046364821,False,0.01244579799423059,0.42394822006472493,0.0019700172741058826,0.5119741100323625,
0.0,0.01,confounded,logger12_balanced,2,oracle_initialized_joint,750,-1.7366108894348145,-1.372815489768982,0.5009134411811829,0.011767801814853865,0.4170841574668884,0.48071107268333435,1.6172239572146787,False,0.013277719177793792,0.39158576051779936,0.001742642193166435,0.555663430420712,
0.0,0.01,confounded,logger12_balanced,2,oracle_initialized_joint,1500,-2.1149864196777344,-1.3854674100875854,0.4921662211418152,0.01048041822337611,0.42329880595207214,0.45054686069488525,1.5691700683315468,False,0.009966075677249888,0.4401294498381877,0.0020677030587905017,0.5912621359223301,
0.0,0.01,confounded,logger12_balanced,2,oracle_initialized_joint,2250,-1.8014521598815918,-0.7526161670684814,0.4985783100128174,0.013986912483875574,0.4062299430370331,0.38514477014541626,1.4698270931212871,False,0.014055788862203093,0.4563106796116505,0.0022324065353780593,0.6385113268608414,
0.0,0.01,confounded,logger12_balanced,2,oracle_initialized_joint,3000,-1.662546157836914,-0.6147105693817139,0.48987066745758057,0.022102375781511665,0.3913615345954895,0.31056326627731323,1.3641933018474175,False,0.014560027128203486,0.3074433656957929,0.00108753146328871,0.66957928802589,
0.0,0.01,confounded,logger12_balanced,3,collapsed_constrained_reference,0,2.509801149368286,2.697265625,0.5,0.0,0.0,0.6931471805599453,2.0,True,0.49707366625325927,0.8964401294498382,0.006621920732578732,0.5,
0.0,0.01,confounded,logger12_balanced,3,collapsed_constrained_reference,300,1.547522783279419,1.548138976097107,0.5,0.0,0.0,0.6931471805599453,2.0,True,0.018445022199250698,0.5760517799352751,0.0032523370583691365,0.5,
0.0,0.01,confounded,logger12_balanced,3,collapsed_constrained_reference,750,0.9669360518455505,0.9688277840614319,0.5,0.0,0.0,0.6931471805599453,2.0,True,0.026853221024212594,0.6634304207119741,0.003957377117088988,0.5,
0.0,0.01,confounded,logger12_balanced,3,collapsed_constrained_reference,1500,0.13389267027378082,0.14326314628124237,0.5,0.0,0.0,0.6931471805599453,2.0,True,0.020579315972953368,0.6375404530744336,0.0035278533317060997,0.5,
0.0,0.01,confounded,logger12_balanced,3,collapsed_constrained_reference,2250,-0.6281386613845825,-0.6019465327262878,0.5,0.0,0.0,0.6931471805599453,2.0,True,0.014016529037682749,0.6116504854368932,0.0029643472002777605,0.5,
0.0,0.01,confounded,logger12_balanced,3,collapsed_constrained_reference,3000,-1.2047362327575684,-1.0918457508087158,0.5,0.0,0.0,0.6931471805599453,2.0,True,0.01770999865544819,0.5533980582524272,0.0025851702090482704,0.5,
0.0,0.01,confounded,logger12_balanced,3,true_behavior_fixed,0,2.0398521423339844,2.2287981510162354,0.5,0.013491668767148569,0.3999999761581421,0.5129037499427795,1.6701338116292308,False,0.49420659353347957,0.2168284789644013,0.0019131192241531624,0.5022653721682848,
0.0,0.01,confounded,logger12_balanced,3,true_behavior_fixed,300,1.2350789308547974,1.2357758283615112,0.5,0.013363190330538949,0.3999999761581421,0.5130141973495483,1.670318283764729,False,0.016730972690411634,0.47572815533980584,0.0026435042272963827,0.5080906148867314,
0.0,0.01,confounded,logger12_balanced,3,true_behavior_fixed,750,0.7824488282203674,0.7841168642044067,0.5,0.010899087893515838,0.3999999761581421,0.5130712985992432,1.6704136637492524,False,0.016057250495654,0.6731391585760518,0.004191211626248558,0.5216828478964401,
0.0,0.01,confounded,logger12_balanced,3,true_behavior_fixed,1500,0.043161943554878235,0.049438249319791794,0.5,0.008067562817960242,0.3999999761581421,0.513063907623291,1.6704013178076578,False,0.017680704900998444,0.44983818770226536,0.0022749732235514304,0.5161812297734628,
0.0,0.01,confounded,logger12_balanced,3,true_behavior_fixed,2250,-0.6812607049942017,-0.6564027667045593,0.5,0.006296030485203082,0.3999999761581421,0.5132594704627991,1.670728018176671,False,0.013690393668062914,0.5631067961165048,0.002774031289555872,0.5181229773462783,
0.0,0.01,confounded,logger12_balanced,3,true_behavior_fixed,3000,-1.3065274953842163,-1.2063816785812378,0.5,0.005706332047636817,0.3999999761581421,0.5135665535926819,1.6712411493486063,False,0.015335934437136012,0.5469255663430421,0.0026887907889182917,0.5236245954692557,
0.0,0.01,confounded,logger12_balanced,3,true_behavior_fixed_em,0,2.0398521423339844,2.2287981510162354,0.5,0.013491668767148569,0.3999999761581421,0.5129037499427795,1.6701338116292308,False,0.49420659353347957,0.2168284789644013,0.0019131192241531624,0.5022653721682848,0
0.0,0.01,confounded,logger12_balanced,3,true_behavior_fixed_em,100,1.440926194190979,1.4413039684295654,0.5,0.020800383203717996,0.3999999761581421,0.5130159854888916,1.6703212705292385,False,0.02652484987588988,0.5922330097087378,0.004108306039640913,0.5093851132686085,1
0.0,0.01,confounded,logger12_balanced,3,true_behavior_fixed_em,200,1.337058424949646,1.3375730514526367,0.5,0.01692430903955759,0.3999999761581421,0.5130225419998169,1.6703322220447991,False,0.018348208542212387,0.598705501618123,0.0035651954230394,0.5181229773462783,2
0.0,0.01,confounded,logger12_balanced,3,true_behavior_fixed_em,300,1.2350796461105347,1.235778570175171,0.5,0.013370361513249088,0.3999999761581421,0.5130146741867065,1.6703190802347427,False,0.0168762214372363,0.47896440129449835,0.002616541533087311,0.5067961165048543,3
0.0,0.01,confounded,logger12_balanced,3,true_behavior_fixed_em,400,1.1341972351074219,1.1350303888320923,0.5,0.013314313335415303,0.3999999761581421,0.5130226612091064,1.6703324211639285,False,0.01822458223152407,0.49838187702265374,0.0027854228990867986,0.5103559870550162,4
0.0,0.01,confounded,logger12_balanced,3,true_behavior_fixed_em,500,1.0333137512207031,1.0344583988189697,0.5,0.011632023481998285,0.3999999761581421,0.5130115151405334,1.670313803627979,False,0.016043719805361165,0.4174757281553398,0.0022094269465345842,0.5074433656957928,5
0.0,0.01,confounded,logger12_balanced,3,true_behavior_fixed_em,600,0.9330052137374878,0.9345592260360718,0.5,0.011085831532943622,0.3999999761581421,0.5130512118339539,1.6703801108790381,False,0.016897164820060376,0.5922330097087378,0.0035115998032891156,0.5142394822006473,6
0.0,0.01,confounded,logger12_balanced,3,true_behavior_fixed_em,700,0.8324381113052368,0.8340089917182922,0.5,0.012053971407091219,0.3999999761581421,0.5130488276481628,1.6703761283872596,False,0.014812101974201948,0.540453074433657,0.0030032128251797734,0.5297734627831715,7
0.0,0.01,confounded,logger12_balanced,3,true_behavior_fixed_em,800,0.7330875396728516,0.735136091709137,0.5,0.010552203601069399,0.3999999761581421,0.5130043625831604,1.6703018566553933,False,0.015653205941172678,0.3333333333333333,0.0015750812460414263,0.5171521035598705,8
0.0,0.01,confounded,logger12_balanced,3,true_behavior_fixed_em,900,0.6328231692314148,0.6350676417350769,0.5,0.009254685788750721,0.3999999761581421,0.5130279660224915,1.6703412819892163,False,0.014872382062351218,0.4886731391585761,0.002700623746647647,0.5106796116504855,9
0.0,0.01,confounded,logger12_balanced,3,true_behavior_fixed_em,1000,0.5348663330078125,0.5385465621948242,0.5,0.008819008200936094,0.3999999761581421,0.5130280256271362,1.670341381549318,False,0.018228264801786236,0.36893203883495146,0.0017273887768618037,0.5135922330097087,10
0.0,0.01,confounded,logger12_balanced,3,true_behavior_fixed_em,1100,0.4435587525367737,0.4462219476699829,0.5,0.008297527937356023,0.3999999761581421,0.5130197405815125,1.6703275427520923,False,0.03094250430280862,0.6051779935275081,0.0034982259365102034,0.5061488673139158,11
0.0,0.01,confounded,logger12_balanced,3,true_behavior_fixed_em,1200,0.33759117126464844,0.3429112434387207,0.5,0.00836003280643579,0.3999999761581421,0.5130449533462524,1.6703696568583706,False,0.01925283475513502,0.5825242718446602,0.0032105179166264106,0.5155339805825243,12
0.0,0.01,confounded,logger12_balanced,3,true_behavior_fixed_em,1300,0.23672863841056824,0.24188992381095886,0.5,0.007240322893330899,0.3999999761581421,0.5130532383918762,1.6703834960045152,False,0.016883656365410414,0.56957928802589,0.0030729835532337635,0.503883495145631,13
0.0,0.01,confounded,logger12_balanced,3,true_behavior_fixed_em,1400,0.14097432792186737,0.14639919996261597,0.5,0.007981888855730621,0.3999999761581421,0.5129544734954834,1.6702185288982097,False,0.021267067523152952,0.6148867313915858,0.003599992761808307,0.5055016181229773,14
0.0,0.01,confounded,logger12_balanced,3,true_behavior_fixed_em,1500,0.04278689622879028,0.04892449080944061,0.5,0.008319477535424127,0.3999999761581421,0.5130661725997925,1.6704051012316754,False,0.017325193539958508,0.3818770226537217,0.0018890895516864893,0.5258899676375405,15
0.0,0.01,confounded,logger12_balanced,3,true_behavior_fixed_em,1600,-0.058205343782901764,-0.04944748803973198,0.5,0.006747181935490146,0.3999999761581421,0.5130384564399719,1.6703588046585092,False,0.01616273247752003,0.5889967637540453,0.003369080974357974,0.5058252427184466,16
0.0,0.01,confounded,logger12_balanced,3,true_behavior_fixed_em,1700,-0.15551215410232544,-0.1452951282262802,0.5,0.006524669723839544,0.3999999761581421,0.5129846930503845,1.670269002921388,False,0.0156801031838903,0.4045307443365696,0.001833690315722714,0.5077669902912622,17
0.0,0.01,confounded,logger12_balanced,3,true_behavior_fixed_em,1800,-0.25333142280578613,-0.23953451216220856,0.5,0.006974262164259037,0.3999999761581421,0.5130516290664673,1.6703808078160756,False,0.015050215134191906,0.5922330097087378,0.0033425072012275786,0.510032362459547,18
0.0,0.01,confounded,logger12_balanced,3,true_behavior_fixed_em,1900,-0.351976215839386,-0.33640965819358826,0.5,0.006211333695122975,0.3999999761581421,0.5129132866859436,1.670149739342391,False,0.013988250187902337,0.49838187702265374,0.0025082011135342964,0.5019417475728155,19
0.0,0.01,confounded,logger12_balanced,3,true_behavior_fixed_em,2000,-0.4414922297000885,-0.42303895950317383,0.5,0.006130063574583298,0.3999999761581421,0.512969970703125,1.6702444128221225,False,0.015569946013948796,0.4886731391585761,0.002577842337610604,0.5071197411003237,20
0.0,0.01,confounded,logger12_balanced,3,true_behavior_fixed_em,2100,-0.5396248698234558,-0.520257830619812,0.5,0.006803917680017844,0.3999999761581421,0.5130562782287598,1.6703885737055937,False,0.013746101362849686,0.41423948220064727,0.0019314130690460244,0.525242718446602,21
0.0,0.01,confounded,logger12_balanced,3,true_behavior_fixed_em,2200,-0.6261335015296936,-0.5987874865531921,0.5,0.006982342222140498,0.3999999761581421,0.5132802128791809,1.670762673472301,False,0.01541442654056847,0.4627831715210356,0.00206787543865995,0.525242718446602,22
0.0,0.01,confounded,logger12_balanced,3,true_behavior_fixed_em,2300,-0.710063099861145,-0.6705349683761597,0.5,0.00674098989503466,0.3999999761581421,0.5133525729179382,1.670883574298249,False,0.018127348357095615,0.5663430420711975,0.0029399952966259755,0.5236245954692557,23
0.0,0.01,confounded,logger12_balanced,3,true_behavior_fixed_em,2400,-0.817406177520752,-0.7838228940963745,0.5,0.006850374729327677,0.3999999761581421,0.5133484601974487,1.6708767024352684,False,0.013704493977059456,0.49838187702265374,0.0022867864869419454,0.5249190938511327,24
0.0,0.01,confounded,logger12_balanced,3,true_behavior_fixed_em,2500,-0.9150668978691101,-0.8703669905662537,0.5,0.005626303750037147,0.3999999761581421,0.5128601789474487,1.670061043822017,False,0.011254439484717913,0.42718446601941745,0.001967920468248072,0.5245954692556635,25
0.0,0.01,confounded,logger12_balanced,3,true_behavior_fixed_em,2600,-1.0101431608200073,-0.9544724822044373,0.5,0.006236512952217495,0.3999999761581421,0.5137442946434021,1.6715382239068886,False,0.012043402649252742,0.5275080906148867,0.00261306140346625,0.5339805825242718,26
0.0,0.01,confounded,logger12_balanced,3,true_behavior_fixed_em,2700,-1.0751439332962036,-1.021203637123108,0.5,0.005462896005994416,0.3999999761581421,0.5128675103187561,1.6700732877045172,False,0.014208656876182538,0.5857605177993528,0.0030335604188033026,0.5097087378640777,27
0.0,0.01,confounded,logger12_balanced,3,true_behavior_fixed_em,2800,-1.1189876794815063,-1.0400753021240234,0.5,0.006900319521437285,0.3999999761581421,0.5139070749282837,1.6718103395220942,False,0.018720660596368358,0.5242718446601942,0.0026193903218799833,0.5197411003236246,28
0.0,0.01,confounded,logger12_balanced,3,true_behavior_fixed_em,2900,-1.2108961343765259,-1.1376925706863403,0.5,0.005851594466637071,0.3999999761581421,0.5124301910400391,1.669343092134871,False,0.016570549711571146,0.5275080906148867,0.0026123961478015964,0.5048543689320388,29
0.0,0.01,confounded,logger12_balanced,3,true_behavior_fixed_em,3000,-1.252868890762329,-1.1329972743988037,0.5,0.005817497200274814,0.3999999761581421,0.5132457613945007,1.6707051142091582,False,0.018910818940445967,0.6084142394822006,0.003099413285462085,0.5093851132686085,30
0.0,0.01,confounded,logger12_balanced,3,oracle_reward_fixed_learn_behavior,0,-1.2983378171920776,-1.1971216201782227,0.5,0.021018395038526785,0.0,0.67818683385849,1.9703020066308021,False,0.012885502588244179,0.2459546925566343,0.0009356134315825069,0.7440129449838188,
0.0,0.01,confounded,logger12_balanced,3,oracle_reward_fixed_learn_behavior,300,-1.3020482063293457,-1.200196623802185,0.5,0.021018395038526785,0.054164499044418335,0.6759183406829834,1.9658374557911997,False,0.012885502588244179,0.2459546925566343,0.0009356134315825069,0.7103559870550162,
0.0,0.01,confounded,logger12_balanced,3,oracle_reward_fixed_learn_behavior,750,-1.3070567846298218,-1.2041882276535034,0.5,0.021018395038526785,0.12904509902000427,0.6641378998756409,1.9428148981978088,False,0.012885502588244179,0.2459546925566343,0.0009356134315825069,0.612621359223301,
0.0,0.01,confounded,logger12_balanced,3,oracle_reward_fixed_learn_behavior,1500,-1.3140512704849243,-1.2093802690505981,0.5,0.021018395038526785,0.23987692594528198,0.627859890460968,1.873596583680223,False,0.012885502588244179,0.2459546925566343,0.0009356134315825069,0.5572815533980583,
0.0,0.01,confounded,logger12_balanced,3,oracle_reward_fixed_learn_behavior,2250,-1.319288730621338,-1.2129372358322144,0.5,0.021018395038526785,0.32695627212524414,0.5819675326347351,1.7895559789601576,False,0.012885502588244179,0.2459546925566343,0.0009356134315825069,0.5508090614886731,
0.0,0.01,confounded,logger12_balanced,3,oracle_reward_fixed_learn_behavior,3000,-1.3231258392333984,-1.215316653251648,0.5,0.021018395038526785,0.3933691382408142,0.534626841545105,1.7068112123702543,False,0.012885502588244179,0.2459546925566343,0.0009356134315825069,0.5488673139158576,
0.0,0.01,confounded,logger12_balanced,3,oracle_initialized_joint,0,-1.3242679834365845,-1.215965986251831,0.5,0.021018395038526785,0.3999999761581421,0.509714663028717,1.6648160935852314,False,0.012885502588244179,0.2459546925566343,0.0009356134315825069,0.5508090614886731,
0.0,0.01,confounded,logger12_balanced,3,oracle_initialized_joint,300,-1.6045883893966675,-1.431875467300415,0.499910444021225,0.0063967626177205686,0.4071783721446991,0.5063749551773071,1.6592653682660317,False,0.010312755682661821,0.42718446601941745,0.0017813091334469115,0.5414239482200647,
0.0,0.01,confounded,logger12_balanced,3,oracle_initialized_joint,750,-1.810880422592163,-1.4870038032531738,0.4981549084186554,0.00734382039676344,0.41765519976615906,0.4933893382549286,1.6378580780744512,False,0.012330690562940986,0.540453074433657,0.002636751409761921,0.5446601941747573,
0.0,0.01,confounded,logger12_balanced,3,oracle_initialized_joint,1500,-1.1656841039657593,-0.6256200075149536,0.49442294239997864,0.0423615921176858,0.40818390250205994,0.2024938315153122,1.2244525320819244,False,0.01965563020238917,0.26537216828478966,0.0009679666305955128,0.6407766990291263,
0.0,0.01,confounded,logger12_balanced,3,oracle_initialized_joint,2250,-2.0231399536132812,-1.2104612588882446,0.4943680167198181,0.01527272393145149,0.3794335722923279,0.42505985498428345,1.5296819760139324,False,0.011091709476194967,0.4368932038834951,0.00182242530630667,0.6886731391585761,
0.0,0.01,confounded,logger12_balanced,3,oracle_initialized_joint,3000,-2.1316614151000977,-1.090177297592163,0.488805890083313,0.012457547445050558,0.3701918125152588,0.4372451901435852,1.5484356916851323,False,0.01040088310106672,0.46601941747572817,0.0020600302866482707,0.7016181229773463,
0.0,0.01,confounded,logger12_balanced,4,collapsed_constrained_reference,0,2.5504651069641113,2.75050687789917,0.5,0.0,0.0,0.6931471805599453,2.0,True,0.5155452379548309,0.3074433656957929,0.002022700731606123,0.5,
0.0,0.01,confounded,logger12_balanced,4,collapsed_constrained_reference,300,1.544606328010559,1.5456572771072388,0.5,0.0,0.0,0.6931471805599453,2.0,True,0.02027357375075236,0.5080906148867314,0.0028366674060076895,0.5,
0.0,0.01,confounded,logger12_balanced,4,collapsed_constrained_reference,750,0.9613566994667053,0.9636328220367432,0.5,0.0,0.0,0.6931471805599453,2.0,True,0.018473154810859184,0.6634304207119741,0.0041015153315565565,0.5,
0.0,0.01,confounded,logger12_balanced,4,collapsed_constrained_reference,1500,0.13306300342082977,0.14243817329406738,0.5,0.0,0.0,0.6931471805599453,2.0,True,0.022452494294525324,0.6181229773462783,0.0031581249406503692,0.5,
0.0,0.01,confounded,logger12_balanced,4,collapsed_constrained_reference,2250,-0.6184808611869812,-0.588402271270752,0.5,0.0,0.0,0.6931471805599453,2.0,True,0.01793624188106111,0.7540453074433657,0.0047171466841630025,0.5,
0.0,0.01,confounded,logger12_balanced,4,collapsed_constrained_reference,3000,-1.2693604230880737,-1.1564688682556152,0.5,0.0,0.0,0.6931471805599453,2.0,True,0.014966472481678754,0.7022653721682848,0.0038525332733043718,0.5,
0.0,0.01,confounded,logger12_balanced,4,true_behavior_fixed,0,2.0267443656921387,2.219404935836792,0.5,0.01342844283958751,0.3999999761581421,0.5131557583808899,1.6705547524806303,False,0.48994467325605057,0.7993527508090615,0.005671933836717939,0.5,
0.0,0.01,confounded,logger12_balanced,4,true_behavior_fixed,300,1.2330745458602905,1.2337669134140015,0.5,0.013571937417575336,0.3999999761581421,0.5129908323287964,1.6702792571992966,False,0.01872844098261669,0.3656957928802589,0.0019765662779433982,0.5064724919093851,
0.0,0.01,confounded,logger12_balanced,4,true_behavior_fixed,750,0.7817158102989197,0.7836725115776062,0.5,0.011890355488605345,0.3999999761581421,0.5130060911178589,1.6703047438326049,False,0.019268833444177597,0.6634304207119741,0.0038495802180926893,0.516504854368932,
0.0,0.01,confounded,logger12_balanced,4,true_behavior_fixed,1500,0.039339400827884674,0.04898744821548462,0.5,0.007704674704758668,0.3999999761581421,0.5129396915435791,1.6701938399907215,False,0.018189254639173525,0.5663430420711975,0.0027721437756709844,0.5119741100323625,
0.0,0.01,confounded,logger12_balanced,4,true_behavior_fixed,2250,-0.6731225252151489,-0.6490606665611267,0.5,0.009250393586352051,0.3999999761581421,0.5133413672447205,1.670864851027834,False,0.016642536412912964,0.5275080906148867,0.002598150094575873,0.5258899676375405,
0.0,0.01,confounded,logger12_balanced,4,true_behavior_fixed,3000,-1.3212083578109741,-1.1941367387771606,0.5,0.00615459663719185,0.3999999761581421,0.5126066207885742,1.6696376398995654,False,0.013284933382396258,0.6472491909385113,0.003440080074671769,0.5242718446601942,
0.0,0.01,confounded,logger12_balanced,4,true_behavior_fixed_em,0,2.0267443656921387,2.219404935836792,0.5,0.01342844283958751,0.3999999761581421,0.5131557583808899,1.6705547524806303,False,0.48994467325605057,0.7993527508090615,0.005671933836717939,0.5,0
0.0,0.01,confounded,logger12_balanced,4,true_behavior_fixed_em,100,1.4384196996688843,1.4388432502746582,0.5,0.018417303310688613,0.3999999761581421,0.5129921436309814,1.6702814474415721,False,0.026987686509232216,0.47896440129449835,0.0025422464666513883,0.5006472491909385,1
0.0,0.01,confounded,logger12_balanced,4,true_behavior_fixed_em,200,1.3347423076629639,1.3353310823440552,0.5,0.01675470137463881,0.3999999761581421,0.5129926204681396,1.670282243894021,False,0.020530491185049394,0.44983818770226536,0.002607141164426949,0.5106796116504855,2
0.0,0.01,confounded,logger12_balanced,4,true_behavior_fixed_em,300,1.2330762147903442,1.2337805032730103,0.5,0.013606960633353463,0.3999999761581421,0.5129904747009277,1.6702786598609927,False,0.018798049541705126,0.3656957928802589,0.0019164574389452327,0.5032362459546925,3
0.0,0.01,confounded,logger12_balanced,4,true_behavior_fixed_em,400,1.1321192979812622,1.1330960988998413,0.5,0.0127728154902079,0.3999999761581421,0.5129811763763428,1.670263129140071,False,0.017894952970647353,0.44983818770226536,0.002423090772649438,0.502588996763754,4
0.0,0.01,confounded,logger12_balanced,4,true_behavior_fixed_em,500,1.0313242673873901,1.0325090885162354,0.5,0.011953846723658611,0.3999999761581421,0.5129808783531189,1.6702626313629425,False,0.016516680836505898,0.44336569579288027,0.002459215218923593,0.5106796116504855,5
0.0,0.01,confounded,logger12_balanced,4,true_behavior_fixed_em,600,0.931250810623169,0.9327000379562378,0.5,0.011032695170506975,0.3999999761581421,0.512995183467865,1.6702865248324392,False,0.017680228026483835,0.39158576051779936,0.0021758494430574905,0.5071197411003237,6
0.0,0.01,confounded,logger12_balanced,4,true_behavior_fixed_em,700,0.8322384357452393,0.8338210582733154,0.5,0.011080048617655575,0.3999999761581421,0.5129389762878418,1.6701926453754221,False,0.024446231621552746,0.39805825242718446,0.0021934447521954224,0.5045307443365695,7
0.0,0.01,confounded,logger12_balanced,4,true_behavior_fixed_em,800,0.7314144968986511,0.7335848808288574,0.5,0.009779995280021526,0.3999999761581421,0.5129615068435669,1.6702302761678103,False,0.017710340701214827,0.5339805825242718,0.0031023582725980634,0.5009708737864078,8
0.0,0.01,confounded,logger12_balanced,4,true_behavior_fixed_em,900,0.6337913870811462,0.6369836330413818,0.5,0.009783165179192024,0.3999999761581421,0.512961745262146,1.670230674381787,False,0.025041551207955325,0.4110032362459547,0.00209755426908201,0.5032362459546925,9
0.0,0.01,confounded,logger12_balanced,4,true_behavior_fixed_em,1000,0.5327223539352417,0.5357780456542969,0.5,0.008594563972844721,0.3999999761581421,0.5129600763320923,1.670227886885944,False,0.019022222789232008,0.41423948220064727,0.0019454505766673303,0.5022653721682848,10
0.0,0.01,confounded,logger12_balanced,4,true_behavior_fixed_em,1100,0.43227508664131165,0.435569703578949,0.5,0.008716565360455246,0.3999999761581421,0.5129647850990295,1.670235751618312,False,0.01772396037308968,0.4919093851132686,0.002431248534892155,0.5045307443365695,11
0.0,0.01,confounded,logger12_balanced,4,true_behavior_fixed_em,1200,0.3366243839263916,0.3396865725517273,0.5,0.009110651401954493,0.3999999761581421,0.5130485892295837,1.670375730138604,False,0.02399168928192933,0.56957928802589,0.0029277916358548383,0.5093851132686085,12
0.0,0.01,confounded,logger12_balanced,4,true_behavior_fixed_em,1300,0.25558900833129883,0.26169729232788086,0.5,0.008477602114182695,0.3999999761581421,0.5130255818367004,1.670337299590013,False,0.034853411706823066,0.6181229773462783,0.0033407585520463,0.5019417475728155,13
0.0,0.01,confounded,logger12_balanced,4,true_behavior_fixed_em,1400,0.13532738387584686,0.140909343957901,0.5,0.008868228651055842,0.3999999761581421,0.513003945350647,1.670301159751297,False,0.014203491827250763,0.49838187702265374,0.002546239067238431,0.5284789644012945,14
0.0,0.01,confounded,logger12_balanced,4,true_behavior_fixed_em,1500,0.042574379593133926,0.052743349224328995,0.5,0.007865799096943968,0.3999999761581421,0.5129174590110779,1.6701567077646637,False,0.020108017412100245,0.5275080906148867,0.0026102974857178966,0.5077669902912622,15
0.0,0.01,confounded,logger12_balanced,4,true_behavior_fixed_em,1600,-0.056769195944070816,-0.04401484876871109,0.5,0.007957984256661778,0.3999999761581421,0.5128154754638672,1.6699863879442656,False,0.018994530915419437,0.5016181229773463,0.0024429488262679966,0.5103559870550162,16
0.0,0.01,confounded,logger12_balanced,4,true_behavior_fixed_em,1700,-0.15905806422233582,-0.14963528513908386,0.5,0.0069912011282540305,0.3999999761581421,0.5128130316734314,1.6699823068524895,False,0.014957516313839651,0.5792880258899676,0.0031330388238123325,0.501294498381877,17
0.0,0.01,confounded,logger12_balanced,4,true_behavior_fixed_em,1800,-0.24022574722766876,-0.22782720625400543,0.5,0.007105957125860804,0.3999999761581421,0.5128079652786255,1.6699738460842368,False,0.024055384297730634,0.7022653721682848,0.004241390121438636,0.5045307443365695,18
0.0,0.01,confounded,logger12_balanced,4,true_behavior_fixed_em,1900,-0.35360482335090637,-0.3383098840713501,0.5,0.006895555150506693,0.3999999761581421,0.5130066275596619,1.6703056398541334,False,0.013185981741894798,0.4854368932038835,0.002375065688766532,0.515210355987055,19
0.0,0.01,confounded,logger12_balanced,4,true_behavior_fixed_em,2000,-0.4430764615535736,-0.4300515651702881,0.5,0.006823615447910759,0.3999999761581421,0.5128170847892761,1.6699890754979547,False,0.01762650438896305,0.5501618122977346,0.0028451988882455307,0.5058252427184466,20
0.0,0.01,confounded,logger12_balanced,4,true_behavior_fixed_em,2100,-0.5100620985031128,-0.48203834891319275,0.5,0.0074957581886802285,0.3999999761581421,0.5130807161331177,1.67042939500059,False,0.023308512295171547,0.6440129449838188,0.003440197738160287,0.5142394822006473,21
0.0,0.01,confounded,logger12_balanced,4,true_behavior_fixed_em,2200,-0.6276103854179382,-0.5980377197265625,0.5,0.007355332377799039,0.3999999761581421,0.5130128860473633,1.6703160934741499,False,0.016449915956860708,0.5566343042071198,0.002829062812067835,0.5236245954692557,22
0.0,0.01,confounded,logger12_balanced,4,true_behavior_fixed_em,2300,-0.7275594472885132,-0.6972361207008362,0.5,0.005960896556514201,0.3999999761581421,0.5127270221710205,1.6698386786820243,False,0.015691525620573545,0.6699029126213593,0.003742584680174339,0.5067961165048543,23
0.0,0.01,confounded,logger12_balanced,4,true_behavior_fixed_em,2400,-0.7823365926742554,-0.7568682432174683,0.5,0.006247114744678345,0.3999999761581421,0.5127201676368713,1.669827232755006,False,0.021684266762761403,0.6699029126213593,0.0038061641085650067,0.5093851132686085,24
0.0,0.01,confounded,logger12_balanced,4,true_behavior_fixed_em,2500,-0.9020591378211975,-0.8522577285766602,0.5,0.006555094714220565,0.3999999761581421,0.5128081440925598,1.6699741446988572,False,0.013638442022633248,0.5501618122977346,0.002610391992783553,0.5223300970873787,25
0.0,0.01,confounded,logger12_balanced,4,true_behavior_fixed_em,2600,-0.9882352352142334,-0.9378275871276855,0.5,0.005710493566394523,0.3999999761581421,0.5124891400337219,1.669441501130791,False,0.015925936278872243,0.5145631067961165,0.0024813425382433003,0.510032362459547,26
0.0,0.01,confounded,logger12_balanced,4,true_behavior_fixed_em,2700,-1.0615483522415161,-0.9901264905929565,0.5,0.006401333261645712,0.3999999761581421,0.513282299041748,1.6707661589584846,False,0.01667348385810882,0.6990291262135923,0.003931455177590107,0.516504854368932,27
0.0,0.01,confounded,logger12_balanced,4,true_behavior_fixed_em,2800,-1.0615483522415161,-0.9901264905929565,0.5,0.006401333261645712,0.3999999761581421,0.513282299041748,1.6707661589584846,False,0.01667348385810882,0.6990291262135923,0.003931455177590107,0.516504854368932,28
0.0,0.01,confounded,logger12_balanced,4,true_behavior_fixed_em,2900,-1.1712219715118408,-1.1012444496154785,0.5,0.006095467214918871,0.3999999761581421,0.5134198665618896,1.6709960179259105,False,0.013377325495473467,0.686084142394822,0.0038748553276158537,0.5271844660194175,29
0.0,0.01,confounded,logger12_balanced,4,true_behavior_fixed_em,3000,-1.254601240158081,-1.1697587966918945,0.5,0.0058971932068075114,0.3999999761581421,0.5128456354141235,1.670036755410191,False,0.012881115409448494,0.6537216828478964,0.003557796861799326,0.5203883495145631,30
0.0,0.01,confounded,logger12_balanced,4,oracle_reward_fixed_learn_behavior,0,-1.2928402423858643,-1.204139232635498,0.5,0.021462707597170682,0.0,0.6796895861625671,1.9732651083573456,False,0.01362111189601784,0.3365695792880259,0.0013085419788578987,0.7517799352750809,
0.0,0.01,confounded,logger12_balanced,4,oracle_reward_fixed_learn_behavior,300,-1.2962214946746826,-1.2070423364639282,0.5,0.021462707597170682,0.051820553839206696,0.677720844745636,1.9693840812349086,False,0.01362111189601784,0.3365695792880259,0.0013085419788578987,0.7035598705501618,
0.0,0.01,confounded,logger12_balanced,4,oracle_reward_fixed_learn_behavior,750,-1.3008806705474854,-1.2109553813934326,0.5,0.021462707597170682,0.12407450377941132,0.6669199466705322,1.9482274256197079,False,0.01362111189601784,0.3365695792880259,0.0013085419788578987,0.6161812297734628,
0.0,0.01,confounded,logger12_balanced,4,oracle_reward_fixed_learn_behavior,1500,-1.3071999549865723,-1.2159806489944458,0.5,0.021462707597170682,0.22737044095993042,0.6344088315963745,1.8859069232651242,False,0.01362111189601784,0.3365695792880259,0.0013085419788578987,0.568284789644013,
0.0,0.01,confounded,logger12_balanced,4,oracle_reward_fixed_learn_behavior,2250,-1.3118520975112915,-1.2194621562957764,0.5,0.021462707597170682,0.30850768089294434,0.5934330224990845,1.810192190973615,False,0.01362111189601784,0.3365695792880259,0.0013085419788578987,0.5576051779935275,
0.0,0.01,confounded,logger12_balanced,4,oracle_reward_fixed_learn_behavior,3000,-1.3153717517852783,-1.2219194173812866,0.5,0.021462707597170682,0.37408316135406494,0.5493684411048889,1.7321587121021265,False,0.01362111189601784,0.3365695792880259,0.0013085419788578987,0.5527508090614887,
0.0,0.01,confounded,logger12_balanced,4,oracle_initialized_joint,0,-1.3176769018173218,-1.2236472368240356,0.5,0.021462707597170682,0.3999999761581421,0.5106745362281799,1.6664148731255608,False,0.01362111189601784,0.3365695792880259,0.0013085419788578987,0.554368932038835,
0.0,0.01,confounded,logger12_balanced,4,oracle_initialized_joint,300,-1.58626389503479,-1.4258322715759277,0.4997626841068268,0.005559491574419304,0.408203125,0.5038982629776001,1.6551609634429443,False,0.012769840584497233,0.42718446601941745,0.0020538033517457036,0.5200647249190938,
0.0,0.01,confounded,logger12_balanced,4,oracle_initialized_joint,750,-1.8376758098602295,-1.457430362701416,0.4961090385913849,0.006740777780381238,0.4189484715461731,0.4891693592071533,1.630960914480192,False,0.012025099507083704,0.39805825242718446,0.0017740978663306369,0.5284789644012945,
0.0,0.01,confounded,logger12_balanced,4,oracle_initialized_joint,1500,-1.9345834255218506,-1.1699535846710205,0.4999561607837677,0.010207458186103448,0.4244808554649353,0.45051804184913635,1.5691248473130055,False,0.012679182351724352,0.44983818770226536,0.0021031818915700226,0.5877022653721683,
0.0,0.01,confounded,logger12_balanced,4,oracle_initialized_joint,2250,-2.0660974979400635,-1.02947199344635,0.49593663215637207,0.015025702955155734,0.41136598587036133,0.3888629674911499,1.475302373095378,False,0.011273565496000523,0.3786407766990291,0.0017311025552818953,0.6802588996763754,
0.0,0.01,confounded,logger12_balanced,4,oracle_initialized_joint,3000,-1.9126962423324585,-1.0563907623291016,0.49742206931114197,0.019374826944937664,0.38923150300979614,0.3671700656414032,1.4436434123824855,False,0.013378005978131545,0.39805825242718446,0.0018232785932589006,0.6770226537216828,
0.0,0.02,confounded,logger12_balanced,0,collapsed_constrained_reference,0,2.4910757541656494,2.677090883255005,0.5,0.0,0.0,0.6931471805599453,2.0,True,0.49810991894710827,0.4886731391585761,0.004336876464571611,0.5,
0.0,0.02,confounded,logger12_balanced,0,collapsed_constrained_reference,300,1.5444083213806152,1.5452008247375488,0.5,0.0,0.0,0.6931471805599453,2.0,True,0.020183336416747508,0.6796116504854369,0.004267833523408046,0.5,
0.0,0.02,confounded,logger12_balanced,0,collapsed_constrained_reference,750,0.9635587334632874,0.9652231931686401,0.5,0.0,0.0,0.6931471805599453,2.0,True,0.022489368684020117,0.7411003236245954,0.004726950619816174,0.5,
0.0,0.02,confounded,logger12_balanced,0,collapsed_constrained_reference,1500,0.1402200311422348,0.14821811020374298,0.5,0.0,0.0,0.6931471805599453,2.0,True,0.019723740832260757,0.8058252427184466,0.005373675082170141,0.5,
0.0,0.02,confounded,logger12_balanced,0,collapsed_constrained_reference,2250,-0.5531299114227295,-0.5314927101135254,0.5,0.0,0.0,0.6931471805599453,2.0,True,0.025195118219003117,0.7702265372168284,0.004984433243864977,0.5,
0.0,0.02,confounded,logger12_balanced,0,collapsed_constrained_reference,3000,-1.1469460725784302,-1.0433566570281982,0.5,0.0,0.0,0.6931471805599453,2.0,True,0.015185283968429105,0.8802588996763754,0.006177108786349389,0.5,
0.0,0.02,confounded,logger12_balanced,0,true_behavior_fixed,0,2.056145429611206,2.2670435905456543,0.5,0.013422684286581214,0.3999999761581421,0.512514054775238,1.6694830953524205,False,0.5014744465834318,0.47896440129449835,0.003939265289924905,0.5,
0.0,0.02,confounded,logger12_balanced,0,true_behavior_fixed,300,1.2326849699020386,1.2331691980361938,0.5,0.014730027954156046,0.3999999761581421,0.513008177280426,1.6703082283634716,False,0.018772858663257355,0.5889967637540453,0.0037073004006041225,0.5268608414239482,
0.0,0.02,confounded,logger12_balanced,0,true_behavior_fixed,750,0.7812933325767517,0.7830126881599426,0.5,0.009682368087883121,0.3999999761581421,0.5129764080047607,1.67025516472382,False,0.018948331236513346,0.7087378640776699,0.004512610247706356,0.5090614886731392,
0.0,0.02,confounded,logger12_balanced,0,true_behavior_fixed,1500,0.0458257682621479,0.05312680825591087,0.5,0.00885390231726286,0.3999999761581421,0.5131750106811523,1.6705869148119283,False,0.017645213949980414,0.7928802588996764,0.005338802763879253,0.5343042071197411,
0.0,0.02,confounded,logger12_balanced,0,true_behavior_fixed,2250,-0.6108357310295105,-0.5723679065704346,0.5,0.012044371513881878,0.3999999761581421,0.5139630436897278,1.6719039112946905,False,0.023213691918502487,0.6666666666666666,0.003870070774847221,0.5411003236245955,
0.0,0.02,confounded,logger12_balanced,0,true_behavior_fixed,3000,-1.1648368835449219,-1.0607731342315674,0.5,0.009130451263050923,0.3999999761581421,0.5158531069755554,1.675066903681145,False,0.017518004127266507,0.8252427184466019,0.005611948143384983,0.5572815533980583,
0.0,0.02,confounded,logger12_balanced,0,true_behavior_fixed_em,0,2.056145429611206,2.2670435905456543,0.5,0.013422684286581214,0.3999999761581421,0.512514054775238,1.6694830953524205,False,0.5014744465834318,0.47896440129449835,0.003939265289924905,0.5,0
0.0,0.02,confounded,logger12_balanced,0,true_behavior_fixed_em,100,1.4380818605422974,1.4383676052093506,0.5,0.021039450719727334,0.3999999761581421,0.5130030512809753,1.670299666386355,False,0.02733415365584353,0.6375404530744336,0.004474253178773604,0.5103559870550162,1
0.0,0.02,confounded,logger12_balanced,0,true_behavior_fixed_em,200,1.3344497680664062,1.3350679874420166,0.5,0.018136304582763947,0.3999999761581421,0.5130130052566528,1.6703162925913566,False,0.021286972622016676,0.6213592233009708,0.004005695182459633,0.527831715210356,2
0.0,0.02,confounded,logger12_balanced,0,true_behavior_fixed_em,300,1.2326939105987549,1.2331831455230713,0.5,0.014681415036775036,0.3999999761581421,0.5130096077919006,1.6703106177602676,False,0.01887984318518173,0.5825242718446602,0.0036709193398232693,0.525242718446602,3
0.0,0.02,confounded,logger12_balanced,0,true_behavior_fixed_em,400,1.131400465965271,1.1321066617965698,0.5,0.013845483847053147,0.3999999761581421,0.513020396232605,1.6703286379045295,False,0.017082956275971815,0.7184466019417476,0.00482632987008315,0.5310679611650485,4
0.0,0.02,confounded,logger12_balanced,0,true_behavior_fixed_em,500,1.0319697856903076,1.0329666137695312,0.5,0.013059566038726756,0.3999999761581421,0.513012707233429,1.6703157947983844,False,0.021683713159194696,0.7055016181229773,0.0047581373562415276,0.5226537216828478,5
0.0,0.02,confounded,logger12_balanced,0,true_behavior_fixed_em,600,0.9323383569717407,0.9336949586868286,0.5,0.012303444219001322,0.3999999761581421,0.5129831433296204,1.670266414472838,False,0.023334596342121254,0.6375404530744336,0.003850024397924307,0.5174757281553398,6
0.0,0.02,confounded,logger12_balanced,0,true_behavior_fixed_em,700,0.8315652012825012,0.8329983353614807,0.5,0.010257446432954953,0.3999999761581421,0.5129700899124146,1.6702446119307843,False,0.01785123616642078,0.7281553398058253,0.00468941283980599,0.5110032362459547,7
0.0,0.02,confounded,logger12_balanced,0,true_behavior_fixed_em,800,0.7329840064048767,0.7353482246398926,0.5,0.01203002266963586,0.3999999761581421,0.5131064653396606,1.6704724077858675,False,0.021389816576066967,0.7896440129449838,0.005256699324072793,0.5375404530744337,8
0.0,0.02,confounded,logger12_balanced,0,true_behavior_fixed_em,900,0.6321883201599121,0.6352347731590271,0.5,0.01242569842143692,0.3999999761581421,0.5130443572998047,1.6703686612407669,False,0.016467283938200798,0.7346278317152104,0.004777116598953277,0.5527508090614887,9
0.0,0.02,confounded,logger12_balanced,0,true_behavior_fixed_em,1000,0.5364115238189697,0.5410439968109131,0.5,0.009558884866605537,0.3999999761581421,0.513004720211029,1.670302454001993,False,0.02276137979472276,0.7216828478964401,0.0045370813402434654,0.512621359223301,10
0.0,0.02,confounded,logger12_balanced,0,true_behavior_fixed_em,1100,0.43681374192237854,0.439777135848999,0.5,0.012317607823635666,0.3999999761581421,0.5131862163543701,1.6706056349678633,False,0.02334881683702332,0.8478964401294499,0.005997014742432718,0.531715210355987,11
0.0,0.02,confounded,logger12_balanced,0,true_behavior_fixed_em,1200,0.33653736114501953,0.34028691053390503,0.5,0.008487851108890252,0.3999999761581421,0.5130033493041992,1.6703001641745205,False,0.017475507371905792,0.7055016181229773,0.004526805383812514,0.5200647249190938,12
0.0,0.02,confounded,logger12_balanced,0,true_behavior_fixed_em,1300,0.2508201003074646,0.2565687298774719,0.5,0.01106404538998312,0.3999999761581421,0.5131790041923523,1.6705935863328045,False,0.027016946119371058,0.8220064724919094,0.005765219358793181,0.5355987055016181,13
0.0,0.02,confounded,logger12_balanced,0,true_behavior_fixed_em,1400,0.14533452689647675,0.1537415236234665,0.5,0.00844417200258468,0.3999999761581421,0.5130141973495483,1.670318283764729,False,0.022338495267221807,0.7313915857605178,0.004919449654046519,0.5161812297734628,14
0.0,0.02,confounded,logger12_balanced,0,true_behavior_fixed_em,1500,0.047895196825265884,0.05531437322497368,0.5,0.00862491725460105,0.3999999761581421,0.5131640434265137,1.6705685931603067,False,0.02034694403315972,0.8090614886731392,0.005430303315089247,0.5271844660194175,15
0.0,0.02,confounded,logger12_balanced,0,true_behavior_fixed_em,1600,-0.042066603899002075,-0.031192515045404434,0.5,0.008432809325979314,0.3999999761581421,0.5131769180297852,1.670590101206635,False,0.022096122145962297,0.8381877022653722,0.005852094462317539,0.5181229773462783,16
0.0,0.02,confounded,logger12_balanced,0,true_behavior_fixed_em,1700,-0.14862149953842163,-0.13742783665657043,0.5,0.009039903907479954,0.3999999761581421,0.5132078528404236,1.6706417813944245,False,0.016427258433905596,0.8155339805825242,0.005435326944573465,0.5394822006472492,17
0.0,0.02,confounded,logger12_balanced,0,true_behavior_fixed_em,1800,-0.22641287744045258,-0.20921681821346283,0.5,0.008948484217851181,0.3999999761581421,0.5133854746818542,1.6709385502195393,False,0.022792877686705317,0.7702265372168284,0.005118203698841611,0.5213592233009708,18
0.0,0.02,confounded,logger12_balanced,0,true_behavior_fixed_em,1900,-0.33385616540908813,-0.3175897002220154,0.5,0.00917042294961082,0.3999999761581421,0.5134946703910828,1.6711210195018578,False,0.0153364331113264,0.7313915857605178,0.004795333795960652,0.5475728155339806,19
0.0,0.02,confounded,logger12_balanced,0,true_behavior_fixed_em,2000,-0.39229723811149597,-0.3601219654083252,0.5,0.008193833148092184,0.3999999761581421,0.5125380158424377,1.6695230984283131,False,0.023995338509974182,0.7928802588996764,0.005283852456820026,0.5035598705501618,20
0.0,0.02,confounded,logger12_balanced,0,true_behavior_fixed_em,2100,-0.5175679326057434,-0.4899071455001831,0.5,0.007435955493324193,0.3999999761581421,0.513006865978241,1.6703060380860781,False,0.01747594875989396,0.8705501618122977,0.006189546114453969,0.5258899676375405,21
0.0,0.02,confounded,logger12_balanced,0,true_behavior_fixed_em,2200,-0.6047500371932983,-0.5750731229782104,0.5,0.008594809248923693,0.3999999761581421,0.5137909650802612,1.6716162371464667,False,0.016312833573658907,0.8025889967637541,0.005397004054694139,0.5427184466019418,22
0.0,0.02,confounded,logger12_balanced,0,true_behavior_fixed_em,2300,-0.6818972826004028,-0.6528732776641846,0.5,0.010389247044172248,0.3999999761581421,0.5146040916442871,1.6729760254788333,False,0.0158998836623026,0.8090614886731392,0.005486427514131915,0.5533980582524272,23
0.0,0.02,confounded,logger12_balanced,0,true_behavior_fixed_em,2400,-0.7790181636810303,-0.740631639957428,0.5,0.007543073254725139,0.3999999761581421,0.5137192606925964,1.6714963792249924,False,0.014336134854208035,0.8349514563106796,0.005660664140835694,0.5440129449838188,24
0.0,0.02,confounded,logger12_balanced,0,true_behavior_fixed_em,2500,-0.8547160625457764,-0.8082302212715149,0.5,0.010137980677865276,0.3999999761581421,0.5155883431434631,1.6746234652545344,False,0.015432753355889168,0.8446601941747572,0.005943105588364772,0.5588996763754045,25
0.0,0.02,confounded,logger12_balanced,0,true_behavior_fixed_em,2600,-0.9225021600723267,-0.8494722247123718,0.5,0.007815395190225565,0.3999999761581421,0.5142984986305237,1.6724648538024778,False,0.016482748267950566,0.6990291262135923,0.0042061578476013375,0.554368932038835,26
0.0,0.02,confounded,logger12_balanced,0,true_behavior_fixed_em,2700,-1.002090573310852,-0.9275906682014465,0.5,0.007312915664734124,0.3999999761581421,0.5142567157745361,1.6723949749042273,False,0.015073080779024793,0.8414239482200647,0.0058074493410086615,0.5488673139158576,27
0.0,0.02,confounded,logger12_balanced,0,true_behavior_fixed_em,2800,-1.0880377292633057,-1.0125106573104858,0.5,0.0076000593966805835,0.3999999761581421,0.5141465663909912,1.6722107717738148,False,0.014307013591756259,0.8349514563106796,0.005792170866773303,0.5462783171521035,28
0.0,0.02,confounded,logger12_balanced,0,true_behavior_fixed_em,2900,-1.1065343618392944,-1.0085400342941284,0.5,0.00709819799343944,0.3999999761581421,0.5129749178886414,1.67025267585153,False,0.016948057914658216,0.8220064724919094,0.005619720667511337,0.5307443365695793,29
0.0,0.02,confounded,logger12_balanced,0,true_behavior_fixed_em,3000,-1.1584064960479736,-1.038611650466919,0.5,0.00915608789980397,0.3999999761581421,0.5152658820152283,1.6740835513378636,False,0.018444333269447975,0.8349514563106796,0.00584554889420027,0.5572815533980583,30
0.0,0.02,confounded,logger12_balanced,0,oracle_reward_fixed_learn_behavior,0,-1.1305863857269287,-1.0463064908981323,0.5,0.04012141008886059,0.0,0.6317579746246338,1.880914274072622,False,0.011471990657346871,0.18770226537216828,0.0006621904548374774,0.9184466019417475,
0.0,0.02,confounded,logger12_balanced,0,oracle_reward_fixed_learn_behavior,300,-1.1609822511672974,-1.0746809244155884,0.5,0.04012141008886059,0.13037118315696716,0.6206626296043396,1.8601602307965592,False,0.011471990657346871,0.18770226537216828,0.0006621904548374774,0.8605177993527509,
0.0,0.02,confounded,logger12_balanced,0,oracle_reward_fixed_learn_behavior,750,-1.1920948028564453,-1.1026520729064941,0.5,0.04012141008886059,0.2804073691368103,0.5775980949401855,1.7817536838438135,False,0.011471990657346871,0.18770226537216828,0.0006621904548374774,0.6705501618122978,
0.0,0.02,confounded,logger12_balanced,0,oracle_reward_fixed_learn_behavior,1500,-1.2187328338623047,-1.1249812841415405,0.5,0.04012141008886059,0.4314226508140564,0.4898274838924408,1.6320346434037503,False,0.011471990657346871,0.18770226537216828,0.0006621904548374774,0.6009708737864078,
0.0,0.02,confounded,logger12_balanced,0,oracle_reward_fixed_learn_behavior,2250,-1.230471134185791,-1.1337484121322632,0.5,0.04012141008886059,0.5102057456970215,0.4168154001235962,1.5171224264715006,False,0.011471990657346871,0.18770226537216828,0.0006621904548374774,0.5909385113268608,
0.0,0.02,confounded,logger12_balanced,0,oracle_reward_fixed_learn_behavior,3000,-1.236472725868225,-1.1376006603240967,0.5,0.04012141008886059,0.55629962682724,0.3606584370136261,1.4342734824701258,False,0.011471990657346871,0.18770226537216828,0.0006621904548374774,0.5857605177993528,
0.0,0.02,confounded,logger12_balanced,0,oracle_initialized_joint,0,-1.2190111875534058,-1.1255344152450562,0.5,0.04012141008886059,0.3999999761581421,0.49066004157066345,1.633393972158519,False,0.011471990657346871,0.18770226537216828,0.0006621904548374774,0.6307443365695793,
0.0,0.02,confounded,logger12_balanced,0,oracle_initialized_joint,300,-1.365044355392456,-1.1487313508987427,0.502193808555603,0.014310431331083104,0.42306530475616455,0.4852142632007599,1.6245230470647787,False,0.0162210179745849,0.6537216828478964,0.004215713193500342,0.587378640776699,
0.0,0.02,confounded,logger12_balanced,0,oracle_initialized_joint,750,-1.6040173768997192,-1.2716987133026123,0.50466388463974,0.027767275904066527,0.4426816403865814,0.405337393283844,1.4998084399963059,False,0.010597034100713264,0.42718446601941745,0.0020911800520085084,0.7411003236245954,
0.0,0.02,confounded,logger12_balanced,0,oracle_initialized_joint,1500,-1.7274092435836792,-1.148522138595581,0.49507227540016174,0.03966078880370466,0.4135229289531708,0.18287484347820282,1.2006641277306707,False,0.011752714480696733,0.22006472491909385,0.0007494260465782872,0.8944983818770227,
0.0,0.02,confounded,logger12_balanced,0,oracle_initialized_joint,2250,-1.9561042785644531,-1.233049988746643,0.49654674530029297,0.03911375126906929,0.38318467140197754,0.1014312207698822,1.1067537941001926,False,0.009501977471318502,0.20388349514563106,0.0007291861891267713,0.9346278317152104,
0.0,0.02,confounded,logger12_balanced,0,oracle_initialized_joint,3000,-2.004193067550659,-0.9159197807312012,0.5016292929649353,0.0399695556474846,0.3863520622253418,0.05451942980289459,1.0560329947273286,False,0.010631100227208085,0.20711974110032363,0.0007087354744388317,0.9313915857605178,
0.0,0.02,confounded,logger12_balanced,1,collapsed_constrained_reference,0,2.5471479892730713,2.7373416423797607,0.5,0.0,0.0,0.6931471805599453,2.0,True,0.5148846443370019,0.7508090614886731,0.0049932077910158175,0.5,
0.0,0.02,confounded,logger12_balanced,1,collapsed_constrained_reference,300,1.5465446710586548,1.5470868349075317,0.5,0.0,0.0,0.6931471805599453,2.0,True,0.02384861265074677,0.6472491909385113,0.004221355302112865,0.5,
0.0,0.02,confounded,logger12_balanced,1,collapsed_constrained_reference,750,0.9657027721405029,0.9673427939414978,0.5,0.0,0.0,0.6931471805599453,2.0,True,0.022389020476568648,0.8284789644012945,0.005734426314922219,0.5,
0.0,0.02,confounded,logger12_balanced,1,collapsed_constrained_reference,1500,0.13998395204544067,0.14593404531478882,0.5,0.0,0.0,0.6931471805599453,2.0,True,0.019500929485422525,0.7896440129449838,0.005121182281421446,0.5,
0.0,0.02,confounded,logger12_balanced,1,collapsed_constrained_reference,2250,-0.5926795601844788,-0.5604944825172424,0.5,0.0,0.0,0.6931471805599453,2.0,True,0.016054861532949636,0.8543689320388349,0.005902050806785115,0.5,
0.0,0.02,confounded,logger12_balanced,1,collapsed_constrained_reference,3000,-1.0134646892547607,-0.8752711415290833,0.5,0.0,0.0,0.6931471805599453,2.0,True,0.02425039056971363,0.8543689320388349,0.005973323009045954,0.5,
0.0,0.02,confounded,logger12_balanced,1,true_behavior_fixed,0,2.046315908432007,2.2477211952209473,0.5,0.014901942137593242,0.3999999761581421,0.5130274891853333,1.6703404855086161,False,0.5027550952925496,0.37216828478964403,0.0036866293319266167,0.5016181229773463,
0.0,0.02,confounded,logger12_balanced,1,true_behavior_fixed,300,1.2347168922424316,1.2353267669677734,0.5,0.015677381427177076,0.3999999761581421,0.5130172371864319,1.6703233612675727,False,0.019316387729085595,0.5663430420711975,0.0038067671059650266,0.53042071197411,
0.0,0.02,confounded,logger12_balanced,1,true_behavior_fixed,750,0.784726083278656,0.7863464951515198,0.5,0.014656031954951442,0.3999999761581421,0.5131292939186096,1.6705105427323923,False,0.020629484404545633,0.7702265372168284,0.005345308321345161,0.543042071197411,
0.0,0.02,confounded,logger12_balanced,1,true_behavior_fixed,1500,0.05153248831629753,0.05806717649102211,0.5,0.011042593066444097,0.3999999761581421,0.513231098651886,1.67068061726968,False,0.01922819054453919,0.6634304207119741,0.004155735767487732,0.5453074433656958,
0.0,0.02,confounded,logger12_balanced,1,true_behavior_fixed,2250,-0.6420753598213196,-0.6096230149269104,0.5,0.011042397316783536,0.3999999761581421,0.5142564177513123,1.6723944764917595,False,0.015319369822366608,0.7702265372168284,0.00504662565972362,0.5627831715210356,
0.0,0.02,confounded,logger12_balanced,1,true_behavior_fixed,3000,-1.165482997894287,-1.0553302764892578,0.5,0.009974524456271686,0.3999999761581421,0.5122467279434204,1.6690368573741168,False,0.016617354146472234,0.8058252427184466,0.00545662071330907,0.5469255663430421,
0.0,0.02,confounded,logger12_balanced,1,true_behavior_fixed_em,0,2.046315908432007,2.2477211952209473,0.5,0.014901942137593242,0.3999999761581421,0.5130274891853333,1.6703404855086161,False,0.5027550952925496,0.37216828478964403,0.0036866293319266167,0.5016181229773463,0
0.0,0.02,confounded,logger12_balanced,1,true_behavior_fixed_em,100,1.4395877122879028,1.4399559497833252,0.5,0.02140648396079303,0.3999999761581421,0.5129860043525696,1.6702711931502172,False,0.029539134626724087,0.540453074433657,0.004255155653725221,0.5168284789644013,1
0.0,0.02,confounded,logger12_balanced,1,true_behavior_fixed_em,200,1.3361986875534058,1.3367863893508911,0.5,0.017790185025231702,0.3999999761581421,0.5130086541175842,1.6703090248286905,False,0.0197027902391443,0.5760517799352751,0.0039179805395408,0.5281553398058253,2
0.0,0.02,confounded,logger12_balanced,1,true_behavior_fixed_em,300,1.2347123622894287,1.2353109121322632,0.5,0.015663497652594404,0.3999999761581421,0.5130184292793274,1.6703253524493717,False,0.019365150590830448,0.5825242718446602,0.0039003751633088454,0.5300970873786408,3
0.0,0.02,confounded,logger12_balanced,1,true_behavior_fixed_em,400,1.1341357231140137,1.135031819343567,0.5,0.018644933143733642,0.3999999761581421,0.513043999671936,1.6703680638704896,False,0.01796967403817273,0.517799352750809,0.0031850082412330444,0.5501618122977346,4
0.0,0.02,confounded,logger12_balanced,1,true_behavior_fixed_em,500,1.0344001054763794,1.0349690914154053,0.5,0.014819867852061156,0.3999999761581421,0.5130542516708374,1.6703851885698264,False,0.022149714661948098,0.7216828478964401,0.0050260767087286036,0.5320388349514563,5
0.0,0.02,confounded,logger12_balanced,1,true_behavior_fixed_em,600,0.9341846108436584,0.9353818297386169,0.5,0.017650708793934995,0.3999999761581421,0.5131127834320068,1.6704829620181427,False,0.021931085219438238,0.6796116504854369,0.004597955032594958,0.5462783171521035,6
0.0,0.02,confounded,logger12_balanced,1,true_behavior_fixed_em,700,0.8337307572364807,0.8351709842681885,0.5,0.010981218322199345,0.3999999761581421,0.5130273699760437,1.6703402863885253,False,0.01708335671648669,0.6537216828478964,0.004621230226079753,0.5216828478964401,7
0.0,0.02,confounded,logger12_balanced,1,true_behavior_fixed_em,800,0.7350379824638367,0.7367822527885437,0.5,0.010921020703430187,0.3999999761581421,0.5130570530891418,1.6703898680240237,False,0.021916735092146908,0.7637540453074434,0.005055592837759172,0.5284789644012945,8
0.0,0.02,confounded,logger12_balanced,1,true_behavior_fixed_em,900,0.6366384625434875,0.6392739415168762,0.5,0.011977712842558066,0.3999999761581421,0.5131140947341919,1.6704851525275373,False,0.02219197620429001,0.8284789644012945,0.0057614380140492555,0.5381877022653722,9
0.0,0.02,confounded,logger12_balanced,1,true_behavior_fixed_em,1000,0.537579357624054,0.5408429503440857,0.5,0.00943418313653486,0.3999999761581421,0.5129921436309814,1.6702814474415721,False,0.021470593675391315,0.7508090614886731,0.004945862942489913,0.5122977346278317,10
0.0,0.02,confounded,logger12_balanced,1,true_behavior_fixed_em,1100,0.4435608386993408,0.4488261640071869,0.5,0.01292403501703184,0.3999999761581421,0.513016939163208,1.6703228634724938,False,0.02613697655317569,0.6893203883495146,0.004148148605459712,0.5352750809061488,11
0.0,0.02,confounded,logger12_balanced,1,true_behavior_fixed_em,1200,0.3430061936378479,0.34754401445388794,0.5,0.011073970817402884,0.3999999761581421,0.5130985975265503,1.67045926487286,False,0.023393443097358205,0.7734627831715211,0.005316806142123318,0.5307443365695793,12
0.0,0.02,confounded,logger12_balanced,1,true_behavior_fixed_em,1300,0.24248667061328888,0.24823352694511414,0.5,0.00996996309505376,0.3999999761581421,0.5131419897079468,1.670531751316958,False,0.01854200592776483,0.7961165048543689,0.005554694589909354,0.5300970873786408,13
0.0,0.02,confounded,logger12_balanced,1,true_behavior_fixed_em,1400,0.14465893805027008,0.1496008038520813,0.5,0.009730711685261342,0.3999999761581421,0.5130902528762817,1.6704453255326663,False,0.018342786878642933,0.7993527508090615,0.005357099654397866,0.5310679611650485,14
0.0,0.02,confounded,logger12_balanced,1,true_behavior_fixed_em,1500,0.08662542700767517,0.09656965732574463,0.5,0.00917044068531832,0.3999999761581421,0.5132086873054504,1.6706431754871451,False,0.03770400623741887,0.6893203883495146,0.004607170602778036,0.5051779935275081,15
0.0,0.02,confounded,logger12_balanced,1,true_behavior_fixed_em,1600,-0.03883127495646477,-0.027684245258569717,0.5,0.008802555473414542,0.3999999761581421,0.5132578015327454,1.6707252298507966,False,0.02233408020948952,0.6925566343042071,0.004410062371993556,0.5190938511326861,16
0.0,0.02,confounded,logger12_balanced,1,true_behavior_fixed_em,1700,-0.13799405097961426,-0.1276324838399887,0.5,0.007439013917550958,0.3999999761581421,0.5129148364067078,1.6701523276101269,False,0.019575909801105566,0.7831715210355987,0.005005099342337438,0.5022653721682848,17
0.0,0.02,confounded,logger12_balanced,1,true_behavior_fixed_em,1800,-0.23179802298545837,-0.21783311665058136,0.5,0.008654075414610043,0.3999999761581421,0.5131502747535706,1.6705455918060679,False,0.01934509697182483,0.7508090614886731,0.004882190009542633,0.5262135922330097,18
0.0,0.02,confounded,logger12_balanced,1,true_behavior_fixed_em,1900,-0.32986485958099365,-0.3141784369945526,0.5,0.008198204671552045,0.3999999761581421,0.5133368968963623,1.670857381696586,False,0.017752346573654574,0.7928802588996764,0.005398359159810484,0.5398058252427185,19
0.0,0.02,confounded,logger12_balanced,1,true_behavior_fixed_em,2000,-0.42612534761428833,-0.40881073474884033,0.5,0.007593149039535917,0.3999999761581421,0.513298749923706,1.670793644761427,False,0.0151928671212145,0.7961165048543689,0.005444460055894085,0.5320388349514563,20
0.0,0.02,confounded,logger12_balanced,1,true_behavior_fixed_em,2100,-0.5203574895858765,-0.5020298361778259,0.5,0.007598138028368021,0.3999999761581421,0.5131911635398865,1.670613899784308,False,0.013882866664943165,0.7734627831715211,0.00517227676218462,0.5427184466019418,21
0.0,0.02,confounded,logger12_balanced,1,true_behavior_fixed_em,2200,-0.5659235119819641,-0.5492017865180969,0.5,0.009840511479763208,0.3999999761581421,0.5139314532279968,1.6718510959123984,False,0.022827666166797628,0.7734627831715211,0.005147431528035031,0.5398058252427185,22
0.0,0.02,confounded,logger12_balanced,1,true_behavior_fixed_em,2300,-0.6676273941993713,-0.6256572008132935,0.5,0.010690092595479981,0.3999999761581421,0.514641284942627,1.6730382501324272,False,0.01901755116956513,0.8155339805825242,0.0055981530952098745,0.5488673139158576,23
0.0,0.02,confounded,logger12_balanced,1,true_behavior_fixed_em,2400,-0.7771365642547607,-0.7441712021827698,0.5,0.008285401292161517,0.3999999761581421,0.5143053531646729,1.6724763178092217,False,0.013659325702375803,0.7831715210355987,0.0051694409910045605,0.5588996763754045,24
0.0,0.02,confounded,logger12_balanced,1,true_behavior_fixed_em,2500,-0.7771365642547607,-0.7441712021827698,0.5,0.008285401292161517,0.3999999761581421,0.5143053531646729,1.6724763178092217,False,0.013659325702375803,0.7831715210355987,0.0051694409910045605,0.5588996763754045,25
0.0,0.02,confounded,logger12_balanced,1,true_behavior_fixed_em,2600,-0.8583285808563232,-0.814894437789917,0.5,0.006486210984180865,0.3999999761581421,0.5131199955940247,1.6704950098553584,False,0.01391357364418927,0.7572815533980582,0.00487827539424116,0.5330097087378641,26
0.0,0.02,confounded,logger12_balanced,1,true_behavior_fixed_em,2700,-0.9129914045333862,-0.8550084829330444,0.5,0.007833946740271162,0.3999999761581421,0.5142540335655212,1.672390489197365,False,0.017143694946240143,0.8187702265372169,0.00565362999350472,0.5420711974110033,27
0.0,0.02,confounded,logger12_balanced,1,true_behavior_fixed_em,2800,-0.9653326272964478,-0.9056864380836487,0.5,0.007736407574676636,0.3999999761581421,0.514552116394043,1.6728890743909284,False,0.019409891327969702,0.86084142394822,0.006073082101065422,0.5336569579288026,28
0.0,0.02,confounded,logger12_balanced,1,true_behavior_fixed_em,2900,-1.0666009187698364,-0.9856299161911011,0.5,0.007614644717026608,0.3999999761581421,0.513806164264679,1.6716416445430162,False,0.01586993075689572,0.7766990291262136,0.004844976469803051,0.5394822006472492,29
0.0,0.02,confounded,logger12_balanced,1,true_behavior_fixed_em,3000,-1.0806258916854858,-0.9952515363693237,0.5,0.008190483070008742,0.3999999761581421,0.5149573087692261,1.673567053635133,False,0.02062360648336825,0.8317152103559871,0.005675036524937228,0.544336569579288,30
0.0,0.02,confounded,logger12_balanced,1,oracle_reward_fixed_learn_behavior,0,-1.1214559078216553,-1.0512758493423462,0.5,0.040956002561105216,0.0,0.6238133907318115,1.8660303942277612,False,0.011852363281599925,0.2168284789644013,0.0007606561099675835,0.9207119741100324,
0.0,0.02,confounded,logger12_balanced,1,oracle_reward_fixed_learn_behavior,300,-1.1523737907409668,-1.0797457695007324,0.5,0.040956002561105216,0.13263778388500214,0.6134325265884399,1.8467595831092887,False,0.011852363281599925,0.2168284789644013,0.0007606561099675835,0.8472491909385114,
0.0,0.02,confounded,logger12_balanced,1,oracle_reward_fixed_learn_behavior,750,-1.18355131149292,-1.1072568893432617,0.5,0.040956002561105216,0.2850402295589447,0.5712229609489441,1.7704308958638688,False,0.011852363281599925,0.2168284789644013,0.0007606561099675835,0.6805825242718446,
0.0,0.02,confounded,logger12_balanced,1,oracle_reward_fixed_learn_behavior,1500,-1.208796739578247,-1.1279757022857666,0.5,0.040956002561105216,0.4289976954460144,0.4898609220981598,1.632089216626307,False,0.011852363281599925,0.2168284789644013,0.0007606561099675835,0.6071197411003236,
0.0,0.02,confounded,logger12_balanced,1,oracle_reward_fixed_learn_behavior,2250,-1.2198272943496704,-1.1360421180725098,0.5,0.040956002561105216,0.5038034915924072,0.42298194766044617,1.5265067386997426,False,0.011852363281599925,0.2168284789644013,0.0007606561099675835,0.5932038834951456,
0.0,0.02,confounded,logger12_balanced,1,oracle_reward_fixed_learn_behavior,3000,-1.2255192995071411,-1.139665126800537,0.5,0.040956002561105216,0.5483680963516235,0.3705920875072479,1.4485920540570043,False,0.011852363281599925,0.2168284789644013,0.0007606561099675835,0.5880258899676375,
0.0,0.02,confounded,logger12_balanced,1,oracle_initialized_joint,0,-1.2090191841125488,-1.12850022315979,0.5,0.040956002561105216,0.3999999761581421,0.4890357553958893,1.6307430264416551,False,0.011852363281599925,0.2168284789644013,0.0007606561099675835,0.6401294498381876,
0.0,0.02,confounded,logger12_balanced,1,oracle_initialized_joint,300,-1.35153067111969,-1.1420917510986328,0.5024080872535706,0.021784375396117408,0.422981321811676,0.476550430059433,1.6105092447318783,False,0.016575268256003462,0.42718446601941745,0.0019732687268942833,0.6297734627831715,
0.0,0.02,confounded,logger12_balanced,1,oracle_initialized_joint,750,-1.547507405281067,-1.2393100261688232,0.500860333442688,0.022231204869618448,0.4407806396484375,0.4307956397533417,1.5384811134489746,False,0.01317349693206684,0.5792880258899676,0.0032237719237110172,0.7103559870550162,
0.0,0.02,confounded,logger12_balanced,1,oracle_initialized_joint,1500,-1.5965406894683838,-1.1157793998718262,0.49812382459640503,0.04220809621542549,0.4130342900753021,0.1759645640850067,1.1923958042656542,False,0.012237386327940315,0.284789644012945,0.0010856689203730318,0.8815533980582524,
0.0,0.02,confounded,logger12_balanced,1,oracle_initialized_joint,2250,-0.5279977321624756,0.10953368246555328,0.4997306168079376,0.05781561077885532,0.3781495988368988,0.08754873275756836,1.0914954547302689,False,0.025601706357592173,0.2588996763754045,0.0008852173230914854,0.7478964401294499,
0.0,0.02,confounded,logger12_balanced,1,oracle_initialized_joint,3000,-1.1186769008636475,-0.22864988446235657,0.49703583121299744,0.05275219503554133,0.38027703762054443,0.054577529430389404,1.0560943516333339,False,0.015112754734824218,0.27184466019417475,0.0010394595601568438,0.8718446601941747,
0.0,0.02,confounded,logger12_balanced,2,collapsed_constrained_reference,0,2.542529582977295,2.748591423034668,0.5,0.0,0.0,0.6931471805599453,2.0,True,0.505421162594857,0.5598705501618123,0.0031943731255504168,0.5,
0.0,0.02,confounded,logger12_balanced,2,collapsed_constrained_reference,300,1.545236349105835,1.54590904712677,0.5,0.0,0.0,0.6931471805599453,2.0,True,0.021069153522118047,0.6634304207119741,0.0039899654816549866,0.5,
0.0,0.02,confounded,logger12_balanced,2,collapsed_constrained_reference,750,0.9641605615615845,0.965138852596283,0.5,0.0,0.0,0.6931471805599453,2.0,True,0.021366229992051625,0.7313915857605178,0.004565703558169218,0.5,
0.0,0.02,confounded,logger12_balanced,2,collapsed_constrained_reference,1500,0.13791707158088684,0.14354397356510162,0.5,0.0,0.0,0.6931471805599453,2.0,True,0.01834708644737926,0.7766990291262136,0.004941035029072825,0.5,
0.0,0.02,confounded,logger12_balanced,2,collapsed_constrained_reference,2250,-0.5871800780296326,-0.5619252920150757,0.5,0.0,0.0,0.6931471805599453,2.0,True,0.017559345149427974,0.8220064724919094,0.00543299437787247,0.5,
0.0,0.02,confounded,logger12_balanced,2,collapsed_constrained_reference,3000,-1.1201964616775513,-1.01793372631073,0.5,0.0,0.0,0.6931471805599453,2.0,True,0.017154637646188037,0.8705501618122977,0.005940306367424151,0.5,
0.0,0.02,confounded,logger12_balanced,2,true_behavior_fixed,0,2.0303516387939453,2.222858428955078,0.5,0.01076581618397075,0.3999999761581421,0.5130062699317932,1.6703050425063943,False,0.4975205032046478,0.23624595469255663,0.0019030649774004875,0.5009708737864078,
0.0,0.02,confounded,logger12_balanced,2,true_behavior_fixed,300,1.2342449426651,1.2350221872329712,0.5,0.01433186394828046,0.3999999761581421,0.5129832625389099,1.6702666135841227,False,0.022190849957706274,0.6343042071197411,0.003814739542739912,0.5045307443365695,
0.0,0.02,confounded,logger12_balanced,2,true_behavior_fixed,750,0.7828980088233948,0.7843396067619324,0.5,0.011172054534905483,0.3999999761581421,0.5130387544631958,1.6703593024642993,False,0.018621179790151998,0.7540453074433657,0.0049968617023488015,0.523948220064725,
0.0,0.02,confounded,logger12_balanced,2,true_behavior_fixed,1500,0.05457042530179024,0.06369249522686005,0.5,0.009973006411085247,0.3999999761581421,0.5131379961967468,1.67052508004302,False,0.024985068661218426,0.8220064724919094,0.00555411459322007,0.526537216828479,
0.0,0.02,confounded,logger12_balanced,2,true_behavior_fixed,2250,-0.6507090330123901,-0.6257210969924927,0.5,0.007999079314662585,0.3999999761581421,0.5134345889091492,1.6710206190906487,False,0.014394492738002944,0.7831715210355987,0.005272210894454667,0.5375404530744337,
0.0,0.02,confounded,logger12_balanced,2,true_behavior_fixed,3000,-1.2050883769989014,-1.1146680116653442,0.5,0.0087238667373809,0.3999999761581421,0.5139339566230774,1.671855281221446,False,0.014673236814337649,0.8543689320388349,0.006019813432677675,0.5446601941747573,
0.0,0.02,confounded,logger12_balanced,2,true_behavior_fixed_em,0,2.0303516387939453,2.222858428955078,0.5,0.01076581618397075,0.3999999761581421,0.5130062699317932,1.6703050425063943,False,0.4975205032046478,0.23624595469255663,0.0019030649774004875,0.5009708737864078,0
0.0,0.02,confounded,logger12_balanced,2,true_behavior_fixed_em,100,1.439012885093689,1.4395787715911865,0.5,0.02031340997367898,0.3999999761581421,0.5129926800727844,1.6702823434506038,False,0.028171696911481855,0.5792880258899676,0.003905044314179586,0.5158576051779935,1
0.0,0.02,confounded,logger12_balanced,2,true_behavior_fixed_em,200,1.3356035947799683,1.3363968133926392,0.5,0.01675306785216001,0.3999999761581421,0.5130083560943604,1.6703085270378843,False,0.021427798088953048,0.6828478964401294,0.004380640350491176,0.516504854368932,2
0.0,0.02,confounded,logger12_balanced,2,true_behavior_fixed_em,300,1.2342321872711182,1.2350209951400757,0.5,0.014224945220930353,0.3999999761581421,0.5129839181900024,1.6702677086966118,False,0.022125541906669207,0.6375404530744336,0.003886896327732397,0.5045307443365695,3
0.0,0.02,confounded,logger12_balanced,2,true_behavior_fixed_em,400,1.1339590549468994,1.1347604990005493,0.5,0.01651540674414014,0.3999999761581421,0.5130484700202942,1.6703755310143118,False,0.026508209248195334,0.6763754045307443,0.004185659272187998,0.525242718446602,4
0.0,0.02,confounded,logger12_balanced,2,true_behavior_fixed_em,500,1.033440113067627,1.034665822982788,0.5,0.011958642358848564,0.3999999761581421,0.512992262840271,1.6702816465546488,False,0.023704813513784288,0.7378640776699029,0.0048376864022997195,0.5145631067961165,5
0.0,0.02,confounded,logger12_balanced,2,true_behavior_fixed_em,600,0.9347503781318665,0.9364988207817078,0.5,0.011561873561963023,0.3999999761581421,0.5130007266998291,1.6702957836437549,False,0.02764445399233958,0.5663430420711975,0.003086080314746927,0.516504854368932,6
0.0,0.02,confounded,logger12_balanced,2,true_behavior_fixed_em,700,0.8361088633537292,0.8379580974578857,0.5,0.011536169923648308,0.3999999761581421,0.5129119753837585,1.6701475492728244,False,0.02940591019957322,0.6116504854368932,0.0037795165828528312,0.512621359223301,7
0.0,0.02,confounded,logger12_balanced,2,true_behavior_fixed_em,800,0.7377558350563049,0.7393003702163696,0.5,0.011461719364829245,0.3999999761581421,0.5130422115325928,1.6703650770223073,False,0.03084487339513572,0.8252427184466019,0.005678006040331258,0.513915857605178,8
0.0,0.02,confounded,logger12_balanced,2,true_behavior_fixed_em,900,0.6361631751060486,0.6380922794342041,0.5,0.011677674594380637,0.3999999761581421,0.5130302906036377,1.670345164837581,False,0.023618332050154487,0.7928802588996764,0.005410441037349996,0.5197411003236246,9
0.0,0.02,confounded,logger12_balanced,2,true_behavior_fixed_em,1000,0.5379068851470947,0.5408238172531128,0.5,0.010493039688855864,0.3999999761581421,0.5129474997520447,1.6702068812633164,False,0.020396273157788514,0.6731391585760518,0.0044532855447851636,0.5116504854368932,10
0.0,0.02,confounded,logger12_balanced,2,true_behavior_fixed_em,1100,0.4379136562347412,0.44109663367271423,0.5,0.009519281031756763,0.3999999761581421,0.5129910707473755,1.6702796554249513,False,0.019511552224985625,0.6504854368932039,0.003938486367954946,0.526537216828479,11
0.0,0.02,confounded,logger12_balanced,2,true_behavior_fixed_em,1200,0.3375551998615265,0.34179747104644775,0.5,0.009140743228425698,0.3999999761581421,0.512966513633728,1.6702386386812584,False,0.016036138596718905,0.7378640776699029,0.004808863458881371,0.5216828478964401,12
0.0,0.02,confounded,logger12_balanced,2,true_behavior_fixed_em,1300,0.24227388203144073,0.24580271542072296,0.5,0.009305307603299047,0.3999999761581421,0.5130817890167236,1.670431187177864,False,0.02126298087374404,0.8446601941747572,0.005964948030530191,0.5226537216828478,13
0.0,0.02,confounded,logger12_balanced,2,true_behavior_fixed_em,1400,0.14202722907066345,0.149140864610672,0.5,0.008546287637592409,0.3999999761581421,0.5129712224006653,1.6702465034642542,False,0.016281586354298227,0.7799352750809061,0.0050810210270916594,0.5058252427184466,14
0.0,0.02,confounded,logger12_balanced,2,true_behavior_fixed_em,1500,0.056576795876026154,0.06510307639837265,0.5,0.010231215321561609,0.3999999761581421,0.5131762623786926,1.670589005882769,False,0.02608840978005006,0.8187702265372169,0.005514995528957109,0.5229773462783172,15
0.0,0.02,confounded,logger12_balanced,2,true_behavior_fixed_em,1600,-0.04714694246649742,-0.035946767777204514,0.5,0.010427695430521262,0.3999999761581421,0.5133395195007324,1.6708617637002032,False,0.01963057341787049,0.8122977346278317,0.005536879089262779,0.5398058252427185,16
0.0,0.02,confounded,logger12_balanced,2,true_behavior_fixed_em,1700,-0.14288970828056335,-0.13200946152210236,0.5,0.008890814922717937,0.3999999761581421,0.5131775140762329,1.6705910969562272,False,0.02121480210501573,0.8543689320388349,0.005920040361093874,0.537864077669903,17
0.0,0.02,confounded,logger12_balanced,2,true_behavior_fixed_em,1800,-0.2350509613752365,-0.21955834329128265,0.5,0.00969325058662986,0.3999999761581421,0.5135136246681213,1.6711526946928157,False,0.020310477171450365,0.8673139158576052,0.006133894027115841,0.53915857605178,18
0.0,0.02,confounded,logger12_balanced,2,true_behavior_fixed_em,1900,-0.2867569923400879,-0.2672871947288513,0.5,0.010235715593120365,0.3999999761581421,0.5132812857627869,1.6707644660071443,False,0.03199943808984702,0.7443365695792881,0.004657533890754224,0.5242718446601942,19
0.0,0.02,confounded,logger12_balanced,2,true_behavior_fixed_em,2000,-0.42653122544288635,-0.40909644961357117,0.5,0.008823161081139928,0.3999999761581421,0.5134170055389404,1.6709912371747941,False,0.015348527680503234,0.7799352750809061,0.005042603370165241,0.5436893203883495,20
0.0,0.02,confounded,logger12_balanced,2,true_behavior_fixed_em,2100,-0.5172569751739502,-0.497271329164505,0.5,0.009729808477934924,0.3999999761581421,0.5135366320610046,1.671191144001738,False,0.015641430952657083,0.7993527508090615,0.005461421662437772,0.5485436893203883,21
0.0,0.02,confounded,logger12_balanced,2,true_behavior_fixed_em,2200,-0.5915648341178894,-0.5663781762123108,0.5,0.008479196083629974,0.3999999761581421,0.5133360028266907,1.6708558878343431,False,0.019201555757872135,0.8317152103559871,0.005832773305986701,0.5281553398058253,22
0.0,0.02,confounded,logger12_balanced,2,true_behavior_fixed_em,2300,-0.6929696202278137,-0.6592892408370972,0.5,0.00880239256765676,0.3999999761581421,0.5134711265563965,1.6710816753679916,False,0.015761035221496435,0.8058252427184466,0.0054913968028574445,0.5401294498381877,23
0.0,0.02,confounded,logger12_balanced,2,true_behavior_fixed_em,2400,-0.7582939863204956,-0.7270770072937012,0.5,0.00887933072367229,0.3999999761581421,0.5133828520774841,1.6709341680145415,False,0.018556426966359667,0.8058252427184466,0.00569371092888486,0.5310679611650485,24
0.0,0.02,confounded,logger12_balanced,2,true_behavior_fixed_em,2500,-0.8147189617156982,-0.7672591805458069,0.5,0.013112334366687342,0.3999999761581421,0.5150406956672668,1.6737066130190301,False,0.01912978377766941,0.8317152103559871,0.005832834745318285,0.5601941747572815,25
0.0,0.02,confounded,logger12_balanced,2,true_behavior_fixed_em,2600,-0.9312586784362793,-0.8822073340415955,0.5,0.01016179710552632,0.3999999761581421,0.5149461627006531,1.6735484000459488,False,0.014944612638836998,0.8414239482200647,0.005875808512645932,0.5553398058252427,26
0.0,0.02,confounded,logger12_balanced,2,true_behavior_fixed_em,2700,-1.0129915475845337,-0.9443424344062805,0.5,0.007417250890691647,0.3999999761581421,0.5139041543006897,1.671805456793815,False,0.01459008229048371,0.8252427184466019,0.00557663577733977,0.5352750809061488,27
0.0,0.02,confounded,logger12_balanced,2,true_behavior_fixed_em,2800,-1.0846271514892578,-1.005440354347229,0.5,0.007850214325317519,0.3999999761581421,0.5145891308784485,1.6729509966634881,False,0.01496981620408634,0.8640776699029126,0.006188824896070316,0.5394822006472492,28
0.0,0.02,confounded,logger12_balanced,2,true_behavior_fixed_em,2900,-1.0846271514892578,-1.005440354347229,0.5,0.007850214325317519,0.3999999761581421,0.5145891308784485,1.6729509966634881,False,0.01496981620408634,0.8640776699029126,0.006188824896070316,0.5394822006472492,29
0.0,0.02,confounded,logger12_balanced,2,true_behavior_fixed_em,3000,-1.137390375137329,-1.0501680374145508,0.5,0.008553027863320682,0.3999999761581421,0.514953076839447,1.6735599712318676,False,0.016148329362848927,0.8446601941747572,0.005898908400660164,0.540453074433657,30
0.0,0.02,confounded,logger12_balanced,2,oracle_reward_fixed_learn_behavior,0,-1.1131688356399536,-1.0498440265655518,0.5,0.0374208031040415,0.0,0.6424365639686584,1.9011074104132988,False,0.01322408248764705,0.2783171521035599,0.0010183040556504463,0.8967637540453074,
0.0,0.02,confounded,logger12_balanced,2,oracle_reward_fixed_learn_behavior,300,-1.1349575519561768,-1.070915937423706,0.5,0.0374208031040415,0.11673825234174728,0.6338215470314026,1.884799684402088,False,0.01322408248764705,0.2783171521035599,0.0010183040556504463,0.829126213592233,
0.0,0.02,confounded,logger12_balanced,2,oracle_reward_fixed_learn_behavior,750,-1.1584306955337524,-1.0927878618240356,0.5,0.0374208031040415,0.2563607692718506,0.5963107943534851,1.8154090139246932,False,0.01322408248764705,0.2783171521035599,0.0010183040556504463,0.6660194174757281,
0.0,0.02,confounded,logger12_balanced,2,oracle_reward_fixed_learn_behavior,1500,-1.1800023317337036,-1.1117678880691528,0.5,0.0374208031040415,0.4034273028373718,0.5156920552253723,1.6747971529471302,False,0.01322408248764705,0.2783171521035599,0.0010183040556504463,0.5970873786407767,
0.0,0.02,confounded,logger12_balanced,2,oracle_reward_fixed_learn_behavior,2250,-1.1901966333389282,-1.119922161102295,0.5,0.0374208031040415,0.484546035528183,0.44549959897994995,1.5612700099236687,False,0.01322408248764705,0.2783171521035599,0.0010183040556504463,0.586084142394822,
0.0,0.02,confounded,logger12_balanced,2,oracle_reward_fixed_learn_behavior,3000,-1.1955134868621826,-1.1237777471542358,0.5,0.0374208031040415,0.531373143196106,0.39191386103630066,1.4798102365918415,False,0.01322408248764705,0.2783171521035599,0.0010183040556504463,0.5825242718446602,
0.0,0.02,confounded,logger12_balanced,2,oracle_initialized_joint,0,-1.183364748954773,-1.114965796470642,0.5,0.0374208031040415,0.3999999761581421,0.4968586564064026,1.6435501970107522,False,0.01322408248764705,0.2783171521035599,0.0010183040556504463,0.6171521035598706,
0.0,0.02,confounded,logger12_balanced,2,oracle_initialized_joint,300,-1.417497158050537,-1.269054889678955,0.504085123538971,0.013315082406053308,0.42210978269577026,0.4916471242904663,1.6350070631191993,False,0.012450332471427664,0.5857605177993528,0.003390452512165529,0.583495145631068,
0.0,0.02,confounded,logger12_balanced,2,oracle_initialized_joint,750,-1.1914880275726318,-0.8234575390815735,0.5011216998100281,0.02729679356554028,0.4388074278831482,0.3866285979747772,1.472009682359276,False,0.020520551832478,0.5016181229773463,0.002709953093022412,0.6750809061488673,
0.0,0.02,confounded,logger12_balanced,2,oracle_initialized_joint,1500,-1.7459338903427124,-1.3159292936325073,0.49824923276901245,0.037743338111866316,0.4171768128871918,0.23110735416412354,1.259994497844942,False,0.01000320137104857,0.32362459546925565,0.0013567510793058648,0.9048543689320389,
0.0,0.02,confounded,logger12_balanced,2,oracle_initialized_joint,2250,-1.8807748556137085,-1.1207475662231445,0.5014082789421082,0.03901919761423736,0.3905324935913086,0.10531745851039886,1.1110632708661314,False,0.010659893507009403,0.2459546925566343,0.0009384804099465255,0.9288025889967637,
0.0,0.02,confounded,logger12_balanced,2,oracle_initialized_joint,3000,-1.86862051486969,-1.2381948232650757,0.5009782910346985,0.0412384732625643,0.3656821846961975,0.09158746153116226,1.0959126226970621,False,0.010574961922265981,0.24271844660194175,0.0009079681717753445,0.9313915857605178,
0.0,0.02,confounded,logger12_balanced,3,collapsed_constrained_reference,0,2.509714126586914,2.6970813274383545,0.5,0.0,0.0,0.6931471805599453,2.0,True,0.49707406530383424,0.8964401294498382,0.006621920732578732,0.5,
0.0,0.02,confounded,logger12_balanced,3,collapsed_constrained_reference,300,1.5480103492736816,1.5485621690750122,0.5,0.0,0.0,0.6931471805599453,2.0,True,0.019684215185105738,0.7313915857605178,0.004613313203881444,0.5,
0.0,0.02,confounded,logger12_balanced,3,collapsed_constrained_reference,750,0.966580331325531,0.9681269526481628,0.5,0.0,0.0,0.6931471805599453,2.0,True,0.022104442029479227,0.8673139158576052,0.005909328287462072,0.5,
0.0,0.02,confounded,logger12_balanced,3,collapsed_constrained_reference,1500,0.14629490673542023,0.15448828041553497,0.5,0.0,0.0,0.6931471805599453,2.0,True,0.0260462516595338,0.8317152103559871,0.00560708006698511,0.5,
0.0,0.02,confounded,logger12_balanced,3,collapsed_constrained_reference,2250,-0.597685694694519,-0.573287308216095,0.5,0.0,0.0,0.6931471805599453,2.0,True,0.015451817078966288,0.8705501618122977,0.005859553827211262,0.5,
0.0,0.02,confounded,logger12_balanced,3,collapsed_constrained_reference,3000,-1.1088601350784302,-1.0437806844711304,0.5,0.0,0.0,0.6931471805599453,2.0,True,0.01881558097473291,0.8867313915857605,0.006284055899446468,0.5,
0.0,0.02,confounded,logger12_balanced,3,true_behavior_fixed,0,2.039890766143799,2.2287392616271973,0.5,0.013495291645576326,0.3999999761581421,0.5129037499427795,1.6701338116292308,False,0.49420731692110254,0.2168284789644013,0.0019131192241531624,0.5032362459546925,
0.0,0.02,confounded,logger12_balanced,3,true_behavior_fixed,300,1.2358169555664062,1.2365608215332031,0.5,0.014645711086942221,0.3999999761581421,0.5130289793014526,1.6703429745117528,False,0.018967654324208348,0.6310679611650486,0.003907611445583272,0.5226537216828478,
0.0,0.02,confounded,logger12_balanced,3,true_behavior_fixed,750,0.7854313850402832,0.7875117659568787,0.5,0.015255556673739616,0.3999999761581421,0.5131625533103943,1.6705661038209723,False,0.02009604851799213,0.7928802588996764,0.005532883776432865,0.555663430420712,
0.0,0.02,confounded,logger12_balanced,3,true_behavior_fixed,1500,0.05087580531835556,0.05841239541769028,0.5,0.008969354547432962,0.3999999761581421,0.5132840871810913,1.6707691465238579,False,0.018667695696089996,0.7864077669902912,0.005369740394232203,0.545631067961165,
0.0,0.02,confounded,logger12_balanced,3,true_behavior_fixed,2250,-0.651334285736084,-0.6261513233184814,0.5,0.006926050618292513,0.3999999761581421,0.5138187408447266,1.6716626682101723,False,0.013683545179690866,0.8090614886731392,0.005372974728079105,0.5433656957928803,
0.0,0.02,confounded,logger12_balanced,3,true_behavior_fixed,3000,-1.1690770387649536,-1.0643552541732788,0.5,0.00973687648581293,0.3999999761581421,0.5168975591659546,1.676817344944739,False,0.015556913006308614,0.8414239482200647,0.005718070635232722,0.5631067961165048,
0.0,0.02,confounded,logger12_balanced,3,true_behavior_fixed_em,0,2.039890766143799,2.2287392616271973,0.5,0.013495291645576326,0.3999999761581421,0.5129037499427795,1.6701338116292308,False,0.49420731692110254,0.2168284789644013,0.0019131192241531624,0.5032362459546925,0
0.0,0.02,confounded,logger12_balanced,3,true_behavior_fixed_em,100,1.441288709640503,1.4416717290878296,0.5,0.02188976228384191,0.3999999761581421,0.5130279660224915,1.6703412819892163,False,0.02704901819810103,0.6763754045307443,0.00454846744701398,0.5171521035598705,1
0.0,0.02,confounded,logger12_balanced,3,true_behavior_fixed_em,200,1.337531328201294,1.338015079498291,0.5,0.01923157648385196,0.3999999761581421,0.5130423903465271,1.6703653757068853,False,0.020429925827811977,0.656957928802589,0.0041818072250548646,0.5352750809061488,2
0.0,0.02,confounded,logger12_balanced,3,true_behavior_fixed_em,300,1.2358359098434448,1.2365909814834595,0.5,0.014563678841605693,0.3999999761581421,0.5130295157432556,1.67034387055379,False,0.01921449967579746,0.627831715210356,0.003819176957459388,0.5255663430420712,3
0.0,0.02,confounded,logger12_balanced,3,true_behavior_fixed_em,400,1.1351619958877563,1.1361173391342163,0.5,0.014806078667918492,0.3999999761581421,0.513060986995697,1.6703964391946002,False,0.020969912562652016,0.6634304207119741,0.004167630956258438,0.5297734627831715,4
0.0,0.02,confounded,logger12_balanced,3,true_behavior_fixed_em,500,1.0348176956176758,1.0361803770065308,0.5,0.012516626109402068,0.3999999761581421,0.5130254030227661,1.6703370009104554,False,0.020113452511162668,0.5922330097087378,0.003621328558284157,0.5207119741100323,5
0.0,0.02,confounded,logger12_balanced,3,true_behavior_fixed_em,600,0.9355489015579224,0.9377855062484741,0.5,0.015348763728557615,0.3999999761581421,0.5131206512451172,1.6704961051175957,False,0.024442945087087203,0.7411003236245954,0.004955956236901448,0.5300970873786408,6
0.0,0.02,confounded,logger12_balanced,3,true_behavior_fixed_em,700,0.8348844647407532,0.8369945287704468,0.5,0.010535611298759734,0.3999999761581421,0.5130451321601868,1.6703699555437674,False,0.02032859527600868,0.7378640776699029,0.004975685983244514,0.5194174757281553,7
0.0,0.02,confounded,logger12_balanced,3,true_behavior_fixed_em,800,0.736338198184967,0.7381328344345093,0.5,0.009352966733743358,0.3999999761581421,0.5130496621131897,1.670377522258302,False,0.02381528229772137,0.627831715210356,0.0036169373117377786,0.512621359223301,8
0.0,0.02,confounded,logger12_balanced,3,true_behavior_fixed_em,900,0.6351702809333801,0.6379439830780029,0.5,0.009533970138835569,0.3999999761581421,0.513070821762085,1.6704128672341378,False,0.01823210753290798,0.7961165048543689,0.00540360849636348,0.5242718446601942,9
0.0,0.02,confounded,logger12_balanced,3,true_behavior_fixed_em,1000,0.537451982498169,0.5416067838668823,0.5,0.010810903636827478,0.3999999761581421,0.5131182074546814,1.6704920227801792,False,0.0194945913823397,0.6148867313915858,0.003554032518781516,0.5381877022653722,10
0.0,0.02,confounded,logger12_balanced,3,true_behavior_fixed_em,1100,0.44473937153816223,0.44776687026023865,0.5,0.009932683294765618,0.3999999761581421,0.5132061243057251,1.6706388936346326,False,0.028486116330342315,0.8187702265372169,0.005755980730547815,0.517799352750809,11
0.0,0.02,confounded,logger12_balanced,3,true_behavior_fixed_em,1200,0.3386826813220978,0.3424442708492279,0.5,0.008221227590521954,0.3999999761581421,0.5130605697631836,1.670395742251041,False,0.017101670568066205,0.7961165048543689,0.005471793878243249,0.5220064724919093,12
0.0,0.02,confounded,logger12_balanced,3,true_behavior_fixed_em,1300,0.24378076195716858,0.24916398525238037,0.5,0.008441348083823757,0.3999999761581421,0.5132149457931519,1.670653631219631,False,0.021310091985076524,0.8090614886731392,0.0054780268953194475,0.5262135922330097,13
0.0,0.02,confounded,logger12_balanced,3,true_behavior_fixed_em,1400,0.14559172093868256,0.15144698321819305,0.5,0.008225360667247642,0.3999999761581421,0.5130053162574768,1.670303449580134,False,0.01739537458862495,0.6731391585760518,0.004308188166982532,0.5058252427184466,14
0.0,0.02,confounded,logger12_balanced,3,true_behavior_fixed_em,1500,0.048502493649721146,0.05524727329611778,0.5,0.00936982616591779,0.3999999761581421,0.5133050680160522,1.670804201023314,False,0.01748006399181346,0.7993527508090615,0.005466069838342721,0.5475728155339806,15
0.0,0.02,confounded,logger12_balanced,3,true_behavior_fixed_em,1600,-0.04941170662641525,-0.03998373821377754,0.5,0.00835232271470756,0.3999999761581421,0.5133916735649109,1.6709489082043107,False,0.01811547827463184,0.8284789644012945,0.005787845638132377,0.5411003236245955,16
0.0,0.02,confounded,logger12_balanced,3,true_behavior_fixed_em,1700,-0.14278966188430786,-0.13275432586669922,0.5,0.007969730003139419,0.3999999761581421,0.5130977034568787,1.6704577713665612,False,0.01770175242947106,0.6504854368932039,0.003923087131654382,0.5320388349514563,17
0.0,0.02,confounded,logger12_balanced,3,true_behavior_fixed_em,1800,-0.23405668139457703,-0.22262607514858246,0.5,0.00740060625764139,0.3999999761581421,0.5132566094398499,1.670723238192307,False,0.017987922570824492,0.7637540453074434,0.005048626704793857,0.5268608414239482,18
0.0,0.02,confounded,logger12_balanced,3,true_behavior_fixed_em,1900,-0.3289569616317749,-0.3145695924758911,0.5,0.008433110176128768,0.3999999761581421,0.5135602951049805,1.6712306899391571,False,0.017891153626550794,0.7346278317152104,0.004791645131452744,0.5398058252427185,19
0.0,0.02,confounded,logger12_balanced,3,true_behavior_fixed_em,2000,-0.42689982056617737,-0.41182273626327515,0.5,0.007720170862898891,0.3999999761581421,0.5136023163795471,1.6713009186583832,False,0.014153065834639208,0.8381877022653722,0.005802836431702806,0.540453074433657,20
0.0,0.02,confounded,logger12_balanced,3,true_behavior_fixed_em,2100,-0.5053080320358276,-0.48591798543930054,0.5,0.008337715060507645,0.3999999761581421,0.5137263536453247,1.6715082351118422,False,0.01891490131550213,0.7119741100323624,0.004573856146293431,0.5440129449838188,21
0.0,0.02,confounded,logger12_balanced,3,true_behavior_fixed_em,2200,-0.5979653596878052,-0.5683913826942444,0.5,0.007825067719593933,0.3999999761581421,0.5140116810798645,1.6719852303150515,False,0.015298681240380944,0.7961165048543689,0.005228728336520508,0.5478964401294498,22
0.0,0.02,confounded,logger12_balanced,3,true_behavior_fixed_em,2300,-0.6751276850700378,-0.6512737274169922,0.5,0.008183591105449632,0.3999999761581421,0.5142314434051514,1.672352710054733,False,0.018326169817959596,0.7378640776699029,0.0047289131005877,0.5498381877022653,23
0.0,0.02,confounded,logger12_balanced,3,true_behavior_fixed_em,2400,-0.7587838768959045,-0.7288442254066467,0.5,0.007833430434119479,0.3999999761581421,0.5140388011932373,1.672030575358934,False,0.016519249438031493,0.7313915857605178,0.004611401854511,0.5485436893203883,24
0.0,0.02,confounded,logger12_balanced,3,true_behavior_fixed_em,2500,-0.8501080274581909,-0.805629551410675,0.5,0.005914169386359964,0.3999999761581421,0.5130103826522827,1.6703119120182925,False,0.015983420495385883,0.7831715210355987,0.005230684043857808,0.5187702265372168,25
0.0,0.02,confounded,logger12_balanced,3,true_behavior_fixed_em,2600,-0.8726298213005066,-0.8260907530784607,0.5,0.007324670497538669,0.3999999761581421,0.5145345330238342,1.6728596596216214,False,0.02025098792938371,0.8187702265372169,0.005506132186913592,0.543042071197411,26
0.0,0.02,confounded,logger12_balanced,3,true_behavior_fixed_em,2700,-0.993244469165802,-0.9448015689849854,0.5,0.006764843547161217,0.3999999761581421,0.5141524076461792,1.6722205396121892,False,0.01513138547519816,0.8381877022653722,0.005737728177555696,0.53042071197411,27
0.0,0.02,confounded,logger12_balanced,3,true_behavior_fixed_em,2800,-0.993244469165802,-0.9448015689849854,0.5,0.006764843547161217,0.3999999761581421,0.5141524076461792,1.6722205396121892,False,0.01513138547519816,0.8381877022653722,0.005737728177555696,0.53042071197411,28
0.0,0.02,confounded,logger12_balanced,3,true_behavior_fixed_em,2900,-1.0539404153823853,-0.9908803105354309,0.5,0.008617788157063877,0.3999999761581421,0.5158842206001282,1.6751190218947094,False,0.015305530308482739,0.8122977346278317,0.00545121213694483,0.5588996763754045,29
0.0,0.02,confounded,logger12_balanced,3,true_behavior_fixed_em,3000,-1.0991746187210083,-0.9951395988464355,0.5,0.00758045290047773,0.3999999761581421,0.5158540606498718,1.675068501150191,False,0.017126479758547027,0.8317152103559871,0.005539930959235619,0.553074433656958,30
0.0,0.02,confounded,logger12_balanced,3,oracle_reward_fixed_learn_behavior,0,-1.0960930585861206,-1.0126605033874512,0.5,0.042771671311988065,0.0,0.6336478590965271,1.8844723458654504,False,0.010587412516252727,0.20064724919093851,0.000695493163322071,0.9275080906148867,
0.0,0.02,confounded,logger12_balanced,3,oracle_reward_fixed_learn_behavior,300,-1.1274666786193848,-1.0416254997253418,0.5,0.042771671311988065,0.13265466690063477,0.6214660406112671,1.8616553044995459,False,0.010587412516252727,0.20064724919093851,0.000695493163322071,0.8559870550161812,
0.0,0.02,confounded,logger12_balanced,3,oracle_reward_fixed_learn_behavior,750,-1.1599048376083374,-1.0702106952667236,0.5,0.042771671311988065,0.28774210810661316,0.574880063533783,1.7769173969399172,False,0.010587412516252727,0.20064724919093851,0.000695493163322071,0.6462783171521036,
0.0,0.02,confounded,logger12_balanced,3,oracle_reward_fixed_learn_behavior,1500,-1.1877003908157349,-1.0927329063415527,0.5,0.042771671311988065,0.44152992963790894,0.4818417727947235,1.6190535867094502,False,0.010587412516252727,0.20064724919093851,0.000695493163322071,0.5954692556634305,
0.0,0.02,confounded,logger12_balanced,3,oracle_reward_fixed_learn_behavior,2250,-1.2001755237579346,-1.101541519165039,0.5,0.042771671311988065,0.5213140249252319,0.40488672256469727,1.499132672533812,False,0.010587412516252727,0.20064724919093851,0.000695493163322071,0.5893203883495146,
0.0,0.02,confounded,logger12_balanced,3,oracle_reward_fixed_learn_behavior,3000,-1.2065740823745728,-1.1053670644760132,0.5,0.042771671311988065,0.5664560794830322,0.3471919894218445,1.4150883812922457,False,0.010587412516252727,0.20064724919093851,0.000695493163322071,0.5870550161812298,
0.0,0.02,confounded,logger12_balanced,3,oracle_initialized_joint,0,-1.1862504482269287,-1.0922226905822754,0.5,0.042771671311988065,0.3999999761581421,0.489895224571228,1.632145202282923,False,0.010587412516252727,0.20064724919093851,0.000695493163322071,0.6216828478964401,
0.0,0.02,confounded,logger12_balanced,3,oracle_initialized_joint,300,-1.432532548904419,-1.2542564868927002,0.5004124045372009,0.014427297819706862,0.42182064056396484,0.4936175048351288,1.6382318251876575,False,0.012134443843098893,0.6116504854368932,0.0034672151645095436,0.5964401294498382,
0.0,0.02,confounded,logger12_balanced,3,oracle_initialized_joint,750,-1.5425772666931152,-1.2929655313491821,0.49769753217697144,0.025073826262540996,0.4382736086845398,0.42595580220222473,1.5310531044623168,False,0.012389772528546564,0.5145631067961165,0.0027805581060091965,0.7012944983818771,
0.0,0.02,confounded,logger12_balanced,3,oracle_initialized_joint,1500,-1.3742530345916748,-0.8704432845115662,0.503596305847168,0.042029364951527516,0.41792112588882446,0.18917089700698853,1.208247420707899,False,0.016104695631114226,0.2621359223300971,0.0009163204144356648,0.8216828478964401,
0.0,0.02,confounded,logger12_balanced,3,oracle_initialized_joint,2250,-1.7824448347091675,-1.036546230316162,0.4952485263347626,0.03792850678070894,0.3687191903591156,0.12111871689558029,1.1287589071667807,False,0.010448292078639404,0.2168284789644013,0.000784017673416399,0.913915857605178,
0.0,0.02,confounded,logger12_balanced,3,oracle_initialized_joint,3000,-1.9222899675369263,-0.7289499044418335,0.49897289276123047,0.04073004964754794,0.3868286609649658,0.052744753658771515,1.054160540155846,False,0.010005900251576874,0.2588996763754045,0.0008438840485429666,0.9288025889967637,
0.0,0.02,confounded,logger12_balanced,4,collapsed_constrained_reference,0,2.5504801273345947,2.7504196166992188,0.5,0.0,0.0,0.6931471805599453,2.0,True,0.5155503633245435,0.3074433656957929,0.002022700731606123,0.5,
0.0,0.02,confounded,logger12_balanced,4,collapsed_constrained_reference,300,1.5449795722961426,1.5460162162780762,0.5,0.0,0.0,0.6931471805599453,2.0,True,0.02015431522930006,0.6051779935275081,0.0037893345764562717,0.5,
0.0,0.02,confounded,logger12_balanced,4,collapsed_constrained_reference,750,0.9651780128479004,0.9678694605827332,0.5,0.0,0.0,0.6931471805599453,2.0,True,0.026632322919644652,0.8090614886731392,0.005514000064096192,0.5,
0.0,0.02,confounded,logger12_balanced,4,collapsed_constrained_reference,1500,0.1347527801990509,0.14216485619544983,0.5,0.0,0.0,0.6931471805599453,2.0,True,0.019066540387925747,0.8414239482200647,0.0057334255766203,0.5,
0.0,0.02,confounded,logger12_balanced,4,collapsed_constrained_reference,2250,-0.5791529417037964,-0.5426263213157654,0.5,0.0,0.0,0.6931471805599453,2.0,True,0.01948440853891519,0.8867313915857605,0.0062905349682100785,0.5,
0.0,0.02,confounded,logger12_balanced,4,collapsed_constrained_reference,3000,-1.1618092060089111,-1.0584173202514648,0.5,0.0,0.0,0.6931471805599453,2.0,True,0.015996225919172928,0.883495145631068,0.006147532027117201,0.5,
0.0,0.02,confounded,logger12_balanced,4,true_behavior_fixed,0,2.026704788208008,2.219263792037964,0.5,0.013432048740141514,0.3999999761581421,0.5131556987762451,1.6705546529078106,False,0.4899428082856548,0.7993527508090615,0.005671933836717939,0.501294498381877,
0.0,0.02,confounded,logger12_balanced,4,true_behavior_fixed,300,1.2337030172348022,1.234449028968811,0.5,0.014654451506349725,0.3999999761581421,0.513006329536438,1.670305142064336,False,0.02001754283907269,0.4336569579288026,0.002516579723583253,0.5226537216828478,
0.0,0.02,confounded,logger12_balanced,4,true_behavior_fixed,750,0.7841234803199768,0.7864429354667664,0.5,0.01377057215983907,0.3999999761581421,0.5130751132965088,1.670420035883842,False,0.021225785447957793,0.6472491909385113,0.0036374753402689847,0.5339805825242718,
0.0,0.02,confounded,logger12_balanced,4,true_behavior_fixed,1500,0.047381091862916946,0.054855912923812866,0.5,0.008292347120721185,0.3999999761581421,0.5130674242973328,1.6704071920749404,False,0.018562767841734523,0.7216828478964401,0.00432062559626992,0.5300970873786408,
0.0,0.02,confounded,logger12_balanced,4,true_behavior_fixed,2250,-0.6312070488929749,-0.5927398800849915,0.5,0.011726480633909984,0.3999999761581421,0.5147744417190552,1.6732610413454065,False,0.018477567583197897,0.7637540453074434,0.00474885559271048,0.5579288025889968,
0.0,0.02,confounded,logger12_balanced,4,true_behavior_fixed,3000,-1.182959794998169,-1.0726975202560425,0.5,0.011462866273914282,0.3999999761581421,0.5159590840339661,1.6752444317510233,False,0.014934618698283076,0.8252427184466019,0.005569155109506234,0.5579288025889968,
0.0,0.02,confounded,logger12_balanced,4,true_behavior_fixed_em,0,2.026704788208008,2.219263792037964,0.5,0.013432048740141514,0.3999999761581421,0.5131556987762451,1.6705546529078106,False,0.4899428082856548,0.7993527508090615,0.005671933836717939,0.501294498381877,0
0.0,0.02,confounded,logger12_balanced,4,true_behavior_fixed_em,100,1.4386767148971558,1.4390958547592163,0.5,0.019005459350780796,0.3999999761581421,0.5130032300949097,1.6702999650592365,False,0.027030693996788462,0.5275080906148867,0.002959367644637988,0.5129449838187702,1
0.0,0.02,confounded,logger12_balanced,4,true_behavior_fixed_em,200,1.3351316452026367,1.335705041885376,0.5,0.019344158813797245,0.3999999761581421,0.5130090117454529,1.670309622177854,False,0.02066151415868944,0.517799352750809,0.0030128352461817765,0.5330097087378641,2
0.0,0.02,confounded,logger12_balanced,4,true_behavior_fixed_em,300,1.2337175607681274,1.2344690561294556,0.5,0.014750120540120025,0.3999999761581421,0.5130062699317932,1.6703050425063943,False,0.02019173782164949,0.42071197411003236,0.002446292320605242,0.5200647249190938,3
0.0,0.02,confounded,logger12_balanced,4,true_behavior_fixed_em,400,1.1333272457122803,1.1341382265090942,0.5,0.012983797782528207,0.3999999761581421,0.512987494468689,1.6702736820501003,False,0.022321969755541893,0.5792880258899676,0.003437973426732646,0.512621359223301,4
0.0,0.02,confounded,logger12_balanced,4,true_behavior_fixed_em,500,1.035038948059082,1.0356932878494263,0.5,0.012219786857355298,0.3999999761581421,0.5129717588424683,1.6702473994545404,False,0.03373132239950536,0.6504854368932039,0.004261630018642338,0.5064724919093851,5
0.0,0.02,confounded,logger12_balanced,4,true_behavior_fixed_em,600,0.9329518675804138,0.9346116781234741,0.5,0.011856593725402504,0.3999999761581421,0.5130448341369629,1.6703694577348025,False,0.023191571577888013,0.7734627831715211,0.005029131128554747,0.5236245954692557,6
0.0,0.02,confounded,logger12_balanced,4,true_behavior_fixed_em,700,0.8335334658622742,0.8352735042572021,0.5,0.014346910397021498,0.3999999761581421,0.513020932674408,1.670329533938876,False,0.019583194757941083,0.5533980582524272,0.0032549003281975445,0.5478964401294498,7
0.0,0.02,confounded,logger12_balanced,4,true_behavior_fixed_em,800,0.7370749711990356,0.7403812408447266,0.5,0.010793290108645244,0.3999999761581421,0.5130535364151001,1.670383993817664,False,0.03224920291920705,0.7669902912621359,0.005059662655105073,0.5213592233009708,8
0.0,0.02,confounded,logger12_balanced,4,true_behavior_fixed_em,900,0.6348299980163574,0.6380146145820618,0.5,0.009533400625561385,0.3999999761581421,0.5130242109298706,1.6703350097147704,False,0.021859767181052814,0.6440129449838188,0.0036259361750398543,0.5245954692556635,9
0.0,0.02,confounded,logger12_balanced,4,true_behavior_fixed_em,1000,0.5342094302177429,0.5370322465896606,0.5,0.008568300934990895,0.3999999761581421,0.5130243301391602,1.6703352088342323,False,0.017114923448289642,0.7184466019417476,0.0045030317122551405,0.5168284789644013,10
0.0,0.02,confounded,logger12_balanced,4,true_behavior_fixed_em,1100,0.4422430992126465,0.4465169310569763,0.5,0.01113488311949651,0.3999999761581421,0.5131295919418335,1.6705110405834038,False,0.026887774519838568,0.6731391585760518,0.0039638259317355444,0.5268608414239482,11
0.0,0.02,confounded,logger12_balanced,4,true_behavior_fixed_em,1200,0.3383411169052124,0.34360867738723755,0.5,0.008881395291400966,0.3999999761581421,0.5130226016044617,1.6703323216043608,False,0.017655514324113355,0.7055016181229773,0.004245443426806618,0.5310679611650485,12
0.0,0.02,confounded,logger12_balanced,4,true_behavior_fixed_em,1300,0.2495059221982956,0.25841623544692993,0.5,0.007788009944088573,0.3999999761581421,0.5128813982009888,1.6700964816467139,False,0.025780258056312146,0.8155339805825242,0.005654869432068173,0.5035598705501618,13
0.0,0.02,confounded,logger12_balanced,4,true_behavior_fixed_em,1400,0.14287306368350983,0.1480128914117813,0.5,0.009353165110916143,0.3999999761581421,0.513087272644043,1.6704403472250724,False,0.017605311540791233,0.7702265372168284,0.00492400321524196,0.5420711974110033,14
0.0,0.02,confounded,logger12_balanced,4,true_behavior_fixed_em,1500,0.046571798622608185,0.05409865826368332,0.5,0.007934688186386625,0.3999999761581421,0.5130407214164734,1.6703625879862352,False,0.0181105799800169,0.7378640776699029,0.004300219652373248,0.5171521035598705,15
0.0,0.02,confounded,logger12_balanced,4,true_behavior_fixed_em,1600,-0.0460318848490715,-0.03820062801241875,0.5,0.00802500891902842,0.3999999761581421,0.5130537748336792,1.6703843920682897,False,0.02073701528020895,0.6925566343042071,0.004017359774307857,0.5181229773462783,16
0.0,0.02,confounded,logger12_balanced,4,true_behavior_fixed_em,1700,-0.1412290632724762,-0.12770618498325348,0.5,0.007291642668904273,0.3999999761581421,0.5129885077476501,1.6702753745041392,False,0.019542326342680764,0.86084142394822,0.005988518853041305,0.5135922330097087,17
0.0,0.02,confounded,logger12_balanced,4,true_behavior_fixed_em,1800,-0.23660586774349213,-0.2245238721370697,0.5,0.007842825760948392,0.3999999761581421,0.5130504369735718,1.6703788165681686,False,0.018910874280150317,0.8284789644012945,0.0055929026335763505,0.5262135922330097,18
0.0,0.02,confounded,logger12_balanced,4,true_behavior_fixed_em,1900,-0.33031097054481506,-0.3160717487335205,0.5,0.007987652264007774,0.3999999761581421,0.5133264064788818,1.6708398537970393,False,0.01676630671469095,0.7799352750809061,0.0052092140272210615,0.5394822006472492,19
0.0,0.02,confounded,logger12_balanced,4,true_behavior_fixed_em,2000,-0.4294855296611786,-0.41367217898368835,0.5,0.007541992690323716,0.3999999761581421,0.5134180188179016,1.6709929303559168,False,0.015019735933003807,0.7831715210355987,0.005151090680033027,0.545631067961165,20
0.0,0.02,confounded,logger12_balanced,4,true_behavior_fixed_em,2100,-0.44128498435020447,-0.41350269317626953,0.5,0.009577736609922533,0.3999999761581421,0.5142091512680054,1.67231543015429,False,0.034189640876422185,0.8349514563106796,0.00557704482434838,0.517799352750809,21
0.0,0.02,confounded,logger12_balanced,4,true_behavior_fixed_em,2200,-0.582645833492279,-0.5500392913818359,0.5,0.008709749114210446,0.3999999761581421,0.5137590169906616,1.67156283305423,False,0.020094066265108488,0.7475728155339806,0.004402537455467027,0.544336569579288,22
0.0,0.02,confounded,logger12_balanced,4,true_behavior_fixed_em,2300,-0.693648636341095,-0.6611907482147217,0.5,0.007427226897721691,0.3999999761581421,0.5138040781021118,1.6716381572304293,False,0.015654444394108277,0.7928802588996764,0.005085570818837657,0.541747572815534,23
0.0,0.02,confounded,logger12_balanced,4,true_behavior_fixed_em,2400,-0.693648636341095,-0.6611907482147217,0.5,0.007427226897721691,0.3999999761581421,0.5138040781021118,1.6716381572304293,False,0.015654444394108277,0.7928802588996764,0.005085570818837657,0.541747572815534,24
0.0,0.02,confounded,logger12_balanced,4,true_behavior_fixed_em,2500,-0.7788610458374023,-0.7414214611053467,0.5,0.008618032515700551,0.3999999761581421,0.5147362351417542,1.6731971129893353,False,0.014864233968363626,0.8252427184466019,0.005485719711961677,0.5572815533980583,25
0.0,0.02,confounded,logger12_balanced,4,true_behavior_fixed_em,2600,-0.8584808111190796,-0.8058774471282959,0.5,0.007328872546460193,0.3999999761581421,0.5136179327964783,1.6713270185941396,False,0.014783311702380909,0.7734627831715211,0.004972143982159126,0.5475728155339806,26
0.0,0.02,confounded,logger12_balanced,4,true_behavior_fixed_em,2700,-0.917050302028656,-0.8663305044174194,0.5,0.007024514011311237,0.3999999761581421,0.5143705606460571,1.6725853793333558,False,0.01730344999880373,0.8187702265372169,0.005543131499607108,0.5313915857605178,27
0.0,0.02,confounded,logger12_balanced,4,true_behavior_fixed_em,2800,-0.917246401309967,-0.8261827826499939,0.5,0.007337195848302405,0.3999999761581421,0.515051543712616,1.6737247695627504,False,0.023565459435780135,0.8770226537216829,0.006201936911966476,0.5401294498381877,28
0.0,0.02,confounded,logger12_balanced,4,true_behavior_fixed_em,2900,-1.0582729578018188,-0.9932491183280945,0.5,0.006787901280668069,0.3999999761581421,0.5150215029716492,1.673674490385714,False,0.016292063052449957,0.8802588996763754,0.006181641128479397,0.5352750809061488,29
0.0,0.02,confounded,logger12_balanced,4,true_behavior_fixed_em,3000,-1.1499592065811157,-1.0712459087371826,0.5,0.008107891821446918,0.3999999761581421,0.5161184072494507,1.6755113583438495,False,0.014180320330008852,0.7864077669902912,0.005112975610724699,0.5559870550161812,30
0.0,0.02,confounded,logger12_balanced,4,oracle_reward_fixed_learn_behavior,0,-1.1184710264205933,-1.040734887123108,0.5,0.039312430605759015,0.0,0.623465359210968,1.8653810698309505,False,0.015887603054530967,0.42718446601941745,0.0017741431171640408,0.8679611650485437,
0.0,0.02,confounded,logger12_balanced,4,oracle_reward_fixed_learn_behavior,300,-1.1414903402328491,-1.0618664026260376,0.5,0.039312430605759015,0.11684095859527588,0.6175923347473145,1.8544577490365481,False,0.015887603054530967,0.42718446601941745,0.0017741431171640408,0.8190938511326861,
0.0,0.02,confounded,logger12_balanced,4,oracle_reward_fixed_learn_behavior,750,-1.1649123430252075,-1.0824447870254517,0.5,0.039312430605759015,0.2518576383590698,0.5868139266967773,1.7982499225519795,False,0.015887603054530967,0.42718446601941745,0.0017741431171640408,0.7233009708737864,
0.0,0.02,confounded,logger12_balanced,4,oracle_reward_fixed_learn_behavior,1500,-1.1843786239624023,-1.0980360507965088,0.5,0.039312430605759015,0.3864864706993103,0.5218830704689026,1.685198010363354,False,0.015887603054530967,0.42718446601941745,0.0017741431171640408,0.6394822006472491,
0.0,0.02,confounded,logger12_balanced,4,oracle_reward_fixed_learn_behavior,2250,-1.1930434703826904,-1.104172706604004,0.5,0.039312430605759015,0.45817074179649353,0.46616774797439575,1.593874346117421,False,0.015887603054530967,0.42718446601941745,0.0017741431171640408,0.6019417475728155,
0.0,0.02,confounded,logger12_balanced,4,oracle_reward_fixed_learn_behavior,3000,-1.1975289583206177,-1.1069179773330688,0.5,0.039312430605759015,0.5027099251747131,0.4213273227214813,1.5239830310509797,False,0.015887603054530967,0.42718446601941745,0.0017741431171640408,0.5912621359223301,
0.0,0.02,confounded,logger12_balanced,4,oracle_initialized_joint,0,-1.1890950202941895,-1.102295994758606,0.5,0.039312430605759015,0.3999999761581421,0.4948909282684326,1.6403193168313326,False,0.015887603054530967,0.42718446601941745,0.0017741431171640408,0.6491909385113268,
0.0,0.02,confounded,logger12_balanced,4,oracle_initialized_joint,300,-1.3942762613296509,-1.2135215997695923,0.49929529428482056,0.01207565336064455,0.4245532155036926,0.4862383008003235,1.6261874718176446,False,0.01422075459865528,0.5016181229773463,0.002424342596423665,0.5844660194174758,
0.0,0.02,confounded,logger12_balanced,4,oracle_initialized_joint,750,-1.4261120557785034,-1.070029377937317,0.4966171085834503,0.025286725695377845,0.44423723220825195,0.3938615918159485,1.4826953173058601,False,0.015646664886952006,0.37540453074433655,0.0015808489222914046,0.7058252427184466,
0.0,0.02,confounded,logger12_balanced,4,oracle_initialized_joint,1500,-1.5131676197052002,-1.0787603855133057,0.4951801002025604,0.04475419497152406,0.4184630811214447,0.17466944456100464,1.1908525087709934,False,0.015121417988002423,0.24271844660194175,0.0008749586603400341,0.8394822006472492,
0.0,0.02,confounded,logger12_balanced,4,oracle_initialized_joint,2250,-1.5723085403442383,-1.0587799549102783,0.5036458969116211,0.04242382022390132,0.37813207507133484,0.14907719194889069,1.1607625872772276,False,0.012922146457665356,0.22006472491909385,0.000798616878664504,0.8928802588996764,
0.0,0.02,confounded,logger12_balanced,4,oracle_initialized_joint,3000,-1.8959449529647827,-1.1271772384643555,0.501274824142456,0.040838917988967,0.3807954788208008,0.06264877319335938,1.0646528389388845,False,0.01132227942906309,0.26537216828478966,0.0009782871305635838,0.933009708737864,
0.0,0.05,confounded,logger12_balanced,0,collapsed_constrained_reference,0,2.4911205768585205,2.676406145095825,0.5,0.0,0.0,0.6931471805599453,2.0,True,0.4981107600611335,0.4886731391585761,0.004336876464571611,0.5,
0.0,0.05,confounded,logger12_balanced,0,collapsed_constrained_reference,300,1.550868272781372,1.5515326261520386,0.5,0.0,0.0,0.6931471805599453,2.0,True,0.04192708024475776,0.8478964401294499,0.006220926802257643,0.5,
0.0,0.05,confounded,logger12_balanced,0,collapsed_constrained_reference,750,0.9744476675987244,0.9765773415565491,0.5,0.0,0.0,0.6931471805599453,2.0,True,0.027998826191070636,0.8964401294498382,0.006475594316156032,0.5,
0.0,0.05,confounded,logger12_balanced,0,collapsed_constrained_reference,1500,0.20001965761184692,0.2128157764673233,0.5,0.0,0.0,0.6931471805599453,2.0,True,0.033683624916559476,0.9093851132686084,0.006571623998971592,0.5,
0.0,0.05,confounded,logger12_balanced,0,collapsed_constrained_reference,2250,-0.3811609447002411,-0.3440881669521332,0.5,0.0,0.0,0.6931471805599453,2.0,True,0.02989600195487613,0.9061488673139159,0.006577359572081722,0.5,
0.0,0.05,confounded,logger12_balanced,0,collapsed_constrained_reference,3000,-0.6444482803344727,-0.5726711750030518,0.5,0.0,0.0,0.6931471805599453,2.0,True,0.024477484143505975,0.9093851132686084,0.006587003636213636,0.5,
0.0,0.05,confounded,logger12_balanced,0,true_behavior_fixed,0,2.056203842163086,2.2662899494171143,0.5,0.013449654949412037,0.3999999761581421,0.5125149488449097,1.6694845879872906,False,0.5014968870058706,0.47896440129449835,0.003939265289924905,0.5003236245954693,
0.0,0.05,confounded,logger12_balanced,0,true_behavior_fixed,300,1.2372291088104248,1.237662672996521,0.5,0.02415292632445927,0.3999999761581421,0.5131540894508362,1.670551964443924,False,0.03002960984196033,0.8446601941747572,0.00614995373640358,0.568284789644013,
0.0,0.05,confounded,logger12_balanced,0,true_behavior_fixed,750,0.7912713289260864,0.793335497379303,0.5,0.01594325102166291,0.3999999761581421,0.5132302641868591,1.6706792231457155,False,0.023950206755356696,0.883495145631068,0.006354250391408131,0.5618122977346278,
0.0,0.05,confounded,logger12_balanced,0,true_behavior_fixed,1500,0.10713551193475723,0.1170804500579834,0.5,0.019124100527250363,0.3999999761581421,0.5145121216773987,1.6728221690043608,False,0.0313744686967547,0.9061488673139159,0.0065757530587936585,0.5786407766990291,
0.0,0.05,confounded,logger12_balanced,0,true_behavior_fixed,2250,-0.4214562177658081,-0.3967280089855194,0.5,0.029655255772909523,0.3999999761581421,0.5201414823532104,1.682265643764514,False,0.027985309257463228,0.9029126213592233,0.006558191590982729,0.5935275080906149,
0.0,0.05,confounded,logger12_balanced,0,true_behavior_fixed,3000,-0.7194395661354065,-0.6635181307792664,0.5,0.05098471827825692,0.3999999761581421,0.49431657791137695,1.639377469347136,False,0.01932579957101688,0.8932038834951457,0.006517683792436362,0.7608414239482201,
0.0,0.05,confounded,logger12_balanced,0,true_behavior_fixed_em,0,2.056203842163086,2.2662899494171143,0.5,0.013449654949412037,0.3999999761581421,0.5125149488449097,1.6694845879872906,False,0.5014968870058706,0.47896440129449835,0.003939265289924905,0.5003236245954693,0
0.0,0.05,confounded,logger12_balanced,0,true_behavior_fixed_em,100,1.4400209188461304,1.4403451681137085,0.5,0.027616103255857144,0.3999999761581421,0.5130680799484253,1.6704082872796,False,0.027748064912970133,0.7766990291262136,0.005550103512641527,0.554368932038835,1
0.0,0.05,confounded,logger12_balanced,0,true_behavior_fixed_em,200,1.3381739854812622,1.339093565940857,0.5,0.027516104558723456,0.3999999761581421,0.5131211876869202,1.6704970012417786,False,0.03372952889549072,0.8349514563106796,0.00589514014709506,0.5650485436893203,2
0.0,0.05,confounded,logger12_balanced,0,true_behavior_fixed_em,300,1.2373319864273071,1.2377525568008423,0.5,0.024004576406408826,0.3999999761581421,0.5131561756134033,1.670555449490534,False,0.030709386626626176,0.8446601941747572,0.006139673209754422,0.568284789644013,3
0.0,0.05,confounded,logger12_balanced,0,true_behavior_fixed_em,400,1.1363099813461304,1.1369562149047852,0.5,0.018887819313159172,0.3999999761581421,0.5131310820579529,1.6705135298406877,False,0.026161110755612678,0.8673139158576052,0.00627892242927969,0.5644012944983818,4
0.0,0.05,confounded,logger12_balanced,0,true_behavior_fixed_em,500,1.0374282598495483,1.0387035608291626,0.5,0.02530923004175265,0.3999999761581421,0.5132366418838501,1.6706898782655475,False,0.028548014410041646,0.8737864077669902,0.006357643898948209,0.5773462783171521,5
0.0,0.05,confounded,logger12_balanced,0,true_behavior_fixed_em,600,0.9382709264755249,0.9398816823959351,0.5,0.021654838709443142,0.3999999761581421,0.5132460594177246,1.6707056121181567,False,0.02365088004642008,0.8673139158576052,0.006291068550363531,0.5776699029126213,6
0.0,0.05,confounded,logger12_balanced,0,true_behavior_fixed_em,700,0.8418590426445007,0.8437079787254333,0.5,0.017862181051574947,0.3999999761581421,0.5132392644882202,1.6706942598298689,False,0.03188191015397967,0.889967637540453,0.006427391757880906,0.5660194174757281,7
0.0,0.05,confounded,logger12_balanced,0,true_behavior_fixed_em,800,0.7430384159088135,0.7460907101631165,0.5,0.019962846115618833,0.3999999761581421,0.5134038925170898,1.670969325573853,False,0.02505816648104531,0.8996763754045307,0.006487993000464884,0.5760517799352751,8
0.0,0.05,confounded,logger12_balanced,0,true_behavior_fixed_em,900,0.6457899212837219,0.6495301127433777,0.5,0.018766857011530535,0.3999999761581421,0.5134234428405762,1.6710019938840406,False,0.02452719969750052,0.8996763754045307,0.00653477454663489,0.579611650485437,9
0.0,0.05,confounded,logger12_balanced,0,true_behavior_fixed_em,1000,0.5524020791053772,0.5559419393539429,0.5,0.019285037822768983,0.3999999761581421,0.5135568976402283,1.6712250120014407,False,0.026011053292006328,0.8932038834951457,0.00648754024708637,0.5757281553398058,10
0.0,0.05,confounded,logger12_balanced,0,true_behavior_fixed_em,1100,0.45972612500190735,0.465055376291275,0.5,0.02110750236210711,0.3999999761581421,0.5137759447097778,1.6715911290398457,False,0.028806500005983456,0.8932038834951457,0.0064319525134460005,0.579611650485437,11
0.0,0.05,confounded,logger12_balanced,0,true_behavior_fixed_em,1200,0.3691301941871643,0.37413880228996277,0.5,0.015899823121362233,0.3999999761581421,0.5136728286743164,1.6714187700763459,False,0.03173062643236104,0.8964401294498382,0.006493712215688011,0.5666666666666667,12
0.0,0.05,confounded,logger12_balanced,0,true_behavior_fixed_em,1300,0.2852277159690857,0.2971998453140259,0.5,0.016104568755592772,0.3999999761581421,0.5136777758598328,1.6714270389155308,False,0.03420026262309293,0.8802588996763754,0.006383262074890015,0.568284789644013,13
0.0,0.05,confounded,logger12_balanced,0,true_behavior_fixed_em,1400,0.18562516570091248,0.19537758827209473,0.5,0.0204415745421343,0.3999999761581421,0.5142030715942383,1.6723052630529454,False,0.025277563019646572,0.9029126213592233,0.006508957820391337,0.5883495145631068,14
0.0,0.05,confounded,logger12_balanced,0,true_behavior_fixed_em,1500,0.10696994513273239,0.11749974638223648,0.5,0.018274090539279805,0.3999999761581421,0.5144145488739014,1.672658955018331,False,0.031137243981177922,0.9093851132686084,0.006585321540001066,0.5776699029126213,15
0.0,0.05,confounded,logger12_balanced,0,true_behavior_fixed_em,1600,0.013963399454951286,0.022791609168052673,0.5,0.022593715950929856,0.3999999761581421,0.515343964099884,1.674214272374859,False,0.025988586689602303,0.9029126213592233,0.006553895474606052,0.5867313915857605,16
0.0,0.05,confounded,logger12_balanced,0,true_behavior_fixed_em,1700,-0.06816519796848297,-0.057378411293029785,0.5,0.017147324112891143,0.3999999761581421,0.514857828617096,1.673400575210824,False,0.02600567584820704,0.9029126213592233,0.006546291364547061,0.5812297734627832,17
0.0,0.05,confounded,logger12_balanced,0,true_behavior_fixed_em,1800,-0.1471891701221466,-0.13468807935714722,0.5,0.019978151850592946,0.3999999761581421,0.5160648822784424,1.6754216790470322,False,0.024533817543465848,0.8964401294498382,0.006511275715465758,0.5880258899676375,18
0.0,0.05,confounded,logger12_balanced,0,true_behavior_fixed_em,1900,-0.22738926112651825,-0.2096223533153534,0.5,0.019860408136907176,0.3999999761581421,0.5163175463676453,1.675845051422845,False,0.0235603298270249,0.8996763754045307,0.006531633137576171,0.5906148867313916,19
0.0,0.05,confounded,logger12_balanced,0,true_behavior_fixed_em,2000,-0.2961465120315552,-0.26960498094558716,0.5,0.017817657909896575,0.3999999761581421,0.5162379145622253,1.67571160616911,False,0.02439539592385456,0.9029126213592233,0.006548020951045903,0.5857605177993528,20
0.0,0.05,confounded,logger12_balanced,0,true_behavior_fixed_em,2100,-0.30486804246902466,-0.27695217728614807,0.5,0.017903717290986502,0.3999999761581421,0.5171997547149658,1.6773241482558816,False,0.03825408900738783,0.9093851132686084,0.006593816526100643,0.5689320388349515,21
0.0,0.05,confounded,logger12_balanced,0,true_behavior_fixed_em,2200,-0.40728068351745605,-0.3784922957420349,0.5,0.01664133970954253,0.3999999761581421,0.5162438154220581,1.6757214943375924,False,0.02525234338753689,0.8996763754045307,0.006470328197753403,0.5828478964401295,22
0.0,0.05,confounded,logger12_balanced,0,true_behavior_fixed_em,2300,-0.4748874306678772,-0.43880191445350647,0.5,0.02472823608438668,0.3999999761581421,0.5194239020347595,1.6810589160619478,False,0.023079195644285618,0.9061488673139159,0.0065719589419130356,0.5938511326860841,23
0.0,0.05,confounded,logger12_balanced,0,true_behavior_fixed_em,2400,-0.5258858799934387,-0.48489469289779663,0.5,0.027396370454457065,0.3999999761581421,0.519662082195282,1.6814593586312678,False,0.022477537980584765,0.9029126213592233,0.006542530742655567,0.5957928802588996,24
0.0,0.05,confounded,logger12_balanced,0,true_behavior_fixed_em,2500,-0.5715981125831604,-0.5321701765060425,0.5,0.026584485924155743,0.3999999761581421,0.5201703310012817,1.6823141755540683,False,0.021125078742914152,0.9093851132686084,0.006566458610821808,0.5983818770226538,25
0.0,0.05,confounded,logger12_balanced,0,true_behavior_fixed_em,2600,-0.6022123098373413,-0.5559878349304199,0.5,0.022634095078357043,0.3999999761581421,0.5187164545059204,1.6798700756566332,False,0.02117089944480977,0.883495145631068,0.00640067578578854,0.5970873786407767,26
0.0,0.05,confounded,logger12_balanced,0,true_behavior_fixed_em,2700,-0.613239586353302,-0.5493705868721008,0.5,0.0286249127124264,0.3999999761581421,0.5200878381729126,1.682175402423494,False,0.025047575542186264,0.9093851132686084,0.006585321540001066,0.6171521035598706,27
0.0,0.05,confounded,logger12_balanced,0,true_behavior_fixed_em,2800,-0.6254029870033264,-0.5624193549156189,0.5,0.025404884632460385,0.3999999761581421,0.5181257724761963,1.6788780995907315,False,0.024782595332846134,0.9061488673139159,0.006570433640434243,0.6122977346278318,28
0.0,0.05,confounded,logger12_balanced,0,true_behavior_fixed_em,2900,-0.682611346244812,-0.6346142292022705,0.5,0.02444787008844737,0.3999999761581421,0.5186020135879517,1.6796778407830841,False,0.021811378646200717,0.8964401294498382,0.006536671024585846,0.6207119741100323,29
0.0,0.05,confounded,logger12_balanced,0,true_behavior_fixed_em,3000,-0.6877942085266113,-0.6185880303382874,0.5,0.032061751194924125,0.3999999761581421,0.5171824097633362,1.6772950554019708,False,0.02268342448241626,0.9029126213592233,0.006548615809541396,0.66957928802589,30
0.0,0.05,confounded,logger12_balanced,0,oracle_reward_fixed_learn_behavior,0,-0.7125758528709412,-0.6462200284004211,0.5,0.10002131808060706,0.0,0.14583545923233032,1.1570057977655812,False,0.01056478839024171,0.22653721682847897,0.0007169186311815197,0.9922330097087378,
0.0,0.05,confounded,logger12_balanced,0,oracle_reward_fixed_learn_behavior,300,-0.8146750926971436,-0.7440786957740784,0.5,0.10002131808060706,0.1583004593849182,0.15072165429592133,1.1626729880063627,False,0.01056478839024171,0.22653721682847897,0.0007169186311815197,0.9925566343042072,
0.0,0.05,confounded,logger12_balanced,0,oracle_reward_fixed_learn_behavior,750,-0.8771563172340393,-0.8032587170600891,0.5,0.10002131808060706,0.29177385568618774,0.16468660533428192,1.1790235611109168,False,0.01056478839024171,0.22653721682847897,0.0007169186311815197,0.9906148867313915,
0.0,0.05,confounded,logger12_balanced,0,oracle_reward_fixed_learn_behavior,1500,-0.9056017994880676,-0.8293725848197937,0.5,0.10002131808060706,0.3784850239753723,0.18418392539024353,1.2022369246581155,False,0.01056478839024171,0.22653721682847897,0.0007169186311815197,0.9864077669902913,
0.0,0.05,confounded,logger12_balanced,0,oracle_reward_fixed_learn_behavior,2250,-0.9112292528152466,-0.8341350555419922,0.5,0.10002131808060706,0.40509387850761414,0.19485558569431305,1.2151354908697671,False,0.01056478839024171,0.22653721682847897,0.0007169186311815197,0.9812297734627832,
0.0,0.05,confounded,logger12_balanced,0,oracle_reward_fixed_learn_behavior,3000,-0.9123499989509583,-0.8348184823989868,0.5,0.10002131808060706,0.418695330619812,0.20061999559402466,1.2221602572875545,False,0.01056478839024171,0.22653721682847897,0.0007169186311815197,0.9799352750809062,
0.0,0.05,confounded,logger12_balanced,0,oracle_initialized_joint,0,-0.9114240407943726,-0.8343110680580139,0.5,0.10002131808060706,0.3999999761581421,0.19501978158950806,1.215335027510574,False,0.01056478839024171,0.22653721682847897,0.0007169186311815197,0.9812297734627832,
0.0,0.05,confounded,logger12_balanced,0,oracle_initialized_joint,300,-0.9557119011878967,-0.8108874559402466,0.5045113563537598,0.10449035574178808,0.4035109877586365,0.06783615052700043,1.0701899440541398,False,0.019228548956085532,0.15857605177993528,0.0005544481260362258,0.96957928802589,
0.0,0.05,confounded,logger12_balanced,0,oracle_initialized_joint,750,-1.2121673822402954,-0.8834618330001831,0.5049315690994263,0.09933472811079735,0.39585840702056885,0.012713536620140076,1.0127946972081658,False,0.01484262426550118,0.2297734627831715,0.0008167115412038533,0.9825242718446602,
0.0,0.05,confounded,logger12_balanced,0,oracle_initialized_joint,1500,-1.4405534267425537,-0.708160400390625,0.49850696325302124,0.09784314625954883,0.39904868602752686,0.0018829358741641045,1.0018847097110828,False,0.014113476159358835,0.1779935275080906,0.0005674814674011372,0.9867313915857605,
0.0,0.05,confounded,logger12_balanced,0,oracle_initialized_joint,2250,-2.0755884647369385,-0.9384822249412537,0.49745556712150574,0.09862031479752735,0.39794692397117615,0.000835785293020308,1.0008361346588732,False,0.009305878976676592,0.20064724919093851,0.000640129909951614,0.9919093851132686,
0.0,0.05,confounded,logger12_balanced,0,oracle_initialized_joint,3000,-2.137692928314209,-1.0124815702438354,0.5012179613113403,0.09968309911824114,0.3988654315471649,0.0011492258636280894,1.0011498864767112,False,0.009090800951363751,0.20064724919093851,0.0006744121858780045,0.9944983818770227,
0.0,0.05,confounded,logger12_balanced,1,collapsed_constrained_reference,0,2.5470385551452637,2.7364635467529297,0.5,0.0,0.0,0.6931471805599453,2.0,True,0.5149351816459985,0.7508090614886731,0.0049932077910158175,0.5,
0.0,0.05,confounded,logger12_balanced,1,collapsed_constrained_reference,300,1.5519046783447266,1.5529627799987793,0.5,0.0,0.0,0.6931471805599453,2.0,True,0.03504354389253376,0.8446601941747572,0.006114732240491677,0.5,
0.0,0.05,confounded,logger12_balanced,1,collapsed_constrained_reference,750,0.9766714572906494,0.9786108732223511,0.5,0.0,0.0,0.6931471805599453,2.0,True,0.03160381429569639,0.9029126213592233,0.0065366192176316215,0.5,
0.0,0.05,confounded,logger12_balanced,1,collapsed_constrained_reference,1500,0.18888907134532928,0.1970227062702179,0.5,0.0,0.0,0.6931471805599453,2.0,True,0.026152561454726952,0.8996763754045307,0.006515538994559308,0.5,
0.0,0.05,confounded,logger12_balanced,1,collapsed_constrained_reference,2250,-0.3715217113494873,-0.3411266803741455,0.5,0.0,0.0,0.6931471805599453,2.0,True,0.02889604837825662,0.9029126213592233,0.0065645091904611205,0.5,
0.0,0.05,confounded,logger12_balanced,1,collapsed_constrained_reference,3000,-0.6378768682479858,-0.5850129723548889,0.5,0.0,0.0,0.6931471805599453,2.0,True,0.025176861303261324,0.9093851132686084,0.006593816526100643,0.5,
0.0,0.05,confounded,logger12_balanced,1,true_behavior_fixed,0,2.0464439392089844,2.2470734119415283,0.5,0.014931885124281773,0.3999999761581421,0.5130274891853333,1.6703404855086161,False,0.5027675094725135,0.37216828478964403,0.0036866293319266167,0.5032362459546925,
0.0,0.05,confounded,logger12_balanced,1,true_behavior_fixed,300,1.2395659685134888,1.2405848503112793,0.5,0.029886133181886005,0.3999999761581421,0.513155460357666,1.6705542546165915,False,0.03171715097220683,0.8058252427184466,0.005756823345097666,0.56957928802589,
0.0,0.05,confounded,logger12_balanced,1,true_behavior_fixed,750,0.795136570930481,0.7972854375839233,0.5,0.026091308736388378,0.3999999761581421,0.5135905146598816,1.6712811945498538,False,0.027830551285971207,0.883495145631068,0.006449938207858991,0.5812297734627832,
0.0,0.05,confounded,logger12_balanced,1,true_behavior_fixed,1500,0.09942843019962311,0.11033530533313751,0.5,0.01822482573961771,0.3999999761581421,0.5140503644943237,1.6720499096636865,False,0.023789932191530243,0.8673139158576052,0.006264288364191406,0.5754045307443366,
0.0,0.05,confounded,logger12_balanced,1,true_behavior_fixed,2250,-0.41019874811172485,-0.38630416989326477,0.5,0.022532658876915128,0.3999999761581421,0.5172820687294006,1.6774622212226251,False,0.027861160595546074,0.8964401294498382,0.00652503844296021,0.5825242718446602,
0.0,0.05,confounded,logger12_balanced,1,true_behavior_fixed,3000,-0.6856878399848938,-0.6264727711677551,0.5,0.05301235233130109,0.3999999761581421,0.49068501591682434,1.6334347656143895,False,0.021387904870909535,0.8996763754045307,0.006505302318678257,0.7637540453074434,
0.0,0.05,confounded,logger12_balanced,1,true_behavior_fixed_em,0,2.0464439392089844,2.2470734119415283,0.5,0.014931885124281773,0.3999999761581421,0.5130274891853333,1.6703404855086161,False,0.5027675094725135,0.37216828478964403,0.0036866293319266167,0.5032362459546925,0
0.0,0.05,confounded,logger12_balanced,1,true_behavior_fixed_em,100,1.4418305158615112,1.4421231746673584,0.5,0.03272151038377208,0.3999999761581421,0.5130767226219177,1.6704227241354124,False,0.03298177736254091,0.6957928802588996,0.005276842260058428,0.5666666666666667,1
0.0,0.05,confounded,logger12_balanced,1,true_behavior_fixed_em,200,1.339163899421692,1.3396406173706055,0.5,0.02591462734606539,0.3999999761581421,0.5131435394287109,1.670534340176706,False,0.026521637607465155,0.8252427184466019,0.006073129930660873,0.5676375404530745,2
0.0,0.05,confounded,logger12_balanced,1,true_behavior_fixed_em,300,1.239696741104126,1.2407606840133667,0.5,0.029591426369157504,0.3999999761581421,0.5131528973579407,1.6705499729919826,False,0.03256235805230692,0.7928802588996764,0.005715666650473113,0.566990291262136,3
0.0,0.05,confounded,logger12_balanced,1,true_behavior_fixed_em,400,1.1394438743591309,1.1405227184295654,0.5,0.02857012431562391,0.3999999761581421,0.5131770372390747,1.670590300356506,False,0.02555556712148779,0.7637540453074434,0.005364154656295806,0.5786407766990291,4
0.0,0.05,confounded,logger12_balanced,1,true_behavior_fixed_em,500,1.0393431186676025,1.040149211883545,0.5,0.02740196513697534,0.3999999761581421,0.5133540034294128,1.6708859645180845,False,0.025031433669786985,0.889967637540453,0.006440873822027925,0.582200647249191,5
0.0,0.05,confounded,logger12_balanced,1,true_behavior_fixed_em,600,0.9404746890068054,0.9419745206832886,0.5,0.028804108418892894,0.3999999761581421,0.5133071541786194,1.6708076865961308,False,0.02255455294912812,0.8090614886731392,0.005728784725179293,0.5831715210355987,6
0.0,0.05,confounded,logger12_balanced,1,true_behavior_fixed_em,700,0.8434986472129822,0.8453914523124695,0.5,0.01837827932452071,0.3999999761581421,0.5132174491882324,1.6706578135309478,False,0.024900632800215313,0.8414239482200647,0.006130889872100488,0.5728155339805825,7
0.0,0.05,confounded,logger12_balanced,1,true_behavior_fixed_em,800,0.7485920786857605,0.7513315081596375,0.5,0.019577358009754985,0.3999999761581421,0.513425350189209,1.6710051810704485,False,0.0340253894929291,0.8867313915857605,0.006472539922686648,0.5673139158576052,8
0.0,0.05,confounded,logger12_balanced,1,true_behavior_fixed_em,900,0.6496553421020508,0.6525061726570129,0.5,0.020632678365791454,0.3999999761581421,0.5135510563850403,1.6712152499781803,False,0.0263158165312403,0.8932038834951457,0.006509628205696614,0.5805825242718446,9
0.0,0.05,confounded,logger12_balanced,1,true_behavior_fixed_em,1000,0.5548613667488098,0.5578145384788513,0.5,0.01817182369203341,0.3999999761581421,0.5135794281959534,1.6712626660538845,False,0.02416560811981038,0.8802588996763754,0.006384998297915141,0.5776699029126213,10
0.0,0.05,confounded,logger12_balanced,1,true_behavior_fixed_em,1100,0.46603554487228394,0.47184377908706665,0.5,0.01874682541532334,0.3999999761581421,0.5133526921272278,1.6708837734831048,False,0.030470463475624023,0.8511326860841424,0.006117047859941869,0.5705501618122978,11
0.0,0.05,confounded,logger12_balanced,1,true_behavior_fixed_em,1200,0.3698091506958008,0.3735347092151642,0.5,0.02512257563619238,0.3999999761581421,0.514274001121521,1.6724238830815075,False,0.02899248026530766,0.883495145631068,0.006464204113088969,0.5802588996763755,12
0.0,0.05,confounded,logger12_balanced,1,true_behavior_fixed_em,1300,0.29542574286460876,0.3060337007045746,0.5,0.019426413475411942,0.3999999761581421,0.5140358209609985,1.6720255923269345,False,0.042825863851824054,0.8932038834951457,0.006480688884268637,0.5647249190938511,13
0.0,0.05,confounded,logger12_balanced,1,true_behavior_fixed_em,1400,0.18568620085716248,0.19200964272022247,0.5,0.021629799543283118,0.3999999761581421,0.5146165490150452,1.6729968664912638,False,0.024547704395128284,0.9029126213592233,0.0065615380741082295,0.5838187702265372,14
0.0,0.05,confounded,logger12_balanced,1,true_behavior_fixed_em,1500,0.10067922621965408,0.11249786615371704,0.5,0.0186380437248339,0.3999999761581421,0.5140427947044373,1.6720372526450962,False,0.024470068463263255,0.8705501618122977,0.006278131682835058,0.5783171521035598,15
0.0,0.05,confounded,logger12_balanced,1,true_behavior_fixed_em,1600,0.01616186462342739,0.026650749146938324,0.5,0.017050886266630847,0.3999999761581421,0.5145204067230225,1.6728360284697645,False,0.025166512725145394,0.8867313915857605,0.006429979937863738,0.5766990291262136,16
0.0,0.05,confounded,logger12_balanced,1,true_behavior_fixed_em,1700,-0.03335688263177872,-0.014797692187130451,0.5,0.019923978210669525,0.3999999761581421,0.5150435566902161,1.67371140153891,False,0.034847491432539006,0.8932038834951457,0.0064598765108074335,0.5666666666666667,17
0.0,0.05,confounded,logger12_balanced,1,true_behavior_fixed_em,1800,-0.14271269738674164,-0.12636402249336243,0.5,0.020958108542118544,0.3999999761581421,0.5160458087921143,1.6753897232192987,False,0.026266682784573957,0.9061488673139159,0.00658641443130222,0.5799352750809061,18
0.0,0.05,confounded,logger12_balanced,1,true_behavior_fixed_em,1900,-0.21436633169651031,-0.1992819756269455,0.5,0.015544336994151087,0.3999999761581421,0.5152623653411865,1.6740776641420465,False,0.02478990210491575,0.8802588996763754,0.006400669531928522,0.5760517799352751,19
0.0,0.05,confounded,logger12_balanced,1,true_behavior_fixed_em,2000,-0.2770855128765106,-0.2541353702545166,0.5,0.016908213964039534,0.3999999761581421,0.5154493451118469,1.6743907120656578,False,0.026555608786467597,0.8770226537216829,0.00638503232887108,0.5770226537216828,20
0.0,0.05,confounded,logger12_balanced,1,true_behavior_fixed_em,2100,-0.35064953565597534,-0.3287290632724762,0.5,0.014307194721854249,0.3999999761581421,0.5155012011528015,1.674477541590295,False,0.022416062322847513,0.889967637540453,0.006447051417840175,0.580906148867314,21
0.0,0.05,confounded,logger12_balanced,1,true_behavior_fixed_em,2200,-0.4022065997123718,-0.3648601770401001,0.5,0.017952416040417335,0.3999999761581421,0.5174052119255066,1.6776688020011412,False,0.025319645387260305,0.8996763754045307,0.006525645936414945,0.583495145631068,22
0.0,0.05,confounded,logger12_balanced,1,true_behavior_fixed_em,2300,-0.45198339223861694,-0.4238484501838684,0.5,0.025041809482962685,0.3999999761581421,0.5204768776893616,1.6828299624452367,False,0.02727164957577747,0.9061488673139159,0.006591026320183619,0.5899676375404531,23
0.0,0.05,confounded,logger12_balanced,1,true_behavior_fixed_em,2400,-0.5201435685157776,-0.4888921082019806,0.5,0.023809652401888603,0.3999999761581421,0.5196033716201782,1.68136064208319,False,0.02061990448033829,0.8867313915857605,0.006472813768135524,0.5932038834951456,24
0.0,0.05,confounded,logger12_balanced,1,true_behavior_fixed_em,2500,-0.5637654066085815,-0.5299506783485413,0.5,0.023462632016624522,0.3999999761581421,0.5213891863822937,1.6843659233774246,False,0.022017466240095176,0.9061488673139159,0.006591026320183619,0.5944983818770226,25
0.0,0.05,confounded,logger12_balanced,1,true_behavior_fixed_em,2600,-0.5637654066085815,-0.5299506783485413,0.5,0.023462632016624522,0.3999999761581421,0.5213891863822937,1.6843659233774246,False,0.022017466240095176,0.9061488673139159,0.006591026320183619,0.5944983818770226,26
0.0,0.05,confounded,logger12_balanced,1,true_behavior_fixed_em,2700,-0.6102110743522644,-0.567009449005127,0.5,0.024231631001730466,0.3999999761581421,0.5209356546401978,1.6836021831691732,False,0.020272329405777834,0.8996763754045307,0.00656503128487827,0.5993527508090615,27
0.0,0.05,confounded,logger12_balanced,1,true_behavior_fixed_em,2800,-0.6510767340660095,-0.6066415309906006,0.5,0.026073171433862077,0.3999999761581421,0.5223547220230103,1.6859930240939138,False,0.020394832611079265,0.9029126213592233,0.00658206619592502,0.6058252427184466,28
0.0,0.05,confounded,logger12_balanced,1,true_behavior_fixed_em,2900,-0.6603924632072449,-0.6048442721366882,0.5,0.024628319003797958,0.3999999761581421,0.5182060599327087,1.6790128978543746,False,0.021170483928574065,0.8867313915857605,0.006482076687019176,0.6103559870550161,29
0.0,0.05,confounded,logger12_balanced,1,true_behavior_fixed_em,3000,-0.6603924632072449,-0.6048442721366882,0.5,0.024628319003797958,0.3999999761581421,0.5182060599327087,1.6790128978543746,False,0.021170483928574065,0.8867313915857605,0.006482076687019176,0.6103559870550161,30
0.0,0.05,confounded,logger12_balanced,1,oracle_reward_fixed_learn_behavior,0,-0.6840941309928894,-0.6181997060775757,0.5,0.09848047142969645,0.0,0.17861492931842804,1.195560280306009,False,0.01083469809992146,0.21035598705501618,0.0007099080257503503,0.9902912621359223,
0.0,0.05,confounded,logger12_balanced,1,oracle_reward_fixed_learn_behavior,300,-0.7853809595108032,-0.715571403503418,0.5,0.09848047142969645,0.1587635725736618,0.18357659876346588,1.2015069958371156,False,0.01083469809992146,0.21035598705501618,0.0007099080257503503,0.9902912621359223,
0.0,0.05,confounded,logger12_balanced,1,oracle_reward_fixed_learn_behavior,750,-0.8480789661407471,-0.7751045823097229,0.5,0.09848047142969645,0.2978358864784241,0.19840966165065765,1.2194618582667147,False,0.01083469809992146,0.21035598705501618,0.0007099080257503503,0.9870550161812298,
0.0,0.05,confounded,logger12_balanced,1,oracle_reward_fixed_learn_behavior,1500,-0.8766950368881226,-0.8014701008796692,0.5,0.09848047142969645,0.3813842236995697,0.21687540411949158,1.242189320823221,False,0.01083469809992146,0.21035598705501618,0.0007099080257503503,0.9812297734627832,
0.0,0.05,confounded,logger12_balanced,1,oracle_reward_fixed_learn_behavior,2250,-0.8832074999809265,-0.8069534301757812,0.5,0.09848047142969645,0.4103550314903259,0.22699852287769318,1.254828014404459,False,0.01083469809992146,0.21035598705501618,0.0007099080257503503,0.9711974110032362,
0.0,0.05,confounded,logger12_balanced,1,oracle_reward_fixed_learn_behavior,3000,-0.8846896290779114,-0.807918906211853,0.5,0.09848047142969645,0.42328208684921265,0.23199549317359924,1.2611140451934486,False,0.01083469809992146,0.21035598705501618,0.0007099080257503503,0.9634304207119742,
0.0,0.05,confounded,logger12_balanced,1,oracle_initialized_joint,0,-0.8828174471855164,-0.8066824674606323,0.5,0.09848047142969645,0.3999999761581421,0.2254726141691208,1.252914721535886,False,0.01083469809992146,0.21035598705501618,0.0007099080257503503,0.9715210355987055,
0.0,0.05,confounded,logger12_balanced,1,oracle_initialized_joint,300,-1.0650758743286133,-0.9224732518196106,0.501530110836029,0.10078573337523568,0.40105709433555603,0.06308745592832565,1.0651199862152907,False,0.013881033676023762,0.2524271844660194,0.0009756085977597104,0.9809061488673139,
0.0,0.05,confounded,logger12_balanced,1,oracle_initialized_joint,750,-1.4306460618972778,-1.1261508464813232,0.49893826246261597,0.09674870525055282,0.39701923727989197,0.01062197145074606,1.0106785848606152,False,0.011542605272421158,0.29449838187702265,0.0011411882743319892,0.988673139158576,
0.0,0.05,confounded,logger12_balanced,1,oracle_initialized_joint,1500,-0.8331723213195801,0.17874763906002045,0.49792489409446716,0.10441222501312347,0.3962094783782959,0.013083924539387226,1.013169893608507,False,0.016918284692028832,0.17475728155339806,0.0006418792088239416,0.972168284789644,
0.0,0.05,confounded,logger12_balanced,1,oracle_initialized_joint,2250,-0.9513886570930481,-0.10178864747285843,0.49790892004966736,0.10132325467484084,0.3975277841091156,0.004037375096231699,1.0040455362746155,False,0.015231014428937786,0.20388349514563106,0.0006049705551199841,0.9838187702265372,
0.0,0.05,confounded,logger12_balanced,1,oracle_initialized_joint,3000,-1.8692445755004883,-0.5573710799217224,0.49565210938453674,0.09822628064956734,0.3969535827636719,0.0014384251553565264,1.0014394601850318,False,0.010515827271121924,0.22653721682847897,0.0007167057316241985,0.989967637540453,
0.0,0.05,confounded,logger12_balanced,2,collapsed_constrained_reference,0,2.5425021648406982,2.7477478981018066,0.5,0.0,0.0,0.6931471805599453,2.0,True,0.5054420497677693,0.5598705501618123,0.0031943731255504168,0.5,
0.0,0.05,confounded,logger12_balanced,2,collapsed_constrained_reference,300,1.550551414489746,1.5518858432769775,0.5,0.0,0.0,0.6931471805599453,2.0,True,0.03599012529387318,0.8414239482200647,0.006015933665071513,0.5,
0.0,0.05,confounded,logger12_balanced,2,collapsed_constrained_reference,750,0.9733303785324097,0.9752757549285889,0.5,0.0,0.0,0.6931471805599453,2.0,True,0.025814484078822846,0.883495145631068,0.006277217948354592,0.5,
0.0,0.05,confounded,logger12_balanced,2,collapsed_constrained_reference,1500,0.190450981259346,0.19684669375419617,0.5,0.0,0.0,0.6931471805599453,2.0,True,0.030083651142519218,0.8996763754045307,0.0064644435371845705,0.5,
0.0,0.05,confounded,logger12_balanced,2,collapsed_constrained_reference,2250,-0.3902180790901184,-0.3591272532939911,0.5,0.0,0.0,0.6931471805599453,2.0,True,0.0255077479918728,0.9029126213592233,0.006497421943664174,0.5,
0.0,0.05,confounded,logger12_balanced,2,collapsed_constrained_reference,3000,-0.6489854454994202,-0.573440432548523,0.5,0.0,0.0,0.6931471805599453,2.0,True,0.024066235007300013,0.9061488673139159,0.006544247006747685,0.5,
0.0,0.05,confounded,logger12_balanced,2,true_behavior_fixed,0,2.030592918395996,2.222330331802368,0.5,0.010787448310019246,0.3999999761581421,0.513006329536438,1.670305142064336,False,0.4975196070554781,0.23624595469255663,0.0019030649774004875,0.501294498381877,
0.0,0.05,confounded,logger12_balanced,2,true_behavior_fixed,300,1.237844467163086,1.2390882968902588,0.5,0.01624547708769597,0.3999999761581421,0.5130481123924255,1.6703749336415776,False,0.026166278862610554,0.8252427184466019,0.005861645325115696,0.5423948220064725,
0.0,0.05,confounded,logger12_balanced,2,true_behavior_fixed,750,0.7938462495803833,0.7956299185752869,0.5,0.013938228700763779,0.3999999761581421,0.5131877064704895,1.670608124366104,False,0.02498006156140175,0.8705501618122977,0.0062644517190858,0.556957928802589,
0.0,0.05,confounded,logger12_balanced,2,true_behavior_fixed,1500,0.10469608753919601,0.11203943938016891,0.5,0.015590517478250753,0.3999999761581421,0.5140811800956726,1.6721014356810366,False,0.0302853563975421,0.889967637540453,0.006417913916658489,0.5666666666666667,
0.0,0.05,confounded,logger12_balanced,2,true_behavior_fixed,2250,-0.44529077410697937,-0.4169679880142212,0.5,0.021469525711291373,0.3999999761581421,0.5180612206459045,1.678769728434382,False,0.022552621164484227,0.8867313915857605,0.006433204094331414,0.5906148867313916,
0.0,0.05,confounded,logger12_balanced,2,true_behavior_fixed,3000,-0.7016316652297974,-0.629112958908081,0.5,0.044422426861873865,0.3999999761581421,0.4998512268066406,1.6484760034167774,False,0.020200415685726194,0.8802588996763754,0.006375242389123877,0.7275080906148867,
0.0,0.05,confounded,logger12_balanced,2,true_behavior_fixed_em,0,2.030592918395996,2.222330331802368,0.5,0.010787448310019246,0.3999999761581421,0.513006329536438,1.670305142064336,False,0.4975196070554781,0.23624595469255663,0.0019030649774004875,0.501294498381877,0
0.0,0.05,confounded,logger12_balanced,2,true_behavior_fixed_em,100,1.4410176277160645,1.4415841102600098,0.5,0.030760654461266038,0.3999999761581421,0.5130752325057983,1.6704202350134394,False,0.02947331975088466,0.7411003236245954,0.005256612424729405,0.5640776699029126,1
0.0,0.05,confounded,logger12_balanced,2,true_behavior_fixed_em,200,1.338322639465332,1.3391497135162354,0.5,0.025415039310330026,0.3999999761581421,0.5131397843360901,1.6705280671773102,False,0.026555763586011357,0.8673139158576052,0.006226185203778876,0.56957928802589,2
0.0,0.05,confounded,logger12_balanced,2,true_behavior_fixed_em,300,1.2378277778625488,1.239061713218689,0.5,0.016239230789213802,0.3999999761581421,0.5130462646484375,1.6703718472191877,False,0.02599168160911285,0.8317152103559871,0.005894127743422145,0.53915857605178,3
0.0,0.05,confounded,logger12_balanced,2,true_behavior_fixed_em,400,1.1394751071929932,1.139945387840271,0.5,0.026227039683469372,0.3999999761581421,0.513231098651886,1.67068061726968,False,0.03697899733404152,0.8543689320388349,0.006087752860074276,0.5673139158576052,4
0.0,0.05,confounded,logger12_balanced,2,true_behavior_fixed_em,500,1.0439623594284058,1.0451581478118896,0.5,0.017283001087740783,0.3999999761581421,0.5131552219390869,1.6705538563254672,False,0.044838807478801784,0.8705501618122977,0.006228815975985592,0.5423948220064725,5
0.0,0.05,confounded,logger12_balanced,2,true_behavior_fixed_em,600,0.9395805597305298,0.9412553310394287,0.5,0.01571872259004775,0.3999999761581421,0.5131533145904541,1.670550669999892,False,0.02461673935652581,0.8640776699029126,0.006134583777477667,0.5550161812297735,6
0.0,0.05,confounded,logger12_balanced,2,true_behavior_fixed_em,700,0.8418418765068054,0.8431394100189209,0.5,0.014196743841380536,0.3999999761581421,0.5131569504737854,1.6705567439382691,False,0.024724719542489008,0.8640776699029126,0.006150912979894015,0.5572815533980583,7
0.0,0.05,confounded,logger12_balanced,2,true_behavior_fixed_em,800,0.7449720501899719,0.7471592426300049,0.5,0.014345021357657216,0.3999999761581421,0.5131456851959229,1.6705379247583654,False,0.02536821210998897,0.8576051779935275,0.006196894080307325,0.5598705501618123,8
0.0,0.05,confounded,logger12_balanced,2,true_behavior_fixed_em,900,0.647800087928772,0.6503539681434631,0.5,0.025822882451141012,0.3999999761581421,0.5137543678283691,1.6715550617054022,False,0.02552734957759399,0.8932038834951457,0.006399001689424529,0.5899676375404531,9
0.0,0.05,confounded,logger12_balanced,2,true_behavior_fixed_em,1000,0.5534601807594299,0.5561577081680298,0.5,0.01942878956998735,0.3999999761581421,0.5135919451713562,1.67128358533849,False,0.025660363914392317,0.8770226537216829,0.006318419994306068,0.5825242718446602,10
0.0,0.05,confounded,logger12_balanced,2,true_behavior_fixed_em,1100,0.4670257568359375,0.47197651863098145,0.5,0.020270999912329495,0.3999999761581421,0.5138399004936218,1.671698040379533,False,0.03686679965576563,0.8867313915857605,0.006373335300841418,0.5699029126213592,11
0.0,0.05,confounded,logger12_balanced,2,true_behavior_fixed_em,1200,0.3633177578449249,0.36785703897476196,0.5,0.02074950323514834,0.3999999761581421,0.5138578414916992,1.6717280325799055,False,0.022935732688220446,0.8802588996763754,0.00638501241848662,0.5893203883495146,12
0.0,0.05,confounded,logger12_balanced,2,true_behavior_fixed_em,1300,0.28390276432037354,0.2900947034358978,0.5,0.019973582640470375,0.3999999761581421,0.5142385959625244,1.6723646716962177,False,0.031189759896327357,0.883495145631068,0.006421166675885847,0.5766990291262136,13
0.0,0.05,confounded,logger12_balanced,2,true_behavior_fixed_em,1400,0.187666118144989,0.1962508261203766,0.5,0.014200204646166545,0.3999999761581421,0.5138852596282959,1.6717738688758255,False,0.028999894355474724,0.883495145631068,0.006351320531095973,0.5679611650485437,14
0.0,0.05,confounded,logger12_balanced,2,true_behavior_fixed_em,1500,0.10597935318946838,0.11324834823608398,0.5,0.01571966644589848,0.3999999761581421,0.5141342282295227,1.6721901398945833,False,0.03088959850461819,0.8867313915857605,0.006392948929730281,0.5663430420711975,15
0.0,0.05,confounded,logger12_balanced,2,true_behavior_fixed_em,1600,0.02887510135769844,0.042367734014987946,0.5,0.026165026906040934,0.3999999761581421,0.5156179666519165,1.6746730742117055,False,0.030316332023692657,0.8964401294498382,0.006441491240142735,0.5825242718446602,16
0.0,0.05,confounded,logger12_balanced,2,true_behavior_fixed_em,1700,-0.03679010272026062,-0.0211012065410614,0.5,0.01460917330546062,0.3999999761581421,0.5141777396202087,1.6722629007960141,False,0.037359489273873676,0.8705501618122977,0.006179474983825133,0.5559870550161812,17
0.0,0.05,confounded,logger12_balanced,2,true_behavior_fixed_em,1800,-0.10780801624059677,-0.09124336391687393,0.5,0.01633754055042492,0.3999999761581421,0.5150026082992554,1.6736428671532806,False,0.036724997237908,0.8932038834951457,0.00641817473814522,0.5624595469255663,18
0.0,0.05,confounded,logger12_balanced,2,true_behavior_fixed_em,1900,-0.21863660216331482,-0.20393158495426178,0.5,0.017319648232829308,0.3999999761581421,0.5156868696212769,1.674788468134673,False,0.023923847428691684,0.883495145631068,0.006392005874348603,0.5851132686084143,19
0.0,0.05,confounded,logger12_balanced,2,true_behavior_fixed_em,2000,-0.28324300050735474,-0.2582593262195587,0.5,0.021963365046189724,0.3999999761581421,0.5170997381210327,1.677156396396776,False,0.025957468460399435,0.8867313915857605,0.006398453781317467,0.5851132686084143,20
0.0,0.05,confounded,logger12_balanced,2,true_behavior_fixed_em,2100,-0.34260717034339905,-0.32020992040634155,0.5,0.023145135758306287,0.3999999761581421,0.5175203084945679,1.677861907036923,False,0.026872420116879306,0.8867313915857605,0.006376220797927766,0.5864077669902913,21
0.0,0.05,confounded,logger12_balanced,2,true_behavior_fixed_em,2200,-0.4036116600036621,-0.379497230052948,0.5,0.022179014387549406,0.3999999761581421,0.517437219619751,1.6777225011705876,False,0.026476159576831623,0.8802588996763754,0.006383021922484515,0.587378640776699,22
0.0,0.05,confounded,logger12_balanced,2,true_behavior_fixed_em,2300,-0.4056238830089569,-0.3473590314388275,0.5,0.024784617320212015,0.3999999761581421,0.5192668437957764,1.680794912641463,False,0.03243457805035747,0.8964401294498382,0.006480467983007476,0.5792880258899676,23
0.0,0.05,confounded,logger12_balanced,2,true_behavior_fixed_em,2400,-0.5096567869186401,-0.47898945212364197,0.5,0.02436989996008093,0.3999999761581421,0.5189456343650818,1.6802551121636025,False,0.024471866944307766,0.8867313915857605,0.006421026830081517,0.5915857605177993,24
0.0,0.05,confounded,logger12_balanced,2,true_behavior_fixed_em,2500,-0.5628318786621094,-0.5113783478736877,0.5,0.020582543428448282,0.3999999761581421,0.5182307958602905,1.6790544303094945,False,0.022626547164779486,0.8964401294498382,0.006449400524530792,0.5899676375404531,25
0.0,0.05,confounded,logger12_balanced,2,true_behavior_fixed_em,2600,-0.5988331437110901,-0.5449644327163696,0.5,0.025227302827350927,0.3999999761581421,0.5202308893203735,1.6824160567575703,False,0.023514067225168904,0.8964401294498382,0.0064650315125563285,0.5964401294498382,26
0.0,0.05,confounded,logger12_balanced,2,true_behavior_fixed_em,2700,-0.6270360350608826,-0.577459990978241,0.5,0.02650981205108948,0.3999999761581421,0.5201694369316101,1.6823126714486583,False,0.022170174533843595,0.889967637540453,0.006424791626381331,0.6132686084142395,27
0.0,0.05,confounded,logger12_balanced,2,true_behavior_fixed_em,2800,-0.6461774706840515,-0.5773817896842957,0.5,0.02624870229418013,0.3999999761581421,0.5172298550605774,1.6773746370523082,False,0.022561547837458628,0.8770226537216829,0.006397742693009896,0.610032362459547,28
0.0,0.05,confounded,logger12_balanced,2,true_behavior_fixed_em,2900,-0.649459958076477,-0.5929445028305054,0.5,0.024876054178498915,0.3999999761581421,0.517292857170105,1.6774803185219533,False,0.022552036268165994,0.8867313915857605,0.006427293152751881,0.6181229773462783,29
0.0,0.05,confounded,logger12_balanced,2,true_behavior_fixed_em,3000,-0.7008280754089355,-0.6319929957389832,0.5,0.02927906932038076,0.3999999761581421,0.5173218846321106,1.6775290122248883,False,0.02035502894655107,0.889967637540453,0.006425394062192726,0.6401294498381876,30
0.0,0.05,confounded,logger12_balanced,2,oracle_reward_fixed_learn_behavior,0,-0.685368001461029,-0.6273719668388367,0.5,0.10028370210873469,0.0,0.17108264565467834,1.1865888113785925,False,0.012348722429517662,0.23300970873786409,0.0008305668460323061,0.9880258899676375,
0.0,0.05,confounded,logger12_balanced,2,oracle_reward_fixed_learn_behavior,300,-0.7866755127906799,-0.7253509163856506,0.5,0.10028370210873469,0.15919485688209534,0.1762353926897049,1.1927187828915224,False,0.012348722429517662,0.23300970873786409,0.0008305668460323061,0.9880258899676375,
0.0,0.05,confounded,logger12_balanced,2,oracle_reward_fixed_learn_behavior,750,-0.8493239283561707,-0.7856771945953369,0.5,0.10028370210873469,0.29508817195892334,0.19012649357318878,1.2094025696345183,False,0.012348722429517662,0.23300970873786409,0.0008305668460323061,0.9838187702265372,
0.0,0.05,confounded,logger12_balanced,2,oracle_reward_fixed_learn_behavior,1500,-0.8782767057418823,-0.8132895231246948,0.5,0.10028370210873469,0.3814053535461426,0.208077073097229,1.2313080666181526,False,0.012348722429517662,0.23300970873786409,0.0008305668460323061,0.9783171521035599,
0.0,0.05,confounded,logger12_balanced,2,oracle_reward_fixed_learn_behavior,2250,-0.8845560550689697,-0.819083571434021,0.5,0.10028370210873469,0.40975987911224365,0.2173682451248169,1.2428016735407696,False,0.012348722429517662,0.23300970873786409,0.0008305668460323061,0.968284789644013,
0.0,0.05,confounded,logger12_balanced,2,oracle_reward_fixed_learn_behavior,3000,-0.8860575556755066,-0.820395290851593,0.5,0.10028370210873469,0.41977381706237793,0.22154000401496887,1.2479971721197347,False,0.012348722429517662,0.23300970873786409,0.0008305668460323061,0.9588996763754045,
0.0,0.05,confounded,logger12_balanced,2,oracle_initialized_joint,0,-0.8842495679855347,-0.8186817765235901,0.5,0.10028370210873469,0.3999999761581421,0.21636329591274261,1.2415533483349557,False,0.012348722429517662,0.23300970873786409,0.0008305668460323061,0.9692556634304207,
0.0,0.05,confounded,logger12_balanced,2,oracle_initialized_joint,300,-1.1125038862228394,-0.9527906179428101,0.5009337663650513,0.09601245029673147,0.40533289313316345,0.06997837126255035,1.0724849845072106,False,0.012544239699534882,0.22653721682847897,0.0008224542039241117,0.9841423948220065,
0.0,0.05,confounded,logger12_balanced,2,oracle_initialized_joint,750,-1.3049956560134888,-0.9407674670219421,0.5001635551452637,0.1012574348805082,0.3982454538345337,0.017982909455895424,1.0181455755792352,False,0.01372326518160919,0.20064724919093851,0.0006920411638363327,0.9805825242718447,
0.0,0.05,confounded,logger12_balanced,2,oracle_initialized_joint,1500,-1.7966054677963257,-1.109465479850769,0.49494442343711853,0.10089258259656352,0.39756569266319275,0.0024082502350211143,1.002411152398863,False,0.01060460070768208,0.21035598705501618,0.0007515899180685331,0.9896440129449838,
0.0,0.05,confounded,logger12_balanced,2,oracle_initialized_joint,2250,-0.940197229385376,0.2826550304889679,0.49942198395729065,0.10126374304959704,0.3982579708099365,0.001883080112747848,1.0018848542215248,False,0.014243050031356575,0.13915857605177995,0.0004560229481227014,0.9805825242718447,
0.0,0.05,confounded,logger12_balanced,2,oracle_initialized_joint,3000,-1.9638099670410156,-0.8794969320297241,0.4994516670703888,0.1014856768649196,0.39561575651168823,0.002716116840019822,1.0027198088272302,False,0.010458077976185365,0.18446601941747573,0.0005821240074454135,0.9880258899676375,
0.0,0.05,confounded,logger12_balanced,3,collapsed_constrained_reference,0,2.5094687938690186,2.696091413497925,0.5,0.0,0.0,0.6931471805599453,2.0,True,0.49707705212141784,0.8964401294498382,0.006621920732578732,0.5,
0.0,0.05,confounded,logger12_balanced,3,collapsed_constrained_reference,300,1.5519829988479614,1.5526776313781738,0.5,0.0,0.0,0.6931471805599453,2.0,True,0.028619470453098893,0.9061488673139159,0.006490081792783131,0.5,
0.0,0.05,confounded,logger12_balanced,3,collapsed_constrained_reference,750,0.9764085412025452,0.9775969982147217,0.5,0.0,0.0,0.6931471805599453,2.0,True,0.028627535228506307,0.9029126213592233,0.006546172105648319,0.5,
0.0,0.05,confounded,logger12_balanced,3,collapsed_constrained_reference,1500,0.21125662326812744,0.22008267045021057,0.5,0.0,0.0,0.6931471805599453,2.0,True,0.037548650500574335,0.8996763754045307,0.006504384669639041,0.5,
0.0,0.05,confounded,logger12_balanced,3,collapsed_constrained_reference,2250,-0.3764408230781555,-0.33635610342025757,0.5,0.0,0.0,0.6931471805599453,2.0,True,0.027448678903114164,0.9061488673139159,0.006580453928012612,0.5,
0.0,0.05,confounded,logger12_balanced,3,collapsed_constrained_reference,3000,-0.6474038362503052,-0.5708028078079224,0.5,0.0,0.0,0.6931471805599453,2.0,True,0.02552667195610708,0.9093851132686084,0.006587003636213636,0.5,
0.0,0.05,confounded,logger12_balanced,3,true_behavior_fixed,0,2.0400168895721436,2.2281177043914795,0.5,0.013522408200879675,0.3999999761581421,0.5129040479660034,1.6701343093679677,False,0.494212731339743,0.2168284789644013,0.0019131192241531624,0.5074433656957928,
0.0,0.05,confounded,logger12_balanced,3,true_behavior_fixed,300,1.2396283149719238,1.2404513359069824,0.5,0.022957907404139437,0.3999999761581421,0.513131320476532,1.6705139281221975,False,0.026637526506623172,0.8673139158576052,0.006161460162472827,0.5728155339805825,
0.0,0.05,confounded,logger12_balanced,3,true_behavior_fixed,750,0.7949363589286804,0.7968450784683228,0.5,0.02398799771661232,0.3999999761581421,0.5135344862937927,1.6711875580184237,False,0.02588477386588085,0.9061488673139159,0.006557735583663321,0.5896440129449838,
0.0,0.05,confounded,logger12_balanced,3,true_behavior_fixed,1500,0.11013996601104736,0.11713911592960358,0.5,0.020702149842313666,0.3999999761581421,0.5145879983901978,1.6729491020672131,False,0.031144596711713674,0.9029126213592233,0.006491574482540644,0.5818770226537217,
0.0,0.05,confounded,logger12_balanced,3,true_behavior_fixed,2250,-0.45014914870262146,-0.4244964122772217,0.5,0.02097892207748241,0.3999999761581421,0.5178512334823608,1.6784172453506219,False,0.020649738149485796,0.8964401294498382,0.006416641391291838,0.5951456310679611,
0.0,0.05,confounded,logger12_balanced,3,true_behavior_fixed,3000,-0.7025696039199829,-0.6450268626213074,0.5,0.04607797371918031,0.3999999761581421,0.49835658073425293,1.6460139556362123,False,0.019384562612241155,0.9061488673139159,0.006514081814123141,0.7323624595469256,
0.0,0.05,confounded,logger12_balanced,3,true_behavior_fixed_em,0,2.0400168895721436,2.2281177043914795,0.5,0.013522408200879675,0.3999999761581421,0.5129040479660034,1.6701343093679677,False,0.494212731339743,0.2168284789644013,0.0019131192241531624,0.5074433656957928,0
0.0,0.05,confounded,logger12_balanced,3,true_behavior_fixed_em,100,1.4435498714447021,1.4439774751663208,0.5,0.02989058259998289,0.3999999761581421,0.5131016969680786,1.6704644423717006,False,0.029311641453725383,0.7864077669902912,0.0055032544915633785,0.5653721682847896,1
0.0,0.05,confounded,logger12_balanced,3,true_behavior_fixed_em,200,1.3405076265335083,1.3409948348999023,0.5,0.03050719296445814,0.3999999761581421,0.51314777135849,1.6705414097756863,False,0.0256160236043493,0.8155339805825242,0.005749115163639993,0.5825242718446602,2
0.0,0.05,confounded,logger12_balanced,3,true_behavior_fixed_em,300,1.2396103143692017,1.2404255867004395,0.5,0.02328411557043554,0.3999999761581421,0.5131368041038513,1.6705230886231273,False,0.026523471221627338,0.8576051779935275,0.006120474082294328,0.5737864077669903,3
0.0,0.05,confounded,logger12_balanced,3,true_behavior_fixed_em,400,1.1405140161514282,1.1415451765060425,0.5,0.02113162136754236,0.3999999761581421,0.5131726264953613,1.6705829318270915,False,0.03016916827782855,0.8414239482200647,0.006019977960046012,0.5627831715210356,4
0.0,0.05,confounded,logger12_balanced,3,true_behavior_fixed_em,500,1.0413426160812378,1.0431100130081177,0.5,0.02594627087038875,0.3999999761581421,0.5132884383201599,1.6707764162885816,False,0.028414379203782845,0.883495145631068,0.006374186248369225,0.5841423948220065,5
0.0,0.05,confounded,logger12_balanced,3,true_behavior_fixed_em,600,0.9412270188331604,0.9425675868988037,0.5,0.027095466049894202,0.3999999761581421,0.5134633183479309,1.6710686272648485,False,0.02565790765864869,0.8964401294498382,0.0064647157161646165,0.5893203883495146,6
0.0,0.05,confounded,logger12_balanced,3,true_behavior_fixed_em,700,0.8448694348335266,0.8460939526557922,0.5,0.021009777080669666,0.3999999761581421,0.5134441256523132,1.6710365552611042,False,0.02988043545877232,0.9061488673139159,0.006587890171070938,0.5828478964401295,7
0.0,0.05,confounded,logger12_balanced,3,true_behavior_fixed_em,800,0.7462670207023621,0.7483095526695251,0.5,0.016264771502206638,0.3999999761581421,0.5133302211761475,1.6708462275574179,False,0.0256335673138498,0.9029126213592233,0.006479274671546247,0.5686084142394822,8
0.0,0.05,confounded,logger12_balanced,3,true_behavior_fixed_em,900,0.6493068337440491,0.6513336300849915,0.5,0.019767554836646235,0.3999999761581421,0.5136045813560486,1.6713047041199778,False,0.025176113943327846,0.9029126213592233,0.0064863794451605105,0.5818770226537217,9
0.0,0.05,confounded,logger12_balanced,3,true_behavior_fixed_em,1000,0.5532148480415344,0.5562854409217834,0.5,0.022361782792452278,0.3999999761581421,0.5138386487960815,1.6716959479205173,False,0.02360577663711693,0.9093851132686084,0.006572452187908982,0.5902912621359223,10
0.0,0.05,confounded,logger12_balanced,3,true_behavior_fixed_em,1100,0.46131572127342224,0.4646114110946655,0.5,0.015446510350230373,0.3999999761581421,0.5135278701782227,1.6711765012849769,False,0.02382239791260947,0.8932038834951457,0.006437513861931608,0.5815533980582525,11
0.0,0.05,confounded,logger12_balanced,3,true_behavior_fixed_em,1200,0.3802048861980438,0.38765662908554077,0.5,0.024552581482855277,0.3999999761581421,0.5144968032836914,1.6727965442520392,False,0.035018239573498165,0.9093851132686084,0.0065907239411312326,0.5750809061488673,12
0.0,0.05,confounded,logger12_balanced,3,true_behavior_fixed_em,1300,0.27573809027671814,0.2814275324344635,0.5,0.01882565383380788,0.3999999761581421,0.5140703320503235,1.6720832967472203,False,0.02315551337796459,0.8996763754045307,0.006496983504451746,0.5893203883495146,13
0.0,0.05,confounded,logger12_balanced,3,true_behavior_fixed_em,1400,0.20296382904052734,0.20797432959079742,0.5,0.022519874040063954,0.3999999761581421,0.5143818259239197,1.6726042215785344,False,0.033173733497291365,0.889967637540453,0.006350428638825389,0.5802588996763755,14
0.0,0.05,confounded,logger12_balanced,3,true_behavior_fixed_em,1500,0.11044396460056305,0.11752399057149887,0.5,0.020283320061432675,0.3999999761581421,0.5145567059516907,1.6728967522293925,False,0.03176572978681076,0.9029126213592233,0.006495358871170122,0.5828478964401295,15
0.0,0.05,confounded,logger12_balanced,3,true_behavior_fixed_em,1600,0.007189868483692408,0.014747457578778267,0.5,0.02050952163221977,0.3999999761581421,0.5153627395629883,1.674245706818256,False,0.021073424184269034,0.9061488673139159,0.006548247011848007,0.5938511326860841,16
0.0,0.05,confounded,logger12_balanced,3,true_behavior_fixed_em,1700,-0.06703212112188339,-0.05598355457186699,0.5,0.01549409016315755,0.3999999761581421,0.5149509310722351,1.673556380165607,False,0.023575139069846585,0.8996763754045307,0.006455482597360573,0.586084142394822,17
0.0,0.05,confounded,logger12_balanced,3,true_behavior_fixed_em,1800,-0.1301041841506958,-0.10840485244989395,0.5,0.016568625949951492,0.3999999761581421,0.515224814414978,1.6740148021554833,False,0.029459730806039662,0.9061488673139159,0.006570645770169242,0.580906148867314,18
0.0,0.05,confounded,logger12_balanced,3,true_behavior_fixed_em,1900,-0.22288435697555542,-0.20901110768318176,0.5,0.02206389293446985,0.3999999761581421,0.5167673826217651,1.6765990768645376,False,0.022779683215602843,0.8964401294498382,0.006478163928948097,0.5957928802588996,19
0.0,0.05,confounded,logger12_balanced,3,true_behavior_fixed_em,2000,-0.26721397042274475,-0.24470272660255432,0.5,0.021979043321199758,0.3999999761581421,0.5174984931945801,1.6778253043753333,False,0.030633094470860555,0.9029126213592233,0.006517951497459899,0.5851132686084143,20
0.0,0.05,confounded,logger12_balanced,3,true_behavior_fixed_em,2100,-0.31412187218666077,-0.2876020073890686,0.5,0.02180043209450694,0.3999999761581421,0.5173588991165161,1.677591106245533,False,0.03170941041420575,0.9029126213592233,0.006507277645137997,0.5851132686084143,21
0.0,0.05,confounded,logger12_balanced,3,true_behavior_fixed_em,2200,-0.4037506580352783,-0.37676122784614563,0.5,0.023706096803069177,0.3999999761581421,0.518721878528595,1.6798791873347247,False,0.024743721789122167,0.9061488673139159,0.006550716395215947,0.5922330097087378,22
0.0,0.05,confounded,logger12_balanced,3,true_behavior_fixed_em,2300,-0.4713999330997467,-0.4494745135307312,0.5,0.016654541843889772,0.3999999761581421,0.5171835422515869,1.6772969549199896,False,0.02110015619072569,0.8932038834951457,0.006457758263522847,0.594822006472492,23
0.0,0.05,confounded,logger12_balanced,3,true_behavior_fixed_em,2400,-0.5194061994552612,-0.49814465641975403,0.5,0.020844914292617048,0.3999999761581421,0.5198023915290833,1.681695299625666,False,0.021349168732905936,0.9029126213592233,0.006517951497459899,0.5954692556634305,24
0.0,0.05,confounded,logger12_balanced,3,true_behavior_fixed_em,2500,-0.5378804802894592,-0.5036078095436096,0.5,0.019092837441338245,0.3999999761581421,0.5193465352058411,1.6809288628953525,False,0.025086731867086137,0.9029126213592233,0.006494883861930332,0.5893203883495146,25
0.0,0.05,confounded,logger12_balanced,3,true_behavior_fixed_em,2600,-0.5543670058250427,-0.5002255439758301,0.5,0.023716809632794756,0.3999999761581421,0.5216992497444153,1.6848882645139098,False,0.02725302276914838,0.9093851132686084,0.006574953596921384,0.5967637540453075,26
0.0,0.05,confounded,logger12_balanced,3,true_behavior_fixed_em,2700,-0.6344939470291138,-0.5946043133735657,0.5,0.021111797761885254,0.3999999761581421,0.520111083984375,1.6822145064102456,False,0.01970357739193589,0.8996763754045307,0.0064998880301529146,0.6003236245954693,27
0.0,0.05,confounded,logger12_balanced,3,true_behavior_fixed_em,2800,-0.661774754524231,-0.6160887479782104,0.5,0.02081957103900721,0.3999999761581421,0.5197057723999023,1.681532823539544,False,0.020196427895176672,0.8932038834951457,0.0064536236003524235,0.6058252427184466,28
0.0,0.05,confounded,logger12_balanced,3,true_behavior_fixed_em,2900,-0.6766153573989868,-0.6234917640686035,0.5,0.029928776510238234,0.3999999761581421,0.519787609577179,1.6816704410703587,False,0.021797518920837505,0.8996763754045307,0.006473094111763484,0.643042071197411,29
0.0,0.05,confounded,logger12_balanced,3,true_behavior_fixed_em,3000,-0.6971258521080017,-0.629582941532135,0.5,0.03242063230712695,0.3999999761581421,0.5168289542198181,1.6767023109271046,False,0.020456991175230158,0.9061488673139159,0.006560838119621036,0.6634304207119741,30
0.0,0.05,confounded,logger12_balanced,3,oracle_reward_fixed_learn_behavior,0,-0.7073114514350891,-0.6441220045089722,0.5,0.10040472628097,0.0,0.15218602120876312,1.164376815069973,False,0.01045036782870657,0.23624595469255663,0.000859033682470162,0.9954692556634305,
0.0,0.05,confounded,logger12_balanced,3,oracle_reward_fixed_learn_behavior,300,-0.8106957077980042,-0.7437689304351807,0.5,0.10040472628097,0.16044984757900238,0.15653790533542633,1.1694550900663636,False,0.01045036782870657,0.23624595469255663,0.000859033682470162,0.9925566343042072,
0.0,0.05,confounded,logger12_balanced,3,oracle_reward_fixed_learn_behavior,750,-0.8726548552513123,-0.8029004335403442,0.5,0.10040472628097,0.2958219051361084,0.17069678008556366,1.1861310359371553,False,0.01045036782870657,0.23624595469255663,0.000859033682470162,0.989967637540453,
0.0,0.05,confounded,logger12_balanced,3,oracle_reward_fixed_learn_behavior,1500,-0.9008554816246033,-0.8291237950325012,0.5,0.10040472628097,0.3799045979976654,0.19005261361598969,1.2093132223249654,False,0.01045036782870657,0.23624595469255663,0.000859033682470162,0.9844660194174757,
0.0,0.05,confounded,logger12_balanced,3,oracle_reward_fixed_learn_behavior,2250,-0.906826376914978,-0.8342342972755432,0.5,0.10040472628097,0.407878577709198,0.20108447968959808,1.2227280631474937,False,0.01045036782870657,0.23624595469255663,0.000859033682470162,0.9809061488673139,
0.0,0.05,confounded,logger12_balanced,3,oracle_reward_fixed_learn_behavior,3000,-0.9081424474716187,-0.8351356387138367,0.5,0.10040472628097,0.41781914234161377,0.20661716163158417,1.2295117773846216,False,0.01045036782870657,0.23624595469255663,0.000859033682470162,0.9770226537216828,
0.0,0.05,confounded,logger12_balanced,3,oracle_initialized_joint,0,-0.9069049954414368,-0.8343226909637451,0.5,0.10040472628097,0.3999999761581421,0.20074255764484406,1.2223100569348062,False,0.01045036782870657,0.23624595469255663,0.000859033682470162,0.9809061488673139,
0.0,0.05,confounded,logger12_balanced,3,oracle_initialized_joint,300,-1.1370549201965332,-0.9917395114898682,0.5008453130722046,0.0986778676256918,0.4098536968231201,0.05688321962952614,1.058532187396268,False,0.010071898333849525,0.17475728155339806,0.0006592542089196221,0.9906148867313915,
0.0,0.05,confounded,logger12_balanced,3,oracle_initialized_joint,750,-0.9701096415519714,-0.606240451335907,0.49839937686920166,0.10126184743952026,0.39898881316185,0.012136357836425304,1.0122103022630837,False,0.01748166691401619,0.21359223300970873,0.0008114579316426797,0.9776699029126213,
0.0,0.05,confounded,logger12_balanced,3,oracle_initialized_joint,1500,-1.8083869218826294,-1.2199913263320923,0.5041604042053223,0.10081871699057166,0.3976913392543793,0.0014710120158270001,1.0014720944847122,False,0.009090022671569936,0.21035598705501618,0.0007196159885280212,0.9948220064724919,
0.0,0.05,confounded,logger12_balanced,3,oracle_initialized_joint,2250,-1.6814826726913452,-0.6122294068336487,0.5007756948471069,0.10102998273362879,0.39806994795799255,0.0018939055735245347,1.001895700145423,False,0.012080863385950399,0.20711974110032363,0.0008164892259932265,0.9922330097087378,
0.0,0.05,confounded,logger12_balanced,3,oracle_initialized_joint,3000,-2.0869712829589844,-1.1392474174499512,0.4991314113140106,0.09955712529747202,0.39634132385253906,0.0006633188459090889,1.0006635388905054,False,0.008399175780381872,0.1941747572815534,0.0007408532688239483,0.9928802588996763,
0.0,0.05,confounded,logger12_balanced,4,collapsed_constrained_reference,0,2.5504889488220215,2.749652862548828,0.5,0.0,0.0,0.6931471805599453,2.0,True,0.5155887257410686,0.3074433656957929,0.002022700731606123,0.5,
0.0,0.05,confounded,logger12_balanced,4,collapsed_constrained_reference,300,1.5490012168884277,1.5499205589294434,0.5,0.0,0.0,0.6931471805599453,2.0,True,0.02835794187813671,0.8317152103559871,0.0061003433824262715,0.5,
0.0,0.05,confounded,logger12_balanced,4,collapsed_constrained_reference,750,0.9747574329376221,0.9769068956375122,0.5,0.0,0.0,0.6931471805599453,2.0,True,0.030295082100594416,0.883495145631068,0.006412233641769953,0.5,
0.0,0.05,confounded,logger12_balanced,4,collapsed_constrained_reference,1500,0.18912330269813538,0.2005525380373001,0.5,0.0,0.0,0.6931471805599453,2.0,True,0.029309253068522376,0.8996763754045307,0.0065307498085448975,0.5,
0.0,0.05,confounded,logger12_balanced,4,collapsed_constrained_reference,2250,-0.3807584345340729,-0.3493445813655853,0.5,0.0,0.0,0.6931471805599453,2.0,True,0.027185748548881773,0.9093851132686084,0.006574953596921384,0.5,
0.0,0.05,confounded,logger12_balanced,4,collapsed_constrained_reference,3000,-0.5405723452568054,-0.438118577003479,0.5,0.0,0.0,0.6931471805599453,2.0,True,0.03207727126509973,0.9061488673139159,0.006562928753152226,0.5,
0.0,0.05,confounded,logger12_balanced,4,true_behavior_fixed,0,2.02660870552063,2.2184035778045654,0.5,0.013459038219292098,0.3999999761581421,0.5131553411483765,1.6705540554710174,False,0.48992884933729935,0.7993527508090615,0.005671933836717939,0.5051779935275081,
0.0,0.05,confounded,logger12_balanced,4,true_behavior_fixed,300,1.2375904321670532,1.2383784055709839,0.5,0.02040829868691149,0.3999999761581421,0.513096034526825,1.6704549834917095,False,0.027265320405908473,0.7313915857605178,0.005046974314596477,0.555663430420712,
0.0,0.05,confounded,logger12_balanced,4,true_behavior_fixed,750,0.7952366471290588,0.797412633895874,0.5,0.01930200484935205,0.3999999761581421,0.5132765769958496,1.6707565987851893,False,0.027060847152972054,0.8511326860841424,0.0059125010996287555,0.5724919093851133,
0.0,0.05,confounded,logger12_balanced,4,true_behavior_fixed,1500,0.09794621169567108,0.10610763728618622,0.5,0.0166520143637874,0.3999999761581421,0.5143133401870728,1.6724896759683812,False,0.02791592839284137,0.8932038834951457,0.006416634043505476,0.5763754045307443,
0.0,0.05,confounded,logger12_balanced,4,true_behavior_fixed,2250,-0.4376573860645294,-0.4113033711910248,0.5,0.026779812745817283,0.3999999761581421,0.5200235843658447,1.682067319722132,False,0.02392642852269401,0.9061488673139159,0.006542410366279184,0.5935275080906149,
0.0,0.05,confounded,logger12_balanced,4,true_behavior_fixed,3000,-0.6590588092803955,-0.578366219997406,0.5,0.04405290663811511,0.3999999761581421,0.4944385886192322,1.639577503155498,False,0.02470433576961102,0.8802588996763754,0.00644004980265024,0.7132686084142394,
0.0,0.05,confounded,logger12_balanced,4,true_behavior_fixed_em,0,2.02660870552063,2.2184035778045654,0.5,0.013459038219292098,0.3999999761581421,0.5131553411483765,1.6705540554710174,False,0.48992884933729935,0.7993527508090615,0.005671933836717939,0.5051779935275081,0
0.0,0.05,confounded,logger12_balanced,4,true_behavior_fixed_em,100,1.4407432079315186,1.441189169883728,0.5,0.02633415481676631,0.3999999761581421,0.5130690932273865,1.6704099798700316,False,0.029208081032182528,0.7022653721682848,0.004567829233468008,0.555663430420712,1
0.0,0.05,confounded,logger12_balanced,4,true_behavior_fixed_em,200,1.3386417627334595,1.339311957359314,0.5,0.029584346792079084,0.3999999761581421,0.5131204128265381,1.6704957068403354,False,0.028921887799836964,0.7087378640776699,0.004847782920331825,0.5660194174757281,2
0.0,0.05,confounded,logger12_balanced,4,true_behavior_fixed_em,300,1.2376068830490112,1.238407015800476,0.5,0.020318803512557403,0.3999999761581421,0.5130938291549683,1.6704512995213634,False,0.027230383623642048,0.7443365695792881,0.00511646207313165,0.5553398058252427,3
0.0,0.05,confounded,logger12_balanced,4,true_behavior_fixed_em,400,1.1375207901000977,1.138864278793335,0.5,0.020297309400520134,0.3999999761581421,0.5131738781929016,1.6705850228929466,False,0.025867476450995623,0.8543689320388349,0.006147936181534142,0.5637540453074433,4
0.0,0.05,confounded,logger12_balanced,4,true_behavior_fixed_em,500,1.0399609804153442,1.0409201383590698,0.5,0.02229231658151361,0.3999999761581421,0.5132003426551819,1.6706292346122882,False,0.03758781566042075,0.8705501618122977,0.006284780036589555,0.5634304207119741,5
0.0,0.05,confounded,logger12_balanced,4,true_behavior_fixed_em,600,0.9400950074195862,0.941932737827301,0.5,0.02350561760790728,0.3999999761581421,0.5133228302001953,1.6708338784187664,False,0.02867777918412715,0.8737864077669902,0.006278166154101733,0.5724919093851133,6
0.0,0.05,confounded,logger12_balanced,4,true_behavior_fixed_em,700,0.8485091328620911,0.8501234650611877,0.5,0.02195198875293727,0.3999999761581421,0.513131320476532,1.6705139281221975,False,0.04272217092496577,0.7961165048543689,0.005606566624125188,0.5501618122977346,7
0.0,0.05,confounded,logger12_balanced,4,true_behavior_fixed_em,800,0.7438925504684448,0.746498167514801,0.5,0.021603653288182423,0.3999999761581421,0.5134936571121216,1.671119326190945,False,0.023316907730501338,0.8996763754045307,0.006480756822667296,0.5802588996763755,8
0.0,0.05,confounded,logger12_balanced,4,true_behavior_fixed_em,900,0.6470409035682678,0.6501575112342834,0.5,0.018052830718651207,0.3999999761581421,0.5134152173995972,1.670988249212292,False,0.021295873136517898,0.8770226537216829,0.006234462377107131,0.5783171521035598,9
0.0,0.05,confounded,logger12_balanced,4,true_behavior_fixed_em,1000,0.5531179904937744,0.556127667427063,0.5,0.01451162442107199,0.3999999761581421,0.5132426619529724,1.6706999359643706,False,0.024600171689786423,0.8349514563106796,0.005856512330339711,0.5673139158576052,10
0.0,0.05,confounded,logger12_balanced,4,true_behavior_fixed_em,1100,0.4588547348976135,0.4617362916469574,0.5,0.017985705059599007,0.3999999761581421,0.5136135816574097,1.6713197464336735,False,0.0282816286457355,0.8964401294498382,0.0064471814376890904,0.5737864077669903,11
0.0,0.05,confounded,logger12_balanced,4,true_behavior_fixed_em,1200,0.3654272258281708,0.36968719959259033,0.5,0.02152765248806241,0.3999999761581421,0.5139835476875305,1.6719381923602623,False,0.024092418759597636,0.9029126213592233,0.00647121937421569,0.5844660194174758,12
0.0,0.05,confounded,logger12_balanced,4,true_behavior_fixed_em,1300,0.27789634466171265,0.28320810198783875,0.5,0.017900916000539703,0.3999999761581421,0.5139086246490479,1.6718129303632987,False,0.027520940123653647,0.9029126213592233,0.006462303971356746,0.5757281553398058,13
0.0,0.05,confounded,logger12_balanced,4,true_behavior_fixed_em,1400,0.18169978260993958,0.18620726466178894,0.5,0.017423119582311988,0.3999999761581421,0.5141836404800415,1.6722727686141097,False,0.022817812358750585,0.8996763754045307,0.006487759444321078,0.5831715210355987,14
0.0,0.05,confounded,logger12_balanced,4,true_behavior_fixed_em,1500,0.09745476394891739,0.1057673767209053,0.5,0.015869648694848377,0.3999999761581421,0.5143468379974365,1.6725457016487457,False,0.027493632549513133,0.8996763754045307,0.006479698964138341,0.5754045307443366,15
0.0,0.05,confounded,logger12_balanced,4,true_behavior_fixed_em,1600,0.02827167697250843,0.033017661422491074,0.5,0.012611970376128209,0.3999999761581421,0.5138002634048462,1.6716317804490846,False,0.03233258379919412,0.9093851132686084,0.006589468537378552,0.541747572815534,16
0.0,0.05,confounded,logger12_balanced,4,true_behavior_fixed_em,1700,-0.046808235347270966,-0.025420473888516426,0.5,0.010548908818784501,0.3999999761581421,0.5140020251274109,1.6719690857831102,False,0.035351370815206944,0.9093851132686084,0.006593816526100643,0.5352750809061488,17
0.0,0.05,confounded,logger12_balanced,4,true_behavior_fixed_em,1800,-0.14404483139514923,-0.12662860751152039,0.5,0.016883601310146785,0.3999999761581421,0.5154216289520264,1.6743443050281956,False,0.026443658195048,0.8932038834951457,0.006452734696147757,0.5799352750809061,18
0.0,0.05,confounded,logger12_balanced,4,true_behavior_fixed_em,1900,-0.22892509400844574,-0.21698828041553497,0.5,0.01719303990924282,0.3999999761581421,0.5162497162818909,1.6757313825644238,False,0.021450958357194072,0.9061488673139159,0.006574253910022806,0.5889967637540453,19
0.0,0.05,confounded,logger12_balanced,4,true_behavior_fixed_em,2000,-0.2988438308238983,-0.2874414026737213,0.5,0.017063033967872877,0.3999999761581421,0.5163096189498901,1.6758317663516877,False,0.023029218845427444,0.9029126213592233,0.0065450522823448515,0.5870550161812298,20
0.0,0.05,confounded,logger12_balanced,4,true_behavior_fixed_em,2100,-0.3389594852924347,-0.30658480525016785,0.5,0.021029590155159678,0.3999999761581421,0.5169463157653809,1.67689910284944,False,0.027765831390093247,0.8964401294498382,0.00650705158171289,0.5889967637540453,21
0.0,0.05,confounded,logger12_balanced,4,true_behavior_fixed_em,2200,-0.41747647523880005,-0.39565345644950867,0.5,0.020921074376639343,0.3999999761581421,0.5179388523101807,1.6785643127450942,False,0.024056086550600205,0.9061488673139159,0.006558946236978246,0.5899676375404531,22
0.0,0.05,confounded,logger12_balanced,4,true_behavior_fixed_em,2300,-0.4605257213115692,-0.4305831789970398,0.5,0.01676533367089813,0.3999999761581421,0.5175735354423523,1.6779512168818624,False,0.02517208571594534,0.9061488673139159,0.00656449725521081,0.5844660194174758,23
0.0,0.05,confounded,logger12_balanced,4,true_behavior_fixed_em,2400,-0.5219879746437073,-0.48140281438827515,0.5,0.016466524968586815,0.3999999761581421,0.5182886123657227,1.6791515101754677,False,0.023499287648125918,0.9093851132686084,0.006589468537378552,0.5889967637540453,24
0.0,0.05,confounded,logger12_balanced,4,true_behavior_fixed_em,2500,-0.5658546686172485,-0.5300800204277039,0.5,0.023008683426279406,0.3999999761581421,0.5213896632194519,1.6843667265458766,False,0.023790534302387194,0.9093851132686084,0.006578338113779617,0.5964401294498382,25
0.0,0.05,confounded,logger12_balanced,4,true_behavior_fixed_em,2600,-0.578241765499115,-0.5119320154190063,0.5,0.022604915847133495,0.3999999761581421,0.5184382796287537,1.6794028429938883,False,0.023625279817387927,0.8996763754045307,0.006513942611792087,0.5938511326860841,26
0.0,0.05,confounded,logger12_balanced,4,true_behavior_fixed_em,2700,-0.6004136800765991,-0.5566504597663879,0.5,0.02507814727501785,0.3999999761581421,0.5202889442443848,1.6825137321291412,False,0.025548536979984517,0.8996763754045307,0.006498180634812855,0.6084142394822006,27
0.0,0.05,confounded,logger12_balanced,4,true_behavior_fixed_em,2800,-0.6312295198440552,-0.5854741334915161,0.5,0.026587303011353182,0.3999999761581421,0.5201829671859741,1.682335433721012,False,0.024996346558459004,0.9029126213592233,0.006553633835566933,0.616504854368932,28
0.0,0.05,confounded,logger12_balanced,4,true_behavior_fixed_em,2900,-0.6596827507019043,-0.6044734716415405,0.5,0.03406636674949428,0.3999999761581421,0.5179378986358643,1.6785627119421842,False,0.023718940823086853,0.9029126213592233,0.006553633835566933,0.6653721682847896,29
0.0,0.05,confounded,logger12_balanced,4,true_behavior_fixed_em,3000,-0.6673139333724976,-0.5898519158363342,0.5,0.03341994001818634,0.3999999761581421,0.5116775035858154,1.668087071287492,False,0.023346023913907592,0.8867313915857605,0.006461985749396807,0.6766990291262136,30
0.0,0.05,confounded,logger12_balanced,4,oracle_reward_fixed_learn_behavior,0,-0.6997175812721252,-0.6365936994552612,0.5,0.09620597102323651,0.0,0.1732337325811386,1.1891440143043561,False,0.012244327392476556,0.3300970873786408,0.0012932714164640812,0.9880258899676375,
0.0,0.05,confounded,logger12_balanced,4,oracle_reward_fixed_learn_behavior,300,-0.799836277961731,-0.7326809167861938,0.5,0.09620597102323651,0.15801885724067688,0.176869198679924,1.1934749748149374,False,0.012244327392476556,0.3300970873786408,0.0012932714164640812,0.9867313915857605,
0.0,0.05,confounded,logger12_balanced,4,oracle_reward_fixed_learn_behavior,750,-0.8619011044502258,-0.791765570640564,0.5,0.09620597102323651,0.2944851815700531,0.19010238349437714,1.209373411194757,False,0.012244327392476556,0.3300970873786408,0.0012932714164640812,0.9851132686084142,
0.0,0.05,confounded,logger12_balanced,4,oracle_reward_fixed_learn_behavior,1500,-0.889684796333313,-0.8176563382148743,0.5,0.09620597102323651,0.3772420287132263,0.20760175585746765,1.2307229437371443,False,0.012244327392476556,0.3300970873786408,0.0012932714164640812,0.9818770226537217,
0.0,0.05,confounded,logger12_balanced,4,oracle_reward_fixed_learn_behavior,2250,-0.8958117365837097,-0.8230885863304138,0.5,0.09620597102323651,0.4040197730064392,0.21729226410388947,1.2427072477881318,False,0.012244327392476556,0.3300970873786408,0.0012932714164640812,0.973462783171521,
0.0,0.05,confounded,logger12_balanced,4,oracle_reward_fixed_learn_behavior,3000,-0.8971338272094727,-0.8241002559661865,0.5,0.09620597102323651,0.4178718328475952,0.222377210855484,1.249042441381411,False,0.012244327392476556,0.3300970873786408,0.0012932714164640812,0.9660194174757282,
0.0,0.05,confounded,logger12_balanced,4,oracle_initialized_joint,0,-0.8959209322929382,-0.823215663433075,0.5,0.09620597102323651,0.3999999761581421,0.21730747818946838,1.2427261545863737,False,0.012244327392476556,0.3300970873786408,0.0012932714164640812,0.9728155339805825,
0.0,0.05,confounded,logger12_balanced,4,oracle_initialized_joint,300,-1.1279475688934326,-0.963333249092102,0.5006980299949646,0.09598891313827812,0.40578287839889526,0.05864334851503372,1.0603969811327685,False,0.013106366059947304,0.2783171521035599,0.0010084163032051195,0.983495145631068,
0.0,0.05,confounded,logger12_balanced,4,oracle_initialized_joint,750,-1.518932580947876,-1.200967788696289,0.49889764189720154,0.09964665074893149,0.40019258856773376,0.006831348408013582,1.0068547352928718,False,0.010521879089753139,0.22330097087378642,0.0006898750685601117,0.9896440129449838,
0.0,0.05,confounded,logger12_balanced,4,oracle_initialized_joint,1500,-1.519413709640503,-0.46388617157936096,0.49515172839164734,0.10085104767354784,0.3964098393917084,0.013743293471634388,1.0138381666544711,False,0.011394515940343509,0.24271844660194175,0.000842296905024334,0.9880258899676375,
0.0,0.05,confounded,logger12_balanced,4,oracle_initialized_joint,2250,-2.0463244915008545,-0.8969454169273376,0.49730125069618225,0.09921295622569842,0.39568549394607544,0.0009049433283507824,1.0009053529131056,False,0.009265146934533258,0.24919093851132687,0.0008191373557790012,0.9935275080906149,
0.0,0.05,confounded,logger12_balanced,4,oracle_initialized_joint,3000,-2.1538941860198975,-0.850857675075531,0.5015986561775208,0.09923926308109729,0.3971215486526489,0.0018376270309090614,1.0018393165021757,False,0.009321899177797055,0.19093851132686085,0.0006078493655991746,0.9944983818770227,
0.0,0.1,confounded,logger12_balanced,0,collapsed_constrained_reference,0,2.491316080093384,2.6739230155944824,0.5,0.0,0.0,0.6931471805599453,2.0,True,0.4981138288311593,0.4886731391585761,0.004336876464571611,0.5,
0.0,0.1,confounded,logger12_balanced,0,collapsed_constrained_reference,300,1.566526174545288,1.5668542385101318,0.5,0.0,0.0,0.6931471805599453,2.0,True,0.06000178540393041,0.8996763754045307,0.006567400988045265,0.5,
0.0,0.1,confounded,logger12_balanced,0,collapsed_constrained_reference,750,1.0097776651382446,1.0126525163650513,0.5,0.0,0.0,0.6931471805599453,2.0,True,0.046628149593681924,0.9093851132686084,0.0065722428652893,0.5,
0.0,0.1,confounded,logger12_balanced,0,collapsed_constrained_reference,1500,0.3533269464969635,0.3633865416049957,0.5,0.0,0.0,0.6931471805599453,2.0,True,0.04495074568329259,0.9093851132686084,0.006593816526100643,0.5,
0.0,0.1,confounded,logger12_balanced,0,collapsed_constrained_reference,2250,0.045484308153390884,0.07774298638105392,0.5,0.0,0.0,0.6931471805599453,2.0,True,0.03864574630272961,0.9061488673139159,0.0065523431335214625,0.5,
0.0,0.1,confounded,logger12_balanced,0,collapsed_constrained_reference,3000,-0.004356049001216888,0.037707775831222534,0.5,0.0,0.0,0.6931471805599453,2.0,True,0.043026065274717466,0.9093851132686084,0.006574953596921384,0.5,
0.0,0.1,confounded,logger12_balanced,0,true_behavior_fixed,0,2.0562775135040283,2.2634530067443848,0.5,0.013548056306646775,0.3999999761581421,0.5125178694725037,1.6694894639371662,False,0.5015792640712031,0.47896440129449835,0.003939265289924905,0.5022653721682848,
0.0,0.1,confounded,logger12_balanced,0,true_behavior_fixed,300,1.2515228986740112,1.2518101930618286,0.5,0.040836879097721816,0.3999999761581421,0.5134406089782715,1.6710306787805604,False,0.046813719362342236,0.883495145631068,0.006466237326437153,0.588673139158576,
0.0,0.1,confounded,logger12_balanced,0,true_behavior_fixed,750,0.8275476098060608,0.8296586275100708,0.5,0.04054219346561304,0.3999999761581421,0.5142883658409119,1.6724479071538396,False,0.042656788694042304,0.9061488673139159,0.006557575476553078,0.5935275080906149,
0.0,0.1,confounded,logger12_balanced,0,true_behavior_fixed,1500,0.25420618057250977,0.26355722546577454,0.5,0.05622511478635231,0.3999999761581421,0.5190730690956116,1.6804692486649662,False,0.03895493733682561,0.9093851132686084,0.006593816526100643,0.5970873786407767,
0.0,0.1,confounded,logger12_balanced,0,true_behavior_fixed,2250,-0.051807474344968796,-0.02991264872252941,0.5,0.10647295601314105,0.3999999761581421,0.48857080936431885,1.6299849951784693,False,0.025842619220212602,0.9029126213592233,0.006546677831876771,0.7854368932038835,
0.0,0.1,confounded,logger12_balanced,0,true_behavior_fixed,3000,-0.6090856194496155,-0.5366408228874207,0.5,0.1965239481218601,0.3999999761581421,0.010896025225520134,1.0109556030990927,False,0.013839837401649232,0.5145631067961165,0.002326607255794489,0.9980582524271845,
0.0,0.1,confounded,logger12_balanced,0,true_behavior_fixed_em,0,2.0562775135040283,2.2634530067443848,0.5,0.013548056306646775,0.3999999761581421,0.5125178694725037,1.6694894639371662,False,0.5015792640712031,0.47896440129449835,0.003939265289924905,0.5022653721682848,0
0.0,0.1,confounded,logger12_balanced,0,true_behavior_fixed_em,100,1.4473425149917603,1.4477345943450928,0.5,0.04859969044470888,0.3999999761581421,0.5132684111595154,1.6707429557159528,False,0.03212826795199526,0.8640776699029126,0.006267373542453433,0.5899676375404531,1
0.0,0.1,confounded,logger12_balanced,0,true_behavior_fixed_em,200,1.3483542203903198,1.349442720413208,0.5,0.04916931981896084,0.3999999761581421,0.5133988857269287,1.6709609594020178,False,0.04461570686118409,0.8867313915857605,0.0064748892182235835,0.5889967637540453,2
0.0,0.1,confounded,logger12_balanced,0,true_behavior_fixed_em,300,1.2515181303024292,1.2518393993377686,0.5,0.041628580865600805,0.3999999761581421,0.5134499073028564,1.671046216638441,False,0.04705976340773102,0.883495145631068,0.006455620174589513,0.5896440129449838,3
0.0,0.1,confounded,logger12_balanced,0,true_behavior_fixed_em,400,1.1523408889770508,1.1530007123947144,0.5,0.040253307875599206,0.3999999761581421,0.5134910345077515,1.6711149435118442,False,0.03649273951937503,0.8867313915857605,0.006471899882441734,0.5925566343042071,4
0.0,0.1,confounded,logger12_balanced,0,true_behavior_fixed_em,500,1.0561115741729736,1.0570781230926514,0.5,0.05266420718653596,0.3999999761581421,0.5139228105545044,1.6718366467116885,False,0.03456618381209944,0.8964401294498382,0.006515085865538821,0.598705501618123,5
0.0,0.1,confounded,logger12_balanced,0,true_behavior_fixed_em,600,0.9627529382705688,0.9656093716621399,0.5,0.04178364911495312,0.3999999761581421,0.5139238238334656,1.6718383407494473,False,0.03583534080799073,0.9061488673139159,0.006557575476553078,0.5967637540453075,6
0.0,0.1,confounded,logger12_balanced,0,true_behavior_fixed_em,700,0.8719723224639893,0.8738365173339844,0.5,0.04801912399976668,0.3999999761581421,0.5143702626228333,1.6725848808641433,False,0.03746865169350966,0.9061488673139159,0.0065596976423011434,0.597411003236246,7
0.0,0.1,confounded,logger12_balanced,0,true_behavior_fixed_em,800,0.7813234329223633,0.7845908403396606,0.5,0.04463239800247059,0.3999999761581421,0.5146828889846802,1.6731078567340902,False,0.0404470213111079,0.9093851132686084,0.006593816526100643,0.5964401294498382,8
0.0,0.1,confounded,logger12_balanced,0,true_behavior_fixed_em,900,0.695934534072876,0.7007200717926025,0.5,0.04110826643545287,0.3999999761581421,0.5147387981414795,1.6732014013985719,False,0.04383345439091667,0.9093851132686084,0.006574032430571995,0.5928802588996763,9
0.0,0.1,confounded,logger12_balanced,0,true_behavior_fixed_em,1000,0.6118363738059998,0.6142632365226746,0.5,0.043849169547117144,0.3999999761581421,0.5153070688247681,1.6741525029181843,False,0.041565710237146045,0.9093851132686084,0.006593816526100643,0.594822006472492,10
0.0,0.1,confounded,logger12_balanced,0,true_behavior_fixed_em,1100,0.528507649898529,0.5335996150970459,0.5,0.0490807306071915,0.3999999761581421,0.5160971283912659,1.6754757057545928,False,0.037498834777244625,0.9061488673139159,0.0065757530587936585,0.5970873786407767,11
0.0,0.1,confounded,logger12_balanced,0,true_behavior_fixed_em,1200,0.4507628083229065,0.4582652747631073,0.5,0.04624030121306765,0.3999999761581421,0.5163773894309998,1.675945342125251,False,0.03672835221584504,0.9093851132686084,0.006593816526100643,0.5970873786407767,12
0.0,0.1,confounded,logger12_balanced,0,true_behavior_fixed_em,1300,0.37277573347091675,0.379131555557251,0.5,0.037204180396163286,0.3999999761581421,0.5158556699752808,1.6750711968826608,False,0.03274485922670578,0.8996763754045307,0.006534266520777906,0.597411003236246,13
0.0,0.1,confounded,logger12_balanced,0,true_behavior_fixed_em,1400,0.30965563654899597,0.31976252794265747,0.5,0.042034644809488916,0.3999999761581421,0.5164812207221985,1.6761193667285457,False,0.03354179030721553,0.9061488673139159,0.0065757530587936585,0.598705501618123,14
0.0,0.1,confounded,logger12_balanced,0,true_behavior_fixed_em,1500,0.2541303336620331,0.2635210156440735,0.5,0.049256158675091095,0.3999999761581421,0.5185661911964417,1.679617671783566,False,0.03913073825847504,0.9093851132686084,0.006593816526100643,0.5980582524271845,15
0.0,0.1,confounded,logger12_balanced,0,true_behavior_fixed_em,1600,0.1958489567041397,0.20732362568378448,0.5,0.04956590266980394,0.3999999761581421,0.5185933113098145,1.6796632238229332,False,0.03637535627695709,0.9093851132686084,0.006587003636213636,0.5977346278317152,16
0.0,0.1,confounded,logger12_balanced,0,true_behavior_fixed_em,1700,0.14617317914962769,0.15526188910007477,0.5,0.05031073733941961,0.3999999761581421,0.520482063293457,1.682838688957808,False,0.040072999357390046,0.9093851132686084,0.006593816526100643,0.5980582524271845,17
0.0,0.1,confounded,logger12_balanced,0,true_behavior_fixed_em,1800,0.09709053486585617,0.11554433405399323,0.5,0.054853201948766944,0.3999999761581421,0.521134078502655,1.6839362831628084,False,0.037268731345917905,0.9029126213592233,0.0065547863506466375,0.5990291262135923,18
0.0,0.1,confounded,logger12_balanced,0,true_behavior_fixed_em,1900,0.06441058963537216,0.08733817934989929,0.5,0.06495293432591907,0.3999999761581421,0.5219581723213196,1.6853245766082419,False,0.03735062020538485,0.9061488673139159,0.0065757530587936585,0.6090614886731391,19
0.0,0.1,confounded,logger12_balanced,0,true_behavior_fixed_em,2000,0.03490374609827995,0.06321358680725098,0.5,0.06314676886249444,0.3999999761581421,0.5187521576881409,1.6799300534347432,False,0.03672197129696653,0.9029126213592233,0.006553490721763775,0.6194174757281553,20
0.0,0.1,confounded,logger12_balanced,0,true_behavior_fixed_em,2100,-0.0018565208883956075,0.025658784434199333,0.5,0.06240310640074615,0.3999999761581421,0.5191492438316345,1.6805972628420391,False,0.03444328752867548,0.9061488673139159,0.0065757530587936585,0.6343042071197411,21
0.0,0.1,confounded,logger12_balanced,0,true_behavior_fixed_em,2200,-0.0047264923341572285,0.022231727838516235,0.5,0.06402858212113796,0.3999999761581421,0.5153008699417114,1.6741421250747652,False,0.03671346613724947,0.9061488673139159,0.0065757530587936585,0.6540453074433656,22
0.0,0.1,confounded,logger12_balanced,0,true_behavior_fixed_em,2300,-0.04719114303588867,-0.01768123358488083,0.5,0.07612710925184925,0.3999999761581421,0.5081799030303955,1.662262960164913,False,0.02932103450197906,0.9061488673139159,0.0065757530587936585,0.7084142394822006,23
0.0,0.1,confounded,logger12_balanced,0,true_behavior_fixed_em,2400,-0.06135178357362747,-0.032907724380493164,0.5,0.08202542585976641,0.3999999761581421,0.5001592040061951,1.6489837746268066,False,0.02932411386634011,0.9061488673139159,0.0065757530587936585,0.7563106796116504,24
0.0,0.1,confounded,logger12_balanced,0,true_behavior_fixed_em,2500,-0.083897165954113,-0.05348728969693184,0.5,0.0904885173691926,0.3999999761581421,0.48637932538986206,1.6264168204098859,False,0.02661547249060163,0.9093851132686084,0.006593816526100643,0.7847896440129449,25
0.0,0.1,confounded,logger12_balanced,0,true_behavior_fixed_em,2600,-0.083897165954113,-0.05348728969693184,0.5,0.0904885173691926,0.3999999761581421,0.48637932538986206,1.6264168204098859,False,0.02661547249060163,0.9093851132686084,0.006593816526100643,0.7847896440129449,26
0.0,0.1,confounded,logger12_balanced,0,true_behavior_fixed_em,2700,-0.10735219717025757,-0.08277622610330582,0.5,0.10301720235436931,0.3999999761581421,0.46332451701164246,1.5893490295344546,False,0.026230520370096176,0.9093851132686084,0.006593816526100643,0.8122977346278317,27
0.0,0.1,confounded,logger12_balanced,0,true_behavior_fixed_em,2800,-0.13831979036331177,-0.10894940793514252,0.5,0.11184593254858292,0.3999999761581421,0.4316897988319397,1.5398573755107294,False,0.02492037920836567,0.9093851132686084,0.006587003636213636,0.8501618122977346,28
0.0,0.1,confounded,logger12_balanced,0,true_behavior_fixed_em,2900,-0.1608222872018814,-0.12633593380451202,0.5,0.12587394034954588,0.3999999761581421,0.3746263086795807,1.4544477985339062,False,0.025076264393022536,0.9029126213592233,0.006538182845777195,0.9197411003236245,29
0.0,0.1,confounded,logger12_balanced,0,true_behavior_fixed_em,3000,-0.21471662819385529,-0.17532601952552795,0.5,0.14642365657133766,0.3999999761581421,0.2797354459762573,1.322779819319721,False,0.023889682291997925,0.8867313915857605,0.006416885856396958,0.9789644012944984,30
0.0,0.1,confounded,logger12_balanced,0,oracle_reward_fixed_learn_behavior,0,-0.6624310612678528,-0.5701881647109985,0.5,0.20005502011419218,0.0,0.0022753847297281027,1.0022779753820998,False,0.012201072678635782,0.1941747572815534,0.0006438608547406988,1.0,
0.0,0.1,confounded,logger12_balanced,0,oracle_reward_fixed_learn_behavior,300,-0.7706515192985535,-0.6775603890419006,0.5,0.20005502011419218,0.1580931544303894,0.0023221210576593876,1.0023248192688827,False,0.012201072678635782,0.1941747572815534,0.0006438608547406988,1.0,
0.0,0.1,confounded,logger12_balanced,0,oracle_reward_fixed_learn_behavior,750,-0.833966076374054,-0.7401637434959412,0.5,0.20005502011419218,0.2873005270957947,0.002339113038033247,1.0023418508972401,False,0.012201072678635782,0.1941747572815534,0.0006438608547406988,1.0,
0.0,0.1,confounded,logger12_balanced,0,oracle_reward_fixed_learn_behavior,1500,-0.8605825901031494,-0.7662402987480164,0.5,0.20005502011419218,0.36765044927597046,0.002317952224984765,1.0023206407531353,False,0.012201072678635782,0.1941747572815534,0.0006438608547406988,0.9996763754045307,
0.0,0.1,confounded,logger12_balanced,0,oracle_reward_fixed_learn_behavior,2250,-0.8645771145820618,-0.7700423002243042,0.5,0.20005502011419218,0.3897695243358612,0.002308072755113244,1.0023107384054786,False,0.012201072678635782,0.1941747572815534,0.0006438608547406988,0.9996763754045307,
0.0,0.1,confounded,logger12_balanced,0,oracle_reward_fixed_learn_behavior,3000,-0.8650205731391907,-0.7704089283943176,0.5,0.20005502011419218,0.39961695671081543,0.0023051786702126265,1.0023078376373022,False,0.012201072678635782,0.1941747572815534,0.0006438608547406988,0.9996763754045307,
0.0,0.1,confounded,logger12_balanced,0,oracle_initialized_joint,0,-0.8650859594345093,-0.7704494595527649,0.5,0.20005502011419218,0.3999999761581421,0.002303873421624303,1.002306529377266,False,0.012201072678635782,0.1941747572815534,0.0006438608547406988,0.9996763754045307,
0.0,0.1,confounded,logger12_balanced,0,oracle_initialized_joint,300,-1.0805612802505493,-0.8968256711959839,0.5046916007995605,0.2026668901906084,0.39751502871513367,0.0011642886092886329,1.0011649666563935,False,0.013670261336256002,0.1650485436893204,0.000545077597487509,1.0,
0.0,0.1,confounded,logger12_balanced,0,oracle_initialized_joint,750,-1.3945789337158203,-1.0148159265518188,0.504482090473175,0.20020659030432034,0.3952523469924927,6.258534267544746e-05,1.0000625873011788,False,0.012030709880167448,0.18122977346278318,0.0006343283520160455,1.0,
0.0,0.1,confounded,logger12_balanced,0,oracle_initialized_joint,1500,-1.2263978719711304,-0.5461087226867676,0.4977332651615143,0.19981105236275268,0.39963263273239136,0.0002284499496454373,1.0002284760463225,False,0.01484816302412486,0.1488673139158576,0.0005129379121862795,1.0,
0.0,0.1,confounded,logger12_balanced,0,oracle_initialized_joint,2250,-1.2545212507247925,0.1506660282611847,0.49783220887184143,0.19576115374256592,0.3985731601715088,0.0006194930174387991,1.0006196849428681,False,0.01444342791108439,0.1941747572815534,0.0007015022880704802,0.9990291262135922,
0.0,0.1,confounded,logger12_balanced,0,oracle_initialized_joint,3000,-1.655362844467163,0.1334799975156784,0.5011029839515686,0.20049093292583456,0.40118157863616943,4.425101778060547e-12,1.0000000000044251,False,0.011679620359716399,0.12944983818770225,0.00038099724673699075,1.0,
0.0,0.1,confounded,logger12_balanced,1,collapsed_constrained_reference,0,2.5467827320098877,2.7334530353546143,0.5,0.0,0.0,0.6931471805599453,2.0,True,0.515119564945269,0.7508090614886731,0.0049932077910158175,0.5,
0.0,0.1,confounded,logger12_balanced,1,collapsed_constrained_reference,300,1.5682172775268555,1.5681177377700806,0.5,0.0,0.0,0.6931471805599453,2.0,True,0.06075810551985234,0.8964401294498382,0.006507038963166039,0.5,
0.0,0.1,confounded,logger12_balanced,1,collapsed_constrained_reference,750,1.010511040687561,1.0135393142700195,0.5,0.0,0.0,0.6931471805599453,2.0,True,0.0471072168659322,0.9061488673139159,0.006581791682331485,0.5,
0.0,0.1,confounded,logger12_balanced,1,collapsed_constrained_reference,1500,0.34904593229293823,0.3588983416557312,0.5,0.0,0.0,0.6931471805599453,2.0,True,0.04436743325263005,0.9061488673139159,0.006581791682331485,0.5,
0.0,0.1,confounded,logger12_balanced,1,collapsed_constrained_reference,2250,0.10521763563156128,0.15620741248130798,0.5,0.0,0.0,0.6931471805599453,2.0,True,0.05162869079173089,0.9093851132686084,0.006593816526100643,0.5,
0.0,0.1,confounded,logger12_balanced,1,collapsed_constrained_reference,3000,0.00408116914331913,0.04033747315406799,0.5,0.0,0.0,0.6931471805599453,2.0,True,0.045811389992284984,0.9093851132686084,0.006593816526100643,0.5,
0.0,0.1,confounded,logger12_balanced,1,true_behavior_fixed,0,2.0466551780700684,2.2444722652435303,0.5,0.015041130883212322,0.3999999761581421,0.5130273103713989,1.6703401868284888,False,0.5028128020989893,0.37216828478964403,0.0036866293319266167,0.5006472491909385,
0.0,0.1,confounded,logger12_balanced,1,true_behavior_fixed,300,1.2535520792007446,1.2536894083023071,0.5,0.058529457985198534,0.3999999761581421,0.5136099457740784,1.6713136697211135,False,0.0471903149812958,0.8867313915857605,0.0063986487567460944,0.5928802588996763,
0.0,0.1,confounded,logger12_balanced,1,true_behavior_fixed,750,0.8282422423362732,0.8311526775360107,0.5,0.04411036504133156,0.3999999761581421,0.5145491361618042,1.6728840888004062,False,0.040644865178751786,0.9061488673139159,0.006573296696231911,0.5944983818770226,
0.0,0.1,confounded,logger12_balanced,1,true_behavior_fixed,1500,0.2519662380218506,0.2589026987552643,0.5,0.04615076787007481,0.3999999761581421,0.5176002979278564,1.6779961236278864,False,0.03572346290215733,0.8996763754045307,0.006570569283935561,0.5967637540453075,
0.0,0.1,confounded,logger12_balanced,1,true_behavior_fixed,2250,-0.051375966519117355,-0.0277300626039505,0.5,0.1016461540863875,0.3999999761581421,0.49481943249702454,1.6402020451286856,False,0.02828977071837471,0.8964401294498382,0.006546335898286999,0.7747572815533981,
0.0,0.1,confounded,logger12_balanced,1,true_behavior_fixed,3000,-0.5152397751808167,-0.4391290843486786,0.5,0.2018764083675688,0.3999999761581421,0.024644607678055763,1.0249507961458992,False,0.02233158021834784,0.3592233009708738,0.0014976583426876714,0.9951456310679612,
0.0,0.1,confounded,logger12_balanced,1,true_behavior_fixed_em,0,2.0466551780700684,2.2444722652435303,0.5,0.015041130883212322,0.3999999761581421,0.5130273103713989,1.6703401868284888,False,0.5028128020989893,0.37216828478964403,0.0036866293319266167,0.5006472491909385,0
0.0,0.1,confounded,logger12_balanced,1,true_behavior_fixed_em,100,1.449923038482666,1.4500988721847534,0.5,0.06080935455028563,0.3999999761581421,0.5133442878723145,1.6708697310089502,False,0.04361675418204406,0.8220064724919094,0.0061089519820247155,0.5938511326860841,1
0.0,0.1,confounded,logger12_balanced,1,true_behavior_fixed_em,200,1.3485603332519531,1.348858118057251,0.5,0.04704945349625744,0.3999999761581421,0.5134953856468201,1.6711222147811822,False,0.03659448663102306,0.9029126213592233,0.0065589444797975,0.5896440129449838,2
0.0,0.1,confounded,logger12_balanced,1,true_behavior_fixed_em,300,1.2535364627838135,1.253709077835083,0.5,0.057783912565111235,0.3999999761581421,0.5135979056358337,1.6712935469946202,False,0.046857839936835025,0.8802588996763754,0.006379704726126443,0.5922330097087378,3
0.0,0.1,confounded,logger12_balanced,1,true_behavior_fixed_em,400,1.155725359916687,1.157515048980713,0.5,0.04921987857639021,0.3999999761581421,0.5136423110961914,1.6713677632017576,False,0.04023702719659759,0.8932038834951457,0.006456207509086939,0.594822006472492,4
0.0,0.1,confounded,logger12_balanced,1,true_behavior_fixed_em,500,1.0580955743789673,1.0593756437301636,0.5,0.04584941497421355,0.3999999761581421,0.5139083862304688,1.6718125317720829,False,0.035995382844225564,0.8996763754045307,0.00653642626410837,0.5954692556634305,5
0.0,0.1,confounded,logger12_balanced,1,true_behavior_fixed_em,600,0.9647256731987,0.9659692049026489,0.5,0.05001131513886933,0.3999999761581421,0.5141543745994568,1.6722238287950952,False,0.03619958995408267,0.9029126213592233,0.006554142023682939,0.5964401294498382,6
0.0,0.1,confounded,logger12_balanced,1,true_behavior_fixed_em,700,0.8735293745994568,0.8760448694229126,0.5,0.04406425643051185,0.3999999761581421,0.514125406742096,1.6721753887553528,False,0.03518220670683057,0.8737864077669902,0.006458790782372072,0.5957928802588996,7
0.0,0.1,confounded,logger12_balanced,1,true_behavior_fixed_em,800,0.7822790145874023,0.7847726345062256,0.5,0.04323799574697707,0.3999999761581421,0.5145314931869507,1.672854574408856,False,0.03401153459336055,0.9029126213592233,0.006542980803289922,0.5967637540453075,8
0.0,0.1,confounded,logger12_balanced,1,true_behavior_fixed_em,900,0.7063559293746948,0.713009774684906,0.5,0.042581010366065125,0.3999999761581421,0.5148993730545044,1.673470097140395,False,0.05047092013358741,0.9093851132686084,0.006593816526100643,0.5880258899676375,9
0.0,0.1,confounded,logger12_balanced,1,true_behavior_fixed_em,1000,0.6122031211853027,0.6148682236671448,0.5,0.04076584648342323,0.3999999761581421,0.5149257779121399,1.673514285463458,False,0.0349750338763868,0.8996763754045307,0.006519133002356168,0.5983818770226538,10
0.0,0.1,confounded,logger12_balanced,1,true_behavior_fixed_em,1100,0.5295515656471252,0.5330287218093872,0.5,0.041665860788659165,0.3999999761581421,0.5153880715370178,1.6742881193042138,False,0.03481960703876347,0.8996763754045307,0.006533602748332473,0.5964401294498382,11
0.0,0.1,confounded,logger12_balanced,1,true_behavior_fixed_em,1200,0.44946616888046265,0.456382155418396,0.5,0.043951872990267045,0.3999999761581421,0.5161855220794678,1.675623813777528,False,0.03483205443331292,0.9061488673139159,0.006574736294784073,0.5980582524271845,12
0.0,0.1,confounded,logger12_balanced,1,true_behavior_fixed_em,1300,0.3815265893936157,0.38927513360977173,0.5,0.04448379015665887,0.3999999761581421,0.5172993540763855,1.6774912169897733,False,0.04201716338288858,0.9061488673139159,0.006572624738650479,0.5957928802588996,13
0.0,0.1,confounded,logger12_balanced,1,true_behavior_fixed_em,1400,0.3104666471481323,0.31631776690483093,0.5,0.046140923445632,0.3999999761581421,0.5177668333053589,1.6782755926158732,False,0.03582020834222109,0.9029126213592233,0.006563728215024501,0.5983818770226538,14
0.0,0.1,confounded,logger12_balanced,1,true_behavior_fixed_em,1500,0.25469279289245605,0.26133182644844055,0.5,0.043073518010037705,0.3999999761581421,0.5172904133796692,1.6774762191166037,False,0.03717472240283982,0.9029126213592233,0.006573359489852582,0.5957928802588996,15
0.0,0.1,confounded,logger12_balanced,1,true_behavior_fixed_em,1600,0.19552648067474365,0.20725122094154358,0.5,0.05347868479415495,0.3999999761581421,0.5192219018936157,1.680719376218335,False,0.03535795564375876,0.9061488673139159,0.00656801284976908,0.5983818770226538,16
0.0,0.1,confounded,logger12_balanced,1,true_behavior_fixed_em,1700,0.14749987423419952,0.16595512628555298,0.5,0.055841850550690186,0.3999999761581421,0.519279956817627,1.680816953086387,False,0.036372688275637194,0.9029126213592233,0.006573359489852582,0.598705501618123,17
0.0,0.1,confounded,logger12_balanced,1,true_behavior_fixed_em,1800,0.11091569066047668,0.12906402349472046,0.5,0.05431636787426171,0.3999999761581421,0.5205686092376709,1.6829843381236849,False,0.04000236135756681,0.9029126213592233,0.006573359489852582,0.601294498381877,18
0.0,0.1,confounded,logger12_balanced,1,true_behavior_fixed_em,1900,0.10599183291196823,0.12654730677604675,0.5,0.041665333029913446,0.3999999761581421,0.516961395740509,1.6769243906368725,False,0.04390492095917006,0.8932038834951457,0.006524813438486659,0.5938511326860841,19
0.0,0.1,confounded,logger12_balanced,1,true_behavior_fixed_em,2000,0.021585047245025635,0.04011041671037674,0.5,0.055125212519187665,0.3999999761581421,0.5198675394058228,1.6818048620726012,False,0.03297078227652496,0.8996763754045307,0.006570569283935561,0.6067961165048543,20
0.0,0.1,confounded,logger12_balanced,1,true_behavior_fixed_em,2100,0.004463183227926493,0.021994465962052345,0.5,0.051353381760754414,0.3999999761581421,0.5188357830047607,1.6800705439915629,False,0.03450873254959942,0.8996763754045307,0.006553133541550006,0.6187702265372168,21
0.0,0.1,confounded,logger12_balanced,1,true_behavior_fixed_em,2200,0.004463183227926493,0.021994465962052345,0.5,0.051353381760754414,0.3999999761581421,0.5188357830047607,1.6800705439915629,False,0.03450873254959942,0.8996763754045307,0.006553133541550006,0.6187702265372168,22
0.0,0.1,confounded,logger12_balanced,1,true_behavior_fixed_em,2300,-0.030167285352945328,-0.006759566254913807,0.5,0.06929840966835815,0.3999999761581421,0.5178765058517456,1.678459663467229,False,0.03284427019258099,0.9061488673139159,0.0065774436936093935,0.6757281553398058,23
0.0,0.1,confounded,logger12_balanced,1,true_behavior_fixed_em,2400,-0.03150559216737747,-0.005302059464156628,0.5,0.07448120210745221,0.3999999761581421,0.5091156363487244,1.6638191229637056,False,0.03408557170146066,0.8932038834951457,0.006534531329659146,0.7100323624595469,24
0.0,0.1,confounded,logger12_balanced,1,true_behavior_fixed_em,2500,-0.04925410822033882,-0.016412967815995216,0.5,0.07923806937026259,0.3999999761581421,0.5020824670791626,1.652158255931285,False,0.03429963835388524,0.8932038834951457,0.006543545692369975,0.7482200647249191,25
0.0,0.1,confounded,logger12_balanced,1,true_behavior_fixed_em,2600,-0.07837455719709396,-0.046884723007678986,0.5,0.08773694239223795,0.3999999761581421,0.48989731073379517,1.6321486072067,False,0.031535058227776455,0.8996763754045307,0.006555296022545599,0.7818770226537217,26
0.0,0.1,confounded,logger12_balanced,1,true_behavior_fixed_em,2700,-0.11034751683473587,-0.08392162621021271,0.5,0.09578875336756079,0.3999999761581421,0.473244845867157,1.6051943600699339,False,0.0273184332262941,0.8932038834951457,0.006543545692369975,0.8080906148867314,27
0.0,0.1,confounded,logger12_balanced,1,true_behavior_fixed_em,2800,-0.13016141951084137,-0.10764595866203308,0.5,0.11310547785824748,0.3999999761581421,0.4328867793083191,1.5417016582906633,False,0.027223574510181474,0.8996763754045307,0.006573634003446117,0.8566343042071197,28
0.0,0.1,confounded,logger12_balanced,1,true_behavior_fixed_em,2900,-0.16735731065273285,-0.14325952529907227,0.5,0.12469998212652425,0.3999999761581421,0.38174691796302795,1.4648413131936961,False,0.022611152248541683,0.889967637540453,0.006529702373726325,0.916504854368932,29
0.0,0.1,confounded,logger12_balanced,1,true_behavior_fixed_em,3000,-0.21192577481269836,-0.18501952290534973,0.5,0.14799724750730078,0.3999999761581421,0.2805265188217163,1.3238266485197911,False,0.021814561513643436,0.883495145631068,0.006462353436519547,0.9867313915857605,30
0.0,0.1,confounded,logger12_balanced,1,oracle_reward_fixed_learn_behavior,0,-0.6506949663162231,-0.5558379292488098,0.5,0.20320646648894822,0.0,0.0026525261346250772,1.0026560471946189,False,0.01171155772329287,0.2297734627831715,0.0010338059720287685,0.9983818770226537,
0.0,0.1,confounded,logger12_balanced,1,oracle_reward_fixed_learn_behavior,300,-0.7596748471260071,-0.664408802986145,0.5,0.20320646648894822,0.1580590456724167,0.0025704882573336363,1.0025737947948057,False,0.01171155772329287,0.2297734627831715,0.0010338059720287685,0.9983818770226537,
0.0,0.1,confounded,logger12_balanced,1,oracle_reward_fixed_learn_behavior,750,-0.8229370713233948,-0.7273254990577698,0.5,0.20320646648894822,0.29102516174316406,0.0025721201673150063,1.0025754309063235,False,0.01171155772329287,0.2297734627831715,0.0010338059720287685,0.9980582524271845,
0.0,0.1,confounded,logger12_balanced,1,oracle_reward_fixed_learn_behavior,1500,-0.8487844467163086,-0.7528804540634155,0.5,0.20320646648894822,0.3654152750968933,0.0026524809654802084,1.0026560019055035,False,0.01171155772329287,0.2297734627831715,0.0010338059720287685,0.9983818770226537,
0.0,0.1,confounded,logger12_balanced,1,oracle_reward_fixed_learn_behavior,2250,-0.8528820276260376,-0.7568475008010864,0.5,0.20320646648894822,0.38891980051994324,0.002712173853069544,1.002715855123904,False,0.01171155772329287,0.2297734627831715,0.0010338059720287685,0.9980582524271845,
0.0,0.1,confounded,logger12_balanced,1,oracle_reward_fixed_learn_behavior,3000,-0.8532990217208862,-0.7572290897369385,0.5,0.20320646648894822,0.39613980054855347,0.0027395146898925304,1.002743270589258,False,0.01171155772329287,0.2297734627831715,0.0010338059720287685,0.9980582524271845,
0.0,0.1,confounded,logger12_balanced,1,oracle_initialized_joint,0,-0.8533467650413513,-0.7572545409202576,0.5,0.20320646648894822,0.3999999761581421,0.002747431630268693,1.002751209279369,False,0.01171155772329287,0.2297734627831715,0.0010338059720287685,0.9980582524271845,
0.0,0.1,confounded,logger12_balanced,1,oracle_initialized_joint,300,-1.137189269065857,-0.960724949836731,0.5012577176094055,0.19916526660587686,0.394016832113266,0.002241856651380658,1.0022443714909555,False,0.011220206675250345,0.24919093851132687,0.0009699885763484171,0.998705501618123,
0.0,0.1,confounded,logger12_balanced,1,oracle_initialized_joint,750,-1.3384864330291748,-0.9369882941246033,0.49934151768684387,0.20282020012815966,0.3984023928642273,0.0009079053997993469,1.000908317670665,False,0.012831088684356421,0.19093851132686085,0.0006315575551240143,0.9983818770226537,
0.0,0.1,confounded,logger12_balanced,1,oracle_initialized_joint,1500,-1.858664870262146,-0.8616820573806763,0.49789750576019287,0.20051342234374273,0.3970355987548828,2.0979258863462746e-07,1.0000002097926106,False,0.010336335347758413,0.23300970873786409,0.0007932147108114447,1.0,
0.0,0.1,confounded,logger12_balanced,1,oracle_initialized_joint,2250,-1.9656652212142944,-0.4782949686050415,0.4981923997402191,0.20327660801310327,0.398285448551178,0.00012372298806440085,1.000123730642069,False,0.010242751274430698,0.23300970873786409,0.0006827417310968774,1.0,
0.0,0.1,confounded,logger12_balanced,1,oracle_initialized_joint,3000,-1.2496920824050903,0.7864479422569275,0.4956865608692169,0.20068440556914066,0.3973674774169922,2.0474494988320657e-08,1.0000000204744952,False,0.012828779125434094,0.18122977346278318,0.0006001550904539472,1.0,
0.0,0.1,confounded,logger12_balanced,2,collapsed_constrained_reference,0,2.5423717498779297,2.744720697402954,0.5,0.0,0.0,0.6931471805599453,2.0,True,0.5055182626002608,0.5598705501618123,0.0031943731255504168,0.5,
0.0,0.1,confounded,logger12_balanced,2,collapsed_constrained_reference,300,1.561777949333191,1.5632725954055786,0.5,0.0,0.0,0.6931471805599453,2.0,True,0.03971730902854595,0.9061488673139159,0.006561304728623873,0.5,
0.0,0.1,confounded,logger12_balanced,2,collapsed_constrained_reference,750,1.0075187683105469,1.009311318397522,0.5,0.0,0.0,0.6931471805599453,2.0,True,0.04194456225196547,0.9093851132686084,0.006593816526100643,0.5,
0.0,0.1,confounded,logger12_balanced,2,collapsed_constrained_reference,1500,0.3511752784252167,0.36460402607917786,0.5,0.0,0.0,0.6931471805599453,2.0,True,0.046007690164527,0.9093851132686084,0.006572140373765668,0.5,
0.0,0.1,confounded,logger12_balanced,2,collapsed_constrained_reference,2250,0.05976324528455734,0.09151042252779007,0.5,0.0,0.0,0.6931471805599453,2.0,True,0.041361935204795364,0.9061488673139159,0.006591026320183619,0.5,
0.0,0.1,confounded,logger12_balanced,2,collapsed_constrained_reference,3000,-0.019415685907006264,0.025118010118603706,0.5,0.0,0.0,0.6931471805599453,2.0,True,0.041377638622154586,0.9093851132686084,0.006593816526100643,0.5,
0.0,0.1,confounded,logger12_balanced,2,true_behavior_fixed,0,2.0310449600219727,2.220014810562134,0.5,0.01086637223474431,0.3999999761581421,0.5130065083503723,1.6703054407381965,False,0.49751633749198465,0.23624595469255663,0.0019030649774004875,0.5019417475728155,
0.0,0.1,confounded,logger12_balanced,2,true_behavior_fixed,300,1.2495076656341553,1.2507405281066895,0.5,0.038127702508042836,0.3999999761581421,0.5134321451187134,1.6710165354714315,False,0.033941403406917856,0.8802588996763754,0.006413598079572997,0.5938511326860841,
0.0,0.1,confounded,logger12_balanced,2,true_behavior_fixed,750,0.8264138698577881,0.8288358449935913,0.5,0.04496391005640397,0.3999999761581421,0.5144924521446228,1.6727892656974768,False,0.03677915165197916,0.8996763754045307,0.006506492022999619,0.5967637540453075,
0.0,0.1,confounded,logger12_balanced,2,true_behavior_fixed,1500,0.2567070424556732,0.2696238160133362,0.5,0.04899597626550414,0.3999999761581421,0.5180615782737732,1.6787703288093294,False,0.04099415170255085,0.9029126213592233,0.00653920120160104,0.598705501618123,
0.0,0.1,confounded,logger12_balanced,2,true_behavior_fixed,2250,-0.0446455143392086,-0.029442518949508667,0.5,0.10184749802596144,0.3999999761581421,0.49246007204055786,1.6363367788540208,False,0.027829782915435065,0.8996763754045307,0.006482368628932026,0.7669902912621359,
0.0,0.1,confounded,logger12_balanced,2,true_behavior_fixed,3000,-0.5842952728271484,-0.5211659073829651,0.5,0.1914888008329763,0.3999999761581421,0.017071442678570747,1.0172179925074087,False,0.01583763890138007,0.6019417475728155,0.0030524627401636055,0.9990291262135922,
0.0,0.1,confounded,logger12_balanced,2,true_behavior_fixed_em,0,2.0310449600219727,2.220014810562134,0.5,0.01086637223474431,0.3999999761581421,0.5130065083503723,1.6703054407381965,False,0.49751633749198465,0.23624595469255663,0.0019030649774004875,0.5019417475728155,0
0.0,0.1,confounded,logger12_balanced,2,true_behavior_fixed_em,100,1.4484267234802246,1.449017882347107,0.5,0.0576290591321328,0.3999999761581421,0.5133333802223206,1.670851505846136,False,0.03474137901304383,0.8640776699029126,0.006214603355858676,0.5964401294498382,1
0.0,0.1,confounded,logger12_balanced,2,true_behavior_fixed_em,200,1.349002718925476,1.3495821952819824,0.5,0.046948744397714494,0.3999999761581421,0.5134575963020325,1.6710590653608206,False,0.04214722580698794,0.8996763754045307,0.006522052014561936,0.5935275080906149,2
0.0,0.1,confounded,logger12_balanced,2,true_behavior_fixed_em,300,1.249531626701355,1.2507482767105103,0.5,0.03735609800536527,0.3999999761581421,0.5134244561195374,1.6710036870760627,False,0.03410914995641329,0.883495145631068,0.006417646941698073,0.5935275080906149,3
0.0,0.1,confounded,logger12_balanced,2,true_behavior_fixed_em,400,1.1540457010269165,1.1546504497528076,0.5,0.03917673042335228,0.3999999761581421,0.5135448575019836,1.6712048903423922,False,0.04197174367048265,0.883495145631068,0.006415237490265548,0.5925566343042071,4
0.0,0.1,confounded,logger12_balanced,2,true_behavior_fixed_em,500,1.0583943128585815,1.060094952583313,0.5,0.03715021109729171,0.3999999761581421,0.5135747194290161,1.6712547964860271,False,0.03417578593400402,0.883495145631068,0.006377194961791181,0.5932038834951456,5
0.0,0.1,confounded,logger12_balanced,2,true_behavior_fixed_em,600,0.9658898115158081,0.9675987958908081,0.5,0.036321287751542336,0.3999999761581421,0.5136008262634277,1.6712984282277994,False,0.037389072980024946,0.8640776699029126,0.006219712218807524,0.5935275080906149,6
0.0,0.1,confounded,logger12_balanced,2,true_behavior_fixed_em,700,0.872565507888794,0.8755950927734375,0.5,0.03757369373184265,0.3999999761581421,0.5138400197029114,1.6716982396614806,False,0.035272850104978354,0.8737864077669902,0.006276985365975817,0.5954692556634305,7
0.0,0.1,confounded,logger12_balanced,2,true_behavior_fixed_em,800,0.7847368121147156,0.7881812453269958,0.5,0.03388935953893132,0.3999999761581421,0.5140554904937744,1.6720584806125725,False,0.038923551179499145,0.8867313915857605,0.00641539474667788,0.5938511326860841,8
0.0,0.1,confounded,logger12_balanced,2,true_behavior_fixed_em,900,0.6933037638664246,0.6970376372337341,0.5,0.05167186692544666,0.3999999761581421,0.5153370499610901,1.6742026966650272,False,0.034732354636203513,0.8996763754045307,0.006555938406621266,0.5983818770226538,9
0.0,0.1,confounded,logger12_balanced,2,true_behavior_fixed_em,1000,0.6123166084289551,0.6176345348358154,0.5,0.03586711024401157,0.3999999761581421,0.5148906707763672,1.673455534201521,False,0.03791902512929894,0.9029126213592233,0.0065761614687324735,0.594822006472492,10
0.0,0.1,confounded,logger12_balanced,2,true_behavior_fixed_em,1100,0.5299429893493652,0.5344251990318298,0.5,0.040484810973245265,0.3999999761581421,0.5158274173736572,1.6750238724319668,False,0.041956018749800914,0.9029126213592233,0.00653920120160104,0.5954692556634305,11
0.0,0.1,confounded,logger12_balanced,2,true_behavior_fixed_em,1200,0.455094575881958,0.46214109659194946,0.5,0.0411608036251652,0.3999999761581421,0.5157697200775146,1.6749272308715584,False,0.0384846392040538,0.8964401294498382,0.006528246283133266,0.596116504854369,12
0.0,0.1,confounded,logger12_balanced,2,true_behavior_fixed_em,1300,0.38344892859458923,0.3903745710849762,0.5,0.04839949219246233,0.3999999761581421,0.5169514417648315,1.676907698655351,False,0.036671238071863295,0.8996763754045307,0.006527176357831883,0.5980582524271845,13
0.0,0.1,confounded,logger12_balanced,2,true_behavior_fixed_em,1400,0.32006576657295227,0.32634133100509644,0.5,0.037384504155744305,0.3999999761581421,0.5166136026382446,1.6763412693094557,False,0.038542864404832324,0.9061488673139159,0.006585384333621739,0.5954692556634305,14
0.0,0.1,confounded,logger12_balanced,2,true_behavior_fixed_em,1500,0.25595152378082275,0.26866886019706726,0.5,0.04341146925107969,0.3999999761581421,0.5177356600761414,1.678223276161575,False,0.04065948917446265,0.9061488673139159,0.006560514162950836,0.5990291262135923,15
0.0,0.1,confounded,logger12_balanced,2,true_behavior_fixed_em,1600,0.21064677834510803,0.23099921643733978,0.5,0.05510247380820364,0.3999999761581421,0.5191031694412231,1.6805198321314267,False,0.043284727130265904,0.9061488673139159,0.006555612454468348,0.5951456310679611,16
0.0,0.1,confounded,logger12_balanced,2,true_behavior_fixed_em,1700,0.1440393328666687,0.1577758491039276,0.5,0.050586190275930525,0.3999999761581421,0.5199565291404724,1.6819545321004588,False,0.03828256858685508,0.9029126213592233,0.006542497711460603,0.5980582524271845,17
0.0,0.1,confounded,logger12_balanced,2,true_behavior_fixed_em,1800,0.10397432744503021,0.12539462745189667,0.5,0.05047868661504315,0.3999999761581421,0.5203092694282532,1.6825479298776445,False,0.03748046802789225,0.9061488673139159,0.006585384333621739,0.6,18
0.0,0.1,confounded,logger12_balanced,2,true_behavior_fixed_em,1900,0.08829012513160706,0.10977715253829956,0.5,0.052406215373551855,0.3999999761581421,0.5193092823028564,1.6808662445818632,False,0.04124078971460471,0.9029126213592233,0.00653920120160104,0.6029126213592233,19
0.0,0.1,confounded,logger12_balanced,2,true_behavior_fixed_em,2000,0.040254708379507065,0.05663733184337616,0.5,0.06197362216799637,0.3999999761581421,0.5190042853355408,1.6803536636465912,False,0.03867723902398665,0.9029126213592233,0.006520338272421783,0.6210355987055016,20
0.0,0.1,confounded,logger12_balanced,2,true_behavior_fixed_em,2100,1.1063254532928113e-05,0.0127256503328681,0.5,0.06593347825082259,0.3999999761581421,0.5178806185722351,1.678466566516873,False,0.03471439675680259,0.9029126213592233,0.006542497711460603,0.6440129449838188,21
0.0,0.1,confounded,logger12_balanced,2,true_behavior_fixed_em,2200,-0.011065914295613766,0.007331653498113155,0.5,0.07090598402425939,0.3999999761581421,0.5108811259269714,1.6667591728354236,False,0.032997048848332454,0.8867313915857605,0.006431071844304732,0.672168284789644,22
0.0,0.1,confounded,logger12_balanced,2,true_behavior_fixed_em,2300,-0.04278140142560005,-0.022374140098690987,0.5,0.07382004504560045,0.3999999761581421,0.509616494178772,1.6646526685257104,False,0.03194916365603393,0.9029126213592233,0.006573359489852582,0.7022653721682848,23
0.0,0.1,confounded,logger12_balanced,2,true_behavior_fixed_em,2400,-0.0720871090888977,-0.045018941164016724,0.5,0.08366934926777249,0.3999999761581421,0.5003509521484375,1.6492999945184987,False,0.02992257552459524,0.8996763754045307,0.006508313428652625,0.7508090614886731,24
0.0,0.1,confounded,logger12_balanced,2,true_behavior_fixed_em,2500,-0.08740746229887009,-0.061299823224544525,0.5,0.08643711238233462,0.3999999761581421,0.4911471903324127,1.6341898718545405,False,0.027718367492423217,0.8996763754045307,0.006515884699603524,0.7741100323624596,25
0.0,0.1,confounded,logger12_balanced,2,true_behavior_fixed_em,2600,-0.10755471885204315,-0.08110743761062622,0.5,0.098275361629515,0.3999999761581421,0.47070401906967163,1.6011210162466578,False,0.02671981375049474,0.9029126213592233,0.006562067831624223,0.8019417475728156,26
0.0,0.1,confounded,logger12_balanced,2,true_behavior_fixed_em,2700,-0.10755471885204315,-0.08110743761062622,0.5,0.098275361629515,0.3999999761581421,0.47070401906967163,1.6011210162466578,False,0.02671981375049474,0.9029126213592233,0.006562067831624223,0.8019417475728156,27
0.0,0.1,confounded,logger12_balanced,2,true_behavior_fixed_em,2800,-0.129658043384552,-0.10973451286554337,0.5,0.11351081779139396,0.3999999761581421,0.4333607256412506,1.5424325153179077,False,0.024516292017612813,0.883495145631068,0.006440099286076361,0.8365695792880259,28
0.0,0.1,confounded,logger12_balanced,2,true_behavior_fixed_em,2900,-0.15972918272018433,-0.13220834732055664,0.5,0.1267297475666791,0.3999999761581421,0.37841877341270447,1.4599742132587181,False,0.02355338755189598,0.8932038834951457,0.006465412427701026,0.9284789644012945,29
0.0,0.1,confounded,logger12_balanced,2,true_behavior_fixed_em,3000,-0.21756099164485931,-0.18821419775485992,0.5,0.1465001099840094,0.3999999761581421,0.2823333144187927,1.3262206948044901,False,0.02092552081442907,0.883495145631068,0.006356238283168655,0.9851132686084142,30
0.0,0.1,confounded,logger12_balanced,2,oracle_reward_fixed_learn_behavior,0,-0.6731754541397095,-0.5957610607147217,0.5,0.19997518268061823,0.0,0.001708496711216867,1.0017099570232506,False,0.011278104392415044,0.23948220064724918,0.0008636435105380466,1.0,
0.0,0.1,confounded,logger12_balanced,2,oracle_reward_fixed_learn_behavior,300,-0.7816294431686401,-0.703760027885437,0.5,0.19997518268061823,0.15878239274024963,0.0017316215671598911,1.0017331216895422,False,0.011278104392415044,0.23948220064724918,0.0008636435105380466,1.0,
0.0,0.1,confounded,logger12_balanced,2,oracle_reward_fixed_learn_behavior,750,-0.8449623584747314,-0.7666779160499573,0.5,0.19997518268061823,0.28886866569519043,0.0017929953755810857,1.0017946037529168,False,0.011278104392415044,0.23948220064724918,0.0008636435105380466,1.0,
0.0,0.1,confounded,logger12_balanced,2,oracle_reward_fixed_learn_behavior,1500,-0.8712830543518066,-0.792660653591156,0.5,0.19997518268061823,0.3666299283504486,0.001874552108347416,1.0018763101795112,False,0.011278104392415044,0.23948220064724918,0.0008636435105380466,1.0,
0.0,0.1,confounded,logger12_balanced,2,oracle_reward_fixed_learn_behavior,2250,-0.87531977891922,-0.7965474724769592,0.5,0.19997518268061823,0.3895602226257324,0.0019225572468712926,1.0019244065449924,False,0.011278104392415044,0.23948220064724918,0.0008636435105380466,0.9996763754045307,
0.0,0.1,confounded,logger12_balanced,2,oracle_reward_fixed_learn_behavior,3000,-0.8757826685905457,-0.7969600558280945,0.5,0.19997518268061823,0.395473450422287,0.001943300710991025,1.0019451901435312,False,0.011278104392415044,0.23948220064724918,0.0008636435105380466,0.9996763754045307,
0.0,0.1,confounded,logger12_balanced,2,oracle_initialized_joint,0,-0.8758308291435242,-0.7969839572906494,0.5,0.19997518268061823,0.3999999761581421,0.0019516671309247613,1.0019535728728093,False,0.011278104392415044,0.23948220064724918,0.0008636435105380466,0.9996763754045307,
0.0,0.1,confounded,logger12_balanced,2,oracle_initialized_joint,300,-1.1615962982177734,-0.9953943490982056,0.5014223456382751,0.2007580053717099,0.398576021194458,0.0009943778859451413,1.0009948724435473,False,0.010786085908450036,0.21359223300970873,0.0007179583549229623,0.9996763754045307,
0.0,0.1,confounded,logger12_balanced,2,oracle_initialized_joint,750,-1.4247230291366577,-1.024552583694458,0.4997366964817047,0.20022135694098456,0.39778733253479004,0.00027027601026929915,1.000270312538121,False,0.011246453966651828,0.22006472491909385,0.0007071000491298653,1.0,
0.0,0.1,confounded,logger12_balanced,2,oracle_initialized_joint,1500,-1.090560793876648,-0.15905483067035675,0.4949513077735901,0.20520660318183068,0.39828866720199585,0.000268688629148528,1.0002687247291715,False,0.015018408852793467,0.2750809061488673,0.0009438594667437625,1.0,
0.0,0.1,confounded,logger12_balanced,2,oracle_initialized_joint,2250,-2.019777297973633,-0.5029735565185547,0.4992552399635315,0.19907055645347874,0.3985752761363983,5.6552471039417185e-11,1.0000000000565525,False,0.00932313943896034,0.15857605177993528,0.0005244918291943681,1.0,
0.0,0.1,confounded,logger12_balanced,2,oracle_initialized_joint,3000,-2.183107614517212,-0.6368956565856934,0.4984722435474396,0.19992139902552655,0.397615522146225,0.00013491787831299007,1.0001349269801392,False,0.00834424032872914,0.18122977346278318,0.0005541617632610454,1.0,
0.0,0.1,confounded,logger12_balanced,3,collapsed_constrained_reference,0,2.50911545753479,2.693031072616577,0.5,0.0,0.0,0.6931471805599453,2.0,True,0.4970879494028779,0.8964401294498382,0.006621920732578732,0.5,
0.0,0.1,confounded,logger12_balanced,3,collapsed_constrained_reference,300,1.566025972366333,1.5676873922348022,0.5,0.0,0.0,0.6931471805599453,2.0,True,0.04431000995443146,0.9093851132686084,0.006589534494497018,0.5,
0.0,0.1,confounded,logger12_balanced,3,collapsed_constrained_reference,750,1.0129315853118896,1.0146374702453613,0.5,0.0,0.0,0.6931471805599453,2.0,True,0.04589586679945371,0.912621359223301,0.0065969030507498985,0.5,
0.0,0.1,confounded,logger12_balanced,3,collapsed_constrained_reference,1500,0.34672537446022034,0.36032968759536743,0.5,0.0,0.0,0.6931471805599453,2.0,True,0.03970815082399949,0.9061488673139159,0.0065757530587936585,0.5,
0.0,0.1,confounded,logger12_balanced,3,collapsed_constrained_reference,2250,0.04653706029057503,0.09020961821079254,0.5,0.0,0.0,0.6931471805599453,2.0,True,0.04319965649829278,0.9093851132686084,0.006593816526100643,0.5,
0.0,0.1,confounded,logger12_balanced,3,collapsed_constrained_reference,3000,-0.027400052174925804,0.021899808198213577,0.5,0.0,0.0,0.6931471805599453,2.0,True,0.04117275441637988,0.9093851132686084,0.006587003636213636,0.5,
0.0,0.1,confounded,logger12_balanced,3,true_behavior_fixed,0,2.0402588844299316,2.2256414890289307,0.5,0.013621341840817173,0.3999999761581421,0.512904942035675,1.6701358025850688,False,0.49423248562410016,0.2168284789644013,0.0019131192241531624,0.5093851132686085,
0.0,0.1,confounded,logger12_balanced,3,true_behavior_fixed,300,1.251796841621399,1.2530332803726196,0.5,0.052913977632124395,0.3999999761581421,0.5136226415634155,1.671334888502075,False,0.03599220444028578,0.9061488673139159,0.006586675079006155,0.597411003236246,
0.0,0.1,confounded,logger12_balanced,3,true_behavior_fixed,750,0.8284021019935608,0.8298043608665466,0.5,0.05635223834272135,0.3999999761581421,0.5149080753326416,1.6734846602060005,False,0.0354676711339301,0.8996763754045307,0.006512025142430194,0.598705501618123,
0.0,0.1,confounded,logger12_balanced,3,true_behavior_fixed,1500,0.247209370136261,0.256890207529068,0.5,0.05330390382743101,0.3999999761581421,0.5186565518379211,1.6797694499711127,False,0.03216440392810653,0.9029126213592233,0.006517951497459899,0.598705501618123,
0.0,0.1,confounded,logger12_balanced,3,true_behavior_fixed,2250,-0.04500418156385422,-0.023104306310415268,0.5,0.09589022095354734,0.3999999761581421,0.4959152042865753,1.642000317326939,False,0.026586917934287312,0.9029126213592233,0.006509587171543897,0.7550161812297734,
0.0,0.1,confounded,logger12_balanced,3,true_behavior_fixed,3000,-0.5633907914161682,-0.49209800362586975,0.5,0.19236315121166775,0.3999999761581421,0.02351113222539425,1.0237896977408638,False,0.014818032920935094,0.5598705501618123,0.0026191276521136384,0.998705501618123,
0.0,0.1,confounded,logger12_balanced,3,true_behavior_fixed_em,0,2.0402588844299316,2.2256414890289307,0.5,0.013621341840817173,0.3999999761581421,0.512904942035675,1.6701358025850688,False,0.49423248562410016,0.2168284789644013,0.0019131192241531624,0.5093851132686085,0
0.0,0.1,confounded,logger12_balanced,3,true_behavior_fixed_em,100,1.4520071744918823,1.452434778213501,0.5,0.054397732890938855,0.3999999761581421,0.513346791267395,1.6708739138612507,False,0.040824995282876926,0.8964401294498382,0.006470905541223362,0.5912621359223301,1
0.0,0.1,confounded,logger12_balanced,3,true_behavior_fixed_em,200,1.3511430025100708,1.3520536422729492,0.5,0.05393285434552372,0.3999999761581421,0.5134723782539368,1.6710837670581233,False,0.04179179040101472,0.8964401294498382,0.006498879576489208,0.5957928802588996,2
0.0,0.1,confounded,logger12_balanced,3,true_behavior_fixed_em,300,1.2517168521881104,1.2529022693634033,0.5,0.05214996330799083,0.3999999761581421,0.5136163830757141,1.671324428505962,False,0.03569056392919024,0.9061488673139159,0.006586675079006155,0.5980582524271845,3
0.0,0.1,confounded,logger12_balanced,3,true_behavior_fixed_em,400,1.1549832820892334,1.156503677368164,0.5,0.04831130609290078,0.3999999761581421,0.5137872099876404,1.6716099600844552,False,0.03995988908845106,0.9061488673139159,0.006565544478957287,0.5983818770226538,4
0.0,0.1,confounded,logger12_balanced,3,true_behavior_fixed_em,500,1.0597214698791504,1.0615042448043823,0.5,0.059075346172054996,0.3999999761581421,0.5139811635017395,1.6719342061537326,False,0.03344315775588838,0.8996763754045307,0.006560243025303627,0.598705501618123,5
0.0,0.1,confounded,logger12_balanced,3,true_behavior_fixed_em,600,0.9660668969154358,0.968513548374176,0.5,0.04688695153954704,0.3999999761581421,0.5140494108200073,1.6720483150733922,False,0.035675370494016,0.9061488673139159,0.006536323157481404,0.5980582524271845,6
0.0,0.1,confounded,logger12_balanced,3,true_behavior_fixed_em,700,0.8730830550193787,0.8751477003097534,0.5,0.04528877075890886,0.3999999761581421,0.514464259147644,1.6727421054195608,False,0.037019935878930404,0.9093851132686084,0.006574953596921384,0.5993527508090615,7
0.0,0.1,confounded,logger12_balanced,3,true_behavior_fixed_em,800,0.7842245101928711,0.7856512665748596,0.5,0.04619329090388841,0.3999999761581421,0.5146514773368835,1.673055302484781,False,0.037710473026009765,0.9093851132686084,0.006560785954403886,0.598705501618123,8
0.0,0.1,confounded,logger12_balanced,3,true_behavior_fixed_em,900,0.694907546043396,0.6973568201065063,0.5,0.04389793551604346,0.3999999761581421,0.5150949954986572,1.673797497473397,False,0.03629488834692941,0.9093851132686084,0.006593816526100643,0.598705501618123,9
0.0,0.1,confounded,logger12_balanced,3,true_behavior_fixed_em,1000,0.6119769811630249,0.6163627505302429,0.5,0.047592541114091384,0.3999999761581421,0.5159105062484741,1.675163054062961,False,0.03962428194576642,0.9093851132686084,0.006593816526100643,0.596116504854369,10
0.0,0.1,confounded,logger12_balanced,3,true_behavior_fixed_em,1100,0.5329716205596924,0.5370376706123352,0.5,0.04325641160994337,0.3999999761581421,0.5156280994415283,1.6746900434076075,False,0.038250112821275904,0.9029126213592233,0.006537815107659594,0.5990291262135923,11
0.0,0.1,confounded,logger12_balanced,3,true_behavior_fixed_em,1200,0.4531804919242859,0.4589217007160187,0.5,0.04920017381518058,0.3999999761581421,0.5174019932746887,1.6776634021797696,False,0.03666344232650016,0.9093851132686084,0.006593816526100643,0.5993527508090615,12
0.0,0.1,confounded,logger12_balanced,3,true_behavior_fixed_em,1300,0.3869314193725586,0.39393794536590576,0.5,0.038214018909535366,0.3999999761581421,0.5164220333099365,1.6760201644963777,False,0.03989530238333082,0.9061488673139159,0.006532066974760247,0.597411003236246,13
0.0,0.1,confounded,logger12_balanced,3,true_behavior_fixed_em,1400,0.3072691559791565,0.31511905789375305,0.5,0.04813365560375036,0.3999999761581421,0.5181971788406372,1.6789979864524542,False,0.033751556529298135,0.9093851132686084,0.006593816526100643,0.598705501618123,14
0.0,0.1,confounded,logger12_balanced,3,true_behavior_fixed_em,1500,0.24746768176555634,0.25713789463043213,0.5,0.050026495495957335,0.3999999761581421,0.5186198353767395,1.6797077759135421,False,0.03290051264760434,0.9061488673139159,0.006550929903939505,0.598705501618123,15
0.0,0.1,confounded,logger12_balanced,3,true_behavior_fixed_em,1600,0.18777067959308624,0.19739852845668793,0.5,0.04711093341205306,0.3999999761581421,0.5192627310752869,1.680788000016002,False,0.03454662405734432,0.9093851132686084,0.006593816526100643,0.598705501618123,16
0.0,0.1,confounded,logger12_balanced,3,true_behavior_fixed_em,1700,0.13915051519870758,0.14832502603530884,0.5,0.04490532087946683,0.3999999761581421,0.519062876701355,1.680452120747135,False,0.03139119047994247,0.9029126213592233,0.006517951497459899,0.5993527508090615,17
0.0,0.1,confounded,logger12_balanced,3,true_behavior_fixed_em,1800,0.13915051519870758,0.14832502603530884,0.5,0.04490532087946683,0.3999999761581421,0.519062876701355,1.680452120747135,False,0.03139119047994247,0.9029126213592233,0.006517951497459899,0.5993527508090615,18
0.0,0.1,confounded,logger12_balanced,3,true_behavior_fixed_em,1900,0.08499939739704132,0.09811203181743622,0.5,0.054193397434454484,0.3999999761581421,0.5220702886581421,1.6855135396188505,False,0.033821069106593084,0.9061488673139159,0.006550929903939505,0.6,19
0.0,0.1,confounded,logger12_balanced,3,true_behavior_fixed_em,2000,0.05691397935152054,0.07964801043272018,0.5,0.05647620595483205,0.3999999761581421,0.5218290090560913,1.6851069086406132,False,0.03549904627566901,0.9061488673139159,0.006532066974760247,0.6038834951456311,20
0.0,0.1,confounded,logger12_balanced,3,true_behavior_fixed_em,2100,0.03853220492601395,0.057470228523015976,0.5,0.05898770639561716,0.3999999761581421,0.5190863013267517,1.6804914851696073,False,0.03768453886005923,0.9061488673139159,0.006532066974760247,0.6142394822006473,21
0.0,0.1,confounded,logger12_balanced,3,true_behavior_fixed_em,2200,0.006776116788387299,0.03522473946213722,0.5,0.06791352298261162,0.3999999761581421,0.5175992250442505,1.6779943233343202,False,0.034994876915225334,0.9061488673139159,0.006573839128944621,0.644336569579288,22
0.0,0.1,confounded,logger12_balanced,3,true_behavior_fixed_em,2300,-0.02381276898086071,-0.001521304831840098,0.5,0.06519213368426907,0.3999999761581421,0.5163356065750122,1.6758753178052963,False,0.03233929191394929,0.8996763754045307,0.006485244184985714,0.6521035598705501,23
0.0,0.1,confounded,logger12_balanced,3,true_behavior_fixed_em,2400,-0.05385197326540947,-0.03672639653086662,0.5,0.07252313759920358,0.3999999761581421,0.5123518705368042,1.6692123534636494,False,0.029212884858189417,0.8996763754045307,0.006497974100303877,0.7045307443365696,24
0.0,0.1,confounded,logger12_balanced,3,true_behavior_fixed_em,2500,-0.05658487230539322,-0.036197859793901443,0.5,0.08004169477291931,0.3999999761581421,0.504734992980957,1.656546465846323,False,0.032116062732159494,0.9093851132686084,0.006593816526100643,0.7566343042071197,25
0.0,0.1,confounded,logger12_balanced,3,true_behavior_fixed_em,2600,-0.061718907207250595,-0.04262819141149521,0.5,0.09448189541456116,0.3999999761581421,0.48405373096466064,1.6226388292596028,False,0.0327949006040482,0.9061488673139159,0.0065425655780235,0.7977346278317152,26
0.0,0.1,confounded,logger12_balanced,3,true_behavior_fixed_em,2700,-0.11033307015895844,-0.09143301844596863,0.5,0.10399280815472743,0.3999999761581421,0.4621375501155853,1.587463644016573,False,0.025914703535114984,0.9061488673139159,0.0065425655780235,0.8158576051779936,27
0.0,0.1,confounded,logger12_balanced,3,true_behavior_fixed_em,2800,-0.13163349032402039,-0.10847389698028564,0.5,0.11687993415013934,0.3999999761581421,0.4228860139846802,1.52636030232142,False,0.024418208008151362,0.9029126213592233,0.006509587171543897,0.8611650485436894,28
0.0,0.1,confounded,logger12_balanced,3,true_behavior_fixed_em,2900,-0.1568366289138794,-0.13241398334503174,0.5,0.13064947276839844,0.3999999761581421,0.3651045858860016,1.4406646734616524,False,0.024870086103511355,0.9029126213592233,0.006503438312476269,0.9281553398058252,29
0.0,0.1,confounded,logger12_balanced,3,true_behavior_fixed_em,3000,-0.21601323783397675,-0.18292362987995148,0.5,0.14671942424147785,0.3999999761581421,0.277056485414505,1.3192408867987349,False,0.021057008112766475,0.8932038834951457,0.0063814435258398895,0.9857605177993527,30
0.0,0.1,confounded,logger12_balanced,3,oracle_reward_fixed_learn_behavior,0,-0.6767415404319763,-0.5863616466522217,0.5,0.1989045166567342,0.0,0.0018036026740446687,1.0018052301436366,False,0.01176592241945771,0.20064724919093851,0.0006134570669427275,1.0,
0.0,0.1,confounded,logger12_balanced,3,oracle_reward_fixed_learn_behavior,300,-0.7863059043884277,-0.6954650282859802,0.5,0.1989045166567342,0.16011042892932892,0.0018642707727849483,1.0018660096059262,False,0.01176592241945771,0.20064724919093851,0.0006134570669427275,1.0,
0.0,0.1,confounded,logger12_balanced,3,oracle_reward_fixed_learn_behavior,750,-0.8487519025802612,-0.7575030326843262,0.5,0.1989045166567342,0.29076510667800903,0.0019924205262213945,1.0019944067148867,False,0.01176592241945771,0.20064724919093851,0.0006134570669427275,1.0,
0.0,0.1,confounded,logger12_balanced,3,oracle_reward_fixed_learn_behavior,1500,-0.8747717142105103,-0.7831855416297913,0.5,0.1989045166567342,0.36756545305252075,0.0021473888773471117,1.002149696168097,False,0.01176592241945771,0.20064724919093851,0.0006134570669427275,1.0,
0.0,0.1,confounded,logger12_balanced,3,oracle_reward_fixed_learn_behavior,2250,-0.8788430690765381,-0.7871078848838806,0.5,0.1989045166567342,0.39063677191734314,0.0022306807804852724,1.002233170599844,False,0.01176592241945771,0.20064724919093851,0.0006134570669427275,1.0,
0.0,0.1,confounded,logger12_balanced,3,oracle_reward_fixed_learn_behavior,3000,-0.8793534636497498,-0.7875727415084839,0.5,0.1989045166567342,0.3967490792274475,0.0022639434318989515,1.0022665080868765,False,0.01176592241945771,0.20064724919093851,0.0006134570669427275,1.0,
0.0,0.1,confounded,logger12_balanced,3,oracle_initialized_joint,0,-0.8793959021568298,-0.7875884175300598,0.5,0.1989045166567342,0.3999999761581421,0.002277652733027935,1.002280248554433,False,0.01176592241945771,0.20064724919093851,0.0006134570669427275,1.0,
0.0,0.1,confounded,logger12_balanced,3,oracle_initialized_joint,300,-1.1895008087158203,-1.0246713161468506,0.5009217262268066,0.19999943306238147,0.402748167514801,0.0007697853725403547,1.00077008173334,False,0.009238839215170196,0.2686084142394822,0.0009377248535306236,1.0,
0.0,0.1,confounded,logger12_balanced,3,oracle_initialized_joint,750,-1.4967217445373535,-1.109948992729187,0.498546838760376,0.20149922263967146,0.39889559149742126,0.0008748840191401541,1.0008752668417973,False,0.010850756681173144,0.20711974110032363,0.0007364533536703665,1.0,
0.0,0.1,confounded,logger12_balanced,3,oracle_initialized_joint,1500,-1.5180490016937256,-0.8224459886550903,0.5045544505119324,0.2029017560927247,0.3992166519165039,8.15781550045358e-06,1.0000081578487756,False,0.013309432412892388,0.21035598705501618,0.0007515857233249573,1.0,
0.0,0.1,confounded,logger12_balanced,3,oracle_initialized_joint,2250,-1.9827232360839844,-0.9140661954879761,0.4998874068260193,0.19879877395970189,0.39908838272094727,5.017965349907172e-07,1.000000501796661,False,0.008931592740550486,0.16181229773462782,0.0005134385809709783,1.0,
0.0,0.1,confounded,logger12_balanced,3,oracle_initialized_joint,3000,-1.8481374979019165,-0.09842666983604431,0.49928027391433716,0.20306586519415826,0.3989480137825012,3.2193685228776303e-07,1.000000321936904,False,0.010404892222038074,0.19093851132686085,0.0006237710457746338,1.0,
0.0,0.1,confounded,logger12_balanced,4,collapsed_constrained_reference,0,2.5503852367401123,2.7467422485351562,0.5,0.0,0.0,0.6931471805599453,2.0,True,0.5157286894444654,0.3074433656957929,0.002022700731606123,0.5,
0.0,0.1,confounded,logger12_balanced,4,collapsed_constrained_reference,300,1.5623472929000854,1.563283920288086,0.5,0.0,0.0,0.6931471805599453,2.0,True,0.04216046440781152,0.8802588996763754,0.0064463645310596,0.5,
0.0,0.1,confounded,logger12_balanced,4,collapsed_constrained_reference,750,1.0119247436523438,1.0163720846176147,0.5,0.0,0.0,0.6931471805599453,2.0,True,0.04831866740222099,0.9061488673139159,0.006560838119621036,0.5,
0.0,0.1,confounded,logger12_balanced,4,collapsed_constrained_reference,1500,0.3340051472187042,0.34651103615760803,0.5,0.0,0.0,0.6931471805599453,2.0,True,0.03921278724208262,0.9093851132686084,0.0065688047378537565,0.5,
0.0,0.1,confounded,logger12_balanced,4,collapsed_constrained_reference,2250,0.10135310143232346,0.1561884731054306,0.5,0.0,0.0,0.6931471805599453,2.0,True,0.04947939603028989,0.9093851132686084,0.006593816526100643,0.5,
0.0,0.1,confounded,logger12_balanced,4,collapsed_constrained_reference,3000,-0.01198336947709322,0.0337815023958683,0.5,0.0,0.0,0.6931471805599453,2.0,True,0.040689481924870236,0.9093851132686084,0.006587667667033015,0.5,
0.0,0.1,confounded,logger12_balanced,4,true_behavior_fixed,0,2.0265228748321533,2.215559482574463,0.5,0.013557508227097797,0.3999999761581421,0.513154149055481,1.6705520640165834,False,0.4898780112787158,0.7993527508090615,0.005671933836717939,0.5071197411003237,
0.0,0.1,confounded,logger12_balanced,4,true_behavior_fixed,300,1.250734567642212,1.251274824142456,0.5,0.0436104263420549,0.3999999761581421,0.5133675336837769,1.6709085721831411,False,0.038686239311364556,0.8252427184466019,0.005955857958599558,0.5909385113268608,
0.0,0.1,confounded,logger12_balanced,4,true_behavior_fixed,750,0.8270938992500305,0.8307101726531982,0.5,0.04162987241589812,0.3999999761581421,0.5142903923988342,1.67245129646983,False,0.036538158242240194,0.8996763754045307,0.006461049180872441,0.5964401294498382,
0.0,0.1,confounded,logger12_balanced,4,true_behavior_fixed,1500,0.24004194140434265,0.2492644339799881,0.5,0.04776742816297526,0.3999999761581421,0.5181995630264282,1.6790019895003687,False,0.03109231289041237,0.9061488673139159,0.006550517991660637,0.598705501618123,
0.0,0.1,confounded,logger12_balanced,4,true_behavior_fixed,2250,-0.04023958742618561,-0.01791788451373577,0.5,0.09894528107777814,0.3999999761581421,0.494410902261734,1.6395321098549902,False,0.028767761944417526,0.9029126213592233,0.0065290590495636625,0.7653721682847896,
0.0,0.1,confounded,logger12_balanced,4,true_behavior_fixed,3000,-0.5945329070091248,-0.5311119556427002,0.5,0.19575239135615452,0.3999999761581421,0.014735765755176544,1.014844872416022,False,0.01600434533289058,0.5048543689320388,0.002324003825683312,0.9996763754045307,
0.0,0.1,confounded,logger12_balanced,4,true_behavior_fixed_em,0,2.0265228748321533,2.215559482574463,0.5,0.013557508227097797,0.3999999761581421,0.513154149055481,1.6705520640165834,False,0.4898780112787158,0.7993527508090615,0.005671933836717939,0.5071197411003237,0
0.0,0.1,confounded,logger12_balanced,4,true_behavior_fixed_em,100,1.4484831094741821,1.4490642547607422,0.5,0.04978123354216652,0.3999999761581421,0.5132901072502136,1.6707792046998826,False,0.03680493358859893,0.8673139158576052,0.00615684180221934,0.5922330097087378,1
0.0,0.1,confounded,logger12_balanced,4,true_behavior_fixed_em,200,1.3487142324447632,1.3499627113342285,0.5,0.05515396608864052,0.3999999761581421,0.5134292840957642,1.671011754661614,False,0.037542947268529595,0.8446601941747572,0.006088255659679409,0.5925566343042071,2
0.0,0.1,confounded,logger12_balanced,4,true_behavior_fixed_em,300,1.2507938146591187,1.2513618469238281,0.5,0.04325117115124213,0.3999999761581421,0.5133727788925171,1.6709173364703733,False,0.039189280513324334,0.8317152103559871,0.006011485084105287,0.5896440129449838,3
0.0,0.1,confounded,logger12_balanced,4,true_behavior_fixed_em,400,1.1524715423583984,1.153632640838623,0.5,0.03768182858158169,0.3999999761581421,0.5134984254837036,1.6711272947278486,False,0.03266533849593628,0.8867313915857605,0.006405519144735092,0.588673139158576,4
0.0,0.1,confounded,logger12_balanced,4,true_behavior_fixed_em,500,1.0560742616653442,1.057685136795044,0.5,0.04555386477250122,0.3999999761581421,0.5138337016105652,1.671687677750993,False,0.03273819844328654,0.8932038834951457,0.0064520277824797806,0.5967637540453075,5
0.0,0.1,confounded,logger12_balanced,4,true_behavior_fixed_em,600,0.9642038345336914,0.9671875238418579,0.5,0.051885786905081985,0.3999999761581421,0.5140816569328308,1.6721022330013235,False,0.037307219909568465,0.8964401294498382,0.006476356846144071,0.5957928802588996,6
0.0,0.1,confounded,logger12_balanced,4,true_behavior_fixed_em,700,0.8710138201713562,0.873551607131958,0.5,0.04650354939707699,0.3999999761581421,0.5146101713180542,1.6729861966582071,False,0.04016173824792028,0.9093851132686084,0.006593816526100643,0.5964401294498382,7
0.0,0.1,confounded,logger12_balanced,4,true_behavior_fixed_em,800,0.7814778685569763,0.7843899726867676,0.5,0.046349210462574286,0.3999999761581421,0.5145043730735779,1.6728092070183291,False,0.03580605738256133,0.9061488673139159,0.0065638106728103975,0.597411003236246,8
0.0,0.1,confounded,logger12_balanced,4,true_behavior_fixed_em,900,0.6970065832138062,0.6993205547332764,0.5,0.05052921354782453,0.3999999761581421,0.5153002738952637,1.674141127208596,False,0.04045491098446387,0.9093851132686084,0.006593816526100643,0.5964401294498382,9
0.0,0.1,confounded,logger12_balanced,4,true_behavior_fixed_em,1000,0.6162723302841187,0.6215254068374634,0.5,0.04390144418348361,0.3999999761581421,0.5148415565490723,1.673373345744374,False,0.03975978046993072,0.889967637540453,0.006439141809933998,0.5944983818770226,10
0.0,0.1,confounded,logger12_balanced,4,true_behavior_fixed_em,1100,0.5295848250389099,0.5330347418785095,0.5,0.042231010843707485,0.3999999761581421,0.5155691504478455,1.6745913250245212,False,0.03867240376916879,0.9093851132686084,0.006569973787863613,0.5925566343042071,11
0.0,0.1,confounded,logger12_balanced,4,true_behavior_fixed_em,1200,0.45945537090301514,0.4656935930252075,0.5,0.046298216768289144,0.3999999761581421,0.5160442590713501,1.6753871268350684,False,0.040423786948895965,0.9061488673139159,0.006514426081443627,0.5957928802588996,12
0.0,0.1,confounded,logger12_balanced,4,true_behavior_fixed_em,1300,0.38185805082321167,0.3872750401496887,0.5,0.03912339496538637,0.3999999761581421,0.5162528157234192,1.67573657640391,False,0.03985536139981508,0.9093851132686084,0.006556764452968275,0.5941747572815534,13
0.0,0.1,confounded,logger12_balanced,4,true_behavior_fixed_em,1400,0.30832794308662415,0.3174416720867157,0.5,0.04464143620249783,0.3999999761581421,0.5179185271263123,1.6785301959635188,False,0.03775865524388515,0.9093851132686084,0.006593816526100643,0.598705501618123,14
0.0,0.1,confounded,logger12_balanced,4,true_behavior_fixed_em,1500,0.24044159054756165,0.24969282746315002,0.5,0.042758618422351576,0.3999999761581421,0.5178024768829346,1.6783354134282595,False,0.03150856267285111,0.9061488673139159,0.006560274646472634,0.597411003236246,15
0.0,0.1,confounded,logger12_balanced,4,true_behavior_fixed_em,1600,0.19700750708580017,0.21290621161460876,0.5,0.04988552291360759,0.3999999761581421,0.5196908712387085,1.6815077669345744,False,0.038914102593711246,0.9093851132686084,0.006593816526100643,0.5977346278317152,16
0.0,0.1,confounded,logger12_balanced,4,true_behavior_fixed_em,1700,0.15201008319854736,0.16029101610183716,0.5,0.04662815350214736,0.3999999761581421,0.5197433829307556,1.6815960680710071,False,0.04064680765898656,0.9061488673139159,0.0065720896020966075,0.5993527508090615,17
0.0,0.1,confounded,logger12_balanced,4,true_behavior_fixed_em,1800,0.12733577191829681,0.14163914322853088,0.5,0.050124695751417606,0.3999999761581421,0.5195087790489197,1.6812016053788064,False,0.0431631547436983,0.9061488673139159,0.006547749843602337,0.5983818770226538,18
0.0,0.1,confounded,logger12_balanced,4,true_behavior_fixed_em,1900,0.05548630282282829,0.07031048834323883,0.5,0.05274845763796358,0.3999999761581421,0.521284818649292,1.6841901390977194,False,0.0347576483264699,0.9093851132686084,0.006574321776585704,0.6019417475728155,19
0.0,0.1,confounded,logger12_balanced,4,true_behavior_fixed_em,2000,0.0479360967874527,0.06916575133800507,0.5,0.053400130954716324,0.3999999761581421,0.5190328359603882,1.6804016394785197,False,0.036909819846501976,0.8964401294498382,0.006480253566610678,0.6035598705501618,20
0.0,0.1,confounded,logger12_balanced,4,true_behavior_fixed_em,2100,-0.00465545104816556,0.014036273583769798,0.5,0.06122619378957007,0.3999999761581421,0.5182664394378662,1.6791142788829374,False,0.03166362426612516,0.9029126213592233,0.006524513660896542,0.625242718446602,21
0.0,0.1,confounded,logger12_balanced,4,true_behavior_fixed_em,2200,-0.023598765954375267,0.004237827844917774,0.5,0.06734414820554353,0.3999999761581421,0.5154333710670471,1.674363965487037,False,0.0329269464119669,0.9093851132686084,0.006578338113779617,0.6572815533980583,22
0.0,0.1,confounded,logger12_balanced,4,true_behavior_fixed_em,2300,-0.02987501583993435,-0.012145920656621456,0.5,0.07116483510273905,0.3999999761581421,0.5118942856788635,1.6684487218924633,False,0.034583736842147904,0.9093851132686084,0.006589468537378552,0.6944983818770226,23
0.0,0.1,confounded,logger12_balanced,4,true_behavior_fixed_em,2400,-0.02987501583993435,-0.012145920656621456,0.5,0.07116483510273905,0.3999999761581421,0.5118942856788635,1.6684487218924633,False,0.034583736842147904,0.9093851132686084,0.006589468537378552,0.6944983818770226,24
0.0,0.1,confounded,logger12_balanced,4,true_behavior_fixed_em,2500,-0.06610134243965149,-0.043002545833587646,0.5,0.07752649206475215,0.3999999761581421,0.5057658553123474,1.6582550176877258,False,0.029961965945037267,0.9061488673139159,0.006585384333621739,0.7462783171521036,25
0.0,0.1,confounded,logger12_balanced,4,true_behavior_fixed_em,2600,-0.07831572741270065,-0.047702234238386154,0.5,0.08662318579498461,0.3999999761581421,0.49094390869140625,1.6338577048185476,False,0.029223515693995217,0.9029126213592233,0.006523412137243809,0.7744336569579288,26
0.0,0.1,confounded,logger12_balanced,4,true_behavior_fixed_em,2700,-0.10850319266319275,-0.08756213635206223,0.5,0.09769676831274778,0.3999999761581421,0.4728819727897644,1.6046119839233848,False,0.026681282475662305,0.9061488673139159,0.00656449725521081,0.8067961165048544,27
0.0,0.1,confounded,logger12_balanced,4,true_behavior_fixed_em,2800,-0.13207827508449554,-0.10911758244037628,0.5,0.11122835403803623,0.3999999761581421,0.4367815852165222,1.5477179956457914,False,0.025287573391660698,0.8996763754045307,0.006529399878098967,0.8372168284789644,28
0.0,0.1,confounded,logger12_balanced,4,true_behavior_fixed_em,2900,-0.16261635720729828,-0.14181749522686005,0.5,0.1292439477984348,0.3999999761581421,0.37528708577156067,1.4554091819157353,False,0.0229348966313347,0.9029126213592233,0.006551134657122779,0.9245954692556634,29
0.0,0.1,confounded,logger12_balanced,4,true_behavior_fixed_em,3000,-0.18594631552696228,-0.14743606746196747,0.5,0.14037208306694923,0.3999999761581421,0.3033977448940277,1.3544530841169824,False,0.025540245246106385,0.883495145631068,0.006434760165615419,0.9624595469255663,30
0.0,0.1,confounded,logger12_balanced,4,oracle_reward_fixed_learn_behavior,0,-0.7004809975624084,-0.6017804145812988,0.5,0.19979749506271183,0.0,0.002535206498578191,1.002538422852039,False,0.010925820080802048,0.2912621359223301,0.0011293899078245273,0.9990291262135922,
0.0,0.1,confounded,logger12_balanced,4,oracle_reward_fixed_learn_behavior,300,-0.8087658286094666,-0.7092610597610474,0.5,0.19979749506271183,0.1575995236635208,0.0024886326864361763,1.0024917319031643,False,0.010925820080802048,0.2912621359223301,0.0011293899078245273,0.9990291262135922,
0.0,0.1,confounded,logger12_balanced,4,oracle_reward_fixed_learn_behavior,750,-0.8725003004074097,-0.7723343372344971,0.5,0.19979749506271183,0.28966599702835083,0.0024171611294150352,1.0024200848185791,False,0.010925820080802048,0.2912621359223301,0.0011293899078245273,0.9990291262135922,
0.0,0.1,confounded,logger12_balanced,4,oracle_reward_fixed_learn_behavior,1500,-0.898358941078186,-0.7977005243301392,0.5,0.19979749506271183,0.3648410439491272,0.0023669239599257708,1.0023697273357979,False,0.010925820080802048,0.2912621359223301,0.0011293899078245273,0.9990291262135922,
0.0,0.1,confounded,logger12_balanced,4,oracle_reward_fixed_learn_behavior,2250,-0.9025596380233765,-0.8017213940620422,0.5,0.19979749506271183,0.38697290420532227,0.002356449142098427,1.0023592277504991,False,0.010925820080802048,0.2912621359223301,0.0011293899078245273,0.9990291262135922,
0.0,0.1,confounded,logger12_balanced,4,oracle_reward_fixed_learn_behavior,3000,-0.9030470252037048,-0.8021524548530579,0.5,0.19979749506271183,0.3962491750717163,0.0023535273503512144,1.0023562990698582,False,0.010925820080802048,0.2912621359223301,0.0011293899078245273,0.9990291262135922,
0.0,0.1,confounded,logger12_balanced,4,oracle_initialized_joint,0,-0.9031322002410889,-0.8021868467330933,0.5,0.19979749506271183,0.3999999761581421,0.002355749486014247,1.0023585264440122,False,0.010925820080802048,0.2912621359223301,0.0011293899078245273,0.9990291262135922,
0.0,0.1,confounded,logger12_balanced,4,oracle_initialized_joint,300,-1.1959110498428345,-1.0219206809997559,0.5008453726768494,0.19756261976630501,0.3996945321559906,0.00040654727490618825,1.0004066299264498,False,0.010147446982344618,0.21035598705501618,0.0007414686292602301,0.9983818770226537,
0.0,0.1,confounded,logger12_balanced,4,oracle_initialized_joint,750,-1.4633240699768066,-1.0626636743545532,0.4987667500972748,0.20042806863785168,0.40066075325012207,0.0001189249160233885,1.0001189319878716,False,0.012061198279635844,0.2168284789644013,0.0008014299041094572,0.9977346278317152,
0.0,0.1,confounded,logger12_balanced,4,oracle_initialized_joint,1500,-1.8881771564483643,-1.0070141553878784,0.49493977427482605,0.1999192561658957,0.39753103256225586,0.00018350829486735165,1.0001835251335445,False,0.010295061607818836,0.2524271844660194,0.0009534525611758608,0.9983818770226537,
0.0,0.1,confounded,logger12_balanced,4,oracle_initialized_joint,2250,-1.8829824924468994,-0.7012870907783508,0.4972923994064331,0.19591563058387654,0.3960859775543213,2.004637300882968e-15,1.000000000000002,False,0.010550269741627004,0.1715210355987055,0.0005831349328650678,0.9983818770226537,
0.0,0.1,confounded,logger12_balanced,4,oracle_initialized_joint,3000,-1.7875864505767822,0.08577495068311691,0.5018940567970276,0.19824093031341972,0.3977615535259247,1.6561093829636775e-08,1.000000016561094,False,0.012107070035888654,0.24919093851132687,0.0008967071476514443,0.9983818770226537,
