scope,subset,kappa,horizon,family,metric,mixture,n_anchors,mean,standard_deviation,median,p10,p25,p75,p90,maximum,ci95_low,ci95_high,bootstrap_unit,bootstrap_repetitions,bootstrap_seed,action,numerator_mean,denominator_mean,ratio_defined,valid_bootstrap_repetitions,positive_margin_count,reason
primary_common_horizon,all,0.0,1,long_horizon,absolute_initial_u_return_effect,none,1994,1.7445831547102095e-18,3.837991687835397e-17,0.0,0.0,0.0,0.0,0.0,1.1842378929335002e-15,3.711879052574913e-19,3.600522680997665e-18,anchor_id,2000,0,,,,,,,
primary_common_horizon,all,0.0,1,long_horizon,balanced_do_error,logger12_balanced,1994,7.646470848304321e-17,9.242573902778257e-17,0.0,0.0,0.0,1.4802973661668753e-16,1.4802973661668753e-16,5.921189464667501e-16,7.254774811281354e-17,8.049302522485017e-17,anchor_id,2000,1,,,,,,,
primary_common_horizon,all,0.0,1,long_horizon,heavy_mixture_drift,none,1994,4.5990181461403174e-17,7.739392641804323e-17,0.0,0.0,0.0,1.4802973661668753e-16,1.4802973661668753e-16,4.440892098500626e-16,4.253813394250849e-17,4.9387014779390766e-17,anchor_id,2000,2,,,,,,,
primary_common_horizon,all,0.0,1,long_horizon,do_action_range,none,1994,0.007847236581782283,0.004650561587282689,0.006322926439190857,0.0027851782415096336,0.004319943371148938,0.012552516399001568,0.01416960990843812,0.021094037893782946,0.007636518639679206,0.008045556458504332,anchor_id,2000,3,,,,,,,
primary_common_horizon,all,0.0,1,long_horizon,do_top_second_margin,none,1994,0.0038505450142307138,0.0023397757462029177,0.0030963370694638837,0.0013480711075725903,0.0020806351129520895,0.006214768318158592,0.007031698979645285,0.013160055390878167,0.003756715387112293,0.003955647816270353,anchor_id,2000,4,,,,,,,
primary_common_horizon,all,0.0,1,long_horizon,max_balanced_do_error,logger12_balanced,1994,2.0344809087163098e-16,2.30330246564016e-16,0.0,0.0,0.0,4.440892098500626e-16,4.440892098500626e-16,1.3322676295501878e-15,1.9331187714881205e-16,2.1363719887094913e-16,anchor_id,2000,5,,,,,,,
primary_common_horizon,all,0.0,1,long_horizon,balanced_survival_difference_abs,logger12_balanced,1994,0.0,0.0,0.0,0.0,0.0,0.0,0.0,0.0,0.0,0.0,anchor_id,2000,6,,,,,,,
primary_common_horizon,all,0.0,1,long_horizon,balanced_termination_difference_abs,logger12_balanced,1994,0.0,0.0,0.0,0.0,0.0,0.0,0.0,0.0,0.0,0.0,anchor_id,2000,7,,,,,,,
primary_common_horizon,all,0.0,1,long_horizon,balanced_restricted_time_difference_abs,logger12_balanced,1994,0.0,0.0,0.0,0.0,0.0,0.0,0.0,0.0,0.0,0.0,anchor_id,2000,8,,,,,,,
primary_common_horizon,all,0.0,1,long_horizon,balanced_future_clipping_rate,logger12_balanced,1994,0.0,0.0,0.0,0.0,0.0,0.0,0.0,0.0,0.0,0.0,anchor_id,2000,9,,,,,,,
primary_common_horizon,all,0.0,1,long_horizon,balanced_vs_do_top_set_disagreement,logger12_balanced,1994,0.0,0.0,0.0,0.0,0.0,0.0,0.0,0.0,0.0,0.0,anchor_id,2000,10,,,,,,,
primary_common_horizon,all,0.0,1,long_horizon,balanced_vs_do_strict_disagreement,logger12_balanced,1994,0.0,0.0,0.0,0.0,0.0,0.0,0.0,0.0,0.0,0.0,anchor_id,2000,11,,,,,,,
primary_common_horizon,all,0.0,1,long_horizon,heavy_top_set_disagreement,none,1994,0.0,0.0,0.0,0.0,0.0,0.0,0.0,0.0,0.0,0.0,anchor_id,2000,12,,,,,,,
primary_common_horizon,all,0.0,1,long_horizon,heavy_strict_disagreement,none,1994,0.0,0.0,0.0,0.0,0.0,0.0,0.0,0.0,0.0,0.0,anchor_id,2000,13,,,,,,,
primary_common_horizon,all,0.0,1,decision_regret,decision_regret_best,logger1_heavy,1994,0.0,0.0,0.0,0.0,0.0,0.0,0.0,0.0,0.0,0.0,anchor_id,2000,100,,,,,,,
primary_common_horizon,all,0.0,1,decision_regret,decision_regret_worst,logger1_heavy,1994,0.0,0.0,0.0,0.0,0.0,0.0,0.0,0.0,0.0,0.0,anchor_id,2000,101,,,,,,,
primary_common_horizon,all,0.0,1,top_action,top_action_fraction,logger1_heavy,1994,0.9097291875626881,0.2866412358225881,1.0,1.0,1.0,1.0,1.0,1.0,0.8966775325977934,0.9222668004012036,anchor_id,2000,200,minus,,,,,,
primary_common_horizon,all,0.0,1,top_action,top_action_fraction,logger1_heavy,1994,0.005516549648946841,0.07408690857370026,0.0,0.0,0.0,0.0,0.0,1.0,0.0025075225677031092,0.009027081243731194,anchor_id,2000,201,base,,,,,,
primary_common_horizon,all,0.0,1,top_action,top_action_fraction,logger1_heavy,1994,0.08475426278836509,0.27858553344068615,0.0,0.0,0.0,0.0,0.0,1.0,0.07171514543630893,0.09679037111334002,anchor_id,2000,202,plus,,,,,,
primary_common_horizon,all,0.0,1,decision_regret,decision_regret_best,logger12_balanced,1994,0.0,0.0,0.0,0.0,0.0,0.0,0.0,0.0,0.0,0.0,anchor_id,2000,110,,,,,,,
primary_common_horizon,all,0.0,1,decision_regret,decision_regret_worst,logger12_balanced,1994,0.0,0.0,0.0,0.0,0.0,0.0,0.0,0.0,0.0,0.0,anchor_id,2000,111,,,,,,,
primary_common_horizon,all,0.0,1,top_action,top_action_fraction,logger12_balanced,1994,0.9097291875626881,0.2866412358225881,1.0,1.0,1.0,1.0,1.0,1.0,0.8971915747241725,0.9217778335005015,anchor_id,2000,210,minus,,,,,,
primary_common_horizon,all,0.0,1,top_action,top_action_fraction,logger12_balanced,1994,0.005516549648946841,0.07408690857370026,0.0,0.0,0.0,0.0,0.0,1.0,0.0025075225677031092,0.009027081243731194,anchor_id,2000,211,base,,,,,,
primary_common_horizon,all,0.0,1,top_action,top_action_fraction,logger12_balanced,1994,0.08475426278836509,0.27858553344068615,0.0,0.0,0.0,0.0,0.0,1.0,0.07320712136409228,0.09779338014042126,anchor_id,2000,212,plus,,,,,,
primary_common_horizon,all,0.0,1,decision_regret,decision_regret_best,logger2_heavy,1994,0.0,0.0,0.0,0.0,0.0,0.0,0.0,0.0,0.0,0.0,anchor_id,2000,120,,,,,,,
primary_common_horizon,all,0.0,1,decision_regret,decision_regret_worst,logger2_heavy,1994,0.0,0.0,0.0,0.0,0.0,0.0,0.0,0.0,0.0,0.0,anchor_id,2000,121,,,,,,,
primary_common_horizon,all,0.0,1,top_action,top_action_fraction,logger2_heavy,1994,0.9097291875626881,0.2866412358225881,1.0,1.0,1.0,1.0,1.0,1.0,0.8966900702106319,0.921765295887663,anchor_id,2000,220,minus,,,,,,
primary_common_horizon,all,0.0,1,top_action,top_action_fraction,logger2_heavy,1994,0.005516549648946841,0.07408690857370026,0.0,0.0,0.0,0.0,0.0,1.0,0.0025075225677031092,0.009027081243731194,anchor_id,2000,221,base,,,,,,
primary_common_horizon,all,0.0,1,top_action,top_action_fraction,logger2_heavy,1994,0.08475426278836509,0.27858553344068615,0.0,0.0,0.0,0.0,0.0,1.0,0.07221664994984955,0.09779338014042126,anchor_id,2000,222,plus,,,,,,
primary_common_horizon,all,0.0,1,top_action,top_action_fraction,do,1994,0.9097291875626881,0.2866412358225881,1.0,1.0,1.0,1.0,1.0,1.0,0.8966900702106319,0.9222668004012036,anchor_id,2000,300,minus,,,,,,
primary_common_horizon,all,0.0,1,top_action,top_action_fraction,do,1994,0.005516549648946841,0.07408690857370026,0.0,0.0,0.0,0.0,0.0,1.0,0.0025075225677031092,0.009027081243731194,anchor_id,2000,301,base,,,,,,
primary_common_horizon,all,0.0,1,top_action,top_action_fraction,do,1994,0.08475426278836509,0.27858553344068615,0.0,0.0,0.0,0.0,0.0,1.0,0.07271815446339017,0.09729187562688064,anchor_id,2000,302,plus,,,,,,
primary_common_horizon,all,0.0,1,decision_scale,balanced_error_over_action_range,logger12_balanced,1994,2.59260809523629e-14,,,,,,,,2.4611901965352172e-14,2.7355462222856127e-14,anchor_id,2000,400,,2.0344809087163098e-16,0.007847236581782283,True,2000,,
primary_common_horizon,all,0.0,1,decision_scale,balanced_error_over_top_second_margin,logger12_balanced,1994,5.283618036400936e-14,,,,,,,,5.0028099877616823e-14,5.574346567990278e-14,anchor_id,2000,401,,2.0344809087163098e-16,0.0038505450142307138,True,2000,1994,
secondary_per_horizon,all,0.0,1,long_horizon,absolute_initial_u_return_effect,none,2048,1.6985834035606237e-18,3.787133316999665e-17,0.0,0.0,0.0,0.0,0.0,1.1842378929335002e-15,3.9754079657801823e-19,3.541727096785981e-18,anchor_id,2000,100000,,,,,,,
secondary_per_horizon,all,0.0,1,long_horizon,balanced_do_error,logger12_balanced,2048,7.618327265331479e-17,9.222603621372614e-17,0.0,0.0,0.0,1.4802973661668753e-16,1.4802973661668753e-16,5.921189464667501e-16,7.231492965206752e-17,8.00502604018464e-17,anchor_id,2000,100001,,,,,,,
secondary_per_horizon,all,0.0,1,long_horizon,heavy_mixture_drift,none,2048,4.557263131680737e-17,7.701957900131377e-17,0.0,0.0,0.0,1.4802973661668753e-16,1.4802973661668753e-16,4.440892098500626e-16,4.228343297602944e-17,4.8951728087720476e-17,anchor_id,2000,100002,,,,,,,
secondary_per_horizon,all,0.0,1,long_horizon,do_action_range,none,2048,0.007876400342523519,0.004644717909262655,0.006332362223688381,0.0027872726429476803,0.004321672557533018,0.012545057289696127,0.01413403885067299,0.021094037893782946,0.007682487043390821,0.008075452826636883,anchor_id,2000,100003,,,,,,,
secondary_per_horizon,all,0.0,1,long_horizon,do_top_second_margin,none,2048,0.003865745498299478,0.0023367076557693723,0.003105131955640106,0.001350112348948207,0.002087107191950821,0.006214379557879068,0.0070164194018943245,0.013160055390878167,0.0037645542010601857,0.003965682173252732,anchor_id,2000,100004,,,,,,,
secondary_per_horizon,all,0.0,1,long_horizon,max_balanced_do_error,logger12_balanced,2048,2.0285422647203788e-16,2.300468865463009e-16,0.0,0.0,0.0,4.440892098500626e-16,4.440892098500626e-16,1.3322676295501878e-15,1.9347587768003827e-16,2.1272182149437156e-16,anchor_id,2000,100005,,,,,,,
secondary_per_horizon,all,0.0,1,long_horizon,balanced_survival_difference_abs,logger12_balanced,2048,0.0,0.0,0.0,0.0,0.0,0.0,0.0,0.0,0.0,0.0,anchor_id,2000,100006,,,,,,,
secondary_per_horizon,all,0.0,1,long_horizon,balanced_termination_difference_abs,logger12_balanced,2048,0.0,0.0,0.0,0.0,0.0,0.0,0.0,0.0,0.0,0.0,anchor_id,2000,100007,,,,,,,
secondary_per_horizon,all,0.0,1,long_horizon,balanced_restricted_time_difference_abs,logger12_balanced,2048,0.0,0.0,0.0,0.0,0.0,0.0,0.0,0.0,0.0,0.0,anchor_id,2000,100008,,,,,,,
secondary_per_horizon,all,0.0,1,long_horizon,balanced_future_clipping_rate,logger12_balanced,2048,0.0,0.0,0.0,0.0,0.0,0.0,0.0,0.0,0.0,0.0,anchor_id,2000,100009,,,,,,,
secondary_per_horizon,all,0.0,1,long_horizon,balanced_vs_do_top_set_disagreement,logger12_balanced,2048,0.0,0.0,0.0,0.0,0.0,0.0,0.0,0.0,0.0,0.0,anchor_id,2000,100010,,,,,,,
secondary_per_horizon,all,0.0,1,long_horizon,balanced_vs_do_strict_disagreement,logger12_balanced,2048,0.0,0.0,0.0,0.0,0.0,0.0,0.0,0.0,0.0,0.0,anchor_id,2000,100011,,,,,,,
secondary_per_horizon,all,0.0,1,long_horizon,heavy_top_set_disagreement,none,2048,0.0,0.0,0.0,0.0,0.0,0.0,0.0,0.0,0.0,0.0,anchor_id,2000,100012,,,,,,,
secondary_per_horizon,all,0.0,1,long_horizon,heavy_strict_disagreement,none,2048,0.0,0.0,0.0,0.0,0.0,0.0,0.0,0.0,0.0,0.0,anchor_id,2000,100013,,,,,,,
secondary_per_horizon,all,0.0,1,decision_regret,decision_regret_best,logger1_heavy,2048,0.0,0.0,0.0,0.0,0.0,0.0,0.0,0.0,0.0,0.0,anchor_id,2000,100100,,,,,,,
secondary_per_horizon,all,0.0,1,decision_regret,decision_regret_worst,logger1_heavy,2048,0.0,0.0,0.0,0.0,0.0,0.0,0.0,0.0,0.0,0.0,anchor_id,2000,100101,,,,,,,
secondary_per_horizon,all,0.0,1,top_action,top_action_fraction,logger1_heavy,2048,0.91162109375,0.28391448409481096,1.0,1.0,1.0,1.0,1.0,1.0,0.8994140625,0.92333984375,anchor_id,2000,100200,minus,,,,,,
secondary_per_horizon,all,0.0,1,top_action,top_action_fraction,logger1_heavy,2048,0.00537109375,0.07310851451341079,0.0,0.0,0.0,0.0,0.0,1.0,0.00244140625,0.0087890625,anchor_id,2000,100201,base,,,,,,
secondary_per_horizon,all,0.0,1,top_action,top_action_fraction,logger1_heavy,2048,0.0830078125,0.27596141120871737,0.0,0.0,0.0,0.0,0.0,1.0,0.0712890625,0.09521484375,anchor_id,2000,100202,plus,,,,,,
secondary_per_horizon,all,0.0,1,decision_regret,decision_regret_best,logger12_balanced,2048,0.0,0.0,0.0,0.0,0.0,0.0,0.0,0.0,0.0,0.0,anchor_id,2000,100110,,,,,,,
secondary_per_horizon,all,0.0,1,decision_regret,decision_regret_worst,logger12_balanced,2048,0.0,0.0,0.0,0.0,0.0,0.0,0.0,0.0,0.0,0.0,anchor_id,2000,100111,,,,,,,
secondary_per_horizon,all,0.0,1,top_action,top_action_fraction,logger12_balanced,2048,0.91162109375,0.28391448409481096,1.0,1.0,1.0,1.0,1.0,1.0,0.89892578125,0.9233520507812499,anchor_id,2000,100210,minus,,,,,,
secondary_per_horizon,all,0.0,1,top_action,top_action_fraction,logger12_balanced,2048,0.00537109375,0.07310851451341079,0.0,0.0,0.0,0.0,0.0,1.0,0.00244140625,0.0087890625,anchor_id,2000,100211,base,,,,,,
secondary_per_horizon,all,0.0,1,top_action,top_action_fraction,logger12_balanced,2048,0.0830078125,0.27596141120871737,0.0,0.0,0.0,0.0,0.0,1.0,0.0712890625,0.095703125,anchor_id,2000,100212,plus,,,,,,
secondary_per_horizon,all,0.0,1,decision_regret,decision_regret_best,logger2_heavy,2048,0.0,0.0,0.0,0.0,0.0,0.0,0.0,0.0,0.0,0.0,anchor_id,2000,100120,,,,,,,
secondary_per_horizon,all,0.0,1,decision_regret,decision_regret_worst,logger2_heavy,2048,0.0,0.0,0.0,0.0,0.0,0.0,0.0,0.0,0.0,0.0,anchor_id,2000,100121,,,,,,,
secondary_per_horizon,all,0.0,1,top_action,top_action_fraction,logger2_heavy,2048,0.91162109375,0.28391448409481096,1.0,1.0,1.0,1.0,1.0,1.0,0.8994140625,0.9248046875,anchor_id,2000,100220,minus,,,,,,
secondary_per_horizon,all,0.0,1,top_action,top_action_fraction,logger2_heavy,2048,0.00537109375,0.07310851451341079,0.0,0.0,0.0,0.0,0.0,1.0,0.00244140625,0.0087890625,anchor_id,2000,100221,base,,,,,,
secondary_per_horizon,all,0.0,1,top_action,top_action_fraction,logger2_heavy,2048,0.0830078125,0.27596141120871737,0.0,0.0,0.0,0.0,0.0,1.0,0.07080078125,0.09521484375,anchor_id,2000,100222,plus,,,,,,
secondary_per_horizon,all,0.0,1,top_action,top_action_fraction,do,2048,0.91162109375,0.28391448409481096,1.0,1.0,1.0,1.0,1.0,1.0,0.8994140625,0.923828125,anchor_id,2000,100300,minus,,,,,,
secondary_per_horizon,all,0.0,1,top_action,top_action_fraction,do,2048,0.00537109375,0.07310851451341079,0.0,0.0,0.0,0.0,0.0,1.0,0.00244140625,0.0087890625,anchor_id,2000,100301,base,,,,,,
secondary_per_horizon,all,0.0,1,top_action,top_action_fraction,do,2048,0.0830078125,0.27596141120871737,0.0,0.0,0.0,0.0,0.0,1.0,0.07080078125,0.095703125,anchor_id,2000,100302,plus,,,,,,
secondary_per_horizon,all,0.0,1,decision_scale,balanced_error_over_action_range,logger12_balanced,2048,2.5754687122346734e-14,,,,,,,,2.430523153679927e-14,2.722195427691864e-14,anchor_id,2000,100400,,2.0285422647203788e-16,0.007876400342523519,True,2000,,
secondary_per_horizon,all,0.0,1,decision_scale,balanced_error_over_top_second_margin,logger12_balanced,2048,5.247480118938829e-14,,,,,,,,4.9724695176906314e-14,5.537967832237907e-14,anchor_id,2000,100401,,2.0285422647203788e-16,0.003865745498299478,True,2000,2048,
primary_common_horizon,all,0.0,5,long_horizon,absolute_initial_u_return_effect,none,1994,5.330258319497575e-17,5.76400451283153e-16,0.0,0.0,0.0,0.0,0.0,1.7763568394002505e-14,3.058588339321729e-17,8.270066529136905e-17,anchor_id,2000,1000,,,,,,,
primary_common_horizon,all,0.0,5,long_horizon,balanced_do_error,logger12_balanced,1994,3.101646136331597e-16,4.580428157561102e-16,0.0,0.0,0.0,5.921189464667501e-16,1.1842378929335002e-15,7.105427357601002e-15,2.9026894191135813e-16,3.309548482066318e-16,anchor_id,2000,1001,,,,,,,
primary_common_horizon,all,0.0,5,long_horizon,heavy_mixture_drift,none,1994,2.0845912759260712e-16,3.702741628766041e-16,0.0,0.0,0.0,5.921189464667501e-16,5.921189464667501e-16,2.3684757858670005e-15,1.9212685976127748e-16,2.243459699376277e-16,anchor_id,2000,1002,,,,,,,
primary_common_horizon,all,0.0,5,long_horizon,do_action_range,none,1994,0.040458863163245866,0.036408645680303296,0.03134517064297526,0.009600426278669262,0.018429149505267972,0.05026907515191947,0.08135097775855389,0.32239325743839586,0.03893466685870442,0.04204469130464313,anchor_id,2000,1003,,,,,,,
primary_common_horizon,all,0.0,5,long_horizon,do_top_second_margin,none,1994,0.020211021022382102,0.01961377389880019,0.015163278496705956,0.0035837980442092743,0.008805315293060278,0.025168255425493502,0.04123928611575476,0.1932037529796311,0.019369143985106183,0.021064138732856192,anchor_id,2000,1004,,,,,,,
primary_common_horizon,all,0.0,5,long_horizon,max_balanced_do_error,logger12_balanced,1994,8.253734261305577e-16,1.1788642896333635e-15,0.0,0.0,0.0,1.7763568394002505e-15,1.7763568394002505e-15,1.7763568394002505e-14,7.736929340815572e-16,8.792810456111031e-16,anchor_id,2000,1005,,,,,,,
primary_common_horizon,all,0.0,5,long_horizon,balanced_survival_difference_abs,logger12_balanced,1994,0.0,0.0,0.0,0.0,0.0,0.0,0.0,0.0,0.0,0.0,anchor_id,2000,1006,,,,,,,
primary_common_horizon,all,0.0,5,long_horizon,balanced_termination_difference_abs,logger12_balanced,1994,0.0,0.0,0.0,0.0,0.0,0.0,0.0,0.0,0.0,0.0,anchor_id,2000,1007,,,,,,,
primary_common_horizon,all,0.0,5,long_horizon,balanced_restricted_time_difference_abs,logger12_balanced,1994,3.711879052574913e-19,7.405171718198321e-18,0.0,0.0,0.0,0.0,0.0,1.4802973661668753e-16,7.423758105149826e-20,7.423758105149826e-19,anchor_id,2000,1008,,,,,,,
primary_common_horizon,all,0.0,5,long_horizon,balanced_future_clipping_rate,logger12_balanced,1994,0.0,0.0,0.0,0.0,0.0,0.0,0.0,0.0,0.0,0.0,anchor_id,2000,1009,,,,,,,
primary_common_horizon,all,0.0,5,long_horizon,balanced_vs_do_top_set_disagreement,logger12_balanced,1994,0.0,0.0,0.0,0.0,0.0,0.0,0.0,0.0,0.0,0.0,anchor_id,2000,1010,,,,,,,
primary_common_horizon,all,0.0,5,long_horizon,balanced_vs_do_strict_disagreement,logger12_balanced,1994,0.0,0.0,0.0,0.0,0.0,0.0,0.0,0.0,0.0,0.0,anchor_id,2000,1011,,,,,,,
primary_common_horizon,all,0.0,5,long_horizon,heavy_top_set_disagreement,none,1994,0.0,0.0,0.0,0.0,0.0,0.0,0.0,0.0,0.0,0.0,anchor_id,2000,1012,,,,,,,
primary_common_horizon,all,0.0,5,long_horizon,heavy_strict_disagreement,none,1994,0.0,0.0,0.0,0.0,0.0,0.0,0.0,0.0,0.0,0.0,anchor_id,2000,1013,,,,,,,
primary_common_horizon,all,0.0,5,decision_regret,decision_regret_best,logger1_heavy,1994,0.0,0.0,0.0,0.0,0.0,0.0,0.0,0.0,0.0,0.0,anchor_id,2000,1100,,,,,,,
primary_common_horizon,all,0.0,5,decision_regret,decision_regret_worst,logger1_heavy,1994,0.0,0.0,0.0,0.0,0.0,0.0,0.0,0.0,0.0,0.0,anchor_id,2000,1101,,,,,,,
primary_common_horizon,all,0.0,5,top_action,top_action_fraction,logger1_heavy,1994,0.8039117352056169,0.3971356857142596,1.0,0.0,1.0,1.0,1.0,1.0,0.785845035105316,0.8204613841524574,anchor_id,2000,1200,minus,,,,,,
primary_common_horizon,all,0.0,5,top_action,top_action_fraction,logger1_heavy,1994,0.04012036108324975,0.1962907045662553,0.0,0.0,0.0,0.0,0.0,1.0,0.0320962888665998,0.04864593781344032,anchor_id,2000,1201,base,,,,,,
primary_common_horizon,all,0.0,5,top_action,top_action_fraction,logger1_heavy,1994,0.1559679037111334,0.36291592533800787,0.0,0.0,0.0,0.0,1.0,1.0,0.1399197592778335,0.17251755265797392,anchor_id,2000,1202,plus,,,,,,
primary_common_horizon,all,0.0,5,decision_regret,decision_regret_best,logger12_balanced,1994,0.0,0.0,0.0,0.0,0.0,0.0,0.0,0.0,0.0,0.0,anchor_id,2000,1110,,,,,,,
primary_common_horizon,all,0.0,5,decision_regret,decision_regret_worst,logger12_balanced,1994,0.0,0.0,0.0,0.0,0.0,0.0,0.0,0.0,0.0,0.0,anchor_id,2000,1111,,,,,,,
primary_common_horizon,all,0.0,5,top_action,top_action_fraction,logger12_balanced,1994,0.8039117352056169,0.3971356857142596,1.0,0.0,1.0,1.0,1.0,1.0,0.7863590772316951,0.820962888665998,anchor_id,2000,1210,minus,,,,,,
primary_common_horizon,all,0.0,5,top_action,top_action_fraction,logger12_balanced,1994,0.04012036108324975,0.1962907045662553,0.0,0.0,0.0,0.0,0.0,1.0,0.0320962888665998,0.04864593781344032,anchor_id,2000,1211,base,,,,,,
primary_common_horizon,all,0.0,5,top_action,top_action_fraction,logger12_balanced,1994,0.1559679037111334,0.36291592533800787,0.0,0.0,0.0,0.0,1.0,1.0,0.14040872617853561,0.1715145436308927,anchor_id,2000,1212,plus,,,,,,
primary_common_horizon,all,0.0,5,decision_regret,decision_regret_best,logger2_heavy,1994,0.0,0.0,0.0,0.0,0.0,0.0,0.0,0.0,0.0,0.0,anchor_id,2000,1120,,,,,,,
primary_common_horizon,all,0.0,5,decision_regret,decision_regret_worst,logger2_heavy,1994,0.0,0.0,0.0,0.0,0.0,0.0,0.0,0.0,0.0,0.0,anchor_id,2000,1121,,,,,,,
primary_common_horizon,all,0.0,5,top_action,top_action_fraction,logger2_heavy,1994,0.8039117352056169,0.3971356857142596,1.0,0.0,1.0,1.0,1.0,1.0,0.7873620862587764,0.8219658976930793,anchor_id,2000,1220,minus,,,,,,
primary_common_horizon,all,0.0,5,top_action,top_action_fraction,logger2_heavy,1994,0.04012036108324975,0.1962907045662553,0.0,0.0,0.0,0.0,0.0,1.0,0.0320962888665998,0.04914744232698094,anchor_id,2000,1221,base,,,,,,
primary_common_horizon,all,0.0,5,top_action,top_action_fraction,logger2_heavy,1994,0.1559679037111334,0.36291592533800787,0.0,0.0,0.0,0.0,1.0,1.0,0.14042126379137412,0.17251755265797392,anchor_id,2000,1222,plus,,,,,,
primary_common_horizon,all,0.0,5,top_action,top_action_fraction,do,1994,0.8039117352056169,0.3971356857142596,1.0,0.0,1.0,1.0,1.0,1.0,0.7858575727181545,0.820962888665998,anchor_id,2000,1300,minus,,,,,,
primary_common_horizon,all,0.0,5,top_action,top_action_fraction,do,1994,0.04012036108324975,0.1962907045662553,0.0,0.0,0.0,0.0,0.0,1.0,0.03159478435305918,0.04864593781344032,anchor_id,2000,1301,base,,,,,,
primary_common_horizon,all,0.0,5,top_action,top_action_fraction,do,1994,0.1559679037111334,0.36291592533800787,0.0,0.0,0.0,0.0,1.0,1.0,0.14042126379137412,0.17152708124373114,anchor_id,2000,1302,plus,,,,,,
primary_common_horizon,all,0.0,5,decision_scale,balanced_error_over_action_range,logger12_balanced,1994,2.040031186245375e-14,,,,,,,,1.8932655779762448e-14,2.1974630008768826e-14,anchor_id,2000,1400,,8.253734261305577e-16,0.040458863163245866,True,2000,,
primary_common_horizon,all,0.0,5,decision_scale,balanced_error_over_top_second_margin,logger12_balanced,1994,4.083778969981388e-14,,,,,,,,3.7959753058119185e-14,4.407418138114672e-14,anchor_id,2000,1401,,8.253734261305577e-16,0.020211021022382102,True,2000,1994,
secondary_per_horizon,all,0.0,5,long_horizon,absolute_initial_u_return_effect,none,2047,9.617955530053465e-17,2.0805137501218755e-15,0.0,0.0,0.0,0.0,0.0,9.059419880941277e-14,3.412927904066716e-17,2.133486714476709e-16,anchor_id,2000,101000,,,,,,,
secondary_per_horizon,all,0.0,5,long_horizon,balanced_do_error,logger12_balanced,2047,3.264319643809123e-16,7.603330043700301e-16,0.0,0.0,0.0,5.921189464667501e-16,1.1842378929335002e-15,2.7829590483937256e-14,2.970718896049597e-16,3.628861853034685e-16,anchor_id,2000,101001,,,,,,,
secondary_per_horizon,all,0.0,5,long_horizon,heavy_mixture_drift,none,2047,2.1897119808272097e-16,4.851533647247517e-16,0.0,0.0,0.0,5.921189464667501e-16,5.921189464667501e-16,1.4210854715202004e-14,1.9944602520216135e-16,2.416782509882607e-16,anchor_id,2000,101002,,,,,,,
secondary_per_horizon,all,0.0,5,long_horizon,do_action_range,none,2047,0.04044494467622959,0.036181431187312735,0.031649778188532096,0.009725774915787255,0.018557165584905277,0.0496696499354945,0.08112005666842032,0.32239325743839586,0.03896383555566674,0.042009573129198764,anchor_id,2000,101003,,,,,,,
secondary_per_horizon,all,0.0,5,long_horizon,do_top_second_margin,none,2047,0.02020794425664403,0.019470016084473567,0.015272011643636674,0.003694516006979854,0.008925048518152678,0.025067601338728984,0.04120506451244097,0.1932037529796311,0.019400406559495556,0.02110545842221037,anchor_id,2000,101004,,,,,,,
secondary_per_horizon,all,0.0,5,long_horizon,max_balanced_do_error,logger12_balanced,2047,8.734260668570357e-16,2.13925438226623e-15,0.0,0.0,0.0,1.7763568394002505e-15,1.7763568394002505e-15,8.171241461241152e-14,7.948914826041179e-16,9.840687131802072e-16,anchor_id,2000,101005,,,,,,,
secondary_per_horizon,all,0.0,5,long_horizon,balanced_survival_difference_abs,logger12_balanced,2047,0.0,0.0,0.0,0.0,0.0,0.0,0.0,0.0,0.0,0.0,anchor_id,2000,101006,,,,,,,
secondary_per_horizon,all,0.0,5,long_horizon,balanced_termination_difference_abs,logger12_balanced,2047,0.0,0.0,0.0,0.0,0.0,0.0,0.0,0.0,0.0,0.0,anchor_id,2000,101007,,,,,,,
secondary_per_horizon,all,0.0,5,long_horizon,balanced_restricted_time_difference_abs,logger12_balanced,2047,3.615772755659197e-19,7.308867713136972e-18,0.0,0.0,0.0,0.0,0.0,1.4802973661668753e-16,7.231545511318394e-20,7.231545511318394e-19,anchor_id,2000,101008,,,,,,,
secondary_per_horizon,all,0.0,5,long_horizon,balanced_future_clipping_rate,logger12_balanced,2047,0.0,0.0,0.0,0.0,0.0,0.0,0.0,0.0,0.0,0.0,anchor_id,2000,101009,,,,,,,
secondary_per_horizon,all,0.0,5,long_horizon,balanced_vs_do_top_set_disagreement,logger12_balanced,2047,0.0,0.0,0.0,0.0,0.0,0.0,0.0,0.0,0.0,0.0,anchor_id,2000,101010,,,,,,,
secondary_per_horizon,all,0.0,5,long_horizon,balanced_vs_do_strict_disagreement,logger12_balanced,2047,0.0,0.0,0.0,0.0,0.0,0.0,0.0,0.0,0.0,0.0,anchor_id,2000,101011,,,,,,,
secondary_per_horizon,all,0.0,5,long_horizon,heavy_top_set_disagreement,none,2047,0.0,0.0,0.0,0.0,0.0,0.0,0.0,0.0,0.0,0.0,anchor_id,2000,101012,,,,,,,
secondary_per_horizon,all,0.0,5,long_horizon,heavy_strict_disagreement,none,2047,0.0,0.0,0.0,0.0,0.0,0.0,0.0,0.0,0.0,0.0,anchor_id,2000,101013,,,,,,,
secondary_per_horizon,all,0.0,5,decision_regret,decision_regret_best,logger1_heavy,2047,0.0,0.0,0.0,0.0,0.0,0.0,0.0,0.0,0.0,0.0,anchor_id,2000,101100,,,,,,,
secondary_per_horizon,all,0.0,5,decision_regret,decision_regret_worst,logger1_heavy,2047,0.0,0.0,0.0,0.0,0.0,0.0,0.0,0.0,0.0,0.0,anchor_id,2000,101101,,,,,,,
secondary_per_horizon,all,0.0,5,top_action,top_action_fraction,logger1_heavy,2047,0.8085002442598925,0.3935775306150281,1.0,0.0,1.0,1.0,1.0,1.0,0.7914020517830972,0.8260869565217391,anchor_id,2000,101200,minus,,,,,,
secondary_per_horizon,all,0.0,5,top_action,top_action_fraction,logger1_heavy,2047,0.039081582804103565,0.19383644557278984,0.0,0.0,0.0,0.0,0.0,1.0,0.030776746458231558,0.04787493893502687,anchor_id,2000,101201,base,,,,,,
secondary_per_horizon,all,0.0,5,top_action,top_action_fraction,logger1_heavy,2047,0.1524181729360039,0.35951358066733136,0.0,0.0,0.0,0.0,1.0,1.0,0.13776257938446507,0.16853932584269662,anchor_id,2000,101202,plus,,,,,,
secondary_per_horizon,all,0.0,5,decision_regret,decision_regret_best,logger12_balanced,2047,0.0,0.0,0.0,0.0,0.0,0.0,0.0,0.0,0.0,0.0,anchor_id,2000,101110,,,,,,,
secondary_per_horizon,all,0.0,5,decision_regret,decision_regret_worst,logger12_balanced,2047,0.0,0.0,0.0,0.0,0.0,0.0,0.0,0.0,0.0,0.0,anchor_id,2000,101111,,,,,,,
secondary_per_horizon,all,0.0,5,top_action,top_action_fraction,logger12_balanced,2047,0.8085002442598925,0.3935775306150281,1.0,0.0,1.0,1.0,1.0,1.0,0.7923668783585736,0.825610649731314,anchor_id,2000,101210,minus,,,,,,
secondary_per_horizon,all,0.0,5,top_action,top_action_fraction,logger12_balanced,2047,0.039081582804103565,0.19383644557278984,0.0,0.0,0.0,0.0,0.0,1.0,0.030776746458231558,0.04787493893502687,anchor_id,2000,101211,base,,,,,,
secondary_per_horizon,all,0.0,5,top_action,top_action_fraction,logger12_balanced,2047,0.1524181729360039,0.35951358066733136,0.0,0.0,0.0,0.0,1.0,1.0,0.13823888617489008,0.16757449926722026,anchor_id,2000,101212,plus,,,,,,
secondary_per_horizon,all,0.0,5,decision_regret,decision_regret_best,logger2_heavy,2047,0.0,0.0,0.0,0.0,0.0,0.0,0.0,0.0,0.0,0.0,anchor_id,2000,101120,,,,,,,
secondary_per_horizon,all,0.0,5,decision_regret,decision_regret_worst,logger2_heavy,2047,0.0,0.0,0.0,0.0,0.0,0.0,0.0,0.0,0.0,0.0,anchor_id,2000,101121,,,,,,,
secondary_per_horizon,all,0.0,5,top_action,top_action_fraction,logger2_heavy,2047,0.8085002442598925,0.3935775306150281,1.0,0.0,1.0,1.0,1.0,1.0,0.7914020517830972,0.8255984367366879,anchor_id,2000,101220,minus,,,,,,
secondary_per_horizon,all,0.0,5,top_action,top_action_fraction,logger2_heavy,2047,0.039081582804103565,0.19383644557278984,0.0,0.0,0.0,0.0,0.0,1.0,0.03126526624328285,0.04787493893502687,anchor_id,2000,101221,base,,,,,,
secondary_per_horizon,all,0.0,5,top_action,top_action_fraction,logger2_heavy,2047,0.1524181729360039,0.35951358066733136,0.0,0.0,0.0,0.0,1.0,1.0,0.13629702002931118,0.16756228627259404,anchor_id,2000,101222,plus,,,,,,
secondary_per_horizon,all,0.0,5,top_action,top_action_fraction,do,2047,0.8085002442598925,0.3935775306150281,1.0,0.0,1.0,1.0,1.0,1.0,0.7923668783585736,0.8255984367366879,anchor_id,2000,101300,minus,,,,,,
secondary_per_horizon,all,0.0,5,top_action,top_action_fraction,do,2047,0.039081582804103565,0.19383644557278984,0.0,0.0,0.0,0.0,0.0,1.0,0.03126526624328285,0.04738641914997557,anchor_id,2000,101301,base,,,,,,
secondary_per_horizon,all,0.0,5,top_action,top_action_fraction,do,2047,0.1524181729360039,0.35951358066733136,0.0,0.0,0.0,0.0,1.0,1.0,0.13727405959941377,0.16756228627259404,anchor_id,2000,101302,plus,,,,,,
secondary_per_horizon,all,0.0,5,decision_scale,balanced_error_over_action_range,logger12_balanced,2047,2.159543235499511e-14,,,,,,,,1.9454747332160343e-14,2.4207216968658737e-14,anchor_id,2000,101400,,8.734260668570357e-16,0.04044494467622959,True,2000,,
secondary_per_horizon,all,0.0,5,decision_scale,balanced_error_over_top_second_margin,logger12_balanced,2047,4.3221915884386306e-14,,,,,,,,3.8929913223895595e-14,4.876265632640217e-14,anchor_id,2000,101401,,8.734260668570357e-16,0.02020794425664403,True,2000,2047,
primary_common_horizon,all,0.0,20,long_horizon,absolute_initial_u_return_effect,none,1994,3.961317324907947e-16,2.0731502146838377e-15,0.0,0.0,0.0,0.0,0.0,5.210646728907401e-14,3.111890922516704e-16,4.875924323462404e-16,anchor_id,2000,2000,,,,,,,
primary_common_horizon,all,0.0,20,long_horizon,balanced_do_error,logger12_balanced,1994,1.2731745150331954e-15,1.6356679460023623e-15,0.0,0.0,0.0,2.3684757858670005e-15,2.3684757858670005e-15,1.8947806286936004e-14,1.2033800532076284e-15,1.3437039289111726e-15,anchor_id,2000,2001,,,,,,,
primary_common_horizon,all,0.0,20,long_horizon,heavy_mixture_drift,none,1994,8.12456087027597e-16,1.4079155361498902e-15,0.0,0.0,0.0,2.3684757858670005e-15,2.3684757858670005e-15,9.473903143468002e-15,7.50386045510439e-16,8.74815655110855e-16,anchor_id,2000,2002,,,,,,,
primary_common_horizon,all,0.0,20,long_horizon,do_action_range,none,1994,0.06621440660930702,0.14123602590481163,0.03178604078808789,0.008288802118158856,0.015090836637892124,0.06898565074407692,0.13699728821608304,3.7161118480100725,0.06024586162886374,0.07278010719467308,anchor_id,2000,2003,,,,,,,
primary_common_horizon,all,0.0,20,long_horizon,do_top_second_margin,none,1994,0.03179242035025883,0.060893049517036536,0.01491170152507948,0.0034064206542350206,0.006787000567356927,0.03230846744746785,0.06621480933873586,0.8142771617211579,0.02930561702926733,0.03455902556446759,anchor_id,2000,2004,,,,,,,
primary_common_horizon,all,0.0,20,long_horizon,max_balanced_do_error,logger12_balanced,1994,3.4845635793952254e-15,4.31101410962647e-15,0.0,0.0,0.0,7.105427357601002e-15,7.105427357601002e-15,5.684341886080802e-14,3.299233170179213e-15,3.6716422836450015e-15,anchor_id,2000,2005,,,,,,,
primary_common_horizon,all,0.0,20,long_horizon,balanced_survival_difference_abs,logger12_balanced,1994,0.0,0.0,0.0,0.0,0.0,0.0,0.0,0.0,0.0,0.0,anchor_id,2000,2006,,,,,,,
primary_common_horizon,all,0.0,20,long_horizon,balanced_termination_difference_abs,logger12_balanced,1994,0.0,0.0,0.0,0.0,0.0,0.0,0.0,0.0,0.0,0.0,anchor_id,2000,2007,,,,,,,
primary_common_horizon,all,0.0,20,long_horizon,balanced_restricted_time_difference_abs,logger12_balanced,1994,1.7074643641844599e-18,2.314805384359688e-17,0.0,0.0,0.0,0.0,0.0,5.921189464667501e-16,8.166133915664808e-19,2.8210280799569342e-18,anchor_id,2000,2008,,,,,,,
primary_common_horizon,all,0.0,20,long_horizon,balanced_future_clipping_rate,logger12_balanced,1994,0.0,0.0,0.0,0.0,0.0,0.0,0.0,0.0,0.0,0.0,anchor_id,2000,2009,,,,,,,
primary_common_horizon,all,0.0,20,long_horizon,balanced_vs_do_top_set_disagreement,logger12_balanced,1994,0.0,0.0,0.0,0.0,0.0,0.0,0.0,0.0,0.0,0.0,anchor_id,2000,2010,,,,,,,
primary_common_horizon,all,0.0,20,long_horizon,balanced_vs_do_strict_disagreement,logger12_balanced,1994,0.0,0.0,0.0,0.0,0.0,0.0,0.0,0.0,0.0,0.0,anchor_id,2000,2011,,,,,,,
primary_common_horizon,all,0.0,20,long_horizon,heavy_top_set_disagreement,none,1994,0.0,0.0,0.0,0.0,0.0,0.0,0.0,0.0,0.0,0.0,anchor_id,2000,2012,,,,,,,
primary_common_horizon,all,0.0,20,long_horizon,heavy_strict_disagreement,none,1994,0.0,0.0,0.0,0.0,0.0,0.0,0.0,0.0,0.0,0.0,anchor_id,2000,2013,,,,,,,
primary_common_horizon,all,0.0,20,decision_regret,decision_regret_best,logger1_heavy,1994,0.0,0.0,0.0,0.0,0.0,0.0,0.0,0.0,0.0,0.0,anchor_id,2000,2100,,,,,,,
primary_common_horizon,all,0.0,20,decision_regret,decision_regret_worst,logger1_heavy,1994,0.0,0.0,0.0,0.0,0.0,0.0,0.0,0.0,0.0,0.0,anchor_id,2000,2101,,,,,,,
primary_common_horizon,all,0.0,20,top_action,top_action_fraction,logger1_heavy,1994,0.6995987963891676,0.458547456336364,1.0,0.0,0.0,1.0,1.0,1.0,0.6785356068204614,0.720160481444333,anchor_id,2000,2200,minus,,,,,,
primary_common_horizon,all,0.0,20,top_action,top_action_fraction,logger1_heavy,1994,0.062186559679037114,0.24155465962687575,0.0,0.0,0.0,0.0,0.0,1.0,0.051654964894684054,0.07271815446339017,anchor_id,2000,2201,base,,,,,,
primary_common_horizon,all,0.0,20,top_action,top_action_fraction,logger1_heavy,1994,0.2382146439317954,0.4260979702451812,0.0,0.0,0.0,0.0,1.0,1.0,0.22166499498495487,0.25626880641925776,anchor_id,2000,2202,plus,,,,,,
primary_common_horizon,all,0.0,20,decision_regret,decision_regret_best,logger12_balanced,1994,0.0,0.0,0.0,0.0,0.0,0.0,0.0,0.0,0.0,0.0,anchor_id,2000,2110,,,,,,,
primary_common_horizon,all,0.0,20,decision_regret,decision_regret_worst,logger12_balanced,1994,0.0,0.0,0.0,0.0,0.0,0.0,0.0,0.0,0.0,0.0,anchor_id,2000,2111,,,,,,,
primary_common_horizon,all,0.0,20,top_action,top_action_fraction,logger12_balanced,1994,0.6995987963891676,0.458547456336364,1.0,0.0,0.0,1.0,1.0,1.0,0.6785356068204614,0.720160481444333,anchor_id,2000,2210,minus,,,,,,
primary_common_horizon,all,0.0,20,top_action,top_action_fraction,logger12_balanced,1994,0.062186559679037114,0.24155465962687575,0.0,0.0,0.0,0.0,0.0,1.0,0.051654964894684054,0.07222918756268801,anchor_id,2000,2211,base,,,,,,
primary_common_horizon,all,0.0,20,top_action,top_action_fraction,logger12_balanced,1994,0.2382146439317954,0.4260979702451812,0.0,0.0,0.0,0.0,1.0,1.0,0.220160481444333,0.25727181544633904,anchor_id,2000,2212,plus,,,,,,
primary_common_horizon,all,0.0,20,decision_regret,decision_regret_best,logger2_heavy,1994,0.0,0.0,0.0,0.0,0.0,0.0,0.0,0.0,0.0,0.0,anchor_id,2000,2120,,,,,,,
primary_common_horizon,all,0.0,20,decision_regret,decision_regret_worst,logger2_heavy,1994,0.0,0.0,0.0,0.0,0.0,0.0,0.0,0.0,0.0,0.0,anchor_id,2000,2121,,,,,,,
primary_common_horizon,all,0.0,20,top_action,top_action_fraction,logger2_heavy,1994,0.6995987963891676,0.458547456336364,1.0,0.0,0.0,1.0,1.0,1.0,0.6800401203610833,0.7196715145436309,anchor_id,2000,2220,minus,,,,,,
primary_common_horizon,all,0.0,20,top_action,top_action_fraction,logger2_heavy,1994,0.062186559679037114,0.24155465962687575,0.0,0.0,0.0,0.0,0.0,1.0,0.051654964894684054,0.07372116349047142,anchor_id,2000,2221,base,,,,,,
primary_common_horizon,all,0.0,20,top_action,top_action_fraction,logger2_heavy,1994,0.2382146439317954,0.4260979702451812,0.0,0.0,0.0,0.0,1.0,1.0,0.21914493480441324,0.2567703109327984,anchor_id,2000,2222,plus,,,,,,
primary_common_horizon,all,0.0,20,top_action,top_action_fraction,do,1994,0.6995987963891676,0.458547456336364,1.0,0.0,0.0,1.0,1.0,1.0,0.679037111334002,0.7186685055165496,anchor_id,2000,2300,minus,,,,,,
primary_common_horizon,all,0.0,20,top_action,top_action_fraction,do,1994,0.062186559679037114,0.24155465962687575,0.0,0.0,0.0,0.0,0.0,1.0,0.051654964894684054,0.0732196589769308,anchor_id,2000,2301,base,,,,,,
primary_common_horizon,all,0.0,20,top_action,top_action_fraction,do,1994,0.2382146439317954,0.4260979702451812,0.0,0.0,0.0,0.0,1.0,1.0,0.21964643931795386,0.2577733199598796,anchor_id,2000,2302,plus,,,,,,
primary_common_horizon,all,0.0,20,decision_scale,balanced_error_over_action_range,logger12_balanced,1994,5.262545959153002e-14,,,,,,,,4.706814466500937e-14,5.890780597586528e-14,anchor_id,2000,2400,,3.4845635793952254e-15,0.06621440660930702,True,2000,,
primary_common_horizon,all,0.0,20,decision_scale,balanced_error_over_top_second_margin,logger12_balanced,1994,1.0960359547985332e-13,,,,,,,,9.928352147674388e-14,1.2166360316135876e-13,anchor_id,2000,2401,,3.4845635793952254e-15,0.03179242035025883,True,2000,1994,
secondary_per_horizon,all,0.0,20,long_horizon,absolute_initial_u_return_effect,none,2026,3.9338208388166124e-16,2.0626821593792318e-15,0.0,0.0,0.0,0.0,0.0,5.210646728907401e-14,3.0625935044546274e-16,4.898571402630404e-16,anchor_id,2000,102000,,,,,,,
secondary_per_horizon,all,0.0,20,long_horizon,balanced_do_error,logger12_balanced,2026,1.2752769116029932e-15,1.6327493760304652e-15,0.0,0.0,0.0,2.3684757858670005e-15,2.3684757858670005e-15,1.8947806286936004e-14,1.2035124460033337e-15,1.341915865838556e-15,anchor_id,2000,102001,,,,,,,
secondary_per_horizon,all,0.0,20,long_horizon,heavy_mixture_drift,none,2026,8.066378540218314e-16,1.4023256764079255e-15,0.0,0.0,0.0,2.3684757858670005e-15,2.3684757858670005e-15,9.473903143468002e-15,7.461327084678926e-16,8.659666527053206e-16,anchor_id,2000,102002,,,,,,,
secondary_per_horizon,all,0.0,20,long_horizon,do_action_range,none,2026,0.06603274304934827,0.14034282680116136,0.031688028967359116,0.008296481916005405,0.014995529736077984,0.0691833316602608,0.1369530682528861,3.7161118480100725,0.060432975933196034,0.0726289924406259,anchor_id,2000,102003,,,,,,,
secondary_per_horizon,all,0.0,20,long_horizon,do_top_second_margin,none,2026,0.03170501219829877,0.06055375438950964,0.014870981475922918,0.003407759988819592,0.006780943456785593,0.03230846744746785,0.06616019951804475,0.8142771617211579,0.029143669051592668,0.03428708442112203,anchor_id,2000,102004,,,,,,,
secondary_per_horizon,all,0.0,20,long_horizon,max_balanced_do_error,logger12_balanced,2026,3.492654229886919e-15,4.305977202732549e-15,0.0,0.0,0.0,7.105427357601002e-15,7.105427357601002e-15,5.684341886080802e-14,3.2997516093891165e-15,3.682477159664883e-15,anchor_id,2000,102005,,,,,,,
secondary_per_horizon,all,0.0,20,long_horizon,balanced_survival_difference_abs,logger12_balanced,2026,0.0,0.0,0.0,0.0,0.0,0.0,0.0,0.0,0.0,0.0,anchor_id,2000,102006,,,,,,,
secondary_per_horizon,all,0.0,20,long_horizon,balanced_termination_difference_abs,logger12_balanced,2026,0.0,0.0,0.0,0.0,0.0,0.0,0.0,0.0,0.0,0.0,anchor_id,2000,102007,,,,,,,
secondary_per_horizon,all,0.0,20,long_horizon,balanced_restricted_time_difference_abs,logger12_balanced,2026,1.6804955292121486e-18,2.2965414544960008e-17,0.0,0.0,0.0,0.0,0.0,5.921189464667501e-16,7.306502300922386e-19,2.776470874350507e-18,anchor_id,2000,102008,,,,,,,
secondary_per_horizon,all,0.0,20,long_horizon,balanced_future_clipping_rate,logger12_balanced,2026,0.0,0.0,0.0,0.0,0.0,0.0,0.0,0.0,0.0,0.0,anchor_id,2000,102009,,,,,,,
secondary_per_horizon,all,0.0,20,long_horizon,balanced_vs_do_top_set_disagreement,logger12_balanced,2026,0.0,0.0,0.0,0.0,0.0,0.0,0.0,0.0,0.0,0.0,anchor_id,2000,102010,,,,,,,
secondary_per_horizon,all,0.0,20,long_horizon,balanced_vs_do_strict_disagreement,logger12_balanced,2026,0.0,0.0,0.0,0.0,0.0,0.0,0.0,0.0,0.0,0.0,anchor_id,2000,102011,,,,,,,
secondary_per_horizon,all,0.0,20,long_horizon,heavy_top_set_disagreement,none,2026,0.0,0.0,0.0,0.0,0.0,0.0,0.0,0.0,0.0,0.0,anchor_id,2000,102012,,,,,,,
secondary_per_horizon,all,0.0,20,long_horizon,heavy_strict_disagreement,none,2026,0.0,0.0,0.0,0.0,0.0,0.0,0.0,0.0,0.0,0.0,anchor_id,2000,102013,,,,,,,
secondary_per_horizon,all,0.0,20,decision_regret,decision_regret_best,logger1_heavy,2026,0.0,0.0,0.0,0.0,0.0,0.0,0.0,0.0,0.0,0.0,anchor_id,2000,102100,,,,,,,
secondary_per_horizon,all,0.0,20,decision_regret,decision_regret_worst,logger1_heavy,2026,0.0,0.0,0.0,0.0,0.0,0.0,0.0,0.0,0.0,0.0,anchor_id,2000,102101,,,,,,,
secondary_per_horizon,all,0.0,20,top_action,top_action_fraction,logger1_heavy,2026,0.7013820335636722,0.45776490289663024,1.0,0.0,0.0,1.0,1.0,1.0,0.6816386969397829,0.722124876604146,anchor_id,2000,102200,minus,,,,,,
secondary_per_horizon,all,0.0,20,top_action,top_action_fraction,logger1_heavy,2026,0.061697926949654494,0.24066549618192148,0.0,0.0,0.0,0.0,0.0,1.0,0.05133267522211254,0.07255676209279369,anchor_id,2000,102201,base,,,,,,
secondary_per_horizon,all,0.0,20,top_action,top_action_fraction,logger1_heavy,2026,0.23692003948667326,0.4252977931548883,0.0,0.0,0.0,0.0,1.0,1.0,0.21865745310957552,0.2556885488647581,anchor_id,2000,102202,plus,,,,,,
secondary_per_horizon,all,0.0,20,decision_regret,decision_regret_best,logger12_balanced,2026,0.0,0.0,0.0,0.0,0.0,0.0,0.0,0.0,0.0,0.0,anchor_id,2000,102110,,,,,,,
secondary_per_horizon,all,0.0,20,decision_regret,decision_regret_worst,logger12_balanced,2026,0.0,0.0,0.0,0.0,0.0,0.0,0.0,0.0,0.0,0.0,anchor_id,2000,102111,,,,,,,
secondary_per_horizon,all,0.0,20,top_action,top_action_fraction,logger12_balanced,2026,0.7013820335636722,0.45776490289663024,1.0,0.0,0.0,1.0,1.0,1.0,0.6811451135241856,0.7211377097729516,anchor_id,2000,102210,minus,,,,,,
secondary_per_horizon,all,0.0,20,top_action,top_action_fraction,logger12_balanced,2026,0.061697926949654494,0.24066549618192148,0.0,0.0,0.0,0.0,0.0,1.0,0.05133267522211254,0.07255676209279369,anchor_id,2000,102211,base,,,,,,
secondary_per_horizon,all,0.0,20,top_action,top_action_fraction,logger12_balanced,2026,0.23692003948667326,0.4252977931548883,0.0,0.0,0.0,0.0,1.0,1.0,0.21865745310957552,0.25470138203356363,anchor_id,2000,102212,plus,,,,,,
secondary_per_horizon,all,0.0,20,decision_regret,decision_regret_best,logger2_heavy,2026,0.0,0.0,0.0,0.0,0.0,0.0,0.0,0.0,0.0,0.0,anchor_id,2000,102120,,,,,,,
secondary_per_horizon,all,0.0,20,decision_regret,decision_regret_worst,logger2_heavy,2026,0.0,0.0,0.0,0.0,0.0,0.0,0.0,0.0,0.0,0.0,anchor_id,2000,102121,,,,,,,
secondary_per_horizon,all,0.0,20,top_action,top_action_fraction,logger2_heavy,2026,0.7013820335636722,0.45776490289663024,1.0,0.0,0.0,1.0,1.0,1.0,0.6821322803553801,0.7201382033563672,anchor_id,2000,102220,minus,,,,,,
secondary_per_horizon,all,0.0,20,top_action,top_action_fraction,logger2_heavy,2026,0.061697926949654494,0.24066549618192148,0.0,0.0,0.0,0.0,0.0,1.0,0.05133267522211254,0.07206317867719644,anchor_id,2000,102221,base,,,,,,
secondary_per_horizon,all,0.0,20,top_action,top_action_fraction,logger2_heavy,2026,0.23692003948667326,0.4252977931548883,0.0,0.0,0.0,0.0,1.0,1.0,0.21864511352418559,0.255182625863771,anchor_id,2000,102222,plus,,,,,,
secondary_per_horizon,all,0.0,20,top_action,top_action_fraction,do,2026,0.7013820335636722,0.45776490289663024,1.0,0.0,0.0,1.0,1.0,1.0,0.6816386969397829,0.7211253701875617,anchor_id,2000,102300,minus,,,,,,
secondary_per_horizon,all,0.0,20,top_action,top_action_fraction,do,2026,0.061697926949654494,0.24066549618192148,0.0,0.0,0.0,0.0,0.0,1.0,0.0508390918065153,0.07255676209279369,anchor_id,2000,102301,base,,,,,,
secondary_per_horizon,all,0.0,20,top_action,top_action_fraction,do,2026,0.23692003948667326,0.4252977931548883,0.0,0.0,0.0,0.0,1.0,1.0,0.21915103652517276,0.2561697926949654,anchor_id,2000,102302,plus,,,,,,
secondary_per_horizon,all,0.0,20,decision_scale,balanced_error_over_action_range,logger12_balanced,2026,5.289276302328911e-14,,,,,,,,4.7471464323913116e-14,5.890705523847287e-14,anchor_id,2000,102400,,3.492654229886919e-15,0.06603274304934827,True,2000,,
secondary_per_horizon,all,0.0,20,decision_scale,balanced_error_over_top_second_margin,logger12_balanced,2026,1.101609489389923e-13,,,,,,,,9.942298227013132e-14,1.2172929401639689e-13,anchor_id,2000,102401,,3.492654229886919e-15,0.03170501219829877,True,2000,2026,
primary_common_horizon,all,0.0,50,long_horizon,absolute_initial_u_return_effect,none,1994,1.831589599702565e-15,6.186051633567791e-15,0.0,0.0,0.0,0.0,9.473903143468002e-15,9.473903143468003e-14,1.5654627191491545e-15,2.111910705753022e-15,anchor_id,2000,3000,,,,,,,
primary_common_horizon,all,0.0,50,long_horizon,balanced_do_error,logger12_balanced,1994,2.2382630687026725e-15,3.683381969152291e-15,0.0,0.0,0.0,4.736951571734001e-15,9.473903143468002e-15,2.842170943040401e-14,2.078934372249948e-15,2.4086086221834397e-15,anchor_id,2000,3001,,,,,,,
primary_common_horizon,all,0.0,50,long_horizon,heavy_mixture_drift,none,1994,1.2899522083508338e-15,2.770702671390667e-15,0.0,0.0,0.0,0.0,4.736951571734001e-15,1.8947806286936004e-14,1.1767992873121401e-15,1.4081384373848187e-15,anchor_id,2000,3002,,,,,,,
primary_common_horizon,all,0.0,50,long_horizon,do_action_range,none,1994,0.14166241376790617,0.40451413699180483,0.031691691000617084,0.00544185978089331,0.011310100680795188,0.0924294669679746,0.33171129781249675,4.162860112275013,0.12468137633828233,0.16019030490715874,anchor_id,2000,3003,,,,,,,
primary_common_horizon,all,0.0,50,long_horizon,do_top_second_margin,none,1994,0.07083866180069726,0.25639384506830876,0.012891677816917024,0.0020011639978747553,0.004540160957553496,0.040371575837077955,0.14328590689278262,3.553084628414979,0.059971707061381246,0.08269369136832365,anchor_id,2000,3004,,,,,,,
primary_common_horizon,all,0.0,50,long_horizon,max_balanced_do_error,logger12_balanced,1994,6.027052255246938e-15,9.638473495708583e-15,0.0,0.0,0.0,1.4210854715202004e-14,1.4210854715202004e-14,8.526512829121202e-14,5.605657473924318e-15,6.4449281752277165e-15,anchor_id,2000,3005,,,,,,,
primary_common_horizon,all,0.0,50,long_horizon,balanced_survival_difference_abs,logger12_balanced,1994,0.0,0.0,0.0,0.0,0.0,0.0,0.0,0.0,0.0,0.0,anchor_id,2000,3006,,,,,,,
primary_common_horizon,all,0.0,50,long_horizon,balanced_termination_difference_abs,logger12_balanced,1994,0.0,0.0,0.0,0.0,0.0,0.0,0.0,0.0,0.0,0.0,anchor_id,2000,3007,,,,,,,
primary_common_horizon,all,0.0,50,long_horizon,balanced_restricted_time_difference_abs,logger12_balanced,1994,1.5367179277660142e-17,1.6657043541925668e-16,0.0,0.0,0.0,0.0,0.0,2.3684757858670005e-15,8.60970346244751e-18,2.323821880864523e-17,anchor_id,2000,3008,,,,,,,
primary_common_horizon,all,0.0,50,long_horizon,balanced_future_clipping_rate,logger12_balanced,1994,0.0,0.0,0.0,0.0,0.0,0.0,0.0,0.0,0.0,0.0,anchor_id,2000,3009,,,,,,,
primary_common_horizon,all,0.0,50,long_horizon,balanced_vs_do_top_set_disagreement,logger12_balanced,1994,0.0,0.0,0.0,0.0,0.0,0.0,0.0,0.0,0.0,0.0,anchor_id,2000,3010,,,,,,,
primary_common_horizon,all,0.0,50,long_horizon,balanced_vs_do_strict_disagreement,logger12_balanced,1994,0.0,0.0,0.0,0.0,0.0,0.0,0.0,0.0,0.0,0.0,anchor_id,2000,3011,,,,,,,
primary_common_horizon,all,0.0,50,long_horizon,heavy_top_set_disagreement,none,1994,0.0,0.0,0.0,0.0,0.0,0.0,0.0,0.0,0.0,0.0,anchor_id,2000,3012,,,,,,,
primary_common_horizon,all,0.0,50,long_horizon,heavy_strict_disagreement,none,1994,0.0,0.0,0.0,0.0,0.0,0.0,0.0,0.0,0.0,0.0,anchor_id,2000,3013,,,,,,,
primary_common_horizon,all,0.0,50,decision_regret,decision_regret_best,logger1_heavy,1994,0.0,0.0,0.0,0.0,0.0,0.0,0.0,0.0,0.0,0.0,anchor_id,2000,3100,,,,,,,
primary_common_horizon,all,0.0,50,decision_regret,decision_regret_worst,logger1_heavy,1994,0.0,0.0,0.0,0.0,0.0,0.0,0.0,0.0,0.0,0.0,anchor_id,2000,3101,,,,,,,
primary_common_horizon,all,0.0,50,top_action,top_action_fraction,logger1_heavy,1994,0.5947843530591775,0.4910568782102939,1.0,0.0,0.0,1.0,1.0,1.0,0.5732071213640924,0.6173520561685055,anchor_id,2000,3200,minus,,,,,,
primary_common_horizon,all,0.0,50,top_action,top_action_fraction,logger1_heavy,1994,0.1238716148445336,0.32951766597462245,0.0,0.0,0.0,0.0,1.0,1.0,0.10931544633901706,0.137913741223671,anchor_id,2000,3201,base,,,,,,
primary_common_horizon,all,0.0,50,top_action,top_action_fraction,logger1_heavy,1994,0.2813440320962889,0.4497677373472285,0.0,0.0,0.0,1.0,1.0,1.0,0.261283851554664,0.3004012036108325,anchor_id,2000,3202,plus,,,,,,
primary_common_horizon,all,0.0,50,decision_regret,decision_regret_best,logger12_balanced,1994,0.0,0.0,0.0,0.0,0.0,0.0,0.0,0.0,0.0,0.0,anchor_id,2000,3110,,,,,,,
primary_common_horizon,all,0.0,50,decision_regret,decision_regret_worst,logger12_balanced,1994,0.0,0.0,0.0,0.0,0.0,0.0,0.0,0.0,0.0,0.0,anchor_id,2000,3111,,,,,,,
primary_common_horizon,all,0.0,50,top_action,top_action_fraction,logger12_balanced,1994,0.5947843530591775,0.4910568782102939,1.0,0.0,0.0,1.0,1.0,1.0,0.5737211634904714,0.6163490471414242,anchor_id,2000,3210,minus,,,,,,
primary_common_horizon,all,0.0,50,top_action,top_action_fraction,logger12_balanced,1994,0.1238716148445336,0.32951766597462245,0.0,0.0,0.0,0.0,1.0,1.0,0.10932798395185557,0.1384277833500501,anchor_id,2000,3211,base,,,,,,
primary_common_horizon,all,0.0,50,top_action,top_action_fraction,logger12_balanced,1994,0.2813440320962889,0.4497677373472285,0.0,0.0,0.0,1.0,1.0,1.0,0.26178535606820463,0.30190571715145437,anchor_id,2000,3212,plus,,,,,,
primary_common_horizon,all,0.0,50,decision_regret,decision_regret_best,logger2_heavy,1994,0.0,0.0,0.0,0.0,0.0,0.0,0.0,0.0,0.0,0.0,anchor_id,2000,3120,,,,,,,
primary_common_horizon,all,0.0,50,decision_regret,decision_regret_worst,logger2_heavy,1994,0.0,0.0,0.0,0.0,0.0,0.0,0.0,0.0,0.0,0.0,anchor_id,2000,3121,,,,,,,
primary_common_horizon,all,0.0,50,top_action,top_action_fraction,logger2_heavy,1994,0.5947843530591775,0.4910568782102939,1.0,0.0,0.0,1.0,1.0,1.0,0.5737211634904714,0.6158600802407221,anchor_id,2000,3220,minus,,,,,,
primary_common_horizon,all,0.0,50,top_action,top_action_fraction,logger2_heavy,1994,0.1238716148445336,0.32951766597462245,0.0,0.0,0.0,0.0,1.0,1.0,0.10932798395185557,0.13891675025075226,anchor_id,2000,3221,base,,,,,,
primary_common_horizon,all,0.0,50,top_action,top_action_fraction,logger2_heavy,1994,0.2813440320962889,0.4497677373472285,0.0,0.0,0.0,1.0,1.0,1.0,0.2622868605817452,0.29989969909729186,anchor_id,2000,3222,plus,,,,,,
primary_common_horizon,all,0.0,50,top_action,top_action_fraction,do,1994,0.5947843530591775,0.4910568782102939,1.0,0.0,0.0,1.0,1.0,1.0,0.5737086258776329,0.6163615847542627,anchor_id,2000,3300,minus,,,,,,
primary_common_horizon,all,0.0,50,top_action,top_action_fraction,do,1994,0.1238716148445336,0.32951766597462245,0.0,0.0,0.0,0.0,1.0,1.0,0.10982948846539618,0.13841524573721165,anchor_id,2000,3301,base,,,,,,
primary_common_horizon,all,0.0,50,top_action,top_action_fraction,do,1994,0.2813440320962889,0.4497677373472285,0.0,0.0,0.0,1.0,1.0,1.0,0.26178535606820463,0.30190571715145437,anchor_id,2000,3302,plus,,,,,,
primary_common_horizon,all,0.0,50,decision_scale,balanced_error_over_action_range,logger12_balanced,1994,4.2545175498148796e-14,,,,,,,,3.6840567021866596e-14,4.9118443831270035e-14,anchor_id,2000,3400,,6.027052255246938e-15,0.14166241376790617,True,2000,,
primary_common_horizon,all,0.0,50,decision_scale,balanced_error_over_top_second_margin,logger12_balanced,1994,8.508139626075791e-14,,,,,,,,7.193386491454844e-14,1.016413235011785e-13,anchor_id,2000,3401,,6.027052255246938e-15,0.07083866180069726,True,2000,1994,
secondary_per_horizon,all,0.0,50,long_horizon,absolute_initial_u_return_effect,none,1994,1.831589599702565e-15,6.186051633567791e-15,0.0,0.0,0.0,0.0,9.473903143468002e-15,9.473903143468003e-14,1.5773407321173938e-15,2.121472506192455e-15,anchor_id,2000,103000,,,,,,,
secondary_per_horizon,all,0.0,50,long_horizon,balanced_do_error,logger12_balanced,1994,2.2382630687026725e-15,3.683381969152291e-15,0.0,0.0,0.0,4.736951571734001e-15,9.473903143468002e-15,2.842170943040401e-14,2.0839899515195545e-15,2.3980260550045485e-15,anchor_id,2000,103001,,,,,,,
secondary_per_horizon,all,0.0,50,long_horizon,heavy_mixture_drift,none,1994,1.2899522083508338e-15,2.770702671390667e-15,0.0,0.0,0.0,0.0,4.736951571734001e-15,1.8947806286936004e-14,1.1640378471293875e-15,1.4114494334997151e-15,anchor_id,2000,103002,,,,,,,
secondary_per_horizon,all,0.0,50,long_horizon,do_action_range,none,1994,0.14166241376790617,0.40451413699180483,0.031691691000617084,0.00544185978089331,0.011310100680795188,0.0924294669679746,0.33171129781249675,4.162860112275013,0.1237899263340351,0.16027888474177696,anchor_id,2000,103003,,,,,,,
secondary_per_horizon,all,0.0,50,long_horizon,do_top_second_margin,none,1994,0.07083866180069726,0.25639384506830876,0.012891677816917024,0.0020011639978747553,0.004540160957553496,0.040371575837077955,0.14328590689278262,3.553084628414979,0.06035107495804513,0.08266425852071929,anchor_id,2000,103004,,,,,,,
secondary_per_horizon,all,0.0,50,long_horizon,max_balanced_do_error,logger12_balanced,1994,6.027052255246938e-15,9.638473495708583e-15,0.0,0.0,0.0,1.4210854715202004e-14,1.4210854715202004e-14,8.526512829121202e-14,5.6305790298833064e-15,6.454694129015041e-15,anchor_id,2000,103005,,,,,,,
secondary_per_horizon,all,0.0,50,long_horizon,balanced_survival_difference_abs,logger12_balanced,1994,0.0,0.0,0.0,0.0,0.0,0.0,0.0,0.0,0.0,0.0,anchor_id,2000,103006,,,,,,,
secondary_per_horizon,all,0.0,50,long_horizon,balanced_termination_difference_abs,logger12_balanced,1994,0.0,0.0,0.0,0.0,0.0,0.0,0.0,0.0,0.0,0.0,anchor_id,2000,103007,,,,,,,
secondary_per_horizon,all,0.0,50,long_horizon,balanced_restricted_time_difference_abs,logger12_balanced,1994,1.5367179277660142e-17,1.6657043541925668e-16,0.0,0.0,0.0,0.0,0.0,2.3684757858670005e-15,8.611559401973798e-18,2.353331319332495e-17,anchor_id,2000,103008,,,,,,,
secondary_per_horizon,all,0.0,50,long_horizon,balanced_future_clipping_rate,logger12_balanced,1994,0.0,0.0,0.0,0.0,0.0,0.0,0.0,0.0,0.0,0.0,anchor_id,2000,103009,,,,,,,
secondary_per_horizon,all,0.0,50,long_horizon,balanced_vs_do_top_set_disagreement,logger12_balanced,1994,0.0,0.0,0.0,0.0,0.0,0.0,0.0,0.0,0.0,0.0,anchor_id,2000,103010,,,,,,,
secondary_per_horizon,all,0.0,50,long_horizon,balanced_vs_do_strict_disagreement,logger12_balanced,1994,0.0,0.0,0.0,0.0,0.0,0.0,0.0,0.0,0.0,0.0,anchor_id,2000,103011,,,,,,,
secondary_per_horizon,all,0.0,50,long_horizon,heavy_top_set_disagreement,none,1994,0.0,0.0,0.0,0.0,0.0,0.0,0.0,0.0,0.0,0.0,anchor_id,2000,103012,,,,,,,
secondary_per_horizon,all,0.0,50,long_horizon,heavy_strict_disagreement,none,1994,0.0,0.0,0.0,0.0,0.0,0.0,0.0,0.0,0.0,0.0,anchor_id,2000,103013,,,,,,,
secondary_per_horizon,all,0.0,50,decision_regret,decision_regret_best,logger1_heavy,1994,0.0,0.0,0.0,0.0,0.0,0.0,0.0,0.0,0.0,0.0,anchor_id,2000,103100,,,,,,,
secondary_per_horizon,all,0.0,50,decision_regret,decision_regret_worst,logger1_heavy,1994,0.0,0.0,0.0,0.0,0.0,0.0,0.0,0.0,0.0,0.0,anchor_id,2000,103101,,,,,,,
secondary_per_horizon,all,0.0,50,top_action,top_action_fraction,logger1_heavy,1994,0.5947843530591775,0.4910568782102939,1.0,0.0,0.0,1.0,1.0,1.0,0.5727181544633901,0.6158475426278837,anchor_id,2000,103200,minus,,,,,,
secondary_per_horizon,all,0.0,50,top_action,top_action_fraction,logger1_heavy,1994,0.1238716148445336,0.32951766597462245,0.0,0.0,0.0,0.0,1.0,1.0,0.10982948846539618,0.13841524573721165,anchor_id,2000,103201,base,,,,,,
secondary_per_horizon,all,0.0,50,top_action,top_action_fraction,logger1_heavy,1994,0.2813440320962889,0.4497677373472285,0.0,0.0,0.0,1.0,1.0,1.0,0.26028084252758277,0.3014042126379137,anchor_id,2000,103202,plus,,,,,,
secondary_per_horizon,all,0.0,50,decision_regret,decision_regret_best,logger12_balanced,1994,0.0,0.0,0.0,0.0,0.0,0.0,0.0,0.0,0.0,0.0,anchor_id,2000,103110,,,,,,,
secondary_per_horizon,all,0.0,50,decision_regret,decision_regret_worst,logger12_balanced,1994,0.0,0.0,0.0,0.0,0.0,0.0,0.0,0.0,0.0,0.0,anchor_id,2000,103111,,,,,,,
secondary_per_horizon,all,0.0,50,top_action,top_action_fraction,logger12_balanced,1994,0.5947843530591775,0.4910568782102939,1.0,0.0,0.0,1.0,1.0,1.0,0.5732196589769308,0.6168630892678034,anchor_id,2000,103210,minus,,,,,,
secondary_per_horizon,all,0.0,50,top_action,top_action_fraction,logger12_balanced,1994,0.1238716148445336,0.32951766597462245,0.0,0.0,0.0,0.0,1.0,1.0,0.10881394182547643,0.13891675025075226,anchor_id,2000,103211,base,,,,,,
secondary_per_horizon,all,0.0,50,top_action,top_action_fraction,logger12_balanced,1994,0.2813440320962889,0.4497677373472285,0.0,0.0,0.0,1.0,1.0,1.0,0.26078234704112335,0.30190571715145437,anchor_id,2000,103212,plus,,,,,,
secondary_per_horizon,all,0.0,50,decision_regret,decision_regret_best,logger2_heavy,1994,0.0,0.0,0.0,0.0,0.0,0.0,0.0,0.0,0.0,0.0,anchor_id,2000,103120,,,,,,,
secondary_per_horizon,all,0.0,50,decision_regret,decision_regret_worst,logger2_heavy,1994,0.0,0.0,0.0,0.0,0.0,0.0,0.0,0.0,0.0,0.0,anchor_id,2000,103121,,,,,,,
secondary_per_horizon,all,0.0,50,top_action,top_action_fraction,logger2_heavy,1994,0.5947843530591775,0.4910568782102939,1.0,0.0,0.0,1.0,1.0,1.0,0.5722166499498496,0.6168505516549649,anchor_id,2000,103220,minus,,,,,,
secondary_per_horizon,all,0.0,50,top_action,top_action_fraction,logger2_heavy,1994,0.1238716148445336,0.32951766597462245,0.0,0.0,0.0,0.0,1.0,1.0,0.10982948846539618,0.13841524573721165,anchor_id,2000,103221,base,,,,,,
secondary_per_horizon,all,0.0,50,top_action,top_action_fraction,logger2_heavy,1994,0.2813440320962889,0.4497677373472285,0.0,0.0,0.0,1.0,1.0,1.0,0.2622868605817452,0.30090270812437314,anchor_id,2000,103222,plus,,,,,,
secondary_per_horizon,all,0.0,50,top_action,top_action_fraction,do,1994,0.5947843530591775,0.4910568782102939,1.0,0.0,0.0,1.0,1.0,1.0,0.5732071213640924,0.6158475426278837,anchor_id,2000,103300,minus,,,,,,
secondary_per_horizon,all,0.0,50,top_action,top_action_fraction,do,1994,0.1238716148445336,0.32951766597462245,0.0,0.0,0.0,0.0,1.0,1.0,0.10982948846539618,0.13841524573721165,anchor_id,2000,103301,base,,,,,,
secondary_per_horizon,all,0.0,50,top_action,top_action_fraction,do,1994,0.2813440320962889,0.4497677373472285,0.0,0.0,0.0,1.0,1.0,1.0,0.261283851554664,0.3014042126379137,anchor_id,2000,103302,plus,,,,,,
secondary_per_horizon,all,0.0,50,decision_scale,balanced_error_over_action_range,logger12_balanced,1994,4.2545175498148796e-14,,,,,,,,3.71428970804252e-14,4.934182069291384e-14,anchor_id,2000,103400,,6.027052255246938e-15,0.14166241376790617,True,2000,,
secondary_per_horizon,all,0.0,50,decision_scale,balanced_error_over_top_second_margin,logger12_balanced,1994,8.508139626075791e-14,,,,,,,,7.232969298742092e-14,1.0168269276819791e-13,anchor_id,2000,103401,,6.027052255246938e-15,0.07083866180069726,True,2000,1994,
primary_common_horizon,all,0.1,1,long_horizon,absolute_initial_u_return_effect,none,1994,0.003900832383525515,0.0022797450654512023,0.0031657787221743097,0.0013877313303752008,0.0021398556072436863,0.006238769023905596,0.007017502258360716,0.010542913423160863,0.0038005703567735565,0.004000891545368419,anchor_id,2000,10000,,,,,,,
primary_common_horizon,all,0.1,1,long_horizon,balanced_do_error,logger12_balanced,1994,0.0007758346431263667,0.00045258795293733306,0.0006350337553239587,0.0002751935942072903,0.00042021664216766264,0.0012418852213354665,0.0013942961685358135,0.002108172089189194,0.0007564376573081381,0.0007952196516688417,anchor_id,2000,10001,,,,,,,
primary_common_horizon,all,0.1,1,long_horizon,heavy_mixture_drift,none,1994,0.0004022846297691977,0.00023467523485639255,0.0003292767620197701,0.0001426929747740502,0.00021789011075360834,0.0006439404851367921,0.0007229683836852038,0.0010931262684685805,0.0003920004480756489,0.00041215250169700517,anchor_id,2000,10002,,,,,,,
primary_common_horizon,all,0.1,1,long_horizon,do_action_range,none,1994,0.007796966860816476,0.00461008699177621,0.0063213096473366814,0.0026065373393649783,0.004277313102348246,0.012522723341687358,0.014043524070308866,0.02177500021514467,0.00759759333153882,0.008009268170292148,anchor_id,2000,10003,,,,,,,
primary_common_horizon,all,0.1,1,long_horizon,do_top_second_margin,none,1994,0.0037821542131731053,0.0023181525973546262,0.0030715509348304693,0.0011288185554982455,0.0020226642125611427,0.006163926538545916,0.006947843710938528,0.014512060025127393,0.003683912329733755,0.003886187028033507,anchor_id,2000,10004,,,,,,,
primary_common_horizon,all,0.1,1,long_horizon,max_balanced_do_error,logger12_balanced,1994,0.0012480153115624413,0.0006999963160421027,0.0010089422996666375,0.00047530869103932225,0.0006997444872209879,0.0019218266840926868,0.0021607880437795493,0.004791507920789417,0.0012168305269858546,0.001278243230799326,anchor_id,2000,10005,,,,,,,
primary_common_horizon,all,0.1,1,long_horizon,balanced_survival_difference_abs,logger12_balanced,1994,0.0,0.0,0.0,0.0,0.0,0.0,0.0,0.0,0.0,0.0,anchor_id,2000,10006,,,,,,,
primary_common_horizon,all,0.1,1,long_horizon,balanced_termination_difference_abs,logger12_balanced,1994,0.0,0.0,0.0,0.0,0.0,0.0,0.0,0.0,0.0,0.0,anchor_id,2000,10007,,,,,,,
primary_common_horizon,all,0.1,1,long_horizon,balanced_restricted_time_difference_abs,logger12_balanced,1994,0.0,0.0,0.0,0.0,0.0,0.0,0.0,0.0,0.0,0.0,anchor_id,2000,10008,,,,,,,
primary_common_horizon,all,0.1,1,long_horizon,balanced_future_clipping_rate,logger12_balanced,1994,0.0,0.0,0.0,0.0,0.0,0.0,0.0,0.0,0.0,0.0,anchor_id,2000,10009,,,,,,,
primary_common_horizon,all,0.1,1,long_horizon,balanced_vs_do_top_set_disagreement,logger12_balanced,1994,0.003009027081243731,0.05478574716181705,0.0,0.0,0.0,0.0,0.0,1.0,0.0010030090270812437,0.005516549648946841,anchor_id,2000,10010,,,,,,,
primary_common_horizon,all,0.1,1,long_horizon,balanced_vs_do_strict_disagreement,logger12_balanced,1994,0.003009027081243731,0.05478574716181705,0.0,0.0,0.0,0.0,0.0,1.0,0.0010030090270812437,0.005516549648946841,anchor_id,2000,10011,,,,,,,
primary_common_horizon,all,0.1,1,long_horizon,heavy_top_set_disagreement,none,1994,0.0020060180541624875,0.044754870779574504,0.0,0.0,0.0,0.0,0.0,1.0,0.0005015045135406219,0.004012036108324975,anchor_id,2000,10012,,,,,,,
primary_common_horizon,all,0.1,1,long_horizon,heavy_strict_disagreement,none,1994,0.0020060180541624875,0.044754870779574504,0.0,0.0,0.0,0.0,0.0,1.0,0.0005015045135406219,0.004012036108324975,anchor_id,2000,10013,,,,,,,
primary_common_horizon,all,0.1,1,decision_regret,decision_regret_best,logger1_heavy,1994,1.2873326212413601e-06,2.2764538919470408e-05,0.0,0.0,0.0,0.0,0.0,0.0006784687681358204,4.2869915605327586e-07,2.3449526025765717e-06,anchor_id,2000,10100,,,,,,,
primary_common_horizon,all,0.1,1,decision_regret,decision_regret_worst,logger1_heavy,1994,1.2873326212413601e-06,2.2764538919470408e-05,0.0,0.0,0.0,0.0,0.0,0.0006784687681358204,4.3707195019474644e-07,2.437936590399815e-06,anchor_id,2000,10101,,,,,,,
primary_common_horizon,all,0.1,1,top_action,top_action_fraction,logger1_heavy,1994,0.9052156469408225,0.2929903245705043,1.0,1.0,1.0,1.0,1.0,1.0,0.8921765295887663,0.9182547642928787,anchor_id,2000,10200,minus,,,,,,
primary_common_horizon,all,0.1,1,top_action,top_action_fraction,logger1_heavy,1994,0.011534603811434303,0.10680485722809992,0.0,0.0,0.0,0.0,0.0,1.0,0.007021063189568706,0.016549648946840523,anchor_id,2000,10201,base,,,,,,
primary_common_horizon,all,0.1,1,top_action,top_action_fraction,logger1_heavy,1994,0.08324974924774323,0.27632864878605523,0.0,0.0,0.0,0.0,0.0,1.0,0.07171514543630893,0.09578736208625878,anchor_id,2000,10202,plus,,,,,,
primary_common_horizon,all,0.1,1,decision_regret,decision_regret_best,logger12_balanced,1994,7.334776686706967e-07,1.7327497220204285e-05,0.0,0.0,0.0,0.0,0.0,0.0006784687681358204,1.3083295110840137e-07,1.6166646412763334e-06,anchor_id,2000,10110,,,,,,,
primary_common_horizon,all,0.1,1,decision_regret,decision_regret_worst,logger12_balanced,1994,7.334776686706967e-07,1.7327497220204285e-05,0.0,0.0,0.0,0.0,0.0,0.0006784687681358204,1.5800513208751885e-07,1.5888529415905753e-06,anchor_id,2000,10111,,,,,,,
primary_common_horizon,all,0.1,1,top_action,top_action_fraction,logger12_balanced,1994,0.9067201604814443,0.29089714496035474,1.0,1.0,1.0,1.0,1.0,1.0,0.8941825476429288,0.9192577733199598,anchor_id,2000,10210,minus,,,,,,
primary_common_horizon,all,0.1,1,top_action,top_action_fraction,logger12_balanced,1994,0.010030090270812437,0.09967181016409168,0.0,0.0,0.0,0.0,0.0,1.0,0.006018054162487462,0.014543630892678034,anchor_id,2000,10211,base,,,,,,
primary_common_horizon,all,0.1,1,top_action,top_action_fraction,logger12_balanced,1994,0.08324974924774323,0.27632864878605523,0.0,0.0,0.0,0.0,0.0,1.0,0.07171514543630893,0.09528585757271815,anchor_id,2000,10212,plus,,,,,,
primary_common_horizon,all,0.1,1,decision_regret,decision_regret_best,logger2_heavy,1994,3.9322251915423713e-07,8.346100527306122e-06,0.0,0.0,0.0,0.0,0.0,0.00020769993652081098,8.7386621462352e-08,8.196392592546615e-07,anchor_id,2000,10120,,,,,,,
primary_common_horizon,all,0.1,1,decision_regret,decision_regret_worst,logger2_heavy,1994,3.9322251915423713e-07,8.346100527306122e-06,0.0,0.0,0.0,0.0,0.0,0.00020769993652081098,7.068997612222208e-08,7.869594019446169e-07,anchor_id,2000,10121,,,,,,,
primary_common_horizon,all,0.1,1,top_action,top_action_fraction,logger2_heavy,1994,0.9067201604814443,0.29089714496035474,1.0,1.0,1.0,1.0,1.0,1.0,0.8936810431293881,0.9192577733199598,anchor_id,2000,10220,minus,,,,,,
primary_common_horizon,all,0.1,1,top_action,top_action_fraction,logger2_heavy,1994,0.009528585757271816,0.09717266735450189,0.0,0.0,0.0,0.0,0.0,1.0,0.005516549648946841,0.014042126379137413,anchor_id,2000,10221,base,,,,,,
primary_common_horizon,all,0.1,1,top_action,top_action_fraction,logger2_heavy,1994,0.08375125376128385,0.2770838943473732,0.0,0.0,0.0,0.0,0.0,1.0,0.07171514543630893,0.09679037111334002,anchor_id,2000,10222,plus,,,,,,
primary_common_horizon,all,0.1,1,top_action,top_action_fraction,do,1994,0.9077231695085256,0.2894889377030977,1.0,1.0,1.0,1.0,1.0,1.0,0.8941825476429288,0.9202607823470411,anchor_id,2000,10300,minus,,,,,,
primary_common_horizon,all,0.1,1,top_action,top_action_fraction,do,1994,0.00802407221664995,0.08923945485786236,0.0,0.0,0.0,0.0,0.0,1.0,0.004513540621865597,0.012036108324974924,anchor_id,2000,10301,base,,,,,,
primary_common_horizon,all,0.1,1,top_action,top_action_fraction,do,1994,0.08425275827482448,0.27783618124272635,0.0,0.0,0.0,0.0,0.0,1.0,0.07271815446339017,0.09628886659979939,anchor_id,2000,10302,plus,,,,,,
primary_common_horizon,all,0.1,1,decision_scale,balanced_error_over_action_range,logger12_balanced,1994,0.16006420622797835,,,,,,,,0.15911132718749127,0.16101416081094755,anchor_id,2000,10400,,0.0012480153115624413,0.007796966860816476,True,2000,,
primary_common_horizon,all,0.1,1,decision_scale,balanced_error_over_top_second_margin,logger12_balanced,1994,0.3299747290091053,,,,,,,,0.3271577476043902,0.3328821014548329,anchor_id,2000,10401,,0.0012480153115624413,0.0037821542131731053,True,2000,1994,
secondary_per_horizon,all,0.1,1,long_horizon,absolute_initial_u_return_effect,none,2048,0.003915342859748635,0.002276341567607037,0.0031748185348166036,0.0013882078523792714,0.0021427347366660223,0.006239777334069515,0.006997589925388237,0.010542913423160863,0.003820401736103292,0.00401040533249004,anchor_id,2000,110000,,,,,,,
secondary_per_horizon,all,0.1,1,long_horizon,balanced_do_error,logger12_balanced,2048,0.0007787944614941017,0.0004518785635824844,0.0006372964183057512,0.0002768078947168166,0.0004207631262745001,0.0012422521981501993,0.001389721246123754,0.002108172089189194,0.0007597903507155177,0.0007979432730145647,anchor_id,2000,110001,,,,,,,
secondary_per_horizon,all,0.1,1,long_horizon,heavy_mixture_drift,none,2048,0.00040381935040431866,0.00023430740333906357,0.00033044999467701786,0.00014353001948281448,0.0002181734728828877,0.0006441307694112589,0.0007205962016938757,0.0010931262684685805,0.00039401907787445283,0.00041351150893461356,anchor_id,2000,110002,,,,,,,
secondary_per_horizon,all,0.1,1,long_horizon,do_action_range,none,2048,0.007826394159562659,0.004602836370969457,0.0063344353529115605,0.0026440294186745104,0.004280805726163295,0.012511204283720212,0.01403428357865386,0.02177500021514467,0.007624953481142078,0.008028176472236841,anchor_id,2000,110003,,,,,,,
secondary_per_horizon,all,0.1,1,long_horizon,do_top_second_margin,none,2048,0.0037973382561601846,0.002314137056105339,0.0030855774522702273,0.0011523809604333305,0.0020267572886975005,0.006170152577900545,0.006924818110268838,0.014512060025127393,0.0037028839333327827,0.0038980000937065243,anchor_id,2000,110004,,,,,,,
secondary_per_horizon,all,0.1,1,long_horizon,max_balanced_do_error,logger12_balanced,2048,0.0012519493817132804,0.0006984333031280296,0.00101333011858884,0.00047629081282787313,0.0007024538731641439,0.0019183787273130415,0.002156136910561557,0.004791507920789417,0.0012222337577434447,0.0012814970244643515,anchor_id,2000,110005,,,,,,,
secondary_per_horizon,all,0.1,1,long_horizon,balanced_survival_difference_abs,logger12_balanced,2048,0.0,0.0,0.0,0.0,0.0,0.0,0.0,0.0,0.0,0.0,anchor_id,2000,110006,,,,,,,
secondary_per_horizon,all,0.1,1,long_horizon,balanced_termination_difference_abs,logger12_balanced,2048,0.0,0.0,0.0,0.0,0.0,0.0,0.0,0.0,0.0,0.0,anchor_id,2000,110007,,,,,,,
secondary_per_horizon,all,0.1,1,long_horizon,balanced_restricted_time_difference_abs,logger12_balanced,2048,0.0,0.0,0.0,0.0,0.0,0.0,0.0,0.0,0.0,0.0,anchor_id,2000,110008,,,,,,,
secondary_per_horizon,all,0.1,1,long_horizon,balanced_future_clipping_rate,logger12_balanced,2048,0.0,0.0,0.0,0.0,0.0,0.0,0.0,0.0,0.0,0.0,anchor_id,2000,110009,,,,,,,
secondary_per_horizon,all,0.1,1,long_horizon,balanced_vs_do_top_set_disagreement,logger12_balanced,2048,0.0029296875,0.0540604425477739,0.0,0.0,0.0,0.0,0.0,1.0,0.0009765625,0.00537109375,anchor_id,2000,110010,,,,,,,
secondary_per_horizon,all,0.1,1,long_horizon,balanced_vs_do_strict_disagreement,logger12_balanced,2048,0.0029296875,0.0540604425477739,0.0,0.0,0.0,0.0,0.0,1.0,0.0009765625,0.00537109375,anchor_id,2000,110011,,,,,,,
secondary_per_horizon,all,0.1,1,long_horizon,heavy_top_set_disagreement,none,2048,0.001953125,0.04416177735762528,0.0,0.0,0.0,0.0,0.0,1.0,0.00048828125,0.00390625,anchor_id,2000,110012,,,,,,,
secondary_per_horizon,all,0.1,1,long_horizon,heavy_strict_disagreement,none,2048,0.001953125,0.04416177735762528,0.0,0.0,0.0,0.0,0.0,1.0,0.00048828125,0.00390625,anchor_id,2000,110013,,,,,,,
secondary_per_horizon,all,0.1,1,decision_regret,decision_regret_best,logger1_heavy,2048,1.2533892806422227e-06,2.2463214519083888e-05,0.0,0.0,0.0,0.0,0.0,0.0006784687681358204,4.2655639379870614e-07,2.319143802295386e-06,anchor_id,2000,110100,,,,,,,
secondary_per_horizon,all,0.1,1,decision_regret,decision_regret_worst,logger1_heavy,2048,1.2533892806422227e-06,2.2463214519083888e-05,0.0,0.0,0.0,0.0,0.0,0.0006784687681358204,4.11247085094156e-07,2.3524989430783552e-06,anchor_id,2000,110101,,,,,,,
secondary_per_horizon,all,0.1,1,top_action,top_action_fraction,logger1_heavy,2048,0.9072265625,0.2901855334230356,1.0,1.0,1.0,1.0,1.0,1.0,0.89404296875,0.9194458007812499,anchor_id,2000,110200,minus,,,,,,
secondary_per_horizon,all,0.1,1,top_action,top_action_fraction,logger1_heavy,2048,0.01123046875,0.10540289376504301,0.0,0.0,0.0,0.0,0.0,1.0,0.0068359375,0.01611328125,anchor_id,2000,110201,base,,,,,,
secondary_per_horizon,all,0.1,1,top_action,top_action_fraction,logger1_heavy,2048,0.08154296875,0.27373399507187945,0.0,0.0,0.0,0.0,0.0,1.0,0.0703125,0.09375,anchor_id,2000,110202,plus,,,,,,
secondary_per_horizon,all,0.1,1,decision_regret,decision_regret_best,logger12_balanced,2048,7.141379254537936e-07,1.7097823522143717e-05,0.0,0.0,0.0,0.0,0.0,0.0006784687681358204,1.3765216053487385e-07,1.5130049129131659e-06,anchor_id,2000,110110,,,,,,,
secondary_per_horizon,all,0.1,1,decision_regret,decision_regret_worst,logger12_balanced,2048,7.141379254537936e-07,1.7097823522143717e-05,0.0,0.0,0.0,0.0,0.0,0.0006784687681358204,1.3812827414599165e-07,1.5474410039836822e-06,anchor_id,2000,110111,,,,,,,
secondary_per_horizon,all,0.1,1,top_action,top_action_fraction,logger12_balanced,2048,0.90869140625,0.2881178015948893,1.0,1.0,1.0,1.0,1.0,1.0,0.89599609375,0.9208984375,anchor_id,2000,110210,minus,,,,,,
secondary_per_horizon,all,0.1,1,top_action,top_action_fraction,logger12_balanced,2048,0.009765625,0.09836148474127493,0.0,0.0,0.0,0.0,0.0,1.0,0.005859375,0.01416015625,anchor_id,2000,110211,base,,,,,,
secondary_per_horizon,all,0.1,1,top_action,top_action_fraction,logger12_balanced,2048,0.08154296875,0.27373399507187945,0.0,0.0,0.0,0.0,0.0,1.0,0.06981201171875,0.09375,anchor_id,2000,110212,plus,,,,,,
secondary_per_horizon,all,0.1,1,decision_regret,decision_regret_best,logger2_heavy,2048,3.8285434726247503e-07,8.235520544122548e-06,0.0,0.0,0.0,0.0,0.0,0.00020769993652081098,8.48189545118143e-08,7.448986874474895e-07,anchor_id,2000,110120,,,,,,,
secondary_per_horizon,all,0.1,1,decision_regret,decision_regret_worst,logger2_heavy,2048,3.8285434726247503e-07,8.235520544122548e-06,0.0,0.0,0.0,0.0,0.0,0.00020769993652081098,8.522902821038805e-08,7.709894887466481e-07,anchor_id,2000,110121,,,,,,,
secondary_per_horizon,all,0.1,1,top_action,top_action_fraction,logger2_heavy,2048,0.90869140625,0.2881178015948893,1.0,1.0,1.0,1.0,1.0,1.0,0.89599609375,0.92138671875,anchor_id,2000,110220,minus,,,,,,
secondary_per_horizon,all,0.1,1,top_action,top_action_fraction,logger2_heavy,2048,0.00927734375,0.09589455022292588,0.0,0.0,0.0,0.0,0.0,1.0,0.00537109375,0.013671875,anchor_id,2000,110221,base,,,,,,
secondary_per_horizon,all,0.1,1,top_action,top_action_fraction,logger2_heavy,2048,0.08203125,0.2744793445796593,0.0,0.0,0.0,0.0,0.0,1.0,0.0703125,0.09375,anchor_id,2000,110222,plus,,,,,,
secondary_per_horizon,all,0.1,1,top_action,top_action_fraction,do,2048,0.90966796875,0.28672687021612153,1.0,1.0,1.0,1.0,1.0,1.0,0.89697265625,0.92236328125,anchor_id,2000,110300,minus,,,,,,
secondary_per_horizon,all,0.1,1,top_action,top_action_fraction,do,2048,0.0078125,0.08806390627089683,0.0,0.0,0.0,0.0,0.0,1.0,0.00390625,0.01171875,anchor_id,2000,110301,base,,,,,,
secondary_per_horizon,all,0.1,1,top_action,top_action_fraction,do,2048,0.08251953125,0.27522180886267783,0.0,0.0,0.0,0.0,0.0,1.0,0.07080078125,0.09423828125,anchor_id,2000,110302,plus,,,,,,
secondary_per_horizon,all,0.1,1,decision_scale,balanced_error_over_action_range,logger12_balanced,2048,0.15996503066275922,,,,,,,,0.15903754202617199,0.16090531582997766,anchor_id,2000,110400,,0.0012519493817132804,0.007826394159562659,True,2000,,
secondary_per_horizon,all,0.1,1,decision_scale,balanced_error_over_top_second_margin,logger12_balanced,2048,0.3296912988149847,,,,,,,,0.32697553044811395,0.33233631572158895,anchor_id,2000,110401,,0.0012519493817132804,0.0037973382561601846,True,2000,2048,
primary_common_horizon,all,0.1,5,long_horizon,absolute_initial_u_return_effect,none,1994,0.020285203426945248,0.019555162875123093,0.015430020008746343,0.005778527519518958,0.009510335357258834,0.02509360441620867,0.03907861524234028,0.43332045858124185,0.019454879379066814,0.02114038575561499,anchor_id,2000,11000,,,,,,,
primary_common_horizon,all,0.1,5,long_horizon,balanced_do_error,logger12_balanced,1994,0.0040503228073188,0.0043914916494985305,0.0030634717439799175,0.0011889133162443482,0.001957251278851639,0.0049515685769869755,0.007724677194113028,0.1290936640494067,0.003871733244837294,0.004256669006048704,anchor_id,2000,11001,,,,,,,
primary_common_horizon,all,0.1,5,long_horizon,heavy_mixture_drift,none,1994,0.002100167381572607,0.002277069744184421,0.0015884668302117433,0.0006164735713854342,0.001014871033478452,0.002567480002882612,0.004005388174724918,0.06693745543302576,0.002010535607467462,0.0022075294934452592,anchor_id,2000,11002,,,,,,,
primary_common_horizon,all,0.1,5,long_horizon,do_action_range,none,1994,0.040089821600228635,0.03775210051569274,0.03104228258574082,0.009290536047152465,0.018290091120547025,0.050012066428408275,0.07940880925018501,0.6395022705778892,0.03849331561032658,0.04187760624543297,anchor_id,2000,11003,,,,,,,
primary_common_horizon,all,0.1,5,long_horizon,do_top_second_margin,none,1994,0.020033881459378247,0.0230045372417024,0.015229344488308705,0.0036427770349874325,0.00897278514101263,0.025045063165621606,0.039449375181956195,0.6335362209087485,0.01913000585950034,0.021120092703020718,anchor_id,2000,11004,,,,,,,
primary_common_horizon,all,0.1,5,long_horizon,max_balanced_do_error,logger12_balanced,1994,0.007307609200204184,0.010412803355020091,0.005417749452178544,0.002395538084466331,0.003625720919968156,0.008544163206233524,0.013540714692846838,0.3864087829216345,0.006928196947387594,0.007796708691517467,anchor_id,2000,11005,,,,,,,
primary_common_horizon,all,0.1,5,long_horizon,balanced_survival_difference_abs,logger12_balanced,1994,0.0,0.0,0.0,0.0,0.0,0.0,0.0,0.0,0.0,0.0,anchor_id,2000,11006,,,,,,,
primary_common_horizon,all,0.1,5,long_horizon,balanced_termination_difference_abs,logger12_balanced,1994,0.0,0.0,0.0,0.0,0.0,0.0,0.0,0.0,0.0,0.0,anchor_id,2000,11007,,,,,,,
primary_common_horizon,all,0.1,5,long_horizon,balanced_restricted_time_difference_abs,logger12_balanced,1994,1.2537612838515876e-05,0.0005598574112779878,0.0,0.0,0.0,0.0,0.0,0.02500000000000006,7.423758105149826e-20,3.761283851554718e-05,anchor_id,2000,11008,,,,,,,
primary_common_horizon,all,0.1,5,long_horizon,balanced_future_clipping_rate,logger12_balanced,1994,0.04291990554998328,0.11140805782198909,0.0,0.0,0.0,0.0,0.13916666666666705,1.0,0.038064551728100963,0.04783256018054163,anchor_id,2000,11009,,,,,,,
primary_common_horizon,all,0.1,5,long_horizon,balanced_vs_do_top_set_disagreement,logger12_balanced,1994,0.014543630892678034,0.11974683678191099,0.0,0.0,0.0,0.0,0.0,1.0,0.009528585757271816,0.020060180541624874,anchor_id,2000,11010,,,,,,,
primary_common_horizon,all,0.1,5,long_horizon,balanced_vs_do_strict_disagreement,logger12_balanced,1994,0.014543630892678034,0.11974683678191099,0.0,0.0,0.0,0.0,0.0,1.0,0.009528585757271816,0.020561685055165497,anchor_id,2000,11011,,,,,,,
primary_common_horizon,all,0.1,5,long_horizon,heavy_top_set_disagreement,none,1994,0.005516549648946841,0.07408690857370026,0.0,0.0,0.0,0.0,0.0,1.0,0.0025075225677031092,0.009027081243731194,anchor_id,2000,11012,,,,,,,
primary_common_horizon,all,0.1,5,long_horizon,heavy_strict_disagreement,none,1994,0.0050150451354062184,0.07065690460181974,0.0,0.0,0.0,0.0,0.0,1.0,0.0025075225677031092,0.008036609829488396,anchor_id,2000,11013,,,,,,,
primary_common_horizon,all,0.1,5,decision_regret,decision_regret_best,logger1_heavy,1994,1.3531394314697838e-05,0.0001408217783125971,0.0,0.0,0.0,0.0,0.0,0.0024541360025178705,7.919092568934304e-06,1.98717417165775e-05,anchor_id,2000,11100,,,,,,,
primary_common_horizon,all,0.1,5,decision_regret,decision_regret_worst,logger1_heavy,1994,1.3531394314697838e-05,0.0001408217783125971,0.0,0.0,0.0,0.0,0.0,0.0024541360025178705,7.76554070516064e-06,2.0143872774434545e-05,anchor_id,2000,11101,,,,,,,
primary_common_horizon,all,0.1,5,top_action,top_action_fraction,logger1_heavy,1994,0.8074222668004012,0.39442308339672977,1.0,0.0,1.0,1.0,1.0,1.0,0.7898570712136409,0.8244734202607823,anchor_id,2000,11200,minus,,,,,,
primary_common_horizon,all,0.1,5,top_action,top_action_fraction,logger1_heavy,1994,0.04162487462387161,0.1997805311216855,0.0,0.0,0.0,0.0,0.0,1.0,0.033099297893681046,0.050664493480441254,anchor_id,2000,11201,base,,,,,,
primary_common_horizon,all,0.1,5,top_action,top_action_fraction,logger1_heavy,1994,0.15095285857572718,0.35809272708128664,0.0,0.0,0.0,0.0,1.0,1.0,0.13390170511534605,0.16649949849548645,anchor_id,2000,11202,plus,,,,,,
primary_common_horizon,all,0.1,5,decision_regret,decision_regret_best,logger12_balanced,1994,1.1012324019164315e-05,0.0001238195967381812,0.0,0.0,0.0,0.0,0.0,0.002449911803987348,5.991628921306717e-06,1.6734441091693376e-05,anchor_id,2000,11110,,,,,,,
primary_common_horizon,all,0.1,5,decision_regret,decision_regret_worst,logger12_balanced,1994,1.1012324019164315e-05,0.0001238195967381812,0.0,0.0,0.0,0.0,0.0,0.002449911803987348,5.963098313552498e-06,1.6706729810450055e-05,anchor_id,2000,11111,,,,,,,
primary_common_horizon,all,0.1,5,top_action,top_action_fraction,logger12_balanced,1994,0.8074222668004012,0.39442308339672977,1.0,0.0,1.0,1.0,1.0,1.0,0.7908600802407222,0.8254764292878636,anchor_id,2000,11210,minus,,,,,,
primary_common_horizon,all,0.1,5,top_action,top_action_fraction,logger12_balanced,1994,0.041123370110330994,0.19862533551679273,0.0,0.0,0.0,0.0,0.0,1.0,0.033099297893681046,0.05015045135406219,anchor_id,2000,11211,base,,,,,,
primary_common_horizon,all,0.1,5,top_action,top_action_fraction,logger12_balanced,1994,0.1514543630892678,0.35858112422826355,0.0,0.0,0.0,0.0,1.0,1.0,0.13590772316950853,0.16751504513540616,anchor_id,2000,11212,plus,,,,,,
primary_common_horizon,all,0.1,5,decision_regret,decision_regret_best,logger2_heavy,1994,7.606480003892946e-06,9.490815128279675e-05,0.0,0.0,0.0,0.0,0.0,0.002256776442868258,3.7006793092187228e-06,1.2188615619734898e-05,anchor_id,2000,11120,,,,,,,
primary_common_horizon,all,0.1,5,decision_regret,decision_regret_worst,logger2_heavy,1994,7.664703299347886e-06,9.493908863780809e-05,0.0,0.0,0.0,0.0,0.0,0.002256776442868258,3.902054247652914e-06,1.2024437764159622e-05,anchor_id,2000,11121,,,,,,,
primary_common_horizon,all,0.1,5,top_action,top_action_fraction,logger2_heavy,1994,0.8084252758274825,0.3936388676649284,1.0,0.0,1.0,1.0,1.0,1.0,0.7898696088264794,0.8254764292878636,anchor_id,2000,11220,minus,,,,,,
primary_common_horizon,all,0.1,5,top_action,top_action_fraction,logger2_heavy,1994,0.03911735205616851,0.19392277954200732,0.0,0.0,0.0,0.0,0.0,1.0,0.030591775325977934,0.047642928786359076,anchor_id,2000,11221,base,,,,,,
primary_common_horizon,all,0.1,5,top_action,top_action_fraction,logger2_heavy,1994,0.15295887662988966,0.3600381472150095,0.0,0.0,0.0,0.0,1.0,1.0,0.1374122367101304,0.16900702106318957,anchor_id,2000,11222,plus,,,,,,
primary_common_horizon,all,0.1,5,top_action,top_action_fraction,do,1994,0.8114343029087262,0.39126135512581955,1.0,0.0,1.0,1.0,1.0,1.0,0.7943706118355065,0.8294884653961886,anchor_id,2000,11300,minus,,,,,,
primary_common_horizon,all,0.1,5,top_action,top_action_fraction,do,1994,0.030591775325977934,0.17225213684545415,0.0,0.0,0.0,0.0,0.0,1.0,0.023069207622868605,0.03861584754262788,anchor_id,2000,11301,base,,,,,,
primary_common_horizon,all,0.1,5,top_action,top_action_fraction,do,1994,0.1579739217652959,0.3648080378605613,0.0,0.0,0.0,0.0,1.0,1.0,0.1424272818455366,0.17452357071213642,anchor_id,2000,11302,plus,,,,,,
primary_common_horizon,all,0.1,5,decision_scale,balanced_error_over_action_range,logger12_balanced,1994,0.18228091092733892,,,,,,,,0.1772023878647168,0.18997500809701123,anchor_id,2000,11400,,0.007307609200204184,0.040089821600228635,True,2000,,
primary_common_horizon,all,0.1,5,decision_scale,balanced_error_over_top_second_margin,logger12_balanced,1994,0.3647625256753903,,,,,,,,0.35727322655257315,0.375054786498118,anchor_id,2000,11401,,0.007307609200204184,0.020033881459378247,True,2000,1994,
secondary_per_horizon,all,0.1,5,long_horizon,absolute_initial_u_return_effect,none,2047,0.02029021425789143,0.01941035804218779,0.015564168712362658,0.005835345779808894,0.009570558031097853,0.024943589202753635,0.03904017070273618,0.43332045858124185,0.019419195982274255,0.02117850818684476,anchor_id,2000,111000,,,,,,,
secondary_per_horizon,all,0.1,5,long_horizon,balanced_do_error,logger12_balanced,2047,0.004053111651284204,0.004354075285852919,0.0030898784841995783,0.001207425364408484,0.001969391943363874,0.0049424604803682826,0.0077131052086575865,0.1290936640494067,0.0038751867505443394,0.0042619047728579725,anchor_id,2000,111001,,,,,,,
secondary_per_horizon,all,0.1,5,long_horizon,heavy_mixture_drift,none,2047,0.002101613448813926,0.002257668666738548,0.001602159214028731,0.000626072411174287,0.00102116619285475,0.002562757286117545,0.003999387885970762,0.06693745543302576,0.002011274249304441,0.0022112824020121564,anchor_id,2000,111002,,,,,,,
secondary_per_horizon,all,0.1,5,long_horizon,do_action_range,none,2047,0.040101248568513485,0.03749154320546153,0.03121017102672141,0.009355156666720177,0.01840639963502433,0.04979985677372234,0.07934540910015642,0.6395022705778892,0.038507011241719916,0.0418164148943378,anchor_id,2000,111003,,,,,,,
secondary_per_horizon,all,0.1,5,long_horizon,do_top_second_margin,none,2047,0.020040707577785675,0.022804599211909155,0.015333681591094717,0.003755459950841811,0.009030655760841277,0.025032541460808133,0.039395804075534356,0.6335362209087485,0.019123872530148654,0.02105669470582572,anchor_id,2000,111004,,,,,,,
secondary_per_horizon,all,0.1,5,long_horizon,max_balanced_do_error,logger12_balanced,2047,0.007301404700275664,0.01029822401721714,0.005481846726929973,0.002413802977370949,0.003638540311909466,0.008541883752681834,0.013408401906363929,0.3864087829216345,0.006903679242061282,0.007798351986764319,anchor_id,2000,111005,,,,,,,
secondary_per_horizon,all,0.1,5,long_horizon,balanced_survival_difference_abs,logger12_balanced,2047,0.0,0.0,0.0,0.0,0.0,0.0,0.0,0.0,0.0,0.0,anchor_id,2000,111006,,,,,,,
secondary_per_horizon,all,0.1,5,long_horizon,balanced_termination_difference_abs,logger12_balanced,2047,0.0,0.0,0.0,0.0,0.0,0.0,0.0,0.0,0.0,0.0,anchor_id,2000,111007,,,,,,,
secondary_per_horizon,all,0.1,5,long_horizon,balanced_restricted_time_difference_abs,logger12_balanced,2047,1.2212994626282685e-05,0.0005525620921281706,0.0,0.0,0.0,0.0,0.0,0.02500000000000006,7.231545511318394e-20,3.663898387884768e-05,anchor_id,2000,111008,,,,,,,
secondary_per_horizon,all,0.1,5,long_horizon,balanced_future_clipping_rate,logger12_balanced,2047,0.0423490677414102,0.110369703255352,0.0,0.0,0.0,0.0,0.125,1.0,0.03772547605235304,0.04730024120664388,anchor_id,2000,111009,,,,,,,
secondary_per_horizon,all,0.1,5,long_horizon,balanced_vs_do_top_set_disagreement,logger12_balanced,2047,0.014167073766487542,0.11820826523173712,0.0,0.0,0.0,0.0,0.0,1.0,0.009281875915974597,0.019540791402051783,anchor_id,2000,111010,,,,,,,
secondary_per_horizon,all,0.1,5,long_horizon,balanced_vs_do_strict_disagreement,logger12_balanced,2047,0.014167073766487542,0.11820826523173712,0.0,0.0,0.0,0.0,0.0,1.0,0.009281875915974597,0.019540791402051783,anchor_id,2000,111011,,,,,,,
secondary_per_horizon,all,0.1,5,long_horizon,heavy_top_set_disagreement,none,2047,0.00537371763556424,0.07312628208101099,0.0,0.0,0.0,0.0,0.0,1.0,0.002442598925256473,0.008793356130923302,anchor_id,2000,111012,,,,,,,
secondary_per_horizon,all,0.1,5,long_horizon,heavy_strict_disagreement,none,2047,0.004885197850512946,0.06974029473989947,0.0,0.0,0.0,0.0,0.0,1.0,0.0019540791402051783,0.007828529555446929,anchor_id,2000,111013,,,,,,,
secondary_per_horizon,all,0.1,5,decision_regret,decision_regret_best,logger1_heavy,2047,1.3181045561068632e-05,0.00013900249308849868,0.0,0.0,0.0,0.0,0.0,0.0024541360025178705,7.694739927391696e-06,1.921350240561255e-05,anchor_id,2000,111100,,,,,,,
secondary_per_horizon,all,0.1,5,decision_regret,decision_regret_worst,logger1_heavy,2047,1.3181045561068632e-05,0.00013900249308849868,0.0,0.0,0.0,0.0,0.0,0.0024541360025178705,7.4985597164503705e-06,1.971033560655393e-05,anchor_id,2000,111101,,,,,,,
secondary_per_horizon,all,0.1,5,top_action,top_action_fraction,logger1_heavy,2047,0.8119198827552516,0.39087161971561263,1.0,0.0,1.0,1.0,1.0,1.0,0.7938446507083536,0.8285295554469956,anchor_id,2000,111200,minus,,,,,,
secondary_per_horizon,all,0.1,5,top_action,top_action_fraction,logger1_heavy,2047,0.04054714215925745,0.19728681058519995,0.0,0.0,0.0,0.0,0.0,1.0,0.03224230581338544,0.04934049829018075,anchor_id,2000,111201,base,,,,,,
secondary_per_horizon,all,0.1,5,top_action,top_action_fraction,logger1_heavy,2047,0.14753297508549096,0.35472308360621185,0.0,0.0,0.0,0.0,1.0,1.0,0.13336590131900342,0.16316560820713238,anchor_id,2000,111202,plus,,,,,,
secondary_per_horizon,all,0.1,5,decision_regret,decision_regret_best,logger12_balanced,2047,1.0727197896538175e-05,0.0001222178698742198,0.0,0.0,0.0,0.0,0.0,0.002449911803987348,5.761913529973235e-06,1.6399948595129377e-05,anchor_id,2000,111110,,,,,,,
secondary_per_horizon,all,0.1,5,decision_regret,decision_regret_worst,logger12_balanced,2047,1.0727197896538175e-05,0.0001222178698742198,0.0,0.0,0.0,0.0,0.0,0.002449911803987348,5.645882013245927e-06,1.6259000120090984e-05,anchor_id,2000,111111,,,,,,,
secondary_per_horizon,all,0.1,5,top_action,top_action_fraction,logger12_balanced,2047,0.8119198827552516,0.39087161971561263,1.0,0.0,1.0,1.0,1.0,1.0,0.7962750366389839,0.8290180752320468,anchor_id,2000,111210,minus,,,,,,
secondary_per_horizon,all,0.1,5,top_action,top_action_fraction,logger12_balanced,2047,0.040058622374206154,0.19614465028255257,0.0,0.0,0.0,0.0,0.0,1.0,0.03175378602833415,0.048851978505129456,anchor_id,2000,111211,base,,,,,,
secondary_per_horizon,all,0.1,5,top_action,top_action_fraction,logger12_balanced,2047,0.14802149487054225,0.3552080655351518,0.0,0.0,0.0,0.0,1.0,1.0,0.13238886174890083,0.16316560820713238,anchor_id,2000,111212,plus,,,,,,
secondary_per_horizon,all,0.1,5,decision_regret,decision_regret_best,logger2_heavy,2047,7.409536457138512e-06,9.367861848307077e-05,0.0,0.0,0.0,0.0,0.0,0.002256776442868258,3.762023409194932e-06,1.1877524015269875e-05,anchor_id,2000,111120,,,,,,,
secondary_per_horizon,all,0.1,5,decision_regret,decision_regret_worst,logger2_heavy,2047,7.466252261309078e-06,9.370926967717715e-05,0.0,0.0,0.0,0.0,0.0,0.002256776442868258,3.7138706901138136e-06,1.1685333567534662e-05,anchor_id,2000,111121,,,,,,,
secondary_per_horizon,all,0.1,5,top_action,top_action_fraction,logger2_heavy,2047,0.8128969223253542,0.3900895461091987,1.0,0.0,1.0,1.0,1.0,1.0,0.7967757694186615,0.8295065950170982,anchor_id,2000,111220,minus,,,,,,
secondary_per_horizon,all,0.1,5,top_action,top_action_fraction,logger2_heavy,2047,0.038104543234000976,0.1914954341083209,0.0,0.0,0.0,0.0,0.0,1.0,0.030288226673180263,0.046409379579872984,anchor_id,2000,111221,base,,,,,,
secondary_per_horizon,all,0.1,5,top_action,top_action_fraction,logger2_heavy,2047,0.14948705422569614,0.3566550377282219,0.0,0.0,0.0,0.0,1.0,1.0,0.1338544211040547,0.16463116756228627,anchor_id,2000,111222,plus,,,,,,
secondary_per_horizon,all,0.1,5,top_action,top_action_fraction,do,2047,0.815828041035662,0.38771908098864655,1.0,0.0,1.0,1.0,1.0,1.0,0.8001954079140206,0.8339032730825598,anchor_id,2000,111300,minus,,,,,,
secondary_per_horizon,all,0.1,5,top_action,top_action_fraction,do,2047,0.02979970688812897,0.17007591008290937,0.0,0.0,0.0,0.0,0.0,1.0,0.022960429897410845,0.03761602344894968,anchor_id,2000,111301,base,,,,,,
secondary_per_horizon,all,0.1,5,top_action,top_action_fraction,do,2047,0.15437225207620908,0.36139350176807894,0.0,0.0,0.0,0.0,1.0,1.0,0.13873961895456766,0.1704934049829018,anchor_id,2000,111302,plus,,,,,,
secondary_per_horizon,all,0.1,5,decision_scale,balanced_error_over_action_range,logger12_balanced,2047,0.1820742485810915,,,,,,,,0.17706215363221708,0.19026129453416285,anchor_id,2000,111400,,0.007301404700275664,0.040101248568513485,True,2000,,
secondary_per_horizon,all,0.1,5,decision_scale,balanced_error_over_top_second_margin,logger12_balanced,2047,0.3643286880932777,,,,,,,,0.35675513284142535,0.37415324715475395,anchor_id,2000,111401,,0.007301404700275664,0.020040707577785675,True,2000,2047,
primary_common_horizon,all,0.1,20,long_horizon,absolute_initial_u_return_effect,none,1994,0.031996735744261734,0.05623128054292933,0.01583506867868678,0.004098383036595976,0.007606764935893887,0.03433198744300785,0.06638789583340643,0.6130123993707647,0.029557871724022192,0.03444106272897839,anchor_id,2000,12000,,,,,,,
primary_common_horizon,all,0.1,20,long_horizon,balanced_do_error,logger12_balanced,1994,0.0063631275326098136,0.0111545283021237,0.0031611746808266616,0.0008117101161486081,0.0015174293521731386,0.0068584784281770315,0.013441736001646143,0.1614118544609878,0.0058811204440873755,0.006855848285123681,anchor_id,2000,12001,,,,,,,
primary_common_horizon,all,0.1,20,long_horizon,heavy_mixture_drift,none,1994,0.003299399461352935,0.005783829489990185,0.0016391276122800966,0.0004208867268933621,0.000786815219643818,0.003556248073868081,0.006969789037889505,0.08369503564643684,0.003055486232488897,0.0035713947758510625,anchor_id,2000,12002,,,,,,,
primary_common_horizon,all,0.1,20,long_horizon,do_action_range,none,1994,0.06323593802157172,0.1152102689076703,0.030892505524278135,0.006686854745998616,0.014283365202491183,0.06825274956179683,0.13250423217782484,1.3994634218419577,0.05842123224041032,0.06815935970266013,anchor_id,2000,12003,,,,,,,
primary_common_horizon,all,0.1,20,long_horizon,do_top_second_margin,none,1994,0.031673048224149326,0.06011884588074069,0.015228618240179514,0.0032310233488196615,0.00672140736522131,0.03278652538178939,0.06659940977393719,0.795127131530279,0.029108761732423407,0.034374805384280976,anchor_id,2000,12004,,,,,,,
primary_common_horizon,all,0.1,20,long_horizon,max_balanced_do_error,logger12_balanced,1994,0.012000466182936025,0.023200267331249493,0.005819881825058104,0.0015165226792767327,0.002887656999524424,0.012621015979880745,0.024190954671765044,0.48336334795931535,0.011028181630169446,0.013093290750756386,anchor_id,2000,12005,,,,,,,
primary_common_horizon,all,0.1,20,long_horizon,balanced_survival_difference_abs,logger12_balanced,1994,6.268806419257788e-06,0.00022126975850980711,0.0,0.0,0.0,0.0,0.0,0.009375000000000022,0.0,1.8806419257773365e-05,anchor_id,2000,12006,,,,,,,
primary_common_horizon,all,0.1,20,long_horizon,balanced_termination_difference_abs,logger12_balanced,1994,6.268806419257773e-06,0.00022126975850980657,0.0,0.0,0.0,0.0,0.0,0.009375,0.0,1.7239217652958874e-05,anchor_id,2000,12007,,,,,,,
primary_common_horizon,all,0.1,20,long_horizon,balanced_restricted_time_difference_abs,logger12_balanced,1994,6.425526579739364e-05,0.001200565736576853,0.0,0.0,0.0,0.0,0.0,0.031250000000000146,1.880641925777528e-05,0.00012537612838515717,anchor_id,2000,12008,,,,,,,
primary_common_horizon,all,0.1,20,long_horizon,balanced_future_clipping_rate,logger12_balanced,1994,0.08769375525786678,0.14136486256123676,0.004714912280701753,0.0,0.0,0.12102521929824561,0.3282894736842105,0.8002192982456141,0.08173820015239681,0.09430158403815642,anchor_id,2000,12009,,,,,,,
primary_common_horizon,all,0.1,20,long_horizon,balanced_vs_do_top_set_disagreement,logger12_balanced,1994,0.014543630892678034,0.11974683678191099,0.0,0.0,0.0,0.0,0.0,1.0,0.009528585757271816,0.020060180541624874,anchor_id,2000,12010,,,,,,,
primary_common_horizon,all,0.1,20,long_horizon,balanced_vs_do_strict_disagreement,logger12_balanced,1994,0.014543630892678034,0.11974683678191099,0.0,0.0,0.0,0.0,0.0,1.0,0.009528585757271816,0.020060180541624874,anchor_id,2000,12011,,,,,,,
primary_common_horizon,all,0.1,20,long_horizon,heavy_top_set_disagreement,none,1994,0.006519558676028084,0.0805003349829621,0.0,0.0,0.0,0.0,0.0,1.0,0.003009027081243731,0.01053159478435306,anchor_id,2000,12012,,,,,,,
primary_common_horizon,all,0.1,20,long_horizon,heavy_strict_disagreement,none,1994,0.006018054162487462,0.07736173867074496,0.0,0.0,0.0,0.0,0.0,1.0,0.0025075225677031092,0.009528585757271816,anchor_id,2000,12013,,,,,,,
primary_common_horizon,all,0.1,20,decision_regret,decision_regret_best,logger1_heavy,1994,2.919041580378816e-05,0.00046711082253587233,0.0,0.0,0.0,0.0,0.0,0.01741114897529883,1.2470789454295372e-05,5.271147330160478e-05,anchor_id,2000,12100,,,,,,,
primary_common_horizon,all,0.1,20,decision_regret,decision_regret_worst,logger1_heavy,1994,2.9339923288043877e-05,0.0004671491824247719,0.0,0.0,0.0,0.0,0.0,0.01741114897529883,1.260693116850992e-05,5.238477114105588e-05,anchor_id,2000,12101,,,,,,,
primary_common_horizon,all,0.1,20,top_action,top_action_fraction,logger1_heavy,1994,0.7116349047141425,0.4531154740462817,1.0,0.0,0.0,1.0,1.0,1.0,0.6920762286860582,0.7316950852557673,anchor_id,2000,12200,minus,,,,,,
primary_common_horizon,all,0.1,20,top_action,top_action_fraction,logger1_heavy,1994,0.033099297893681046,0.17894075120849146,0.0,0.0,0.0,0.0,0.0,1.0,0.025576730190571714,0.041123370110330994,anchor_id,2000,12201,base,,,,,,
primary_common_horizon,all,0.1,20,top_action,top_action_fraction,logger1_heavy,1994,0.25576730190571717,0.4364010754562251,0.0,0.0,0.0,1.0,1.0,1.0,0.23671013039117353,0.27432296890672014,anchor_id,2000,12202,plus,,,,,,
primary_common_horizon,all,0.1,20,decision_regret,decision_regret_best,logger12_balanced,1994,2.3919810788808284e-05,0.0004460510545292484,0.0,0.0,0.0,0.0,0.0,0.01741114897529883,8.297513210780253e-06,4.624384805205042e-05,anchor_id,2000,12110,,,,,,,
primary_common_horizon,all,0.1,20,decision_regret,decision_regret_worst,logger12_balanced,1994,2.3980518598075335e-05,0.000446067554691711,0.0,0.0,0.0,0.0,0.0,0.01741114897529883,8.836029617761367e-06,4.7382540841485686e-05,anchor_id,2000,12111,,,,,,,
primary_common_horizon,all,0.1,20,top_action,top_action_fraction,logger12_balanced,1994,0.7126379137412236,0.4526454129130991,1.0,0.0,0.0,1.0,1.0,1.0,0.6920762286860582,0.7326980942828486,anchor_id,2000,12210,minus,,,,,,
primary_common_horizon,all,0.1,20,top_action,top_action_fraction,logger12_balanced,1994,0.03259779338014042,0.17762601221640112,0.0,0.0,0.0,0.0,0.0,1.0,0.025075225677031094,0.040621865596790374,anchor_id,2000,12211,base,,,,,,
primary_common_horizon,all,0.1,20,top_action,top_action_fraction,logger12_balanced,1994,0.25526579739217653,0.43611988777339794,0.0,0.0,0.0,1.0,1.0,1.0,0.23569458375125377,0.27432296890672014,anchor_id,2000,12212,plus,,,,,,
primary_common_horizon,all,0.1,20,decision_regret,decision_regret_best,logger2_heavy,1994,1.993422773136292e-05,0.00043514303438736305,0.0,0.0,0.0,0.0,0.0,0.01741114897529883,5.4230577806982e-06,4.217860995710043e-05,anchor_id,2000,12120,,,,,,,
primary_common_horizon,all,0.1,20,decision_regret,decision_regret_worst,logger2_heavy,1994,1.993422773136292e-05,0.00043514303438736305,0.0,0.0,0.0,0.0,0.0,0.01741114897529883,5.925957586624888e-06,4.2628043348612215e-05,anchor_id,2000,12121,,,,,,,
primary_common_horizon,all,0.1,20,top_action,top_action_fraction,logger2_heavy,1994,0.7111334002006018,0.45334948926377794,1.0,0.0,0.0,1.0,1.0,1.0,0.6905717151454364,0.7316950852557673,anchor_id,2000,12220,minus,,,,,,
primary_common_horizon,all,0.1,20,top_action,top_action_fraction,logger2_heavy,1994,0.033099297893681046,0.17894075120849146,0.0,0.0,0.0,0.0,0.0,1.0,0.025075225677031094,0.041123370110330994,anchor_id,2000,12221,base,,,,,,
primary_common_horizon,all,0.1,20,top_action,top_action_fraction,logger2_heavy,1994,0.25576730190571717,0.4364010754562251,0.0,0.0,0.0,1.0,1.0,1.0,0.23671013039117353,0.2748244734202608,anchor_id,2000,12222,plus,,,,,,
primary_common_horizon,all,0.1,20,top_action,top_action_fraction,do,1994,0.7141424272818455,0.4519352286039589,1.0,0.0,0.0,1.0,1.0,1.0,0.6940822467402207,0.734215145436309,anchor_id,2000,12300,minus,,,,,,
primary_common_horizon,all,0.1,20,top_action,top_action_fraction,do,1994,0.025075225677031094,0.1563928543610847,0.0,0.0,0.0,0.0,0.0,1.0,0.018543129388164492,0.0320962888665998,anchor_id,2000,12301,base,,,,,,
primary_common_horizon,all,0.1,20,top_action,top_action_fraction,do,1994,0.26078234704112335,0.43917153882178744,0.0,0.0,0.0,1.0,1.0,1.0,0.24172517552657974,0.2803410230692076,anchor_id,2000,12302,plus,,,,,,
primary_common_horizon,all,0.1,20,decision_scale,balanced_error_over_action_range,logger12_balanced,1994,0.18977288166172687,,,,,,,,0.18194510035848466,0.19846286835804317,anchor_id,2000,12400,,0.012000466182936025,0.06323593802157172,True,2000,,
primary_common_horizon,all,0.1,20,decision_scale,balanced_error_over_top_second_margin,logger12_balanced,1994,0.3788857358473691,,,,,,,,0.36513105123227757,0.39301477117548866,anchor_id,2000,12401,,0.012000466182936025,0.031673048224149326,True,2000,1994,
secondary_per_horizon,all,0.1,20,long_horizon,absolute_initial_u_return_effect,none,2026,0.03189525998135033,0.05593943467411615,0.01573460501898675,0.004091006977112954,0.007600891409039967,0.03440088731495491,0.06638732800451544,0.6130123993707647,0.029502701047363977,0.034507460296867874,anchor_id,2000,112000,,,,,,,
secondary_per_horizon,all,0.1,20,long_horizon,balanced_do_error,logger12_balanced,2026,0.006343531523788419,0.011098194531107913,0.00313460941888503,0.0008095510276480885,0.0015166773087749164,0.0068641937469576435,0.013387541301263184,0.1614118544609878,0.005872532446689856,0.006846237709821663,anchor_id,2000,112001,,,,,,,
secondary_per_horizon,all,0.1,20,long_horizon,heavy_mixture_drift,none,2026,0.0032892385678899828,0.0057546193865005086,0.0016253530320113896,0.0004197671995219328,0.0007864252712135311,0.0035592115724991658,0.006941688082135281,0.08369503564643684,0.003041238243214561,0.0035504960927432265,anchor_id,2000,112002,,,,,,,
secondary_per_horizon,all,0.1,20,long_horizon,do_action_range,none,2026,0.06304127996882782,0.11459358486963445,0.03076614494244012,0.006682455901311002,0.014268110199736839,0.06839833937103634,0.13243957078823954,1.3994634218419577,0.058261902687858864,0.068325033910073,anchor_id,2000,112003,,,,,,,
secondary_per_horizon,all,0.1,20,long_horizon,do_top_second_margin,none,2026,0.03157652470612623,0.05979257376234212,0.015139916495744643,0.003249970112655376,0.0067029108069540655,0.03279431950060552,0.06649176379794142,0.795127131530279,0.029100797092614074,0.03436218164855913,anchor_id,2000,112004,,,,,,,
secondary_per_horizon,all,0.1,20,long_horizon,max_balanced_do_error,logger12_balanced,2026,0.011958535940597377,0.023063670050294357,0.005813899399932154,0.0015255825987523508,0.0028867633262095183,0.012638656117172076,0.024142863613782595,0.48336334795931535,0.01106362631201579,0.013025480642313443,anchor_id,2000,112005,,,,,,,
secondary_per_horizon,all,0.1,20,long_horizon,balanced_survival_difference_abs,logger12_balanced,2026,6.169792694965464e-06,0.00021951588439537384,0.0,0.0,0.0,0.0,0.0,0.009375000000000022,0.0,1.850937808489639e-05,anchor_id,2000,112006,,,,,,,
secondary_per_horizon,all,0.1,20,long_horizon,balanced_termination_difference_abs,logger12_balanced,2026,6.169792694965449e-06,0.00021951588439537333,0.0,0.0,0.0,0.0,0.0,0.009375,0.0,1.8509378084896343e-05,anchor_id,2000,112007,,,,,,,
secondary_per_horizon,all,0.1,20,long_horizon,balanced_restricted_time_difference_abs,logger12_balanced,2026,6.32403751233973e-05,0.0011910689673177348,0.0,0.0,0.0,0.0,0.0,0.031250000000000146,1.8509378084898067e-05,0.00012031095755182777,anchor_id,2000,112008,,,,,,,
secondary_per_horizon,all,0.1,20,long_horizon,balanced_future_clipping_rate,logger12_balanced,2026,0.08689519760740741,0.14078823571010923,0.0038651315789473683,0.0,0.0,0.11794133771929824,0.32719298245614037,0.8002192982456141,0.08094369942756831,0.09299991695656065,anchor_id,2000,112009,,,,,,,
secondary_per_horizon,all,0.1,20,long_horizon,balanced_vs_do_top_set_disagreement,logger12_balanced,2026,0.014313919052319843,0.11881076633153988,0.0,0.0,0.0,0.0,0.0,1.0,0.009378084896347482,0.019743336623889437,anchor_id,2000,112010,,,,,,,
secondary_per_horizon,all,0.1,20,long_horizon,balanced_vs_do_strict_disagreement,logger12_balanced,2026,0.014313919052319843,0.11881076633153988,0.0,0.0,0.0,0.0,0.0,1.0,0.009871668311944718,0.019743336623889437,anchor_id,2000,112011,,,,,,,
secondary_per_horizon,all,0.1,20,long_horizon,heavy_top_set_disagreement,none,2026,0.006416584402764067,0.07986588883181503,0.0,0.0,0.0,0.0,0.0,1.0,0.0034550839091806516,0.010365251727541954,anchor_id,2000,112012,,,,,,,
secondary_per_horizon,all,0.1,20,long_horizon,heavy_strict_disagreement,none,2026,0.005923000987166831,0.07675172089808013,0.0,0.0,0.0,0.0,0.0,1.0,0.0029615004935834156,0.009378084896347482,anchor_id,2000,112013,,,,,,,
secondary_per_horizon,all,0.1,20,decision_regret,decision_regret_best,logger1_heavy,2026,2.8729362839463765e-05,0.0004634196718502723,0.0,0.0,0.0,0.0,0.0,0.01741114897529883,1.1517358384329004e-05,5.212508983642012e-05,anchor_id,2000,112100,,,,,,,
secondary_per_horizon,all,0.1,20,decision_regret,decision_regret_worst,logger1_heavy,2026,2.8876508902447922e-05,0.00046345787309753147,0.0,0.0,0.0,0.0,0.0,0.01741114897529883,1.210382507735347e-05,5.30350504600654e-05,anchor_id,2000,112101,,,,,,,
secondary_per_horizon,all,0.1,20,top_action,top_action_fraction,logger1_heavy,2026,0.7137216189536032,0.4521326905601173,1.0,0.0,0.0,1.0,1.0,1.0,0.6949654491609082,0.7319965449160907,anchor_id,2000,112200,minus,,,,,,
secondary_per_horizon,all,0.1,20,top_action,top_action_fraction,logger1_heavy,2026,0.03257650542941757,0.17756925359712813,0.0,0.0,0.0,0.0,0.0,1.0,0.024679170779861797,0.03998025666337611,anchor_id,2000,112201,base,,,,,,
secondary_per_horizon,all,0.1,20,top_action,top_action_fraction,logger1_heavy,2026,0.2541954590325765,0.43551549622936797,0.0,0.0,0.0,1.0,1.0,1.0,0.23493336623889438,0.2734452122408687,anchor_id,2000,112202,plus,,,,,,
secondary_per_horizon,all,0.1,20,decision_regret,decision_regret_best,logger12_balanced,2026,2.3542005287701733e-05,0.0004425227206501817,0.0,0.0,0.0,0.0,0.0,0.01741114897529883,8.348489352962835e-06,4.5213383876974915e-05,anchor_id,2000,112110,,,,,,,
secondary_per_horizon,all,0.1,20,decision_regret,decision_regret_worst,logger12_balanced,2026,2.3601754237197542e-05,0.00044253914064887757,0.0,0.0,0.0,0.0,0.0,0.01741114897529883,8.524087939644141e-06,4.606978410430933e-05,anchor_id,2000,112111,,,,,,,
secondary_per_horizon,all,0.1,20,top_action,top_action_fraction,logger12_balanced,2026,0.7147087857847977,0.4516645090469788,1.0,0.0,0.0,1.0,1.0,1.0,0.6949654491609082,0.7344521224086871,anchor_id,2000,112210,minus,,,,,,
secondary_per_horizon,all,0.1,20,top_action,top_action_fraction,logger12_balanced,2026,0.032082922013820334,0.17626384553844507,0.0,0.0,0.0,0.0,0.0,1.0,0.024679170779861797,0.03998025666337611,anchor_id,2000,112211,base,,,,,,
secondary_per_horizon,all,0.1,20,top_action,top_action_fraction,logger12_balanced,2026,0.25370187561697927,0.4352364113835274,0.0,0.0,0.0,1.0,1.0,1.0,0.23543928923988153,0.2724580454096742,anchor_id,2000,112212,plus,,,,,,
secondary_per_horizon,all,0.1,20,decision_regret,decision_regret_best,logger2_heavy,2026,1.9619373196612864e-05,0.0004316983341078406,0.0,0.0,0.0,0.0,0.0,0.01741114897529883,5.577655718135741e-06,4.150601204390533e-05,anchor_id,2000,112120,,,,,,,
secondary_per_horizon,all,0.1,20,decision_regret,decision_regret_worst,logger2_heavy,2026,1.9619373196612864e-05,0.0004316983341078406,0.0,0.0,0.0,0.0,0.0,0.01741114897529883,5.508218237922254e-06,4.230392701329534e-05,anchor_id,2000,112121,,,,,,,
secondary_per_horizon,all,0.1,20,top_action,top_action_fraction,logger2_heavy,2026,0.713228035538006,0.4523657913775998,1.0,0.0,0.0,1.0,1.0,1.0,0.6934846989141165,0.7324777887462981,anchor_id,2000,112220,minus,,,,,,
secondary_per_horizon,all,0.1,20,top_action,top_action_fraction,logger2_heavy,2026,0.03257650542941757,0.17756925359712813,0.0,0.0,0.0,0.0,0.0,1.0,0.025172754195459033,0.040473840078973346,anchor_id,2000,112221,base,,,,,,
secondary_per_horizon,all,0.1,20,top_action,top_action_fraction,logger2_heavy,2026,0.2541954590325765,0.43551549622936797,0.0,0.0,0.0,1.0,1.0,1.0,0.23692003948667326,0.27295162882527146,anchor_id,2000,112222,plus,,,,,,
secondary_per_horizon,all,0.1,20,top_action,top_action_fraction,do,2026,0.7161895360315893,0.450957271643862,1.0,0.0,0.0,1.0,1.0,1.0,0.6954466929911155,0.7359328726554788,anchor_id,2000,112300,minus,,,,,,
secondary_per_horizon,all,0.1,20,top_action,top_action_fraction,do,2026,0.024679170779861797,0.15518374845071015,0.0,0.0,0.0,0.0,0.0,1.0,0.01826258637709773,0.0315893385982231,anchor_id,2000,112301,base,,,,,,
secondary_per_horizon,all,0.1,20,top_action,top_action_fraction,do,2026,0.2591312931885489,0.4382659833209761,0.0,0.0,0.0,1.0,1.0,1.0,0.23840078973346496,0.2783810463968411,anchor_id,2000,112302,plus,,,,,,
secondary_per_horizon,all,0.1,20,decision_scale,balanced_error_over_action_range,logger12_balanced,2026,0.18969373633451836,,,,,,,,0.18201966276647868,0.19784824088059336,anchor_id,2000,112400,,0.011958535940597377,0.06304127996882782,True,2000,,
secondary_per_horizon,all,0.1,20,decision_scale,balanced_error_over_top_second_margin,logger12_balanced,2026,0.378716025651717,,,,,,,,0.3649388986680863,0.3929887919903427,anchor_id,2000,112401,,0.011958535940597377,0.03157652470612623,True,2000,2026,
primary_common_horizon,all,0.1,50,long_horizon,absolute_initial_u_return_effect,none,1994,0.06739404543563093,0.21201952255437667,0.013635146873525628,0.002843046021441846,0.0054127910883915815,0.04230340733871666,0.15103900869775375,4.090374532094302,0.05907014420901406,0.07693513953522971,anchor_id,2000,13000,,,,,,,
primary_common_horizon,all,0.1,50,long_horizon,balanced_do_error,logger12_balanced,1994,0.013837466902070444,0.046122781301066104,0.0027639735187842502,0.0005303206228897276,0.0011041924508366683,0.00843493655000671,0.02881238125163843,0.9179634984970543,0.011944649282956556,0.015953517974274755,anchor_id,2000,13001,,,,,,,
primary_common_horizon,all,0.1,50,long_horizon,heavy_mixture_drift,none,1994,0.0071749828381101445,0.02391551623018245,0.0014331714541787242,0.00027498106372405575,0.0005725442337537837,0.004373670803707578,0.014939753241591806,0.47598107329477557,0.006202108531135481,0.008344892557884443,anchor_id,2000,13002,,,,,,,
primary_common_horizon,all,0.1,50,long_horizon,do_action_range,none,1994,0.12416274907424404,0.3699242615549276,0.024486152828814056,0.00462920338903956,0.009138601027842697,0.07802218113398851,0.2689042518596681,6.404324353684103,0.1078901099726835,0.1400247050095239,anchor_id,2000,13003,,,,,,,
primary_common_horizon,all,0.1,50,long_horizon,do_top_second_margin,none,1994,0.06196158545776626,0.19353133972552886,0.012396558937879831,0.0018954128786361937,0.004271976578280601,0.03701262312311826,0.1350203627007375,3.2138117439062626,0.053766221694540435,0.07124030504265846,anchor_id,2000,13004,,,,,,,
primary_common_horizon,all,0.1,50,long_horizon,max_balanced_do_error,logger12_balanced,1994,0.028101625355093026,0.09647330031979157,0.005202704902146138,0.0010360483114851605,0.0021792383606893395,0.01590027575676345,0.05882371558161596,1.7553828420074922,0.0241021579245633,0.032389141352571926,anchor_id,2000,13005,,,,,,,
primary_common_horizon,all,0.1,50,long_horizon,balanced_survival_difference_abs,logger12_balanced,1994,0.00010813691073219654,0.001442423125322564,0.0,0.0,0.0,0.0,0.0,0.04062499999999999,5.171765295887661e-05,0.00017866098294884645,anchor_id,2000,13006,,,,,,,
primary_common_horizon,all,0.1,50,long_horizon,balanced_termination_difference_abs,logger12_balanced,1994,0.00010813691073219662,0.0014424231253225646,0.0,0.0,0.0,0.0,0.0,0.04062500000000002,5.328485456369107e-05,0.00017709378134403208,anchor_id,2000,13007,,,,,,,
primary_common_horizon,all,0.1,50,long_horizon,balanced_restricted_time_difference_abs,logger12_balanced,1994,0.0017051153460381219,0.015668114600669802,0.0,0.0,0.0,0.0,0.0,0.3187499999999967,0.0010750611208625988,0.0024746896940822565,anchor_id,2000,13008,,,,,,,
primary_common_horizon,all,0.1,50,long_horizon,balanced_future_clipping_rate,logger12_balanced,1994,0.12996515105117082,0.09760950799944795,0.14547340719461216,0.00272108843537415,0.03132440476190477,0.20449085884353738,0.2514392006802721,0.4489583333333333,0.12557358985801134,0.13433163609521126,anchor_id,2000,13009,,,,,,,
primary_common_horizon,all,0.1,50,long_horizon,balanced_vs_do_top_set_disagreement,logger12_balanced,1994,0.026078234704112337,0.15940797991916764,0.0,0.0,0.0,0.0,0.0,1.0,0.01905717151454363,0.033600802407221665,anchor_id,2000,13010,,,,,,,
primary_common_horizon,all,0.1,50,long_horizon,balanced_vs_do_strict_disagreement,logger12_balanced,1994,0.024072216649949848,0.1533118803769876,0.0,0.0,0.0,0.0,0.0,1.0,0.017051153460381142,0.030591775325977934,anchor_id,2000,13011,,,,,,,
primary_common_horizon,all,0.1,50,long_horizon,heavy_top_set_disagreement,none,1994,0.00802407221664995,0.08923945485786236,0.0,0.0,0.0,0.0,0.0,1.0,0.004513540621865597,0.012036108324974924,anchor_id,2000,13012,,,,,,,
primary_common_horizon,all,0.1,50,long_horizon,heavy_strict_disagreement,none,1994,0.007522567703109328,0.08642756955366161,0.0,0.0,0.0,0.0,0.0,1.0,0.004012036108324975,0.011534603811434303,anchor_id,2000,13013,,,,,,,
primary_common_horizon,all,0.1,50,decision_regret,decision_regret_best,logger1_heavy,1994,7.999729900003719e-05,0.0008913662208430001,0.0,0.0,0.0,0.0,0.0,0.02583590454003115,4.5010236072346876e-05,0.00012458221140778872,anchor_id,2000,13100,,,,,,,
primary_common_horizon,all,0.1,50,decision_regret,decision_regret_worst,logger1_heavy,1994,7.999729900003719e-05,0.0008913662208430001,0.0,0.0,0.0,0.0,0.0,0.02583590454003115,4.63914046084029e-05,0.00012302475430416295,anchor_id,2000,13101,,,,,,,
primary_common_horizon,all,0.1,50,top_action,top_action_fraction,logger1_heavy,1994,0.6213640922768305,0.4851688424191042,1.0,0.0,0.0,1.0,1.0,1.0,0.5997868605817452,0.6424272818455367,anchor_id,2000,13200,minus,,,,,,
primary_common_horizon,all,0.1,50,top_action,top_action_fraction,logger1_heavy,1994,0.06168505516549649,0.24064299446497442,0.0,0.0,0.0,0.0,0.0,1.0,0.05115346038114343,0.07221664994984955,anchor_id,2000,13201,base,,,,,,
primary_common_horizon,all,0.1,50,top_action,top_action_fraction,logger1_heavy,1994,0.316950852557673,0.465404809084405,0.0,0.0,0.0,1.0,1.0,1.0,0.29587512537612837,0.3385155466399198,anchor_id,2000,13202,plus,,,,,,
primary_common_horizon,all,0.1,50,decision_regret,decision_regret_best,logger12_balanced,1994,5.188547896504731e-05,0.0006067316195105462,0.0,0.0,0.0,0.0,0.0,0.01632551731435683,2.7719211405652475e-05,8.171127411036062e-05,anchor_id,2000,13110,,,,,,,
primary_common_horizon,all,0.1,50,decision_regret,decision_regret_worst,logger12_balanced,1994,5.188547896504731e-05,0.0006067316195105462,0.0,0.0,0.0,0.0,0.0,0.01632551731435683,2.824164040607707e-05,8.116902686450474e-05,anchor_id,2000,13111,,,,,,,
primary_common_horizon,all,0.1,50,top_action,top_action_fraction,logger12_balanced,1994,0.623370110330993,0.4846623753631098,1.0,0.0,0.0,1.0,1.0,1.0,0.6023069207622869,0.6454363089267804,anchor_id,2000,13210,minus,,,,,,
primary_common_horizon,all,0.1,50,top_action,top_action_fraction,logger12_balanced,1994,0.06118355065195587,0.23972681267797158,0.0,0.0,0.0,0.0,0.0,1.0,0.05115346038114343,0.07221664994984955,anchor_id,2000,13211,base,,,,,,
primary_common_horizon,all,0.1,50,top_action,top_action_fraction,logger12_balanced,1994,0.31544633901705116,0.46480995623274163,0.0,0.0,0.0,1.0,1.0,1.0,0.29538615847542626,0.33550651955867605,anchor_id,2000,13212,plus,,,,,,
primary_common_horizon,all,0.1,50,decision_regret,decision_regret_best,logger2_heavy,1994,4.142108606034789e-05,0.0005640189690075329,0.0,0.0,0.0,0.0,0.0,0.01632551731435683,2.0106770062143318e-05,6.98793375557902e-05,anchor_id,2000,13120,,,,,,,
primary_common_horizon,all,0.1,50,decision_regret,decision_regret_worst,logger2_heavy,1994,4.157893399203939e-05,0.0005640514132744093,0.0,0.0,0.0,0.0,0.0,0.01632551731435683,1.8385994312545427e-05,7.032709020375071e-05,anchor_id,2000,13121,,,,,,,
primary_common_horizon,all,0.1,50,top_action,top_action_fraction,logger2_heavy,1994,0.6248746238716149,0.48427672164676183,1.0,0.0,0.0,1.0,1.0,1.0,0.6033099297893681,0.645937813440321,anchor_id,2000,13220,minus,,,,,,
primary_common_horizon,all,0.1,50,top_action,top_action_fraction,logger2_heavy,1994,0.05917753259779338,0.23601586341594522,0.0,0.0,0.0,0.0,0.0,1.0,0.04914744232698094,0.06970912738214644,anchor_id,2000,13221,base,,,,,,
primary_common_horizon,all,0.1,50,top_action,top_action_fraction,logger2_heavy,1994,0.3164493480441324,0.4652071502204508,0.0,0.0,0.0,1.0,1.0,1.0,0.29638916750250754,0.3370110330992979,anchor_id,2000,13222,plus,,,,,,
primary_common_horizon,all,0.1,50,top_action,top_action_fraction,do,1994,0.633901705115346,0.4818576305127825,1.0,0.0,0.0,1.0,1.0,1.0,0.6123370110330993,0.6544633901705116,anchor_id,2000,13300,minus,,,,,,
primary_common_horizon,all,0.1,50,top_action,top_action_fraction,do,1994,0.04914744232698094,0.21623001478403778,0.0,0.0,0.0,0.0,0.0,1.0,0.040621865596790374,0.058676028084252756,anchor_id,2000,13301,base,,,,,,
primary_common_horizon,all,0.1,50,top_action,top_action_fraction,do,1994,0.31895687061183553,0.4661892088734805,0.0,0.0,0.0,1.0,1.0,1.0,0.29989969909729186,0.34052156469408223,anchor_id,2000,13302,plus,,,,,,
primary_common_horizon,all,0.1,50,decision_scale,balanced_error_over_action_range,logger12_balanced,1994,0.22632895586331975,,,,,,,,0.2079034252537449,0.24438554383439268,anchor_id,2000,13400,,0.028101625355093026,0.12416274907424404,True,2000,,
primary_common_horizon,all,0.1,50,decision_scale,balanced_error_over_top_second_margin,logger12_balanced,1994,0.45353302610772317,,,,,,,,0.4127018745938426,0.5061039443333737,anchor_id,2000,13401,,0.028101625355093026,0.06196158545776626,True,2000,1994,
secondary_per_horizon,all,0.1,50,long_horizon,absolute_initial_u_return_effect,none,1994,0.06739404543563093,0.21201952255437667,0.013635146873525628,0.002843046021441846,0.0054127910883915815,0.04230340733871666,0.15103900869775375,4.090374532094302,0.05836279220547933,0.07747683653727283,anchor_id,2000,113000,,,,,,,
secondary_per_horizon,all,0.1,50,long_horizon,balanced_do_error,logger12_balanced,1994,0.013837466902070444,0.046122781301066104,0.0027639735187842502,0.0005303206228897276,0.0011041924508366683,0.00843493655000671,0.02881238125163843,0.9179634984970543,0.011885799722124493,0.0159209190268261,anchor_id,2000,113001,,,,,,,
secondary_per_horizon,all,0.1,50,long_horizon,heavy_mixture_drift,none,1994,0.0071749828381101445,0.02391551623018245,0.0014331714541787242,0.00027498106372405575,0.0005725442337537837,0.004373670803707578,0.014939753241591806,0.47598107329477557,0.006164663720852071,0.008245499410884424,anchor_id,2000,113002,,,,,,,
secondary_per_horizon,all,0.1,50,long_horizon,do_action_range,none,1994,0.12416274907424404,0.3699242615549276,0.024486152828814056,0.00462920338903956,0.009138601027842697,0.07802218113398851,0.2689042518596681,6.404324353684103,0.10813963838594048,0.1412591459816305,anchor_id,2000,113003,,,,,,,
secondary_per_horizon,all,0.1,50,long_horizon,do_top_second_margin,none,1994,0.06196158545776626,0.19353133972552886,0.012396558937879831,0.0018954128786361937,0.004271976578280601,0.03701262312311826,0.1350203627007375,3.2138117439062626,0.053818485182405944,0.07056211343887328,anchor_id,2000,113004,,,,,,,
secondary_per_horizon,all,0.1,50,long_horizon,max_balanced_do_error,logger12_balanced,1994,0.028101625355093026,0.09647330031979157,0.005202704902146138,0.0010360483114851605,0.0021792383606893395,0.01590027575676345,0.05882371558161596,1.7553828420074922,0.02429926752000218,0.03250380169784845,anchor_id,2000,113005,,,,,,,
secondary_per_horizon,all,0.1,50,long_horizon,balanced_survival_difference_abs,logger12_balanced,1994,0.00010813691073219654,0.001442423125322564,0.0,0.0,0.0,0.0,0.0,0.04062499999999999,5.3284854563691024e-05,0.0001755265797392176,anchor_id,2000,113006,,,,,,,
secondary_per_horizon,all,0.1,50,long_horizon,balanced_termination_difference_abs,logger12_balanced,1994,0.00010813691073219662,0.0014424231253225646,0.0,0.0,0.0,0.0,0.0,0.04062500000000002,4.8583249749247784e-05,0.0001770937813440321,anchor_id,2000,113007,,,,,,,
secondary_per_horizon,all,0.1,50,long_horizon,balanced_restricted_time_difference_abs,logger12_balanced,1994,0.0017051153460381219,0.015668114600669802,0.0,0.0,0.0,0.0,0.0,0.3187499999999967,0.0010954739217653108,0.002419798457873627,anchor_id,2000,113008,,,,,,,
secondary_per_horizon,all,0.1,50,long_horizon,balanced_future_clipping_rate,logger12_balanced,1994,0.12996515105117082,0.09760950799944795,0.14547340719461216,0.00272108843537415,0.03132440476190477,0.20449085884353738,0.2514392006802721,0.4489583333333333,0.12573167311568206,0.13427526538430973,anchor_id,2000,113009,,,,,,,
secondary_per_horizon,all,0.1,50,long_horizon,balanced_vs_do_top_set_disagreement,logger12_balanced,1994,0.026078234704112337,0.15940797991916764,0.0,0.0,0.0,0.0,0.0,1.0,0.019558676028084254,0.03311183550651949,anchor_id,2000,113010,,,,,,,
secondary_per_horizon,all,0.1,50,long_horizon,balanced_vs_do_strict_disagreement,logger12_balanced,1994,0.024072216649949848,0.1533118803769876,0.0,0.0,0.0,0.0,0.0,1.0,0.017552657973921765,0.031093279839518557,anchor_id,2000,113011,,,,,,,
secondary_per_horizon,all,0.1,50,long_horizon,heavy_top_set_disagreement,none,1994,0.00802407221664995,0.08923945485786236,0.0,0.0,0.0,0.0,0.0,1.0,0.004513540621865597,0.012036108324974924,anchor_id,2000,113012,,,,,,,
secondary_per_horizon,all,0.1,50,long_horizon,heavy_strict_disagreement,none,1994,0.007522567703109328,0.08642756955366161,0.0,0.0,0.0,0.0,0.0,1.0,0.004012036108324975,0.011534603811434303,anchor_id,2000,113013,,,,,,,
secondary_per_horizon,all,0.1,50,decision_regret,decision_regret_best,logger1_heavy,1994,7.999729900003719e-05,0.0008913662208430001,0.0,0.0,0.0,0.0,0.0,0.02583590454003115,4.709981625218689e-05,0.00012222843012160697,anchor_id,2000,113100,,,,,,,
secondary_per_horizon,all,0.1,50,decision_regret,decision_regret_worst,logger1_heavy,1994,7.999729900003719e-05,0.0008913662208430001,0.0,0.0,0.0,0.0,0.0,0.02583590454003115,4.476452762533813e-05,0.00012314212057365858,anchor_id,2000,113101,,,,,,,
secondary_per_horizon,all,0.1,50,top_action,top_action_fraction,logger1_heavy,1994,0.6213640922768305,0.4851688424191042,1.0,0.0,0.0,1.0,1.0,1.0,0.600802407221665,0.6414242728184554,anchor_id,2000,113200,minus,,,,,,
secondary_per_horizon,all,0.1,50,top_action,top_action_fraction,logger1_heavy,1994,0.06168505516549649,0.24064299446497442,0.0,0.0,0.0,0.0,0.0,1.0,0.05115346038114343,0.0732196589769308,anchor_id,2000,113201,base,,,,,,
secondary_per_horizon,all,0.1,50,top_action,top_action_fraction,logger1_heavy,1994,0.316950852557673,0.465404809084405,0.0,0.0,0.0,1.0,1.0,1.0,0.29689067201604813,0.33901705115346037,anchor_id,2000,113202,plus,,,,,,
secondary_per_horizon,all,0.1,50,decision_regret,decision_regret_best,logger12_balanced,1994,5.188547896504731e-05,0.0006067316195105462,0.0,0.0,0.0,0.0,0.0,0.01632551731435683,2.787595630805962e-05,8.161901419212104e-05,anchor_id,2000,113110,,,,,,,
secondary_per_horizon,all,0.1,50,decision_regret,decision_regret_worst,logger12_balanced,1994,5.188547896504731e-05,0.0006067316195105462,0.0,0.0,0.0,0.0,0.0,0.01632551731435683,2.819572072631612e-05,8.191368540486046e-05,anchor_id,2000,113111,,,,,,,
secondary_per_horizon,all,0.1,50,top_action,top_action_fraction,logger12_balanced,1994,0.623370110330993,0.4846623753631098,1.0,0.0,0.0,1.0,1.0,1.0,0.6012913741223671,0.6439317953861585,anchor_id,2000,113210,minus,,,,,,
secondary_per_horizon,all,0.1,50,top_action,top_action_fraction,logger12_balanced,1994,0.06118355065195587,0.23972681267797158,0.0,0.0,0.0,0.0,0.0,1.0,0.05115346038114343,0.07171514543630893,anchor_id,2000,113211,base,,,,,,
secondary_per_horizon,all,0.1,50,top_action,top_action_fraction,logger12_balanced,1994,0.31544633901705116,0.46480995623274163,0.0,0.0,0.0,1.0,1.0,1.0,0.29538615847542626,0.33600802407221664,anchor_id,2000,113212,plus,,,,,,
secondary_per_horizon,all,0.1,50,decision_regret,decision_regret_best,logger2_heavy,1994,4.142108606034789e-05,0.0005640189690075329,0.0,0.0,0.0,0.0,0.0,0.01632551731435683,1.9099307127368437e-05,7.011159159034707e-05,anchor_id,2000,113120,,,,,,,
secondary_per_horizon,all,0.1,50,decision_regret,decision_regret_worst,logger2_heavy,1994,4.157893399203939e-05,0.0005640514132744093,0.0,0.0,0.0,0.0,0.0,0.01632551731435683,2.0176461621839195e-05,6.731552131076744e-05,anchor_id,2000,113121,,,,,,,
secondary_per_horizon,all,0.1,50,top_action,top_action_fraction,logger2_heavy,1994,0.6248746238716149,0.48427672164676183,1.0,0.0,0.0,1.0,1.0,1.0,0.6038114343029087,0.6464393179538616,anchor_id,2000,113220,minus,,,,,,
secondary_per_horizon,all,0.1,50,top_action,top_action_fraction,logger2_heavy,1994,0.05917753259779338,0.23601586341594522,0.0,0.0,0.0,0.0,0.0,1.0,0.04914744232698094,0.06970912738214644,anchor_id,2000,113221,base,,,,,,
secondary_per_horizon,all,0.1,50,top_action,top_action_fraction,logger2_heavy,1994,0.3164493480441324,0.4652071502204508,0.0,0.0,0.0,1.0,1.0,1.0,0.2958876629889669,0.33602056168505506,anchor_id,2000,113222,plus,,,,,,
secondary_per_horizon,all,0.1,50,top_action,top_action_fraction,do,1994,0.633901705115346,0.4818576305127825,1.0,0.0,0.0,1.0,1.0,1.0,0.6133400200601805,0.6539618856569709,anchor_id,2000,113300,minus,,,,,,
secondary_per_horizon,all,0.1,50,top_action,top_action_fraction,do,1994,0.04914744232698094,0.21623001478403778,0.0,0.0,0.0,0.0,0.0,1.0,0.03961885656970913,0.058174523570712136,anchor_id,2000,113301,base,,,,,,
secondary_per_horizon,all,0.1,50,top_action,top_action_fraction,do,1994,0.31895687061183553,0.4661892088734805,0.0,0.0,0.0,1.0,1.0,1.0,0.2988841524573721,0.34002006018054165,anchor_id,2000,113302,plus,,,,,,
secondary_per_horizon,all,0.1,50,decision_scale,balanced_error_over_action_range,logger12_balanced,1994,0.22632895586331975,,,,,,,,0.20883245655686442,0.24512041124807832,anchor_id,2000,113400,,0.028101625355093026,0.12416274907424404,True,2000,,
secondary_per_horizon,all,0.1,50,decision_scale,balanced_error_over_top_second_margin,logger12_balanced,1994,0.45353302610772317,,,,,,,,0.41083898056691237,0.503645855452092,anchor_id,2000,113401,,0.028101625355093026,0.06196158545776626,True,2000,1994,
primary_common_horizon,all,0.2,1,long_horizon,absolute_initial_u_return_effect,none,1994,0.007752358714720897,0.004506975664309657,0.0063224543440469905,0.002790172173371763,0.004216394639184773,0.012369839407002536,0.013982450331327353,0.021081056746810784,0.007561174119265616,0.007940536413117774,anchor_id,2000,20000,,,,,,,
primary_common_horizon,all,0.2,1,long_horizon,balanced_do_error,logger12_balanced,1994,0.0015412128843515145,0.0008941439994300746,0.0012702642277651055,0.0005417361857000888,0.0008273652518175911,0.002464251876038899,0.002774670802055764,0.0042149132346643485,0.0015027272947956156,0.0015791542250647623,anchor_id,2000,20001,,,,,,,
primary_common_horizon,all,0.2,1,long_horizon,heavy_mixture_drift,none,1994,0.0007991474215155858,0.00046363022192670095,0.000658655525507849,0.00028090024443706564,0.00042900420464623645,0.0012777602320201975,0.0014387181936584318,0.0021855105661222987,0.000777994730390666,0.0008196386050772785,anchor_id,2000,20002,,,,,,,
primary_common_horizon,all,0.2,1,long_horizon,do_action_range,none,1994,0.007657285474261357,0.004518407480082493,0.006342562450352585,0.0023142251315039887,0.004096833802435973,0.012321259380193794,0.01387335401027774,0.021074566173325593,0.007460392612504137,0.00786027828772484,anchor_id,2000,20003,,,,,,,
primary_common_horizon,all,0.2,1,long_horizon,do_top_second_margin,none,1994,0.00364200857657679,0.0023035945296400115,0.003072031427966637,0.000782829990403533,0.0019243758715693504,0.006053613417564496,0.006845680957249201,0.010505740609312753,0.0035394145553346522,0.003743259945193534,anchor_id,2000,20004,,,,,,,
primary_common_horizon,all,0.2,1,long_horizon,max_balanced_do_error,logger12_balanced,1994,0.0025234285710112486,0.0013750356335827318,0.0020881437274309356,0.001011913353488092,0.0014209039684578428,0.0038308869516996413,0.004302652935514795,0.00878666908848924,0.002462610280888435,0.0025843365474937036,anchor_id,2000,20005,,,,,,,
primary_common_horizon,all,0.2,1,long_horizon,balanced_survival_difference_abs,logger12_balanced,1994,0.0,0.0,0.0,0.0,0.0,0.0,0.0,0.0,0.0,0.0,anchor_id,2000,20006,,,,,,,
primary_common_horizon,all,0.2,1,long_horizon,balanced_termination_difference_abs,logger12_balanced,1994,0.0,0.0,0.0,0.0,0.0,0.0,0.0,0.0,0.0,0.0,anchor_id,2000,20007,,,,,,,
primary_common_horizon,all,0.2,1,long_horizon,balanced_restricted_time_difference_abs,logger12_balanced,1994,0.0,0.0,0.0,0.0,0.0,0.0,0.0,0.0,0.0,0.0,anchor_id,2000,20008,,,,,,,
primary_common_horizon,all,0.2,1,long_horizon,balanced_future_clipping_rate,logger12_balanced,1994,0.0,0.0,0.0,0.0,0.0,0.0,0.0,0.0,0.0,0.0,anchor_id,2000,20009,,,,,,,
primary_common_horizon,all,0.2,1,long_horizon,balanced_vs_do_top_set_disagreement,logger12_balanced,1994,0.0015045135406218655,0.03876859222087936,0.0,0.0,0.0,0.0,0.0,1.0,0.0,0.003510531594784353,anchor_id,2000,20010,,,,,,,
primary_common_horizon,all,0.2,1,long_horizon,balanced_vs_do_strict_disagreement,logger12_balanced,1994,0.0015045135406218655,0.03876859222087936,0.0,0.0,0.0,0.0,0.0,1.0,0.0,0.003510531594784353,anchor_id,2000,20011,,,,,,,
primary_common_horizon,all,0.2,1,long_horizon,heavy_top_set_disagreement,none,1994,0.0015045135406218655,0.03876859222087936,0.0,0.0,0.0,0.0,0.0,1.0,0.0,0.003510531594784353,anchor_id,2000,20012,,,,,,,
primary_common_horizon,all,0.2,1,long_horizon,heavy_strict_disagreement,none,1994,0.0010030090270812437,0.03166237137576555,0.0,0.0,0.0,0.0,0.0,1.0,0.0,0.0025075225677031092,anchor_id,2000,20013,,,,,,,
primary_common_horizon,all,0.2,1,decision_regret,decision_regret_best,logger1_heavy,1994,8.393671914765438e-07,2.674539929489771e-05,0.0,0.0,0.0,0.0,0.0,0.0010258960920341842,0.0,2.2544717612573143e-06,anchor_id,2000,20100,,,,,,,
primary_common_horizon,all,0.2,1,decision_regret,decision_regret_worst,logger1_heavy,1994,8.482964834900155e-07,2.6748090999749977e-05,0.0,0.0,0.0,0.0,0.0,0.0010258960920341842,8.929292013471737e-09,2.364561494640564e-06,anchor_id,2000,20101,,,,,,,
primary_common_horizon,all,0.2,1,top_action,top_action_fraction,logger1_heavy,1994,0.8696088264794383,0.3368177684957216,1.0,0.0,1.0,1.0,1.0,1.0,0.8550651955867603,0.8836509528585758,anchor_id,2000,20200,minus,,,,,,
primary_common_horizon,all,0.2,1,top_action,top_action_fraction,logger1_heavy,1994,0.04914744232698094,0.21623001478403778,0.0,0.0,0.0,0.0,0.0,1.0,0.04012036108324975,0.058174523570712136,anchor_id,2000,20201,base,,,,,,
primary_common_horizon,all,0.2,1,top_action,top_action_fraction,logger1_heavy,1994,0.08174523570712136,0.27404491501198,0.0,0.0,0.0,0.0,0.0,1.0,0.07021063189568706,0.09428284854563691,anchor_id,2000,20202,plus,,,,,,
primary_common_horizon,all,0.2,1,decision_regret,decision_regret_best,logger12_balanced,1994,8.393671914765438e-07,2.674539929489771e-05,0.0,0.0,0.0,0.0,0.0,0.0010258960920341842,0.0,2.2544717612573143e-06,anchor_id,2000,20110,,,,,,,
primary_common_horizon,all,0.2,1,decision_regret,decision_regret_worst,logger12_balanced,1994,8.393671914765438e-07,2.674539929489771e-05,0.0,0.0,0.0,0.0,0.0,0.0010258960920341842,0.0,2.1936884908037337e-06,anchor_id,2000,20111,,,,,,,
primary_common_horizon,all,0.2,1,top_action,top_action_fraction,logger12_balanced,1994,0.8696088264794383,0.3368177684957216,1.0,0.0,1.0,1.0,1.0,1.0,0.8550651955867603,0.8841524573721163,anchor_id,2000,20210,minus,,,,,,
primary_common_horizon,all,0.2,1,top_action,top_action_fraction,logger12_balanced,1994,0.04864593781344032,0.21518069517632415,0.0,0.0,0.0,0.0,0.0,1.0,0.03911735205616851,0.058676028084252756,anchor_id,2000,20211,base,,,,,,
primary_common_horizon,all,0.2,1,top_action,top_action_fraction,logger12_balanced,1994,0.08174523570712136,0.27404491501198,0.0,0.0,0.0,0.0,0.0,1.0,0.06970912738214644,0.09428284854563691,anchor_id,2000,20212,plus,,,,,,
primary_common_horizon,all,0.2,1,decision_regret,decision_regret_best,logger2_heavy,1994,1.8503490872800875e-08,8.26259084012256e-07,0.0,0.0,0.0,0.0,0.0,3.6895960800364946e-05,0.0,5.5510472618402625e-08,anchor_id,2000,20120,,,,,,,
primary_common_horizon,all,0.2,1,decision_regret,decision_regret_worst,logger2_heavy,1994,1.8503490872800875e-08,8.26259084012256e-07,0.0,0.0,0.0,0.0,0.0,3.6895960800364946e-05,0.0,5.5510472618402625e-08,anchor_id,2000,20121,,,,,,,
primary_common_horizon,all,0.2,1,top_action,top_action_fraction,logger2_heavy,1994,0.870110330992979,0.3362663386966981,1.0,0.0,1.0,1.0,1.0,1.0,0.8555541624874624,0.8846539618856569,anchor_id,2000,20220,minus,,,,,,
primary_common_horizon,all,0.2,1,top_action,top_action_fraction,logger2_heavy,1994,0.047642928786359076,0.2130630102689224,0.0,0.0,0.0,0.0,0.0,1.0,0.03910481444332999,0.05667001003009027,anchor_id,2000,20221,base,,,,,,
primary_common_horizon,all,0.2,1,top_action,top_action_fraction,logger2_heavy,1994,0.08224674022066199,0.27480918399597853,0.0,0.0,0.0,0.0,0.0,1.0,0.07021063189568706,0.09428284854563691,anchor_id,2000,20222,plus,,,,,,
primary_common_horizon,all,0.2,1,top_action,top_action_fraction,do,1994,0.8706118355065195,0.33571325359685017,1.0,0.0,1.0,1.0,1.0,1.0,0.8565697091273822,0.8846539618856569,anchor_id,2000,20300,minus,,,,,,
primary_common_horizon,all,0.2,1,top_action,top_action_fraction,do,1994,0.04714142427281846,0.21199445471540718,0.0,0.0,0.0,0.0,0.0,1.0,0.03811434302908726,0.05667001003009027,anchor_id,2000,20301,base,,,,,,
primary_common_horizon,all,0.2,1,top_action,top_action_fraction,do,1994,0.08224674022066199,0.27480918399597853,0.0,0.0,0.0,0.0,0.0,1.0,0.07021063189568706,0.09378134403209629,anchor_id,2000,20302,plus,,,,,,
primary_common_horizon,all,0.2,1,decision_scale,balanced_error_over_action_range,logger12_balanced,1994,0.3295461008334243,,,,,,,,0.3273151164200935,0.3318412617881572,anchor_id,2000,20400,,0.0025234285710112486,0.007657285474261357,True,2000,,
primary_common_horizon,all,0.2,1,decision_scale,balanced_error_over_top_second_margin,logger12_balanced,1994,0.6928672785782066,,,,,,,,0.6853767193096684,0.7010360384309635,anchor_id,2000,20401,,0.0025234285710112486,0.00364200857657679,True,2000,1994,
secondary_per_horizon,all,0.2,1,long_horizon,absolute_initial_u_return_effect,none,2048,0.007782608155030708,0.004499614687877608,0.006334435057025653,0.002801191762601215,0.004231287089111617,0.01240609609438692,0.013924883017384362,0.021081056746810784,0.0076007321563218485,0.007980966994956214,anchor_id,2000,120000,,,,,,,
secondary_per_horizon,all,0.2,1,long_horizon,balanced_do_error,logger12_balanced,2048,0.0015473653041798434,0.000892499711923284,0.0012756645378235731,0.0005444750315515354,0.0008311567152939533,0.0024672525008799795,0.0027682376172577664,0.0042149132346643485,0.0015092795869319274,0.0015859975722495236,anchor_id,2000,120001,,,,,,,
secondary_per_horizon,all,0.2,1,long_horizon,heavy_mixture_drift,none,2048,0.0008023375651302753,0.00046277762840466125,0.0006614556862788816,0.0002823203867304243,0.0004309701486709949,0.0012793161115672858,0.0014353824682076983,0.0021855105661222987,0.0007828285984172938,0.0008231185473390871,anchor_id,2000,120002,,,,,,,
secondary_per_horizon,all,0.2,1,long_horizon,do_action_range,none,2048,0.007689114362605837,0.004509519686025476,0.006368321393297016,0.0023315583199449374,0.004105492916357312,0.012336262504399231,0.01384118808628818,0.021074566173325593,0.007484282883304931,0.007874340986298274,anchor_id,2000,120003,,,,,,,
secondary_per_horizon,all,0.2,1,long_horizon,do_top_second_margin,none,2048,0.003657595041121605,0.0022994200000164768,0.0030947503979303903,0.000797598354793916,0.001929466204463659,0.006082412016938155,0.00683445320899394,0.010505740609312753,0.003552827004710276,0.0037514399648619604,anchor_id,2000,120004,,,,,,,
secondary_per_horizon,all,0.2,1,long_horizon,max_balanced_do_error,logger12_balanced,2048,0.002531674225373688,0.0013713483407261301,0.002102282056881677,0.0010190463309923904,0.0014262844768899718,0.003827711343087681,0.004298600541397013,0.00878666908848924,0.002469947505068354,0.00258888591179825,anchor_id,2000,120005,,,,,,,
secondary_per_horizon,all,0.2,1,long_horizon,balanced_survival_difference_abs,logger12_balanced,2048,0.0,0.0,0.0,0.0,0.0,0.0,0.0,0.0,0.0,0.0,anchor_id,2000,120006,,,,,,,
secondary_per_horizon,all,0.2,1,long_horizon,balanced_termination_difference_abs,logger12_balanced,2048,0.0,0.0,0.0,0.0,0.0,0.0,0.0,0.0,0.0,0.0,anchor_id,2000,120007,,,,,,,
secondary_per_horizon,all,0.2,1,long_horizon,balanced_restricted_time_difference_abs,logger12_balanced,2048,0.0,0.0,0.0,0.0,0.0,0.0,0.0,0.0,0.0,0.0,anchor_id,2000,120008,,,,,,,
secondary_per_horizon,all,0.2,1,long_horizon,balanced_future_clipping_rate,logger12_balanced,2048,0.0,0.0,0.0,0.0,0.0,0.0,0.0,0.0,0.0,0.0,anchor_id,2000,120009,,,,,,,
secondary_per_horizon,all,0.2,1,long_horizon,balanced_vs_do_top_set_disagreement,logger12_balanced,2048,0.00146484375,0.03825457540859959,0.0,0.0,0.0,0.0,0.0,1.0,0.0,0.00341796875,anchor_id,2000,120010,,,,,,,
secondary_per_horizon,all,0.2,1,long_horizon,balanced_vs_do_strict_disagreement,logger12_balanced,2048,0.00146484375,0.03825457540859959,0.0,0.0,0.0,0.0,0.0,1.0,0.0,0.00341796875,anchor_id,2000,120011,,,,,,,
secondary_per_horizon,all,0.2,1,long_horizon,heavy_top_set_disagreement,none,2048,0.00146484375,0.03825457540859959,0.0,0.0,0.0,0.0,0.0,1.0,0.0,0.00341796875,anchor_id,2000,120012,,,,,,,
secondary_per_horizon,all,0.2,1,long_horizon,heavy_strict_disagreement,none,2048,0.0009765625,0.031242365945898062,0.0,0.0,0.0,0.0,0.0,1.0,0.0,0.00244140625,anchor_id,2000,120013,,,,,,,
secondary_per_horizon,all,0.2,1,decision_regret,decision_regret_best,logger1_heavy,2048,8.172354393575334e-07,2.6390611664259667e-05,0.0,0.0,0.0,0.0,0.0,0.0010258960920341842,0.0,2.1178314891905664e-06,anchor_id,2000,120100,,,,,,,
secondary_per_horizon,all,0.2,1,decision_regret,decision_regret_worst,logger1_heavy,2048,8.259292910542436e-07,2.6393274926123604e-05,0.0,0.0,0.0,0.0,0.0,0.0010258960920341842,8.693851696710275e-09,2.171405705843058e-06,anchor_id,2000,120101,,,,,,,
secondary_per_horizon,all,0.2,1,top_action,top_action_fraction,logger1_heavy,2048,0.87255859375,0.33354822390345595,1.0,0.0,1.0,1.0,1.0,1.0,0.85789794921875,0.8867309570312499,anchor_id,2000,120200,minus,,,,,,
secondary_per_horizon,all,0.2,1,top_action,top_action_fraction,logger1_heavy,2048,0.0478515625,0.21350421143947898,0.0,0.0,0.0,0.0,0.0,1.0,0.03857421875,0.0576171875,anchor_id,2000,120201,base,,,,,,
secondary_per_horizon,all,0.2,1,top_action,top_action_fraction,logger1_heavy,2048,0.080078125,0.2714803970985628,0.0,0.0,0.0,0.0,0.0,1.0,0.068359375,0.091796875,anchor_id,2000,120202,plus,,,,,,
secondary_per_horizon,all,0.2,1,decision_regret,decision_regret_best,logger12_balanced,2048,8.172354393575334e-07,2.6390611664259667e-05,0.0,0.0,0.0,0.0,0.0,0.0010258960920341842,0.0,2.11738109904408e-06,anchor_id,2000,120110,,,,,,,
secondary_per_horizon,all,0.2,1,decision_regret,decision_regret_worst,logger12_balanced,2048,8.172354393575334e-07,2.6390611664259667e-05,0.0,0.0,0.0,0.0,0.0,0.0010258960920341842,0.0,2.11738109904408e-06,anchor_id,2000,120111,,,,,,,
secondary_per_horizon,all,0.2,1,top_action,top_action_fraction,logger12_balanced,2048,0.87255859375,0.33354822390345595,1.0,0.0,1.0,1.0,1.0,1.0,0.85791015625,0.88671875,anchor_id,2000,120210,minus,,,,,,
secondary_per_horizon,all,0.2,1,top_action,top_action_fraction,logger12_balanced,2048,0.04736328125,0.2124665687875269,0.0,0.0,0.0,0.0,0.0,1.0,0.0380859375,0.056640625,anchor_id,2000,120211,base,,,,,,
secondary_per_horizon,all,0.2,1,top_action,top_action_fraction,logger12_balanced,2048,0.080078125,0.2714803970985628,0.0,0.0,0.0,0.0,0.0,1.0,0.06884765625,0.09228515625,anchor_id,2000,120212,plus,,,,,,
secondary_per_horizon,all,0.2,1,decision_regret,decision_regret_best,logger2_heavy,2048,1.8015605859553196e-08,8.152932525103466e-07,0.0,0.0,0.0,0.0,0.0,3.6895960800364946e-05,0.0,5.404681757865959e-08,anchor_id,2000,120120,,,,,,,
secondary_per_horizon,all,0.2,1,decision_regret,decision_regret_worst,logger2_heavy,2048,1.8015605859553196e-08,8.152932525103466e-07,0.0,0.0,0.0,0.0,0.0,3.6895960800364946e-05,0.0,5.404681757865959e-08,anchor_id,2000,120121,,,,,,,
secondary_per_horizon,all,0.2,1,top_action,top_action_fraction,logger2_heavy,2048,0.873046875,0.33300176372779644,1.0,0.0,1.0,1.0,1.0,1.0,0.85791015625,0.88671875,anchor_id,2000,120220,minus,,,,,,
secondary_per_horizon,all,0.2,1,top_action,top_action_fraction,logger2_heavy,2048,0.04638671875,0.21037252848682364,0.0,0.0,0.0,0.0,0.0,1.0,0.037109375,0.0556640625,anchor_id,2000,120221,base,,,,,,
secondary_per_horizon,all,0.2,1,top_action,top_action_fraction,logger2_heavy,2048,0.08056640625,0.2722345454970194,0.0,0.0,0.0,0.0,0.0,1.0,0.06884765625,0.0927734375,anchor_id,2000,120222,plus,,,,,,
secondary_per_horizon,all,0.2,1,top_action,top_action_fraction,do,2048,0.87353515625,0.3324536878309425,1.0,0.0,1.0,1.0,1.0,1.0,0.85888671875,0.88818359375,anchor_id,2000,120300,minus,,,,,,
secondary_per_horizon,all,0.2,1,top_action,top_action_fraction,do,2048,0.0458984375,0.20931594320926156,0.0,0.0,0.0,0.0,0.0,1.0,0.03662109375,0.0546875,anchor_id,2000,120301,base,,,,,,
secondary_per_horizon,all,0.2,1,top_action,top_action_fraction,do,2048,0.08056640625,0.2722345454970194,0.0,0.0,0.0,0.0,0.0,1.0,0.06884765625,0.0927734375,anchor_id,2000,120302,plus,,,,,,
secondary_per_horizon,all,0.2,1,decision_scale,balanced_error_over_action_range,logger12_balanced,2048,0.3292543335921596,,,,,,,,0.3270583485229672,0.3314621783557066,anchor_id,2000,120400,,0.002531674225373688,0.007689114362605837,True,2000,,
secondary_per_horizon,all,0.2,1,decision_scale,balanced_error_over_top_second_margin,logger12_balanced,2048,0.6921690884066126,,,,,,,,0.6849562267037709,0.7002616811193746,anchor_id,2000,120401,,0.002531674225373688,0.003657595041121605,True,2000,2048,
primary_common_horizon,all,0.2,5,long_horizon,absolute_initial_u_return_effect,none,1994,0.04009301507914419,0.04352419797517572,0.03054211059668003,0.011335575299372635,0.01903930985196034,0.04932729570243947,0.07707544394320583,1.2851418337700065,0.038308843478373454,0.04212370276215328,anchor_id,2000,21000,,,,,,,
primary_common_horizon,all,0.2,5,long_horizon,balanced_do_error,logger12_balanced,1994,0.00794827463683023,0.008607235584955752,0.006042287089645862,0.002343824542913412,0.0038852176318724396,0.00970776851971289,0.015057682841635571,0.25796933705433805,0.0075953996247390965,0.008355690356231725,anchor_id,2000,21001,,,,,,,
primary_common_horizon,all,0.2,5,long_horizon,heavy_mixture_drift,none,1994,0.004121327589467434,0.004463011044051128,0.003133037750187621,0.0012153164296583086,0.002014557290600294,0.0050336577509616145,0.007807687399366733,0.13376187847262008,0.0039361643137481766,0.004316321060254877,anchor_id,2000,21002,,,,,,,
primary_common_horizon,all,0.2,5,long_horizon,do_action_range,none,1994,0.03915433111775238,0.04328774440133485,0.029803436891405966,0.0098450443964202,0.0183675266152461,0.048450757893310215,0.0754033262902965,1.2848898957145742,0.03751880408448215,0.04121689917646562,anchor_id,2000,21003,,,,,,,
primary_common_horizon,all,0.2,5,long_horizon,do_top_second_margin,none,1994,0.018992033197536676,0.022102522940259207,0.014681909961919537,0.004001596976026889,0.00859190958997047,0.023190696924715315,0.03684938143692787,0.638972253823443,0.018157882624906346,0.020026990327452473,anchor_id,2000,21004,,,,,,,
primary_common_horizon,all,0.2,5,long_horizon,max_balanced_do_error,logger12_balanced,1994,0.014211843375883429,0.020462589777667874,0.010636546729255514,0.004748907452197671,0.007110843713416415,0.016704122650584186,0.02630380532988071,0.7724209742958799,0.013440590212323229,0.015311740769407214,anchor_id,2000,21005,,,,,,,
primary_common_horizon,all,0.2,5,long_horizon,balanced_survival_difference_abs,logger12_balanced,1994,0.0,0.0,0.0,0.0,0.0,0.0,0.0,0.0,0.0,0.0,anchor_id,2000,21006,,,,,,,
primary_common_horizon,all,0.2,5,long_horizon,balanced_termination_difference_abs,logger12_balanced,1994,0.0,0.0,0.0,0.0,0.0,0.0,0.0,0.0,0.0,0.0,anchor_id,2000,21007,,,,,,,
primary_common_horizon,all,0.2,5,long_horizon,balanced_restricted_time_difference_abs,logger12_balanced,1994,2.5075225677031448e-05,0.0011197148225559755,0.0,0.0,0.0,0.0,0.0,0.05000000000000012,7.423758105149826e-20,7.522567703109397e-05,anchor_id,2000,21008,,,,,,,
primary_common_horizon,all,0.2,5,long_horizon,balanced_future_clipping_rate,logger12_balanced,1994,0.07560981555778447,0.14417984588813856,0.0,0.0,0.0,0.100390625,0.3097916666666668,1.0,0.06944236572564917,0.08200353447495265,anchor_id,2000,21009,,,,,,,
primary_common_horizon,all,0.2,5,long_horizon,balanced_vs_do_top_set_disagreement,logger12_balanced,1994,0.010030090270812437,0.09967181016409168,0.0,0.0,0.0,0.0,0.0,1.0,0.006018054162487462,0.014543630892678034,anchor_id,2000,21010,,,,,,,
primary_common_horizon,all,0.2,5,long_horizon,balanced_vs_do_strict_disagreement,logger12_balanced,1994,0.010030090270812437,0.09967181016409168,0.0,0.0,0.0,0.0,0.0,1.0,0.006018054162487462,0.014543630892678034,anchor_id,2000,21011,,,,,,,
primary_common_horizon,all,0.2,5,long_horizon,heavy_top_set_disagreement,none,1994,0.005516549648946841,0.07408690857370026,0.0,0.0,0.0,0.0,0.0,1.0,0.0025075225677031092,0.009027081243731194,anchor_id,2000,21012,,,,,,,
primary_common_horizon,all,0.2,5,long_horizon,heavy_strict_disagreement,none,1994,0.004513540621865597,0.06704791605910766,0.0,0.0,0.0,0.0,0.0,1.0,0.0020060180541624875,0.007522567703109328,anchor_id,2000,21013,,,,,,,
primary_common_horizon,all,0.2,5,decision_regret,decision_regret_best,logger1_heavy,1994,1.6182357476161e-05,0.00020378233597578328,0.0,0.0,0.0,0.0,0.0,0.004139821215913386,8.472060019227994e-06,2.519026290563612e-05,anchor_id,2000,21100,,,,,,,
primary_common_horizon,all,0.2,5,decision_regret,decision_regret_worst,logger1_heavy,1994,1.663671372384771e-05,0.00020475392188905512,0.0,0.0,0.0,0.0,0.0,0.004139821215913386,8.783800400331217e-06,2.6221804895927556e-05,anchor_id,2000,21101,,,,,,,
primary_common_horizon,all,0.2,5,top_action,top_action_fraction,logger1_heavy,1994,0.8119358074222668,0.390861443775773,1.0,0.0,1.0,1.0,1.0,1.0,0.7953861584754263,0.8289869608826479,anchor_id,2000,21200,minus,,,,,,
primary_common_horizon,all,0.2,5,top_action,top_action_fraction,logger1_heavy,1994,0.041123370110330994,0.19862533551679273,0.0,0.0,0.0,0.0,0.0,1.0,0.033099297893681046,0.05015045135406219,anchor_id,2000,21201,base,,,,,,
primary_common_horizon,all,0.2,5,top_action,top_action_fraction,logger1_heavy,1994,0.14744232698094284,0.3546352485188457,0.0,0.0,0.0,0.0,1.0,1.0,0.13189568706118354,0.16399197592778336,anchor_id,2000,21202,plus,,,,,,
primary_common_horizon,all,0.2,5,decision_regret,decision_regret_best,logger12_balanced,1994,9.80936828037765e-06,0.0001379666738670548,0.0,0.0,0.0,0.0,0.0,0.0039619477517014445,4.428928784345707e-06,1.6428758338608427e-05,anchor_id,2000,21110,,,,,,,
primary_common_horizon,all,0.2,5,decision_regret,decision_regret_worst,logger12_balanced,1994,9.80936828037765e-06,0.0001379666738670548,0.0,0.0,0.0,0.0,0.0,0.0039619477517014445,4.453105047843292e-06,1.620038599855759e-05,anchor_id,2000,21111,,,,,,,
primary_common_horizon,all,0.2,5,top_action,top_action_fraction,logger12_balanced,1994,0.8129388164493481,0.39005845570097164,1.0,0.0,1.0,1.0,1.0,1.0,0.7958876629889668,0.8294884653961886,anchor_id,2000,21210,minus,,,,,,
primary_common_horizon,all,0.2,5,top_action,top_action_fraction,logger12_balanced,1994,0.03911735205616851,0.19392277954200732,0.0,0.0,0.0,0.0,0.0,1.0,0.030591775325977934,0.048144433299899696,anchor_id,2000,21211,base,,,,,,
primary_common_horizon,all,0.2,5,top_action,top_action_fraction,logger12_balanced,1994,0.14794383149448345,0.355133360609682,0.0,0.0,0.0,0.0,1.0,1.0,0.13239719157472418,0.16350300902708118,anchor_id,2000,21212,plus,,,,,,
primary_common_horizon,all,0.2,5,decision_regret,decision_regret_best,logger2_heavy,1994,6.981879048317607e-06,0.00011866612228714417,0.0,0.0,0.0,0.0,0.0,0.0039619477517014445,2.488700924035741e-06,1.2546876487119237e-05,anchor_id,2000,21120,,,,,,,
primary_common_horizon,all,0.2,5,decision_regret,decision_regret_worst,logger2_heavy,1994,7.1782293869733355e-06,0.00011897806942699346,0.0,0.0,0.0,0.0,0.0,0.0039619477517014445,2.66509425988031e-06,1.290385401136109e-05,anchor_id,2000,21121,,,,,,,
primary_common_horizon,all,0.2,5,top_action,top_action_fraction,logger2_heavy,1994,0.8139418254764292,0.38925122534604123,1.0,0.0,1.0,1.0,1.0,1.0,0.7968906720160481,0.8309929789368105,anchor_id,2000,21220,minus,,,,,,
primary_common_horizon,all,0.2,5,top_action,top_action_fraction,logger2_heavy,1994,0.03911735205616851,0.19392277954200732,0.0,0.0,0.0,0.0,0.0,1.0,0.031093279839518557,0.047642928786359076,anchor_id,2000,21221,base,,,,,,
primary_common_horizon,all,0.2,5,top_action,top_action_fraction,logger2_heavy,1994,0.14744232698094284,0.3546352485188457,0.0,0.0,0.0,0.0,1.0,1.0,0.13139418254764293,0.1629889669007021,anchor_id,2000,21222,plus,,,,,,
primary_common_horizon,all,0.2,5,top_action,top_action_fraction,do,1994,0.8154463390170511,0.38803236758441106,1.0,0.0,1.0,1.0,1.0,1.0,0.7973921765295887,0.8324974924774323,anchor_id,2000,21300,minus,,,,,,
primary_common_horizon,all,0.2,5,top_action,top_action_fraction,do,1994,0.037111334002006016,0.18908202634393337,0.0,0.0,0.0,0.0,0.0,1.0,0.028585757271815445,0.04563691073219659,anchor_id,2000,21301,base,,,,,,
primary_common_horizon,all,0.2,5,top_action,top_action_fraction,do,1994,0.14744232698094284,0.3546352485188457,0.0,0.0,0.0,0.0,1.0,1.0,0.13239719157472418,0.16349047141424272,anchor_id,2000,21302,plus,,,,,,
primary_common_horizon,all,0.2,5,decision_scale,balanced_error_over_action_range,logger12_balanced,1994,0.36296989298943355,,,,,,,,0.3567794245691008,0.37192811372136003,anchor_id,2000,21400,,0.014211843375883429,0.03915433111775238,True,2000,,
primary_common_horizon,all,0.2,5,decision_scale,balanced_error_over_top_second_margin,logger12_balanced,1994,0.7483055251676133,,,,,,,,0.7329314119966382,0.7678934036517562,anchor_id,2000,21401,,0.014211843375883429,0.018992033197536676,True,2000,1994,
secondary_per_horizon,all,0.2,5,long_horizon,absolute_initial_u_return_effect,none,2047,0.04010808676746866,0.043135159490730664,0.030709502337843492,0.011485171642321806,0.01922031276849771,0.04929553363869813,0.07701622754627487,1.2851418337700065,0.038339939120432084,0.042048605006252605,anchor_id,2000,121000,,,,,,,
secondary_per_horizon,all,0.2,5,long_horizon,balanced_do_error,logger12_balanced,2047,0.007953393358020725,0.008528754384631953,0.006097333302696721,0.002382329938120146,0.003907836711745993,0.00970678706556279,0.015035790172249838,0.25796933705433805,0.00760311878816945,0.008342268841196876,anchor_id,2000,121001,,,,,,,
secondary_per_horizon,all,0.2,5,long_horizon,heavy_mixture_drift,none,2047,0.0041239817411958405,0.004422317088327677,0.0031615802310274907,0.0012352821901354598,0.002026285702386647,0.0050331488488097875,0.007796335644869975,0.13376187847262008,0.003947683703852976,0.004321439644377179,anchor_id,2000,121002,,,,,,,
secondary_per_horizon,all,0.2,5,long_horizon,do_action_range,none,2047,0.03919232620849326,0.042893542365172226,0.030246299390523035,0.01006786497034611,0.018487319869127994,0.0484277309716612,0.07524205431199606,1.2848898957145742,0.0374877362513351,0.04114247039470444,anchor_id,2000,121003,,,,,,,
secondary_per_horizon,all,0.2,5,long_horizon,do_top_second_margin,none,2047,0.019009443584267965,0.021897840760242735,0.014835619825298352,0.004064369804932255,0.008755387406144344,0.023185782476176975,0.03669482315657789,0.638972253823443,0.01816306597473032,0.020021691912504015,anchor_id,2000,121004,,,,,,,
secondary_per_horizon,all,0.2,5,long_horizon,max_balanced_do_error,logger12_balanced,2047,0.014200685002467744,0.020229308674059723,0.010733851993858678,0.0047963697438468955,0.007168525581970897,0.016656013629814836,0.02620558793675727,0.7724209742958799,0.013490686538341129,0.015201611402015657,anchor_id,2000,121005,,,,,,,
secondary_per_horizon,all,0.2,5,long_horizon,balanced_survival_difference_abs,logger12_balanced,2047,0.0,0.0,0.0,0.0,0.0,0.0,0.0,0.0,0.0,0.0,anchor_id,2000,121006,,,,,,,
secondary_per_horizon,all,0.2,5,long_horizon,balanced_termination_difference_abs,logger12_balanced,2047,0.0,0.0,0.0,0.0,0.0,0.0,0.0,0.0,0.0,0.0,anchor_id,2000,121007,,,,,,,
secondary_per_horizon,all,0.2,5,long_horizon,balanced_restricted_time_difference_abs,logger12_balanced,2047,2.4425989252565072e-05,0.0011051241842563412,0.0,0.0,0.0,0.0,0.0,0.05000000000000012,7.231545511318394e-20,7.327796775769479e-05,anchor_id,2000,121008,,,,,,,
secondary_per_horizon,all,0.2,5,long_horizon,balanced_future_clipping_rate,logger12_balanced,2047,0.07515384980730608,0.1433473286085886,0.0,0.0,0.0,0.10026041666666666,0.3048958333333338,1.0,0.06917654307794605,0.0812333979604299,anchor_id,2000,121009,,,,,,,
secondary_per_horizon,all,0.2,5,long_horizon,balanced_vs_do_top_set_disagreement,logger12_balanced,2047,0.009770395701025891,0.09838528231467628,0.0,0.0,0.0,0.0,0.0,1.0,0.00537371763556424,0.014167073766487542,anchor_id,2000,121010,,,,,,,
secondary_per_horizon,all,0.2,5,long_horizon,balanced_vs_do_strict_disagreement,logger12_balanced,2047,0.009770395701025891,0.09838528231467628,0.0,0.0,0.0,0.0,0.0,1.0,0.005862237420615535,0.014167073766487542,anchor_id,2000,121011,,,,,,,
secondary_per_horizon,all,0.2,5,long_horizon,heavy_top_set_disagreement,none,2047,0.00537371763556424,0.07312628208101099,0.0,0.0,0.0,0.0,0.0,1.0,0.002442598925256473,0.008793356130923302,anchor_id,2000,121012,,,,,,,
secondary_per_horizon,all,0.2,5,long_horizon,heavy_strict_disagreement,none,2047,0.004396678065461651,0.06617769075283403,0.0,0.0,0.0,0.0,0.0,1.0,0.0019540791402051783,0.0073277967757694185,anchor_id,2000,121013,,,,,,,
secondary_per_horizon,all,0.2,5,decision_regret,decision_regret_best,logger1_heavy,2047,1.57633711809795e-05,0.00020114203499039748,0.0,0.0,0.0,0.0,0.0,0.004139821215913386,7.842810060717444e-06,2.5833088499896506e-05,anchor_id,2000,121100,,,,,,,
secondary_per_horizon,all,0.2,5,decision_regret,decision_regret_worst,logger1_heavy,2047,1.620596344179401e-05,0.00020210180721214738,0.0,0.0,0.0,0.0,0.0,0.004139821215913386,8.245675464865525e-06,2.6100269160497358e-05,anchor_id,2000,121101,,,,,,,
secondary_per_horizon,all,0.2,5,top_action,top_action_fraction,logger1_heavy,2047,0.8163165608207132,0.3873204354040939,1.0,0.0,1.0,1.0,1.0,1.0,0.7982413287738154,0.8324377137274059,anchor_id,2000,121200,minus,,,,,,
secondary_per_horizon,all,0.2,5,top_action,top_action_fraction,logger1_heavy,2047,0.040058622374206154,0.1961446502825526,0.0,0.0,0.0,0.0,0.0,1.0,0.03175378602833415,0.048851978505129456,anchor_id,2000,121201,base,,,,,,
secondary_per_horizon,all,0.2,5,top_action,top_action_fraction,logger1_heavy,2047,0.1441133365901319,0.35129043336776783,0.0,0.0,0.0,0.0,1.0,1.0,0.12945774303859306,0.15878114313629696,anchor_id,2000,121202,plus,,,,,,
secondary_per_horizon,all,0.2,5,decision_regret,decision_regret_best,logger12_balanced,2047,9.555388544735239e-06,0.00013617690607984113,0.0,0.0,0.0,0.0,0.0,0.0039619477517014445,4.193600836670141e-06,1.565647486756625e-05,anchor_id,2000,121110,,,,,,,
secondary_per_horizon,all,0.2,5,decision_regret,decision_regret_worst,logger12_balanced,2047,9.555388544735239e-06,0.00013617690607984113,0.0,0.0,0.0,0.0,0.0,0.0039619477517014445,4.198595796347453e-06,1.5974824849379653e-05,anchor_id,2000,121111,,,,,,,
secondary_per_horizon,all,0.2,5,top_action,top_action_fraction,logger12_balanced,2047,0.8172936003908158,0.386520057578063,1.0,0.0,1.0,1.0,1.0,1.0,0.8006717147044455,0.8339032730825598,anchor_id,2000,121210,minus,,,,,,
secondary_per_horizon,all,0.2,5,top_action,top_action_fraction,logger12_balanced,2047,0.038104543234000976,0.1914954341083209,0.0,0.0,0.0,0.0,0.0,1.0,0.02979970688812897,0.04689789936492428,anchor_id,2000,121211,base,,,,,,
secondary_per_horizon,all,0.2,5,top_action,top_action_fraction,logger12_balanced,2047,0.1446018563751832,0.35178489892115417,0.0,0.0,0.0,0.0,1.0,1.0,0.12994626282364435,0.15974596971177332,anchor_id,2000,121212,plus,,,,,,
secondary_per_horizon,all,0.2,5,decision_regret,decision_regret_best,logger2_heavy,2047,6.801107387564879e-06,0.00011712431318532946,0.0,0.0,0.0,0.0,0.0,0.0039619477517014445,2.4773114815160743e-06,1.2552381224369117e-05,anchor_id,2000,121120,,,,,,,
secondary_per_horizon,all,0.2,5,decision_regret,decision_regret_worst,logger2_heavy,2047,6.9923739118831615e-06,0.00011743247839239384,0.0,0.0,0.0,0.0,0.0,0.0039619477517014445,2.6362904551847327e-06,1.2898803521253235e-05,anchor_id,2000,121121,,,,,,,
secondary_per_horizon,all,0.2,5,top_action,top_action_fraction,logger2_heavy,2047,0.8182706399609184,0.38571554284588305,1.0,0.0,1.0,1.0,1.0,1.0,0.8016609672691744,0.8348803126526624,anchor_id,2000,121220,minus,,,,,,
secondary_per_horizon,all,0.2,5,top_action,top_action_fraction,logger2_heavy,2047,0.038104543234000976,0.1914954341083209,0.0,0.0,0.0,0.0,0.0,1.0,0.030288226673180263,0.04689789936492428,anchor_id,2000,121221,base,,,,,,
secondary_per_horizon,all,0.2,5,top_action,top_action_fraction,logger2_heavy,2047,0.1441133365901319,0.35129043336776783,0.0,0.0,0.0,0.0,1.0,1.0,0.12945774303859306,0.15925744992672203,anchor_id,2000,121222,plus,,,,,,
secondary_per_horizon,all,0.2,5,top_action,top_action_fraction,do,2047,0.8197361993160723,0.38450095720773064,1.0,0.0,1.0,1.0,1.0,1.0,0.802638006839277,0.835857352222765,anchor_id,2000,121300,minus,,,,,,
secondary_per_horizon,all,0.2,5,top_action,top_action_fraction,do,2047,0.0361504640937958,0.18671003762801633,0.0,0.0,0.0,0.0,0.0,1.0,0.028334147532975085,0.0449438202247191,anchor_id,2000,121301,base,,,,,,
secondary_per_horizon,all,0.2,5,top_action,top_action_fraction,do,2047,0.1441133365901319,0.3512904333677678,0.0,0.0,0.0,0.0,1.0,1.0,0.12945774303859306,0.15926966292134825,anchor_id,2000,121302,plus,,,,,,
secondary_per_horizon,all,0.2,5,decision_scale,balanced_error_over_action_range,logger12_balanced,2047,0.36233330287474375,,,,,,,,0.3563976431038564,0.3713204290468214,anchor_id,2000,121400,,0.014200685002467744,0.03919232620849326,True,2000,,
secondary_per_horizon,all,0.2,5,decision_scale,balanced_error_over_top_second_margin,logger12_balanced,2047,0.7470331753539644,,,,,,,,0.7323519441219704,0.7669368659944084,anchor_id,2000,121401,,0.014200685002467744,0.019009443584267965,True,2000,2047,
primary_common_horizon,all,0.2,20,long_horizon,absolute_initial_u_return_effect,none,1994,0.06197632787197315,0.10551266517379726,0.03113330413925297,0.00738540783901082,0.014629572336071206,0.06849416170543776,0.13257612907009508,1.3927035759803044,0.057479224858304555,0.0667317576305,anchor_id,2000,22000,,,,,,,
primary_common_horizon,all,0.2,20,long_horizon,balanced_do_error,logger12_balanced,1994,0.012316670764970046,0.02068417690609488,0.006308198897295725,0.0015229730114735202,0.002943123745107338,0.013706959463473703,0.02641366240228322,0.25794955356776583,0.01144902994931475,0.013249453451621759,anchor_id,2000,22001,,,,,,,
primary_common_horizon,all,0.2,20,long_horizon,heavy_mixture_drift,none,1994,0.006386421878132348,0.01072512876612345,0.0032709179467473133,0.0007896897096545767,0.0015260641641295554,0.007107312314394321,0.013695973097482295,0.13375162036847085,0.00591883487918799,0.006854106185408099,anchor_id,2000,22002,,,,,,,
primary_common_horizon,all,0.2,20,long_horizon,do_action_range,none,1994,0.06097148079304252,0.10347715191818843,0.030638304096182623,0.006935694506889689,0.013904055941750926,0.0679549153738428,0.132068312011409,1.2847908385760753,0.05676285793267948,0.06630081176511803,anchor_id,2000,22003,,,,,,,
primary_common_horizon,all,0.2,20,long_horizon,do_top_second_margin,none,1994,0.03057682207002398,0.05413505102478943,0.015118914102941972,0.002914164925070395,0.006743174769605176,0.03373721706242705,0.06815864225112665,0.7496002479083401,0.028366295204081064,0.032890279421839044,anchor_id,2000,22004,,,,,,,
primary_common_horizon,all,0.2,20,long_horizon,max_balanced_do_error,logger12_balanced,1994,0.02244965264305445,0.04128939325372573,0.01126378723191479,0.002853421649748356,0.005384317239245817,0.024073637568529094,0.04711190788944322,0.7723615819244714,0.020785488094127908,0.024453062841169094,anchor_id,2000,22005,,,,,,,
primary_common_horizon,all,0.2,20,long_horizon,balanced_survival_difference_abs,logger12_balanced,1994,1.4104814443330029e-05,0.000270740447498303,0.0,0.0,0.0,0.0,0.0,0.006250000000000015,4.701604814443318e-06,2.6642427281845603e-05,anchor_id,2000,22006,,,,,,,
primary_common_horizon,all,0.2,20,long_horizon,balanced_termination_difference_abs,logger12_balanced,1994,1.4104814443330013e-05,0.0002707404474983032,0.0,0.0,0.0,0.0,0.0,0.0062500000000000515,3.1344032096289123e-06,2.820962888666e-05,anchor_id,2000,22007,,,,,,,
primary_common_horizon,all,0.2,20,long_horizon,balanced_restricted_time_difference_abs,logger12_balanced,1994,0.00015201855566700099,0.0021533097723205543,0.0,0.0,0.0,0.0,0.0,0.05000000000000012,6.738966900702025e-05,0.00025702106318956856,anchor_id,2000,22008,,,,,,,
primary_common_horizon,all,0.2,20,long_horizon,balanced_future_clipping_rate,logger12_balanced,1994,0.12420509035429793,0.1619360087739058,0.04616228070175438,0.0,0.0,0.18952850877192984,0.40026864035087706,0.8148574561403509,0.11689373967894079,0.13118658188097956,anchor_id,2000,22009,,,,,,,
primary_common_horizon,all,0.2,20,long_horizon,balanced_vs_do_top_set_disagreement,logger12_balanced,1994,0.0160481444332999,0.12569218163793788,0.0,0.0,0.0,0.0,0.0,1.0,0.01053159478435306,0.022066198595787363,anchor_id,2000,22010,,,,,,,
primary_common_horizon,all,0.2,20,long_horizon,balanced_vs_do_strict_disagreement,logger12_balanced,1994,0.0160481444332999,0.12569218163793788,0.0,0.0,0.0,0.0,0.0,1.0,0.01053159478435306,0.022066198595787363,anchor_id,2000,22011,,,,,,,
primary_common_horizon,all,0.2,20,long_horizon,heavy_top_set_disagreement,none,1994,0.004513540621865597,0.06704791605910766,0.0,0.0,0.0,0.0,0.0,1.0,0.0020060180541624875,0.007522567703109328,anchor_id,2000,22012,,,,,,,
primary_common_horizon,all,0.2,20,long_horizon,heavy_strict_disagreement,none,1994,0.004513540621865597,0.06704791605910766,0.0,0.0,0.0,0.0,0.0,1.0,0.0020060180541624875,0.007522567703109328,anchor_id,2000,22013,,,,,,,
primary_common_horizon,all,0.2,20,decision_regret,decision_regret_best,logger1_heavy,1994,3.852997994281786e-05,0.0006328209966041765,0.0,0.0,0.0,0.0,0.0,0.018572485122390958,1.5130678106905286e-05,7.11285334285745e-05,anchor_id,2000,22100,,,,,,,
primary_common_horizon,all,0.2,20,decision_regret,decision_regret_worst,logger1_heavy,1994,3.852997994281786e-05,0.0006328209966041765,0.0,0.0,0.0,0.0,0.0,0.018572485122390958,1.4449899286379038e-05,6.897813753408071e-05,anchor_id,2000,22101,,,,,,,
primary_common_horizon,all,0.2,20,top_action,top_action_fraction,logger1_heavy,1994,0.724172517552658,0.44704239899558745,1.0,0.0,0.0,1.0,1.0,1.0,0.7040997993981947,0.7432296890672017,anchor_id,2000,22200,minus,,,,,,
primary_common_horizon,all,0.2,20,top_action,top_action_fraction,logger1_heavy,1994,0.028585757271815445,0.16668096719373662,0.0,0.0,0.0,0.0,0.0,1.0,0.021552156469408223,0.03610832497492478,anchor_id,2000,22201,base,,,,,,
primary_common_horizon,all,0.2,20,top_action,top_action_fraction,logger1_heavy,1994,0.2472417251755266,0.43151667172561564,0.0,0.0,0.0,0.0,1.0,1.0,0.22868605817452356,0.26681293881644924,anchor_id,2000,22202,plus,,,,,,
primary_common_horizon,all,0.2,20,decision_regret,decision_regret_best,logger12_balanced,1994,3.386913379631224e-05,0.0006032574005921373,0.0,0.0,0.0,0.0,0.0,0.018572485122390958,1.2488434396670525e-05,6.351379035567449e-05,anchor_id,2000,22110,,,,,,,
primary_common_horizon,all,0.2,20,decision_regret,decision_regret_worst,logger12_balanced,1994,3.386913379631224e-05,0.0006032574005921373,0.0,0.0,0.0,0.0,0.0,0.018572485122390958,1.1614634718038944e-05,6.273619906285255e-05,anchor_id,2000,22111,,,,,,,
primary_common_horizon,all,0.2,20,top_action,top_action_fraction,logger12_balanced,1994,0.724172517552658,0.44704239899558745,1.0,0.0,0.0,1.0,1.0,1.0,0.7046013039117353,0.7442326980942828,anchor_id,2000,22210,minus,,,,,,
primary_common_horizon,all,0.2,20,top_action,top_action_fraction,logger12_balanced,1994,0.028585757271815445,0.1666809671937366,0.0,0.0,0.0,0.0,0.0,1.0,0.022066198595787363,0.03560682046138415,anchor_id,2000,22211,base,,,,,,
primary_common_horizon,all,0.2,20,top_action,top_action_fraction,logger12_balanced,1994,0.2472417251755266,0.43151667172561564,0.0,0.0,0.0,0.0,1.0,1.0,0.22668004012036108,0.26529588766298895,anchor_id,2000,22212,plus,,,,,,
primary_common_horizon,all,0.2,20,decision_regret,decision_regret_best,logger2_heavy,1994,2.8963760612512885e-05,0.0005942894885600541,0.0,0.0,0.0,0.0,0.0,0.018572485122390958,8.160493303191271e-06,5.8049312279011155e-05,anchor_id,2000,22120,,,,,,,
primary_common_horizon,all,0.2,20,decision_regret,decision_regret_worst,logger2_heavy,1994,2.8963760612512885e-05,0.0005942894885600541,0.0,0.0,0.0,0.0,0.0,0.018572485122390958,8.388648154618495e-06,5.9042385175288333e-05,anchor_id,2000,22121,,,,,,,
primary_common_horizon,all,0.2,20,top_action,top_action_fraction,logger2_heavy,1994,0.7246740220661986,0.4467904374420241,1.0,0.0,0.0,1.0,1.0,1.0,0.7036108324974925,0.7437311935807422,anchor_id,2000,22220,minus,,,,,,
primary_common_horizon,all,0.2,20,top_action,top_action_fraction,logger2_heavy,1994,0.02708124373119358,0.16236092560968815,0.0,0.0,0.0,0.0,0.0,1.0,0.020060180541624874,0.03460381143430291,anchor_id,2000,22221,base,,,,,,
primary_common_horizon,all,0.2,20,top_action,top_action_fraction,logger2_heavy,1994,0.24824473420260781,0.43210290848033484,0.0,0.0,0.0,0.0,1.0,1.0,0.22818455366098295,0.2678034102306921,anchor_id,2000,22222,plus,,,,,,
primary_common_horizon,all,0.2,20,top_action,top_action_fraction,do,1994,0.7261785356068204,0.44603031383941255,1.0,0.0,0.0,1.0,1.0,1.0,0.7066198595787362,0.7462387161484454,anchor_id,2000,22300,minus,,,,,,
primary_common_horizon,all,0.2,20,top_action,top_action_fraction,do,1994,0.02457372116349047,0.15486084209037407,0.0,0.0,0.0,0.0,0.0,1.0,0.01805416248746239,0.03159478435305918,anchor_id,2000,22301,base,,,,,,
primary_common_horizon,all,0.2,20,top_action,top_action_fraction,do,1994,0.24924774322968907,0.4326860247262432,0.0,0.0,0.0,0.0,1.0,1.0,0.23019057171514543,0.2683049147442327,anchor_id,2000,22302,plus,,,,,,
primary_common_horizon,all,0.2,20,decision_scale,balanced_error_over_action_range,logger12_balanced,1994,0.3681992359551843,,,,,,,,0.36076298052361283,0.37646139150147634,anchor_id,2000,22400,,0.02244965264305445,0.06097148079304252,True,2000,,
primary_common_horizon,all,0.2,20,decision_scale,balanced_error_over_top_second_margin,logger12_balanced,1994,0.7342049017272789,,,,,,,,0.7160069822169298,0.756083552372511,anchor_id,2000,22401,,0.02244965264305445,0.03057682207002398,True,2000,1994,
secondary_per_horizon,all,0.2,20,long_horizon,absolute_initial_u_return_effect,none,2026,0.06180621378721787,0.10500024158454527,0.03104498083093077,0.007430359069310555,0.014612005131131886,0.06857885982559964,0.1324241620348682,1.3927035759803044,0.05737784254629362,0.06690449111213811,anchor_id,2000,122000,,,,,,,
secondary_per_horizon,all,0.2,20,long_horizon,balanced_do_error,logger12_balanced,2026,0.012284237980891776,0.020583448567360014,0.006254086395182175,0.0015386600048472587,0.0029389567149156193,0.01373921075763107,0.02635371803063317,0.25794955356776583,0.011414028348327986,0.01321890541595777,anchor_id,2000,122001,,,,,,,
secondary_per_horizon,all,0.2,20,long_horizon,heavy_mixture_drift,none,2026,0.006369604878980658,0.010672899257149811,0.0032428596123151485,0.0007978237062159128,0.001523903481810862,0.007124035207661213,0.013664890830697846,0.13375162036847085,0.005929669513612693,0.006854959801276308,anchor_id,2000,122002,,,,,,,
secondary_per_horizon,all,0.2,20,long_horizon,do_action_range,none,2026,0.060812155383992,0.10297505712206124,0.030507947640735722,0.006954172566535632,0.013879696832425736,0.06838539667017507,0.13176859015317888,1.2847908385760753,0.05646230415375328,0.06525211784145939,anchor_id,2000,122003,,,,,,,
secondary_per_horizon,all,0.2,20,long_horizon,do_top_second_margin,none,2026,0.030498178520757823,0.05387095735560463,0.015054835450619919,0.0029645842477918904,0.006710065155891343,0.03381861466376179,0.06742083210186323,0.7496002479083401,0.028206647256964874,0.03298144372624011,anchor_id,2000,122004,,,,,,,
secondary_per_horizon,all,0.2,20,long_horizon,max_balanced_do_error,logger12_balanced,2026,0.02238169642682755,0.04104742418178185,0.011229806408639575,0.002885547765171026,0.005376599327627574,0.024259138055812812,0.046363842159856006,0.7723615819244714,0.020717676968193124,0.024251419921247654,anchor_id,2000,122005,,,,,,,
secondary_per_horizon,all,0.2,20,long_horizon,balanced_survival_difference_abs,logger12_balanced,2026,1.3882033563672299e-05,0.00026859850509867983,0.0,0.0,0.0,0.0,0.0,0.006250000000000015,3.0848963474827866e-06,2.62601801579466e-05,anchor_id,2000,122006,,,,,,,
secondary_per_horizon,all,0.2,20,long_horizon,balanced_termination_difference_abs,logger12_balanced,2026,1.3882033563672283e-05,0.00026859850509868,0.0,0.0,0.0,0.0,0.0,0.0062500000000000515,3.0848963474827273e-06,2.6260180157946608e-05,anchor_id,2000,122007,,,,,,,
secondary_per_horizon,all,0.2,20,long_horizon,balanced_restricted_time_difference_abs,logger12_balanced,2026,0.00014961747285291213,0.0021363123388578407,0.0,0.0,0.0,0.0,0.0,0.05000000000000012,6.628671026653371e-05,0.00024987660414609936,anchor_id,2000,122008,,,,,,,
secondary_per_horizon,all,0.2,20,long_horizon,balanced_future_clipping_rate,logger12_balanced,2026,0.12359866394320149,0.16141505258609232,0.04569627192982456,0.0,0.0,0.18908991228070177,0.3993969298245613,0.8148574561403509,0.11692414964634085,0.13093700454985877,anchor_id,2000,122009,,,,,,,
secondary_per_horizon,all,0.2,20,long_horizon,balanced_vs_do_top_set_disagreement,logger12_balanced,2026,0.01579466929911155,0.12471116374123468,0.0,0.0,0.0,0.0,0.0,1.0,0.010365251727541954,0.02171767028627838,anchor_id,2000,122010,,,,,,,
secondary_per_horizon,all,0.2,20,long_horizon,balanced_vs_do_strict_disagreement,logger12_balanced,2026,0.01579466929911155,0.12471116374123468,0.0,0.0,0.0,0.0,0.0,1.0,0.010365251727541954,0.02171767028627838,anchor_id,2000,122011,,,,,,,
secondary_per_horizon,all,0.2,20,long_horizon,heavy_top_set_disagreement,none,2026,0.004442250740375123,0.06651842682911671,0.0,0.0,0.0,0.0,0.0,1.0,0.0014807502467917078,0.007416090819348403,anchor_id,2000,122012,,,,,,,
secondary_per_horizon,all,0.2,20,long_horizon,heavy_strict_disagreement,none,2026,0.004442250740375123,0.06651842682911671,0.0,0.0,0.0,0.0,0.0,1.0,0.0019743336623889436,0.007897334649555774,anchor_id,2000,122013,,,,,,,
secondary_per_horizon,all,0.2,20,decision_regret,decision_regret_best,logger1_heavy,2026,3.792141165151965e-05,0.000627819407134727,0.0,0.0,0.0,0.0,0.0,0.018572485122390958,1.497394892500086e-05,6.765602614629145e-05,anchor_id,2000,122100,,,,,,,
secondary_per_horizon,all,0.2,20,decision_regret,decision_regret_worst,logger1_heavy,2026,3.792141165151965e-05,0.000627819407134727,0.0,0.0,0.0,0.0,0.0,0.018572485122390958,1.4494111352458333e-05,6.920985084273262e-05,anchor_id,2000,122101,,,,,,,
secondary_per_horizon,all,0.2,20,top_action,top_action_fraction,logger1_heavy,2026,0.7265547877591313,0.44583745718746765,1.0,0.0,0.0,1.0,1.0,1.0,0.7068114511352419,0.7453109575518263,anchor_id,2000,122200,minus,,,,,,
secondary_per_horizon,all,0.2,20,top_action,top_action_fraction,logger1_heavy,2026,0.02813425468904245,0.16539716133937502,0.0,0.0,0.0,0.0,0.0,1.0,0.021224086870681145,0.035538005923000986,anchor_id,2000,122201,base,,,,,,
secondary_per_horizon,all,0.2,20,top_action,top_action_fraction,logger1_heavy,2026,0.24531095755182625,0.4303776430105653,0.0,0.0,0.0,0.0,1.0,1.0,0.2265547877591313,0.263573543928924,anchor_id,2000,122202,plus,,,,,,
secondary_per_horizon,all,0.2,20,decision_regret,decision_regret_best,logger12_balanced,2026,3.333418202855213e-05,0.0005984868468266632,0.0,0.0,0.0,0.0,0.0,0.018572485122390958,1.147419592263183e-05,6.203282202531985e-05,anchor_id,2000,122110,,,,,,,
secondary_per_horizon,all,0.2,20,decision_regret,decision_regret_worst,logger12_balanced,2026,3.333418202855213e-05,0.0005984868468266632,0.0,0.0,0.0,0.0,0.0,0.018572485122390958,1.2339809158817788e-05,6.406559155475819e-05,anchor_id,2000,122111,,,,,,,
secondary_per_horizon,all,0.2,20,top_action,top_action_fraction,logger12_balanced,2026,0.7265547877591313,0.44583745718746765,1.0,0.0,0.0,1.0,1.0,1.0,0.7072926949654491,0.7458045409674235,anchor_id,2000,122210,minus,,,,,,
secondary_per_horizon,all,0.2,20,top_action,top_action_fraction,logger12_balanced,2026,0.02813425468904245,0.16539716133937502,0.0,0.0,0.0,0.0,0.0,1.0,0.021224086870681145,0.03504442250740375,anchor_id,2000,122211,base,,,,,,
secondary_per_horizon,all,0.2,20,top_action,top_action_fraction,logger12_balanced,2026,0.24531095755182625,0.4303776430105653,0.0,0.0,0.0,0.0,1.0,1.0,0.22604886475814412,0.2650542941757157,anchor_id,2000,122212,plus,,,,,,
secondary_per_horizon,all,0.2,20,decision_regret,decision_regret_best,logger2_heavy,2026,2.8506287591979614e-05,0.0005895862341683793,0.0,0.0,0.0,0.0,0.0,0.018572485122390958,8.179471004355687e-06,5.695154246354709e-05,anchor_id,2000,122120,,,,,,,
secondary_per_horizon,all,0.2,20,decision_regret,decision_regret_worst,logger2_heavy,2026,2.8506287591979614e-05,0.0005895862341683793,0.0,0.0,0.0,0.0,0.0,0.018572485122390958,8.123374396626232e-06,5.690231782668912e-05,anchor_id,2000,122121,,,,,,,
secondary_per_horizon,all,0.2,20,top_action,top_action_fraction,logger2_heavy,2026,0.7270483711747285,0.44558617199304973,1.0,0.0,0.0,1.0,1.0,1.0,0.7087857847976308,0.7472852912142152,anchor_id,2000,122220,minus,,,,,,
secondary_per_horizon,all,0.2,20,top_action,top_action_fraction,logger2_heavy,2026,0.02665350444225074,0.16110836895768837,0.0,0.0,0.0,0.0,0.0,1.0,0.019743336623889437,0.033070088845014806,anchor_id,2000,122221,base,,,,,,
secondary_per_horizon,all,0.2,20,top_action,top_action_fraction,logger2_heavy,2026,0.24629812438302073,0.43096058995029635,0.0,0.0,0.0,0.0,1.0,1.0,0.22704837117472854,0.2645730503455083,anchor_id,2000,122222,plus,,,,,,
secondary_per_horizon,all,0.2,20,top_action,top_action_fraction,do,2026,0.7285291214215203,0.44482817699956756,1.0,0.0,0.0,1.0,1.0,1.0,0.7092670286278381,0.7477788746298124,anchor_id,2000,122300,minus,,,,,,
secondary_per_horizon,all,0.2,20,top_action,top_action_fraction,do,2026,0.02418558736426456,0.15366294077454717,0.0,0.0,0.0,0.0,0.0,1.0,0.017769002961500493,0.031095755182625865,anchor_id,2000,122301,base,,,,,,
secondary_per_horizon,all,0.2,20,top_action,top_action_fraction,do,2026,0.2472852912142152,0.43154049012591245,0.0,0.0,0.0,0.0,1.0,1.0,0.22902270483711748,0.2660414610069102,anchor_id,2000,122302,plus,,,,,,
secondary_per_horizon,all,0.2,20,decision_scale,balanced_error_over_action_range,logger12_balanced,2026,0.36804642567757495,,,,,,,,0.3603044317535646,0.37622905013464514,anchor_id,2000,122400,,0.02238169642682755,0.060812155383992,True,2000,,
secondary_per_horizon,all,0.2,20,decision_scale,balanced_error_over_top_second_margin,logger12_balanced,2026,0.7338699395307824,,,,,,,,0.714830362454093,0.7553455982569887,anchor_id,2000,122401,,0.02238169642682755,0.030498178520757823,True,2000,2026,
primary_common_horizon,all,0.2,50,long_horizon,absolute_initial_u_return_effect,none,1994,0.12289918858454583,0.3432785152610644,0.025715981761948115,0.005289126789964863,0.010183528242121062,0.08029001946996554,0.27048213044917063,4.712665395714765,0.10898235625598239,0.1384902217998546,anchor_id,2000,23000,,,,,,,
primary_common_horizon,all,0.2,50,long_horizon,balanced_do_error,logger12_balanced,1994,0.024161756130288092,0.06572165669827823,0.005130975558254628,0.001075320614979584,0.0020149956044785236,0.01589820702649547,0.05564618316583157,0.8506781989892053,0.021473998523935504,0.02712014128523673,anchor_id,2000,23001,,,,,,,
primary_common_horizon,all,0.2,50,long_horizon,heavy_mixture_drift,none,1994,0.012528317993482333,0.034077896065774244,0.0026605058450239008,0.0005575736522123028,0.0010448125356508815,0.008243514754476895,0.02885357645635576,0.441092399475887,0.011056518283137185,0.014077939630996994,anchor_id,2000,23002,,,,,,,
primary_common_horizon,all,0.2,50,long_horizon,do_action_range,none,1994,0.12011830104865916,0.3316228784096259,0.025272182122208164,0.004951220402793411,0.009758608475234354,0.0770371741907141,0.27090216997142147,4.253390994945988,0.10640914793356746,0.13471655083903514,anchor_id,2000,23003,,,,,,,
primary_common_horizon,all,0.2,50,long_horizon,do_top_second_margin,none,1994,0.060773533225793215,0.17277298694574506,0.012277630517992577,0.00195687548873309,0.004158189590842909,0.03592031635731274,0.13651094359327232,2.2653254178248687,0.05349610734724883,0.06843689932147573,anchor_id,2000,23004,,,,,,,
primary_common_horizon,all,0.2,50,long_horizon,max_balanced_do_error,logger12_balanced,1994,0.04775499839139378,0.13879027213343365,0.009673610462101578,0.00204367282216964,0.004029408531177836,0.0302459598274325,0.10324369474700393,2.2830486894897604,0.041800084101998106,0.05360973489635273,anchor_id,2000,23005,,,,,,,
primary_common_horizon,all,0.2,50,long_horizon,balanced_survival_difference_abs,logger12_balanced,1994,0.00018649699097291885,0.0020834749375971766,0.0,0.0,0.0,0.0,0.0,0.0625,0.00010500250752256783,0.00028526987211634897,anchor_id,2000,23006,,,,,,,
primary_common_horizon,all,0.2,50,long_horizon,balanced_termination_difference_abs,logger12_balanced,1994,0.0001864969909729187,0.002083474937597176,0.0,0.0,0.0,0.0,0.0,0.0625,0.0001065697091273821,0.0002868370737211634,anchor_id,2000,23007,,,,,,,
primary_common_horizon,all,0.2,50,long_horizon,balanced_restricted_time_difference_abs,logger12_balanced,1994,0.002592151454363096,0.01876097611056805,0.0,0.0,0.0,0.0,0.0,0.32500000000000046,0.0018069442703109219,0.003454112337011036,anchor_id,2000,23008,,,,,,,
primary_common_horizon,all,0.2,50,long_horizon,balanced_future_clipping_rate,logger12_balanced,1994,0.17858814400243211,0.11216148207583723,0.19378188775510202,0.026579506802721097,0.07526573129251701,0.2659598214285714,0.3203125,0.48252688172043007,0.1737634891714564,0.1834277401498465,anchor_id,2000,23009,,,,,,,
primary_common_horizon,all,0.2,50,long_horizon,balanced_vs_do_top_set_disagreement,logger12_balanced,1994,0.02708124373119358,0.16236092560968815,0.0,0.0,0.0,0.0,0.0,1.0,0.020060180541624874,0.03460381143430291,anchor_id,2000,23010,,,,,,,
primary_common_horizon,all,0.2,50,long_horizon,balanced_vs_do_strict_disagreement,logger12_balanced,1994,0.026078234704112337,0.15940797991916766,0.0,0.0,0.0,0.0,0.0,1.0,0.019546138415245738,0.033099297893681046,anchor_id,2000,23011,,,,,,,
primary_common_horizon,all,0.2,50,long_horizon,heavy_top_set_disagreement,none,1994,0.011033099297893681,0.1044837062165666,0.0,0.0,0.0,0.0,0.0,1.0,0.007021063189568706,0.0160481444332999,anchor_id,2000,23012,,,,,,,
primary_common_horizon,all,0.2,50,long_horizon,heavy_strict_disagreement,none,1994,0.009528585757271816,0.09717266735450189,0.0,0.0,0.0,0.0,0.0,1.0,0.005516549648946841,0.014042126379137413,anchor_id,2000,23013,,,,,,,
primary_common_horizon,all,0.2,50,decision_regret,decision_regret_best,logger1_heavy,1994,0.00042662950453607393,0.012850914906988318,0.0,0.0,0.0,0.0,0.0,0.5663590916056478,7.629105933813936e-05,0.001052743932108277,anchor_id,2000,23100,,,,,,,
primary_common_horizon,all,0.2,50,decision_regret,decision_regret_worst,logger1_heavy,1994,0.00042662950453607393,0.012850914906988318,0.0,0.0,0.0,0.0,0.0,0.5663590916056478,7.753427893535416e-05,0.001044363477305893,anchor_id,2000,23101,,,,,,,
primary_common_horizon,all,0.2,50,top_action,top_action_fraction,logger1_heavy,1994,0.6283851554663992,0.48335744596758207,1.0,0.0,0.0,1.0,1.0,1.0,0.6083124373119358,0.6504513540621866,anchor_id,2000,23200,minus,,,,,,
primary_common_horizon,all,0.2,50,top_action,top_action_fraction,logger1_heavy,1994,0.051654964894684054,0.2213849789146395,0.0,0.0,0.0,0.0,0.0,1.0,0.04262788365095286,0.06168505516549649,anchor_id,2000,23201,base,,,,,,
primary_common_horizon,all,0.2,50,top_action,top_action_fraction,logger1_heavy,1994,0.31995987963891676,0.4665776783666473,0.0,0.0,0.0,1.0,1.0,1.0,0.29989969909729186,0.3410230692076229,anchor_id,2000,23202,plus,,,,,,
primary_common_horizon,all,0.2,50,decision_regret,decision_regret_best,logger12_balanced,1994,0.0003881109583307559,0.012823503401297036,0.0,0.0,0.0,0.0,0.0,0.5663590916056478,4.6898840302452774e-05,0.0010055226202829344,anchor_id,2000,23110,,,,,,,
primary_common_horizon,all,0.2,50,decision_regret,decision_regret_worst,logger12_balanced,1994,0.0003893433482807656,0.012823580009427122,0.0,0.0,0.0,0.0,0.0,0.5663590916056478,4.5869468243778194e-05,0.000997301323281779,anchor_id,2000,23111,,,,,,,
primary_common_horizon,all,0.2,50,top_action,top_action_fraction,logger12_balanced,1994,0.6263791374122367,0.4838860803657813,1.0,0.0,0.0,1.0,1.0,1.0,0.6048019057171515,0.6474548645937813,anchor_id,2000,23210,minus,,,,,,
primary_common_horizon,all,0.2,50,top_action,top_action_fraction,logger12_balanced,1994,0.05366098294884654,0.22540399681119525,0.0,0.0,0.0,0.0,0.0,1.0,0.04411985957873621,0.06318956870611836,anchor_id,2000,23211,base,,,,,,
primary_common_horizon,all,0.2,50,top_action,top_action_fraction,logger12_balanced,1994,0.320962888665998,0.4669636692143857,0.0,0.0,0.0,1.0,1.0,1.0,0.30090270812437314,0.3415245737211635,anchor_id,2000,23212,plus,,,,,,
primary_common_horizon,all,0.2,50,decision_regret,decision_regret_best,logger2_heavy,1994,9.86706900636387e-05,0.0019046499510791753,0.0,0.0,0.0,0.0,0.0,0.062914266351072,3.06783116646772e-05,0.0001934057151313227,anchor_id,2000,23120,,,,,,,
primary_common_horizon,all,0.2,50,decision_regret,decision_regret_worst,logger2_heavy,1994,0.00010062928132542643,0.0019058170259436931,0.0,0.0,0.0,0.0,0.0,0.062914266351072,3.199694513826086e-05,0.00019625979987953165,anchor_id,2000,23121,,,,,,,
primary_common_horizon,all,0.2,50,top_action,top_action_fraction,logger2_heavy,1994,0.6258776328986961,0.4840168490422233,1.0,0.0,0.0,1.0,1.0,1.0,0.6053159478435306,0.6464393179538616,anchor_id,2000,23220,minus,,,,,,
primary_common_horizon,all,0.2,50,top_action,top_action_fraction,logger2_heavy,1994,0.055165496489468405,0.2283602792806033,0.0,0.0,0.0,0.0,0.0,1.0,0.04513540621865597,0.06569709127382146,anchor_id,2000,23221,base,,,,,,
primary_common_horizon,all,0.2,50,top_action,top_action_fraction,logger2_heavy,1994,0.3204613841524574,0.4667709832359533,0.0,0.0,0.0,1.0,1.0,1.0,0.2998871614844533,0.3410230692076229,anchor_id,2000,23222,plus,,,,,,
primary_common_horizon,all,0.2,50,top_action,top_action_fraction,do,1994,0.6178535606820461,0.4860339578140388,1.0,0.0,0.0,1.0,1.0,1.0,0.59679037111334,0.6394182547642929,anchor_id,2000,23300,minus,,,,,,
primary_common_horizon,all,0.2,50,top_action,top_action_fraction,do,1994,0.06469408224674023,0.24604698455827706,0.0,0.0,0.0,0.0,0.0,1.0,0.05416248746238716,0.0757271815446339,anchor_id,2000,23301,base,,,,,,
primary_common_horizon,all,0.2,50,top_action,top_action_fraction,do,1994,0.31745235707121366,0.46560184359128726,0.0,0.0,0.0,1.0,1.0,1.0,0.29638916750250754,0.3385155466399198,anchor_id,2000,23302,plus,,,,,,
primary_common_horizon,all,0.2,50,decision_scale,balanced_error_over_action_range,logger12_balanced,1994,0.3975663822621711,,,,,,,,0.38442155170000086,0.4108901827407067,anchor_id,2000,23400,,0.04775499839139378,0.12011830104865916,True,2000,,
primary_common_horizon,all,0.2,50,decision_scale,balanced_error_over_top_second_margin,logger12_balanced,1994,0.7857861120887707,,,,,,,,0.750696182963039,0.8234646355554718,anchor_id,2000,23401,,0.04775499839139378,0.060773533225793215,True,2000,1994,
secondary_per_horizon,all,0.2,50,long_horizon,absolute_initial_u_return_effect,none,1994,0.12289918858454583,0.3432785152610644,0.025715981761948115,0.005289126789964863,0.010183528242121062,0.08029001946996554,0.27048213044917063,4.712665395714765,0.10907198993267844,0.13842296354094674,anchor_id,2000,123000,,,,,,,
secondary_per_horizon,all,0.2,50,long_horizon,balanced_do_error,logger12_balanced,1994,0.024161756130288092,0.06572165669827823,0.005130975558254628,0.001075320614979584,0.0020149956044785236,0.01589820702649547,0.05564618316583157,0.8506781989892053,0.021560284968372326,0.02710704116898073,anchor_id,2000,123001,,,,,,,
secondary_per_horizon,all,0.2,50,long_horizon,heavy_mixture_drift,none,1994,0.012528317993482333,0.034077896065774244,0.0026605058450239008,0.0005575736522123028,0.0010448125356508815,0.008243514754476895,0.02885357645635576,0.441092399475887,0.01101191565411374,0.013937299258487364,anchor_id,2000,123002,,,,,,,
secondary_per_horizon,all,0.2,50,long_horizon,do_action_range,none,1994,0.12011830104865916,0.3316228784096259,0.025272182122208164,0.004951220402793411,0.009758608475234354,0.0770371741907141,0.27090216997142147,4.253390994945988,0.10673002225369137,0.13553589126897786,anchor_id,2000,123003,,,,,,,
secondary_per_horizon,all,0.2,50,long_horizon,do_top_second_margin,none,1994,0.060773533225793215,0.17277298694574506,0.012277630517992577,0.00195687548873309,0.004158189590842909,0.03592031635731274,0.13651094359327232,2.2653254178248687,0.05350245228516973,0.06849940448596718,anchor_id,2000,123004,,,,,,,
secondary_per_horizon,all,0.2,50,long_horizon,max_balanced_do_error,logger12_balanced,1994,0.04775499839139378,0.13879027213343365,0.009673610462101578,0.00204367282216964,0.004029408531177836,0.0302459598274325,0.10324369474700393,2.2830486894897604,0.04190434129072073,0.05395634517543289,anchor_id,2000,123005,,,,,,,
secondary_per_horizon,all,0.2,50,long_horizon,balanced_survival_difference_abs,logger12_balanced,1994,0.00018649699097291885,0.0020834749375971766,0.0,0.0,0.0,0.0,0.0,0.0625,0.0001050025075225678,0.000289932296890672,anchor_id,2000,123006,,,,,,,
secondary_per_horizon,all,0.2,50,long_horizon,balanced_termination_difference_abs,logger12_balanced,1994,0.0001864969909729187,0.002083474937597176,0.0,0.0,0.0,0.0,0.0,0.0625,0.00010656970912738216,0.0002852698721163489,anchor_id,2000,123007,,,,,,,
secondary_per_horizon,all,0.2,50,long_horizon,balanced_restricted_time_difference_abs,logger12_balanced,1994,0.002592151454363096,0.01876097611056805,0.0,0.0,0.0,0.0,0.0,0.32500000000000046,0.0017975018806419272,0.0034917643555667224,anchor_id,2000,123008,,,,,,,
secondary_per_horizon,all,0.2,50,long_horizon,balanced_future_clipping_rate,logger12_balanced,1994,0.17858814400243211,0.11216148207583723,0.19378188775510202,0.026579506802721097,0.07526573129251701,0.2659598214285714,0.3203125,0.48252688172043007,0.17377769297738666,0.18351161216925457,anchor_id,2000,123009,,,,,,,
secondary_per_horizon,all,0.2,50,long_horizon,balanced_vs_do_top_set_disagreement,logger12_balanced,1994,0.02708124373119358,0.16236092560968815,0.0,0.0,0.0,0.0,0.0,1.0,0.020060180541624874,0.034102306920762285,anchor_id,2000,123010,,,,,,,
secondary_per_horizon,all,0.2,50,long_horizon,balanced_vs_do_strict_disagreement,logger12_balanced,1994,0.026078234704112337,0.15940797991916766,0.0,0.0,0.0,0.0,0.0,1.0,0.01905717151454363,0.033600802407221665,anchor_id,2000,123011,,,,,,,
secondary_per_horizon,all,0.2,50,long_horizon,heavy_top_set_disagreement,none,1994,0.011033099297893681,0.1044837062165666,0.0,0.0,0.0,0.0,0.0,1.0,0.006519558676028084,0.015546639919759278,anchor_id,2000,123012,,,,,,,
secondary_per_horizon,all,0.2,50,long_horizon,heavy_strict_disagreement,none,1994,0.009528585757271816,0.09717266735450189,0.0,0.0,0.0,0.0,0.0,1.0,0.005516549648946841,0.014042126379137413,anchor_id,2000,123013,,,,,,,
secondary_per_horizon,all,0.2,50,decision_regret,decision_regret_best,logger1_heavy,1994,0.00042662950453607393,0.012850914906988318,0.0,0.0,0.0,0.0,0.0,0.5663590916056478,7.498491449817922e-05,0.0011310724619081238,anchor_id,2000,123100,,,,,,,
secondary_per_horizon,all,0.2,50,decision_regret,decision_regret_worst,logger1_heavy,1994,0.00042662950453607393,0.012850914906988318,0.0,0.0,0.0,0.0,0.0,0.5663590916056478,7.727764770565621e-05,0.0010738766159725278,anchor_id,2000,123101,,,,,,,
secondary_per_horizon,all,0.2,50,top_action,top_action_fraction,logger1_heavy,1994,0.6283851554663992,0.48335744596758207,1.0,0.0,0.0,1.0,1.0,1.0,0.6073094282848546,0.6489468405215647,anchor_id,2000,123200,minus,,,,,,
secondary_per_horizon,all,0.2,50,top_action,top_action_fraction,logger1_heavy,1994,0.051654964894684054,0.2213849789146395,0.0,0.0,0.0,0.0,0.0,1.0,0.04262788365095286,0.062186559679037114,anchor_id,2000,123201,base,,,,,,
secondary_per_horizon,all,0.2,50,top_action,top_action_fraction,logger1_heavy,1994,0.31995987963891676,0.4665776783666473,0.0,0.0,0.0,1.0,1.0,1.0,0.2993981945837513,0.3415245737211635,anchor_id,2000,123202,plus,,,,,,
secondary_per_horizon,all,0.2,50,decision_regret,decision_regret_best,logger12_balanced,1994,0.0003881109583307559,0.012823503401297036,0.0,0.0,0.0,0.0,0.0,0.5663590916056478,4.642876569729014e-05,0.0010241242433604554,anchor_id,2000,123110,,,,,,,
secondary_per_horizon,all,0.2,50,decision_regret,decision_regret_worst,logger12_balanced,1994,0.0003893433482807656,0.012823580009427122,0.0,0.0,0.0,0.0,0.0,0.5663590916056478,4.439924588001547e-05,0.0010060355875355152,anchor_id,2000,123111,,,,,,,
secondary_per_horizon,all,0.2,50,top_action,top_action_fraction,logger12_balanced,1994,0.6263791374122367,0.4838860803657813,1.0,0.0,0.0,1.0,1.0,1.0,0.60481444332999,0.6474548645937813,anchor_id,2000,123210,minus,,,,,,
secondary_per_horizon,all,0.2,50,top_action,top_action_fraction,logger12_balanced,1994,0.05366098294884654,0.22540399681119525,0.0,0.0,0.0,0.0,0.0,1.0,0.044132397191574725,0.06369107321965897,anchor_id,2000,123211,base,,,,,,
secondary_per_horizon,all,0.2,50,top_action,top_action_fraction,logger12_balanced,1994,0.320962888665998,0.4669636692143857,0.0,0.0,0.0,1.0,1.0,1.0,0.3004012036108325,0.3410230692076229,anchor_id,2000,123212,plus,,,,,,
secondary_per_horizon,all,0.2,50,decision_regret,decision_regret_best,logger2_heavy,1994,9.86706900636387e-05,0.0019046499510791753,0.0,0.0,0.0,0.0,0.0,0.062914266351072,2.946011710091312e-05,0.00019132192652429467,anchor_id,2000,123120,,,,,,,
secondary_per_horizon,all,0.2,50,decision_regret,decision_regret_worst,logger2_heavy,1994,0.00010062928132542643,0.0019058170259436931,0.0,0.0,0.0,0.0,0.0,0.062914266351072,3.156780044792939e-05,0.0001986607393320826,anchor_id,2000,123121,,,,,,,
secondary_per_horizon,all,0.2,50,top_action,top_action_fraction,logger2_heavy,1994,0.6258776328986961,0.4840168490422233,1.0,0.0,0.0,1.0,1.0,1.0,0.60481444332999,0.6479438314944834,anchor_id,2000,123220,minus,,,,,,
secondary_per_horizon,all,0.2,50,top_action,top_action_fraction,logger2_heavy,1994,0.055165496489468405,0.2283602792806033,0.0,0.0,0.0,0.0,0.0,1.0,0.04563691073219659,0.06519558676028084,anchor_id,2000,123221,base,,,,,,
secondary_per_horizon,all,0.2,50,top_action,top_action_fraction,logger2_heavy,1994,0.3204613841524574,0.4667709832359533,0.0,0.0,0.0,1.0,1.0,1.0,0.3008901705115346,0.34002006018054165,anchor_id,2000,123222,plus,,,,,,
secondary_per_horizon,all,0.2,50,top_action,top_action_fraction,do,1994,0.6178535606820461,0.4860339578140388,1.0,0.0,0.0,1.0,1.0,1.0,0.59679037111334,0.6394182547642929,anchor_id,2000,123300,minus,,,,,,
secondary_per_horizon,all,0.2,50,top_action,top_action_fraction,do,1994,0.06469408224674023,0.24604698455827706,0.0,0.0,0.0,0.0,0.0,1.0,0.054663991975927785,0.0757271815446339,anchor_id,2000,123301,base,,,,,,
secondary_per_horizon,all,0.2,50,top_action,top_action_fraction,do,1994,0.31745235707121366,0.46560184359128726,0.0,0.0,0.0,1.0,1.0,1.0,0.29689067201604813,0.33802657973921757,anchor_id,2000,123302,plus,,,,,,
secondary_per_horizon,all,0.2,50,decision_scale,balanced_error_over_action_range,logger12_balanced,1994,0.3975663822621711,,,,,,,,0.384922401160704,0.4115869357261906,anchor_id,2000,123400,,0.04775499839139378,0.12011830104865916,True,2000,,
secondary_per_horizon,all,0.2,50,decision_scale,balanced_error_over_top_second_margin,logger12_balanced,1994,0.7857861120887707,,,,,,,,0.7510490469982033,0.8255661627692478,anchor_id,2000,123401,,0.04775499839139378,0.060773533225793215,True,2000,1994,
primary_common_horizon,all,0.3,1,long_horizon,absolute_initial_u_return_effect,none,1994,0.011553739553863705,0.006668874251278721,0.009517760748706989,0.004202942578043579,0.006185240173877412,0.01845057724223727,0.02082802458809711,0.031612877289743636,0.011280068795577943,0.011843080063861105,anchor_id,2000,30000,,,,,,,
primary_common_horizon,all,0.3,1,long_horizon,balanced_do_error,logger12_balanced,1994,0.00230131319487744,0.0013200182605801708,0.0019134966720883253,0.0008488089277540449,0.0012192403978734296,0.003668698592889319,0.004144845428834066,0.0063209891599746255,0.0022447183679329924,0.002362474856197158,anchor_id,2000,30001,,,,,,,
primary_common_horizon,all,0.3,1,long_horizon,heavy_mixture_drift,none,1994,0.0011932735084549484,0.0006844539128934171,0.0009921834596013182,0.0004401231477245175,0.0006321987248233407,0.0019022881592759184,0.0021491791112472273,0.003277549934801449,0.0011630581686690004,0.0012233623666778942,anchor_id,2000,30002,,,,,,,
primary_common_horizon,all,0.3,1,long_horizon,do_action_range,none,1994,0.0075119544820299484,0.004420889098331236,0.006432021235901031,0.002008503529836736,0.003945529164805284,0.012004739405424014,0.01365251783282142,0.021057926422283657,0.007319083559130105,0.007714982213955343,anchor_id,2000,30003,,,,,,,
primary_common_horizon,all,0.3,1,long_horizon,do_top_second_margin,none,1994,0.0035732954547492693,0.0022459439239021963,0.0030785151643166753,0.0008297976184654665,0.0018205684089674934,0.005806390311180576,0.006724396801128619,0.013326858076966985,0.003479410685775967,0.0036773184824822544,anchor_id,2000,30004,,,,,,,
primary_common_horizon,all,0.3,1,long_horizon,max_balanced_do_error,logger12_balanced,1994,0.0038220674458921858,0.0020269306524276485,0.0031968992209661096,0.001583973688100615,0.002172395600292032,0.005736886228273397,0.006445486415194201,0.009544950639019945,0.0037321073316538863,0.003909427115633936,anchor_id,2000,30005,,,,,,,
primary_common_horizon,all,0.3,1,long_horizon,balanced_survival_difference_abs,logger12_balanced,1994,0.0,0.0,0.0,0.0,0.0,0.0,0.0,0.0,0.0,0.0,anchor_id,2000,30006,,,,,,,
primary_common_horizon,all,0.3,1,long_horizon,balanced_termination_difference_abs,logger12_balanced,1994,0.0,0.0,0.0,0.0,0.0,0.0,0.0,0.0,0.0,0.0,anchor_id,2000,30007,,,,,,,
primary_common_horizon,all,0.3,1,long_horizon,balanced_restricted_time_difference_abs,logger12_balanced,1994,0.0,0.0,0.0,0.0,0.0,0.0,0.0,0.0,0.0,0.0,anchor_id,2000,30008,,,,,,,
primary_common_horizon,all,0.3,1,long_horizon,balanced_future_clipping_rate,logger12_balanced,1994,0.0,0.0,0.0,0.0,0.0,0.0,0.0,0.0,0.0,0.0,anchor_id,2000,30009,,,,,,,
primary_common_horizon,all,0.3,1,long_horizon,balanced_vs_do_top_set_disagreement,logger12_balanced,1994,0.0160481444332999,0.12569218163793788,0.0,0.0,0.0,0.0,0.0,1.0,0.011033099297893681,0.02156469408224674,anchor_id,2000,30010,,,,,,,
primary_common_horizon,all,0.3,1,long_horizon,balanced_vs_do_strict_disagreement,logger12_balanced,1994,0.0160481444332999,0.12569218163793788,0.0,0.0,0.0,0.0,0.0,1.0,0.011033099297893681,0.02156469408224674,anchor_id,2000,30011,,,,,,,
primary_common_horizon,all,0.3,1,long_horizon,heavy_top_set_disagreement,none,1994,0.005516549648946841,0.07408690857370026,0.0,0.0,0.0,0.0,0.0,1.0,0.0025075225677031092,0.009027081243731194,anchor_id,2000,30012,,,,,,,
primary_common_horizon,all,0.3,1,long_horizon,heavy_strict_disagreement,none,1994,0.005516549648946841,0.07408690857370026,0.0,0.0,0.0,0.0,0.0,1.0,0.0025075225677031092,0.009027081243731194,anchor_id,2000,30013,,,,,,,
primary_common_horizon,all,0.3,1,decision_regret,decision_regret_best,logger1_heavy,1994,6.286622175296353e-06,5.995604378915708e-05,0.0,0.0,0.0,0.0,0.0,0.0015158589637325193,3.82999775007295e-06,9.186752064910186e-06,anchor_id,2000,30100,,,,,,,
primary_common_horizon,all,0.3,1,decision_regret,decision_regret_worst,logger1_heavy,1994,6.286622175296353e-06,5.995604378915708e-05,0.0,0.0,0.0,0.0,0.0,0.0015158589637325193,3.835010260802452e-06,8.946531168621095e-06,anchor_id,2000,30101,,,,,,,
primary_common_horizon,all,0.3,1,top_action,top_action_fraction,logger1_heavy,1994,0.8350050150451354,0.37126913103803943,1.0,0.0,1.0,1.0,1.0,1.0,0.8194458375125376,0.8510531594784353,anchor_id,2000,30200,minus,,,,,,
primary_common_horizon,all,0.3,1,top_action,top_action_fraction,logger1_heavy,1994,0.07923771313941826,0.27017717452015977,0.0,0.0,0.0,0.0,0.0,1.0,0.06820461384152457,0.09127382146439318,anchor_id,2000,30201,base,,,,,,
primary_common_horizon,all,0.3,1,top_action,top_action_fraction,logger1_heavy,1994,0.08575727181544635,0.2800755278748568,0.0,0.0,0.0,0.0,0.0,1.0,0.07370862587763291,0.09879638916750251,anchor_id,2000,30202,plus,,,,,,
primary_common_horizon,all,0.3,1,decision_regret,decision_regret_best,logger12_balanced,1994,4.6941022452139725e-06,4.5654940965661624e-05,0.0,0.0,0.0,0.0,0.0,0.0008220496290372026,2.841229307682126e-06,6.8881218939521665e-06,anchor_id,2000,30110,,,,,,,
primary_common_horizon,all,0.3,1,decision_regret,decision_regret_worst,logger12_balanced,1994,4.6941022452139725e-06,4.5654940965661624e-05,0.0,0.0,0.0,0.0,0.0,0.0008220496290372026,2.850883820707168e-06,6.782176069900945e-06,anchor_id,2000,30111,,,,,,,
primary_common_horizon,all,0.3,1,top_action,top_action_fraction,logger12_balanced,1994,0.8350050150451354,0.37126913103803943,1.0,0.0,1.0,1.0,1.0,1.0,0.8189568706118355,0.8495611835506519,anchor_id,2000,30210,minus,,,,,,
primary_common_horizon,all,0.3,1,top_action,top_action_fraction,logger12_balanced,1994,0.07873620862587763,0.269394160796812,0.0,0.0,0.0,0.0,0.0,1.0,0.0667001003009027,0.09127382146439318,anchor_id,2000,30211,base,,,,,,
primary_common_horizon,all,0.3,1,top_action,top_action_fraction,logger12_balanced,1994,0.08625877632898696,0.28081621632561954,0.0,0.0,0.0,0.0,0.0,1.0,0.07422266800401203,0.09880892678034096,anchor_id,2000,30212,plus,,,,,,
primary_common_horizon,all,0.3,1,decision_regret,decision_regret_best,logger2_heavy,1994,2.9438323995410673e-06,3.0652620598006426e-05,0.0,0.0,0.0,0.0,0.0,0.000607207070070892,1.644538180624251e-06,4.406343961056028e-06,anchor_id,2000,30120,,,,,,,
primary_common_horizon,all,0.3,1,decision_regret,decision_regret_worst,logger2_heavy,1994,2.9438323995410673e-06,3.0652620598006426e-05,0.0,0.0,0.0,0.0,0.0,0.000607207070070892,1.7446948197866712e-06,4.302688150229902e-06,anchor_id,2000,30121,,,,,,,
primary_common_horizon,all,0.3,1,top_action,top_action_fraction,logger2_heavy,1994,0.8329989969909729,0.37307032599427975,1.0,0.0,1.0,1.0,1.0,1.0,0.8154463390170511,0.8485456369107321,anchor_id,2000,30220,minus,,,,,,
primary_common_horizon,all,0.3,1,top_action,top_action_fraction,logger2_heavy,1994,0.07973921765295888,0.2709569968205857,0.0,0.0,0.0,0.0,0.0,1.0,0.06820461384152457,0.09177532597793381,anchor_id,2000,30221,base,,,,,,
primary_common_horizon,all,0.3,1,top_action,top_action_fraction,logger2_heavy,1994,0.08726178535606821,0.2822890887507328,0.0,0.0,0.0,0.0,0.0,1.0,0.07472417251755266,0.09979939819458375,anchor_id,2000,30222,plus,,,,,,
primary_common_horizon,all,0.3,1,top_action,top_action_fraction,do,1994,0.8224674022066198,0.3822146495422542,1.0,0.0,1.0,1.0,1.0,1.0,0.8054162487462387,0.8400200601805417,anchor_id,2000,30300,minus,,,,,,
primary_common_horizon,all,0.3,1,top_action,top_action_fraction,do,1994,0.08776328986960882,0.2830213169832681,0.0,0.0,0.0,0.0,0.0,1.0,0.07522567703109329,0.09979939819458375,anchor_id,2000,30301,base,,,,,,
primary_common_horizon,all,0.3,1,top_action,top_action_fraction,do,1994,0.08976930792377132,0.28592267864651427,0.0,0.0,0.0,0.0,0.0,1.0,0.07823470411233702,0.1018179538615847,anchor_id,2000,30302,plus,,,,,,
primary_common_horizon,all,0.3,1,decision_scale,balanced_error_over_action_range,logger12_balanced,1994,0.5087980039063484,,,,,,,,0.5041786691355631,0.5131022329123348,anchor_id,2000,30400,,0.0038220674458921858,0.0075119544820299484,True,2000,,
primary_common_horizon,all,0.3,1,decision_scale,balanced_error_over_top_second_margin,logger12_balanced,1994,1.0696197653659658,,,,,,,,1.0544248319901477,1.084835416399354,anchor_id,2000,30401,,0.0038220674458921858,0.0035732954547492693,True,2000,1994,
secondary_per_horizon,all,0.3,1,long_horizon,absolute_initial_u_return_effect,none,2048,0.011599253941879668,0.006658094644666689,0.009547957715061228,0.004211142223681256,0.006210870092969056,0.01847978454707259,0.020765526244583103,0.031612877289743636,0.01130918494804517,0.011883843455919718,anchor_id,2000,130000,,,,,,,
secondary_per_horizon,all,0.3,1,long_horizon,balanced_do_error,logger12_balanced,2048,0.0023104709033938565,0.0013177877144660945,0.0019188635173115198,0.0008552760582101194,0.0012277583954281393,0.00368021466426934,0.004138200846199661,0.0063209891599746255,0.0022541415028032954,0.0023657882948198822,anchor_id,2000,130001,,,,,,,
secondary_per_horizon,all,0.3,1,long_horizon,heavy_mixture_drift,none,2048,0.001198021949907905,0.0006832973334268592,0.0009949662682356606,0.0004434764746276207,0.000636615464295979,0.0019082594555471049,0.0021457337721034384,0.003277549934801449,0.001167480304157225,0.0012278625236668381,anchor_id,2000,130002,,,,,,,
secondary_per_horizon,all,0.3,1,long_horizon,do_action_range,none,2048,0.007544698965330749,0.004411975225585005,0.006455887681408479,0.0020286253538600585,0.003953503874930098,0.012061711022620436,0.013623765526218667,0.021057926422283657,0.007362808561939636,0.0077405750761655005,anchor_id,2000,130003,,,,,,,
secondary_per_horizon,all,0.3,1,long_horizon,do_top_second_margin,none,2048,0.00358983770986284,0.002241950189235492,0.0030956302509403955,0.0008523246118077756,0.001842133582292682,0.005917919454781484,0.006714956964455121,0.013326858076966985,0.0034856870791969675,0.0036824581494097207,anchor_id,2000,130004,,,,,,,
secondary_per_horizon,all,0.3,1,long_horizon,max_balanced_do_error,logger12_balanced,2048,0.003833384399279302,0.002021811237735763,0.0032186096467992087,0.0015861551812014873,0.002184779850253671,0.005731069293649194,0.006435859351479678,0.009544950639019945,0.0037407451401806247,0.003923953034789609,anchor_id,2000,130005,,,,,,,
secondary_per_horizon,all,0.3,1,long_horizon,balanced_survival_difference_abs,logger12_balanced,2048,0.0,0.0,0.0,0.0,0.0,0.0,0.0,0.0,0.0,0.0,anchor_id,2000,130006,,,,,,,
secondary_per_horizon,all,0.3,1,long_horizon,balanced_termination_difference_abs,logger12_balanced,2048,0.0,0.0,0.0,0.0,0.0,0.0,0.0,0.0,0.0,0.0,anchor_id,2000,130007,,,,,,,
secondary_per_horizon,all,0.3,1,long_horizon,balanced_restricted_time_difference_abs,logger12_balanced,2048,0.0,0.0,0.0,0.0,0.0,0.0,0.0,0.0,0.0,0.0,anchor_id,2000,130008,,,,,,,
secondary_per_horizon,all,0.3,1,long_horizon,balanced_future_clipping_rate,logger12_balanced,2048,0.0,0.0,0.0,0.0,0.0,0.0,0.0,0.0,0.0,0.0,anchor_id,2000,130009,,,,,,,
secondary_per_horizon,all,0.3,1,long_horizon,balanced_vs_do_top_set_disagreement,logger12_balanced,2048,0.015625,0.1240498820197576,0.0,0.0,0.0,0.0,0.0,1.0,0.01025390625,0.021484375,anchor_id,2000,130010,,,,,,,
secondary_per_horizon,all,0.3,1,long_horizon,balanced_vs_do_strict_disagreement,logger12_balanced,2048,0.015625,0.1240498820197576,0.0,0.0,0.0,0.0,0.0,1.0,0.0107421875,0.021008300781249933,anchor_id,2000,130011,,,,,,,
secondary_per_horizon,all,0.3,1,long_horizon,heavy_top_set_disagreement,none,2048,0.00537109375,0.07310851451341079,0.0,0.0,0.0,0.0,0.0,1.0,0.00244140625,0.0087890625,anchor_id,2000,130012,,,,,,,
secondary_per_horizon,all,0.3,1,long_horizon,heavy_strict_disagreement,none,2048,0.00537109375,0.07310851451341079,0.0,0.0,0.0,0.0,0.0,1.0,0.00244140625,0.0087890625,anchor_id,2000,130013,,,,,,,
secondary_per_horizon,all,0.3,1,decision_regret,decision_regret_best,logger1_heavy,2048,6.120861629658656e-06,5.916851469167814e-05,0.0,0.0,0.0,0.0,0.0,0.0015158589637325193,3.719697417157609e-06,8.905400047837154e-06,anchor_id,2000,130100,,,,,,,
secondary_per_horizon,all,0.3,1,decision_regret,decision_regret_worst,logger1_heavy,2048,6.120861629658656e-06,5.916851469167814e-05,0.0,0.0,0.0,0.0,0.0,0.0015158589637325193,3.7434343297222145e-06,8.937165203405473e-06,anchor_id,2000,130101,,,,,,,
secondary_per_horizon,all,0.3,1,top_action,top_action_fraction,logger1_heavy,2048,0.83837890625,0.36819276214653285,1.0,0.0,1.0,1.0,1.0,1.0,0.8212890625,0.85302734375,anchor_id,2000,130200,minus,,,,,,
secondary_per_horizon,all,0.3,1,top_action,top_action_fraction,logger1_heavy,2048,0.07763671875,0.2676644189864944,0.0,0.0,0.0,0.0,0.0,1.0,0.06640625,0.0888671875,anchor_id,2000,130201,base,,,,,,
secondary_per_horizon,all,0.3,1,top_action,top_action_fraction,logger1_heavy,2048,0.083984375,0.2774321215564699,0.0,0.0,0.0,0.0,0.0,1.0,0.07275390625,0.09619140625,anchor_id,2000,130202,plus,,,,,,
secondary_per_horizon,all,0.3,1,decision_regret,decision_regret_best,logger12_balanced,2048,4.5703319711702444e-06,4.5055007081610006e-05,0.0,0.0,0.0,0.0,0.0,0.0008220496290372026,2.7737893652431767e-06,6.576880383405013e-06,anchor_id,2000,130110,,,,,,,
secondary_per_horizon,all,0.3,1,decision_regret,decision_regret_worst,logger12_balanced,2048,4.5703319711702444e-06,4.5055007081610006e-05,0.0,0.0,0.0,0.0,0.0,0.0008220496290372026,2.817968045171093e-06,6.606442471857882e-06,anchor_id,2000,130111,,,,,,,
secondary_per_horizon,all,0.3,1,top_action,top_action_fraction,logger12_balanced,2048,0.83837890625,0.36819276214653285,1.0,0.0,1.0,1.0,1.0,1.0,0.82177734375,0.853515625,anchor_id,2000,130210,minus,,,,,,
secondary_per_horizon,all,0.3,1,top_action,top_action_fraction,logger12_balanced,2048,0.0771484375,0.26689199504216443,0.0,0.0,0.0,0.0,0.0,1.0,0.06689453125,0.08837890625,anchor_id,2000,130211,base,,,,,,
secondary_per_horizon,all,0.3,1,top_action,top_action_fraction,logger12_balanced,2048,0.08447265625,0.2781632744696513,0.0,0.0,0.0,0.0,0.0,1.0,0.07275390625,0.09718017578124993,anchor_id,2000,130212,plus,,,,,,
secondary_per_horizon,all,0.3,1,decision_regret,decision_regret_best,logger2_heavy,2048,2.866211818693793e-06,3.024928871049339e-05,0.0,0.0,0.0,0.0,0.0,0.000607207070070892,1.5901555732203524e-06,4.200930321153368e-06,anchor_id,2000,130120,,,,,,,
secondary_per_horizon,all,0.3,1,decision_regret,decision_regret_worst,logger2_heavy,2048,2.866211818693793e-06,3.024928871049339e-05,0.0,0.0,0.0,0.0,0.0,0.000607207070070892,1.6844902400540376e-06,4.233192274887695e-06,anchor_id,2000,130121,,,,,,,
secondary_per_horizon,all,0.3,1,top_action,top_action_fraction,logger2_heavy,2048,0.83642578125,0.36997909651850563,1.0,0.0,1.0,1.0,1.0,1.0,0.8212890625,0.8515747070312499,anchor_id,2000,130220,minus,,,,,,
secondary_per_horizon,all,0.3,1,top_action,top_action_fraction,logger2_heavy,2048,0.078125,0.2684337316640104,0.0,0.0,0.0,0.0,0.0,1.0,0.0673828125,0.08935546875,anchor_id,2000,130221,base,,,,,,
secondary_per_horizon,all,0.3,1,top_action,top_action_fraction,logger2_heavy,2048,0.08544921875,0.2796172856568065,0.0,0.0,0.0,0.0,0.0,1.0,0.07373046875,0.09765625,anchor_id,2000,130222,plus,,,,,,
secondary_per_horizon,all,0.3,1,top_action,top_action_fraction,do,2048,0.826171875,0.3790541718770436,1.0,0.0,1.0,1.0,1.0,1.0,0.8095703125,0.84326171875,anchor_id,2000,130300,minus,,,,,,
secondary_per_horizon,all,0.3,1,top_action,top_action_fraction,do,2048,0.0859375,0.280340186951723,0.0,0.0,0.0,0.0,0.0,1.0,0.07373046875,0.09814453125,anchor_id,2000,130301,base,,,,,,
secondary_per_horizon,all,0.3,1,top_action,top_action_fraction,do,2048,0.087890625,0.2832049181198814,0.0,0.0,0.0,0.0,0.0,1.0,0.07568359375,0.10009765625,anchor_id,2000,130302,plus,,,,,,
secondary_per_horizon,all,0.3,1,decision_scale,balanced_error_over_action_range,logger12_balanced,2048,0.5080897749392512,,,,,,,,0.503644625973326,0.5126353208652112,anchor_id,2000,130400,,0.003833384399279302,0.007544698965330749,True,2000,,
secondary_per_horizon,all,0.3,1,decision_scale,balanced_error_over_top_second_margin,logger12_balanced,2048,1.0678433703973116,,,,,,,,1.0526873828245757,1.0820923633089647,anchor_id,2000,130401,,0.003833384399279302,0.00358983770986284,True,2000,2048,
primary_common_horizon,all,0.3,5,long_horizon,absolute_initial_u_return_effect,none,1994,0.05956385748078746,0.07428506738077616,0.04553358759757398,0.016555122502319247,0.028613598892655467,0.07314879991564609,0.11438089413449613,2.572801418404422,0.056669518338914614,0.06317905422738805,anchor_id,2000,31000,,,,,,,
primary_common_horizon,all,0.3,5,long_horizon,balanced_do_error,logger12_balanced,1994,0.011841888944535018,0.014746871391821669,0.009021858614750577,0.003490766051211184,0.005799350611446208,0.014433089502266924,0.02247910103419777,0.5150300682884984,0.011284509964834192,0.012537268995742439,anchor_id,2000,31001,,,,,,,
primary_common_horizon,all,0.3,5,long_horizon,heavy_mixture_drift,none,1994,0.0061402387119809995,0.007646525906870484,0.0046780007632042,0.0018100268413684024,0.0030070706874170128,0.007483824186360399,0.011655830165879524,0.26705262800144247,0.00584499872763764,0.006493090568383575,anchor_id,2000,31002,,,,,,,
primary_common_horizon,all,0.3,5,long_horizon,do_action_range,none,1994,0.03786067915464014,0.04186962677145414,0.029285643607678935,0.010016803676821517,0.018216727360168328,0.04692180700798154,0.07236182441373505,1.2905419272333667,0.036149304988338245,0.039814763871579305,anchor_id,2000,31003,,,,,,,
primary_common_horizon,all,0.3,5,long_horizon,do_top_second_margin,none,1994,0.018134216030501707,0.021230923144644226,0.014105164487778765,0.003903784980564673,0.008326829148841863,0.022523676798442693,0.03443943166977999,0.6446178114686312,0.017257672574743744,0.019195044176750536,anchor_id,2000,31004,,,,,,,
primary_common_horizon,all,0.3,5,long_horizon,max_balanced_do_error,logger12_balanced,1994,0.020972433974570142,0.030283668138954594,0.01582388089964315,0.00696859101379399,0.010612283769050102,0.024886051708146617,0.03837812813940413,1.1590051767632588,0.01986439456611427,0.022577437580734095,anchor_id,2000,31005,,,,,,,
primary_common_horizon,all,0.3,5,long_horizon,balanced_survival_difference_abs,logger12_balanced,1994,0.0,0.0,0.0,0.0,0.0,0.0,0.0,0.0,0.0,0.0,anchor_id,2000,31006,,,,,,,
primary_common_horizon,all,0.3,5,long_horizon,balanced_termination_difference_abs,logger12_balanced,1994,0.0,0.0,0.0,0.0,0.0,0.0,0.0,0.0,0.0,0.0,anchor_id,2000,31007,,,,,,,
primary_common_horizon,all,0.3,5,long_horizon,balanced_restricted_time_difference_abs,logger12_balanced,1994,5.0150451354062394e-05,0.002239429645111941,0.0,0.0,0.0,0.0,0.0,0.0999999999999998,7.423758105149826e-20,0.0001504513540621867,anchor_id,2000,31008,,,,,,,
primary_common_horizon,all,0.3,5,long_horizon,balanced_future_clipping_rate,logger12_balanced,1994,0.12083672893681044,0.1672318088855584,0.03333333333333333,0.0,0.0,0.1875,0.4126041666666668,1.0,0.11356803483366765,0.1280284734411568,anchor_id,2000,31009,,,,,,,
primary_common_horizon,all,0.3,5,long_horizon,balanced_vs_do_top_set_disagreement,logger12_balanced,1994,0.022567703109327986,0.14855796789275766,0.0,0.0,0.0,0.0,0.0,1.0,0.016549648946840523,0.029087261785356068,anchor_id,2000,31010,,,,,,,
primary_common_horizon,all,0.3,5,long_horizon,balanced_vs_do_strict_disagreement,logger12_balanced,1994,0.022567703109327986,0.14855796789275766,0.0,0.0,0.0,0.0,0.0,1.0,0.0160481444332999,0.029087261785356068,anchor_id,2000,31011,,,,,,,
primary_common_horizon,all,0.3,5,long_horizon,heavy_top_set_disagreement,none,1994,0.005516549648946841,0.07408690857370026,0.0,0.0,0.0,0.0,0.0,1.0,0.0025075225677031092,0.009027081243731194,anchor_id,2000,31012,,,,,,,
primary_common_horizon,all,0.3,5,long_horizon,heavy_strict_disagreement,none,1994,0.005516549648946841,0.07408690857370026,0.0,0.0,0.0,0.0,0.0,1.0,0.0025075225677031092,0.009027081243731194,anchor_id,2000,31013,,,,,,,
primary_common_horizon,all,0.3,5,decision_regret,decision_regret_best,logger1_heavy,1994,4.228840746467811e-05,0.00038878211984280913,0.0,0.0,0.0,0.0,0.0,0.009623544871015355,2.627462647502321e-05,6.0549734766351996e-05,anchor_id,2000,31100,,,,,,,
primary_common_horizon,all,0.3,5,decision_regret,decision_regret_worst,logger1_heavy,1994,4.228840746467811e-05,0.00038878211984280913,0.0,0.0,0.0,0.0,0.0,0.009623544871015355,2.6139996118891008e-05,5.9700619089091875e-05,anchor_id,2000,31101,,,,,,,
primary_common_horizon,all,0.3,5,top_action,top_action_fraction,logger1_heavy,1994,0.8219658976930793,0.38263740890554654,1.0,0.0,1.0,1.0,1.0,1.0,0.8059177532597793,0.8390170511534604,anchor_id,2000,31200,minus,,,,,,
primary_common_horizon,all,0.3,5,top_action,top_action_fraction,logger1_heavy,1994,0.040621865596790374,0.19746210759816646,0.0,0.0,0.0,0.0,0.0,1.0,0.03259779338014042,0.04964894684052156,anchor_id,2000,31201,base,,,,,,
primary_common_horizon,all,0.3,5,top_action,top_action_fraction,logger1_heavy,1994,0.1374122367101304,0.34436838868521585,0.0,0.0,0.0,0.0,1.0,1.0,0.12236710130391174,0.15245737211634905,anchor_id,2000,31202,plus,,,,,,
primary_common_horizon,all,0.3,5,decision_regret,decision_regret_best,logger12_balanced,1994,3.4122077499787786e-05,0.0003619366732011899,0.0,0.0,0.0,0.0,0.0,0.009623544871015355,1.9622369822790782e-05,5.226123584873673e-05,anchor_id,2000,31110,,,,,,,
primary_common_horizon,all,0.3,5,decision_regret,decision_regret_worst,logger12_balanced,1994,3.4122077499787786e-05,0.0003619366732011899,0.0,0.0,0.0,0.0,0.0,0.009623544871015355,1.9654859129047707e-05,5.2217885481966015e-05,anchor_id,2000,31111,,,,,,,
primary_common_horizon,all,0.3,5,top_action,top_action_fraction,logger12_balanced,1994,0.8224674022066198,0.3822146495422542,1.0,0.0,1.0,1.0,1.0,1.0,0.804914744232698,0.8390170511534604,anchor_id,2000,31210,minus,,,,,,
primary_common_horizon,all,0.3,5,top_action,top_action_fraction,logger12_balanced,1994,0.041123370110330994,0.19862533551679273,0.0,0.0,0.0,0.0,0.0,1.0,0.033099297893681046,0.04964894684052156,anchor_id,2000,31211,base,,,,,,
primary_common_horizon,all,0.3,5,top_action,top_action_fraction,logger12_balanced,1994,0.13640922768304914,0.3433086920516857,0.0,0.0,0.0,0.0,1.0,1.0,0.1213640922768305,0.15245737211634905,anchor_id,2000,31212,plus,,,,,,
primary_common_horizon,all,0.3,5,decision_regret,decision_regret_best,logger2_heavy,1994,2.7430649868858962e-05,0.00027444665983927574,0.0,0.0,0.0,0.0,0.0,0.006767997297657757,1.6597357153194433e-05,3.967161356367395e-05,anchor_id,2000,31120,,,,,,,
primary_common_horizon,all,0.3,5,decision_regret,decision_regret_worst,logger2_heavy,1994,2.7430649868858962e-05,0.00027444665983927574,0.0,0.0,0.0,0.0,0.0,0.006767997297657757,1.6493761142419396e-05,4.005106922382092e-05,anchor_id,2000,31121,,,,,,,
primary_common_horizon,all,0.3,5,top_action,top_action_fraction,logger2_heavy,1994,0.8224674022066198,0.3822146495422542,1.0,0.0,1.0,1.0,1.0,1.0,0.8054162487462387,0.839518555667001,anchor_id,2000,31220,minus,,,,,,
primary_common_horizon,all,0.3,5,top_action,top_action_fraction,logger2_heavy,1994,0.04012036108324975,0.1962907045662553,0.0,0.0,0.0,0.0,0.0,1.0,0.03159478435305918,0.04914744232698094,anchor_id,2000,31221,base,,,,,,
primary_common_horizon,all,0.3,5,top_action,top_action_fraction,logger2_heavy,1994,0.1374122367101304,0.3443683886852159,0.0,0.0,0.0,0.0,1.0,1.0,0.12286860581745236,0.15245737211634905,anchor_id,2000,31222,plus,,,,,,
primary_common_horizon,all,0.3,5,top_action,top_action_fraction,do,1994,0.8294884653961886,0.3761759139434117,1.0,0.0,1.0,1.0,1.0,1.0,0.8129388164493481,0.8455366098294884,anchor_id,2000,31300,minus,,,,,,
primary_common_horizon,all,0.3,5,top_action,top_action_fraction,do,1994,0.033099297893681046,0.17894075120849146,0.0,0.0,0.0,0.0,0.0,1.0,0.025075225677031094,0.041123370110330994,anchor_id,2000,31301,base,,,,,,
primary_common_horizon,all,0.3,5,top_action,top_action_fraction,do,1994,0.1374122367101304,0.34436838868521585,0.0,0.0,0.0,0.0,1.0,1.0,0.12236710130391174,0.1524699097291875,anchor_id,2000,31302,plus,,,,,,
primary_common_horizon,all,0.3,5,decision_scale,balanced_error_over_action_range,logger12_balanced,1994,0.5539370778033124,,,,,,,,0.5439588783027999,0.567972186792101,anchor_id,2000,31400,,0.020972433974570142,0.03786067915464014,True,2000,,
primary_common_horizon,all,0.3,5,decision_scale,balanced_error_over_top_second_margin,logger12_balanced,1994,1.1565117532125215,,,,,,,,1.1319958313848852,1.187156963813172,anchor_id,2000,31401,,0.020972433974570142,0.018134216030501707,True,2000,1994,
secondary_per_horizon,all,0.3,5,long_horizon,absolute_initial_u_return_effect,none,2047,0.05959068121215632,0.07353119599221906,0.045921625476593654,0.016795840484410365,0.028756558551533473,0.073134685129124,0.11373060870554098,2.572801418404422,0.056778527152156665,0.0631801248668734,anchor_id,2000,131000,,,,,,,
secondary_per_horizon,all,0.3,5,long_horizon,balanced_do_error,logger12_balanced,2047,0.01184644292299195,0.014593483807444938,0.009100657710337856,0.0035345799757647476,0.005829739685060472,0.01443072803759001,0.02240901433691865,0.5150300682884984,0.011299063703183676,0.012574284580463899,anchor_id,2000,131001,,,,,,,
secondary_per_horizon,all,0.3,5,long_horizon,heavy_mixture_drift,none,2047,0.006142600034143848,0.007566991603860327,0.004718859553508518,0.0018327451726191176,0.003022827984845655,0.0074825997231946495,0.011619488915438817,0.26705262800144247,0.005854969373691421,0.006482551471187957,anchor_id,2000,131002,,,,,,,
secondary_per_horizon,all,0.3,5,long_horizon,do_action_range,none,2047,0.037918590119076334,0.04146646497467316,0.029500018378733728,0.010125935251770104,0.01840772132539037,0.046913008548578716,0.07222596377610985,1.2905419272333667,0.036181550173973176,0.039971109398553584,anchor_id,2000,131003,,,,,,,
secondary_per_horizon,all,0.3,5,long_horizon,do_top_second_margin,none,2047,0.018158290615521912,0.02100901248155017,0.014203225804365616,0.004031791914962213,0.008464088486169974,0.022496487088357497,0.034185681017601166,0.6446178114686312,0.01730482014780111,0.01912849604239175,anchor_id,2000,131004,,,,,,,
secondary_per_horizon,all,0.3,5,long_horizon,max_balanced_do_error,logger12_balanced,2047,0.020953946467367344,0.029937906592304397,0.015922261769919288,0.007018864781347389,0.010721539633216537,0.02485703101633341,0.03835387346833877,1.1590051767632588,0.019892824056561773,0.022381524659624615,anchor_id,2000,131005,,,,,,,
secondary_per_horizon,all,0.3,5,long_horizon,balanced_survival_difference_abs,logger12_balanced,2047,0.0,0.0,0.0,0.0,0.0,0.0,0.0,0.0,0.0,0.0,anchor_id,2000,131006,,,,,,,
secondary_per_horizon,all,0.3,5,long_horizon,balanced_termination_difference_abs,logger12_balanced,2047,0.0,0.0,0.0,0.0,0.0,0.0,0.0,0.0,0.0,0.0,anchor_id,2000,131007,,,,,,,
secondary_per_horizon,all,0.3,5,long_horizon,balanced_restricted_time_difference_abs,logger12_balanced,2047,4.8851978505129656e-05,0.0022102483685126724,0.0,0.0,0.0,0.0,0.0,0.0999999999999998,7.231545511318394e-20,0.00014655593551538858,anchor_id,2000,131008,,,,,,,
secondary_per_horizon,all,0.3,5,long_horizon,balanced_future_clipping_rate,logger12_balanced,2047,0.1210910784074255,0.16684559661478918,0.03333333333333333,0.0,0.0,0.1875,0.41166666666666696,1.0,0.11367339526339355,0.1280966811187102,anchor_id,2000,131009,,,,,,,
secondary_per_horizon,all,0.3,5,long_horizon,balanced_vs_do_top_set_disagreement,logger12_balanced,2047,0.02247191011235955,0.1482486421183916,0.0,0.0,0.0,0.0,0.0,1.0,0.01612115290669272,0.02882266731802638,anchor_id,2000,131010,,,,,,,
secondary_per_horizon,all,0.3,5,long_horizon,balanced_vs_do_strict_disagreement,logger12_balanced,2047,0.02247191011235955,0.1482486421183916,0.0,0.0,0.0,0.0,0.0,1.0,0.016609672691744015,0.029311187103077674,anchor_id,2000,131011,,,,,,,
secondary_per_horizon,all,0.3,5,long_horizon,heavy_top_set_disagreement,none,2047,0.00537371763556424,0.07312628208101099,0.0,0.0,0.0,0.0,0.0,1.0,0.002442598925256473,0.008793356130923302,anchor_id,2000,131012,,,,,,,
secondary_per_horizon,all,0.3,5,long_horizon,heavy_strict_disagreement,none,2047,0.00537371763556424,0.07312628208101099,0.0,0.0,0.0,0.0,0.0,1.0,0.002442598925256473,0.008793356130923302,anchor_id,2000,131013,,,,,,,
secondary_per_horizon,all,0.3,5,decision_regret,decision_regret_best,logger1_heavy,2047,4.128092293309517e-05,0.0003837833268202612,0.0,0.0,0.0,0.0,0.0,0.009623544871015355,2.5775133260330223e-05,5.9282887199075096e-05,anchor_id,2000,131100,,,,,,,
secondary_per_horizon,all,0.3,5,decision_regret,decision_regret_worst,logger1_heavy,2047,4.128092293309517e-05,0.0003837833268202612,0.0,0.0,0.0,0.0,0.0,0.009623544871015355,2.6300053476764885e-05,5.791905850979279e-05,anchor_id,2000,131101,,,,,,,
secondary_per_horizon,all,0.3,5,top_action,top_action_fraction,logger1_heavy,2047,0.8260869565217391,0.37912730765076735,1.0,0.0,1.0,1.0,1.0,1.0,0.8094772838299951,0.8422081094284318,anchor_id,2000,131200,minus,,,,,,
secondary_per_horizon,all,0.3,5,top_action,top_action_fraction,logger1_heavy,2047,0.03957010258915486,0.194994575569687,0.0,0.0,0.0,0.0,0.0,1.0,0.03175378602833415,0.04787493893502687,anchor_id,2000,131201,base,,,,,,
secondary_per_horizon,all,0.3,5,top_action,top_action_fraction,logger1_heavy,2047,0.134342940889106,0.3411037309336276,0.0,0.0,0.0,0.0,1.0,1.0,0.11968734733756717,0.14948705422569614,anchor_id,2000,131202,plus,,,,,,
secondary_per_horizon,all,0.3,5,decision_regret,decision_regret_best,logger12_balanced,2047,3.332603189743747e-05,0.00035727295452180215,0.0,0.0,0.0,0.0,0.0,0.009623544871015355,1.9451683822485847e-05,4.993007163612295e-05,anchor_id,2000,131110,,,,,,,
secondary_per_horizon,all,0.3,5,decision_regret,decision_regret_worst,logger12_balanced,2047,3.332603189743747e-05,0.00035727295452180215,0.0,0.0,0.0,0.0,0.0,0.009623544871015355,1.9070767770994322e-05,4.9575001860707876e-05,anchor_id,2000,131111,,,,,,,
secondary_per_horizon,all,0.3,5,top_action,top_action_fraction,logger12_balanced,2047,0.8265754763067904,0.3787063784253886,1.0,0.0,1.0,1.0,1.0,1.0,0.8104543234000977,0.8422081094284318,anchor_id,2000,131210,minus,,,,,,
secondary_per_horizon,all,0.3,5,top_action,top_action_fraction,logger12_balanced,2047,0.040058622374206154,0.1961446502825526,0.0,0.0,0.0,0.0,0.0,1.0,0.03175378602833415,0.048851978505129456,anchor_id,2000,131211,base,,,,,,
secondary_per_horizon,all,0.3,5,top_action,top_action_fraction,logger12_balanced,2047,0.13336590131900342,0.3400528313705448,0.0,0.0,0.0,0.0,1.0,1.0,0.11871030776746458,0.14802149487054225,anchor_id,2000,131212,plus,,,,,,
secondary_per_horizon,all,0.3,5,decision_regret,decision_regret_best,logger2_heavy,2047,2.680785569026987e-05,0.0002709239710851549,0.0,0.0,0.0,0.0,0.0,0.006767997297657757,1.643197821877699e-05,3.921448743185168e-05,anchor_id,2000,131120,,,,,,,
secondary_per_horizon,all,0.3,5,decision_regret,decision_regret_worst,logger2_heavy,2047,2.680785569026987e-05,0.0002709239710851549,0.0,0.0,0.0,0.0,0.0,0.006767997297657757,1.6248193011570903e-05,3.985584304337844e-05,anchor_id,2000,131121,,,,,,,
secondary_per_horizon,all,0.3,5,top_action,top_action_fraction,logger2_heavy,2047,0.8265754763067904,0.3787063784253886,1.0,0.0,1.0,1.0,1.0,1.0,0.8099658036150464,0.8431851489985345,anchor_id,2000,131220,minus,,,,,,
secondary_per_horizon,all,0.3,5,top_action,top_action_fraction,logger2_heavy,2047,0.039081582804103565,0.19383644557278984,0.0,0.0,0.0,0.0,0.0,1.0,0.03126526624328285,0.04836345872007816,anchor_id,2000,131221,base,,,,,,
secondary_per_horizon,all,0.3,5,top_action,top_action_fraction,logger2_heavy,2047,0.134342940889106,0.34110373093362756,0.0,0.0,0.0,0.0,1.0,1.0,0.11968734733756717,0.14899853444064484,anchor_id,2000,131222,plus,,,,,,
secondary_per_horizon,all,0.3,5,top_action,top_action_fraction,do,2047,0.8339032730825598,0.3722583800128218,1.0,0.0,1.0,1.0,1.0,1.0,0.8172936003908158,0.8500244259892525,anchor_id,2000,131300,minus,,,,,,
secondary_per_horizon,all,0.3,5,top_action,top_action_fraction,do,2047,0.03224230581338544,0.1766861345297137,0.0,0.0,0.0,0.0,0.0,1.0,0.024914509037616023,0.040058622374206154,anchor_id,2000,131301,base,,,,,,
secondary_per_horizon,all,0.3,5,top_action,top_action_fraction,do,2047,0.1338544211040547,0.34057903702107944,0.0,0.0,0.0,0.0,1.0,1.0,0.11919882755251587,0.14802149487054225,anchor_id,2000,131302,plus,,,,,,
secondary_per_horizon,all,0.3,5,decision_scale,balanced_error_over_action_range,logger12_balanced,2047,0.5526035224823851,,,,,,,,0.5430117263470995,0.5676057526168724,anchor_id,2000,131400,,0.020953946467367344,0.037918590119076334,True,2000,,
secondary_per_horizon,all,0.3,5,decision_scale,balanced_error_over_top_second_margin,logger12_balanced,2047,1.1539602989642468,,,,,,,,1.1311565454836636,1.184382388596263,anchor_id,2000,131401,,0.020953946467367344,0.018158290615521912,True,2000,2047,
primary_common_horizon,all,0.3,20,long_horizon,absolute_initial_u_return_effect,none,1994,0.09050336347114855,0.15356340120289125,0.04612132123741475,0.011078062477688633,0.02144568941522055,0.10015191135888853,0.19818633653371645,2.572136075824897,0.08410196677668817,0.09734898540782658,anchor_id,2000,32000,,,,,,,
primary_common_horizon,all,0.3,20,long_horizon,balanced_do_error,logger12_balanced,1994,0.018047822493365888,0.03055065812177189,0.009198509150024847,0.0022083856898229707,0.004293880945732316,0.019985465814774152,0.0397049984787446,0.5148572346932602,0.016753926088835396,0.019410736282086054,anchor_id,2000,32001,,,,,,,
primary_common_horizon,all,0.3,20,long_horizon,heavy_mixture_drift,none,1994,0.009358130181744872,0.015841081989067054,0.004769597337047552,0.0011450888762051174,0.0022264567866733627,0.010362834126178258,0.02058777698897743,0.2669630105816925,0.008700263545293636,0.010070778928361774,anchor_id,2000,32002,,,,,,,
primary_common_horizon,all,0.3,20,long_horizon,do_action_range,none,1994,0.05942630500521569,0.09851869125996338,0.030818460540967152,0.00695375330523973,0.01369627203873236,0.06770772918508783,0.1348469391979748,1.2917449823055591,0.0551371819021104,0.0637692228897357,anchor_id,2000,32003,,,,,,,
primary_common_horizon,all,0.3,20,long_horizon,do_top_second_margin,none,1994,0.03016216734743353,0.05695099919937251,0.01481183322262325,0.0029979161584066105,0.00665176685542157,0.03325896189812916,0.06699216698332437,1.2846383189366861,0.02786191524856091,0.03286050167180885,anchor_id,2000,32004,,,,,,,
primary_common_horizon,all,0.3,20,long_horizon,max_balanced_do_error,logger12_balanced,1994,0.03188018825841175,0.05615083102649195,0.016470672815394494,0.004113945534277264,0.007590512584155107,0.03452768427973041,0.06778264417014271,1.061707504445689,0.029506941044628424,0.03436422671825798,anchor_id,2000,32005,,,,,,,
primary_common_horizon,all,0.3,20,long_horizon,balanced_survival_difference_abs,logger12_balanced,1994,2.9776830491474457e-05,0.0005635693829669485,0.0,0.0,0.0,0.0,0.0,0.015625000000000038,7.836008024072218e-06,5.641925777331998e-05,anchor_id,2000,32006,,,,,,,
primary_common_horizon,all,0.3,20,long_horizon,balanced_termination_difference_abs,logger12_balanced,1994,2.9776830491474382e-05,0.0005635693829669477,0.0,0.0,0.0,0.0,0.0,0.015625,9.403209628886616e-06,5.485205616850545e-05,anchor_id,2000,32007,,,,,,,
primary_common_horizon,all,0.3,20,long_horizon,balanced_restricted_time_difference_abs,logger12_balanced,1994,0.00022567703109328179,0.00366253203551767,0.0,0.0,0.0,0.0,0.0,0.0999999999999998,8.61960882647965e-05,0.0004074724172517546,anchor_id,2000,32008,,,,,,,
primary_common_horizon,all,0.3,20,long_horizon,balanced_future_clipping_rate,logger12_balanced,1994,0.15656251627563506,0.1723206715456282,0.0890076754385965,0.0,0.02125822368421052,0.24439418859649126,0.45362390350877196,0.8192434210526316,0.14925273681941717,0.16433364327040623,anchor_id,2000,32009,,,,,,,
primary_common_horizon,all,0.3,20,long_horizon,balanced_vs_do_top_set_disagreement,logger12_balanced,1994,0.01905717151454363,0.136760285008728,0.0,0.0,0.0,0.0,0.0,1.0,0.01354062186559679,0.025075225677031094,anchor_id,2000,32010,,,,,,,
primary_common_horizon,all,0.3,20,long_horizon,balanced_vs_do_strict_disagreement,logger12_balanced,1994,0.01905717151454363,0.136760285008728,0.0,0.0,0.0,0.0,0.0,1.0,0.013039117352056168,0.025576730190571714,anchor_id,2000,32011,,,,,,,
primary_common_horizon,all,0.3,20,long_horizon,heavy_top_set_disagreement,none,1994,0.004513540621865597,0.06704791605910766,0.0,0.0,0.0,0.0,0.0,1.0,0.0020060180541624875,0.007522567703109328,anchor_id,2000,32012,,,,,,,
primary_common_horizon,all,0.3,20,long_horizon,heavy_strict_disagreement,none,1994,0.004513540621865597,0.06704791605910766,0.0,0.0,0.0,0.0,0.0,1.0,0.0020060180541624875,0.007522567703109328,anchor_id,2000,32013,,,,,,,
primary_common_horizon,all,0.3,20,decision_regret,decision_regret_best,logger1_heavy,1994,9.48830861839254e-05,0.0013950896663594912,0.0,0.0,0.0,0.0,0.0,0.04302183127171588,4.25197333212579e-05,0.0001602279656347002,anchor_id,2000,32100,,,,,,,
primary_common_horizon,all,0.3,20,decision_regret,decision_regret_worst,logger1_heavy,1994,9.48830861839254e-05,0.0013950896663594912,0.0,0.0,0.0,0.0,0.0,0.04302183127171588,4.185544712539692e-05,0.00015950286547720388,anchor_id,2000,32101,,,,,,,
primary_common_horizon,all,0.3,20,top_action,top_action_fraction,logger1_heavy,1994,0.7417251755265798,0.43779568340668645,1.0,0.0,0.0,1.0,1.0,1.0,0.7226680040120361,0.7607823470411234,anchor_id,2000,32200,minus,,,,,,
primary_common_horizon,all,0.3,20,top_action,top_action_fraction,logger1_heavy,1994,0.025075225677031094,0.1563928543610847,0.0,0.0,0.0,0.0,0.0,1.0,0.018555667001003008,0.0320962888665998,anchor_id,2000,32201,base,,,,,,
primary_common_horizon,all,0.3,20,top_action,top_action_fraction,logger1_heavy,1994,0.23319959879638916,0.42297431212824343,0.0,0.0,0.0,0.0,1.0,1.0,0.2156469408224674,0.2522567703109328,anchor_id,2000,32202,plus,,,,,,
primary_common_horizon,all,0.3,20,decision_regret,decision_regret_best,logger12_balanced,1994,8.348643997328654e-05,0.0013639530277966725,0.0,0.0,0.0,0.0,0.0,0.04302183127171588,3.4778752766767626e-05,0.00015088429257361754,anchor_id,2000,32110,,,,,,,
primary_common_horizon,all,0.3,20,decision_regret,decision_regret_worst,logger12_balanced,1994,8.348643997328654e-05,0.0013639530277966725,0.0,0.0,0.0,0.0,0.0,0.04302183127171588,3.269149721663021e-05,0.00015140889848633732,anchor_id,2000,32111,,,,,,,
primary_common_horizon,all,0.3,20,top_action,top_action_fraction,logger12_balanced,1994,0.7417251755265798,0.43779568340668645,1.0,0.0,0.0,1.0,1.0,1.0,0.7231695085255767,0.7602808425275828,anchor_id,2000,32210,minus,,,,,,
primary_common_horizon,all,0.3,20,top_action,top_action_fraction,logger12_balanced,1994,0.025075225677031094,0.1563928543610847,0.0,0.0,0.0,0.0,0.0,1.0,0.018555667001003008,0.0320962888665998,anchor_id,2000,32211,base,,,,,,
primary_common_horizon,all,0.3,20,top_action,top_action_fraction,logger12_balanced,1994,0.23319959879638916,0.42297431212824343,0.0,0.0,0.0,0.0,1.0,1.0,0.21414242728184554,0.2522567703109328,anchor_id,2000,32212,plus,,,,,,
primary_common_horizon,all,0.3,20,decision_regret,decision_regret_best,logger2_heavy,1994,7.984459907314892e-05,0.0013586837739829145,0.0,0.0,0.0,0.0,0.0,0.04302183127171588,3.157910131255253e-05,0.00014501181373458762,anchor_id,2000,32120,,,,,,,
primary_common_horizon,all,0.3,20,decision_regret,decision_regret_worst,logger2_heavy,1994,7.984459907314892e-05,0.0013586837739829145,0.0,0.0,0.0,0.0,0.0,0.04302183127171588,2.9659553430773135e-05,0.00014934979318599926,anchor_id,2000,32121,,,,,,,
primary_common_horizon,all,0.3,20,top_action,top_action_fraction,logger2_heavy,1994,0.7402206619859579,0.43862343561225975,1.0,0.0,0.0,1.0,1.0,1.0,0.7211634904714143,0.7592778335005015,anchor_id,2000,32220,minus,,,,,,
primary_common_horizon,all,0.3,20,top_action,top_action_fraction,logger2_heavy,1994,0.025576730190571714,0.15790841051549714,0.0,0.0,0.0,0.0,0.0,1.0,0.018555667001003008,0.03259779338014042,anchor_id,2000,32221,base,,,,,,
primary_common_horizon,all,0.3,20,top_action,top_action_fraction,logger2_heavy,1994,0.2342026078234704,0.423605638717494,0.0,0.0,0.0,0.0,1.0,1.0,0.21614844533600802,0.25175526579739216,anchor_id,2000,32222,plus,,,,,,
primary_common_horizon,all,0.3,20,top_action,top_action_fraction,do,1994,0.7447342026078235,0.436119887773398,1.0,0.0,0.0,1.0,1.0,1.0,0.7256770310932799,0.763302407221665,anchor_id,2000,32300,minus,,,,,,
primary_common_horizon,all,0.3,20,top_action,top_action_fraction,do,1994,0.022066198595787363,0.14693573089087694,0.0,0.0,0.0,0.0,0.0,1.0,0.0160481444332999,0.028585757271815445,anchor_id,2000,32301,base,,,,,,
primary_common_horizon,all,0.3,20,top_action,top_action_fraction,do,1994,0.23319959879638916,0.42297431212824343,0.0,0.0,0.0,0.0,1.0,1.0,0.21514543630892677,0.2512537612838516,anchor_id,2000,32302,plus,,,,,,
primary_common_horizon,all,0.3,20,decision_scale,balanced_error_over_action_range,logger12_balanced,1994,0.5364659346667054,,,,,,,,0.5248121126807871,0.5496052136439914,anchor_id,2000,32400,,0.03188018825841175,0.05942630500521569,True,2000,,
primary_common_horizon,all,0.3,20,decision_scale,balanced_error_over_top_second_margin,logger12_balanced,1994,1.056959464855048,,,,,,,,1.0190568602022871,1.0931930295996724,anchor_id,2000,32401,,0.03188018825841175,0.03016216734743353,True,2000,1994,
secondary_per_horizon,all,0.3,20,long_horizon,absolute_initial_u_return_effect,none,2026,0.09028957876215908,0.15280392333246068,0.046026834239672354,0.01108316210278441,0.021490911530837785,0.10040783942602616,0.19741217590626903,2.572136075824897,0.0837508134015455,0.09735065071331851,anchor_id,2000,132000,,,,,,,
secondary_per_horizon,all,0.3,20,long_horizon,balanced_do_error,logger12_balanced,2026,0.018005950700938324,0.030391719697080787,0.009181884577127875,0.002222533847694071,0.004303432790942807,0.020048312977322052,0.03951790441110248,0.5148572346932602,0.016753517143694916,0.019395372049147756,anchor_id,2000,132001,,,,,,,
secondary_per_horizon,all,0.3,20,long_horizon,heavy_mixture_drift,none,2026,0.009336418881967613,0.015758669472560542,0.004760977188141169,0.0011524249580610046,0.002231409595302954,0.01039542154379447,0.02049076525020273,0.2669630105816925,0.008710772435178184,0.010064493026658046,anchor_id,2000,132002,,,,,,,
secondary_per_horizon,all,0.3,20,long_horizon,do_action_range,none,2026,0.059300322439043034,0.09800484088318337,0.030702015569925578,0.006989757054874701,0.01369627203873236,0.06847248647295423,0.1332076446826207,1.2917449823055591,0.05527191553671021,0.06357031885522814,anchor_id,2000,132003,,,,,,,
secondary_per_horizon,all,0.3,20,long_horizon,do_top_second_margin,none,2026,0.030073066820162916,0.05659388704830587,0.014762645349861714,0.0030206326038779707,0.00665176685542157,0.033373689237677695,0.06660691082310422,1.2846383189366861,0.027699297321333662,0.032590354541048104,anchor_id,2000,132004,,,,,,,
secondary_per_horizon,all,0.3,20,long_horizon,max_balanced_do_error,logger12_balanced,2026,0.03179925709471526,0.05582028090837855,0.01645040939682829,0.004155494332280796,0.007583364280023375,0.034625949322409255,0.06759187041833314,1.061707504445689,0.029434058670507832,0.034308658059527056,anchor_id,2000,132005,,,,,,,
secondary_per_horizon,all,0.3,20,long_horizon,balanced_survival_difference_abs,logger12_balanced,2026,2.9306515301085917e-05,0.0005591110893190242,0.0,0.0,0.0,0.0,0.0,0.015625000000000038,7.71224086870685e-06,5.7070582428430436e-05,anchor_id,2000,132006,,,,,,,
secondary_per_horizon,all,0.3,20,long_horizon,balanced_termination_difference_abs,logger12_balanced,2026,2.9306515301085846e-05,0.0005591110893190234,0.0,0.0,0.0,0.0,0.0,0.015625,7.712240868706792e-06,5.707058242843034e-05,anchor_id,2000,132007,,,,,,,
secondary_per_horizon,all,0.3,20,long_horizon,balanced_restricted_time_difference_abs,logger12_balanced,2026,0.00022211253701875813,0.003633587273378075,0.0,0.0,0.0,0.0,0.0,0.0999999999999998,8.32922013820346e-05,0.00039640918065153265,anchor_id,2000,132008,,,,,,,
secondary_per_horizon,all,0.3,20,long_horizon,balanced_future_clipping_rate,logger12_balanced,2026,0.15603355371275288,0.17184454350900533,0.08840460526315787,0.0,0.02125822368421052,0.24173519736842108,0.4518625121832359,0.8192434210526316,0.1484794214229938,0.16313719832080598,anchor_id,2000,132009,,,,,,,
secondary_per_horizon,all,0.3,20,long_horizon,balanced_vs_do_top_set_disagreement,logger12_balanced,2026,0.0192497532082922,0.13743552405234974,0.0,0.0,0.0,0.0,0.0,1.0,0.01332675222112537,0.02566633761105627,anchor_id,2000,132010,,,,,,,
secondary_per_horizon,all,0.3,20,long_horizon,balanced_vs_do_strict_disagreement,logger12_balanced,2026,0.0192497532082922,0.13743552405234974,0.0,0.0,0.0,0.0,0.0,1.0,0.013820335636722606,0.025172754195459033,anchor_id,2000,132011,,,,,,,
secondary_per_horizon,all,0.3,20,long_horizon,heavy_top_set_disagreement,none,2026,0.004442250740375123,0.06651842682911671,0.0,0.0,0.0,0.0,0.0,1.0,0.0019743336623889436,0.007403751233958539,anchor_id,2000,132012,,,,,,,
secondary_per_horizon,all,0.3,20,long_horizon,heavy_strict_disagreement,none,2026,0.004442250740375123,0.06651842682911671,0.0,0.0,0.0,0.0,0.0,1.0,0.0019743336623889436,0.007403751233958539,anchor_id,2000,132013,,,,,,,
secondary_per_horizon,all,0.3,20,decision_regret,decision_regret_best,logger1_heavy,2026,9.376674411602158e-05,0.0013841545865337934,0.0,0.0,0.0,0.0,0.0,0.04302183127171588,4.268742162578154e-05,0.00015824465536031697,anchor_id,2000,132100,,,,,,,
secondary_per_horizon,all,0.3,20,decision_regret,decision_regret_worst,logger1_heavy,2026,9.376674411602158e-05,0.0013841545865337934,0.0,0.0,0.0,0.0,0.0,0.04302183127171588,4.1275712688953826e-05,0.00016442991710004625,anchor_id,2000,132101,,,,,,,
secondary_per_horizon,all,0.3,20,top_action,top_action_fraction,logger1_heavy,2026,0.7438302073050346,0.4366244693161237,1.0,0.0,0.0,1.0,1.0,1.0,0.7250740375123396,0.7625987166831193,anchor_id,2000,132200,minus,,,,,,
secondary_per_horizon,all,0.3,20,top_action,top_action_fraction,logger1_heavy,2026,0.024679170779861797,0.15518374845071015,0.0,0.0,0.0,0.0,0.0,1.0,0.01826258637709773,0.0315893385982231,anchor_id,2000,132201,base,,,,,,
secondary_per_horizon,all,0.3,20,top_action,top_action_fraction,logger1_heavy,2026,0.23149062191510364,0.42188928295525824,0.0,0.0,0.0,0.0,1.0,1.0,0.21322803553800593,0.2502467917077986,anchor_id,2000,132202,plus,,,,,,
secondary_per_horizon,all,0.3,20,decision_regret,decision_regret_best,logger12_balanced,2026,8.255010416339873e-05,0.0013532594416639857,0.0,0.0,0.0,0.0,0.0,0.04302183127171588,3.2416179501158094e-05,0.00014859925766161876,anchor_id,2000,132110,,,,,,,
secondary_per_horizon,all,0.3,20,decision_regret,decision_regret_worst,logger12_balanced,2026,8.255010416339873e-05,0.0013532594416639857,0.0,0.0,0.0,0.0,0.0,0.04302183127171588,3.243547094635386e-05,0.0001519402014466179,anchor_id,2000,132111,,,,,,,
secondary_per_horizon,all,0.3,20,top_action,top_action_fraction,logger12_balanced,2026,0.7438302073050346,0.4366244693161237,1.0,0.0,0.0,1.0,1.0,1.0,0.7245804540967423,0.7630799605133267,anchor_id,2000,132210,minus,,,,,,
secondary_per_horizon,all,0.3,20,top_action,top_action_fraction,logger12_balanced,2026,0.024679170779861797,0.15518374845071015,0.0,0.0,0.0,0.0,0.0,1.0,0.017769002961500493,0.032082922013820334,anchor_id,2000,132211,base,,,,,,
secondary_per_horizon,all,0.3,20,top_action,top_action_fraction,logger12_balanced,2026,0.23149062191510364,0.42188928295525824,0.0,0.0,0.0,0.0,1.0,1.0,0.21421520236920039,0.24975320829220138,anchor_id,2000,132212,plus,,,,,,
secondary_per_horizon,all,0.3,20,decision_regret,decision_regret_best,logger2_heavy,2026,7.896578493591877e-05,0.001348030062428638,0.0,0.0,0.0,0.0,0.0,0.04302183127171588,3.0172765838860246e-05,0.00014331784001410638,anchor_id,2000,132120,,,,,,,
secondary_per_horizon,all,0.3,20,decision_regret,decision_regret_worst,logger2_heavy,2026,7.896578493591877e-05,0.001348030062428638,0.0,0.0,0.0,0.0,0.0,0.04302183127171588,3.0144498590834307e-05,0.000148208561817756,anchor_id,2000,132121,,,,,,,
secondary_per_horizon,all,0.3,20,top_action,top_action_fraction,logger2_heavy,2026,0.7423494570582428,0.4374485036835921,1.0,0.0,0.0,1.0,1.0,1.0,0.7221125370187562,0.7606120434353406,anchor_id,2000,132220,minus,,,,,,
secondary_per_horizon,all,0.3,20,top_action,top_action_fraction,logger2_heavy,2026,0.025172754195459033,0.15668824049414623,0.0,0.0,0.0,0.0,0.0,1.0,0.01826258637709773,0.032082922013820334,anchor_id,2000,132221,base,,,,,,
secondary_per_horizon,all,0.3,20,top_action,top_action_fraction,logger2_heavy,2026,0.23247778874629813,0.42251624937734417,0.0,0.0,0.0,0.0,1.0,1.0,0.21421520236920039,0.2512339585389931,anchor_id,2000,132222,plus,,,,,,
secondary_per_horizon,all,0.3,20,top_action,top_action_fraction,do,2026,0.7462981243830207,0.4352364113835275,1.0,0.0,0.0,1.0,1.0,1.0,0.7255552813425469,0.7645607107601184,anchor_id,2000,132300,minus,,,,,,
secondary_per_horizon,all,0.3,20,top_action,top_action_fraction,do,2026,0.022211253701875617,0.14740637301902854,0.0,0.0,0.0,0.0,0.0,1.0,0.016275913129318854,0.02912142152023692,anchor_id,2000,132301,base,,,,,,
secondary_per_horizon,all,0.3,20,top_action,top_action_fraction,do,2026,0.23149062191510364,0.42188928295525824,0.0,0.0,0.0,0.0,1.0,1.0,0.21372161895360317,0.25074037512339586,anchor_id,2000,132302,plus,,,,,,
secondary_per_horizon,all,0.3,20,decision_scale,balanced_error_over_action_range,logger12_balanced,2026,0.5362408800964427,,,,,,,,0.5251836234552849,0.5491099246594562,anchor_id,2000,132400,,0.03179925709471526,0.059300322439043034,True,2000,,
secondary_per_horizon,all,0.3,20,decision_scale,balanced_error_over_top_second_margin,logger12_balanced,2026,1.0573998749404232,,,,,,,,1.0184203391087563,1.0943542547620497,anchor_id,2000,132401,,0.03179925709471526,0.030073066820162916,True,2000,2026,
primary_common_horizon,all,0.3,50,long_horizon,absolute_initial_u_return_effect,none,1994,0.17769190445209535,0.5061559148019055,0.03758961632830922,0.007801684989651865,0.013401583855215431,0.11550306818137557,0.3893472563353992,8.313008059884064,0.15632453789070208,0.20092969394740343,anchor_id,2000,33000,,,,,,,
primary_common_horizon,all,0.3,50,long_horizon,balanced_do_error,logger12_balanced,1994,0.035535552767828715,0.10106813916608738,0.007513305673053121,0.0015983038055622956,0.002741601983098955,0.023872812246184576,0.08027768529808743,1.7858576940575783,0.0314049411703053,0.04020997450233637,anchor_id,2000,33001,,,,,,,
primary_common_horizon,all,0.3,50,long_horizon,heavy_mixture_drift,none,1994,0.018425842175910468,0.05240570178982327,0.003895788126769162,0.0008287501214046719,0.001421571398650438,0.01237849523875667,0.0416254664508557,0.9260002858076367,0.01629481234822177,0.020837798794436396,anchor_id,2000,33002,,,,,,,
primary_common_horizon,all,0.3,50,long_horizon,do_action_range,none,1994,0.12204669849162704,0.3792121905742546,0.024570891824502894,0.0050247885600839485,0.009319653128287086,0.07902640369630731,0.2675192378677168,8.939306861592655,0.10686643331261018,0.13952190017026758,anchor_id,2000,33003,,,,,,,
primary_common_horizon,all,0.3,50,long_horizon,do_top_second_margin,none,1994,0.0645670751020065,0.27084872467992743,0.012031131089607072,0.0020297955999097894,0.004191188913623023,0.0369035015349759,0.14051881508041228,8.931972670753368,0.05408426028945329,0.07764888058195173,anchor_id,2000,33004,,,,,,,
primary_common_horizon,all,0.3,50,long_horizon,max_balanced_do_error,logger12_balanced,1994,0.06647169756069897,0.1913096334530185,0.013394523764841182,0.0028590704683267632,0.005151532961505723,0.04460138801244895,0.14410106997402755,3.2288850559302205,0.05848285573314367,0.07521065991070833,anchor_id,2000,33005,,,,,,,
primary_common_horizon,all,0.3,50,long_horizon,balanced_survival_difference_abs,logger12_balanced,1994,0.00024291624874623894,0.002165415808381368,0.0,0.0,0.0,0.0,0.0,0.040625,0.0001535465772316952,0.00034478435305917776,anchor_id,2000,33006,,,,,,,
primary_common_horizon,all,0.3,50,long_horizon,balanced_termination_difference_abs,logger12_balanced,1994,0.00024291624874623873,0.0021654158083813666,0.0,0.0,0.0,0.0,0.0,0.04062500000000002,0.00015515295887663004,0.00034478435305917754,anchor_id,2000,33007,,,,,,,
primary_common_horizon,all,0.3,50,long_horizon,balanced_restricted_time_difference_abs,logger12_balanced,1994,0.003921138415245756,0.029214182961092627,0.0,0.0,0.0,0.0,0.0,0.5562499999999986,0.00264845317201606,0.005242524448345063,anchor_id,2000,33008,,,,,,,
primary_common_horizon,all,0.3,50,long_horizon,balanced_future_clipping_rate,logger12_balanced,1994,0.21775230367646142,0.12014811651593435,0.23323767006802718,0.05735331632653063,0.11019876700680273,0.30264668367346936,0.37807397959183675,0.5595486111111111,0.2123204612191744,0.22290018794748823,anchor_id,2000,33009,,,,,,,
primary_common_horizon,all,0.3,50,long_horizon,balanced_vs_do_top_set_disagreement,logger12_balanced,1994,0.05065195586760281,0.21934097393933571,0.0,0.0,0.0,0.0,0.0,1.0,0.041123370110330994,0.06018054162487462,anchor_id,2000,33010,,,,,,,
primary_common_horizon,all,0.3,50,long_horizon,balanced_vs_do_strict_disagreement,logger12_balanced,1994,0.05015045135406219,0.2183100660289175,0.0,0.0,0.0,0.0,0.0,1.0,0.040621865596790374,0.06018054162487462,anchor_id,2000,33011,,,,,,,
primary_common_horizon,all,0.3,50,long_horizon,heavy_top_set_disagreement,none,1994,0.01354062186559679,0.11560266224932453,0.0,0.0,0.0,0.0,0.0,1.0,0.008525576730190571,0.018555667001003008,anchor_id,2000,33012,,,,,,,
primary_common_horizon,all,0.3,50,long_horizon,heavy_strict_disagreement,none,1994,0.01354062186559679,0.11560266224932453,0.0,0.0,0.0,0.0,0.0,1.0,0.008525576730190571,0.018555667001003008,anchor_id,2000,33013,,,,,,,
primary_common_horizon,all,0.3,50,decision_regret,decision_regret_best,logger1_heavy,1994,0.0012402970674028728,0.024020385939399355,0.0,0.0,0.0,0.0,0.0,0.9573954210761713,0.0004355537068679189,0.002473616425470516,anchor_id,2000,33100,,,,,,,
primary_common_horizon,all,0.3,50,decision_regret,decision_regret_worst,logger1_heavy,1994,0.0012402970674028728,0.024020385939399355,0.0,0.0,0.0,0.0,0.0,0.9573954210761713,0.0004032311012093196,0.002455208148098571,anchor_id,2000,33101,,,,,,,
primary_common_horizon,all,0.3,50,top_action,top_action_fraction,logger1_heavy,1994,0.6374122367101304,0.4808678009783711,1.0,0.0,0.0,1.0,1.0,1.0,0.6168505516549649,0.6579739217652959,anchor_id,2000,33200,minus,,,,,,
primary_common_horizon,all,0.3,50,top_action,top_action_fraction,logger1_heavy,1994,0.04212637913741224,0.2009278329535823,0.0,0.0,0.0,0.0,0.0,1.0,0.033600802407221665,0.051165997993981874,anchor_id,2000,33201,base,,,,,,
primary_common_horizon,all,0.3,50,top_action,top_action_fraction,logger1_heavy,1994,0.3204613841524574,0.4667709832359533,0.0,0.0,0.0,1.0,1.0,1.0,0.3004012036108325,0.34153711133400194,anchor_id,2000,33202,plus,,,,,,
primary_common_horizon,all,0.3,50,decision_regret,decision_regret_best,logger12_balanced,1994,0.0012204452664873865,0.02401853356196489,0.0,0.0,0.0,0.0,0.0,0.9573954210761713,0.0004055989874428743,0.0024139464740824458,anchor_id,2000,33110,,,,,,,
primary_common_horizon,all,0.3,50,decision_regret,decision_regret_worst,logger12_balanced,1994,0.0012207269616628992,0.024018522534980716,0.0,0.0,0.0,0.0,0.0,0.9573954210761713,0.00040874219438081724,0.002536671164662648,anchor_id,2000,33111,,,,,,,
primary_common_horizon,all,0.3,50,top_action,top_action_fraction,logger12_balanced,1994,0.6359077231695085,0.48129539986091396,1.0,0.0,0.0,1.0,1.0,1.0,0.6143430290872618,0.656469408224674,anchor_id,2000,33210,minus,,,,,,
primary_common_horizon,all,0.3,50,top_action,top_action_fraction,logger12_balanced,1994,0.04262788365095286,0.20206737547075293,0.0,0.0,0.0,0.0,0.0,1.0,0.03408976930792377,0.051654964894684054,anchor_id,2000,33211,base,,,,,,
primary_common_horizon,all,0.3,50,top_action,top_action_fraction,logger12_balanced,1994,0.32196589769307926,0.46734718755817545,0.0,0.0,0.0,1.0,1.0,1.0,0.3013916750250752,0.34252758274824474,anchor_id,2000,33212,plus,,,,,,
primary_common_horizon,all,0.3,50,decision_regret,decision_regret_best,logger2_heavy,1994,0.0010633045244548135,0.02374842350473227,0.0,0.0,0.0,0.0,0.0,0.9573954210761713,0.0002689946945191467,0.002289896169382381,anchor_id,2000,33120,,,,,,,
primary_common_horizon,all,0.3,50,decision_regret,decision_regret_worst,logger2_heavy,1994,0.0010633045244548135,0.02374842350473227,0.0,0.0,0.0,0.0,0.0,0.9573954210761713,0.00027616102438476463,0.002277139281854703,anchor_id,2000,33121,,,,,,,
primary_common_horizon,all,0.3,50,top_action,top_action_fraction,logger2_heavy,1994,0.6334002006018055,0.48199678054688433,1.0,0.0,0.0,1.0,1.0,1.0,0.613327482447342,0.6534603811434303,anchor_id,2000,33220,minus,,,,,,
primary_common_horizon,all,0.3,50,top_action,top_action_fraction,logger2_heavy,1994,0.04663991975927784,0.21091929273863583,0.0,0.0,0.0,0.0,0.0,1.0,0.03811434302908726,0.05667001003009027,anchor_id,2000,33221,base,,,,,,
primary_common_horizon,all,0.3,50,top_action,top_action_fraction,logger2_heavy,1994,0.31995987963891676,0.4665776783666473,0.0,0.0,0.0,1.0,1.0,1.0,0.2993981945837513,0.34002006018054165,anchor_id,2000,33222,plus,,,,,,
primary_common_horizon,all,0.3,50,top_action,top_action_fraction,do,1994,0.6218655967903711,0.4850430534115397,1.0,0.0,0.0,1.0,1.0,1.0,0.600802407221665,0.6434302908726178,anchor_id,2000,33300,minus,,,,,,
primary_common_horizon,all,0.3,50,top_action,top_action_fraction,do,1994,0.06619859578736209,0.24869129142884763,0.0,0.0,0.0,0.0,0.0,1.0,0.055667001003009024,0.07723169508525576,anchor_id,2000,33301,base,,,,,,
primary_common_horizon,all,0.3,50,top_action,top_action_fraction,do,1994,0.3119358074222668,0.4633999917186143,0.0,0.0,0.0,1.0,1.0,1.0,0.2913741223671013,0.3319959879638917,anchor_id,2000,33302,plus,,,,,,
primary_common_horizon,all,0.3,50,decision_scale,balanced_error_over_action_range,logger12_balanced,1994,0.5446415051142021,,,,,,,,0.5197240753868287,0.5704992557583723,anchor_id,2000,33400,,0.06647169756069897,0.12204669849162704,True,2000,,
primary_common_horizon,all,0.3,50,decision_scale,balanced_error_over_top_second_margin,logger12_balanced,1994,1.029498354318876,,,,,,,,0.9246514551350442,1.135303118242562,anchor_id,2000,33401,,0.06647169756069897,0.0645670751020065,True,2000,1994,
secondary_per_horizon,all,0.3,50,long_horizon,absolute_initial_u_return_effect,none,1994,0.17769190445209535,0.5061559148019055,0.03758961632830922,0.007801684989651865,0.013401583855215431,0.11550306818137557,0.3893472563353992,8.313008059884064,0.15624301684620606,0.20099636766658205,anchor_id,2000,133000,,,,,,,
secondary_per_horizon,all,0.3,50,long_horizon,balanced_do_error,logger12_balanced,1994,0.035535552767828715,0.10106813916608738,0.007513305673053121,0.0015983038055622956,0.002741601983098955,0.023872812246184576,0.08027768529808743,1.7858576940575783,0.03134176607822434,0.04026156795102564,anchor_id,2000,133001,,,,,,,
secondary_per_horizon,all,0.3,50,long_horizon,heavy_mixture_drift,none,1994,0.018425842175910468,0.05240570178982327,0.003895788126769162,0.0008287501214046719,0.001421571398650438,0.01237849523875667,0.0416254664508557,0.9260002858076367,0.016273780458137984,0.02074564294609447,anchor_id,2000,133002,,,,,,,
secondary_per_horizon,all,0.3,50,long_horizon,do_action_range,none,1994,0.12204669849162704,0.3792121905742546,0.024570891824502894,0.0050247885600839485,0.009319653128287086,0.07902640369630731,0.2675192378677168,8.939306861592655,0.10674705439903512,0.1399144415836196,anchor_id,2000,133003,,,,,,,
secondary_per_horizon,all,0.3,50,long_horizon,do_top_second_margin,none,1994,0.0645670751020065,0.27084872467992743,0.012031131089607072,0.0020297955999097894,0.004191188913623023,0.0369035015349759,0.14051881508041228,8.931972670753368,0.0547279696744227,0.07838357803969788,anchor_id,2000,133004,,,,,,,
secondary_per_horizon,all,0.3,50,long_horizon,max_balanced_do_error,logger12_balanced,1994,0.06647169756069897,0.1913096334530185,0.013394523764841182,0.0028590704683267632,0.005151532961505723,0.04460138801244895,0.14410106997402755,3.2288850559302205,0.05819577538343143,0.07561952959883274,anchor_id,2000,133005,,,,,,,
secondary_per_horizon,all,0.3,50,long_horizon,balanced_survival_difference_abs,logger12_balanced,1994,0.00024291624874623894,0.002165415808381368,0.0,0.0,0.0,0.0,0.0,0.040625,0.00015358575727181578,0.0003385547266800404,anchor_id,2000,133006,,,,,,,
secondary_per_horizon,all,0.3,50,long_horizon,balanced_termination_difference_abs,logger12_balanced,1994,0.00024291624874623873,0.0021654158083813666,0.0,0.0,0.0,0.0,0.0,0.04062500000000002,0.00015824818204613838,0.00035105315947843533,anchor_id,2000,133007,,,,,,,
secondary_per_horizon,all,0.3,50,long_horizon,balanced_restricted_time_difference_abs,logger12_balanced,1994,0.003921138415245756,0.029214182961092627,0.0,0.0,0.0,0.0,0.0,0.5562499999999986,0.0027424852683049232,0.00529874780591778,anchor_id,2000,133008,,,,,,,
secondary_per_horizon,all,0.3,50,long_horizon,balanced_future_clipping_rate,logger12_balanced,1994,0.21775230367646142,0.12014811651593435,0.23323767006802718,0.05735331632653063,0.11019876700680273,0.30264668367346936,0.37807397959183675,0.5595486111111111,0.21250641534407097,0.22287980413047026,anchor_id,2000,133009,,,,,,,
secondary_per_horizon,all,0.3,50,long_horizon,balanced_vs_do_top_set_disagreement,logger12_balanced,1994,0.05065195586760281,0.21934097393933571,0.0,0.0,0.0,0.0,0.0,1.0,0.041123370110330994,0.06068204613841525,anchor_id,2000,133010,,,,,,,
secondary_per_horizon,all,0.3,50,long_horizon,balanced_vs_do_strict_disagreement,logger12_balanced,1994,0.05015045135406219,0.2183100660289175,0.0,0.0,0.0,0.0,0.0,1.0,0.041123370110330994,0.059679037111334,anchor_id,2000,133011,,,,,,,
secondary_per_horizon,all,0.3,50,long_horizon,heavy_top_set_disagreement,none,1994,0.01354062186559679,0.11560266224932453,0.0,0.0,0.0,0.0,0.0,1.0,0.008525576730190571,0.01905717151454363,anchor_id,2000,133012,,,,,,,
secondary_per_horizon,all,0.3,50,long_horizon,heavy_strict_disagreement,none,1994,0.01354062186559679,0.11560266224932453,0.0,0.0,0.0,0.0,0.0,1.0,0.00802407221664995,0.018555667001003008,anchor_id,2000,133013,,,,,,,
secondary_per_horizon,all,0.3,50,decision_regret,decision_regret_best,logger1_heavy,1994,0.0012402970674028728,0.024020385939399355,0.0,0.0,0.0,0.0,0.0,0.9573954210761713,0.0004201361492874149,0.0024902630858748332,anchor_id,2000,133100,,,,,,,
secondary_per_horizon,all,0.3,50,decision_regret,decision_regret_worst,logger1_heavy,1994,0.0012402970674028728,0.024020385939399355,0.0,0.0,0.0,0.0,0.0,0.9573954210761713,0.00043401613442384197,0.0025365743309602993,anchor_id,2000,133101,,,,,,,
secondary_per_horizon,all,0.3,50,top_action,top_action_fraction,logger1_heavy,1994,0.6374122367101304,0.4808678009783711,1.0,0.0,0.0,1.0,1.0,1.0,0.617339518555667,0.6589894684052157,anchor_id,2000,133200,minus,,,,,,
secondary_per_horizon,all,0.3,50,top_action,top_action_fraction,logger1_heavy,1994,0.04212637913741224,0.2009278329535823,0.0,0.0,0.0,0.0,0.0,1.0,0.033099297893681046,0.05115346038114343,anchor_id,2000,133201,base,,,,,,
secondary_per_horizon,all,0.3,50,top_action,top_action_fraction,logger1_heavy,1994,0.3204613841524574,0.4667709832359533,0.0,0.0,0.0,1.0,1.0,1.0,0.29989969909729186,0.34052156469408223,anchor_id,2000,133202,plus,,,,,,
secondary_per_horizon,all,0.3,50,decision_regret,decision_regret_best,logger12_balanced,1994,0.0012204452664873865,0.02401853356196489,0.0,0.0,0.0,0.0,0.0,0.9573954210761713,0.0004193381270508196,0.002402276339154715,anchor_id,2000,133110,,,,,,,
secondary_per_horizon,all,0.3,50,decision_regret,decision_regret_worst,logger12_balanced,1994,0.0012207269616628992,0.024018522534980716,0.0,0.0,0.0,0.0,0.0,0.9573954210761713,0.00039618585848692544,0.0023821734595166314,anchor_id,2000,133111,,,,,,,
secondary_per_horizon,all,0.3,50,top_action,top_action_fraction,logger12_balanced,1994,0.6359077231695085,0.48129539986091396,1.0,0.0,0.0,1.0,1.0,1.0,0.6143430290872618,0.6559679037111334,anchor_id,2000,133210,minus,,,,,,
secondary_per_horizon,all,0.3,50,top_action,top_action_fraction,logger12_balanced,1994,0.04262788365095286,0.20206737547075293,0.0,0.0,0.0,0.0,0.0,1.0,0.034102306920762285,0.051165997993981874,anchor_id,2000,133211,base,,,,,,
secondary_per_horizon,all,0.3,50,top_action,top_action_fraction,logger12_balanced,1994,0.32196589769307926,0.46734718755817545,0.0,0.0,0.0,1.0,1.0,1.0,0.3014042126379137,0.34252758274824474,anchor_id,2000,133212,plus,,,,,,
secondary_per_horizon,all,0.3,50,decision_regret,decision_regret_best,logger2_heavy,1994,0.0010633045244548135,0.02374842350473227,0.0,0.0,0.0,0.0,0.0,0.9573954210761713,0.00025311019694430426,0.0022674854026612868,anchor_id,2000,133120,,,,,,,
secondary_per_horizon,all,0.3,50,decision_regret,decision_regret_worst,logger2_heavy,1994,0.0010633045244548135,0.02374842350473227,0.0,0.0,0.0,0.0,0.0,0.9573954210761713,0.00027518278755810294,0.002371458438994326,anchor_id,2000,133121,,,,,,,
secondary_per_horizon,all,0.3,50,top_action,top_action_fraction,logger2_heavy,1994,0.6334002006018055,0.48199678054688433,1.0,0.0,0.0,1.0,1.0,1.0,0.6118355065195586,0.6544633901705116,anchor_id,2000,133220,minus,,,,,,
secondary_per_horizon,all,0.3,50,top_action,top_action_fraction,logger2_heavy,1994,0.04663991975927784,0.21091929273863583,0.0,0.0,0.0,0.0,0.0,1.0,0.03761283851554664,0.055667001003009024,anchor_id,2000,133221,base,,,,,,
secondary_per_horizon,all,0.3,50,top_action,top_action_fraction,logger2_heavy,1994,0.31995987963891676,0.4665776783666473,0.0,0.0,0.0,1.0,1.0,1.0,0.29989969909729186,0.339518555667001,anchor_id,2000,133222,plus,,,,,,
secondary_per_horizon,all,0.3,50,top_action,top_action_fraction,do,1994,0.6218655967903711,0.4850430534115397,1.0,0.0,0.0,1.0,1.0,1.0,0.5997993981945837,0.6439317953861585,anchor_id,2000,133300,minus,,,,,,
secondary_per_horizon,all,0.3,50,top_action,top_action_fraction,do,1994,0.06619859578736209,0.24869129142884763,0.0,0.0,0.0,0.0,0.0,1.0,0.054663991975927785,0.07723169508525576,anchor_id,2000,133301,base,,,,,,
secondary_per_horizon,all,0.3,50,top_action,top_action_fraction,do,1994,0.3119358074222668,0.4633999917186143,0.0,0.0,0.0,1.0,1.0,1.0,0.29187562688064195,0.33251003009027075,anchor_id,2000,133302,plus,,,,,,
secondary_per_horizon,all,0.3,50,decision_scale,balanced_error_over_action_range,logger12_balanced,1994,0.5446415051142021,,,,,,,,0.5204100712328795,0.5700484451915573,anchor_id,2000,133400,,0.06647169756069897,0.12204669849162704,True,2000,,
secondary_per_horizon,all,0.3,50,decision_scale,balanced_error_over_top_second_margin,logger12_balanced,1994,1.029498354318876,,,,,,,,0.9260416845250413,1.1350111383886552,anchor_id,2000,133401,,0.06647169756069897,0.0645670751020065,True,2000,1994,
initial_clipping_subset,all,0.3,1,long_horizon,absolute_initial_u_return_effect,none,1994,0.011553739553863705,0.006668874251278721,0.009517760748706989,0.004202942578043579,0.006185240173877412,0.01845057724223727,0.02082802458809711,0.031612877289743636,0.01126366163821946,0.01184151100313941,anchor_id,2000,200000,,,,,,,
initial_clipping_subset,all,0.3,1,long_horizon,balanced_do_error,logger12_balanced,1994,0.00230131319487744,0.0013200182605801708,0.0019134966720883253,0.0008488089277540449,0.0012192403978734296,0.003668698592889319,0.004144845428834066,0.0063209891599746255,0.0022445200993816816,0.002357475287648766,anchor_id,2000,200001,,,,,,,
initial_clipping_subset,all,0.3,1,long_horizon,heavy_mixture_drift,none,1994,0.0011932735084549484,0.0006844539128934171,0.0009921834596013182,0.0004401231477245175,0.0006321987248233407,0.0019022881592759184,0.0021491791112472273,0.003277549934801449,0.0011631752226452512,0.0012223438891493118,anchor_id,2000,200002,,,,,,,
initial_clipping_subset,all,0.3,1,long_horizon,do_action_range,none,1994,0.0075119544820299484,0.004420889098331236,0.006432021235901031,0.002008503529836736,0.003945529164805284,0.012004739405424014,0.01365251783282142,0.021057926422283657,0.007313506860324151,0.007709572748886103,anchor_id,2000,200003,,,,,,,
initial_clipping_subset,all,0.3,1,long_horizon,do_top_second_margin,none,1994,0.0035732954547492693,0.0022459439239021963,0.0030785151643166753,0.0008297976184654665,0.0018205684089674934,0.005806390311180576,0.006724396801128619,0.013326858076966985,0.003480225858632301,0.003671650082627426,anchor_id,2000,200004,,,,,,,
initial_clipping_subset,all,0.3,1,long_horizon,max_balanced_do_error,logger12_balanced,1994,0.0038220674458921858,0.0020269306524276485,0.0031968992209661096,0.001583973688100615,0.002172395600292032,0.005736886228273397,0.006445486415194201,0.009544950639019945,0.0037355096743282587,0.003910245115681598,anchor_id,2000,200005,,,,,,,
initial_clipping_subset,all,0.3,1,long_horizon,balanced_survival_difference_abs,logger12_balanced,1994,0.0,0.0,0.0,0.0,0.0,0.0,0.0,0.0,0.0,0.0,anchor_id,2000,200006,,,,,,,
initial_clipping_subset,all,0.3,1,long_horizon,balanced_termination_difference_abs,logger12_balanced,1994,0.0,0.0,0.0,0.0,0.0,0.0,0.0,0.0,0.0,0.0,anchor_id,2000,200007,,,,,,,
initial_clipping_subset,all,0.3,1,long_horizon,balanced_restricted_time_difference_abs,logger12_balanced,1994,0.0,0.0,0.0,0.0,0.0,0.0,0.0,0.0,0.0,0.0,anchor_id,2000,200008,,,,,,,
initial_clipping_subset,all,0.3,1,long_horizon,balanced_future_clipping_rate,logger12_balanced,1994,0.0,0.0,0.0,0.0,0.0,0.0,0.0,0.0,0.0,0.0,anchor_id,2000,200009,,,,,,,
initial_clipping_subset,all,0.3,1,long_horizon,balanced_vs_do_top_set_disagreement,logger12_balanced,1994,0.0160481444332999,0.12569218163793788,0.0,0.0,0.0,0.0,0.0,1.0,0.01053159478435306,0.022066198595787363,anchor_id,2000,200010,,,,,,,
initial_clipping_subset,all,0.3,1,long_horizon,balanced_vs_do_strict_disagreement,logger12_balanced,1994,0.0160481444332999,0.12569218163793788,0.0,0.0,0.0,0.0,0.0,1.0,0.011033099297893681,0.022066198595787363,anchor_id,2000,200011,,,,,,,
initial_clipping_subset,all,0.3,1,long_horizon,heavy_top_set_disagreement,none,1994,0.005516549648946841,0.07408690857370026,0.0,0.0,0.0,0.0,0.0,1.0,0.0025075225677031092,0.009027081243731194,anchor_id,2000,200012,,,,,,,
initial_clipping_subset,all,0.3,1,long_horizon,heavy_strict_disagreement,none,1994,0.005516549648946841,0.07408690857370026,0.0,0.0,0.0,0.0,0.0,1.0,0.0025075225677031092,0.009027081243731194,anchor_id,2000,200013,,,,,,,
initial_clipping_subset,all,0.3,1,decision_regret,decision_regret_best,logger1_heavy,1994,6.286622175296353e-06,5.995604378915708e-05,0.0,0.0,0.0,0.0,0.0,0.0015158589637325193,3.699748207759516e-06,9.052871267809795e-06,anchor_id,2000,200100,,,,,,,
initial_clipping_subset,all,0.3,1,decision_regret,decision_regret_worst,logger1_heavy,1994,6.286622175296353e-06,5.995604378915708e-05,0.0,0.0,0.0,0.0,0.0,0.0015158589637325193,3.897304869809093e-06,9.072858800458443e-06,anchor_id,2000,200101,,,,,,,
initial_clipping_subset,all,0.3,1,top_action,top_action_fraction,logger1_heavy,1994,0.8350050150451354,0.37126913103803943,1.0,0.0,1.0,1.0,1.0,1.0,0.8174523570712137,0.8505516549648947,anchor_id,2000,200200,minus,,,,,,
initial_clipping_subset,all,0.3,1,top_action,top_action_fraction,logger1_heavy,1994,0.07923771313941826,0.27017717452015977,0.0,0.0,0.0,0.0,0.0,1.0,0.06720160481444333,0.09177532597793381,anchor_id,2000,200201,base,,,,,,
initial_clipping_subset,all,0.3,1,top_action,top_action_fraction,logger1_heavy,1994,0.08575727181544635,0.2800755278748568,0.0,0.0,0.0,0.0,0.0,1.0,0.07372116349047142,0.09829488465396188,anchor_id,2000,200202,plus,,,,,,
initial_clipping_subset,all,0.3,1,decision_regret,decision_regret_best,logger12_balanced,1994,4.6941022452139725e-06,4.5654940965661624e-05,0.0,0.0,0.0,0.0,0.0,0.0008220496290372026,2.8917407560265827e-06,6.863915416040079e-06,anchor_id,2000,200110,,,,,,,
initial_clipping_subset,all,0.3,1,decision_regret,decision_regret_worst,logger12_balanced,1994,4.6941022452139725e-06,4.5654940965661624e-05,0.0,0.0,0.0,0.0,0.0,0.0008220496290372026,2.847658859228026e-06,6.785160663443739e-06,anchor_id,2000,200111,,,,,,,
initial_clipping_subset,all,0.3,1,top_action,top_action_fraction,logger12_balanced,1994,0.8350050150451354,0.37126913103803943,1.0,0.0,1.0,1.0,1.0,1.0,0.8189568706118355,0.8515546639919759,anchor_id,2000,200210,minus,,,,,,
initial_clipping_subset,all,0.3,1,top_action,top_action_fraction,logger12_balanced,1994,0.07873620862587763,0.269394160796812,0.0,0.0,0.0,0.0,0.0,1.0,0.06720160481444333,0.08978184553660977,anchor_id,2000,200211,base,,,,,,
initial_clipping_subset,all,0.3,1,top_action,top_action_fraction,logger12_balanced,1994,0.08625877632898696,0.28081621632561954,0.0,0.0,0.0,0.0,0.0,1.0,0.07471163490471415,0.09879638916750251,anchor_id,2000,200212,plus,,,,,,
initial_clipping_subset,all,0.3,1,decision_regret,decision_regret_best,logger2_heavy,1994,2.9438323995410673e-06,3.0652620598006426e-05,0.0,0.0,0.0,0.0,0.0,0.000607207070070892,1.6824794114117113e-06,4.340454372672417e-06,anchor_id,2000,200120,,,,,,,
initial_clipping_subset,all,0.3,1,decision_regret,decision_regret_worst,logger2_heavy,1994,2.9438323995410673e-06,3.0652620598006426e-05,0.0,0.0,0.0,0.0,0.0,0.000607207070070892,1.7340800046755394e-06,4.361572904478366e-06,anchor_id,2000,200121,,,,,,,
initial_clipping_subset,all,0.3,1,top_action,top_action_fraction,logger2_heavy,1994,0.8329989969909729,0.37307032599427975,1.0,0.0,1.0,1.0,1.0,1.0,0.8169383149448345,0.8490471414242728,anchor_id,2000,200220,minus,,,,,,
initial_clipping_subset,all,0.3,1,top_action,top_action_fraction,logger2_heavy,1994,0.07973921765295888,0.2709569968205857,0.0,0.0,0.0,0.0,0.0,1.0,0.06820461384152457,0.09128635907723164,anchor_id,2000,200221,base,,,,,,
initial_clipping_subset,all,0.3,1,top_action,top_action_fraction,logger2_heavy,1994,0.08726178535606821,0.2822890887507328,0.0,0.0,0.0,0.0,0.0,1.0,0.07472417251755266,0.09979939819458375,anchor_id,2000,200222,plus,,,,,,
initial_clipping_subset,all,0.3,1,top_action,top_action_fraction,do,1994,0.8224674022066198,0.3822146495422542,1.0,0.0,1.0,1.0,1.0,1.0,0.8059177532597793,0.8390170511534604,anchor_id,2000,200300,minus,,,,,,
initial_clipping_subset,all,0.3,1,top_action,top_action_fraction,do,1994,0.08776328986960882,0.2830213169832681,0.0,0.0,0.0,0.0,0.0,1.0,0.07522567703109329,0.0998119358074222,anchor_id,2000,200301,base,,,,,,
initial_clipping_subset,all,0.3,1,top_action,top_action_fraction,do,1994,0.08976930792377132,0.28592267864651427,0.0,0.0,0.0,0.0,0.0,1.0,0.07673019057171515,0.10280842527582748,anchor_id,2000,200302,plus,,,,,,
initial_clipping_subset,all,0.3,1,decision_scale,balanced_error_over_action_range,logger12_balanced,1994,0.5087980039063484,,,,,,,,0.5042859422828073,0.5135068025772535,anchor_id,2000,200400,,0.0038220674458921858,0.0075119544820299484,True,2000,,
initial_clipping_subset,all,0.3,1,decision_scale,balanced_error_over_top_second_margin,logger12_balanced,1994,1.0696197653659658,,,,,,,,1.0555813908263867,1.0851564273114767,anchor_id,2000,200401,,0.0038220674458921858,0.0035732954547492693,True,2000,1994,
initial_clipping_subset,initial_step_strict_unclipped,0.3,1,long_horizon,absolute_initial_u_return_effect,none,811,0.010694617120620125,0.006439745098145678,0.008748034392810725,0.004364024685784192,0.006272809443977309,0.015534904603751804,0.021315821154910115,0.027682147488502284,0.010248306930670574,0.011126782038496234,anchor_id,2000,201000,,,,,,,
initial_clipping_subset,initial_step_strict_unclipped,0.3,1,long_horizon,balanced_do_error,logger12_balanced,811,0.0021291369466290857,0.0012671128199093888,0.0017615280728332887,0.0008728048549738373,0.001254561805817437,0.0030309843257387095,0.004228814917249431,0.00550943254359663,0.0020447579885735693,0.002215406597024852,anchor_id,2000,201001,,,,,,,
initial_clipping_subset,initial_step_strict_unclipped,0.3,1,long_horizon,heavy_mixture_drift,none,811,0.0011039969352891312,0.000657021462175241,0.0009133849266543445,0.0004525654803567332,0.0006505135289422981,0.001571621502234851,0.0021927188459810822,0.0028567428003833197,0.0010583998771537802,0.001149180656763596,anchor_id,2000,201002,,,,,,,
initial_clipping_subset,initial_step_strict_unclipped,0.3,1,long_horizon,do_action_range,none,811,0.006952122290516551,0.004081643876419194,0.005832023349247706,0.0026359859447233625,0.004153737659580159,0.009118875802738735,0.013455101055592333,0.01836477226758415,0.006679511984001919,0.007231286607433765,anchor_id,2000,201003,,,,,,,
initial_clipping_subset,initial_step_strict_unclipped,0.3,1,long_horizon,do_top_second_margin,none,811,0.0033390533864000723,0.001969783320762291,0.002862524397851729,0.0012180946745123933,0.002033593492646535,0.004080718957992557,0.006497295984616791,0.009142315640371601,0.003206004787705568,0.0034682241384054124,anchor_id,2000,201004,,,,,,,
initial_clipping_subset,initial_step_strict_unclipped,0.3,1,long_horizon,max_balanced_do_error,logger12_balanced,811,0.0034282401261387556,0.0021086693169973837,0.002737366183234613,0.001416202185844817,0.001971858993231379,0.005165414226381948,0.006742581246589108,0.009288646938093503,0.003286032108975695,0.003575855630329802,anchor_id,2000,201005,,,,,,,
initial_clipping_subset,initial_step_strict_unclipped,0.3,1,long_horizon,balanced_survival_difference_abs,logger12_balanced,811,0.0,0.0,0.0,0.0,0.0,0.0,0.0,0.0,0.0,0.0,anchor_id,2000,201006,,,,,,,
initial_clipping_subset,initial_step_strict_unclipped,0.3,1,long_horizon,balanced_termination_difference_abs,logger12_balanced,811,0.0,0.0,0.0,0.0,0.0,0.0,0.0,0.0,0.0,0.0,anchor_id,2000,201007,,,,,,,
initial_clipping_subset,initial_step_strict_unclipped,0.3,1,long_horizon,balanced_restricted_time_difference_abs,logger12_balanced,811,0.0,0.0,0.0,0.0,0.0,0.0,0.0,0.0,0.0,0.0,anchor_id,2000,201008,,,,,,,
initial_clipping_subset,initial_step_strict_unclipped,0.3,1,long_horizon,balanced_future_clipping_rate,logger12_balanced,811,0.0,0.0,0.0,0.0,0.0,0.0,0.0,0.0,0.0,0.0,anchor_id,2000,201009,,,,,,,
initial_clipping_subset,initial_step_strict_unclipped,0.3,1,long_horizon,balanced_vs_do_top_set_disagreement,logger12_balanced,811,0.0012330456226880395,0.03511474936103118,0.0,0.0,0.0,0.0,0.0,1.0,0.0,0.0036991368680641184,anchor_id,2000,201010,,,,,,,
initial_clipping_subset,initial_step_strict_unclipped,0.3,1,long_horizon,balanced_vs_do_strict_disagreement,logger12_balanced,811,0.0012330456226880395,0.03511474936103118,0.0,0.0,0.0,0.0,0.0,1.0,0.0,0.0036991368680641184,anchor_id,2000,201011,,,,,,,
initial_clipping_subset,initial_step_strict_unclipped,0.3,1,long_horizon,heavy_top_set_disagreement,none,811,0.002466091245376079,0.04962909114907326,0.0,0.0,0.0,0.0,0.0,1.0,0.0,0.006165228113440197,anchor_id,2000,201012,,,,,,,
initial_clipping_subset,initial_step_strict_unclipped,0.3,1,long_horizon,heavy_strict_disagreement,none,811,0.002466091245376079,0.04962909114907326,0.0,0.0,0.0,0.0,0.0,1.0,0.0,0.006165228113440197,anchor_id,2000,201013,,,,,,,
initial_clipping_subset,initial_step_strict_unclipped,0.3,1,decision_regret,decision_regret_best,logger1_heavy,811,2.6716697879105574e-06,5.738144439759198e-05,0.0,0.0,0.0,0.0,0.0,0.0015158589637325193,0.0,7.164620859614633e-06,anchor_id,2000,201100,,,,,,,
initial_clipping_subset,initial_step_strict_unclipped,0.3,1,decision_regret,decision_regret_worst,logger1_heavy,811,2.6716697879105574e-06,5.738144439759198e-05,0.0,0.0,0.0,0.0,0.0,0.0015158589637325193,0.0,7.5061338440961945e-06,anchor_id,2000,201101,,,,,,,
initial_clipping_subset,initial_step_strict_unclipped,0.3,1,top_action,top_action_fraction,logger1_heavy,811,0.9272503082614056,0.25988546429605097,1.0,1.0,1.0,1.0,1.0,1.0,0.9087546239210851,0.9445129469790382,anchor_id,2000,201200,minus,,,,,,
initial_clipping_subset,initial_step_strict_unclipped,0.3,1,top_action,top_action_fraction,logger1_heavy,811,0.006165228113440197,0.07832485264914087,0.0,0.0,0.0,0.0,0.0,1.0,0.0012330456226880395,0.012330456226880395,anchor_id,2000,201201,base,,,,,,
initial_clipping_subset,initial_step_strict_unclipped,0.3,1,top_action,top_action_fraction,logger1_heavy,811,0.06658446362515413,0.2494548103865502,0.0,0.0,0.0,0.0,0.0,1.0,0.05055487053020962,0.08384710234278668,anchor_id,2000,201202,plus,,,,,,
initial_clipping_subset,initial_step_strict_unclipped,0.3,1,decision_regret,decision_regret_best,logger12_balanced,811,4.906869338388261e-08,1.3973812792847931e-06,0.0,0.0,0.0,0.0,0.0,3.97947103343288e-05,0.0,1.484327974862382e-07,anchor_id,2000,201110,,,,,,,
initial_clipping_subset,initial_step_strict_unclipped,0.3,1,decision_regret,decision_regret_worst,logger12_balanced,811,4.906869338388261e-08,1.3973812792847931e-06,0.0,0.0,0.0,0.0,0.0,3.97947103343288e-05,0.0,1.4720608015164783e-07,anchor_id,2000,201111,,,,,,,
initial_clipping_subset,initial_step_strict_unclipped,0.3,1,top_action,top_action_fraction,logger12_balanced,811,0.9284833538840938,0.25784490152237494,1.0,1.0,1.0,1.0,1.0,1.0,0.9099876695437731,0.9469790382244143,anchor_id,2000,201210,minus,,,,,,
initial_clipping_subset,initial_step_strict_unclipped,0.3,1,top_action,top_action_fraction,logger12_balanced,811,0.0036991368680641184,0.060745396506936625,0.0,0.0,0.0,0.0,0.0,1.0,0.0,0.008631319358816275,anchor_id,2000,201211,base,,,,,,
initial_clipping_subset,initial_step_strict_unclipped,0.3,1,top_action,top_action_fraction,logger12_balanced,811,0.06781750924784218,0.2515876427105527,0.0,0.0,0.0,0.0,0.0,1.0,0.05055487053020962,0.08631319358816276,anchor_id,2000,201212,plus,,,,,,
initial_clipping_subset,initial_step_strict_unclipped,0.3,1,decision_regret,decision_regret_best,logger2_heavy,811,4.906869338388261e-08,1.3973812792847931e-06,0.0,0.0,0.0,0.0,0.0,3.97947103343288e-05,0.0,1.4720608015164783e-07,anchor_id,2000,201120,,,,,,,
initial_clipping_subset,initial_step_strict_unclipped,0.3,1,decision_regret,decision_regret_worst,logger2_heavy,811,4.906869338388261e-08,1.3973812792847931e-06,0.0,0.0,0.0,0.0,0.0,3.97947103343288e-05,0.0,1.4720608015164783e-07,anchor_id,2000,201121,,,,,,,
initial_clipping_subset,initial_step_strict_unclipped,0.3,1,top_action,top_action_fraction,logger2_heavy,811,0.9284833538840938,0.25784490152237494,1.0,1.0,1.0,1.0,1.0,1.0,0.9099876695437731,0.9457459926017263,anchor_id,2000,201220,minus,,,,,,
initial_clipping_subset,initial_step_strict_unclipped,0.3,1,top_action,top_action_fraction,logger2_heavy,811,0.0036991368680641184,0.060745396506936625,0.0,0.0,0.0,0.0,0.0,1.0,0.0,0.008631319358816275,anchor_id,2000,201221,base,,,,,,
initial_clipping_subset,initial_step_strict_unclipped,0.3,1,top_action,top_action_fraction,logger2_heavy,811,0.06781750924784218,0.2515876427105527,0.0,0.0,0.0,0.0,0.0,1.0,0.05055487053020962,0.08631319358816276,anchor_id,2000,201222,plus,,,,,,
initial_clipping_subset,initial_step_strict_unclipped,0.3,1,top_action,top_action_fraction,do,811,0.9297163995067818,0.25578210917243505,1.0,1.0,1.0,1.0,1.0,1.0,0.91365598027127,0.9469790382244143,anchor_id,2000,201300,minus,,,,,,
initial_clipping_subset,initial_step_strict_unclipped,0.3,1,top_action,top_action_fraction,do,811,0.002466091245376079,0.04962909114907327,0.0,0.0,0.0,0.0,0.0,1.0,0.0,0.006165228113440197,anchor_id,2000,201301,base,,,,,,
initial_clipping_subset,initial_step_strict_unclipped,0.3,1,top_action,top_action_fraction,do,811,0.06781750924784218,0.2515876427105527,0.0,0.0,0.0,0.0,0.0,1.0,0.05055487053020962,0.08508014796547472,anchor_id,2000,201302,plus,,,,,,
initial_clipping_subset,initial_step_strict_unclipped,0.3,1,decision_scale,balanced_error_over_action_range,logger12_balanced,811,0.49312137831856717,,,,,,,,0.48588341760041737,0.5003213667167751,anchor_id,2000,201400,,0.0034282401261387556,0.006952122290516551,True,2000,,
initial_clipping_subset,initial_step_strict_unclipped,0.3,1,decision_scale,balanced_error_over_top_second_margin,logger12_balanced,811,1.0267101868158024,,,,,,,,1.0062519581653924,1.0474278824457297,anchor_id,2000,201401,,0.0034282401261387556,0.0033390533864000723,True,2000,811,
initial_clipping_subset,any_initial_clipping,0.3,1,long_horizon,absolute_initial_u_return_effect,none,1183,0.012142706834810911,0.006761375050551084,0.010338569722349552,0.004202856435034582,0.006117037895181661,0.018909333220390234,0.020640447227769136,0.031612877289743636,0.011750788246504308,0.012545882580034138,anchor_id,2000,202000,,,,,,,
initial_clipping_subset,any_initial_clipping,0.3,1,long_horizon,balanced_do_error,logger12_balanced,1183,0.002419347799551502,0.0013429202834066417,0.0021229260783891903,0.0008487338579776349,0.0011904243446054785,0.0037619381512440002,0.004123363529550191,0.0063209891599746255,0.0023438744967036735,0.0024953445127494866,anchor_id,2000,202001,,,,,,,
initial_clipping_subset,any_initial_clipping,0.3,1,long_horizon,heavy_mixture_drift,none,1183,0.0012544766368044644,0.0006963290358404707,0.001100776485090697,0.00044008422265523115,0.000617257067573318,0.0019506345969412622,0.0021380403486558563,0.003277549934801449,0.0012147919867999569,0.0012943811773876905,anchor_id,2000,202002,,,,,,,
initial_clipping_subset,any_initial_clipping,0.3,1,long_horizon,do_action_range,none,1183,0.0078957447671672,0.0046016285186723516,0.007384760460535489,0.0019510777347884645,0.003584539719355684,0.012491687275613117,0.013706196450497287,0.021057926422283657,0.007639717503135488,0.008158309480820955,anchor_id,2000,202003,,,,,,,
initial_clipping_subset,any_initial_clipping,0.3,1,long_horizon,do_top_second_margin,none,1183,0.003733878985967527,0.00240476397198851,0.0032695396415789446,0.0007755939610721186,0.0015529662926492271,0.006213411960053206,0.006817415326685605,0.013326858076966985,0.0036010017825134316,0.0038697989068963343,anchor_id,2000,202004,,,,,,,
initial_clipping_subset,any_initial_clipping,0.3,1,long_horizon,max_balanced_do_error,logger12_balanced,1183,0.004092053884032534,0.0019237725135543852,0.0038200067931759563,0.0016841455037446495,0.002397887480661609,0.005842070630680096,0.006352446729780148,0.009544950639019945,0.003980321027780434,0.004202609519076204,anchor_id,2000,202005,,,,,,,
initial_clipping_subset,any_initial_clipping,0.3,1,long_horizon,balanced_survival_difference_abs,logger12_balanced,1183,0.0,0.0,0.0,0.0,0.0,0.0,0.0,0.0,0.0,0.0,anchor_id,2000,202006,,,,,,,
initial_clipping_subset,any_initial_clipping,0.3,1,long_horizon,balanced_termination_difference_abs,logger12_balanced,1183,0.0,0.0,0.0,0.0,0.0,0.0,0.0,0.0,0.0,0.0,anchor_id,2000,202007,,,,,,,
initial_clipping_subset,any_initial_clipping,0.3,1,long_horizon,balanced_restricted_time_difference_abs,logger12_balanced,1183,0.0,0.0,0.0,0.0,0.0,0.0,0.0,0.0,0.0,0.0,anchor_id,2000,202008,,,,,,,
initial_clipping_subset,any_initial_clipping,0.3,1,long_horizon,balanced_future_clipping_rate,logger12_balanced,1183,0.0,0.0,0.0,0.0,0.0,0.0,0.0,0.0,0.0,0.0,anchor_id,2000,202009,,,,,,,
initial_clipping_subset,any_initial_clipping,0.3,1,long_horizon,balanced_vs_do_top_set_disagreement,logger12_balanced,1183,0.026204564666103127,0.15981074492143563,0.0,0.0,0.0,0.0,0.0,1.0,0.01775147928994083,0.03634826711749789,anchor_id,2000,202010,,,,,,,
initial_clipping_subset,any_initial_clipping,0.3,1,long_horizon,balanced_vs_do_strict_disagreement,logger12_balanced,1183,0.026204564666103127,0.15981074492143563,0.0,0.0,0.0,0.0,0.0,1.0,0.01775147928994083,0.03634826711749789,anchor_id,2000,202011,,,,,,,
initial_clipping_subset,any_initial_clipping,0.3,1,long_horizon,heavy_top_set_disagreement,none,1183,0.0076077768385460695,0.08692690011244089,0.0,0.0,0.0,0.0,0.0,1.0,0.0033812341504649195,0.01267962806424345,anchor_id,2000,202012,,,,,,,
initial_clipping_subset,any_initial_clipping,0.3,1,long_horizon,heavy_strict_disagreement,none,1183,0.0076077768385460695,0.08692690011244089,0.0,0.0,0.0,0.0,0.0,1.0,0.0033812341504649195,0.01267962806424345,anchor_id,2000,202013,,,,,,,
initial_clipping_subset,any_initial_clipping,0.3,1,decision_regret,decision_regret_best,logger1_heavy,1183,8.764835519480528e-06,6.156034661930983e-05,0.0,0.0,0.0,0.0,0.0,0.0008220496290372026,5.5747654559472184e-06,1.2319318063279805e-05,anchor_id,2000,202100,,,,,,,
initial_clipping_subset,any_initial_clipping,0.3,1,decision_regret,decision_regret_worst,logger1_heavy,1183,8.764835519480528e-06,6.156034661930983e-05,0.0,0.0,0.0,0.0,0.0,0.0008220496290372026,5.606706376980537e-06,1.2710624838406327e-05,anchor_id,2000,202101,,,,,,,
initial_clipping_subset,any_initial_clipping,0.3,1,top_action,top_action_fraction,logger1_heavy,1183,0.7717666948436179,0.41987127147370806,1.0,0.0,1.0,1.0,1.0,1.0,0.7480769230769231,0.7945900253592562,anchor_id,2000,202200,minus,,,,,,
initial_clipping_subset,any_initial_clipping,0.3,1,top_action,top_action_fraction,logger1_heavy,1183,0.1293322062552832,0.3357091799534633,0.0,0.0,0.0,0.0,1.0,1.0,0.11073541842772612,0.14877430262045646,anchor_id,2000,202201,base,,,,,,
initial_clipping_subset,any_initial_clipping,0.3,1,top_action,top_action_fraction,logger1_heavy,1183,0.0989010989010989,0.298655435059368,0.0,0.0,0.0,0.0,0.0,1.0,0.08199492814877431,0.11665257819103973,anchor_id,2000,202202,plus,,,,,,
initial_clipping_subset,any_initial_clipping,0.3,1,decision_regret,decision_regret_best,logger12_balanced,1183,7.878482812022258e-06,5.906118760417012e-05,0.0,0.0,0.0,0.0,0.0,0.0008220496290372026,4.897849477471812e-06,1.1478557428633001e-05,anchor_id,2000,202110,,,,,,,
initial_clipping_subset,any_initial_clipping,0.3,1,decision_regret,decision_regret_worst,logger12_balanced,1183,7.878482812022258e-06,5.906118760417012e-05,0.0,0.0,0.0,0.0,0.0,0.0008220496290372026,4.774963346060125e-06,1.1109868168541993e-05,anchor_id,2000,202111,,,,,,,
initial_clipping_subset,any_initial_clipping,0.3,1,top_action,top_action_fraction,logger12_balanced,1183,0.7709213863060017,0.4204176632601871,1.0,0.0,1.0,1.0,1.0,1.0,0.7472527472527473,0.7945900253592562,anchor_id,2000,202210,minus,,,,,,
initial_clipping_subset,any_initial_clipping,0.3,1,top_action,top_action_fraction,logger12_balanced,1183,0.1301775147928994,0.33664094495804414,0.0,0.0,0.0,0.0,1.0,1.0,0.11158072696534235,0.1496196111580727,anchor_id,2000,202211,base,,,,,,
initial_clipping_subset,any_initial_clipping,0.3,1,top_action,top_action_fraction,logger12_balanced,1183,0.0989010989010989,0.298655435059368,0.0,0.0,0.0,0.0,0.0,1.0,0.08199492814877431,0.1158072696534235,anchor_id,2000,202212,plus,,,,,,
initial_clipping_subset,any_initial_clipping,0.3,1,decision_regret,decision_regret_best,logger2_heavy,1183,4.92832383292524e-06,3.9663909005907834e-05,0.0,0.0,0.0,0.0,0.0,0.000607207070070892,2.7483167407220826e-06,7.355208321698452e-06,anchor_id,2000,202120,,,,,,,
initial_clipping_subset,any_initial_clipping,0.3,1,decision_regret,decision_regret_worst,logger2_heavy,1183,4.92832383292524e-06,3.9663909005907834e-05,0.0,0.0,0.0,0.0,0.0,0.000607207070070892,2.832326469183575e-06,7.392069626990955e-06,anchor_id,2000,202121,,,,,,,
initial_clipping_subset,any_initial_clipping,0.3,1,top_action,top_action_fraction,logger2_heavy,1183,0.7675401521555367,0.42257924280428893,1.0,0.0,1.0,1.0,1.0,1.0,0.7438503803888419,0.7912087912087912,anchor_id,2000,202220,minus,,,,,,
initial_clipping_subset,any_initial_clipping,0.3,1,top_action,top_action_fraction,logger2_heavy,1183,0.13186813186813187,0.3384904423324222,0.0,0.0,0.0,0.0,1.0,1.0,0.11158072696534235,0.15131022823330514,anchor_id,2000,202221,base,,,,,,
initial_clipping_subset,any_initial_clipping,0.3,1,top_action,top_action_fraction,logger2_heavy,1183,0.10059171597633136,0.30091454762709313,0.0,0.0,0.0,0.0,0.7999999999999545,1.0,0.08368554522400676,0.11749788672865596,anchor_id,2000,202222,plus,,,,,,
initial_clipping_subset,any_initial_clipping,0.3,1,top_action,top_action_fraction,do,1183,0.7489433643279797,0.4338044223190076,1.0,0.0,0.0,1.0,1.0,1.0,0.724429416737109,0.7734573119188504,anchor_id,2000,202300,minus,,,,,,
initial_clipping_subset,any_initial_clipping,0.3,1,top_action,top_action_fraction,do,1183,0.14623837700760778,0.35349447301409,0.0,0.0,0.0,0.0,1.0,1.0,0.12595097210481826,0.1665257819103973,anchor_id,2000,202301,base,,,,,,
initial_clipping_subset,any_initial_clipping,0.3,1,top_action,top_action_fraction,do,1183,0.10481825866441251,0.3064486496866408,0.0,0.0,0.0,0.0,1.0,1.0,0.08789095519864751,0.12256973795435334,anchor_id,2000,202302,plus,,,,,,
initial_clipping_subset,any_initial_clipping,0.3,1,decision_scale,balanced_error_over_action_range,logger12_balanced,1183,0.5182606587092939,,,,,,,,0.512350587456855,0.5242018881658495,anchor_id,2000,202400,,0.004092053884032534,0.0078957447671672,True,2000,,
initial_clipping_subset,any_initial_clipping,0.3,1,decision_scale,balanced_error_over_top_second_margin,logger12_balanced,1183,1.0959256846328125,,,,,,,,1.076075210309949,1.1174252006172347,anchor_id,2000,202401,,0.004092053884032534,0.003733878985967527,True,2000,1183,
initial_clipping_subset,all,0.3,5,long_horizon,absolute_initial_u_return_effect,none,1994,0.05956385748078746,0.07428506738077616,0.04553358759757398,0.016555122502319247,0.028613598892655467,0.07314879991564609,0.11438089413449613,2.572801418404422,0.05661503835718434,0.06323209788993141,anchor_id,2000,210000,,,,,,,
initial_clipping_subset,all,0.3,5,long_horizon,balanced_do_error,logger12_balanced,1994,0.011841888944535018,0.014746871391821669,0.009021858614750577,0.003490766051211184,0.005799350611446208,0.014433089502266924,0.02247910103419777,0.5150300682884984,0.011261314301885457,0.01257633793025083,anchor_id,2000,210001,,,,,,,
initial_clipping_subset,all,0.3,5,long_horizon,heavy_mixture_drift,none,1994,0.0061402387119809995,0.007646525906870484,0.0046780007632042,0.0018100268413684024,0.0030070706874170128,0.007483824186360399,0.011655830165879524,0.26705262800144247,0.00584940517567518,0.0064959535799590405,anchor_id,2000,210002,,,,,,,
initial_clipping_subset,all,0.3,5,long_horizon,do_action_range,none,1994,0.03786067915464014,0.04186962677145414,0.029285643607678935,0.010016803676821517,0.018216727360168328,0.04692180700798154,0.07236182441373505,1.2905419272333667,0.036192105050641604,0.039853144345624356,anchor_id,2000,210003,,,,,,,
initial_clipping_subset,all,0.3,5,long_horizon,do_top_second_margin,none,1994,0.018134216030501707,0.021230923144644226,0.014105164487778765,0.003903784980564673,0.008326829148841863,0.022523676798442693,0.03443943166977999,0.6446178114686312,0.0173135149347751,0.019106348626725337,anchor_id,2000,210004,,,,,,,
initial_clipping_subset,all,0.3,5,long_horizon,max_balanced_do_error,logger12_balanced,1994,0.020972433974570142,0.030283668138954594,0.01582388089964315,0.00696859101379399,0.010612283769050102,0.024886051708146617,0.03837812813940413,1.1590051767632588,0.01984834220660365,0.0224112342114586,anchor_id,2000,210005,,,,,,,
initial_clipping_subset,all,0.3,5,long_horizon,balanced_survival_difference_abs,logger12_balanced,1994,0.0,0.0,0.0,0.0,0.0,0.0,0.0,0.0,0.0,0.0,anchor_id,2000,210006,,,,,,,
initial_clipping_subset,all,0.3,5,long_horizon,balanced_termination_difference_abs,logger12_balanced,1994,0.0,0.0,0.0,0.0,0.0,0.0,0.0,0.0,0.0,0.0,anchor_id,2000,210007,,,,,,,
initial_clipping_subset,all,0.3,5,long_horizon,balanced_restricted_time_difference_abs,logger12_balanced,1994,5.0150451354062394e-05,0.002239429645111941,0.0,0.0,0.0,0.0,0.0,0.0999999999999998,7.423758105149826e-20,0.0001504513540621867,anchor_id,2000,210008,,,,,,,
initial_clipping_subset,all,0.3,5,long_horizon,balanced_future_clipping_rate,logger12_balanced,1994,0.12083672893681044,0.1672318088855584,0.03333333333333333,0.0,0.0,0.1875,0.4126041666666668,1.0,0.11403531558216311,0.12819184114844528,anchor_id,2000,210009,,,,,,,
initial_clipping_subset,all,0.3,5,long_horizon,balanced_vs_do_top_set_disagreement,logger12_balanced,1994,0.022567703109327986,0.14855796789275766,0.0,0.0,0.0,0.0,0.0,1.0,0.016549648946840523,0.02958876629889669,anchor_id,2000,210010,,,,,,,
initial_clipping_subset,all,0.3,5,long_horizon,balanced_vs_do_strict_disagreement,logger12_balanced,1994,0.022567703109327986,0.14855796789275766,0.0,0.0,0.0,0.0,0.0,1.0,0.0160481444332999,0.02958876629889669,anchor_id,2000,210011,,,,,,,
initial_clipping_subset,all,0.3,5,long_horizon,heavy_top_set_disagreement,none,1994,0.005516549648946841,0.07408690857370026,0.0,0.0,0.0,0.0,0.0,1.0,0.0025075225677031092,0.009027081243731194,anchor_id,2000,210012,,,,,,,
initial_clipping_subset,all,0.3,5,long_horizon,heavy_strict_disagreement,none,1994,0.005516549648946841,0.07408690857370026,0.0,0.0,0.0,0.0,0.0,1.0,0.0025075225677031092,0.009027081243731194,anchor_id,2000,210013,,,,,,,
initial_clipping_subset,all,0.3,5,decision_regret,decision_regret_best,logger1_heavy,1994,4.228840746467811e-05,0.00038878211984280913,0.0,0.0,0.0,0.0,0.0,0.009623544871015355,2.6578900224578782e-05,6.024631045142722e-05,anchor_id,2000,210100,,,,,,,
initial_clipping_subset,all,0.3,5,decision_regret,decision_regret_worst,logger1_heavy,1994,4.228840746467811e-05,0.00038878211984280913,0.0,0.0,0.0,0.0,0.0,0.009623544871015355,2.666444038280929e-05,6.103548101603396e-05,anchor_id,2000,210101,,,,,,,
initial_clipping_subset,all,0.3,5,top_action,top_action_fraction,logger1_heavy,1994,0.8219658976930793,0.38263740890554654,1.0,0.0,1.0,1.0,1.0,1.0,0.804914744232698,0.839518555667001,anchor_id,2000,210200,minus,,,,,,
initial_clipping_subset,all,0.3,5,top_action,top_action_fraction,logger1_heavy,1994,0.040621865596790374,0.19746210759816646,0.0,0.0,0.0,0.0,0.0,1.0,0.0320962888665998,0.04914744232698094,anchor_id,2000,210201,base,,,,,,
initial_clipping_subset,all,0.3,5,top_action,top_action_fraction,logger1_heavy,1994,0.1374122367101304,0.34436838868521585,0.0,0.0,0.0,0.0,1.0,1.0,0.12186559679037111,0.15245737211634905,anchor_id,2000,210202,plus,,,,,,
initial_clipping_subset,all,0.3,5,decision_regret,decision_regret_best,logger12_balanced,1994,3.4122077499787786e-05,0.0003619366732011899,0.0,0.0,0.0,0.0,0.0,0.009623544871015355,1.931848204582071e-05,5.133847561182765e-05,anchor_id,2000,210110,,,,,,,
initial_clipping_subset,all,0.3,5,decision_regret,decision_regret_worst,logger12_balanced,1994,3.4122077499787786e-05,0.0003619366732011899,0.0,0.0,0.0,0.0,0.0,0.009623544871015355,1.9816754169358966e-05,5.147730831233922e-05,anchor_id,2000,210111,,,,,,,
initial_clipping_subset,all,0.3,5,top_action,top_action_fraction,logger12_balanced,1994,0.8224674022066198,0.3822146495422542,1.0,0.0,1.0,1.0,1.0,1.0,0.8059052156469408,0.839518555667001,anchor_id,2000,210210,minus,,,,,,
initial_clipping_subset,all,0.3,5,top_action,top_action_fraction,logger12_balanced,1994,0.041123370110330994,0.19862533551679273,0.0,0.0,0.0,0.0,0.0,1.0,0.03259779338014042,0.04964894684052156,anchor_id,2000,210211,base,,,,,,
initial_clipping_subset,all,0.3,5,top_action,top_action_fraction,logger12_balanced,1994,0.13640922768304914,0.3433086920516857,0.0,0.0,0.0,0.0,1.0,1.0,0.12186559679037111,0.15195586760280844,anchor_id,2000,210212,plus,,,,,,
initial_clipping_subset,all,0.3,5,decision_regret,decision_regret_best,logger2_heavy,1994,2.7430649868858962e-05,0.00027444665983927574,0.0,0.0,0.0,0.0,0.0,0.006767997297657757,1.6660223219601548e-05,4.058408005862482e-05,anchor_id,2000,210120,,,,,,,
initial_clipping_subset,all,0.3,5,decision_regret,decision_regret_worst,logger2_heavy,1994,2.7430649868858962e-05,0.00027444665983927574,0.0,0.0,0.0,0.0,0.0,0.006767997297657757,1.6717431678489157e-05,4.0367797747129316e-05,anchor_id,2000,210121,,,,,,,
initial_clipping_subset,all,0.3,5,top_action,top_action_fraction,logger2_heavy,1994,0.8224674022066198,0.3822146495422542,1.0,0.0,1.0,1.0,1.0,1.0,0.8054162487462387,0.8405215646940822,anchor_id,2000,210220,minus,,,,,,
initial_clipping_subset,all,0.3,5,top_action,top_action_fraction,logger2_heavy,1994,0.04012036108324975,0.1962907045662553,0.0,0.0,0.0,0.0,0.0,1.0,0.03159478435305918,0.04864593781344032,anchor_id,2000,210221,base,,,,,,
initial_clipping_subset,all,0.3,5,top_action,top_action_fraction,logger2_heavy,1994,0.1374122367101304,0.3443683886852159,0.0,0.0,0.0,0.0,1.0,1.0,0.12186559679037111,0.15295887662988966,anchor_id,2000,210222,plus,,,,,,
initial_clipping_subset,all,0.3,5,top_action,top_action_fraction,do,1994,0.8294884653961886,0.3761759139434117,1.0,0.0,1.0,1.0,1.0,1.0,0.8129388164493481,0.8465396188565697,anchor_id,2000,210300,minus,,,,,,
initial_clipping_subset,all,0.3,5,top_action,top_action_fraction,do,1994,0.033099297893681046,0.17894075120849146,0.0,0.0,0.0,0.0,0.0,1.0,0.026078234704112337,0.041123370110330994,anchor_id,2000,210301,base,,,,,,
initial_clipping_subset,all,0.3,5,top_action,top_action_fraction,do,1994,0.1374122367101304,0.34436838868521585,0.0,0.0,0.0,0.0,1.0,1.0,0.12286860581745236,0.15195586760280844,anchor_id,2000,210302,plus,,,,,,
initial_clipping_subset,all,0.3,5,decision_scale,balanced_error_over_action_range,logger12_balanced,1994,0.5539370778033124,,,,,,,,0.544222248721768,0.5683359424053406,anchor_id,2000,210400,,0.020972433974570142,0.03786067915464014,True,2000,,
initial_clipping_subset,all,0.3,5,decision_scale,balanced_error_over_top_second_margin,logger12_balanced,1994,1.1565117532125215,,,,,,,,1.1322960578613988,1.1864853847581556,anchor_id,2000,210401,,0.020972433974570142,0.018134216030501707,True,2000,1994,
initial_clipping_subset,initial_step_strict_unclipped,0.3,5,long_horizon,absolute_initial_u_return_effect,none,811,0.04989622474323491,0.035878460550550634,0.0443108958674839,0.013761590023371184,0.02753471422448624,0.06101297293193664,0.09328916665511973,0.2831144881820051,0.047399504945088364,0.052424445420578315,anchor_id,2000,211000,,,,,,,
initial_clipping_subset,initial_step_strict_unclipped,0.3,5,long_horizon,balanced_do_error,logger12_balanced,811,0.009973028329182206,0.007051244462319197,0.00884625914907152,0.002905590675575572,0.005634014288245837,0.012049754965073173,0.018633220962830894,0.055137368047969794,0.009492171965191627,0.010488243600266735,anchor_id,2000,211001,,,,,,,
initial_clipping_subset,initial_step_strict_unclipped,0.3,5,long_horizon,heavy_mixture_drift,none,811,0.005171199874390663,0.0036562008323136556,0.004586949188406446,0.0015066025725201844,0.0029213407420532653,0.006248021092999897,0.009661670128874533,0.028589746395243882,0.004931380751789496,0.005435745310402793,anchor_id,2000,211002,,,,,,,
initial_clipping_subset,initial_step_strict_unclipped,0.3,5,long_horizon,do_action_range,none,811,0.03233638622571552,0.02320269173548382,0.028766652976543128,0.008203841661355682,0.017286233216189828,0.039793693553266785,0.058293419198117036,0.1764902616207742,0.030865027182629796,0.03395407654935099,anchor_id,2000,211003,,,,,,,
initial_clipping_subset,initial_step_strict_unclipped,0.3,5,long_horizon,do_top_second_margin,none,811,0.015965121701232012,0.011838242405042257,0.0141968189715449,0.0034624912804730457,0.008243536347023905,0.020154387411793095,0.028785413795340276,0.09324898466522313,0.015173713983356216,0.01681499524139198,anchor_id,2000,211004,,,,,,,
initial_clipping_subset,initial_step_strict_unclipped,0.3,5,long_horizon,max_balanced_do_error,logger12_balanced,811,0.017514039328264824,0.01199208321514907,0.015181129859042741,0.005702419227231914,0.01031246598789437,0.02082578089327569,0.033933437969313474,0.08699591863006084,0.016744216380303985,0.01835249621821885,anchor_id,2000,211005,,,,,,,
initial_clipping_subset,initial_step_strict_unclipped,0.3,5,long_horizon,balanced_survival_difference_abs,logger12_balanced,811,0.0,0.0,0.0,0.0,0.0,0.0,0.0,0.0,0.0,0.0,anchor_id,2000,211006,,,,,,,
initial_clipping_subset,initial_step_strict_unclipped,0.3,5,long_horizon,balanced_termination_difference_abs,logger12_balanced,811,0.0,0.0,0.0,0.0,0.0,0.0,0.0,0.0,0.0,0.0,anchor_id,2000,211007,,,,,,,
initial_clipping_subset,initial_step_strict_unclipped,0.3,5,long_horizon,balanced_restricted_time_difference_abs,logger12_balanced,811,0.0,0.0,0.0,0.0,0.0,0.0,0.0,0.0,0.0,0.0,anchor_id,2000,211008,,,,,,,
initial_clipping_subset,initial_step_strict_unclipped,0.3,5,long_horizon,balanced_future_clipping_rate,logger12_balanced,811,0.05964729757501028,0.12386155900324755,0.0,0.0,0.0,0.0625,0.2255208333333333,0.7208333333333333,0.05106703401150844,0.0685675156699548,anchor_id,2000,211009,,,,,,,
initial_clipping_subset,initial_step_strict_unclipped,0.3,5,long_horizon,balanced_vs_do_top_set_disagreement,logger12_balanced,811,0.02219482120838471,0.1474076116526789,0.0,0.0,0.0,0.0,0.0,1.0,0.012330456226880395,0.032059186189889025,anchor_id,2000,211010,,,,,,,
initial_clipping_subset,initial_step_strict_unclipped,0.3,5,long_horizon,balanced_vs_do_strict_disagreement,logger12_balanced,811,0.02219482120838471,0.1474076116526789,0.0,0.0,0.0,0.0,0.0,1.0,0.012330456226880395,0.03329223181257707,anchor_id,2000,211011,,,,,,,
initial_clipping_subset,initial_step_strict_unclipped,0.3,5,long_horizon,heavy_top_set_disagreement,none,811,0.009864364981504316,0.09888941997452874,0.0,0.0,0.0,0.0,0.0,1.0,0.0036991368680641184,0.01726263871763255,anchor_id,2000,211012,,,,,,,
initial_clipping_subset,initial_step_strict_unclipped,0.3,5,long_horizon,heavy_strict_disagreement,none,811,0.009864364981504316,0.09888941997452874,0.0,0.0,0.0,0.0,0.0,1.0,0.0036991368680641184,0.01726263871763255,anchor_id,2000,211013,,,,,,,
initial_clipping_subset,initial_step_strict_unclipped,0.3,5,decision_regret,decision_regret_best,logger1_heavy,811,5.30080482863355e-05,0.0004604403272198937,0.0,0.0,0.0,0.0,0.0,0.009623544871015355,2.555858056157848e-05,8.927794934609543e-05,anchor_id,2000,211100,,,,,,,
initial_clipping_subset,initial_step_strict_unclipped,0.3,5,decision_regret,decision_regret_worst,logger1_heavy,811,5.30080482863355e-05,0.0004604403272198937,0.0,0.0,0.0,0.0,0.0,0.009623544871015355,2.6241197577015477e-05,8.876748507844036e-05,anchor_id,2000,211101,,,,,,,
initial_clipping_subset,initial_step_strict_unclipped,0.3,5,top_action,top_action_fraction,logger1_heavy,811,0.8199753390875463,0.38444508591273036,1.0,0.0,1.0,1.0,1.0,1.0,0.7940813810110974,0.8471023427866831,anchor_id,2000,211200,minus,,,,,,
initial_clipping_subset,initial_step_strict_unclipped,0.3,5,top_action,top_action_fraction,logger1_heavy,811,0.025893958076448828,0.15891696286711146,0.0,0.0,0.0,0.0,0.0,1.0,0.016029593094944512,0.03822441430332922,anchor_id,2000,211201,base,,,,,,
initial_clipping_subset,initial_step_strict_unclipped,0.3,5,top_action,top_action_fraction,logger1_heavy,811,0.15413070283600494,0.36129681062087177,0.0,0.0,0.0,0.0,1.0,1.0,0.13067200986436497,0.17755856966707767,anchor_id,2000,211202,plus,,,,,,
initial_clipping_subset,initial_step_strict_unclipped,0.3,5,decision_regret,decision_regret_best,logger12_balanced,811,3.860903533474524e-05,0.0004206319454859139,0.0,0.0,0.0,0.0,0.0,0.009623544871015355,1.477168779275705e-05,7.107545944898199e-05,anchor_id,2000,211110,,,,,,,
initial_clipping_subset,initial_step_strict_unclipped,0.3,5,decision_regret,decision_regret_worst,logger12_balanced,811,3.860903533474524e-05,0.0004206319454859139,0.0,0.0,0.0,0.0,0.0,0.009623544871015355,1.5569806209913942e-05,7.145845499235291e-05,anchor_id,2000,211111,,,,,,,
initial_clipping_subset,initial_step_strict_unclipped,0.3,5,top_action,top_action_fraction,logger12_balanced,811,0.8212083847102343,0.38341418758080903,1.0,0.0,1.0,1.0,1.0,1.0,0.7953144266337855,0.8483353884093712,anchor_id,2000,211210,minus,,,,,,
initial_clipping_subset,initial_step_strict_unclipped,0.3,5,top_action,top_action_fraction,logger12_balanced,811,0.027127003699136867,0.16255371730797402,0.0,0.0,0.0,0.0,0.0,1.0,0.016029593094944512,0.03945745992601726,anchor_id,2000,211211,base,,,,,,
initial_clipping_subset,initial_step_strict_unclipped,0.3,5,top_action,top_action_fraction,logger12_balanced,811,0.15166461159062886,0.35891684234850696,0.0,0.0,0.0,0.0,1.0,1.0,0.1282059186189889,0.17632552404438964,anchor_id,2000,211212,plus,,,,,,
initial_clipping_subset,initial_step_strict_unclipped,0.3,5,decision_regret,decision_regret_best,logger2_heavy,811,2.2453075171157242e-05,0.00019995727716308974,0.0,0.0,0.0,0.0,0.0,0.00306905427535753,1.0063464485592128e-05,3.694628636177373e-05,anchor_id,2000,211120,,,,,,,
initial_clipping_subset,initial_step_strict_unclipped,0.3,5,decision_regret,decision_regret_worst,logger2_heavy,811,2.2453075171157242e-05,0.00019995727716308974,0.0,0.0,0.0,0.0,0.0,0.00306905427535753,1.0598889736638494e-05,3.766675465921869e-05,anchor_id,2000,211121,,,,,,,
initial_clipping_subset,initial_step_strict_unclipped,0.3,5,top_action,top_action_fraction,logger2_heavy,811,0.8224414303329223,0.3823765288782302,1.0,0.0,1.0,1.0,1.0,1.0,0.7965474722564735,0.8483353884093712,anchor_id,2000,211220,minus,,,,,,
initial_clipping_subset,initial_step_strict_unclipped,0.3,5,top_action,top_action_fraction,logger2_heavy,811,0.02342786683107275,0.1513514042490522,0.0,0.0,0.0,0.0,0.0,1.0,0.013563501849568433,0.0345252774352651,anchor_id,2000,211221,base,,,,,,
initial_clipping_subset,initial_step_strict_unclipped,0.3,5,top_action,top_action_fraction,logger2_heavy,811,0.15413070283600494,0.3612968106208717,0.0,0.0,0.0,0.0,1.0,1.0,0.13070283600493218,0.17879161528976573,anchor_id,2000,211222,plus,,,,,,
initial_clipping_subset,initial_step_strict_unclipped,0.3,5,top_action,top_action_fraction,do,811,0.8335388409371147,0.37272394631440814,1.0,0.0,1.0,1.0,1.0,1.0,0.8076448828606658,0.8594327990135635,anchor_id,2000,211300,minus,,,,,,
initial_clipping_subset,initial_step_strict_unclipped,0.3,5,top_action,top_action_fraction,do,811,0.02096177558569667,0.1433447446579083,0.0,0.0,0.0,0.0,0.0,1.0,0.012330456226880395,0.030826140567200986,anchor_id,2000,211301,base,,,,,,
initial_clipping_subset,initial_step_strict_unclipped,0.3,5,top_action,top_action_fraction,do,811,0.14549938347718866,0.35282120948692547,0.0,0.0,0.0,0.0,1.0,1.0,0.1220715166461159,0.1701911220715165,anchor_id,2000,211302,plus,,,,,,
initial_clipping_subset,initial_step_strict_unclipped,0.3,5,decision_scale,balanced_error_over_action_range,logger12_balanced,811,0.5416201800044305,,,,,,,,0.5329721082826381,0.5509287360759806,anchor_id,2000,211400,,0.017514039328264824,0.03233638622571552,True,2000,,
initial_clipping_subset,initial_step_strict_unclipped,0.3,5,decision_scale,balanced_error_over_top_second_margin,logger12_balanced,811,1.09701884245037,,,,,,,,1.0752272428625034,1.1215106528701653,anchor_id,2000,211401,,0.017514039328264824,0.015965121701232012,True,2000,811,
initial_clipping_subset,any_initial_clipping,0.3,5,long_horizon,absolute_initial_u_return_effect,none,1183,0.06619145693146804,0.09118262681064114,0.04713014865499451,0.019378450546343136,0.0291753054565298,0.08106397362972177,0.12703441689575712,2.572801418404422,0.061515917689892244,0.07202301386804434,anchor_id,2000,212000,,,,,,,
initial_clipping_subset,any_initial_clipping,0.3,5,long_horizon,balanced_do_error,logger12_balanced,1183,0.01312307741372448,0.018126518648287706,0.009345171565385021,0.003993528170243247,0.005890917783983577,0.015960234417795743,0.024962984151373973,0.5150300682884984,0.012196039778166207,0.014249321973012636,anchor_id,2000,212001,,,,,,,
initial_clipping_subset,any_initial_clipping,0.3,5,long_horizon,heavy_mixture_drift,none,1183,0.006804558658968119,0.009398935595408426,0.004845644515384606,0.002070718310495915,0.003054549962065778,0.008275677105523313,0.012943769559971698,0.26705262800144247,0.0063382442811559785,0.0074569012793801615,anchor_id,2000,212002,,,,,,,
initial_clipping_subset,any_initial_clipping,0.3,5,long_horizon,do_action_range,none,1183,0.04164783178807876,0.05051400023220176,0.030264265154109182,0.011031331255252042,0.018454658298137083,0.0517755178106607,0.07935343637458343,1.2905419272333667,0.039084927579660485,0.04488589667299169,anchor_id,2000,212003,,,,,,,
initial_clipping_subset,any_initial_clipping,0.3,5,long_horizon,do_top_second_margin,none,1183,0.0196212282883527,0.02566214032341481,0.01409587523571254,0.004180165004841996,0.00835679069389439,0.023993572233579563,0.038046583772842965,0.6446178114686312,0.01829163977767852,0.021209388299198464,anchor_id,2000,212004,,,,,,,
initial_clipping_subset,any_initial_clipping,0.3,5,long_horizon,max_balanced_do_error,logger12_balanced,1183,0.023343319907075312,0.03786771812541639,0.016702301152957233,0.007541552137206509,0.010750222279243715,0.027806285855190183,0.04277935888438619,1.1590051767632588,0.021636856501921722,0.025807607843004503,anchor_id,2000,212005,,,,,,,
initial_clipping_subset,any_initial_clipping,0.3,5,long_horizon,balanced_survival_difference_abs,logger12_balanced,1183,0.0,0.0,0.0,0.0,0.0,0.0,0.0,0.0,0.0,0.0,anchor_id,2000,212006,,,,,,,
initial_clipping_subset,any_initial_clipping,0.3,5,long_horizon,balanced_termination_difference_abs,logger12_balanced,1183,0.0,0.0,0.0,0.0,0.0,0.0,0.0,0.0,0.0,0.0,anchor_id,2000,212007,,,,,,,
initial_clipping_subset,any_initial_clipping,0.3,5,long_horizon,balanced_restricted_time_difference_abs,logger12_balanced,1183,8.453085376162332e-05,0.0029074190231478943,0.0,0.0,0.0,0.0,0.0,0.0999999999999998,1.2513080018316782e-19,0.00025359256128486935,anchor_id,2000,212008,,,,,,,
initial_clipping_subset,any_initial_clipping,0.3,5,long_horizon,balanced_future_clipping_rate,logger12_balanced,1183,0.16278485136658213,0.179754161266297,0.10833333333333332,0.0,0.0,0.2635416666666667,0.49916666666666637,1.0,0.15219448920470552,0.17372991291560988,anchor_id,2000,212009,,,,,,,
initial_clipping_subset,any_initial_clipping,0.3,5,long_horizon,balanced_vs_do_top_set_disagreement,logger12_balanced,1183,0.02282333051563821,0.14940312741240475,0.0,0.0,0.0,0.0,0.0,1.0,0.014370245139475908,0.032121724429416736,anchor_id,2000,212010,,,,,,,
initial_clipping_subset,any_initial_clipping,0.3,5,long_horizon,balanced_vs_do_strict_disagreement,logger12_balanced,1183,0.02282333051563821,0.14940312741240475,0.0,0.0,0.0,0.0,0.0,1.0,0.014370245139475908,0.032121724429416736,anchor_id,2000,212011,,,,,,,
initial_clipping_subset,any_initial_clipping,0.3,5,long_horizon,heavy_top_set_disagreement,none,1183,0.00253592561284869,0.05031535259308409,0.0,0.0,0.0,0.0,0.0,1.0,0.0,0.005917159763313609,anchor_id,2000,212012,,,,,,,
initial_clipping_subset,any_initial_clipping,0.3,5,long_horizon,heavy_strict_disagreement,none,1183,0.00253592561284869,0.05031535259308409,0.0,0.0,0.0,0.0,0.0,1.0,0.0,0.005917159763313609,anchor_id,2000,212013,,,,,,,
initial_clipping_subset,any_initial_clipping,0.3,5,decision_regret,decision_regret_best,logger1_heavy,1183,3.493960889632296e-05,0.0003308242839079303,0.0,0.0,0.0,0.0,0.0,0.006767997297657757,1.8917658290154526e-05,5.506563862546541e-05,anchor_id,2000,212100,,,,,,,
initial_clipping_subset,any_initial_clipping,0.3,5,decision_regret,decision_regret_worst,logger1_heavy,1183,3.493960889632296e-05,0.0003308242839079303,0.0,0.0,0.0,0.0,0.0,0.006767997297657757,1.7373967924922438e-05,5.492547284267647e-05,anchor_id,2000,212101,,,,,,,
initial_clipping_subset,any_initial_clipping,0.3,5,top_action,top_action_fraction,logger1_heavy,1183,0.8233305156382079,0.38155004657884567,1.0,0.0,1.0,1.0,1.0,1.0,0.8005071851225697,0.8444632290786137,anchor_id,2000,212200,minus,,,,,,
initial_clipping_subset,any_initial_clipping,0.3,5,top_action,top_action_fraction,logger1_heavy,1183,0.0507185122569738,0.21951509640661943,0.0,0.0,0.0,0.0,0.0,1.0,0.03803888419273035,0.06339814032121724,anchor_id,2000,212201,base,,,,,,
initial_clipping_subset,any_initial_clipping,0.3,5,top_action,top_action_fraction,logger1_heavy,1183,0.12595097210481826,0.3319344230645765,0.0,0.0,0.0,0.0,1.0,1.0,0.10650887573964497,0.14539306846999156,anchor_id,2000,212202,plus,,,,,,
initial_clipping_subset,any_initial_clipping,0.3,5,decision_regret,decision_regret_best,logger12_balanced,1183,3.104606498571298e-05,0.00031560848687133084,0.0,0.0,0.0,0.0,0.0,0.006767997297657757,1.5508807218247945e-05,5.132299329629458e-05,anchor_id,2000,212110,,,,,,,
initial_clipping_subset,any_initial_clipping,0.3,5,decision_regret,decision_regret_worst,logger12_balanced,1183,3.104606498571298e-05,0.00031560848687133084,0.0,0.0,0.0,0.0,0.0,0.006767997297657757,1.5105955962544237e-05,5.149539968326544e-05,anchor_id,2000,212111,,,,,,,
initial_clipping_subset,any_initial_clipping,0.3,5,top_action,top_action_fraction,logger12_balanced,1183,0.8233305156382079,0.3815500465788457,1.0,0.0,1.0,1.0,1.0,1.0,0.801352493660186,0.8461538461538461,anchor_id,2000,212210,minus,,,,,,
initial_clipping_subset,any_initial_clipping,0.3,5,top_action,top_action_fraction,logger12_balanced,1183,0.0507185122569738,0.21951509640661943,0.0,0.0,0.0,0.0,0.0,1.0,0.03888419273034658,0.06424344885883347,anchor_id,2000,212211,base,,,,,,
initial_clipping_subset,any_initial_clipping,0.3,5,top_action,top_action_fraction,logger12_balanced,1183,0.12595097210481826,0.3319344230645765,0.0,0.0,0.0,0.0,1.0,1.0,0.1073541842772612,0.1445477599323753,anchor_id,2000,212212,plus,,,,,,
initial_clipping_subset,any_initial_clipping,0.3,5,decision_regret,decision_regret_best,logger2_heavy,1183,3.084300243000528e-05,0.0003155510630680731,0.0,0.0,0.0,0.0,0.0,0.006767997297657757,1.5210410683916985e-05,5.015281301968298e-05,anchor_id,2000,212120,,,,,,,
initial_clipping_subset,any_initial_clipping,0.3,5,decision_regret,decision_regret_worst,logger2_heavy,1183,3.084300243000528e-05,0.0003155510630680731,0.0,0.0,0.0,0.0,0.0,0.006767997297657757,1.4902023080289257e-05,4.983187410659791e-05,anchor_id,2000,212121,,,,,,,
initial_clipping_subset,any_initial_clipping,0.3,5,top_action,top_action_fraction,logger2_heavy,1183,0.8224852071005917,0.3822653704486813,1.0,0.0,1.0,1.0,1.0,1.0,0.801352493660186,0.8444632290786137,anchor_id,2000,212220,minus,,,,,,
initial_clipping_subset,any_initial_clipping,0.3,5,top_action,top_action_fraction,logger2_heavy,1183,0.05156382079459002,0.22123826062048432,0.0,0.0,0.0,0.0,0.0,1.0,0.03888419273034658,0.06339814032121724,anchor_id,2000,212221,base,,,,,,
initial_clipping_subset,any_initial_clipping,0.3,5,top_action,top_action_fraction,logger2_heavy,1183,0.12595097210481826,0.3319344230645765,0.0,0.0,0.0,0.0,1.0,1.0,0.1073541842772612,0.14539306846999156,anchor_id,2000,212222,plus,,,,,,
initial_clipping_subset,any_initial_clipping,0.3,5,top_action,top_action_fraction,do,1183,0.8267117497886729,0.37865635267823705,1.0,0.0,1.0,1.0,1.0,1.0,0.8038884192730347,0.8469991546914624,anchor_id,2000,212300,minus,,,,,,
initial_clipping_subset,any_initial_clipping,0.3,5,top_action,top_action_fraction,do,1183,0.04142011834319527,0.19934413229520306,0.0,0.0,0.0,0.0,0.0,1.0,0.030431107354184278,0.05325443786982249,anchor_id,2000,212301,base,,,,,,
initial_clipping_subset,any_initial_clipping,0.3,5,top_action,top_action_fraction,do,1183,0.13186813186813187,0.3384904423324222,0.0,0.0,0.0,0.0,1.0,1.0,0.11242603550295859,0.15131022823330514,anchor_id,2000,212302,plus,,,,,,
initial_clipping_subset,any_initial_clipping,0.3,5,decision_scale,balanced_error_over_action_range,logger12_balanced,1183,0.5604930414110317,,,,,,,,0.5461232591305082,0.5797394286929292,anchor_id,2000,212400,,0.023343319907075312,0.04164783178807876,True,2000,,
initial_clipping_subset,any_initial_clipping,0.3,5,decision_scale,balanced_error_over_top_second_margin,logger12_balanced,1183,1.189697177160518,,,,,,,,1.1565499201439393,1.2342558676920115,anchor_id,2000,212401,,0.023343319907075312,0.0196212282883527,True,2000,1183,
initial_clipping_subset,all,0.3,20,long_horizon,absolute_initial_u_return_effect,none,1994,0.09050336347114855,0.15356340120289125,0.04612132123741475,0.011078062477688633,0.02144568941522055,0.10015191135888853,0.19818633653371645,2.572136075824897,0.08405644524044711,0.09725290385077374,anchor_id,2000,220000,,,,,,,
initial_clipping_subset,all,0.3,20,long_horizon,balanced_do_error,logger12_balanced,1994,0.018047822493365888,0.03055065812177189,0.009198509150024847,0.0022083856898229707,0.004293880945732316,0.019985465814774152,0.0397049984787446,0.5148572346932602,0.016694676781769446,0.019460762566806154,anchor_id,2000,220001,,,,,,,
initial_clipping_subset,all,0.3,20,long_horizon,heavy_mixture_drift,none,1994,0.009358130181744872,0.015841081989067054,0.004769597337047552,0.0011450888762051174,0.0022264567866733627,0.010362834126178258,0.02058777698897743,0.2669630105816925,0.00869845082403657,0.010106132351832508,anchor_id,2000,220002,,,,,,,
initial_clipping_subset,all,0.3,20,long_horizon,do_action_range,none,1994,0.05942630500521569,0.09851869125996338,0.030818460540967152,0.00695375330523973,0.01369627203873236,0.06770772918508783,0.1348469391979748,1.2917449823055591,0.05501148575108437,0.06396538553181576,anchor_id,2000,220003,,,,,,,
initial_clipping_subset,all,0.3,20,long_horizon,do_top_second_margin,none,1994,0.03016216734743353,0.05695099919937251,0.01481183322262325,0.0029979161584066105,0.00665176685542157,0.03325896189812916,0.06699216698332437,1.2846383189366861,0.0278148386732551,0.03269074659535852,anchor_id,2000,220004,,,,,,,
initial_clipping_subset,all,0.3,20,long_horizon,max_balanced_do_error,logger12_balanced,1994,0.03188018825841175,0.05615083102649195,0.016470672815394494,0.004113945534277264,0.007590512584155107,0.03452768427973041,0.06778264417014271,1.061707504445689,0.02955593352806446,0.03434444019850383,anchor_id,2000,220005,,,,,,,
initial_clipping_subset,all,0.3,20,long_horizon,balanced_survival_difference_abs,logger12_balanced,1994,2.9776830491474457e-05,0.0005635693829669485,0.0,0.0,0.0,0.0,0.0,0.015625000000000038,7.836008024072235e-06,5.955366098294889e-05,anchor_id,2000,220006,,,,,,,
initial_clipping_subset,all,0.3,20,long_horizon,balanced_termination_difference_abs,logger12_balanced,1994,2.9776830491474382e-05,0.0005635693829669477,0.0,0.0,0.0,0.0,0.0,0.015625,9.4032096288866e-06,5.798645937813435e-05,anchor_id,2000,220007,,,,,,,
initial_clipping_subset,all,0.3,20,long_horizon,balanced_restricted_time_difference_abs,logger12_balanced,1994,0.00022567703109328179,0.00366253203551767,0.0,0.0,0.0,0.0,0.0,0.0999999999999998,8.462888665998253e-05,0.00040277081243731463,anchor_id,2000,220008,,,,,,,
initial_clipping_subset,all,0.3,20,long_horizon,balanced_future_clipping_rate,logger12_balanced,1994,0.15656251627563506,0.1723206715456282,0.0890076754385965,0.0,0.02125822368421052,0.24439418859649126,0.45362390350877196,0.8192434210526316,0.14921205135718227,0.1640129313398759,anchor_id,2000,220009,,,,,,,
initial_clipping_subset,all,0.3,20,long_horizon,balanced_vs_do_top_set_disagreement,logger12_balanced,1994,0.01905717151454363,0.136760285008728,0.0,0.0,0.0,0.0,0.0,1.0,0.013039117352056168,0.025576730190571714,anchor_id,2000,220010,,,,,,,
initial_clipping_subset,all,0.3,20,long_horizon,balanced_vs_do_strict_disagreement,logger12_balanced,1994,0.01905717151454363,0.136760285008728,0.0,0.0,0.0,0.0,0.0,1.0,0.013039117352056168,0.025576730190571714,anchor_id,2000,220011,,,,,,,
initial_clipping_subset,all,0.3,20,long_horizon,heavy_top_set_disagreement,none,1994,0.004513540621865597,0.06704791605910766,0.0,0.0,0.0,0.0,0.0,1.0,0.0020060180541624875,0.00802407221664995,anchor_id,2000,220012,,,,,,,
initial_clipping_subset,all,0.3,20,long_horizon,heavy_strict_disagreement,none,1994,0.004513540621865597,0.06704791605910766,0.0,0.0,0.0,0.0,0.0,1.0,0.0020060180541624875,0.007522567703109328,anchor_id,2000,220013,,,,,,,
initial_clipping_subset,all,0.3,20,decision_regret,decision_regret_best,logger1_heavy,1994,9.48830861839254e-05,0.0013950896663594912,0.0,0.0,0.0,0.0,0.0,0.04302183127171588,4.254772291284754e-05,0.00016730367752791842,anchor_id,2000,220100,,,,,,,
initial_clipping_subset,all,0.3,20,decision_regret,decision_regret_worst,logger1_heavy,1994,9.48830861839254e-05,0.0013950896663594912,0.0,0.0,0.0,0.0,0.0,0.04302183127171588,4.3340466354747444e-05,0.00016496762528033982,anchor_id,2000,220101,,,,,,,
initial_clipping_subset,all,0.3,20,top_action,top_action_fraction,logger1_heavy,1994,0.7417251755265798,0.43779568340668645,1.0,0.0,0.0,1.0,1.0,1.0,0.7216649949849548,0.7607823470411234,anchor_id,2000,220200,minus,,,,,,
initial_clipping_subset,all,0.3,20,top_action,top_action_fraction,logger1_heavy,1994,0.025075225677031094,0.1563928543610847,0.0,0.0,0.0,0.0,0.0,1.0,0.018555667001003008,0.0320962888665998,anchor_id,2000,220201,base,,,,,,
initial_clipping_subset,all,0.3,20,top_action,top_action_fraction,logger1_heavy,1994,0.23319959879638916,0.42297431212824343,0.0,0.0,0.0,0.0,1.0,1.0,0.21464393179538616,0.2512537612838516,anchor_id,2000,220202,plus,,,,,,
initial_clipping_subset,all,0.3,20,decision_regret,decision_regret_best,logger12_balanced,1994,8.348643997328654e-05,0.0013639530277966725,0.0,0.0,0.0,0.0,0.0,0.04302183127171588,3.294361413086976e-05,0.00015280873338972782,anchor_id,2000,220110,,,,,,,
initial_clipping_subset,all,0.3,20,decision_regret,decision_regret_worst,logger12_balanced,1994,8.348643997328654e-05,0.0013639530277966725,0.0,0.0,0.0,0.0,0.0,0.04302183127171588,3.451971234732127e-05,0.00014792335691766946,anchor_id,2000,220111,,,,,,,
initial_clipping_subset,all,0.3,20,top_action,top_action_fraction,logger12_balanced,1994,0.7417251755265798,0.43779568340668645,1.0,0.0,0.0,1.0,1.0,1.0,0.7231695085255767,0.7607948846539618,anchor_id,2000,220210,minus,,,,,,
initial_clipping_subset,all,0.3,20,top_action,top_action_fraction,logger12_balanced,1994,0.025075225677031094,0.1563928543610847,0.0,0.0,0.0,0.0,0.0,1.0,0.018555667001003008,0.0320962888665998,anchor_id,2000,220211,base,,,,,,
initial_clipping_subset,all,0.3,20,top_action,top_action_fraction,logger12_balanced,1994,0.23319959879638916,0.42297431212824343,0.0,0.0,0.0,0.0,1.0,1.0,0.21464393179538616,0.2522567703109328,anchor_id,2000,220212,plus,,,,,,
initial_clipping_subset,all,0.3,20,decision_regret,decision_regret_best,logger2_heavy,1994,7.984459907314892e-05,0.0013586837739829145,0.0,0.0,0.0,0.0,0.0,0.04302183127171588,2.993747475905276e-05,0.00015228403231353648,anchor_id,2000,220120,,,,,,,
initial_clipping_subset,all,0.3,20,decision_regret,decision_regret_worst,logger2_heavy,1994,7.984459907314892e-05,0.0013586837739829145,0.0,0.0,0.0,0.0,0.0,0.04302183127171588,3.0105120964426214e-05,0.00015136302884441127,anchor_id,2000,220121,,,,,,,
initial_clipping_subset,all,0.3,20,top_action,top_action_fraction,logger2_heavy,1994,0.7402206619859579,0.43862343561225975,1.0,0.0,0.0,1.0,1.0,1.0,0.7211634904714143,0.7587763289869609,anchor_id,2000,220220,minus,,,,,,
initial_clipping_subset,all,0.3,20,top_action,top_action_fraction,logger2_heavy,1994,0.025576730190571714,0.15790841051549714,0.0,0.0,0.0,0.0,0.0,1.0,0.01905717151454363,0.03259779338014042,anchor_id,2000,220221,base,,,,,,
initial_clipping_subset,all,0.3,20,top_action,top_action_fraction,logger2_heavy,1994,0.2342026078234704,0.423605638717494,0.0,0.0,0.0,0.0,1.0,1.0,0.21614844533600802,0.25376128385155466,anchor_id,2000,220222,plus,,,,,,
initial_clipping_subset,all,0.3,20,top_action,top_action_fraction,do,1994,0.7447342026078235,0.436119887773398,1.0,0.0,0.0,1.0,1.0,1.0,0.7256644934804414,0.7632898696088265,anchor_id,2000,220300,minus,,,,,,
initial_clipping_subset,all,0.3,20,top_action,top_action_fraction,do,1994,0.022066198595787363,0.14693573089087694,0.0,0.0,0.0,0.0,0.0,1.0,0.015546639919759278,0.028585757271815445,anchor_id,2000,220301,base,,,,,,
initial_clipping_subset,all,0.3,20,top_action,top_action_fraction,do,1994,0.23319959879638916,0.42297431212824343,0.0,0.0,0.0,0.0,1.0,1.0,0.21514543630892677,0.25175526579739216,anchor_id,2000,220302,plus,,,,,,
initial_clipping_subset,all,0.3,20,decision_scale,balanced_error_over_action_range,logger12_balanced,1994,0.5364659346667054,,,,,,,,0.5248823842216795,0.5501267353936744,anchor_id,2000,220400,,0.03188018825841175,0.05942630500521569,True,2000,,
initial_clipping_subset,all,0.3,20,decision_scale,balanced_error_over_top_second_margin,logger12_balanced,1994,1.056959464855048,,,,,,,,1.014494006342509,1.0950429381560738,anchor_id,2000,220401,,0.03188018825841175,0.03016216734743353,True,2000,1994,
initial_clipping_subset,initial_step_strict_unclipped,0.3,20,long_horizon,absolute_initial_u_return_effect,none,811,0.07926214930205938,0.07936075177375591,0.04919722565157988,0.014588426532242238,0.028341168163793874,0.10194837835384263,0.19460799178005317,0.5137474355327404,0.07384986071729857,0.08479357236085934,anchor_id,2000,221000,,,,,,,
initial_clipping_subset,initial_step_strict_unclipped,0.3,20,long_horizon,balanced_do_error,logger12_balanced,811,0.015921439227536506,0.015812864793218674,0.009888836320158134,0.0030240952162804056,0.005699032166033883,0.020437959954749136,0.03856573147455341,0.10150026330974289,0.014831108296485204,0.01702680148464853,anchor_id,2000,221001,,,,,,,
initial_clipping_subset,initial_step_strict_unclipped,0.3,20,long_horizon,heavy_mixture_drift,none,811,0.008255561080944428,0.008199263226113687,0.005127544758603146,0.0015680493714024617,0.0029550537157234658,0.010597460717275926,0.01999704594977203,0.052629766160608916,0.007737191038424203,0.00882960506306934,anchor_id,2000,221002,,,,,,,
initial_clipping_subset,initial_step_strict_unclipped,0.3,20,long_horizon,do_action_range,none,811,0.053652103543460325,0.05344236719383972,0.032826224678295546,0.00952516837654116,0.0187372213682373,0.0703645507062376,0.13260175685527997,0.35384701633373794,0.05008814024369891,0.05725255044845023,anchor_id,2000,221003,,,,,,,
initial_clipping_subset,initial_step_strict_unclipped,0.3,20,long_horizon,do_top_second_margin,none,811,0.026461646675745524,0.026783933193396937,0.016091503187340095,0.0047121322513064,0.00907051489616606,0.03390924159488762,0.0657955405896189,0.18627519256493485,0.02463837567620286,0.028280105271559972,anchor_id,2000,221004,,,,,,,
initial_clipping_subset,initial_step_strict_unclipped,0.3,20,long_horizon,max_balanced_do_error,logger12_balanced,811,0.02729901245773687,0.027077448921282162,0.017033227881867674,0.005426082780168429,0.010288184277399637,0.03411513185716686,0.06361710077028704,0.18675763377281385,0.025463008271786186,0.02921364519069591,anchor_id,2000,221005,,,,,,,
initial_clipping_subset,initial_step_strict_unclipped,0.3,20,long_horizon,balanced_survival_difference_abs,logger12_balanced,811,0.0,0.0,0.0,0.0,0.0,0.0,0.0,0.0,0.0,0.0,anchor_id,2000,221006,,,,,,,
initial_clipping_subset,initial_step_strict_unclipped,0.3,20,long_horizon,balanced_termination_difference_abs,logger12_balanced,811,0.0,0.0,0.0,0.0,0.0,0.0,0.0,0.0,0.0,0.0,anchor_id,2000,221007,,,,,,,
initial_clipping_subset,initial_step_strict_unclipped,0.3,20,long_horizon,balanced_restricted_time_difference_abs,logger12_balanced,811,2.311960542540198e-05,0.0006584015505193596,0.0,0.0,0.0,0.0,0.0,0.01875000000000071,0.0,6.935881627620557e-05,anchor_id,2000,221008,,,,,,,
initial_clipping_subset,initial_step_strict_unclipped,0.3,20,long_horizon,balanced_future_clipping_rate,logger12_balanced,811,0.14352270228077385,0.16092491620160235,0.05997807017543858,0.0,0.018749999999999996,0.24854714912280707,0.4058662280701754,0.6438048245614035,0.13268027039122157,0.15552658732090197,anchor_id,2000,221009,,,,,,,
initial_clipping_subset,initial_step_strict_unclipped,0.3,20,long_horizon,balanced_vs_do_top_set_disagreement,logger12_balanced,811,0.014796547472256474,0.12081227878040673,0.0,0.0,0.0,0.0,0.0,1.0,0.007398273736128237,0.02342786683107275,anchor_id,2000,221010,,,,,,,
initial_clipping_subset,initial_step_strict_unclipped,0.3,20,long_horizon,balanced_vs_do_strict_disagreement,logger12_balanced,811,0.014796547472256474,0.12081227878040673,0.0,0.0,0.0,0.0,0.0,1.0,0.007398273736128237,0.02342786683107275,anchor_id,2000,221011,,,,,,,
initial_clipping_subset,initial_step_strict_unclipped,0.3,20,long_horizon,heavy_top_set_disagreement,none,811,0.0036991368680641184,0.060745396506936625,0.0,0.0,0.0,0.0,0.0,1.0,0.0,0.008631319358816275,anchor_id,2000,221012,,,,,,,
initial_clipping_subset,initial_step_strict_unclipped,0.3,20,long_horizon,heavy_strict_disagreement,none,811,0.0036991368680641184,0.060745396506936625,0.0,0.0,0.0,0.0,0.0,1.0,0.0,0.008631319358816275,anchor_id,2000,221013,,,,,,,
initial_clipping_subset,initial_step_strict_unclipped,0.3,20,decision_regret,decision_regret_best,logger1_heavy,811,4.18365928320098e-05,0.0004843528513358772,0.0,0.0,0.0,0.0,0.0,0.008448410409215512,1.2768540342675515e-05,8.042711613329797e-05,anchor_id,2000,221100,,,,,,,
initial_clipping_subset,initial_step_strict_unclipped,0.3,20,decision_regret,decision_regret_worst,logger1_heavy,811,4.18365928320098e-05,0.0004843528513358772,0.0,0.0,0.0,0.0,0.0,0.008448410409215512,1.3900361970027245e-05,7.997406178284565e-05,anchor_id,2000,221101,,,,,,,
initial_clipping_subset,initial_step_strict_unclipped,0.3,20,top_action,top_action_fraction,logger1_heavy,811,0.7213316892725031,0.4486206043379256,1.0,0.0,0.0,1.0,1.0,1.0,0.690474722564735,0.749691738594328,anchor_id,2000,221200,minus,,,,,,
initial_clipping_subset,initial_step_strict_unclipped,0.3,20,top_action,top_action_fraction,logger1_heavy,811,0.014796547472256474,0.12081227878040673,0.0,0.0,0.0,0.0,0.0,1.0,0.007398273736128237,0.02342786683107275,anchor_id,2000,221201,base,,,,,,
initial_clipping_subset,initial_step_strict_unclipped,0.3,20,top_action,top_action_fraction,logger1_heavy,811,0.2638717632552404,0.4410025652390028,0.0,0.0,0.0,1.0,1.0,1.0,0.2342786683107275,0.2934648581997534,anchor_id,2000,221202,plus,,,,,,
initial_clipping_subset,initial_step_strict_unclipped,0.3,20,decision_regret,decision_regret_best,logger12_balanced,811,3.141931735825455e-05,0.0003837234441294098,0.0,0.0,0.0,0.0,0.0,0.007116174069111025,8.812460559918761e-06,5.718445906577328e-05,anchor_id,2000,221110,,,,,,,
initial_clipping_subset,initial_step_strict_unclipped,0.3,20,decision_regret,decision_regret_worst,logger12_balanced,811,3.141931735825455e-05,0.0003837234441294098,0.0,0.0,0.0,0.0,0.0,0.007116174069111025,7.95139943074038e-06,6.0328152824528086e-05,anchor_id,2000,221111,,,,,,,
initial_clipping_subset,initial_step_strict_unclipped,0.3,20,top_action,top_action_fraction,logger12_balanced,811,0.7213316892725031,0.4486206043379256,1.0,0.0,0.0,1.0,1.0,1.0,0.6917385943279901,0.752157829839704,anchor_id,2000,221210,minus,,,,,,
initial_clipping_subset,initial_step_strict_unclipped,0.3,20,top_action,top_action_fraction,logger12_balanced,811,0.016029593094944512,0.125666692650384,0.0,0.0,0.0,0.0,0.0,1.0,0.008600493218249076,0.02466091245376079,anchor_id,2000,221211,base,,,,,,
initial_clipping_subset,initial_step_strict_unclipped,0.3,20,top_action,top_action_fraction,logger12_balanced,811,0.2626387176325524,0.44033930960739126,0.0,0.0,0.0,1.0,1.0,1.0,0.23304562268803947,0.2934648581997534,anchor_id,2000,221212,plus,,,,,,
initial_clipping_subset,initial_step_strict_unclipped,0.3,20,decision_regret,decision_regret_best,logger2_heavy,811,3.0727424026330716e-05,0.0003835233954775772,0.0,0.0,0.0,0.0,0.0,0.007116174069111025,8.730099966600298e-06,5.951961553143539e-05,anchor_id,2000,221120,,,,,,,
initial_clipping_subset,initial_step_strict_unclipped,0.3,20,decision_regret,decision_regret_worst,logger2_heavy,811,3.0727424026330716e-05,0.0003835233954775772,0.0,0.0,0.0,0.0,0.0,0.007116174069111025,8.519437958086e-06,6.18025242405333e-05,anchor_id,2000,221121,,,,,,,
initial_clipping_subset,initial_step_strict_unclipped,0.3,20,top_action,top_action_fraction,logger2_heavy,811,0.720098643649815,0.44922758414436526,1.0,0.0,0.0,1.0,1.0,1.0,0.689272503082614,0.752157829839704,anchor_id,2000,221220,minus,,,,,,
initial_clipping_subset,initial_step_strict_unclipped,0.3,20,top_action,top_action_fraction,logger2_heavy,811,0.016029593094944512,0.125666692650384,0.0,0.0,0.0,0.0,0.0,1.0,0.007398273736128237,0.02469173859432782,anchor_id,2000,221221,base,,,,,,
initial_clipping_subset,initial_step_strict_unclipped,0.3,20,top_action,top_action_fraction,logger2_heavy,811,0.2638717632552404,0.4410025652390028,0.0,0.0,0.0,1.0,1.0,1.0,0.2342786683107275,0.29469790382244143,anchor_id,2000,221222,plus,,,,,,
initial_clipping_subset,initial_step_strict_unclipped,0.3,20,top_action,top_action_fraction,do,811,0.7237977805178791,0.4473939667965271,1.0,0.0,0.0,1.0,1.0,1.0,0.6942046855733662,0.7546239210850801,anchor_id,2000,221300,minus,,,,,,
initial_clipping_subset,initial_step_strict_unclipped,0.3,20,top_action,top_action_fraction,do,811,0.016029593094944512,0.125666692650384,0.0,0.0,0.0,0.0,0.0,1.0,0.007398273736128237,0.025893958076448828,anchor_id,2000,221301,base,,,,,,
initial_clipping_subset,initial_step_strict_unclipped,0.3,20,top_action,top_action_fraction,do,811,0.2601726263871763,0.4389993895103967,0.0,0.0,0.0,1.0,1.0,1.0,0.23057953144266338,0.2909987669543773,anchor_id,2000,221302,plus,,,,,,
initial_clipping_subset,initial_step_strict_unclipped,0.3,20,decision_scale,balanced_error_over_action_range,logger12_balanced,811,0.5088153241861914,,,,,,,,0.5008393937927414,0.5172347208642875,anchor_id,2000,221400,,0.02729901245773687,0.053652103543460325,True,2000,,
initial_clipping_subset,initial_step_strict_unclipped,0.3,20,decision_scale,balanced_error_over_top_second_margin,logger12_balanced,811,1.031644507700228,,,,,,,,1.0107698801718563,1.0545616052256894,anchor_id,2000,221401,,0.02729901245773687,0.026461646675745524,True,2000,811,
initial_clipping_subset,any_initial_clipping,0.3,20,long_horizon,absolute_initial_u_return_effect,none,1183,0.09820972415680476,0.18788191109561087,0.04227016966319752,0.009414780368758594,0.017500820538608984,0.09953946758438666,0.2060131990990761,2.572136075824897,0.08785465009774819,0.10917318128215886,anchor_id,2000,222000,,,,,,,
initial_clipping_subset,any_initial_clipping,0.3,20,long_horizon,balanced_do_error,logger12_balanced,1183,0.019505554385663114,0.03737849359297447,0.008399438941457523,0.0019818609977174145,0.0036021670719949364,0.019653996558445165,0.04099584726743091,0.5148572346932602,0.01755663655678022,0.02180211010055845,anchor_id,2000,222001,,,,,,,
initial_clipping_subset,any_initial_clipping,0.3,20,long_horizon,heavy_mixture_drift,none,1183,0.010113991162936044,0.019381441122283172,0.00435526463631201,0.0010276316284461018,0.0018677903336256445,0.010190961178452085,0.02125710599052059,0.2669630105816925,0.00910523463704174,0.011312492511986948,anchor_id,2000,222002,,,,,,,
initial_clipping_subset,any_initial_clipping,0.3,20,long_horizon,do_action_range,none,1183,0.06338478123977494,0.11987344015608106,0.027724215578707856,0.005752717362072702,0.011093250588213088,0.06562504105083278,0.13644379420092462,1.2917449823055591,0.05711632970039863,0.07060163529423404,anchor_id,2000,222003,,,,,,,
initial_clipping_subset,any_initial_clipping,0.3,20,long_horizon,do_top_second_margin,none,1183,0.03269904162024753,0.07043695185136332,0.012760686450100422,0.0025103172932460895,0.005357683732949425,0.03218305224478257,0.06798754962516963,1.2846383189366861,0.02883463842579101,0.03670973166973942,anchor_id,2000,222004,,,,,,,
initial_clipping_subset,any_initial_clipping,0.3,20,long_horizon,max_balanced_do_error,logger12_balanced,1183,0.035020791448899774,0.06920621836117649,0.015588368337766667,0.0036269442451796865,0.006511527986909016,0.034559533031838896,0.07474154486947376,1.061707504445689,0.031200336180697674,0.03903412539648083,anchor_id,2000,222005,,,,,,,
initial_clipping_subset,any_initial_clipping,0.3,20,long_horizon,balanced_survival_difference_abs,logger12_balanced,1183,5.019019442096371e-05,0.0007310988775141271,0.0,0.0,0.0,0.0,0.0,0.015625000000000038,1.5849535080304314e-05,9.509721048182593e-05,anchor_id,2000,222006,,,,,,,
initial_clipping_subset,any_initial_clipping,0.3,20,long_horizon,balanced_termination_difference_abs,logger12_balanced,1183,5.019019442096359e-05,0.0007310988775141259,0.0,0.0,0.0,0.0,0.0,0.015625,1.3207945900253529e-05,9.509721048182582e-05,anchor_id,2000,222007,,,,,,,
initial_clipping_subset,any_initial_clipping,0.3,20,long_horizon,balanced_restricted_time_difference_abs,logger12_balanced,1183,0.0003645393068470016,0.0047194710822339525,0.0,0.0,0.0,0.0,0.0,0.0999999999999998,0.00012943786982248584,0.0006656804733727858,anchor_id,2000,222008,,,,,,,
initial_clipping_subset,any_initial_clipping,0.3,20,long_horizon,balanced_future_clipping_rate,logger12_balanced,1183,0.1655018984817487,0.1792353074867206,0.10005482456140351,0.0,0.0263157894736842,0.23856907894736845,0.492532894736842,0.8192434210526316,0.15612850879996445,0.17624355037324954,anchor_id,2000,222009,,,,,,,
initial_clipping_subset,any_initial_clipping,0.3,20,long_horizon,balanced_vs_do_top_set_disagreement,logger12_balanced,1183,0.02197802197802198,0.1466736983833085,0.0,0.0,0.0,0.0,0.0,1.0,0.014370245139475908,0.030431107354184278,anchor_id,2000,222010,,,,,,,
initial_clipping_subset,any_initial_clipping,0.3,20,long_horizon,balanced_vs_do_strict_disagreement,logger12_balanced,1183,0.02197802197802198,0.1466736983833085,0.0,0.0,0.0,0.0,0.0,1.0,0.014370245139475908,0.030452240067624568,anchor_id,2000,222011,,,,,,,
initial_clipping_subset,any_initial_clipping,0.3,20,long_horizon,heavy_top_set_disagreement,none,1183,0.00507185122569738,0.07106614309420345,0.0,0.0,0.0,0.0,0.0,1.0,0.0016906170752324597,0.009298393913778529,anchor_id,2000,222012,,,,,,,
initial_clipping_subset,any_initial_clipping,0.3,20,long_horizon,heavy_strict_disagreement,none,1183,0.00507185122569738,0.07106614309420345,0.0,0.0,0.0,0.0,0.0,1.0,0.0016906170752324597,0.009298393913778529,anchor_id,2000,222013,,,,,,,
initial_clipping_subset,any_initial_clipping,0.3,20,decision_regret,decision_regret_best,logger1_heavy,1183,0.00013124885635163762,0.00176568525997749,0.0,0.0,0.0,0.0,0.0,0.04302183127171588,4.427591073030553e-05,0.0002418156966016479,anchor_id,2000,222100,,,,,,,
initial_clipping_subset,any_initial_clipping,0.3,20,decision_regret,decision_regret_worst,logger1_heavy,1183,0.00013124885635163762,0.00176568525997749,0.0,0.0,0.0,0.0,0.0,0.04302183127171588,4.444120513811198e-05,0.0002490565616732832,anchor_id,2000,222101,,,,,,,
initial_clipping_subset,any_initial_clipping,0.3,20,top_action,top_action_fraction,logger1_heavy,1183,0.7557058326289096,0.4298496428087436,1.0,0.0,1.0,1.0,1.0,1.0,0.7311918850380389,0.779374471682164,anchor_id,2000,222200,minus,,,,,,
initial_clipping_subset,any_initial_clipping,0.3,20,top_action,top_action_fraction,logger1_heavy,1183,0.032121724429416736,0.17639790831316768,0.0,0.0,0.0,0.0,0.0,1.0,0.02197802197802198,0.042265426880811495,anchor_id,2000,222201,base,,,,,,
initial_clipping_subset,any_initial_clipping,0.3,20,top_action,top_action_fraction,logger1_heavy,1183,0.2121724429416737,0.4090192107213548,0.0,0.0,0.0,0.0,1.0,1.0,0.19019442096365174,0.23584108199492815,anchor_id,2000,222202,plus,,,,,,
initial_clipping_subset,any_initial_clipping,0.3,20,decision_regret,decision_regret_best,logger12_balanced,1183,0.00011918080720979622,0.001741486400532348,0.0,0.0,0.0,0.0,0.0,0.04302183127171588,3.718313551382986e-05,0.0002381688729009494,anchor_id,2000,222110,,,,,,,
initial_clipping_subset,any_initial_clipping,0.3,20,decision_regret,decision_regret_worst,logger12_balanced,1183,0.00011918080720979622,0.001741486400532348,0.0,0.0,0.0,0.0,0.0,0.04302183127171588,3.78327300000936e-05,0.0002341004359054197,anchor_id,2000,222111,,,,,,,
initial_clipping_subset,any_initial_clipping,0.3,20,top_action,top_action_fraction,logger12_balanced,1183,0.7557058326289096,0.4298496428087436,1.0,0.0,1.0,1.0,1.0,1.0,0.7311918850380389,0.7819103972950127,anchor_id,2000,222210,minus,,,,,,
initial_clipping_subset,any_initial_clipping,0.3,20,top_action,top_action_fraction,logger12_balanced,1183,0.03127641589180051,0.17413740177551282,0.0,0.0,0.0,0.0,0.0,1.0,0.02197802197802198,0.04142011834319527,anchor_id,2000,222211,base,,,,,,
initial_clipping_subset,any_initial_clipping,0.3,20,top_action,top_action_fraction,logger12_balanced,1183,0.21301775147928995,0.40961325351008343,0.0,0.0,0.0,0.0,1.0,1.0,0.18850380388841928,0.23670752324598465,anchor_id,2000,222212,plus,,,,,,
initial_clipping_subset,any_initial_clipping,0.3,20,decision_regret,decision_regret_best,logger2_heavy,1183,0.00011351664384319927,0.0017346572188177269,0.0,0.0,0.0,0.0,0.0,0.04302183127171588,2.97143177936192e-05,0.00022855944669013972,anchor_id,2000,222120,,,,,,,
initial_clipping_subset,any_initial_clipping,0.3,20,decision_regret,decision_regret_worst,logger2_heavy,1183,0.00011351664384319927,0.0017346572188177269,0.0,0.0,0.0,0.0,0.0,0.04302183127171588,2.9585481805400446e-05,0.0002190244879241439,anchor_id,2000,222121,,,,,,,
initial_clipping_subset,any_initial_clipping,0.3,20,top_action,top_action_fraction,logger2_heavy,1183,0.7540152155536771,0.4308517002235804,1.0,0.0,1.0,1.0,1.0,1.0,0.7303465765004227,0.779374471682164,anchor_id,2000,222220,minus,,,,,,
initial_clipping_subset,any_initial_clipping,0.3,20,top_action,top_action_fraction,logger2_heavy,1183,0.032121724429416736,0.1763979083131677,0.0,0.0,0.0,0.0,0.0,1.0,0.022802197802197804,0.04311073541842773,anchor_id,2000,222221,base,,,,,,
initial_clipping_subset,any_initial_clipping,0.3,20,top_action,top_action_fraction,logger2_heavy,1183,0.21386306001690616,0.41020469263651477,0.0,0.0,0.0,0.0,1.0,1.0,0.19186390532544378,0.23670752324598465,anchor_id,2000,222222,plus,,,,,,
initial_clipping_subset,any_initial_clipping,0.3,20,top_action,top_action_fraction,do,1183,0.7590870667793744,0.427818428158704,1.0,0.0,1.0,1.0,1.0,1.0,0.7337278106508875,0.781931530008453,anchor_id,2000,222300,minus,,,,,,
initial_clipping_subset,any_initial_clipping,0.3,20,top_action,top_action_fraction,do,1183,0.026204564666103127,0.15981074492143563,0.0,0.0,0.0,0.0,0.0,1.0,0.01775147928994083,0.03550295857988166,anchor_id,2000,222301,base,,,,,,
initial_clipping_subset,any_initial_clipping,0.3,20,top_action,top_action_fraction,do,1183,0.2147083685545224,0.41079353934650087,0.0,0.0,0.0,0.0,1.0,1.0,0.19103972950126796,0.2375316990701606,anchor_id,2000,222302,plus,,,,,,
initial_clipping_subset,any_initial_clipping,0.3,20,decision_scale,balanced_error_over_action_range,logger12_balanced,1183,0.5525110407247675,,,,,,,,0.5352075356908603,0.5729206881451119,anchor_id,2000,222400,,0.035020791448899774,0.06338478123977494,True,2000,,
initial_clipping_subset,any_initial_clipping,0.3,20,decision_scale,balanced_error_over_top_second_margin,logger12_balanced,1183,1.0710036048033467,,,,,,,,1.01153690888287,1.1281069671424255,anchor_id,2000,222401,,0.035020791448899774,0.03269904162024753,True,2000,1183,
initial_clipping_subset,all,0.3,50,long_horizon,absolute_initial_u_return_effect,none,1994,0.17769190445209535,0.5061559148019055,0.03758961632830922,0.007801684989651865,0.013401583855215431,0.11550306818137557,0.3893472563353992,8.313008059884064,0.1572555645531063,0.20143029160039047,anchor_id,2000,230000,,,,,,,
initial_clipping_subset,all,0.3,50,long_horizon,balanced_do_error,logger12_balanced,1994,0.035535552767828715,0.10106813916608738,0.007513305673053121,0.0015983038055622956,0.002741601983098955,0.023872812246184576,0.08027768529808743,1.7858576940575783,0.03131368740358372,0.04027728376672512,anchor_id,2000,230001,,,,,,,
initial_clipping_subset,all,0.3,50,long_horizon,heavy_mixture_drift,none,1994,0.018425842175910468,0.05240570178982327,0.003895788126769162,0.0008287501214046719,0.001421571398650438,0.01237849523875667,0.0416254664508557,0.9260002858076367,0.016205924033427993,0.020786893468342137,anchor_id,2000,230002,,,,,,,
initial_clipping_subset,all,0.3,50,long_horizon,do_action_range,none,1994,0.12204669849162704,0.3792121905742546,0.024570891824502894,0.0050247885600839485,0.009319653128287086,0.07902640369630731,0.2675192378677168,8.939306861592655,0.10691540850230125,0.1405908812620787,anchor_id,2000,230003,,,,,,,
initial_clipping_subset,all,0.3,50,long_horizon,do_top_second_margin,none,1994,0.0645670751020065,0.27084872467992743,0.012031131089607072,0.0020297955999097894,0.004191188913623023,0.0369035015349759,0.14051881508041228,8.931972670753368,0.05419008332388378,0.07854137007804331,anchor_id,2000,230004,,,,,,,
initial_clipping_subset,all,0.3,50,long_horizon,max_balanced_do_error,logger12_balanced,1994,0.06647169756069897,0.1913096334530185,0.013394523764841182,0.0028590704683267632,0.005151532961505723,0.04460138801244895,0.14410106997402755,3.2288850559302205,0.05848218171121685,0.07592232749330585,anchor_id,2000,230005,,,,,,,
initial_clipping_subset,all,0.3,50,long_horizon,balanced_survival_difference_abs,logger12_balanced,1994,0.00024291624874623894,0.002165415808381368,0.0,0.0,0.0,0.0,0.0,0.040625,0.00015511377883650968,0.00034635155466399226,anchor_id,2000,230006,,,,,,,
initial_clipping_subset,all,0.3,50,long_horizon,balanced_termination_difference_abs,logger12_balanced,1994,0.00024291624874623873,0.0021654158083813666,0.0,0.0,0.0,0.0,0.0,0.04062500000000002,0.0001519793756268806,0.00034168912988966885,anchor_id,2000,230007,,,,,,,
initial_clipping_subset,all,0.3,50,long_horizon,balanced_restricted_time_difference_abs,logger12_balanced,1994,0.003921138415245756,0.029214182961092627,0.0,0.0,0.0,0.0,0.0,0.5562499999999986,0.0027422501880641948,0.0052862885531594845,anchor_id,2000,230008,,,,,,,
initial_clipping_subset,all,0.3,50,long_horizon,balanced_future_clipping_rate,logger12_balanced,1994,0.21775230367646142,0.12014811651593435,0.23323767006802718,0.05735331632653063,0.11019876700680273,0.30264668367346936,0.37807397959183675,0.5595486111111111,0.21242784686379063,0.22303477449393905,anchor_id,2000,230009,,,,,,,
initial_clipping_subset,all,0.3,50,long_horizon,balanced_vs_do_top_set_disagreement,logger12_balanced,1994,0.05065195586760281,0.21934097393933571,0.0,0.0,0.0,0.0,0.0,1.0,0.04162487462387161,0.06068204613841525,anchor_id,2000,230010,,,,,,,
initial_clipping_subset,all,0.3,50,long_horizon,balanced_vs_do_strict_disagreement,logger12_balanced,1994,0.05015045135406219,0.2183100660289175,0.0,0.0,0.0,0.0,0.0,1.0,0.041123370110330994,0.06019307923771307,anchor_id,2000,230011,,,,,,,
initial_clipping_subset,all,0.3,50,long_horizon,heavy_top_set_disagreement,none,1994,0.01354062186559679,0.11560266224932453,0.0,0.0,0.0,0.0,0.0,1.0,0.009027081243731194,0.01905717151454363,anchor_id,2000,230012,,,,,,,
initial_clipping_subset,all,0.3,50,long_horizon,heavy_strict_disagreement,none,1994,0.01354062186559679,0.11560266224932453,0.0,0.0,0.0,0.0,0.0,1.0,0.008525576730190571,0.018555667001003008,anchor_id,2000,230013,,,,,,,
initial_clipping_subset,all,0.3,50,decision_regret,decision_regret_best,logger1_heavy,1994,0.0012402970674028728,0.024020385939399355,0.0,0.0,0.0,0.0,0.0,0.9573954210761713,0.0004134020631166031,0.00245959602379334,anchor_id,2000,230100,,,,,,,
initial_clipping_subset,all,0.3,50,decision_regret,decision_regret_worst,logger1_heavy,1994,0.0012402970674028728,0.024020385939399355,0.0,0.0,0.0,0.0,0.0,0.9573954210761713,0.0004290034644292857,0.002523020844223264,anchor_id,2000,230101,,,,,,,
initial_clipping_subset,all,0.3,50,top_action,top_action_fraction,logger1_heavy,1994,0.6374122367101304,0.4808678009783711,1.0,0.0,0.0,1.0,1.0,1.0,0.6158475426278837,0.6579739217652959,anchor_id,2000,230200,minus,,,,,,
initial_clipping_subset,all,0.3,50,top_action,top_action_fraction,logger1_heavy,1994,0.04212637913741224,0.2009278329535823,0.0,0.0,0.0,0.0,0.0,1.0,0.033600802407221665,0.051654964894684054,anchor_id,2000,230201,base,,,,,,
initial_clipping_subset,all,0.3,50,top_action,top_action_fraction,logger1_heavy,1994,0.3204613841524574,0.4667709832359533,0.0,0.0,0.0,1.0,1.0,1.0,0.30090270812437314,0.3415245737211635,anchor_id,2000,230202,plus,,,,,,
initial_clipping_subset,all,0.3,50,decision_regret,decision_regret_best,logger12_balanced,1994,0.0012204452664873865,0.02401853356196489,0.0,0.0,0.0,0.0,0.0,0.9573954210761713,0.00040857290209072916,0.0023960281930906443,anchor_id,2000,230110,,,,,,,
initial_clipping_subset,all,0.3,50,decision_regret,decision_regret_worst,logger12_balanced,1994,0.0012207269616628992,0.024018522534980716,0.0,0.0,0.0,0.0,0.0,0.9573954210761713,0.0004244451773715906,0.0023621645022753584,anchor_id,2000,230111,,,,,,,
initial_clipping_subset,all,0.3,50,top_action,top_action_fraction,logger12_balanced,1994,0.6359077231695085,0.48129539986091396,1.0,0.0,0.0,1.0,1.0,1.0,0.6158475426278837,0.6564819458375125,anchor_id,2000,230210,minus,,,,,,
initial_clipping_subset,all,0.3,50,top_action,top_action_fraction,logger12_balanced,1994,0.04262788365095286,0.20206737547075293,0.0,0.0,0.0,0.0,0.0,1.0,0.034102306920762285,0.05215646940822467,anchor_id,2000,230211,base,,,,,,
initial_clipping_subset,all,0.3,50,top_action,top_action_fraction,logger12_balanced,1994,0.32196589769307926,0.46734718755817545,0.0,0.0,0.0,1.0,1.0,1.0,0.30190571715145437,0.34252758274824474,anchor_id,2000,230212,plus,,,,,,
initial_clipping_subset,all,0.3,50,decision_regret,decision_regret_best,logger2_heavy,1994,0.0010633045244548135,0.02374842350473227,0.0,0.0,0.0,0.0,0.0,0.9573954210761713,0.0002637639643878766,0.002303401299279332,anchor_id,2000,230120,,,,,,,
initial_clipping_subset,all,0.3,50,decision_regret,decision_regret_worst,logger2_heavy,1994,0.0010633045244548135,0.02374842350473227,0.0,0.0,0.0,0.0,0.0,0.9573954210761713,0.0002776759057404763,0.002330012429701043,anchor_id,2000,230121,,,,,,,
initial_clipping_subset,all,0.3,50,top_action,top_action_fraction,logger2_heavy,1994,0.6334002006018055,0.48199678054688433,1.0,0.0,0.0,1.0,1.0,1.0,0.6118355065195586,0.6539618856569709,anchor_id,2000,230220,minus,,,,,,
initial_clipping_subset,all,0.3,50,top_action,top_action_fraction,logger2_heavy,1994,0.04663991975927784,0.21091929273863583,0.0,0.0,0.0,0.0,0.0,1.0,0.037111334002006016,0.05567953861584747,anchor_id,2000,230221,base,,,,,,
initial_clipping_subset,all,0.3,50,top_action,top_action_fraction,logger2_heavy,1994,0.31995987963891676,0.4665776783666473,0.0,0.0,0.0,1.0,1.0,1.0,0.29889669007021064,0.33901705115346037,anchor_id,2000,230222,plus,,,,,,
initial_clipping_subset,all,0.3,50,top_action,top_action_fraction,do,1994,0.6218655967903711,0.4850430534115397,1.0,0.0,0.0,1.0,1.0,1.0,0.600802407221665,0.6429287863590772,anchor_id,2000,230300,minus,,,,,,
initial_clipping_subset,all,0.3,50,top_action,top_action_fraction,do,1994,0.06619859578736209,0.24869129142884763,0.0,0.0,0.0,0.0,0.0,1.0,0.055165496489468405,0.07724423269809422,anchor_id,2000,230301,base,,,,,,
initial_clipping_subset,all,0.3,50,top_action,top_action_fraction,do,1994,0.3119358074222668,0.4633999917186143,0.0,0.0,0.0,1.0,1.0,1.0,0.29237713139418253,0.3329989969909729,anchor_id,2000,230302,plus,,,,,,
initial_clipping_subset,all,0.3,50,decision_scale,balanced_error_over_action_range,logger12_balanced,1994,0.5446415051142021,,,,,,,,0.5211731924343557,0.571860681849833,anchor_id,2000,230400,,0.06647169756069897,0.12204669849162704,True,2000,,
initial_clipping_subset,all,0.3,50,decision_scale,balanced_error_over_top_second_margin,logger12_balanced,1994,1.029498354318876,,,,,,,,0.9257516534869844,1.1338046904992816,anchor_id,2000,230401,,0.06647169756069897,0.0645670751020065,True,2000,1994,
initial_clipping_subset,initial_step_strict_unclipped,0.3,50,long_horizon,absolute_initial_u_return_effect,none,811,0.1344885467167586,0.32760205781262114,0.041865724527051874,0.00803118519943761,0.014779550343088015,0.13018914088878356,0.33303424162505263,6.793321336407075,0.11392431342259308,0.15894172110128074,anchor_id,2000,231000,,,,,,,
initial_clipping_subset,initial_step_strict_unclipped,0.3,50,long_horizon,balanced_do_error,logger12_balanced,811,0.027376025560663812,0.06545424980694547,0.008431569209861323,0.0016512856300513097,0.002974041419610292,0.027043658705570316,0.06908817607447304,1.2685120820075515,0.023232621351345014,0.03219567263730801,anchor_id,2000,231001,,,,,,,
initial_clipping_subset,initial_step_strict_unclipped,0.3,50,long_horizon,heavy_mixture_drift,none,811,0.014194976216639977,0.03393924064063902,0.004371924775478912,0.0008562221785552993,0.0015420955509052685,0.01402263784733293,0.03582349870527916,0.6577470054854094,0.012095528664888493,0.016752229323455627,anchor_id,2000,231002,,,,,,,
initial_clipping_subset,initial_step_strict_unclipped,0.3,50,long_horizon,do_action_range,none,811,0.09972845562829959,0.2608052626263078,0.028262292256130195,0.0055917655480470785,0.010942786424223527,0.09250943128377287,0.24992051024374007,3.808038440094066,0.0833486244831782,0.11895863552875467,anchor_id,2000,231003,,,,,,,
initial_clipping_subset,initial_step_strict_unclipped,0.3,50,long_horizon,do_top_second_margin,none,811,0.049525538542871984,0.12997402727825372,0.013615065315889296,0.0024078916316341292,0.005244692250293781,0.04453234068264322,0.12461718938828881,1.9114603162534962,0.04134011796807871,0.059199484760717444,anchor_id,2000,231004,,,,,,,
initial_clipping_subset,initial_step_strict_unclipped,0.3,50,long_horizon,max_balanced_do_error,logger12_balanced,811,0.05000624401402605,0.12180886041954217,0.014467862161978928,0.0030667346258894668,0.005500881315299466,0.0491492336459487,0.125933604940343,2.22700200795353,0.04216016197028989,0.0590370472333413,anchor_id,2000,231005,,,,,,,
initial_clipping_subset,initial_step_strict_unclipped,0.3,50,long_horizon,balanced_survival_difference_abs,logger12_balanced,811,0.00020422318125770683,0.0018423611596864585,0.0,0.0,0.0,0.0,0.0,0.031250000000000035,9.247842170160317e-05,0.00034294081381011133,anchor_id,2000,231006,,,,,,,
initial_clipping_subset,initial_step_strict_unclipped,0.3,50,long_horizon,balanced_termination_difference_abs,logger12_balanced,811,0.0002042231812577065,0.0018423611596864564,0.0,0.0,0.0,0.0,0.0,0.031249999999999983,8.477188655980268e-05,0.00034294081381011085,anchor_id,2000,231007,,,,,,,
initial_clipping_subset,initial_step_strict_unclipped,0.3,50,long_horizon,balanced_restricted_time_difference_abs,logger12_balanced,811,0.0023273736128236956,0.020235092662720482,0.0,0.0,0.0,0.0,0.0,0.4062500000000024,0.0011211081997534135,0.0038494143033292387,anchor_id,2000,231008,,,,,,,
initial_clipping_subset,initial_step_strict_unclipped,0.3,50,long_horizon,balanced_future_clipping_rate,logger12_balanced,811,0.23658383024905727,0.11290246243244834,0.25852111678004525,0.06033163265306126,0.15159438775510203,0.3179953231292517,0.38116496598639454,0.4700680272108843,0.22864738588598518,0.2440577452925351,anchor_id,2000,231009,,,,,,,
initial_clipping_subset,initial_step_strict_unclipped,0.3,50,long_horizon,balanced_vs_do_top_set_disagreement,logger12_balanced,811,0.03945745992601726,0.19480082034699203,0.0,0.0,0.0,0.0,0.0,1.0,0.025893958076448828,0.0530209617755857,anchor_id,2000,231010,,,,,,,
initial_clipping_subset,initial_step_strict_unclipped,0.3,50,long_horizon,balanced_vs_do_strict_disagreement,logger12_balanced,811,0.03822441430332922,0.19185592316907435,0.0,0.0,0.0,0.0,0.0,1.0,0.025893958076448828,0.051787916152897656,anchor_id,2000,231011,,,,,,,
initial_clipping_subset,initial_step_strict_unclipped,0.3,50,long_horizon,heavy_top_set_disagreement,none,811,0.009864364981504316,0.09888941997452874,0.0,0.0,0.0,0.0,0.0,1.0,0.0036991368680641184,0.01726263871763255,anchor_id,2000,231012,,,,,,,
initial_clipping_subset,initial_step_strict_unclipped,0.3,50,long_horizon,heavy_strict_disagreement,none,811,0.009864364981504316,0.09888941997452874,0.0,0.0,0.0,0.0,0.0,1.0,0.0036991368680641184,0.01726263871763255,anchor_id,2000,231013,,,,,,,
initial_clipping_subset,initial_step_strict_unclipped,0.3,50,decision_regret,decision_regret_best,logger1_heavy,811,0.0005851135177993941,0.008920886040840396,0.0,0.0,0.0,0.0,0.0,0.24071057424924902,0.00015923860263814975,0.001270850581643154,anchor_id,2000,231100,,,,,,,
initial_clipping_subset,initial_step_strict_unclipped,0.3,50,decision_regret,decision_regret_worst,logger1_heavy,811,0.0005851135177993941,0.008920886040840396,0.0,0.0,0.0,0.0,0.0,0.24071057424924902,0.0001509820208069389,0.0013704041143682735,anchor_id,2000,231101,,,,,,,
initial_clipping_subset,initial_step_strict_unclipped,0.3,50,top_action,top_action_fraction,logger1_heavy,811,0.5819975339087546,0.49353494878571996,1.0,0.0,0.0,1.0,1.0,1.0,0.5487053020961775,0.6152897657213316,anchor_id,2000,231200,minus,,,,,,
initial_clipping_subset,initial_step_strict_unclipped,0.3,50,top_action,top_action_fraction,logger1_heavy,811,0.0345252774352651,0.18268671230850264,0.0,0.0,0.0,0.0,0.0,1.0,0.02219482120838471,0.0468557336621455,anchor_id,2000,231201,base,,,,,,
initial_clipping_subset,initial_step_strict_unclipped,0.3,50,top_action,top_action_fraction,logger1_heavy,811,0.3834771886559803,0.48653295262003887,0.0,0.0,0.0,1.0,1.0,1.0,0.35018495684340323,0.41676942046855736,anchor_id,2000,231202,plus,,,,,,
initial_clipping_subset,initial_step_strict_unclipped,0.3,50,decision_regret,decision_regret_best,logger12_balanced,811,0.0005795941630176876,0.00892016462720106,0.0,0.0,0.0,0.0,0.0,0.24071057424924902,0.0001571996644725595,0.0013024847700612518,anchor_id,2000,231110,,,,,,,
initial_clipping_subset,initial_step_strict_unclipped,0.3,50,decision_regret,decision_regret_worst,logger12_balanced,811,0.0005802867649658651,0.008920141375770607,0.0,0.0,0.0,0.0,0.0,0.24071057424924902,0.0001528852262775699,0.001317672914886441,anchor_id,2000,231111,,,,,,,
initial_clipping_subset,initial_step_strict_unclipped,0.3,50,top_action,top_action_fraction,logger12_balanced,811,0.5832305795314426,0.4933282480739254,1.0,0.0,0.0,1.0,1.0,1.0,0.5474722564734895,0.6177558569667078,anchor_id,2000,231210,minus,,,,,,
initial_clipping_subset,initial_step_strict_unclipped,0.3,50,top_action,top_action_fraction,logger12_balanced,811,0.035758323057953144,0.18580159546724037,0.0,0.0,0.0,0.0,0.0,1.0,0.02342786683107275,0.04932182490752158,anchor_id,2000,231211,base,,,,,,
initial_clipping_subset,initial_step_strict_unclipped,0.3,50,top_action,top_action_fraction,logger12_balanced,811,0.38224414303329224,0.48623562298677026,0.0,0.0,0.0,1.0,1.0,1.0,0.3477188655980271,0.41676942046855736,anchor_id,2000,231212,plus,,,,,,
initial_clipping_subset,initial_step_strict_unclipped,0.3,50,decision_regret,decision_regret_best,logger2_heavy,811,0.00048623998135489786,0.008732388624920111,0.0,0.0,0.0,0.0,0.0,0.24071057424924902,8.680031893714001e-05,0.0012154096100127812,anchor_id,2000,231120,,,,,,,
initial_clipping_subset,initial_step_strict_unclipped,0.3,50,decision_regret,decision_regret_worst,logger2_heavy,811,0.00048623998135489786,0.008732388624920111,0.0,0.0,0.0,0.0,0.0,0.24071057424924902,8.244053505784069e-05,0.0012100482223229621,anchor_id,2000,231121,,,,,,,
initial_clipping_subset,initial_step_strict_unclipped,0.3,50,top_action,top_action_fraction,logger2_heavy,811,0.5770653514180024,0.4943300935639382,1.0,0.0,0.0,1.0,1.0,1.0,0.5450061652281134,0.6116214549938346,anchor_id,2000,231220,minus,,,,,,
initial_clipping_subset,initial_step_strict_unclipped,0.3,50,top_action,top_action_fraction,logger2_heavy,811,0.03945745992601726,0.194800820346992,0.0,0.0,0.0,0.0,0.0,1.0,0.025893958076448828,0.0530209617755857,anchor_id,2000,231221,base,,,,,,
initial_clipping_subset,initial_step_strict_unclipped,0.3,50,top_action,top_action_fraction,logger2_heavy,811,0.3834771886559803,0.48653295262003887,0.0,0.0,0.0,1.0,1.0,1.0,0.35018495684340323,0.41800246609124536,anchor_id,2000,231222,plus,,,,,,
initial_clipping_subset,initial_step_strict_unclipped,0.3,50,top_action,top_action_fraction,do,811,0.5770653514180024,0.4943300935639382,1.0,0.0,0.0,1.0,1.0,1.0,0.5437422934648583,0.6103575832305795,anchor_id,2000,231300,minus,,,,,,
initial_clipping_subset,initial_step_strict_unclipped,0.3,50,top_action,top_action_fraction,do,811,0.04932182490752158,0.21667272642152544,0.0,0.0,0.0,0.0,0.0,1.0,0.0345252774352651,0.06535141800246609,anchor_id,2000,231301,base,,,,,,
initial_clipping_subset,initial_step_strict_unclipped,0.3,50,top_action,top_action_fraction,do,811,0.37361282367447596,0.48406115625594676,0.0,0.0,0.0,1.0,1.0,1.0,0.3403205918618989,0.4081381011097411,anchor_id,2000,231302,plus,,,,,,
initial_clipping_subset,initial_step_strict_unclipped,0.3,50,decision_scale,balanced_error_over_action_range,logger12_balanced,811,0.5014240288690077,,,,,,,,0.46067335505359314,0.5452211043399995,anchor_id,2000,231400,,0.05000624401402605,0.09972845562829959,True,2000,,
initial_clipping_subset,initial_step_strict_unclipped,0.3,50,decision_scale,balanced_error_over_top_second_margin,logger12_balanced,811,1.0097062139109894,,,,,,,,0.9046223093056586,1.1397948384375596,anchor_id,2000,231401,,0.05000624401402605,0.049525538542871984,True,2000,811,
initial_clipping_subset,any_initial_clipping,0.3,50,long_horizon,absolute_initial_u_return_effect,none,1183,0.20730976000861104,0.5968835035892395,0.035745188463266686,0.007607901225780249,0.012231540511398482,0.10480002386255846,0.4663314904200225,8.313008059884064,0.17607384545550195,0.24240137137760506,anchor_id,2000,232000,,,,,,,
initial_clipping_subset,any_initial_clipping,0.3,50,long_horizon,balanced_do_error,logger12_balanced,1183,0.04112927767485385,0.11920767059414772,0.00705445521865992,0.0015564016181400576,0.0025355948116398963,0.020801784831929144,0.09261626085598397,1.7858576940575783,0.034692387925232146,0.048249438471508574,anchor_id,2000,232001,,,,,,,
initial_clipping_subset,any_initial_clipping,0.3,50,long_horizon,heavy_mixture_drift,none,1183,0.02132629212770114,0.06181138475252107,0.003657865668922492,0.0008070230612635972,0.001314752865293182,0.010786110653590697,0.04802324636976132,0.9260002858076367,0.017930980225098942,0.02510481412026968,anchor_id,2000,232002,,,,,,,
initial_clipping_subset,any_initial_clipping,0.3,50,long_horizon,do_action_range,none,1183,0.13734686329480422,0.4419045834467401,0.022253032992949784,0.004929379324374849,0.008501980443639923,0.06789428170883127,0.30961004822603955,8.939306861592655,0.1131517992087276,0.16527584789335895,anchor_id,2000,232003,,,,,,,
initial_clipping_subset,any_initial_clipping,0.3,50,long_horizon,do_top_second_margin,none,1183,0.07487872865184428,0.33444620968694094,0.010906990035749686,0.0019623547425851482,0.0037061233051645104,0.031943996979819644,0.1572132920117667,8.931972670753368,0.05826383579410918,0.09464346255835927,anchor_id,2000,232004,,,,,,,
initial_clipping_subset,any_initial_clipping,0.3,50,long_horizon,max_balanced_do_error,logger12_balanced,1183,0.07775951060072579,0.22634007875416007,0.012815405914651024,0.0027748508888265633,0.004945977638087129,0.038169029264167875,0.18140351918667635,3.2288850559302205,0.06545743490201156,0.09194391944044832,anchor_id,2000,232005,,,,,,,
initial_clipping_subset,any_initial_clipping,0.3,50,long_horizon,balanced_survival_difference_abs,logger12_balanced,1183,0.0002694420963651735,0.0023618876760049287,0.0,0.0,0.0,0.0,0.0,0.040625,0.000142645815722739,0.0004068707734573119,anchor_id,2000,232006,,,,,,,
initial_clipping_subset,any_initial_clipping,0.3,50,long_horizon,balanced_termination_difference_abs,logger12_balanced,1183,0.0002694420963651734,0.0023618876760049283,0.0,0.0,0.0,0.0,0.0,0.04062500000000002,0.00014528740490278954,0.00040951236263736247,anchor_id,2000,232007,,,,,,,
initial_clipping_subset,any_initial_clipping,0.3,50,long_horizon,balanced_restricted_time_difference_abs,logger12_balanced,1183,0.0050137362637362815,0.03399299075550709,0.0,0.0,0.0,0.0,0.0,0.5562499999999986,0.0032490226120034074,0.007127139687235855,anchor_id,2000,232008,,,,,,,
initial_clipping_subset,any_initial_clipping,0.3,50,long_horizon,balanced_future_clipping_rate,logger12_balanced,1183,0.20484244057386186,0.12326728744781518,0.1912202380952381,0.05656887755102042,0.09605654761904765,0.2961840986394557,0.37392184937215994,0.5595486111111111,0.1979248569496704,0.21199754309931215,anchor_id,2000,232009,,,,,,,
initial_clipping_subset,any_initial_clipping,0.3,50,long_horizon,balanced_vs_do_top_set_disagreement,logger12_balanced,1183,0.058326289095519866,0.234458525933157,0.0,0.0,0.0,0.0,0.0,1.0,0.04564666103127642,0.07269653423499578,anchor_id,2000,232010,,,,,,,
initial_clipping_subset,any_initial_clipping,0.3,50,long_horizon,balanced_vs_do_strict_disagreement,logger12_balanced,1183,0.058326289095519866,0.234458525933157,0.0,0.0,0.0,0.0,0.0,1.0,0.04562552831783601,0.07269653423499578,anchor_id,2000,232011,,,,,,,
initial_clipping_subset,any_initial_clipping,0.3,50,long_horizon,heavy_top_set_disagreement,none,1183,0.016060862214708368,0.1257627948028206,0.0,0.0,0.0,0.0,0.0,1.0,0.009298393913778529,0.022844463229078498,anchor_id,2000,232012,,,,,,,
initial_clipping_subset,any_initial_clipping,0.3,50,long_horizon,heavy_strict_disagreement,none,1183,0.016060862214708368,0.1257627948028206,0.0,0.0,0.0,0.0,0.0,1.0,0.009298393913778529,0.023668639053254437,anchor_id,2000,232013,,,,,,,
initial_clipping_subset,any_initial_clipping,0.3,50,decision_regret,decision_regret_best,logger1_heavy,1183,0.0016894550206813354,0.030295647612709878,0.0,0.0,0.0,0.0,0.0,0.9573954210761713,0.00041302716809347306,0.003707463967897768,anchor_id,2000,232100,,,,,,,
initial_clipping_subset,any_initial_clipping,0.3,50,decision_regret,decision_regret_worst,logger1_heavy,1183,0.0016894550206813354,0.030295647612709878,0.0,0.0,0.0,0.0,0.0,0.9573954210761713,0.00041697062210841916,0.003665390618031041,anchor_id,2000,232101,,,,,,,
initial_clipping_subset,any_initial_clipping,0.3,50,top_action,top_action_fraction,logger1_heavy,1183,0.6754015215553677,0.46842265493089164,1.0,0.0,0.0,1.0,1.0,1.0,0.6483516483516484,0.702451394759087,anchor_id,2000,232200,minus,,,,,,
initial_clipping_subset,any_initial_clipping,0.3,50,top_action,top_action_fraction,logger1_heavy,1183,0.047337278106508875,0.2124490830330569,0.0,0.0,0.0,0.0,0.0,1.0,0.03550295857988166,0.059192730346576385,anchor_id,2000,232201,base,,,,,,
initial_clipping_subset,any_initial_clipping,0.3,50,top_action,top_action_fraction,logger1_heavy,1183,0.2772612003381234,0.4478358623820167,0.0,0.0,0.0,1.0,1.0,1.0,0.2519019442096365,0.30346576500422656,anchor_id,2000,232202,plus,,,,,,
initial_clipping_subset,any_initial_clipping,0.3,50,decision_regret,decision_regret_best,logger12_balanced,1183,0.0016597776797705023,0.030293671364717233,0.0,0.0,0.0,0.0,0.0,0.9573954210761713,0.0004006760796749365,0.0037002478825631105,anchor_id,2000,232110,,,,,,,
initial_clipping_subset,any_initial_clipping,0.3,50,decision_regret,decision_regret_worst,logger12_balanced,1183,0.0016597776797705023,0.030293671364717233,0.0,0.0,0.0,0.0,0.0,0.9573954210761713,0.00038984523360212396,0.003621632039036834,anchor_id,2000,232111,,,,,,,
initial_clipping_subset,any_initial_clipping,0.3,50,top_action,top_action_fraction,logger12_balanced,1183,0.6720202874049028,0.4696759435758444,1.0,0.0,0.0,1.0,1.0,1.0,0.644949281487743,0.6973795435333897,anchor_id,2000,232210,minus,,,,,,
initial_clipping_subset,any_initial_clipping,0.3,50,top_action,top_action_fraction,logger12_balanced,1183,0.047337278106508875,0.2124490830330569,0.0,0.0,0.0,0.0,0.0,1.0,0.03550295857988166,0.060016906170752324,anchor_id,2000,232211,base,,,,,,
initial_clipping_subset,any_initial_clipping,0.3,50,top_action,top_action_fraction,logger12_balanced,1183,0.28064243448858833,0.44950312081884236,0.0,0.0,0.0,1.0,1.0,1.0,0.25612848689771767,0.3060016906170752,anchor_id,2000,232212,plus,,,,,,
initial_clipping_subset,any_initial_clipping,0.3,50,decision_regret,decision_regret_best,logger2_heavy,1183,0.001458908365920605,0.029971868951639107,0.0,0.0,0.0,0.0,0.0,0.9573954210761713,0.00025502300492074643,0.0034018451812615202,anchor_id,2000,232120,,,,,,,
initial_clipping_subset,any_initial_clipping,0.3,50,decision_regret,decision_regret_worst,logger2_heavy,1183,0.001458908365920605,0.029971868951639107,0.0,0.0,0.0,0.0,0.0,0.9573954210761713,0.0002476912863889692,0.0033874877308686033,anchor_id,2000,232121,,,,,,,
initial_clipping_subset,any_initial_clipping,0.3,50,top_action,top_action_fraction,logger2_heavy,1183,0.6720202874049028,0.46967594357584447,1.0,0.0,0.0,1.0,1.0,1.0,0.6441251056635672,0.6982248520710059,anchor_id,2000,232220,minus,,,,,,
initial_clipping_subset,any_initial_clipping,0.3,50,top_action,top_action_fraction,logger2_heavy,1183,0.05156382079459002,0.22123826062048432,0.0,0.0,0.0,0.0,0.0,1.0,0.03888419273034658,0.06424344885883347,anchor_id,2000,232221,base,,,,,,
initial_clipping_subset,any_initial_clipping,0.3,50,top_action,top_action_fraction,logger2_heavy,1183,0.2764158918005072,0.4474140810061757,0.0,0.0,0.0,1.0,1.0,1.0,0.2502113271344041,0.30095097210481814,anchor_id,2000,232222,plus,,,,,,
initial_clipping_subset,any_initial_clipping,0.3,50,top_action,top_action_fraction,do,1183,0.6525781910397295,0.47635250185280725,1.0,0.0,0.0,1.0,1.0,1.0,0.6263736263736264,0.6813186813186813,anchor_id,2000,232300,minus,,,,,,
initial_clipping_subset,any_initial_clipping,0.3,50,top_action,top_action_fraction,do,1183,0.07776838546069316,0.2679200270505518,0.0,0.0,0.0,0.0,0.0,1.0,0.06255283178360102,0.09298393913778528,anchor_id,2000,232301,base,,,,,,
initial_clipping_subset,any_initial_clipping,0.3,50,top_action,top_action_fraction,do,1183,0.2696534234995773,0.44396742108454607,0.0,0.0,0.0,1.0,1.0,1.0,0.2459847844463229,0.2958579881656805,anchor_id,2000,232302,plus,,,,,,
initial_clipping_subset,any_initial_clipping,0.3,50,decision_scale,balanced_error_over_action_range,logger12_balanced,1183,0.5661542516178264,,,,,,,,0.5352691803775038,0.5979239861557759,anchor_id,2000,232400,,0.07775951060072579,0.13734686329480422,True,2000,,
initial_clipping_subset,any_initial_clipping,0.3,50,decision_scale,balanced_error_over_top_second_margin,logger12_balanced,1183,1.0384726343615687,,,,,,,,0.9044350754009428,1.1789111674829453,anchor_id,2000,232401,,0.07775951060072579,0.07487872865184428,True,2000,1183,
primary_common_horizon,all,0.0,1,horizon_amplification,balanced_do_error_over_horizon1,logger12_balanced,1994,,,,,,,,,,,anchor_id,2000,400000,,7.646470848304321e-17,7.646470848304321e-17,False,,,aggregate denominator is numerically zero
primary_common_horizon,all,0.0,1,horizon_amplification,balanced_best_regret_minus_horizon1,logger12_balanced,1994,0.0,0.0,0.0,0.0,0.0,0.0,0.0,0.0,0.0,0.0,anchor_id,2000,500000,,,,,,,
primary_common_horizon,all,0.0,5,horizon_amplification,balanced_do_error_over_horizon1,logger12_balanced,1994,,,,,,,,,,,anchor_id,2000,400001,,3.101646136331597e-16,7.646470848304321e-17,False,,,aggregate denominator is numerically zero
primary_common_horizon,all,0.0,5,horizon_amplification,balanced_best_regret_minus_horizon1,logger12_balanced,1994,0.0,0.0,0.0,0.0,0.0,0.0,0.0,0.0,0.0,0.0,anchor_id,2000,500001,,,,,,,
primary_common_horizon,all,0.0,20,horizon_amplification,balanced_do_error_over_horizon1,logger12_balanced,1994,,,,,,,,,,,anchor_id,2000,400002,,1.2731745150331954e-15,7.646470848304321e-17,False,,,aggregate denominator is numerically zero
primary_common_horizon,all,0.0,20,horizon_amplification,balanced_best_regret_minus_horizon1,logger12_balanced,1994,0.0,0.0,0.0,0.0,0.0,0.0,0.0,0.0,0.0,0.0,anchor_id,2000,500002,,,,,,,
primary_common_horizon,all,0.0,50,horizon_amplification,balanced_do_error_over_horizon1,logger12_balanced,1994,,,,,,,,,,,anchor_id,2000,400003,,2.2382630687026725e-15,7.646470848304321e-17,False,,,aggregate denominator is numerically zero
primary_common_horizon,all,0.0,50,horizon_amplification,balanced_best_regret_minus_horizon1,logger12_balanced,1994,0.0,0.0,0.0,0.0,0.0,0.0,0.0,0.0,0.0,0.0,anchor_id,2000,500003,,,,,,,
primary_common_horizon,all,0.1,1,horizon_amplification,balanced_do_error_over_horizon1,logger12_balanced,1994,1.0,,,,,,,,1.0,1.0,anchor_id,2000,410000,,0.0007758346431263667,0.0007758346431263667,True,2000,,
primary_common_horizon,all,0.1,1,horizon_amplification,balanced_best_regret_minus_horizon1,logger12_balanced,1994,0.0,0.0,0.0,0.0,0.0,0.0,0.0,0.0,0.0,0.0,anchor_id,2000,510000,,,,,,,
primary_common_horizon,all,0.1,5,horizon_amplification,balanced_do_error_over_horizon1,logger12_balanced,1994,5.220600605042961,,,,,,,,4.961162805435601,5.524043782178322,anchor_id,2000,410001,,0.0040503228073188,0.0007758346431263667,True,2000,,
primary_common_horizon,all,0.1,5,horizon_amplification,balanced_best_regret_minus_horizon1,logger12_balanced,1994,1.0278846350493619e-05,0.0001250907566108784,0.0,0.0,0.0,0.0,0.0,0.002449911803987348,5.094566768242749e-06,1.5911974815131313e-05,anchor_id,2000,510001,,,,,,,
primary_common_horizon,all,0.1,20,horizon_amplification,balanced_do_error_over_horizon1,logger12_balanced,1994,8.201654294487849,,,,,,,,7.551298282273238,8.932171229942561,anchor_id,2000,410002,,0.0063631275326098136,0.0007758346431263667,True,2000,,
primary_common_horizon,all,0.1,20,horizon_amplification,balanced_best_regret_minus_horizon1,logger12_balanced,1994,2.3186333120137585e-05,0.00044642680509456923,0.0,0.0,0.0,0.0,0.0,0.01741114897529883,7.915507096987896e-06,4.627719667861232e-05,anchor_id,2000,510002,,,,,,,
primary_common_horizon,all,0.1,50,horizon_amplification,balanced_do_error_over_horizon1,logger12_balanced,1994,17.835587808131198,,,,,,,,15.349140744562542,20.582716463138127,anchor_id,2000,410003,,0.013837466902070444,0.0007758346431263667,True,2000,,
primary_common_horizon,all,0.1,50,horizon_amplification,balanced_best_regret_minus_horizon1,logger12_balanced,1994,5.1152001296376615e-05,0.0006070417219142452,0.0,0.0,0.0,0.0,0.0,0.01632551731435683,2.7306857124717856e-05,7.98904201886928e-05,anchor_id,2000,510003,,,,,,,
primary_common_horizon,all,0.2,1,horizon_amplification,balanced_do_error_over_horizon1,logger12_balanced,1994,1.0,,,,,,,,1.0,1.0,anchor_id,2000,420000,,0.0015412128843515145,0.0015412128843515145,True,2000,,
primary_common_horizon,all,0.2,1,horizon_amplification,balanced_best_regret_minus_horizon1,logger12_balanced,1994,0.0,0.0,0.0,0.0,0.0,0.0,0.0,0.0,0.0,0.0,anchor_id,2000,520000,,,,,,,
primary_common_horizon,all,0.2,5,horizon_amplification,balanced_do_error_over_horizon1,logger12_balanced,1994,5.157155586701814,,,,,,,,4.895937030030006,5.451632343394565,anchor_id,2000,420001,,0.00794827463683023,0.0015412128843515145,True,2000,,
primary_common_horizon,all,0.2,5,horizon_amplification,balanced_best_regret_minus_horizon1,logger12_balanced,1994,8.970001088901105e-06,0.00014059372342949751,0.0,0.0,0.0,0.0,0.0,0.0039619477517014445,3.3110415948617316e-06,1.5617991537198813e-05,anchor_id,2000,520001,,,,,,,
primary_common_horizon,all,0.2,20,horizon_amplification,balanced_do_error_over_horizon1,logger12_balanced,1994,7.9915441208840186,,,,,,,,7.326969092992354,8.712670549581581,anchor_id,2000,420002,,0.012316670764970046,0.0015412128843515145,True,2000,,
primary_common_horizon,all,0.2,20,horizon_amplification,balanced_best_regret_minus_horizon1,logger12_balanced,1994,3.30297666048357e-05,0.0006038970885511374,0.0,0.0,0.0,0.0,0.0,0.018572485122390958,1.0781017335736522e-05,6.403705285450095e-05,anchor_id,2000,520002,,,,,,,
primary_common_horizon,all,0.2,50,horizon_amplification,balanced_do_error_over_horizon1,logger12_balanced,1994,15.677104944820435,,,,,,,,13.831906615166673,17.760220350689465,anchor_id,2000,420003,,0.024161756130288092,0.0015412128843515145,True,2000,,
primary_common_horizon,all,0.2,50,horizon_amplification,balanced_best_regret_minus_horizon1,logger12_balanced,1994,0.00038727159113927936,0.012823556708713152,0.0,0.0,0.0,0.0,0.0,0.5663590916056478,4.1992931316817455e-05,0.001053942450497353,anchor_id,2000,520003,,,,,,,
primary_common_horizon,all,0.3,1,horizon_amplification,balanced_do_error_over_horizon1,logger12_balanced,1994,1.0,,,,,,,,1.0,1.0,anchor_id,2000,430000,,0.00230131319487744,0.00230131319487744,True,2000,,
primary_common_horizon,all,0.3,1,horizon_amplification,balanced_best_regret_minus_horizon1,logger12_balanced,1994,0.0,0.0,0.0,0.0,0.0,0.0,0.0,0.0,0.0,0.0,anchor_id,2000,530000,,,,,,,
primary_common_horizon,all,0.3,5,horizon_amplification,balanced_do_error_over_horizon1,logger12_balanced,1994,5.145709402307441,,,,,,,,4.870905475312628,5.496149038786583,anchor_id,2000,430001,,0.011841888944535018,0.00230131319487744,True,2000,,
primary_common_horizon,all,0.3,5,horizon_amplification,balanced_best_regret_minus_horizon1,logger12_balanced,1994,2.9427975254573813e-05,0.00036502001093307007,0.0,0.0,0.0,0.0,0.0,0.009623544871015355,1.5616918872540225e-05,4.731607717191752e-05,anchor_id,2000,530001,,,,,,,
primary_common_horizon,all,0.3,20,horizon_amplification,balanced_do_error_over_horizon1,logger12_balanced,1994,7.842401692016133,,,,,,,,7.222232041075136,8.506033548542982,anchor_id,2000,430002,,0.018047822493365888,0.00230131319487744,True,2000,,
primary_common_horizon,all,0.3,20,horizon_amplification,balanced_best_regret_minus_horizon1,logger12_balanced,1994,7.879233772807257e-05,0.001363656448018325,0.0,0.0,0.0,0.0,0.0,0.04302183127171588,2.775958422493564e-05,0.00014554159760405772,anchor_id,2000,530002,,,,,,,
primary_common_horizon,all,0.3,50,horizon_amplification,balanced_do_error_over_horizon1,logger12_balanced,1994,15.44142398649968,,,,,,,,13.47243270673301,17.557795597670772,anchor_id,2000,430003,,0.035535552767828715,0.00230131319487744,True,2000,,
primary_common_horizon,all,0.3,50,horizon_amplification,balanced_best_regret_minus_horizon1,logger12_balanced,1994,0.0012157511642421725,0.024018708479765085,0.0,0.0,0.0,0.0,0.0,0.9573954210761713,0.000380363622430894,0.002327081927434293,anchor_id,2000,530003,,,,,,,
