scope,subset,kappa,horizon,family,metric,mixture,n_anchors,mean,standard_deviation,median,p10,p25,p75,p90,maximum,ci95_low,ci95_high,bootstrap_unit,bootstrap_repetitions,bootstrap_seed,action,numerator_mean,denominator_mean,ratio_defined,valid_bootstrap_repetitions,positive_margin_count,reason
primary_common_horizon,all,0.0,1,decision_regret,decision_regret_best,logger1_heavy,1994,0.0,0.0,0.0,0.0,0.0,0.0,0.0,0.0,0.0,0.0,anchor_id,2000,100,,,,,,,
primary_common_horizon,all,0.0,1,decision_regret,decision_regret_worst,logger1_heavy,1994,0.0,0.0,0.0,0.0,0.0,0.0,0.0,0.0,0.0,0.0,anchor_id,2000,101,,,,,,,
primary_common_horizon,all,0.0,1,top_action,top_action_fraction,logger1_heavy,1994,0.9097291875626881,0.2866412358225881,1.0,1.0,1.0,1.0,1.0,1.0,0.8966775325977934,0.9222668004012036,anchor_id,2000,200,minus,,,,,,
primary_common_horizon,all,0.0,1,top_action,top_action_fraction,logger1_heavy,1994,0.005516549648946841,0.07408690857370026,0.0,0.0,0.0,0.0,0.0,1.0,0.0025075225677031092,0.009027081243731194,anchor_id,2000,201,base,,,,,,
primary_common_horizon,all,0.0,1,top_action,top_action_fraction,logger1_heavy,1994,0.08475426278836509,0.27858553344068615,0.0,0.0,0.0,0.0,0.0,1.0,0.07171514543630893,0.09679037111334002,anchor_id,2000,202,plus,,,,,,
primary_common_horizon,all,0.0,1,decision_regret,decision_regret_best,logger12_balanced,1994,0.0,0.0,0.0,0.0,0.0,0.0,0.0,0.0,0.0,0.0,anchor_id,2000,110,,,,,,,
primary_common_horizon,all,0.0,1,decision_regret,decision_regret_worst,logger12_balanced,1994,0.0,0.0,0.0,0.0,0.0,0.0,0.0,0.0,0.0,0.0,anchor_id,2000,111,,,,,,,
primary_common_horizon,all,0.0,1,top_action,top_action_fraction,logger12_balanced,1994,0.9097291875626881,0.2866412358225881,1.0,1.0,1.0,1.0,1.0,1.0,0.8971915747241725,0.9217778335005015,anchor_id,2000,210,minus,,,,,,
primary_common_horizon,all,0.0,1,top_action,top_action_fraction,logger12_balanced,1994,0.005516549648946841,0.07408690857370026,0.0,0.0,0.0,0.0,0.0,1.0,0.0025075225677031092,0.009027081243731194,anchor_id,2000,211,base,,,,,,
primary_common_horizon,all,0.0,1,top_action,top_action_fraction,logger12_balanced,1994,0.08475426278836509,0.27858553344068615,0.0,0.0,0.0,0.0,0.0,1.0,0.07320712136409228,0.09779338014042126,anchor_id,2000,212,plus,,,,,,
primary_common_horizon,all,0.0,1,decision_regret,decision_regret_best,logger2_heavy,1994,0.0,0.0,0.0,0.0,0.0,0.0,0.0,0.0,0.0,0.0,anchor_id,2000,120,,,,,,,
primary_common_horizon,all,0.0,1,decision_regret,decision_regret_worst,logger2_heavy,1994,0.0,0.0,0.0,0.0,0.0,0.0,0.0,0.0,0.0,0.0,anchor_id,2000,121,,,,,,,
primary_common_horizon,all,0.0,1,top_action,top_action_fraction,logger2_heavy,1994,0.9097291875626881,0.2866412358225881,1.0,1.0,1.0,1.0,1.0,1.0,0.8966900702106319,0.921765295887663,anchor_id,2000,220,minus,,,,,,
primary_common_horizon,all,0.0,1,top_action,top_action_fraction,logger2_heavy,1994,0.005516549648946841,0.07408690857370026,0.0,0.0,0.0,0.0,0.0,1.0,0.0025075225677031092,0.009027081243731194,anchor_id,2000,221,base,,,,,,
primary_common_horizon,all,0.0,1,top_action,top_action_fraction,logger2_heavy,1994,0.08475426278836509,0.27858553344068615,0.0,0.0,0.0,0.0,0.0,1.0,0.07221664994984955,0.09779338014042126,anchor_id,2000,222,plus,,,,,,
primary_common_horizon,all,0.0,1,top_action,top_action_fraction,do,1994,0.9097291875626881,0.2866412358225881,1.0,1.0,1.0,1.0,1.0,1.0,0.8966900702106319,0.9222668004012036,anchor_id,2000,300,minus,,,,,,
primary_common_horizon,all,0.0,1,top_action,top_action_fraction,do,1994,0.005516549648946841,0.07408690857370026,0.0,0.0,0.0,0.0,0.0,1.0,0.0025075225677031092,0.009027081243731194,anchor_id,2000,301,base,,,,,,
primary_common_horizon,all,0.0,1,top_action,top_action_fraction,do,1994,0.08475426278836509,0.27858553344068615,0.0,0.0,0.0,0.0,0.0,1.0,0.07271815446339017,0.09729187562688064,anchor_id,2000,302,plus,,,,,,
primary_common_horizon,all,0.0,1,decision_scale,balanced_error_over_action_range,logger12_balanced,1994,2.59260809523629e-14,,,,,,,,2.4611901965352172e-14,2.7355462222856127e-14,anchor_id,2000,400,,2.0344809087163098e-16,0.007847236581782283,True,2000,,
primary_common_horizon,all,0.0,1,decision_scale,balanced_error_over_top_second_margin,logger12_balanced,1994,5.283618036400936e-14,,,,,,,,5.0028099877616823e-14,5.574346567990278e-14,anchor_id,2000,401,,2.0344809087163098e-16,0.0038505450142307138,True,2000,1994,
secondary_per_horizon,all,0.0,1,decision_regret,decision_regret_best,logger1_heavy,2048,0.0,0.0,0.0,0.0,0.0,0.0,0.0,0.0,0.0,0.0,anchor_id,2000,100100,,,,,,,
secondary_per_horizon,all,0.0,1,decision_regret,decision_regret_worst,logger1_heavy,2048,0.0,0.0,0.0,0.0,0.0,0.0,0.0,0.0,0.0,0.0,anchor_id,2000,100101,,,,,,,
secondary_per_horizon,all,0.0,1,top_action,top_action_fraction,logger1_heavy,2048,0.91162109375,0.28391448409481096,1.0,1.0,1.0,1.0,1.0,1.0,0.8994140625,0.92333984375,anchor_id,2000,100200,minus,,,,,,
secondary_per_horizon,all,0.0,1,top_action,top_action_fraction,logger1_heavy,2048,0.00537109375,0.07310851451341079,0.0,0.0,0.0,0.0,0.0,1.0,0.00244140625,0.0087890625,anchor_id,2000,100201,base,,,,,,
secondary_per_horizon,all,0.0,1,top_action,top_action_fraction,logger1_heavy,2048,0.0830078125,0.27596141120871737,0.0,0.0,0.0,0.0,0.0,1.0,0.0712890625,0.09521484375,anchor_id,2000,100202,plus,,,,,,
secondary_per_horizon,all,0.0,1,decision_regret,decision_regret_best,logger12_balanced,2048,0.0,0.0,0.0,0.0,0.0,0.0,0.0,0.0,0.0,0.0,anchor_id,2000,100110,,,,,,,
secondary_per_horizon,all,0.0,1,decision_regret,decision_regret_worst,logger12_balanced,2048,0.0,0.0,0.0,0.0,0.0,0.0,0.0,0.0,0.0,0.0,anchor_id,2000,100111,,,,,,,
secondary_per_horizon,all,0.0,1,top_action,top_action_fraction,logger12_balanced,2048,0.91162109375,0.28391448409481096,1.0,1.0,1.0,1.0,1.0,1.0,0.89892578125,0.9233520507812499,anchor_id,2000,100210,minus,,,,,,
secondary_per_horizon,all,0.0,1,top_action,top_action_fraction,logger12_balanced,2048,0.00537109375,0.07310851451341079,0.0,0.0,0.0,0.0,0.0,1.0,0.00244140625,0.0087890625,anchor_id,2000,100211,base,,,,,,
secondary_per_horizon,all,0.0,1,top_action,top_action_fraction,logger12_balanced,2048,0.0830078125,0.27596141120871737,0.0,0.0,0.0,0.0,0.0,1.0,0.0712890625,0.095703125,anchor_id,2000,100212,plus,,,,,,
secondary_per_horizon,all,0.0,1,decision_regret,decision_regret_best,logger2_heavy,2048,0.0,0.0,0.0,0.0,0.0,0.0,0.0,0.0,0.0,0.0,anchor_id,2000,100120,,,,,,,
secondary_per_horizon,all,0.0,1,decision_regret,decision_regret_worst,logger2_heavy,2048,0.0,0.0,0.0,0.0,0.0,0.0,0.0,0.0,0.0,0.0,anchor_id,2000,100121,,,,,,,
secondary_per_horizon,all,0.0,1,top_action,top_action_fraction,logger2_heavy,2048,0.91162109375,0.28391448409481096,1.0,1.0,1.0,1.0,1.0,1.0,0.8994140625,0.9248046875,anchor_id,2000,100220,minus,,,,,,
secondary_per_horizon,all,0.0,1,top_action,top_action_fraction,logger2_heavy,2048,0.00537109375,0.07310851451341079,0.0,0.0,0.0,0.0,0.0,1.0,0.00244140625,0.0087890625,anchor_id,2000,100221,base,,,,,,
secondary_per_horizon,all,0.0,1,top_action,top_action_fraction,logger2_heavy,2048,0.0830078125,0.27596141120871737,0.0,0.0,0.0,0.0,0.0,1.0,0.07080078125,0.09521484375,anchor_id,2000,100222,plus,,,,,,
secondary_per_horizon,all,0.0,1,top_action,top_action_fraction,do,2048,0.91162109375,0.28391448409481096,1.0,1.0,1.0,1.0,1.0,1.0,0.8994140625,0.923828125,anchor_id,2000,100300,minus,,,,,,
secondary_per_horizon,all,0.0,1,top_action,top_action_fraction,do,2048,0.00537109375,0.07310851451341079,0.0,0.0,0.0,0.0,0.0,1.0,0.00244140625,0.0087890625,anchor_id,2000,100301,base,,,,,,
secondary_per_horizon,all,0.0,1,top_action,top_action_fraction,do,2048,0.0830078125,0.27596141120871737,0.0,0.0,0.0,0.0,0.0,1.0,0.07080078125,0.095703125,anchor_id,2000,100302,plus,,,,,,
secondary_per_horizon,all,0.0,1,decision_scale,balanced_error_over_action_range,logger12_balanced,2048,2.5754687122346734e-14,,,,,,,,2.430523153679927e-14,2.722195427691864e-14,anchor_id,2000,100400,,2.0285422647203788e-16,0.007876400342523519,True,2000,,
secondary_per_horizon,all,0.0,1,decision_scale,balanced_error_over_top_second_margin,logger12_balanced,2048,5.247480118938829e-14,,,,,,,,4.9724695176906314e-14,5.537967832237907e-14,anchor_id,2000,100401,,2.0285422647203788e-16,0.003865745498299478,True,2000,2048,
primary_common_horizon,all,0.0,5,decision_regret,decision_regret_best,logger1_heavy,1994,0.0,0.0,0.0,0.0,0.0,0.0,0.0,0.0,0.0,0.0,anchor_id,2000,1100,,,,,,,
primary_common_horizon,all,0.0,5,decision_regret,decision_regret_worst,logger1_heavy,1994,0.0,0.0,0.0,0.0,0.0,0.0,0.0,0.0,0.0,0.0,anchor_id,2000,1101,,,,,,,
primary_common_horizon,all,0.0,5,top_action,top_action_fraction,logger1_heavy,1994,0.8039117352056169,0.3971356857142596,1.0,0.0,1.0,1.0,1.0,1.0,0.785845035105316,0.8204613841524574,anchor_id,2000,1200,minus,,,,,,
primary_common_horizon,all,0.0,5,top_action,top_action_fraction,logger1_heavy,1994,0.04012036108324975,0.1962907045662553,0.0,0.0,0.0,0.0,0.0,1.0,0.0320962888665998,0.04864593781344032,anchor_id,2000,1201,base,,,,,,
primary_common_horizon,all,0.0,5,top_action,top_action_fraction,logger1_heavy,1994,0.1559679037111334,0.36291592533800787,0.0,0.0,0.0,0.0,1.0,1.0,0.1399197592778335,0.17251755265797392,anchor_id,2000,1202,plus,,,,,,
primary_common_horizon,all,0.0,5,decision_regret,decision_regret_best,logger12_balanced,1994,0.0,0.0,0.0,0.0,0.0,0.0,0.0,0.0,0.0,0.0,anchor_id,2000,1110,,,,,,,
primary_common_horizon,all,0.0,5,decision_regret,decision_regret_worst,logger12_balanced,1994,0.0,0.0,0.0,0.0,0.0,0.0,0.0,0.0,0.0,0.0,anchor_id,2000,1111,,,,,,,
primary_common_horizon,all,0.0,5,top_action,top_action_fraction,logger12_balanced,1994,0.8039117352056169,0.3971356857142596,1.0,0.0,1.0,1.0,1.0,1.0,0.7863590772316951,0.820962888665998,anchor_id,2000,1210,minus,,,,,,
primary_common_horizon,all,0.0,5,top_action,top_action_fraction,logger12_balanced,1994,0.04012036108324975,0.1962907045662553,0.0,0.0,0.0,0.0,0.0,1.0,0.0320962888665998,0.04864593781344032,anchor_id,2000,1211,base,,,,,,
primary_common_horizon,all,0.0,5,top_action,top_action_fraction,logger12_balanced,1994,0.1559679037111334,0.36291592533800787,0.0,0.0,0.0,0.0,1.0,1.0,0.14040872617853561,0.1715145436308927,anchor_id,2000,1212,plus,,,,,,
primary_common_horizon,all,0.0,5,decision_regret,decision_regret_best,logger2_heavy,1994,0.0,0.0,0.0,0.0,0.0,0.0,0.0,0.0,0.0,0.0,anchor_id,2000,1120,,,,,,,
primary_common_horizon,all,0.0,5,decision_regret,decision_regret_worst,logger2_heavy,1994,0.0,0.0,0.0,0.0,0.0,0.0,0.0,0.0,0.0,0.0,anchor_id,2000,1121,,,,,,,
primary_common_horizon,all,0.0,5,top_action,top_action_fraction,logger2_heavy,1994,0.8039117352056169,0.3971356857142596,1.0,0.0,1.0,1.0,1.0,1.0,0.7873620862587764,0.8219658976930793,anchor_id,2000,1220,minus,,,,,,
primary_common_horizon,all,0.0,5,top_action,top_action_fraction,logger2_heavy,1994,0.04012036108324975,0.1962907045662553,0.0,0.0,0.0,0.0,0.0,1.0,0.0320962888665998,0.04914744232698094,anchor_id,2000,1221,base,,,,,,
primary_common_horizon,all,0.0,5,top_action,top_action_fraction,logger2_heavy,1994,0.1559679037111334,0.36291592533800787,0.0,0.0,0.0,0.0,1.0,1.0,0.14042126379137412,0.17251755265797392,anchor_id,2000,1222,plus,,,,,,
primary_common_horizon,all,0.0,5,top_action,top_action_fraction,do,1994,0.8039117352056169,0.3971356857142596,1.0,0.0,1.0,1.0,1.0,1.0,0.7858575727181545,0.820962888665998,anchor_id,2000,1300,minus,,,,,,
primary_common_horizon,all,0.0,5,top_action,top_action_fraction,do,1994,0.04012036108324975,0.1962907045662553,0.0,0.0,0.0,0.0,0.0,1.0,0.03159478435305918,0.04864593781344032,anchor_id,2000,1301,base,,,,,,
primary_common_horizon,all,0.0,5,top_action,top_action_fraction,do,1994,0.1559679037111334,0.36291592533800787,0.0,0.0,0.0,0.0,1.0,1.0,0.14042126379137412,0.17152708124373114,anchor_id,2000,1302,plus,,,,,,
primary_common_horizon,all,0.0,5,decision_scale,balanced_error_over_action_range,logger12_balanced,1994,2.040031186245375e-14,,,,,,,,1.8932655779762448e-14,2.1974630008768826e-14,anchor_id,2000,1400,,8.253734261305577e-16,0.040458863163245866,True,2000,,
primary_common_horizon,all,0.0,5,decision_scale,balanced_error_over_top_second_margin,logger12_balanced,1994,4.083778969981388e-14,,,,,,,,3.7959753058119185e-14,4.407418138114672e-14,anchor_id,2000,1401,,8.253734261305577e-16,0.020211021022382102,True,2000,1994,
secondary_per_horizon,all,0.0,5,decision_regret,decision_regret_best,logger1_heavy,2047,0.0,0.0,0.0,0.0,0.0,0.0,0.0,0.0,0.0,0.0,anchor_id,2000,101100,,,,,,,
secondary_per_horizon,all,0.0,5,decision_regret,decision_regret_worst,logger1_heavy,2047,0.0,0.0,0.0,0.0,0.0,0.0,0.0,0.0,0.0,0.0,anchor_id,2000,101101,,,,,,,
secondary_per_horizon,all,0.0,5,top_action,top_action_fraction,logger1_heavy,2047,0.8085002442598925,0.3935775306150281,1.0,0.0,1.0,1.0,1.0,1.0,0.7914020517830972,0.8260869565217391,anchor_id,2000,101200,minus,,,,,,
secondary_per_horizon,all,0.0,5,top_action,top_action_fraction,logger1_heavy,2047,0.039081582804103565,0.19383644557278984,0.0,0.0,0.0,0.0,0.0,1.0,0.030776746458231558,0.04787493893502687,anchor_id,2000,101201,base,,,,,,
secondary_per_horizon,all,0.0,5,top_action,top_action_fraction,logger1_heavy,2047,0.1524181729360039,0.35951358066733136,0.0,0.0,0.0,0.0,1.0,1.0,0.13776257938446507,0.16853932584269662,anchor_id,2000,101202,plus,,,,,,
secondary_per_horizon,all,0.0,5,decision_regret,decision_regret_best,logger12_balanced,2047,0.0,0.0,0.0,0.0,0.0,0.0,0.0,0.0,0.0,0.0,anchor_id,2000,101110,,,,,,,
secondary_per_horizon,all,0.0,5,decision_regret,decision_regret_worst,logger12_balanced,2047,0.0,0.0,0.0,0.0,0.0,0.0,0.0,0.0,0.0,0.0,anchor_id,2000,101111,,,,,,,
secondary_per_horizon,all,0.0,5,top_action,top_action_fraction,logger12_balanced,2047,0.8085002442598925,0.3935775306150281,1.0,0.0,1.0,1.0,1.0,1.0,0.7923668783585736,0.825610649731314,anchor_id,2000,101210,minus,,,,,,
secondary_per_horizon,all,0.0,5,top_action,top_action_fraction,logger12_balanced,2047,0.039081582804103565,0.19383644557278984,0.0,0.0,0.0,0.0,0.0,1.0,0.030776746458231558,0.04787493893502687,anchor_id,2000,101211,base,,,,,,
secondary_per_horizon,all,0.0,5,top_action,top_action_fraction,logger12_balanced,2047,0.1524181729360039,0.35951358066733136,0.0,0.0,0.0,0.0,1.0,1.0,0.13823888617489008,0.16757449926722026,anchor_id,2000,101212,plus,,,,,,
secondary_per_horizon,all,0.0,5,decision_regret,decision_regret_best,logger2_heavy,2047,0.0,0.0,0.0,0.0,0.0,0.0,0.0,0.0,0.0,0.0,anchor_id,2000,101120,,,,,,,
secondary_per_horizon,all,0.0,5,decision_regret,decision_regret_worst,logger2_heavy,2047,0.0,0.0,0.0,0.0,0.0,0.0,0.0,0.0,0.0,0.0,anchor_id,2000,101121,,,,,,,
secondary_per_horizon,all,0.0,5,top_action,top_action_fraction,logger2_heavy,2047,0.8085002442598925,0.3935775306150281,1.0,0.0,1.0,1.0,1.0,1.0,0.7914020517830972,0.8255984367366879,anchor_id,2000,101220,minus,,,,,,
secondary_per_horizon,all,0.0,5,top_action,top_action_fraction,logger2_heavy,2047,0.039081582804103565,0.19383644557278984,0.0,0.0,0.0,0.0,0.0,1.0,0.03126526624328285,0.04787493893502687,anchor_id,2000,101221,base,,,,,,
secondary_per_horizon,all,0.0,5,top_action,top_action_fraction,logger2_heavy,2047,0.1524181729360039,0.35951358066733136,0.0,0.0,0.0,0.0,1.0,1.0,0.13629702002931118,0.16756228627259404,anchor_id,2000,101222,plus,,,,,,
secondary_per_horizon,all,0.0,5,top_action,top_action_fraction,do,2047,0.8085002442598925,0.3935775306150281,1.0,0.0,1.0,1.0,1.0,1.0,0.7923668783585736,0.8255984367366879,anchor_id,2000,101300,minus,,,,,,
secondary_per_horizon,all,0.0,5,top_action,top_action_fraction,do,2047,0.039081582804103565,0.19383644557278984,0.0,0.0,0.0,0.0,0.0,1.0,0.03126526624328285,0.04738641914997557,anchor_id,2000,101301,base,,,,,,
secondary_per_horizon,all,0.0,5,top_action,top_action_fraction,do,2047,0.1524181729360039,0.35951358066733136,0.0,0.0,0.0,0.0,1.0,1.0,0.13727405959941377,0.16756228627259404,anchor_id,2000,101302,plus,,,,,,
secondary_per_horizon,all,0.0,5,decision_scale,balanced_error_over_action_range,logger12_balanced,2047,2.159543235499511e-14,,,,,,,,1.9454747332160343e-14,2.4207216968658737e-14,anchor_id,2000,101400,,8.734260668570357e-16,0.04044494467622959,True,2000,,
secondary_per_horizon,all,0.0,5,decision_scale,balanced_error_over_top_second_margin,logger12_balanced,2047,4.3221915884386306e-14,,,,,,,,3.8929913223895595e-14,4.876265632640217e-14,anchor_id,2000,101401,,8.734260668570357e-16,0.02020794425664403,True,2000,2047,
primary_common_horizon,all,0.0,20,decision_regret,decision_regret_best,logger1_heavy,1994,0.0,0.0,0.0,0.0,0.0,0.0,0.0,0.0,0.0,0.0,anchor_id,2000,2100,,,,,,,
primary_common_horizon,all,0.0,20,decision_regret,decision_regret_worst,logger1_heavy,1994,0.0,0.0,0.0,0.0,0.0,0.0,0.0,0.0,0.0,0.0,anchor_id,2000,2101,,,,,,,
primary_common_horizon,all,0.0,20,top_action,top_action_fraction,logger1_heavy,1994,0.6995987963891676,0.458547456336364,1.0,0.0,0.0,1.0,1.0,1.0,0.6785356068204614,0.720160481444333,anchor_id,2000,2200,minus,,,,,,
primary_common_horizon,all,0.0,20,top_action,top_action_fraction,logger1_heavy,1994,0.062186559679037114,0.24155465962687575,0.0,0.0,0.0,0.0,0.0,1.0,0.051654964894684054,0.07271815446339017,anchor_id,2000,2201,base,,,,,,
primary_common_horizon,all,0.0,20,top_action,top_action_fraction,logger1_heavy,1994,0.2382146439317954,0.4260979702451812,0.0,0.0,0.0,0.0,1.0,1.0,0.22166499498495487,0.25626880641925776,anchor_id,2000,2202,plus,,,,,,
primary_common_horizon,all,0.0,20,decision_regret,decision_regret_best,logger12_balanced,1994,0.0,0.0,0.0,0.0,0.0,0.0,0.0,0.0,0.0,0.0,anchor_id,2000,2110,,,,,,,
primary_common_horizon,all,0.0,20,decision_regret,decision_regret_worst,logger12_balanced,1994,0.0,0.0,0.0,0.0,0.0,0.0,0.0,0.0,0.0,0.0,anchor_id,2000,2111,,,,,,,
primary_common_horizon,all,0.0,20,top_action,top_action_fraction,logger12_balanced,1994,0.6995987963891676,0.458547456336364,1.0,0.0,0.0,1.0,1.0,1.0,0.6785356068204614,0.720160481444333,anchor_id,2000,2210,minus,,,,,,
primary_common_horizon,all,0.0,20,top_action,top_action_fraction,logger12_balanced,1994,0.062186559679037114,0.24155465962687575,0.0,0.0,0.0,0.0,0.0,1.0,0.051654964894684054,0.07222918756268801,anchor_id,2000,2211,base,,,,,,
primary_common_horizon,all,0.0,20,top_action,top_action_fraction,logger12_balanced,1994,0.2382146439317954,0.4260979702451812,0.0,0.0,0.0,0.0,1.0,1.0,0.220160481444333,0.25727181544633904,anchor_id,2000,2212,plus,,,,,,
primary_common_horizon,all,0.0,20,decision_regret,decision_regret_best,logger2_heavy,1994,0.0,0.0,0.0,0.0,0.0,0.0,0.0,0.0,0.0,0.0,anchor_id,2000,2120,,,,,,,
primary_common_horizon,all,0.0,20,decision_regret,decision_regret_worst,logger2_heavy,1994,0.0,0.0,0.0,0.0,0.0,0.0,0.0,0.0,0.0,0.0,anchor_id,2000,2121,,,,,,,
primary_common_horizon,all,0.0,20,top_action,top_action_fraction,logger2_heavy,1994,0.6995987963891676,0.458547456336364,1.0,0.0,0.0,1.0,1.0,1.0,0.6800401203610833,0.7196715145436309,anchor_id,2000,2220,minus,,,,,,
primary_common_horizon,all,0.0,20,top_action,top_action_fraction,logger2_heavy,1994,0.062186559679037114,0.24155465962687575,0.0,0.0,0.0,0.0,0.0,1.0,0.051654964894684054,0.07372116349047142,anchor_id,2000,2221,base,,,,,,
primary_common_horizon,all,0.0,20,top_action,top_action_fraction,logger2_heavy,1994,0.2382146439317954,0.4260979702451812,0.0,0.0,0.0,0.0,1.0,1.0,0.21914493480441324,0.2567703109327984,anchor_id,2000,2222,plus,,,,,,
primary_common_horizon,all,0.0,20,top_action,top_action_fraction,do,1994,0.6995987963891676,0.458547456336364,1.0,0.0,0.0,1.0,1.0,1.0,0.679037111334002,0.7186685055165496,anchor_id,2000,2300,minus,,,,,,
primary_common_horizon,all,0.0,20,top_action,top_action_fraction,do,1994,0.062186559679037114,0.24155465962687575,0.0,0.0,0.0,0.0,0.0,1.0,0.051654964894684054,0.0732196589769308,anchor_id,2000,2301,base,,,,,,
primary_common_horizon,all,0.0,20,top_action,top_action_fraction,do,1994,0.2382146439317954,0.4260979702451812,0.0,0.0,0.0,0.0,1.0,1.0,0.21964643931795386,0.2577733199598796,anchor_id,2000,2302,plus,,,,,,
primary_common_horizon,all,0.0,20,decision_scale,balanced_error_over_action_range,logger12_balanced,1994,5.262545959153002e-14,,,,,,,,4.706814466500937e-14,5.890780597586528e-14,anchor_id,2000,2400,,3.4845635793952254e-15,0.06621440660930702,True,2000,,
primary_common_horizon,all,0.0,20,decision_scale,balanced_error_over_top_second_margin,logger12_balanced,1994,1.0960359547985332e-13,,,,,,,,9.928352147674388e-14,1.2166360316135876e-13,anchor_id,2000,2401,,3.4845635793952254e-15,0.03179242035025883,True,2000,1994,
secondary_per_horizon,all,0.0,20,decision_regret,decision_regret_best,logger1_heavy,2026,0.0,0.0,0.0,0.0,0.0,0.0,0.0,0.0,0.0,0.0,anchor_id,2000,102100,,,,,,,
secondary_per_horizon,all,0.0,20,decision_regret,decision_regret_worst,logger1_heavy,2026,0.0,0.0,0.0,0.0,0.0,0.0,0.0,0.0,0.0,0.0,anchor_id,2000,102101,,,,,,,
secondary_per_horizon,all,0.0,20,top_action,top_action_fraction,logger1_heavy,2026,0.7013820335636722,0.45776490289663024,1.0,0.0,0.0,1.0,1.0,1.0,0.6816386969397829,0.722124876604146,anchor_id,2000,102200,minus,,,,,,
secondary_per_horizon,all,0.0,20,top_action,top_action_fraction,logger1_heavy,2026,0.061697926949654494,0.24066549618192148,0.0,0.0,0.0,0.0,0.0,1.0,0.05133267522211254,0.07255676209279369,anchor_id,2000,102201,base,,,,,,
secondary_per_horizon,all,0.0,20,top_action,top_action_fraction,logger1_heavy,2026,0.23692003948667326,0.4252977931548883,0.0,0.0,0.0,0.0,1.0,1.0,0.21865745310957552,0.2556885488647581,anchor_id,2000,102202,plus,,,,,,
secondary_per_horizon,all,0.0,20,decision_regret,decision_regret_best,logger12_balanced,2026,0.0,0.0,0.0,0.0,0.0,0.0,0.0,0.0,0.0,0.0,anchor_id,2000,102110,,,,,,,
secondary_per_horizon,all,0.0,20,decision_regret,decision_regret_worst,logger12_balanced,2026,0.0,0.0,0.0,0.0,0.0,0.0,0.0,0.0,0.0,0.0,anchor_id,2000,102111,,,,,,,
secondary_per_horizon,all,0.0,20,top_action,top_action_fraction,logger12_balanced,2026,0.7013820335636722,0.45776490289663024,1.0,0.0,0.0,1.0,1.0,1.0,0.6811451135241856,0.7211377097729516,anchor_id,2000,102210,minus,,,,,,
secondary_per_horizon,all,0.0,20,top_action,top_action_fraction,logger12_balanced,2026,0.061697926949654494,0.24066549618192148,0.0,0.0,0.0,0.0,0.0,1.0,0.05133267522211254,0.07255676209279369,anchor_id,2000,102211,base,,,,,,
secondary_per_horizon,all,0.0,20,top_action,top_action_fraction,logger12_balanced,2026,0.23692003948667326,0.4252977931548883,0.0,0.0,0.0,0.0,1.0,1.0,0.21865745310957552,0.25470138203356363,anchor_id,2000,102212,plus,,,,,,
secondary_per_horizon,all,0.0,20,decision_regret,decision_regret_best,logger2_heavy,2026,0.0,0.0,0.0,0.0,0.0,0.0,0.0,0.0,0.0,0.0,anchor_id,2000,102120,,,,,,,
secondary_per_horizon,all,0.0,20,decision_regret,decision_regret_worst,logger2_heavy,2026,0.0,0.0,0.0,0.0,0.0,0.0,0.0,0.0,0.0,0.0,anchor_id,2000,102121,,,,,,,
secondary_per_horizon,all,0.0,20,top_action,top_action_fraction,logger2_heavy,2026,0.7013820335636722,0.45776490289663024,1.0,0.0,0.0,1.0,1.0,1.0,0.6821322803553801,0.7201382033563672,anchor_id,2000,102220,minus,,,,,,
secondary_per_horizon,all,0.0,20,top_action,top_action_fraction,logger2_heavy,2026,0.061697926949654494,0.24066549618192148,0.0,0.0,0.0,0.0,0.0,1.0,0.05133267522211254,0.07206317867719644,anchor_id,2000,102221,base,,,,,,
secondary_per_horizon,all,0.0,20,top_action,top_action_fraction,logger2_heavy,2026,0.23692003948667326,0.4252977931548883,0.0,0.0,0.0,0.0,1.0,1.0,0.21864511352418559,0.255182625863771,anchor_id,2000,102222,plus,,,,,,
secondary_per_horizon,all,0.0,20,top_action,top_action_fraction,do,2026,0.7013820335636722,0.45776490289663024,1.0,0.0,0.0,1.0,1.0,1.0,0.6816386969397829,0.7211253701875617,anchor_id,2000,102300,minus,,,,,,
secondary_per_horizon,all,0.0,20,top_action,top_action_fraction,do,2026,0.061697926949654494,0.24066549618192148,0.0,0.0,0.0,0.0,0.0,1.0,0.0508390918065153,0.07255676209279369,anchor_id,2000,102301,base,,,,,,
secondary_per_horizon,all,0.0,20,top_action,top_action_fraction,do,2026,0.23692003948667326,0.4252977931548883,0.0,0.0,0.0,0.0,1.0,1.0,0.21915103652517276,0.2561697926949654,anchor_id,2000,102302,plus,,,,,,
secondary_per_horizon,all,0.0,20,decision_scale,balanced_error_over_action_range,logger12_balanced,2026,5.289276302328911e-14,,,,,,,,4.7471464323913116e-14,5.890705523847287e-14,anchor_id,2000,102400,,3.492654229886919e-15,0.06603274304934827,True,2000,,
secondary_per_horizon,all,0.0,20,decision_scale,balanced_error_over_top_second_margin,logger12_balanced,2026,1.101609489389923e-13,,,,,,,,9.942298227013132e-14,1.2172929401639689e-13,anchor_id,2000,102401,,3.492654229886919e-15,0.03170501219829877,True,2000,2026,
primary_common_horizon,all,0.0,50,decision_regret,decision_regret_best,logger1_heavy,1994,0.0,0.0,0.0,0.0,0.0,0.0,0.0,0.0,0.0,0.0,anchor_id,2000,3100,,,,,,,
primary_common_horizon,all,0.0,50,decision_regret,decision_regret_worst,logger1_heavy,1994,0.0,0.0,0.0,0.0,0.0,0.0,0.0,0.0,0.0,0.0,anchor_id,2000,3101,,,,,,,
primary_common_horizon,all,0.0,50,top_action,top_action_fraction,logger1_heavy,1994,0.5947843530591775,0.4910568782102939,1.0,0.0,0.0,1.0,1.0,1.0,0.5732071213640924,0.6173520561685055,anchor_id,2000,3200,minus,,,,,,
primary_common_horizon,all,0.0,50,top_action,top_action_fraction,logger1_heavy,1994,0.1238716148445336,0.32951766597462245,0.0,0.0,0.0,0.0,1.0,1.0,0.10931544633901706,0.137913741223671,anchor_id,2000,3201,base,,,,,,
primary_common_horizon,all,0.0,50,top_action,top_action_fraction,logger1_heavy,1994,0.2813440320962889,0.4497677373472285,0.0,0.0,0.0,1.0,1.0,1.0,0.261283851554664,0.3004012036108325,anchor_id,2000,3202,plus,,,,,,
primary_common_horizon,all,0.0,50,decision_regret,decision_regret_best,logger12_balanced,1994,0.0,0.0,0.0,0.0,0.0,0.0,0.0,0.0,0.0,0.0,anchor_id,2000,3110,,,,,,,
primary_common_horizon,all,0.0,50,decision_regret,decision_regret_worst,logger12_balanced,1994,0.0,0.0,0.0,0.0,0.0,0.0,0.0,0.0,0.0,0.0,anchor_id,2000,3111,,,,,,,
primary_common_horizon,all,0.0,50,top_action,top_action_fraction,logger12_balanced,1994,0.5947843530591775,0.4910568782102939,1.0,0.0,0.0,1.0,1.0,1.0,0.5737211634904714,0.6163490471414242,anchor_id,2000,3210,minus,,,,,,
primary_common_horizon,all,0.0,50,top_action,top_action_fraction,logger12_balanced,1994,0.1238716148445336,0.32951766597462245,0.0,0.0,0.0,0.0,1.0,1.0,0.10932798395185557,0.1384277833500501,anchor_id,2000,3211,base,,,,,,
primary_common_horizon,all,0.0,50,top_action,top_action_fraction,logger12_balanced,1994,0.2813440320962889,0.4497677373472285,0.0,0.0,0.0,1.0,1.0,1.0,0.26178535606820463,0.30190571715145437,anchor_id,2000,3212,plus,,,,,,
primary_common_horizon,all,0.0,50,decision_regret,decision_regret_best,logger2_heavy,1994,0.0,0.0,0.0,0.0,0.0,0.0,0.0,0.0,0.0,0.0,anchor_id,2000,3120,,,,,,,
primary_common_horizon,all,0.0,50,decision_regret,decision_regret_worst,logger2_heavy,1994,0.0,0.0,0.0,0.0,0.0,0.0,0.0,0.0,0.0,0.0,anchor_id,2000,3121,,,,,,,
primary_common_horizon,all,0.0,50,top_action,top_action_fraction,logger2_heavy,1994,0.5947843530591775,0.4910568782102939,1.0,0.0,0.0,1.0,1.0,1.0,0.5737211634904714,0.6158600802407221,anchor_id,2000,3220,minus,,,,,,
primary_common_horizon,all,0.0,50,top_action,top_action_fraction,logger2_heavy,1994,0.1238716148445336,0.32951766597462245,0.0,0.0,0.0,0.0,1.0,1.0,0.10932798395185557,0.13891675025075226,anchor_id,2000,3221,base,,,,,,
primary_common_horizon,all,0.0,50,top_action,top_action_fraction,logger2_heavy,1994,0.2813440320962889,0.4497677373472285,0.0,0.0,0.0,1.0,1.0,1.0,0.2622868605817452,0.29989969909729186,anchor_id,2000,3222,plus,,,,,,
primary_common_horizon,all,0.0,50,top_action,top_action_fraction,do,1994,0.5947843530591775,0.4910568782102939,1.0,0.0,0.0,1.0,1.0,1.0,0.5737086258776329,0.6163615847542627,anchor_id,2000,3300,minus,,,,,,
primary_common_horizon,all,0.0,50,top_action,top_action_fraction,do,1994,0.1238716148445336,0.32951766597462245,0.0,0.0,0.0,0.0,1.0,1.0,0.10982948846539618,0.13841524573721165,anchor_id,2000,3301,base,,,,,,
primary_common_horizon,all,0.0,50,top_action,top_action_fraction,do,1994,0.2813440320962889,0.4497677373472285,0.0,0.0,0.0,1.0,1.0,1.0,0.26178535606820463,0.30190571715145437,anchor_id,2000,3302,plus,,,,,,
primary_common_horizon,all,0.0,50,decision_scale,balanced_error_over_action_range,logger12_balanced,1994,4.2545175498148796e-14,,,,,,,,3.6840567021866596e-14,4.9118443831270035e-14,anchor_id,2000,3400,,6.027052255246938e-15,0.14166241376790617,True,2000,,
primary_common_horizon,all,0.0,50,decision_scale,balanced_error_over_top_second_margin,logger12_balanced,1994,8.508139626075791e-14,,,,,,,,7.193386491454844e-14,1.016413235011785e-13,anchor_id,2000,3401,,6.027052255246938e-15,0.07083866180069726,True,2000,1994,
secondary_per_horizon,all,0.0,50,decision_regret,decision_regret_best,logger1_heavy,1994,0.0,0.0,0.0,0.0,0.0,0.0,0.0,0.0,0.0,0.0,anchor_id,2000,103100,,,,,,,
secondary_per_horizon,all,0.0,50,decision_regret,decision_regret_worst,logger1_heavy,1994,0.0,0.0,0.0,0.0,0.0,0.0,0.0,0.0,0.0,0.0,anchor_id,2000,103101,,,,,,,
secondary_per_horizon,all,0.0,50,top_action,top_action_fraction,logger1_heavy,1994,0.5947843530591775,0.4910568782102939,1.0,0.0,0.0,1.0,1.0,1.0,0.5727181544633901,0.6158475426278837,anchor_id,2000,103200,minus,,,,,,
secondary_per_horizon,all,0.0,50,top_action,top_action_fraction,logger1_heavy,1994,0.1238716148445336,0.32951766597462245,0.0,0.0,0.0,0.0,1.0,1.0,0.10982948846539618,0.13841524573721165,anchor_id,2000,103201,base,,,,,,
secondary_per_horizon,all,0.0,50,top_action,top_action_fraction,logger1_heavy,1994,0.2813440320962889,0.4497677373472285,0.0,0.0,0.0,1.0,1.0,1.0,0.26028084252758277,0.3014042126379137,anchor_id,2000,103202,plus,,,,,,
secondary_per_horizon,all,0.0,50,decision_regret,decision_regret_best,logger12_balanced,1994,0.0,0.0,0.0,0.0,0.0,0.0,0.0,0.0,0.0,0.0,anchor_id,2000,103110,,,,,,,
secondary_per_horizon,all,0.0,50,decision_regret,decision_regret_worst,logger12_balanced,1994,0.0,0.0,0.0,0.0,0.0,0.0,0.0,0.0,0.0,0.0,anchor_id,2000,103111,,,,,,,
secondary_per_horizon,all,0.0,50,top_action,top_action_fraction,logger12_balanced,1994,0.5947843530591775,0.4910568782102939,1.0,0.0,0.0,1.0,1.0,1.0,0.5732196589769308,0.6168630892678034,anchor_id,2000,103210,minus,,,,,,
secondary_per_horizon,all,0.0,50,top_action,top_action_fraction,logger12_balanced,1994,0.1238716148445336,0.32951766597462245,0.0,0.0,0.0,0.0,1.0,1.0,0.10881394182547643,0.13891675025075226,anchor_id,2000,103211,base,,,,,,
secondary_per_horizon,all,0.0,50,top_action,top_action_fraction,logger12_balanced,1994,0.2813440320962889,0.4497677373472285,0.0,0.0,0.0,1.0,1.0,1.0,0.26078234704112335,0.30190571715145437,anchor_id,2000,103212,plus,,,,,,
secondary_per_horizon,all,0.0,50,decision_regret,decision_regret_best,logger2_heavy,1994,0.0,0.0,0.0,0.0,0.0,0.0,0.0,0.0,0.0,0.0,anchor_id,2000,103120,,,,,,,
secondary_per_horizon,all,0.0,50,decision_regret,decision_regret_worst,logger2_heavy,1994,0.0,0.0,0.0,0.0,0.0,0.0,0.0,0.0,0.0,0.0,anchor_id,2000,103121,,,,,,,
secondary_per_horizon,all,0.0,50,top_action,top_action_fraction,logger2_heavy,1994,0.5947843530591775,0.4910568782102939,1.0,0.0,0.0,1.0,1.0,1.0,0.5722166499498496,0.6168505516549649,anchor_id,2000,103220,minus,,,,,,
secondary_per_horizon,all,0.0,50,top_action,top_action_fraction,logger2_heavy,1994,0.1238716148445336,0.32951766597462245,0.0,0.0,0.0,0.0,1.0,1.0,0.10982948846539618,0.13841524573721165,anchor_id,2000,103221,base,,,,,,
secondary_per_horizon,all,0.0,50,top_action,top_action_fraction,logger2_heavy,1994,0.2813440320962889,0.4497677373472285,0.0,0.0,0.0,1.0,1.0,1.0,0.2622868605817452,0.30090270812437314,anchor_id,2000,103222,plus,,,,,,
secondary_per_horizon,all,0.0,50,top_action,top_action_fraction,do,1994,0.5947843530591775,0.4910568782102939,1.0,0.0,0.0,1.0,1.0,1.0,0.5732071213640924,0.6158475426278837,anchor_id,2000,103300,minus,,,,,,
secondary_per_horizon,all,0.0,50,top_action,top_action_fraction,do,1994,0.1238716148445336,0.32951766597462245,0.0,0.0,0.0,0.0,1.0,1.0,0.10982948846539618,0.13841524573721165,anchor_id,2000,103301,base,,,,,,
secondary_per_horizon,all,0.0,50,top_action,top_action_fraction,do,1994,0.2813440320962889,0.4497677373472285,0.0,0.0,0.0,1.0,1.0,1.0,0.261283851554664,0.3014042126379137,anchor_id,2000,103302,plus,,,,,,
secondary_per_horizon,all,0.0,50,decision_scale,balanced_error_over_action_range,logger12_balanced,1994,4.2545175498148796e-14,,,,,,,,3.71428970804252e-14,4.934182069291384e-14,anchor_id,2000,103400,,6.027052255246938e-15,0.14166241376790617,True,2000,,
secondary_per_horizon,all,0.0,50,decision_scale,balanced_error_over_top_second_margin,logger12_balanced,1994,8.508139626075791e-14,,,,,,,,7.232969298742092e-14,1.0168269276819791e-13,anchor_id,2000,103401,,6.027052255246938e-15,0.07083866180069726,True,2000,1994,
primary_common_horizon,all,0.1,1,decision_regret,decision_regret_best,logger1_heavy,1994,1.2873326212413601e-06,2.2764538919470408e-05,0.0,0.0,0.0,0.0,0.0,0.0006784687681358204,4.2869915605327586e-07,2.3449526025765717e-06,anchor_id,2000,10100,,,,,,,
primary_common_horizon,all,0.1,1,decision_regret,decision_regret_worst,logger1_heavy,1994,1.2873326212413601e-06,2.2764538919470408e-05,0.0,0.0,0.0,0.0,0.0,0.0006784687681358204,4.3707195019474644e-07,2.437936590399815e-06,anchor_id,2000,10101,,,,,,,
primary_common_horizon,all,0.1,1,top_action,top_action_fraction,logger1_heavy,1994,0.9052156469408225,0.2929903245705043,1.0,1.0,1.0,1.0,1.0,1.0,0.8921765295887663,0.9182547642928787,anchor_id,2000,10200,minus,,,,,,
primary_common_horizon,all,0.1,1,top_action,top_action_fraction,logger1_heavy,1994,0.011534603811434303,0.10680485722809992,0.0,0.0,0.0,0.0,0.0,1.0,0.007021063189568706,0.016549648946840523,anchor_id,2000,10201,base,,,,,,
primary_common_horizon,all,0.1,1,top_action,top_action_fraction,logger1_heavy,1994,0.08324974924774323,0.27632864878605523,0.0,0.0,0.0,0.0,0.0,1.0,0.07171514543630893,0.09578736208625878,anchor_id,2000,10202,plus,,,,,,
primary_common_horizon,all,0.1,1,decision_regret,decision_regret_best,logger12_balanced,1994,7.334776686706967e-07,1.7327497220204285e-05,0.0,0.0,0.0,0.0,0.0,0.0006784687681358204,1.3083295110840137e-07,1.6166646412763334e-06,anchor_id,2000,10110,,,,,,,
primary_common_horizon,all,0.1,1,decision_regret,decision_regret_worst,logger12_balanced,1994,7.334776686706967e-07,1.7327497220204285e-05,0.0,0.0,0.0,0.0,0.0,0.0006784687681358204,1.5800513208751885e-07,1.5888529415905753e-06,anchor_id,2000,10111,,,,,,,
primary_common_horizon,all,0.1,1,top_action,top_action_fraction,logger12_balanced,1994,0.9067201604814443,0.29089714496035474,1.0,1.0,1.0,1.0,1.0,1.0,0.8941825476429288,0.9192577733199598,anchor_id,2000,10210,minus,,,,,,
primary_common_horizon,all,0.1,1,top_action,top_action_fraction,logger12_balanced,1994,0.010030090270812437,0.09967181016409168,0.0,0.0,0.0,0.0,0.0,1.0,0.006018054162487462,0.014543630892678034,anchor_id,2000,10211,base,,,,,,
primary_common_horizon,all,0.1,1,top_action,top_action_fraction,logger12_balanced,1994,0.08324974924774323,0.27632864878605523,0.0,0.0,0.0,0.0,0.0,1.0,0.07171514543630893,0.09528585757271815,anchor_id,2000,10212,plus,,,,,,
primary_common_horizon,all,0.1,1,decision_regret,decision_regret_best,logger2_heavy,1994,3.9322251915423713e-07,8.346100527306122e-06,0.0,0.0,0.0,0.0,0.0,0.00020769993652081098,8.7386621462352e-08,8.196392592546615e-07,anchor_id,2000,10120,,,,,,,
primary_common_horizon,all,0.1,1,decision_regret,decision_regret_worst,logger2_heavy,1994,3.9322251915423713e-07,8.346100527306122e-06,0.0,0.0,0.0,0.0,0.0,0.00020769993652081098,7.068997612222208e-08,7.869594019446169e-07,anchor_id,2000,10121,,,,,,,
primary_common_horizon,all,0.1,1,top_action,top_action_fraction,logger2_heavy,1994,0.9067201604814443,0.29089714496035474,1.0,1.0,1.0,1.0,1.0,1.0,0.8936810431293881,0.9192577733199598,anchor_id,2000,10220,minus,,,,,,
primary_common_horizon,all,0.1,1,top_action,top_action_fraction,logger2_heavy,1994,0.009528585757271816,0.09717266735450189,0.0,0.0,0.0,0.0,0.0,1.0,0.005516549648946841,0.014042126379137413,anchor_id,2000,10221,base,,,,,,
primary_common_horizon,all,0.1,1,top_action,top_action_fraction,logger2_heavy,1994,0.08375125376128385,0.2770838943473732,0.0,0.0,0.0,0.0,0.0,1.0,0.07171514543630893,0.09679037111334002,anchor_id,2000,10222,plus,,,,,,
primary_common_horizon,all,0.1,1,top_action,top_action_fraction,do,1994,0.9077231695085256,0.2894889377030977,1.0,1.0,1.0,1.0,1.0,1.0,0.8941825476429288,0.9202607823470411,anchor_id,2000,10300,minus,,,,,,
primary_common_horizon,all,0.1,1,top_action,top_action_fraction,do,1994,0.00802407221664995,0.08923945485786236,0.0,0.0,0.0,0.0,0.0,1.0,0.004513540621865597,0.012036108324974924,anchor_id,2000,10301,base,,,,,,
primary_common_horizon,all,0.1,1,top_action,top_action_fraction,do,1994,0.08425275827482448,0.27783618124272635,0.0,0.0,0.0,0.0,0.0,1.0,0.07271815446339017,0.09628886659979939,anchor_id,2000,10302,plus,,,,,,
primary_common_horizon,all,0.1,1,decision_scale,balanced_error_over_action_range,logger12_balanced,1994,0.16006420622797835,,,,,,,,0.15911132718749127,0.16101416081094755,anchor_id,2000,10400,,0.0012480153115624413,0.007796966860816476,True,2000,,
primary_common_horizon,all,0.1,1,decision_scale,balanced_error_over_top_second_margin,logger12_balanced,1994,0.3299747290091053,,,,,,,,0.3271577476043902,0.3328821014548329,anchor_id,2000,10401,,0.0012480153115624413,0.0037821542131731053,True,2000,1994,
secondary_per_horizon,all,0.1,1,decision_regret,decision_regret_best,logger1_heavy,2048,1.2533892806422227e-06,2.2463214519083888e-05,0.0,0.0,0.0,0.0,0.0,0.0006784687681358204,4.2655639379870614e-07,2.319143802295386e-06,anchor_id,2000,110100,,,,,,,
secondary_per_horizon,all,0.1,1,decision_regret,decision_regret_worst,logger1_heavy,2048,1.2533892806422227e-06,2.2463214519083888e-05,0.0,0.0,0.0,0.0,0.0,0.0006784687681358204,4.11247085094156e-07,2.3524989430783552e-06,anchor_id,2000,110101,,,,,,,
secondary_per_horizon,all,0.1,1,top_action,top_action_fraction,logger1_heavy,2048,0.9072265625,0.2901855334230356,1.0,1.0,1.0,1.0,1.0,1.0,0.89404296875,0.9194458007812499,anchor_id,2000,110200,minus,,,,,,
secondary_per_horizon,all,0.1,1,top_action,top_action_fraction,logger1_heavy,2048,0.01123046875,0.10540289376504301,0.0,0.0,0.0,0.0,0.0,1.0,0.0068359375,0.01611328125,anchor_id,2000,110201,base,,,,,,
secondary_per_horizon,all,0.1,1,top_action,top_action_fraction,logger1_heavy,2048,0.08154296875,0.27373399507187945,0.0,0.0,0.0,0.0,0.0,1.0,0.0703125,0.09375,anchor_id,2000,110202,plus,,,,,,
secondary_per_horizon,all,0.1,1,decision_regret,decision_regret_best,logger12_balanced,2048,7.141379254537936e-07,1.7097823522143717e-05,0.0,0.0,0.0,0.0,0.0,0.0006784687681358204,1.3765216053487385e-07,1.5130049129131659e-06,anchor_id,2000,110110,,,,,,,
secondary_per_horizon,all,0.1,1,decision_regret,decision_regret_worst,logger12_balanced,2048,7.141379254537936e-07,1.7097823522143717e-05,0.0,0.0,0.0,0.0,0.0,0.0006784687681358204,1.3812827414599165e-07,1.5474410039836822e-06,anchor_id,2000,110111,,,,,,,
secondary_per_horizon,all,0.1,1,top_action,top_action_fraction,logger12_balanced,2048,0.90869140625,0.2881178015948893,1.0,1.0,1.0,1.0,1.0,1.0,0.89599609375,0.9208984375,anchor_id,2000,110210,minus,,,,,,
secondary_per_horizon,all,0.1,1,top_action,top_action_fraction,logger12_balanced,2048,0.009765625,0.09836148474127493,0.0,0.0,0.0,0.0,0.0,1.0,0.005859375,0.01416015625,anchor_id,2000,110211,base,,,,,,
secondary_per_horizon,all,0.1,1,top_action,top_action_fraction,logger12_balanced,2048,0.08154296875,0.27373399507187945,0.0,0.0,0.0,0.0,0.0,1.0,0.06981201171875,0.09375,anchor_id,2000,110212,plus,,,,,,
secondary_per_horizon,all,0.1,1,decision_regret,decision_regret_best,logger2_heavy,2048,3.8285434726247503e-07,8.235520544122548e-06,0.0,0.0,0.0,0.0,0.0,0.00020769993652081098,8.48189545118143e-08,7.448986874474895e-07,anchor_id,2000,110120,,,,,,,
secondary_per_horizon,all,0.1,1,decision_regret,decision_regret_worst,logger2_heavy,2048,3.8285434726247503e-07,8.235520544122548e-06,0.0,0.0,0.0,0.0,0.0,0.00020769993652081098,8.522902821038805e-08,7.709894887466481e-07,anchor_id,2000,110121,,,,,,,
secondary_per_horizon,all,0.1,1,top_action,top_action_fraction,logger2_heavy,2048,0.90869140625,0.2881178015948893,1.0,1.0,1.0,1.0,1.0,1.0,0.89599609375,0.92138671875,anchor_id,2000,110220,minus,,,,,,
secondary_per_horizon,all,0.1,1,top_action,top_action_fraction,logger2_heavy,2048,0.00927734375,0.09589455022292588,0.0,0.0,0.0,0.0,0.0,1.0,0.00537109375,0.013671875,anchor_id,2000,110221,base,,,,,,
secondary_per_horizon,all,0.1,1,top_action,top_action_fraction,logger2_heavy,2048,0.08203125,0.2744793445796593,0.0,0.0,0.0,0.0,0.0,1.0,0.0703125,0.09375,anchor_id,2000,110222,plus,,,,,,
secondary_per_horizon,all,0.1,1,top_action,top_action_fraction,do,2048,0.90966796875,0.28672687021612153,1.0,1.0,1.0,1.0,1.0,1.0,0.89697265625,0.92236328125,anchor_id,2000,110300,minus,,,,,,
secondary_per_horizon,all,0.1,1,top_action,top_action_fraction,do,2048,0.0078125,0.08806390627089683,0.0,0.0,0.0,0.0,0.0,1.0,0.00390625,0.01171875,anchor_id,2000,110301,base,,,,,,
secondary_per_horizon,all,0.1,1,top_action,top_action_fraction,do,2048,0.08251953125,0.27522180886267783,0.0,0.0,0.0,0.0,0.0,1.0,0.07080078125,0.09423828125,anchor_id,2000,110302,plus,,,,,,
secondary_per_horizon,all,0.1,1,decision_scale,balanced_error_over_action_range,logger12_balanced,2048,0.15996503066275922,,,,,,,,0.15903754202617199,0.16090531582997766,anchor_id,2000,110400,,0.0012519493817132804,0.007826394159562659,True,2000,,
secondary_per_horizon,all,0.1,1,decision_scale,balanced_error_over_top_second_margin,logger12_balanced,2048,0.3296912988149847,,,,,,,,0.32697553044811395,0.33233631572158895,anchor_id,2000,110401,,0.0012519493817132804,0.0037973382561601846,True,2000,2048,
primary_common_horizon,all,0.1,5,decision_regret,decision_regret_best,logger1_heavy,1994,1.3531394314697838e-05,0.0001408217783125971,0.0,0.0,0.0,0.0,0.0,0.0024541360025178705,7.919092568934304e-06,1.98717417165775e-05,anchor_id,2000,11100,,,,,,,
primary_common_horizon,all,0.1,5,decision_regret,decision_regret_worst,logger1_heavy,1994,1.3531394314697838e-05,0.0001408217783125971,0.0,0.0,0.0,0.0,0.0,0.0024541360025178705,7.76554070516064e-06,2.0143872774434545e-05,anchor_id,2000,11101,,,,,,,
primary_common_horizon,all,0.1,5,top_action,top_action_fraction,logger1_heavy,1994,0.8074222668004012,0.39442308339672977,1.0,0.0,1.0,1.0,1.0,1.0,0.7898570712136409,0.8244734202607823,anchor_id,2000,11200,minus,,,,,,
primary_common_horizon,all,0.1,5,top_action,top_action_fraction,logger1_heavy,1994,0.04162487462387161,0.1997805311216855,0.0,0.0,0.0,0.0,0.0,1.0,0.033099297893681046,0.050664493480441254,anchor_id,2000,11201,base,,,,,,
primary_common_horizon,all,0.1,5,top_action,top_action_fraction,logger1_heavy,1994,0.15095285857572718,0.35809272708128664,0.0,0.0,0.0,0.0,1.0,1.0,0.13390170511534605,0.16649949849548645,anchor_id,2000,11202,plus,,,,,,
primary_common_horizon,all,0.1,5,decision_regret,decision_regret_best,logger12_balanced,1994,1.1012324019164315e-05,0.0001238195967381812,0.0,0.0,0.0,0.0,0.0,0.002449911803987348,5.991628921306717e-06,1.6734441091693376e-05,anchor_id,2000,11110,,,,,,,
primary_common_horizon,all,0.1,5,decision_regret,decision_regret_worst,logger12_balanced,1994,1.1012324019164315e-05,0.0001238195967381812,0.0,0.0,0.0,0.0,0.0,0.002449911803987348,5.963098313552498e-06,1.6706729810450055e-05,anchor_id,2000,11111,,,,,,,
primary_common_horizon,all,0.1,5,top_action,top_action_fraction,logger12_balanced,1994,0.8074222668004012,0.39442308339672977,1.0,0.0,1.0,1.0,1.0,1.0,0.7908600802407222,0.8254764292878636,anchor_id,2000,11210,minus,,,,,,
primary_common_horizon,all,0.1,5,top_action,top_action_fraction,logger12_balanced,1994,0.041123370110330994,0.19862533551679273,0.0,0.0,0.0,0.0,0.0,1.0,0.033099297893681046,0.05015045135406219,anchor_id,2000,11211,base,,,,,,
primary_common_horizon,all,0.1,5,top_action,top_action_fraction,logger12_balanced,1994,0.1514543630892678,0.35858112422826355,0.0,0.0,0.0,0.0,1.0,1.0,0.13590772316950853,0.16751504513540616,anchor_id,2000,11212,plus,,,,,,
primary_common_horizon,all,0.1,5,decision_regret,decision_regret_best,logger2_heavy,1994,7.606480003892946e-06,9.490815128279675e-05,0.0,0.0,0.0,0.0,0.0,0.002256776442868258,3.7006793092187228e-06,1.2188615619734898e-05,anchor_id,2000,11120,,,,,,,
primary_common_horizon,all,0.1,5,decision_regret,decision_regret_worst,logger2_heavy,1994,7.664703299347886e-06,9.493908863780809e-05,0.0,0.0,0.0,0.0,0.0,0.002256776442868258,3.902054247652914e-06,1.2024437764159622e-05,anchor_id,2000,11121,,,,,,,
primary_common_horizon,all,0.1,5,top_action,top_action_fraction,logger2_heavy,1994,0.8084252758274825,0.3936388676649284,1.0,0.0,1.0,1.0,1.0,1.0,0.7898696088264794,0.8254764292878636,anchor_id,2000,11220,minus,,,,,,
primary_common_horizon,all,0.1,5,top_action,top_action_fraction,logger2_heavy,1994,0.03911735205616851,0.19392277954200732,0.0,0.0,0.0,0.0,0.0,1.0,0.030591775325977934,0.047642928786359076,anchor_id,2000,11221,base,,,,,,
primary_common_horizon,all,0.1,5,top_action,top_action_fraction,logger2_heavy,1994,0.15295887662988966,0.3600381472150095,0.0,0.0,0.0,0.0,1.0,1.0,0.1374122367101304,0.16900702106318957,anchor_id,2000,11222,plus,,,,,,
primary_common_horizon,all,0.1,5,top_action,top_action_fraction,do,1994,0.8114343029087262,0.39126135512581955,1.0,0.0,1.0,1.0,1.0,1.0,0.7943706118355065,0.8294884653961886,anchor_id,2000,11300,minus,,,,,,
primary_common_horizon,all,0.1,5,top_action,top_action_fraction,do,1994,0.030591775325977934,0.17225213684545415,0.0,0.0,0.0,0.0,0.0,1.0,0.023069207622868605,0.03861584754262788,anchor_id,2000,11301,base,,,,,,
primary_common_horizon,all,0.1,5,top_action,top_action_fraction,do,1994,0.1579739217652959,0.3648080378605613,0.0,0.0,0.0,0.0,1.0,1.0,0.1424272818455366,0.17452357071213642,anchor_id,2000,11302,plus,,,,,,
primary_common_horizon,all,0.1,5,decision_scale,balanced_error_over_action_range,logger12_balanced,1994,0.18228091092733892,,,,,,,,0.1772023878647168,0.18997500809701123,anchor_id,2000,11400,,0.007307609200204184,0.040089821600228635,True,2000,,
primary_common_horizon,all,0.1,5,decision_scale,balanced_error_over_top_second_margin,logger12_balanced,1994,0.3647625256753903,,,,,,,,0.35727322655257315,0.375054786498118,anchor_id,2000,11401,,0.007307609200204184,0.020033881459378247,True,2000,1994,
secondary_per_horizon,all,0.1,5,decision_regret,decision_regret_best,logger1_heavy,2047,1.3181045561068632e-05,0.00013900249308849868,0.0,0.0,0.0,0.0,0.0,0.0024541360025178705,7.694739927391696e-06,1.921350240561255e-05,anchor_id,2000,111100,,,,,,,
secondary_per_horizon,all,0.1,5,decision_regret,decision_regret_worst,logger1_heavy,2047,1.3181045561068632e-05,0.00013900249308849868,0.0,0.0,0.0,0.0,0.0,0.0024541360025178705,7.4985597164503705e-06,1.971033560655393e-05,anchor_id,2000,111101,,,,,,,
secondary_per_horizon,all,0.1,5,top_action,top_action_fraction,logger1_heavy,2047,0.8119198827552516,0.39087161971561263,1.0,0.0,1.0,1.0,1.0,1.0,0.7938446507083536,0.8285295554469956,anchor_id,2000,111200,minus,,,,,,
secondary_per_horizon,all,0.1,5,top_action,top_action_fraction,logger1_heavy,2047,0.04054714215925745,0.19728681058519995,0.0,0.0,0.0,0.0,0.0,1.0,0.03224230581338544,0.04934049829018075,anchor_id,2000,111201,base,,,,,,
secondary_per_horizon,all,0.1,5,top_action,top_action_fraction,logger1_heavy,2047,0.14753297508549096,0.35472308360621185,0.0,0.0,0.0,0.0,1.0,1.0,0.13336590131900342,0.16316560820713238,anchor_id,2000,111202,plus,,,,,,
secondary_per_horizon,all,0.1,5,decision_regret,decision_regret_best,logger12_balanced,2047,1.0727197896538175e-05,0.0001222178698742198,0.0,0.0,0.0,0.0,0.0,0.002449911803987348,5.761913529973235e-06,1.6399948595129377e-05,anchor_id,2000,111110,,,,,,,
secondary_per_horizon,all,0.1,5,decision_regret,decision_regret_worst,logger12_balanced,2047,1.0727197896538175e-05,0.0001222178698742198,0.0,0.0,0.0,0.0,0.0,0.002449911803987348,5.645882013245927e-06,1.6259000120090984e-05,anchor_id,2000,111111,,,,,,,
secondary_per_horizon,all,0.1,5,top_action,top_action_fraction,logger12_balanced,2047,0.8119198827552516,0.39087161971561263,1.0,0.0,1.0,1.0,1.0,1.0,0.7962750366389839,0.8290180752320468,anchor_id,2000,111210,minus,,,,,,
secondary_per_horizon,all,0.1,5,top_action,top_action_fraction,logger12_balanced,2047,0.040058622374206154,0.19614465028255257,0.0,0.0,0.0,0.0,0.0,1.0,0.03175378602833415,0.048851978505129456,anchor_id,2000,111211,base,,,,,,
secondary_per_horizon,all,0.1,5,top_action,top_action_fraction,logger12_balanced,2047,0.14802149487054225,0.3552080655351518,0.0,0.0,0.0,0.0,1.0,1.0,0.13238886174890083,0.16316560820713238,anchor_id,2000,111212,plus,,,,,,
secondary_per_horizon,all,0.1,5,decision_regret,decision_regret_best,logger2_heavy,2047,7.409536457138512e-06,9.367861848307077e-05,0.0,0.0,0.0,0.0,0.0,0.002256776442868258,3.762023409194932e-06,1.1877524015269875e-05,anchor_id,2000,111120,,,,,,,
secondary_per_horizon,all,0.1,5,decision_regret,decision_regret_worst,logger2_heavy,2047,7.466252261309078e-06,9.370926967717715e-05,0.0,0.0,0.0,0.0,0.0,0.002256776442868258,3.7138706901138136e-06,1.1685333567534662e-05,anchor_id,2000,111121,,,,,,,
secondary_per_horizon,all,0.1,5,top_action,top_action_fraction,logger2_heavy,2047,0.8128969223253542,0.3900895461091987,1.0,0.0,1.0,1.0,1.0,1.0,0.7967757694186615,0.8295065950170982,anchor_id,2000,111220,minus,,,,,,
secondary_per_horizon,all,0.1,5,top_action,top_action_fraction,logger2_heavy,2047,0.038104543234000976,0.1914954341083209,0.0,0.0,0.0,0.0,0.0,1.0,0.030288226673180263,0.046409379579872984,anchor_id,2000,111221,base,,,,,,
secondary_per_horizon,all,0.1,5,top_action,top_action_fraction,logger2_heavy,2047,0.14948705422569614,0.3566550377282219,0.0,0.0,0.0,0.0,1.0,1.0,0.1338544211040547,0.16463116756228627,anchor_id,2000,111222,plus,,,,,,
secondary_per_horizon,all,0.1,5,top_action,top_action_fraction,do,2047,0.815828041035662,0.38771908098864655,1.0,0.0,1.0,1.0,1.0,1.0,0.8001954079140206,0.8339032730825598,anchor_id,2000,111300,minus,,,,,,
secondary_per_horizon,all,0.1,5,top_action,top_action_fraction,do,2047,0.02979970688812897,0.17007591008290937,0.0,0.0,0.0,0.0,0.0,1.0,0.022960429897410845,0.03761602344894968,anchor_id,2000,111301,base,,,,,,
secondary_per_horizon,all,0.1,5,top_action,top_action_fraction,do,2047,0.15437225207620908,0.36139350176807894,0.0,0.0,0.0,0.0,1.0,1.0,0.13873961895456766,0.1704934049829018,anchor_id,2000,111302,plus,,,,,,
secondary_per_horizon,all,0.1,5,decision_scale,balanced_error_over_action_range,logger12_balanced,2047,0.1820742485810915,,,,,,,,0.17706215363221708,0.19026129453416285,anchor_id,2000,111400,,0.007301404700275664,0.040101248568513485,True,2000,,
secondary_per_horizon,all,0.1,5,decision_scale,balanced_error_over_top_second_margin,logger12_balanced,2047,0.3643286880932777,,,,,,,,0.35675513284142535,0.37415324715475395,anchor_id,2000,111401,,0.007301404700275664,0.020040707577785675,True,2000,2047,
primary_common_horizon,all,0.1,20,decision_regret,decision_regret_best,logger1_heavy,1994,2.919041580378816e-05,0.00046711082253587233,0.0,0.0,0.0,0.0,0.0,0.01741114897529883,1.2470789454295372e-05,5.271147330160478e-05,anchor_id,2000,12100,,,,,,,
primary_common_horizon,all,0.1,20,decision_regret,decision_regret_worst,logger1_heavy,1994,2.9339923288043877e-05,0.0004671491824247719,0.0,0.0,0.0,0.0,0.0,0.01741114897529883,1.260693116850992e-05,5.238477114105588e-05,anchor_id,2000,12101,,,,,,,
primary_common_horizon,all,0.1,20,top_action,top_action_fraction,logger1_heavy,1994,0.7116349047141425,0.4531154740462817,1.0,0.0,0.0,1.0,1.0,1.0,0.6920762286860582,0.7316950852557673,anchor_id,2000,12200,minus,,,,,,
primary_common_horizon,all,0.1,20,top_action,top_action_fraction,logger1_heavy,1994,0.033099297893681046,0.17894075120849146,0.0,0.0,0.0,0.0,0.0,1.0,0.025576730190571714,0.041123370110330994,anchor_id,2000,12201,base,,,,,,
primary_common_horizon,all,0.1,20,top_action,top_action_fraction,logger1_heavy,1994,0.25576730190571717,0.4364010754562251,0.0,0.0,0.0,1.0,1.0,1.0,0.23671013039117353,0.27432296890672014,anchor_id,2000,12202,plus,,,,,,
primary_common_horizon,all,0.1,20,decision_regret,decision_regret_best,logger12_balanced,1994,2.3919810788808284e-05,0.0004460510545292484,0.0,0.0,0.0,0.0,0.0,0.01741114897529883,8.297513210780253e-06,4.624384805205042e-05,anchor_id,2000,12110,,,,,,,
primary_common_horizon,all,0.1,20,decision_regret,decision_regret_worst,logger12_balanced,1994,2.3980518598075335e-05,0.000446067554691711,0.0,0.0,0.0,0.0,0.0,0.01741114897529883,8.836029617761367e-06,4.7382540841485686e-05,anchor_id,2000,12111,,,,,,,
primary_common_horizon,all,0.1,20,top_action,top_action_fraction,logger12_balanced,1994,0.7126379137412236,0.4526454129130991,1.0,0.0,0.0,1.0,1.0,1.0,0.6920762286860582,0.7326980942828486,anchor_id,2000,12210,minus,,,,,,
primary_common_horizon,all,0.1,20,top_action,top_action_fraction,logger12_balanced,1994,0.03259779338014042,0.17762601221640112,0.0,0.0,0.0,0.0,0.0,1.0,0.025075225677031094,0.040621865596790374,anchor_id,2000,12211,base,,,,,,
primary_common_horizon,all,0.1,20,top_action,top_action_fraction,logger12_balanced,1994,0.25526579739217653,0.43611988777339794,0.0,0.0,0.0,1.0,1.0,1.0,0.23569458375125377,0.27432296890672014,anchor_id,2000,12212,plus,,,,,,
primary_common_horizon,all,0.1,20,decision_regret,decision_regret_best,logger2_heavy,1994,1.993422773136292e-05,0.00043514303438736305,0.0,0.0,0.0,0.0,0.0,0.01741114897529883,5.4230577806982e-06,4.217860995710043e-05,anchor_id,2000,12120,,,,,,,
primary_common_horizon,all,0.1,20,decision_regret,decision_regret_worst,logger2_heavy,1994,1.993422773136292e-05,0.00043514303438736305,0.0,0.0,0.0,0.0,0.0,0.01741114897529883,5.925957586624888e-06,4.2628043348612215e-05,anchor_id,2000,12121,,,,,,,
primary_common_horizon,all,0.1,20,top_action,top_action_fraction,logger2_heavy,1994,0.7111334002006018,0.45334948926377794,1.0,0.0,0.0,1.0,1.0,1.0,0.6905717151454364,0.7316950852557673,anchor_id,2000,12220,minus,,,,,,
primary_common_horizon,all,0.1,20,top_action,top_action_fraction,logger2_heavy,1994,0.033099297893681046,0.17894075120849146,0.0,0.0,0.0,0.0,0.0,1.0,0.025075225677031094,0.041123370110330994,anchor_id,2000,12221,base,,,,,,
primary_common_horizon,all,0.1,20,top_action,top_action_fraction,logger2_heavy,1994,0.25576730190571717,0.4364010754562251,0.0,0.0,0.0,1.0,1.0,1.0,0.23671013039117353,0.2748244734202608,anchor_id,2000,12222,plus,,,,,,
primary_common_horizon,all,0.1,20,top_action,top_action_fraction,do,1994,0.7141424272818455,0.4519352286039589,1.0,0.0,0.0,1.0,1.0,1.0,0.6940822467402207,0.734215145436309,anchor_id,2000,12300,minus,,,,,,
primary_common_horizon,all,0.1,20,top_action,top_action_fraction,do,1994,0.025075225677031094,0.1563928543610847,0.0,0.0,0.0,0.0,0.0,1.0,0.018543129388164492,0.0320962888665998,anchor_id,2000,12301,base,,,,,,
primary_common_horizon,all,0.1,20,top_action,top_action_fraction,do,1994,0.26078234704112335,0.43917153882178744,0.0,0.0,0.0,1.0,1.0,1.0,0.24172517552657974,0.2803410230692076,anchor_id,2000,12302,plus,,,,,,
primary_common_horizon,all,0.1,20,decision_scale,balanced_error_over_action_range,logger12_balanced,1994,0.18977288166172687,,,,,,,,0.18194510035848466,0.19846286835804317,anchor_id,2000,12400,,0.012000466182936025,0.06323593802157172,True,2000,,
primary_common_horizon,all,0.1,20,decision_scale,balanced_error_over_top_second_margin,logger12_balanced,1994,0.3788857358473691,,,,,,,,0.36513105123227757,0.39301477117548866,anchor_id,2000,12401,,0.012000466182936025,0.031673048224149326,True,2000,1994,
secondary_per_horizon,all,0.1,20,decision_regret,decision_regret_best,logger1_heavy,2026,2.8729362839463765e-05,0.0004634196718502723,0.0,0.0,0.0,0.0,0.0,0.01741114897529883,1.1517358384329004e-05,5.212508983642012e-05,anchor_id,2000,112100,,,,,,,
secondary_per_horizon,all,0.1,20,decision_regret,decision_regret_worst,logger1_heavy,2026,2.8876508902447922e-05,0.00046345787309753147,0.0,0.0,0.0,0.0,0.0,0.01741114897529883,1.210382507735347e-05,5.30350504600654e-05,anchor_id,2000,112101,,,,,,,
secondary_per_horizon,all,0.1,20,top_action,top_action_fraction,logger1_heavy,2026,0.7137216189536032,0.4521326905601173,1.0,0.0,0.0,1.0,1.0,1.0,0.6949654491609082,0.7319965449160907,anchor_id,2000,112200,minus,,,,,,
secondary_per_horizon,all,0.1,20,top_action,top_action_fraction,logger1_heavy,2026,0.03257650542941757,0.17756925359712813,0.0,0.0,0.0,0.0,0.0,1.0,0.024679170779861797,0.03998025666337611,anchor_id,2000,112201,base,,,,,,
secondary_per_horizon,all,0.1,20,top_action,top_action_fraction,logger1_heavy,2026,0.2541954590325765,0.43551549622936797,0.0,0.0,0.0,1.0,1.0,1.0,0.23493336623889438,0.2734452122408687,anchor_id,2000,112202,plus,,,,,,
secondary_per_horizon,all,0.1,20,decision_regret,decision_regret_best,logger12_balanced,2026,2.3542005287701733e-05,0.0004425227206501817,0.0,0.0,0.0,0.0,0.0,0.01741114897529883,8.348489352962835e-06,4.5213383876974915e-05,anchor_id,2000,112110,,,,,,,
secondary_per_horizon,all,0.1,20,decision_regret,decision_regret_worst,logger12_balanced,2026,2.3601754237197542e-05,0.00044253914064887757,0.0,0.0,0.0,0.0,0.0,0.01741114897529883,8.524087939644141e-06,4.606978410430933e-05,anchor_id,2000,112111,,,,,,,
secondary_per_horizon,all,0.1,20,top_action,top_action_fraction,logger12_balanced,2026,0.7147087857847977,0.4516645090469788,1.0,0.0,0.0,1.0,1.0,1.0,0.6949654491609082,0.7344521224086871,anchor_id,2000,112210,minus,,,,,,
secondary_per_horizon,all,0.1,20,top_action,top_action_fraction,logger12_balanced,2026,0.032082922013820334,0.17626384553844507,0.0,0.0,0.0,0.0,0.0,1.0,0.024679170779861797,0.03998025666337611,anchor_id,2000,112211,base,,,,,,
secondary_per_horizon,all,0.1,20,top_action,top_action_fraction,logger12_balanced,2026,0.25370187561697927,0.4352364113835274,0.0,0.0,0.0,1.0,1.0,1.0,0.23543928923988153,0.2724580454096742,anchor_id,2000,112212,plus,,,,,,
secondary_per_horizon,all,0.1,20,decision_regret,decision_regret_best,logger2_heavy,2026,1.9619373196612864e-05,0.0004316983341078406,0.0,0.0,0.0,0.0,0.0,0.01741114897529883,5.577655718135741e-06,4.150601204390533e-05,anchor_id,2000,112120,,,,,,,
secondary_per_horizon,all,0.1,20,decision_regret,decision_regret_worst,logger2_heavy,2026,1.9619373196612864e-05,0.0004316983341078406,0.0,0.0,0.0,0.0,0.0,0.01741114897529883,5.508218237922254e-06,4.230392701329534e-05,anchor_id,2000,112121,,,,,,,
secondary_per_horizon,all,0.1,20,top_action,top_action_fraction,logger2_heavy,2026,0.713228035538006,0.4523657913775998,1.0,0.0,0.0,1.0,1.0,1.0,0.6934846989141165,0.7324777887462981,anchor_id,2000,112220,minus,,,,,,
secondary_per_horizon,all,0.1,20,top_action,top_action_fraction,logger2_heavy,2026,0.03257650542941757,0.17756925359712813,0.0,0.0,0.0,0.0,0.0,1.0,0.025172754195459033,0.040473840078973346,anchor_id,2000,112221,base,,,,,,
secondary_per_horizon,all,0.1,20,top_action,top_action_fraction,logger2_heavy,2026,0.2541954590325765,0.43551549622936797,0.0,0.0,0.0,1.0,1.0,1.0,0.23692003948667326,0.27295162882527146,anchor_id,2000,112222,plus,,,,,,
secondary_per_horizon,all,0.1,20,top_action,top_action_fraction,do,2026,0.7161895360315893,0.450957271643862,1.0,0.0,0.0,1.0,1.0,1.0,0.6954466929911155,0.7359328726554788,anchor_id,2000,112300,minus,,,,,,
secondary_per_horizon,all,0.1,20,top_action,top_action_fraction,do,2026,0.024679170779861797,0.15518374845071015,0.0,0.0,0.0,0.0,0.0,1.0,0.01826258637709773,0.0315893385982231,anchor_id,2000,112301,base,,,,,,
secondary_per_horizon,all,0.1,20,top_action,top_action_fraction,do,2026,0.2591312931885489,0.4382659833209761,0.0,0.0,0.0,1.0,1.0,1.0,0.23840078973346496,0.2783810463968411,anchor_id,2000,112302,plus,,,,,,
secondary_per_horizon,all,0.1,20,decision_scale,balanced_error_over_action_range,logger12_balanced,2026,0.18969373633451836,,,,,,,,0.18201966276647868,0.19784824088059336,anchor_id,2000,112400,,0.011958535940597377,0.06304127996882782,True,2000,,
secondary_per_horizon,all,0.1,20,decision_scale,balanced_error_over_top_second_margin,logger12_balanced,2026,0.378716025651717,,,,,,,,0.3649388986680863,0.3929887919903427,anchor_id,2000,112401,,0.011958535940597377,0.03157652470612623,True,2000,2026,
primary_common_horizon,all,0.1,50,decision_regret,decision_regret_best,logger1_heavy,1994,7.999729900003719e-05,0.0008913662208430001,0.0,0.0,0.0,0.0,0.0,0.02583590454003115,4.5010236072346876e-05,0.00012458221140778872,anchor_id,2000,13100,,,,,,,
primary_common_horizon,all,0.1,50,decision_regret,decision_regret_worst,logger1_heavy,1994,7.999729900003719e-05,0.0008913662208430001,0.0,0.0,0.0,0.0,0.0,0.02583590454003115,4.63914046084029e-05,0.00012302475430416295,anchor_id,2000,13101,,,,,,,
primary_common_horizon,all,0.1,50,top_action,top_action_fraction,logger1_heavy,1994,0.6213640922768305,0.4851688424191042,1.0,0.0,0.0,1.0,1.0,1.0,0.5997868605817452,0.6424272818455367,anchor_id,2000,13200,minus,,,,,,
primary_common_horizon,all,0.1,50,top_action,top_action_fraction,logger1_heavy,1994,0.06168505516549649,0.24064299446497442,0.0,0.0,0.0,0.0,0.0,1.0,0.05115346038114343,0.07221664994984955,anchor_id,2000,13201,base,,,,,,
primary_common_horizon,all,0.1,50,top_action,top_action_fraction,logger1_heavy,1994,0.316950852557673,0.465404809084405,0.0,0.0,0.0,1.0,1.0,1.0,0.29587512537612837,0.3385155466399198,anchor_id,2000,13202,plus,,,,,,
primary_common_horizon,all,0.1,50,decision_regret,decision_regret_best,logger12_balanced,1994,5.188547896504731e-05,0.0006067316195105462,0.0,0.0,0.0,0.0,0.0,0.01632551731435683,2.7719211405652475e-05,8.171127411036062e-05,anchor_id,2000,13110,,,,,,,
primary_common_horizon,all,0.1,50,decision_regret,decision_regret_worst,logger12_balanced,1994,5.188547896504731e-05,0.0006067316195105462,0.0,0.0,0.0,0.0,0.0,0.01632551731435683,2.824164040607707e-05,8.116902686450474e-05,anchor_id,2000,13111,,,,,,,
primary_common_horizon,all,0.1,50,top_action,top_action_fraction,logger12_balanced,1994,0.623370110330993,0.4846623753631098,1.0,0.0,0.0,1.0,1.0,1.0,0.6023069207622869,0.6454363089267804,anchor_id,2000,13210,minus,,,,,,
primary_common_horizon,all,0.1,50,top_action,top_action_fraction,logger12_balanced,1994,0.06118355065195587,0.23972681267797158,0.0,0.0,0.0,0.0,0.0,1.0,0.05115346038114343,0.07221664994984955,anchor_id,2000,13211,base,,,,,,
primary_common_horizon,all,0.1,50,top_action,top_action_fraction,logger12_balanced,1994,0.31544633901705116,0.46480995623274163,0.0,0.0,0.0,1.0,1.0,1.0,0.29538615847542626,0.33550651955867605,anchor_id,2000,13212,plus,,,,,,
primary_common_horizon,all,0.1,50,decision_regret,decision_regret_best,logger2_heavy,1994,4.142108606034789e-05,0.0005640189690075329,0.0,0.0,0.0,0.0,0.0,0.01632551731435683,2.0106770062143318e-05,6.98793375557902e-05,anchor_id,2000,13120,,,,,,,
primary_common_horizon,all,0.1,50,decision_regret,decision_regret_worst,logger2_heavy,1994,4.157893399203939e-05,0.0005640514132744093,0.0,0.0,0.0,0.0,0.0,0.01632551731435683,1.8385994312545427e-05,7.032709020375071e-05,anchor_id,2000,13121,,,,,,,
primary_common_horizon,all,0.1,50,top_action,top_action_fraction,logger2_heavy,1994,0.6248746238716149,0.48427672164676183,1.0,0.0,0.0,1.0,1.0,1.0,0.6033099297893681,0.645937813440321,anchor_id,2000,13220,minus,,,,,,
primary_common_horizon,all,0.1,50,top_action,top_action_fraction,logger2_heavy,1994,0.05917753259779338,0.23601586341594522,0.0,0.0,0.0,0.0,0.0,1.0,0.04914744232698094,0.06970912738214644,anchor_id,2000,13221,base,,,,,,
primary_common_horizon,all,0.1,50,top_action,top_action_fraction,logger2_heavy,1994,0.3164493480441324,0.4652071502204508,0.0,0.0,0.0,1.0,1.0,1.0,0.29638916750250754,0.3370110330992979,anchor_id,2000,13222,plus,,,,,,
primary_common_horizon,all,0.1,50,top_action,top_action_fraction,do,1994,0.633901705115346,0.4818576305127825,1.0,0.0,0.0,1.0,1.0,1.0,0.6123370110330993,0.6544633901705116,anchor_id,2000,13300,minus,,,,,,
primary_common_horizon,all,0.1,50,top_action,top_action_fraction,do,1994,0.04914744232698094,0.21623001478403778,0.0,0.0,0.0,0.0,0.0,1.0,0.040621865596790374,0.058676028084252756,anchor_id,2000,13301,base,,,,,,
primary_common_horizon,all,0.1,50,top_action,top_action_fraction,do,1994,0.31895687061183553,0.4661892088734805,0.0,0.0,0.0,1.0,1.0,1.0,0.29989969909729186,0.34052156469408223,anchor_id,2000,13302,plus,,,,,,
primary_common_horizon,all,0.1,50,decision_scale,balanced_error_over_action_range,logger12_balanced,1994,0.22632895586331975,,,,,,,,0.2079034252537449,0.24438554383439268,anchor_id,2000,13400,,0.028101625355093026,0.12416274907424404,True,2000,,
primary_common_horizon,all,0.1,50,decision_scale,balanced_error_over_top_second_margin,logger12_balanced,1994,0.45353302610772317,,,,,,,,0.4127018745938426,0.5061039443333737,anchor_id,2000,13401,,0.028101625355093026,0.06196158545776626,True,2000,1994,
secondary_per_horizon,all,0.1,50,decision_regret,decision_regret_best,logger1_heavy,1994,7.999729900003719e-05,0.0008913662208430001,0.0,0.0,0.0,0.0,0.0,0.02583590454003115,4.709981625218689e-05,0.00012222843012160697,anchor_id,2000,113100,,,,,,,
secondary_per_horizon,all,0.1,50,decision_regret,decision_regret_worst,logger1_heavy,1994,7.999729900003719e-05,0.0008913662208430001,0.0,0.0,0.0,0.0,0.0,0.02583590454003115,4.476452762533813e-05,0.00012314212057365858,anchor_id,2000,113101,,,,,,,
secondary_per_horizon,all,0.1,50,top_action,top_action_fraction,logger1_heavy,1994,0.6213640922768305,0.4851688424191042,1.0,0.0,0.0,1.0,1.0,1.0,0.600802407221665,0.6414242728184554,anchor_id,2000,113200,minus,,,,,,
secondary_per_horizon,all,0.1,50,top_action,top_action_fraction,logger1_heavy,1994,0.06168505516549649,0.24064299446497442,0.0,0.0,0.0,0.0,0.0,1.0,0.05115346038114343,0.0732196589769308,anchor_id,2000,113201,base,,,,,,
secondary_per_horizon,all,0.1,50,top_action,top_action_fraction,logger1_heavy,1994,0.316950852557673,0.465404809084405,0.0,0.0,0.0,1.0,1.0,1.0,0.29689067201604813,0.33901705115346037,anchor_id,2000,113202,plus,,,,,,
secondary_per_horizon,all,0.1,50,decision_regret,decision_regret_best,logger12_balanced,1994,5.188547896504731e-05,0.0006067316195105462,0.0,0.0,0.0,0.0,0.0,0.01632551731435683,2.787595630805962e-05,8.161901419212104e-05,anchor_id,2000,113110,,,,,,,
secondary_per_horizon,all,0.1,50,decision_regret,decision_regret_worst,logger12_balanced,1994,5.188547896504731e-05,0.0006067316195105462,0.0,0.0,0.0,0.0,0.0,0.01632551731435683,2.819572072631612e-05,8.191368540486046e-05,anchor_id,2000,113111,,,,,,,
secondary_per_horizon,all,0.1,50,top_action,top_action_fraction,logger12_balanced,1994,0.623370110330993,0.4846623753631098,1.0,0.0,0.0,1.0,1.0,1.0,0.6012913741223671,0.6439317953861585,anchor_id,2000,113210,minus,,,,,,
secondary_per_horizon,all,0.1,50,top_action,top_action_fraction,logger12_balanced,1994,0.06118355065195587,0.23972681267797158,0.0,0.0,0.0,0.0,0.0,1.0,0.05115346038114343,0.07171514543630893,anchor_id,2000,113211,base,,,,,,
secondary_per_horizon,all,0.1,50,top_action,top_action_fraction,logger12_balanced,1994,0.31544633901705116,0.46480995623274163,0.0,0.0,0.0,1.0,1.0,1.0,0.29538615847542626,0.33600802407221664,anchor_id,2000,113212,plus,,,,,,
secondary_per_horizon,all,0.1,50,decision_regret,decision_regret_best,logger2_heavy,1994,4.142108606034789e-05,0.0005640189690075329,0.0,0.0,0.0,0.0,0.0,0.01632551731435683,1.9099307127368437e-05,7.011159159034707e-05,anchor_id,2000,113120,,,,,,,
secondary_per_horizon,all,0.1,50,decision_regret,decision_regret_worst,logger2_heavy,1994,4.157893399203939e-05,0.0005640514132744093,0.0,0.0,0.0,0.0,0.0,0.01632551731435683,2.0176461621839195e-05,6.731552131076744e-05,anchor_id,2000,113121,,,,,,,
secondary_per_horizon,all,0.1,50,top_action,top_action_fraction,logger2_heavy,1994,0.6248746238716149,0.48427672164676183,1.0,0.0,0.0,1.0,1.0,1.0,0.6038114343029087,0.6464393179538616,anchor_id,2000,113220,minus,,,,,,
secondary_per_horizon,all,0.1,50,top_action,top_action_fraction,logger2_heavy,1994,0.05917753259779338,0.23601586341594522,0.0,0.0,0.0,0.0,0.0,1.0,0.04914744232698094,0.06970912738214644,anchor_id,2000,113221,base,,,,,,
secondary_per_horizon,all,0.1,50,top_action,top_action_fraction,logger2_heavy,1994,0.3164493480441324,0.4652071502204508,0.0,0.0,0.0,1.0,1.0,1.0,0.2958876629889669,0.33602056168505506,anchor_id,2000,113222,plus,,,,,,
secondary_per_horizon,all,0.1,50,top_action,top_action_fraction,do,1994,0.633901705115346,0.4818576305127825,1.0,0.0,0.0,1.0,1.0,1.0,0.6133400200601805,0.6539618856569709,anchor_id,2000,113300,minus,,,,,,
secondary_per_horizon,all,0.1,50,top_action,top_action_fraction,do,1994,0.04914744232698094,0.21623001478403778,0.0,0.0,0.0,0.0,0.0,1.0,0.03961885656970913,0.058174523570712136,anchor_id,2000,113301,base,,,,,,
secondary_per_horizon,all,0.1,50,top_action,top_action_fraction,do,1994,0.31895687061183553,0.4661892088734805,0.0,0.0,0.0,1.0,1.0,1.0,0.2988841524573721,0.34002006018054165,anchor_id,2000,113302,plus,,,,,,
secondary_per_horizon,all,0.1,50,decision_scale,balanced_error_over_action_range,logger12_balanced,1994,0.22632895586331975,,,,,,,,0.20883245655686442,0.24512041124807832,anchor_id,2000,113400,,0.028101625355093026,0.12416274907424404,True,2000,,
secondary_per_horizon,all,0.1,50,decision_scale,balanced_error_over_top_second_margin,logger12_balanced,1994,0.45353302610772317,,,,,,,,0.41083898056691237,0.503645855452092,anchor_id,2000,113401,,0.028101625355093026,0.06196158545776626,True,2000,1994,
primary_common_horizon,all,0.2,1,decision_regret,decision_regret_best,logger1_heavy,1994,8.393671914765438e-07,2.674539929489771e-05,0.0,0.0,0.0,0.0,0.0,0.0010258960920341842,0.0,2.2544717612573143e-06,anchor_id,2000,20100,,,,,,,
primary_common_horizon,all,0.2,1,decision_regret,decision_regret_worst,logger1_heavy,1994,8.482964834900155e-07,2.6748090999749977e-05,0.0,0.0,0.0,0.0,0.0,0.0010258960920341842,8.929292013471737e-09,2.364561494640564e-06,anchor_id,2000,20101,,,,,,,
primary_common_horizon,all,0.2,1,top_action,top_action_fraction,logger1_heavy,1994,0.8696088264794383,0.3368177684957216,1.0,0.0,1.0,1.0,1.0,1.0,0.8550651955867603,0.8836509528585758,anchor_id,2000,20200,minus,,,,,,
primary_common_horizon,all,0.2,1,top_action,top_action_fraction,logger1_heavy,1994,0.04914744232698094,0.21623001478403778,0.0,0.0,0.0,0.0,0.0,1.0,0.04012036108324975,0.058174523570712136,anchor_id,2000,20201,base,,,,,,
primary_common_horizon,all,0.2,1,top_action,top_action_fraction,logger1_heavy,1994,0.08174523570712136,0.27404491501198,0.0,0.0,0.0,0.0,0.0,1.0,0.07021063189568706,0.09428284854563691,anchor_id,2000,20202,plus,,,,,,
primary_common_horizon,all,0.2,1,decision_regret,decision_regret_best,logger12_balanced,1994,8.393671914765438e-07,2.674539929489771e-05,0.0,0.0,0.0,0.0,0.0,0.0010258960920341842,0.0,2.2544717612573143e-06,anchor_id,2000,20110,,,,,,,
primary_common_horizon,all,0.2,1,decision_regret,decision_regret_worst,logger12_balanced,1994,8.393671914765438e-07,2.674539929489771e-05,0.0,0.0,0.0,0.0,0.0,0.0010258960920341842,0.0,2.1936884908037337e-06,anchor_id,2000,20111,,,,,,,
primary_common_horizon,all,0.2,1,top_action,top_action_fraction,logger12_balanced,1994,0.8696088264794383,0.3368177684957216,1.0,0.0,1.0,1.0,1.0,1.0,0.8550651955867603,0.8841524573721163,anchor_id,2000,20210,minus,,,,,,
primary_common_horizon,all,0.2,1,top_action,top_action_fraction,logger12_balanced,1994,0.04864593781344032,0.21518069517632415,0.0,0.0,0.0,0.0,0.0,1.0,0.03911735205616851,0.058676028084252756,anchor_id,2000,20211,base,,,,,,
primary_common_horizon,all,0.2,1,top_action,top_action_fraction,logger12_balanced,1994,0.08174523570712136,0.27404491501198,0.0,0.0,0.0,0.0,0.0,1.0,0.06970912738214644,0.09428284854563691,anchor_id,2000,20212,plus,,,,,,
primary_common_horizon,all,0.2,1,decision_regret,decision_regret_best,logger2_heavy,1994,1.8503490872800875e-08,8.26259084012256e-07,0.0,0.0,0.0,0.0,0.0,3.6895960800364946e-05,0.0,5.5510472618402625e-08,anchor_id,2000,20120,,,,,,,
primary_common_horizon,all,0.2,1,decision_regret,decision_regret_worst,logger2_heavy,1994,1.8503490872800875e-08,8.26259084012256e-07,0.0,0.0,0.0,0.0,0.0,3.6895960800364946e-05,0.0,5.5510472618402625e-08,anchor_id,2000,20121,,,,,,,
primary_common_horizon,all,0.2,1,top_action,top_action_fraction,logger2_heavy,1994,0.870110330992979,0.3362663386966981,1.0,0.0,1.0,1.0,1.0,1.0,0.8555541624874624,0.8846539618856569,anchor_id,2000,20220,minus,,,,,,
primary_common_horizon,all,0.2,1,top_action,top_action_fraction,logger2_heavy,1994,0.047642928786359076,0.2130630102689224,0.0,0.0,0.0,0.0,0.0,1.0,0.03910481444332999,0.05667001003009027,anchor_id,2000,20221,base,,,,,,
primary_common_horizon,all,0.2,1,top_action,top_action_fraction,logger2_heavy,1994,0.08224674022066199,0.27480918399597853,0.0,0.0,0.0,0.0,0.0,1.0,0.07021063189568706,0.09428284854563691,anchor_id,2000,20222,plus,,,,,,
primary_common_horizon,all,0.2,1,top_action,top_action_fraction,do,1994,0.8706118355065195,0.33571325359685017,1.0,0.0,1.0,1.0,1.0,1.0,0.8565697091273822,0.8846539618856569,anchor_id,2000,20300,minus,,,,,,
primary_common_horizon,all,0.2,1,top_action,top_action_fraction,do,1994,0.04714142427281846,0.21199445471540718,0.0,0.0,0.0,0.0,0.0,1.0,0.03811434302908726,0.05667001003009027,anchor_id,2000,20301,base,,,,,,
primary_common_horizon,all,0.2,1,top_action,top_action_fraction,do,1994,0.08224674022066199,0.27480918399597853,0.0,0.0,0.0,0.0,0.0,1.0,0.07021063189568706,0.09378134403209629,anchor_id,2000,20302,plus,,,,,,
primary_common_horizon,all,0.2,1,decision_scale,balanced_error_over_action_range,logger12_balanced,1994,0.3295461008334243,,,,,,,,0.3273151164200935,0.3318412617881572,anchor_id,2000,20400,,0.0025234285710112486,0.007657285474261357,True,2000,,
primary_common_horizon,all,0.2,1,decision_scale,balanced_error_over_top_second_margin,logger12_balanced,1994,0.6928672785782066,,,,,,,,0.6853767193096684,0.7010360384309635,anchor_id,2000,20401,,0.0025234285710112486,0.00364200857657679,True,2000,1994,
secondary_per_horizon,all,0.2,1,decision_regret,decision_regret_best,logger1_heavy,2048,8.172354393575334e-07,2.6390611664259667e-05,0.0,0.0,0.0,0.0,0.0,0.0010258960920341842,0.0,2.1178314891905664e-06,anchor_id,2000,120100,,,,,,,
secondary_per_horizon,all,0.2,1,decision_regret,decision_regret_worst,logger1_heavy,2048,8.259292910542436e-07,2.6393274926123604e-05,0.0,0.0,0.0,0.0,0.0,0.0010258960920341842,8.693851696710275e-09,2.171405705843058e-06,anchor_id,2000,120101,,,,,,,
secondary_per_horizon,all,0.2,1,top_action,top_action_fraction,logger1_heavy,2048,0.87255859375,0.33354822390345595,1.0,0.0,1.0,1.0,1.0,1.0,0.85789794921875,0.8867309570312499,anchor_id,2000,120200,minus,,,,,,
secondary_per_horizon,all,0.2,1,top_action,top_action_fraction,logger1_heavy,2048,0.0478515625,0.21350421143947898,0.0,0.0,0.0,0.0,0.0,1.0,0.03857421875,0.0576171875,anchor_id,2000,120201,base,,,,,,
secondary_per_horizon,all,0.2,1,top_action,top_action_fraction,logger1_heavy,2048,0.080078125,0.2714803970985628,0.0,0.0,0.0,0.0,0.0,1.0,0.068359375,0.091796875,anchor_id,2000,120202,plus,,,,,,
secondary_per_horizon,all,0.2,1,decision_regret,decision_regret_best,logger12_balanced,2048,8.172354393575334e-07,2.6390611664259667e-05,0.0,0.0,0.0,0.0,0.0,0.0010258960920341842,0.0,2.11738109904408e-06,anchor_id,2000,120110,,,,,,,
secondary_per_horizon,all,0.2,1,decision_regret,decision_regret_worst,logger12_balanced,2048,8.172354393575334e-07,2.6390611664259667e-05,0.0,0.0,0.0,0.0,0.0,0.0010258960920341842,0.0,2.11738109904408e-06,anchor_id,2000,120111,,,,,,,
secondary_per_horizon,all,0.2,1,top_action,top_action_fraction,logger12_balanced,2048,0.87255859375,0.33354822390345595,1.0,0.0,1.0,1.0,1.0,1.0,0.85791015625,0.88671875,anchor_id,2000,120210,minus,,,,,,
secondary_per_horizon,all,0.2,1,top_action,top_action_fraction,logger12_balanced,2048,0.04736328125,0.2124665687875269,0.0,0.0,0.0,0.0,0.0,1.0,0.0380859375,0.056640625,anchor_id,2000,120211,base,,,,,,
secondary_per_horizon,all,0.2,1,top_action,top_action_fraction,logger12_balanced,2048,0.080078125,0.2714803970985628,0.0,0.0,0.0,0.0,0.0,1.0,0.06884765625,0.09228515625,anchor_id,2000,120212,plus,,,,,,
secondary_per_horizon,all,0.2,1,decision_regret,decision_regret_best,logger2_heavy,2048,1.8015605859553196e-08,8.152932525103466e-07,0.0,0.0,0.0,0.0,0.0,3.6895960800364946e-05,0.0,5.404681757865959e-08,anchor_id,2000,120120,,,,,,,
secondary_per_horizon,all,0.2,1,decision_regret,decision_regret_worst,logger2_heavy,2048,1.8015605859553196e-08,8.152932525103466e-07,0.0,0.0,0.0,0.0,0.0,3.6895960800364946e-05,0.0,5.404681757865959e-08,anchor_id,2000,120121,,,,,,,
secondary_per_horizon,all,0.2,1,top_action,top_action_fraction,logger2_heavy,2048,0.873046875,0.33300176372779644,1.0,0.0,1.0,1.0,1.0,1.0,0.85791015625,0.88671875,anchor_id,2000,120220,minus,,,,,,
secondary_per_horizon,all,0.2,1,top_action,top_action_fraction,logger2_heavy,2048,0.04638671875,0.21037252848682364,0.0,0.0,0.0,0.0,0.0,1.0,0.037109375,0.0556640625,anchor_id,2000,120221,base,,,,,,
secondary_per_horizon,all,0.2,1,top_action,top_action_fraction,logger2_heavy,2048,0.08056640625,0.2722345454970194,0.0,0.0,0.0,0.0,0.0,1.0,0.06884765625,0.0927734375,anchor_id,2000,120222,plus,,,,,,
secondary_per_horizon,all,0.2,1,top_action,top_action_fraction,do,2048,0.87353515625,0.3324536878309425,1.0,0.0,1.0,1.0,1.0,1.0,0.85888671875,0.88818359375,anchor_id,2000,120300,minus,,,,,,
secondary_per_horizon,all,0.2,1,top_action,top_action_fraction,do,2048,0.0458984375,0.20931594320926156,0.0,0.0,0.0,0.0,0.0,1.0,0.03662109375,0.0546875,anchor_id,2000,120301,base,,,,,,
secondary_per_horizon,all,0.2,1,top_action,top_action_fraction,do,2048,0.08056640625,0.2722345454970194,0.0,0.0,0.0,0.0,0.0,1.0,0.06884765625,0.0927734375,anchor_id,2000,120302,plus,,,,,,
secondary_per_horizon,all,0.2,1,decision_scale,balanced_error_over_action_range,logger12_balanced,2048,0.3292543335921596,,,,,,,,0.3270583485229672,0.3314621783557066,anchor_id,2000,120400,,0.002531674225373688,0.007689114362605837,True,2000,,
secondary_per_horizon,all,0.2,1,decision_scale,balanced_error_over_top_second_margin,logger12_balanced,2048,0.6921690884066126,,,,,,,,0.6849562267037709,0.7002616811193746,anchor_id,2000,120401,,0.002531674225373688,0.003657595041121605,True,2000,2048,
primary_common_horizon,all,0.2,5,decision_regret,decision_regret_best,logger1_heavy,1994,1.6182357476161e-05,0.00020378233597578328,0.0,0.0,0.0,0.0,0.0,0.004139821215913386,8.472060019227994e-06,2.519026290563612e-05,anchor_id,2000,21100,,,,,,,
primary_common_horizon,all,0.2,5,decision_regret,decision_regret_worst,logger1_heavy,1994,1.663671372384771e-05,0.00020475392188905512,0.0,0.0,0.0,0.0,0.0,0.004139821215913386,8.783800400331217e-06,2.6221804895927556e-05,anchor_id,2000,21101,,,,,,,
primary_common_horizon,all,0.2,5,top_action,top_action_fraction,logger1_heavy,1994,0.8119358074222668,0.390861443775773,1.0,0.0,1.0,1.0,1.0,1.0,0.7953861584754263,0.8289869608826479,anchor_id,2000,21200,minus,,,,,,
primary_common_horizon,all,0.2,5,top_action,top_action_fraction,logger1_heavy,1994,0.041123370110330994,0.19862533551679273,0.0,0.0,0.0,0.0,0.0,1.0,0.033099297893681046,0.05015045135406219,anchor_id,2000,21201,base,,,,,,
primary_common_horizon,all,0.2,5,top_action,top_action_fraction,logger1_heavy,1994,0.14744232698094284,0.3546352485188457,0.0,0.0,0.0,0.0,1.0,1.0,0.13189568706118354,0.16399197592778336,anchor_id,2000,21202,plus,,,,,,
primary_common_horizon,all,0.2,5,decision_regret,decision_regret_best,logger12_balanced,1994,9.80936828037765e-06,0.0001379666738670548,0.0,0.0,0.0,0.0,0.0,0.0039619477517014445,4.428928784345707e-06,1.6428758338608427e-05,anchor_id,2000,21110,,,,,,,
primary_common_horizon,all,0.2,5,decision_regret,decision_regret_worst,logger12_balanced,1994,9.80936828037765e-06,0.0001379666738670548,0.0,0.0,0.0,0.0,0.0,0.0039619477517014445,4.453105047843292e-06,1.620038599855759e-05,anchor_id,2000,21111,,,,,,,
primary_common_horizon,all,0.2,5,top_action,top_action_fraction,logger12_balanced,1994,0.8129388164493481,0.39005845570097164,1.0,0.0,1.0,1.0,1.0,1.0,0.7958876629889668,0.8294884653961886,anchor_id,2000,21210,minus,,,,,,
primary_common_horizon,all,0.2,5,top_action,top_action_fraction,logger12_balanced,1994,0.03911735205616851,0.19392277954200732,0.0,0.0,0.0,0.0,0.0,1.0,0.030591775325977934,0.048144433299899696,anchor_id,2000,21211,base,,,,,,
primary_common_horizon,all,0.2,5,top_action,top_action_fraction,logger12_balanced,1994,0.14794383149448345,0.355133360609682,0.0,0.0,0.0,0.0,1.0,1.0,0.13239719157472418,0.16350300902708118,anchor_id,2000,21212,plus,,,,,,
primary_common_horizon,all,0.2,5,decision_regret,decision_regret_best,logger2_heavy,1994,6.981879048317607e-06,0.00011866612228714417,0.0,0.0,0.0,0.0,0.0,0.0039619477517014445,2.488700924035741e-06,1.2546876487119237e-05,anchor_id,2000,21120,,,,,,,
primary_common_horizon,all,0.2,5,decision_regret,decision_regret_worst,logger2_heavy,1994,7.1782293869733355e-06,0.00011897806942699346,0.0,0.0,0.0,0.0,0.0,0.0039619477517014445,2.66509425988031e-06,1.290385401136109e-05,anchor_id,2000,21121,,,,,,,
primary_common_horizon,all,0.2,5,top_action,top_action_fraction,logger2_heavy,1994,0.8139418254764292,0.38925122534604123,1.0,0.0,1.0,1.0,1.0,1.0,0.7968906720160481,0.8309929789368105,anchor_id,2000,21220,minus,,,,,,
primary_common_horizon,all,0.2,5,top_action,top_action_fraction,logger2_heavy,1994,0.03911735205616851,0.19392277954200732,0.0,0.0,0.0,0.0,0.0,1.0,0.031093279839518557,0.047642928786359076,anchor_id,2000,21221,base,,,,,,
primary_common_horizon,all,0.2,5,top_action,top_action_fraction,logger2_heavy,1994,0.14744232698094284,0.3546352485188457,0.0,0.0,0.0,0.0,1.0,1.0,0.13139418254764293,0.1629889669007021,anchor_id,2000,21222,plus,,,,,,
primary_common_horizon,all,0.2,5,top_action,top_action_fraction,do,1994,0.8154463390170511,0.38803236758441106,1.0,0.0,1.0,1.0,1.0,1.0,0.7973921765295887,0.8324974924774323,anchor_id,2000,21300,minus,,,,,,
primary_common_horizon,all,0.2,5,top_action,top_action_fraction,do,1994,0.037111334002006016,0.18908202634393337,0.0,0.0,0.0,0.0,0.0,1.0,0.028585757271815445,0.04563691073219659,anchor_id,2000,21301,base,,,,,,
primary_common_horizon,all,0.2,5,top_action,top_action_fraction,do,1994,0.14744232698094284,0.3546352485188457,0.0,0.0,0.0,0.0,1.0,1.0,0.13239719157472418,0.16349047141424272,anchor_id,2000,21302,plus,,,,,,
primary_common_horizon,all,0.2,5,decision_scale,balanced_error_over_action_range,logger12_balanced,1994,0.36296989298943355,,,,,,,,0.3567794245691008,0.37192811372136003,anchor_id,2000,21400,,0.014211843375883429,0.03915433111775238,True,2000,,
primary_common_horizon,all,0.2,5,decision_scale,balanced_error_over_top_second_margin,logger12_balanced,1994,0.7483055251676133,,,,,,,,0.7329314119966382,0.7678934036517562,anchor_id,2000,21401,,0.014211843375883429,0.018992033197536676,True,2000,1994,
secondary_per_horizon,all,0.2,5,decision_regret,decision_regret_best,logger1_heavy,2047,1.57633711809795e-05,0.00020114203499039748,0.0,0.0,0.0,0.0,0.0,0.004139821215913386,7.842810060717444e-06,2.5833088499896506e-05,anchor_id,2000,121100,,,,,,,
secondary_per_horizon,all,0.2,5,decision_regret,decision_regret_worst,logger1_heavy,2047,1.620596344179401e-05,0.00020210180721214738,0.0,0.0,0.0,0.0,0.0,0.004139821215913386,8.245675464865525e-06,2.6100269160497358e-05,anchor_id,2000,121101,,,,,,,
secondary_per_horizon,all,0.2,5,top_action,top_action_fraction,logger1_heavy,2047,0.8163165608207132,0.3873204354040939,1.0,0.0,1.0,1.0,1.0,1.0,0.7982413287738154,0.8324377137274059,anchor_id,2000,121200,minus,,,,,,
secondary_per_horizon,all,0.2,5,top_action,top_action_fraction,logger1_heavy,2047,0.040058622374206154,0.1961446502825526,0.0,0.0,0.0,0.0,0.0,1.0,0.03175378602833415,0.048851978505129456,anchor_id,2000,121201,base,,,,,,
secondary_per_horizon,all,0.2,5,top_action,top_action_fraction,logger1_heavy,2047,0.1441133365901319,0.35129043336776783,0.0,0.0,0.0,0.0,1.0,1.0,0.12945774303859306,0.15878114313629696,anchor_id,2000,121202,plus,,,,,,
secondary_per_horizon,all,0.2,5,decision_regret,decision_regret_best,logger12_balanced,2047,9.555388544735239e-06,0.00013617690607984113,0.0,0.0,0.0,0.0,0.0,0.0039619477517014445,4.193600836670141e-06,1.565647486756625e-05,anchor_id,2000,121110,,,,,,,
secondary_per_horizon,all,0.2,5,decision_regret,decision_regret_worst,logger12_balanced,2047,9.555388544735239e-06,0.00013617690607984113,0.0,0.0,0.0,0.0,0.0,0.0039619477517014445,4.198595796347453e-06,1.5974824849379653e-05,anchor_id,2000,121111,,,,,,,
secondary_per_horizon,all,0.2,5,top_action,top_action_fraction,logger12_balanced,2047,0.8172936003908158,0.386520057578063,1.0,0.0,1.0,1.0,1.0,1.0,0.8006717147044455,0.8339032730825598,anchor_id,2000,121210,minus,,,,,,
secondary_per_horizon,all,0.2,5,top_action,top_action_fraction,logger12_balanced,2047,0.038104543234000976,0.1914954341083209,0.0,0.0,0.0,0.0,0.0,1.0,0.02979970688812897,0.04689789936492428,anchor_id,2000,121211,base,,,,,,
secondary_per_horizon,all,0.2,5,top_action,top_action_fraction,logger12_balanced,2047,0.1446018563751832,0.35178489892115417,0.0,0.0,0.0,0.0,1.0,1.0,0.12994626282364435,0.15974596971177332,anchor_id,2000,121212,plus,,,,,,
secondary_per_horizon,all,0.2,5,decision_regret,decision_regret_best,logger2_heavy,2047,6.801107387564879e-06,0.00011712431318532946,0.0,0.0,0.0,0.0,0.0,0.0039619477517014445,2.4773114815160743e-06,1.2552381224369117e-05,anchor_id,2000,121120,,,,,,,
secondary_per_horizon,all,0.2,5,decision_regret,decision_regret_worst,logger2_heavy,2047,6.9923739118831615e-06,0.00011743247839239384,0.0,0.0,0.0,0.0,0.0,0.0039619477517014445,2.6362904551847327e-06,1.2898803521253235e-05,anchor_id,2000,121121,,,,,,,
secondary_per_horizon,all,0.2,5,top_action,top_action_fraction,logger2_heavy,2047,0.8182706399609184,0.38571554284588305,1.0,0.0,1.0,1.0,1.0,1.0,0.8016609672691744,0.8348803126526624,anchor_id,2000,121220,minus,,,,,,
secondary_per_horizon,all,0.2,5,top_action,top_action_fraction,logger2_heavy,2047,0.038104543234000976,0.1914954341083209,0.0,0.0,0.0,0.0,0.0,1.0,0.030288226673180263,0.04689789936492428,anchor_id,2000,121221,base,,,,,,
secondary_per_horizon,all,0.2,5,top_action,top_action_fraction,logger2_heavy,2047,0.1441133365901319,0.35129043336776783,0.0,0.0,0.0,0.0,1.0,1.0,0.12945774303859306,0.15925744992672203,anchor_id,2000,121222,plus,,,,,,
secondary_per_horizon,all,0.2,5,top_action,top_action_fraction,do,2047,0.8197361993160723,0.38450095720773064,1.0,0.0,1.0,1.0,1.0,1.0,0.802638006839277,0.835857352222765,anchor_id,2000,121300,minus,,,,,,
secondary_per_horizon,all,0.2,5,top_action,top_action_fraction,do,2047,0.0361504640937958,0.18671003762801633,0.0,0.0,0.0,0.0,0.0,1.0,0.028334147532975085,0.0449438202247191,anchor_id,2000,121301,base,,,,,,
secondary_per_horizon,all,0.2,5,top_action,top_action_fraction,do,2047,0.1441133365901319,0.3512904333677678,0.0,0.0,0.0,0.0,1.0,1.0,0.12945774303859306,0.15926966292134825,anchor_id,2000,121302,plus,,,,,,
secondary_per_horizon,all,0.2,5,decision_scale,balanced_error_over_action_range,logger12_balanced,2047,0.36233330287474375,,,,,,,,0.3563976431038564,0.3713204290468214,anchor_id,2000,121400,,0.014200685002467744,0.03919232620849326,True,2000,,
secondary_per_horizon,all,0.2,5,decision_scale,balanced_error_over_top_second_margin,logger12_balanced,2047,0.7470331753539644,,,,,,,,0.7323519441219704,0.7669368659944084,anchor_id,2000,121401,,0.014200685002467744,0.019009443584267965,True,2000,2047,
primary_common_horizon,all,0.2,20,decision_regret,decision_regret_best,logger1_heavy,1994,3.852997994281786e-05,0.0006328209966041765,0.0,0.0,0.0,0.0,0.0,0.018572485122390958,1.5130678106905286e-05,7.11285334285745e-05,anchor_id,2000,22100,,,,,,,
primary_common_horizon,all,0.2,20,decision_regret,decision_regret_worst,logger1_heavy,1994,3.852997994281786e-05,0.0006328209966041765,0.0,0.0,0.0,0.0,0.0,0.018572485122390958,1.4449899286379038e-05,6.897813753408071e-05,anchor_id,2000,22101,,,,,,,
primary_common_horizon,all,0.2,20,top_action,top_action_fraction,logger1_heavy,1994,0.724172517552658,0.44704239899558745,1.0,0.0,0.0,1.0,1.0,1.0,0.7040997993981947,0.7432296890672017,anchor_id,2000,22200,minus,,,,,,
primary_common_horizon,all,0.2,20,top_action,top_action_fraction,logger1_heavy,1994,0.028585757271815445,0.16668096719373662,0.0,0.0,0.0,0.0,0.0,1.0,0.021552156469408223,0.03610832497492478,anchor_id,2000,22201,base,,,,,,
primary_common_horizon,all,0.2,20,top_action,top_action_fraction,logger1_heavy,1994,0.2472417251755266,0.43151667172561564,0.0,0.0,0.0,0.0,1.0,1.0,0.22868605817452356,0.26681293881644924,anchor_id,2000,22202,plus,,,,,,
primary_common_horizon,all,0.2,20,decision_regret,decision_regret_best,logger12_balanced,1994,3.386913379631224e-05,0.0006032574005921373,0.0,0.0,0.0,0.0,0.0,0.018572485122390958,1.2488434396670525e-05,6.351379035567449e-05,anchor_id,2000,22110,,,,,,,
primary_common_horizon,all,0.2,20,decision_regret,decision_regret_worst,logger12_balanced,1994,3.386913379631224e-05,0.0006032574005921373,0.0,0.0,0.0,0.0,0.0,0.018572485122390958,1.1614634718038944e-05,6.273619906285255e-05,anchor_id,2000,22111,,,,,,,
primary_common_horizon,all,0.2,20,top_action,top_action_fraction,logger12_balanced,1994,0.724172517552658,0.44704239899558745,1.0,0.0,0.0,1.0,1.0,1.0,0.7046013039117353,0.7442326980942828,anchor_id,2000,22210,minus,,,,,,
primary_common_horizon,all,0.2,20,top_action,top_action_fraction,logger12_balanced,1994,0.028585757271815445,0.1666809671937366,0.0,0.0,0.0,0.0,0.0,1.0,0.022066198595787363,0.03560682046138415,anchor_id,2000,22211,base,,,,,,
primary_common_horizon,all,0.2,20,top_action,top_action_fraction,logger12_balanced,1994,0.2472417251755266,0.43151667172561564,0.0,0.0,0.0,0.0,1.0,1.0,0.22668004012036108,0.26529588766298895,anchor_id,2000,22212,plus,,,,,,
primary_common_horizon,all,0.2,20,decision_regret,decision_regret_best,logger2_heavy,1994,2.8963760612512885e-05,0.0005942894885600541,0.0,0.0,0.0,0.0,0.0,0.018572485122390958,8.160493303191271e-06,5.8049312279011155e-05,anchor_id,2000,22120,,,,,,,
primary_common_horizon,all,0.2,20,decision_regret,decision_regret_worst,logger2_heavy,1994,2.8963760612512885e-05,0.0005942894885600541,0.0,0.0,0.0,0.0,0.0,0.018572485122390958,8.388648154618495e-06,5.9042385175288333e-05,anchor_id,2000,22121,,,,,,,
primary_common_horizon,all,0.2,20,top_action,top_action_fraction,logger2_heavy,1994,0.7246740220661986,0.4467904374420241,1.0,0.0,0.0,1.0,1.0,1.0,0.7036108324974925,0.7437311935807422,anchor_id,2000,22220,minus,,,,,,
primary_common_horizon,all,0.2,20,top_action,top_action_fraction,logger2_heavy,1994,0.02708124373119358,0.16236092560968815,0.0,0.0,0.0,0.0,0.0,1.0,0.020060180541624874,0.03460381143430291,anchor_id,2000,22221,base,,,,,,
primary_common_horizon,all,0.2,20,top_action,top_action_fraction,logger2_heavy,1994,0.24824473420260781,0.43210290848033484,0.0,0.0,0.0,0.0,1.0,1.0,0.22818455366098295,0.2678034102306921,anchor_id,2000,22222,plus,,,,,,
primary_common_horizon,all,0.2,20,top_action,top_action_fraction,do,1994,0.7261785356068204,0.44603031383941255,1.0,0.0,0.0,1.0,1.0,1.0,0.7066198595787362,0.7462387161484454,anchor_id,2000,22300,minus,,,,,,
primary_common_horizon,all,0.2,20,top_action,top_action_fraction,do,1994,0.02457372116349047,0.15486084209037407,0.0,0.0,0.0,0.0,0.0,1.0,0.01805416248746239,0.03159478435305918,anchor_id,2000,22301,base,,,,,,
primary_common_horizon,all,0.2,20,top_action,top_action_fraction,do,1994,0.24924774322968907,0.4326860247262432,0.0,0.0,0.0,0.0,1.0,1.0,0.23019057171514543,0.2683049147442327,anchor_id,2000,22302,plus,,,,,,
primary_common_horizon,all,0.2,20,decision_scale,balanced_error_over_action_range,logger12_balanced,1994,0.3681992359551843,,,,,,,,0.36076298052361283,0.37646139150147634,anchor_id,2000,22400,,0.02244965264305445,0.06097148079304252,True,2000,,
primary_common_horizon,all,0.2,20,decision_scale,balanced_error_over_top_second_margin,logger12_balanced,1994,0.7342049017272789,,,,,,,,0.7160069822169298,0.756083552372511,anchor_id,2000,22401,,0.02244965264305445,0.03057682207002398,True,2000,1994,
secondary_per_horizon,all,0.2,20,decision_regret,decision_regret_best,logger1_heavy,2026,3.792141165151965e-05,0.000627819407134727,0.0,0.0,0.0,0.0,0.0,0.018572485122390958,1.497394892500086e-05,6.765602614629145e-05,anchor_id,2000,122100,,,,,,,
secondary_per_horizon,all,0.2,20,decision_regret,decision_regret_worst,logger1_heavy,2026,3.792141165151965e-05,0.000627819407134727,0.0,0.0,0.0,0.0,0.0,0.018572485122390958,1.4494111352458333e-05,6.920985084273262e-05,anchor_id,2000,122101,,,,,,,
secondary_per_horizon,all,0.2,20,top_action,top_action_fraction,logger1_heavy,2026,0.7265547877591313,0.44583745718746765,1.0,0.0,0.0,1.0,1.0,1.0,0.7068114511352419,0.7453109575518263,anchor_id,2000,122200,minus,,,,,,
secondary_per_horizon,all,0.2,20,top_action,top_action_fraction,logger1_heavy,2026,0.02813425468904245,0.16539716133937502,0.0,0.0,0.0,0.0,0.0,1.0,0.021224086870681145,0.035538005923000986,anchor_id,2000,122201,base,,,,,,
secondary_per_horizon,all,0.2,20,top_action,top_action_fraction,logger1_heavy,2026,0.24531095755182625,0.4303776430105653,0.0,0.0,0.0,0.0,1.0,1.0,0.2265547877591313,0.263573543928924,anchor_id,2000,122202,plus,,,,,,
secondary_per_horizon,all,0.2,20,decision_regret,decision_regret_best,logger12_balanced,2026,3.333418202855213e-05,0.0005984868468266632,0.0,0.0,0.0,0.0,0.0,0.018572485122390958,1.147419592263183e-05,6.203282202531985e-05,anchor_id,2000,122110,,,,,,,
secondary_per_horizon,all,0.2,20,decision_regret,decision_regret_worst,logger12_balanced,2026,3.333418202855213e-05,0.0005984868468266632,0.0,0.0,0.0,0.0,0.0,0.018572485122390958,1.2339809158817788e-05,6.406559155475819e-05,anchor_id,2000,122111,,,,,,,
secondary_per_horizon,all,0.2,20,top_action,top_action_fraction,logger12_balanced,2026,0.7265547877591313,0.44583745718746765,1.0,0.0,0.0,1.0,1.0,1.0,0.7072926949654491,0.7458045409674235,anchor_id,2000,122210,minus,,,,,,
secondary_per_horizon,all,0.2,20,top_action,top_action_fraction,logger12_balanced,2026,0.02813425468904245,0.16539716133937502,0.0,0.0,0.0,0.0,0.0,1.0,0.021224086870681145,0.03504442250740375,anchor_id,2000,122211,base,,,,,,
secondary_per_horizon,all,0.2,20,top_action,top_action_fraction,logger12_balanced,2026,0.24531095755182625,0.4303776430105653,0.0,0.0,0.0,0.0,1.0,1.0,0.22604886475814412,0.2650542941757157,anchor_id,2000,122212,plus,,,,,,
secondary_per_horizon,all,0.2,20,decision_regret,decision_regret_best,logger2_heavy,2026,2.8506287591979614e-05,0.0005895862341683793,0.0,0.0,0.0,0.0,0.0,0.018572485122390958,8.179471004355687e-06,5.695154246354709e-05,anchor_id,2000,122120,,,,,,,
secondary_per_horizon,all,0.2,20,decision_regret,decision_regret_worst,logger2_heavy,2026,2.8506287591979614e-05,0.0005895862341683793,0.0,0.0,0.0,0.0,0.0,0.018572485122390958,8.123374396626232e-06,5.690231782668912e-05,anchor_id,2000,122121,,,,,,,
secondary_per_horizon,all,0.2,20,top_action,top_action_fraction,logger2_heavy,2026,0.7270483711747285,0.44558617199304973,1.0,0.0,0.0,1.0,1.0,1.0,0.7087857847976308,0.7472852912142152,anchor_id,2000,122220,minus,,,,,,
secondary_per_horizon,all,0.2,20,top_action,top_action_fraction,logger2_heavy,2026,0.02665350444225074,0.16110836895768837,0.0,0.0,0.0,0.0,0.0,1.0,0.019743336623889437,0.033070088845014806,anchor_id,2000,122221,base,,,,,,
secondary_per_horizon,all,0.2,20,top_action,top_action_fraction,logger2_heavy,2026,0.24629812438302073,0.43096058995029635,0.0,0.0,0.0,0.0,1.0,1.0,0.22704837117472854,0.2645730503455083,anchor_id,2000,122222,plus,,,,,,
secondary_per_horizon,all,0.2,20,top_action,top_action_fraction,do,2026,0.7285291214215203,0.44482817699956756,1.0,0.0,0.0,1.0,1.0,1.0,0.7092670286278381,0.7477788746298124,anchor_id,2000,122300,minus,,,,,,
secondary_per_horizon,all,0.2,20,top_action,top_action_fraction,do,2026,0.02418558736426456,0.15366294077454717,0.0,0.0,0.0,0.0,0.0,1.0,0.017769002961500493,0.031095755182625865,anchor_id,2000,122301,base,,,,,,
secondary_per_horizon,all,0.2,20,top_action,top_action_fraction,do,2026,0.2472852912142152,0.43154049012591245,0.0,0.0,0.0,0.0,1.0,1.0,0.22902270483711748,0.2660414610069102,anchor_id,2000,122302,plus,,,,,,
secondary_per_horizon,all,0.2,20,decision_scale,balanced_error_over_action_range,logger12_balanced,2026,0.36804642567757495,,,,,,,,0.3603044317535646,0.37622905013464514,anchor_id,2000,122400,,0.02238169642682755,0.060812155383992,True,2000,,
secondary_per_horizon,all,0.2,20,decision_scale,balanced_error_over_top_second_margin,logger12_balanced,2026,0.7338699395307824,,,,,,,,0.714830362454093,0.7553455982569887,anchor_id,2000,122401,,0.02238169642682755,0.030498178520757823,True,2000,2026,
primary_common_horizon,all,0.2,50,decision_regret,decision_regret_best,logger1_heavy,1994,0.00042662950453607393,0.012850914906988318,0.0,0.0,0.0,0.0,0.0,0.5663590916056478,7.629105933813936e-05,0.001052743932108277,anchor_id,2000,23100,,,,,,,
primary_common_horizon,all,0.2,50,decision_regret,decision_regret_worst,logger1_heavy,1994,0.00042662950453607393,0.012850914906988318,0.0,0.0,0.0,0.0,0.0,0.5663590916056478,7.753427893535416e-05,0.001044363477305893,anchor_id,2000,23101,,,,,,,
primary_common_horizon,all,0.2,50,top_action,top_action_fraction,logger1_heavy,1994,0.6283851554663992,0.48335744596758207,1.0,0.0,0.0,1.0,1.0,1.0,0.6083124373119358,0.6504513540621866,anchor_id,2000,23200,minus,,,,,,
primary_common_horizon,all,0.2,50,top_action,top_action_fraction,logger1_heavy,1994,0.051654964894684054,0.2213849789146395,0.0,0.0,0.0,0.0,0.0,1.0,0.04262788365095286,0.06168505516549649,anchor_id,2000,23201,base,,,,,,
primary_common_horizon,all,0.2,50,top_action,top_action_fraction,logger1_heavy,1994,0.31995987963891676,0.4665776783666473,0.0,0.0,0.0,1.0,1.0,1.0,0.29989969909729186,0.3410230692076229,anchor_id,2000,23202,plus,,,,,,
primary_common_horizon,all,0.2,50,decision_regret,decision_regret_best,logger12_balanced,1994,0.0003881109583307559,0.012823503401297036,0.0,0.0,0.0,0.0,0.0,0.5663590916056478,4.6898840302452774e-05,0.0010055226202829344,anchor_id,2000,23110,,,,,,,
primary_common_horizon,all,0.2,50,decision_regret,decision_regret_worst,logger12_balanced,1994,0.0003893433482807656,0.012823580009427122,0.0,0.0,0.0,0.0,0.0,0.5663590916056478,4.5869468243778194e-05,0.000997301323281779,anchor_id,2000,23111,,,,,,,
primary_common_horizon,all,0.2,50,top_action,top_action_fraction,logger12_balanced,1994,0.6263791374122367,0.4838860803657813,1.0,0.0,0.0,1.0,1.0,1.0,0.6048019057171515,0.6474548645937813,anchor_id,2000,23210,minus,,,,,,
primary_common_horizon,all,0.2,50,top_action,top_action_fraction,logger12_balanced,1994,0.05366098294884654,0.22540399681119525,0.0,0.0,0.0,0.0,0.0,1.0,0.04411985957873621,0.06318956870611836,anchor_id,2000,23211,base,,,,,,
primary_common_horizon,all,0.2,50,top_action,top_action_fraction,logger12_balanced,1994,0.320962888665998,0.4669636692143857,0.0,0.0,0.0,1.0,1.0,1.0,0.30090270812437314,0.3415245737211635,anchor_id,2000,23212,plus,,,,,,
primary_common_horizon,all,0.2,50,decision_regret,decision_regret_best,logger2_heavy,1994,9.86706900636387e-05,0.0019046499510791753,0.0,0.0,0.0,0.0,0.0,0.062914266351072,3.06783116646772e-05,0.0001934057151313227,anchor_id,2000,23120,,,,,,,
primary_common_horizon,all,0.2,50,decision_regret,decision_regret_worst,logger2_heavy,1994,0.00010062928132542643,0.0019058170259436931,0.0,0.0,0.0,0.0,0.0,0.062914266351072,3.199694513826086e-05,0.00019625979987953165,anchor_id,2000,23121,,,,,,,
primary_common_horizon,all,0.2,50,top_action,top_action_fraction,logger2_heavy,1994,0.6258776328986961,0.4840168490422233,1.0,0.0,0.0,1.0,1.0,1.0,0.6053159478435306,0.6464393179538616,anchor_id,2000,23220,minus,,,,,,
primary_common_horizon,all,0.2,50,top_action,top_action_fraction,logger2_heavy,1994,0.055165496489468405,0.2283602792806033,0.0,0.0,0.0,0.0,0.0,1.0,0.04513540621865597,0.06569709127382146,anchor_id,2000,23221,base,,,,,,
primary_common_horizon,all,0.2,50,top_action,top_action_fraction,logger2_heavy,1994,0.3204613841524574,0.4667709832359533,0.0,0.0,0.0,1.0,1.0,1.0,0.2998871614844533,0.3410230692076229,anchor_id,2000,23222,plus,,,,,,
primary_common_horizon,all,0.2,50,top_action,top_action_fraction,do,1994,0.6178535606820461,0.4860339578140388,1.0,0.0,0.0,1.0,1.0,1.0,0.59679037111334,0.6394182547642929,anchor_id,2000,23300,minus,,,,,,
primary_common_horizon,all,0.2,50,top_action,top_action_fraction,do,1994,0.06469408224674023,0.24604698455827706,0.0,0.0,0.0,0.0,0.0,1.0,0.05416248746238716,0.0757271815446339,anchor_id,2000,23301,base,,,,,,
primary_common_horizon,all,0.2,50,top_action,top_action_fraction,do,1994,0.31745235707121366,0.46560184359128726,0.0,0.0,0.0,1.0,1.0,1.0,0.29638916750250754,0.3385155466399198,anchor_id,2000,23302,plus,,,,,,
primary_common_horizon,all,0.2,50,decision_scale,balanced_error_over_action_range,logger12_balanced,1994,0.3975663822621711,,,,,,,,0.38442155170000086,0.4108901827407067,anchor_id,2000,23400,,0.04775499839139378,0.12011830104865916,True,2000,,
primary_common_horizon,all,0.2,50,decision_scale,balanced_error_over_top_second_margin,logger12_balanced,1994,0.7857861120887707,,,,,,,,0.750696182963039,0.8234646355554718,anchor_id,2000,23401,,0.04775499839139378,0.060773533225793215,True,2000,1994,
secondary_per_horizon,all,0.2,50,decision_regret,decision_regret_best,logger1_heavy,1994,0.00042662950453607393,0.012850914906988318,0.0,0.0,0.0,0.0,0.0,0.5663590916056478,7.498491449817922e-05,0.0011310724619081238,anchor_id,2000,123100,,,,,,,
secondary_per_horizon,all,0.2,50,decision_regret,decision_regret_worst,logger1_heavy,1994,0.00042662950453607393,0.012850914906988318,0.0,0.0,0.0,0.0,0.0,0.5663590916056478,7.727764770565621e-05,0.0010738766159725278,anchor_id,2000,123101,,,,,,,
secondary_per_horizon,all,0.2,50,top_action,top_action_fraction,logger1_heavy,1994,0.6283851554663992,0.48335744596758207,1.0,0.0,0.0,1.0,1.0,1.0,0.6073094282848546,0.6489468405215647,anchor_id,2000,123200,minus,,,,,,
secondary_per_horizon,all,0.2,50,top_action,top_action_fraction,logger1_heavy,1994,0.051654964894684054,0.2213849789146395,0.0,0.0,0.0,0.0,0.0,1.0,0.04262788365095286,0.062186559679037114,anchor_id,2000,123201,base,,,,,,
secondary_per_horizon,all,0.2,50,top_action,top_action_fraction,logger1_heavy,1994,0.31995987963891676,0.4665776783666473,0.0,0.0,0.0,1.0,1.0,1.0,0.2993981945837513,0.3415245737211635,anchor_id,2000,123202,plus,,,,,,
secondary_per_horizon,all,0.2,50,decision_regret,decision_regret_best,logger12_balanced,1994,0.0003881109583307559,0.012823503401297036,0.0,0.0,0.0,0.0,0.0,0.5663590916056478,4.642876569729014e-05,0.0010241242433604554,anchor_id,2000,123110,,,,,,,
secondary_per_horizon,all,0.2,50,decision_regret,decision_regret_worst,logger12_balanced,1994,0.0003893433482807656,0.012823580009427122,0.0,0.0,0.0,0.0,0.0,0.5663590916056478,4.439924588001547e-05,0.0010060355875355152,anchor_id,2000,123111,,,,,,,
secondary_per_horizon,all,0.2,50,top_action,top_action_fraction,logger12_balanced,1994,0.6263791374122367,0.4838860803657813,1.0,0.0,0.0,1.0,1.0,1.0,0.60481444332999,0.6474548645937813,anchor_id,2000,123210,minus,,,,,,
secondary_per_horizon,all,0.2,50,top_action,top_action_fraction,logger12_balanced,1994,0.05366098294884654,0.22540399681119525,0.0,0.0,0.0,0.0,0.0,1.0,0.044132397191574725,0.06369107321965897,anchor_id,2000,123211,base,,,,,,
secondary_per_horizon,all,0.2,50,top_action,top_action_fraction,logger12_balanced,1994,0.320962888665998,0.4669636692143857,0.0,0.0,0.0,1.0,1.0,1.0,0.3004012036108325,0.3410230692076229,anchor_id,2000,123212,plus,,,,,,
secondary_per_horizon,all,0.2,50,decision_regret,decision_regret_best,logger2_heavy,1994,9.86706900636387e-05,0.0019046499510791753,0.0,0.0,0.0,0.0,0.0,0.062914266351072,2.946011710091312e-05,0.00019132192652429467,anchor_id,2000,123120,,,,,,,
secondary_per_horizon,all,0.2,50,decision_regret,decision_regret_worst,logger2_heavy,1994,0.00010062928132542643,0.0019058170259436931,0.0,0.0,0.0,0.0,0.0,0.062914266351072,3.156780044792939e-05,0.0001986607393320826,anchor_id,2000,123121,,,,,,,
secondary_per_horizon,all,0.2,50,top_action,top_action_fraction,logger2_heavy,1994,0.6258776328986961,0.4840168490422233,1.0,0.0,0.0,1.0,1.0,1.0,0.60481444332999,0.6479438314944834,anchor_id,2000,123220,minus,,,,,,
secondary_per_horizon,all,0.2,50,top_action,top_action_fraction,logger2_heavy,1994,0.055165496489468405,0.2283602792806033,0.0,0.0,0.0,0.0,0.0,1.0,0.04563691073219659,0.06519558676028084,anchor_id,2000,123221,base,,,,,,
secondary_per_horizon,all,0.2,50,top_action,top_action_fraction,logger2_heavy,1994,0.3204613841524574,0.4667709832359533,0.0,0.0,0.0,1.0,1.0,1.0,0.3008901705115346,0.34002006018054165,anchor_id,2000,123222,plus,,,,,,
secondary_per_horizon,all,0.2,50,top_action,top_action_fraction,do,1994,0.6178535606820461,0.4860339578140388,1.0,0.0,0.0,1.0,1.0,1.0,0.59679037111334,0.6394182547642929,anchor_id,2000,123300,minus,,,,,,
secondary_per_horizon,all,0.2,50,top_action,top_action_fraction,do,1994,0.06469408224674023,0.24604698455827706,0.0,0.0,0.0,0.0,0.0,1.0,0.054663991975927785,0.0757271815446339,anchor_id,2000,123301,base,,,,,,
secondary_per_horizon,all,0.2,50,top_action,top_action_fraction,do,1994,0.31745235707121366,0.46560184359128726,0.0,0.0,0.0,1.0,1.0,1.0,0.29689067201604813,0.33802657973921757,anchor_id,2000,123302,plus,,,,,,
secondary_per_horizon,all,0.2,50,decision_scale,balanced_error_over_action_range,logger12_balanced,1994,0.3975663822621711,,,,,,,,0.384922401160704,0.4115869357261906,anchor_id,2000,123400,,0.04775499839139378,0.12011830104865916,True,2000,,
secondary_per_horizon,all,0.2,50,decision_scale,balanced_error_over_top_second_margin,logger12_balanced,1994,0.7857861120887707,,,,,,,,0.7510490469982033,0.8255661627692478,anchor_id,2000,123401,,0.04775499839139378,0.060773533225793215,True,2000,1994,
primary_common_horizon,all,0.3,1,decision_regret,decision_regret_best,logger1_heavy,1994,6.286622175296353e-06,5.995604378915708e-05,0.0,0.0,0.0,0.0,0.0,0.0015158589637325193,3.82999775007295e-06,9.186752064910186e-06,anchor_id,2000,30100,,,,,,,
primary_common_horizon,all,0.3,1,decision_regret,decision_regret_worst,logger1_heavy,1994,6.286622175296353e-06,5.995604378915708e-05,0.0,0.0,0.0,0.0,0.0,0.0015158589637325193,3.835010260802452e-06,8.946531168621095e-06,anchor_id,2000,30101,,,,,,,
primary_common_horizon,all,0.3,1,top_action,top_action_fraction,logger1_heavy,1994,0.8350050150451354,0.37126913103803943,1.0,0.0,1.0,1.0,1.0,1.0,0.8194458375125376,0.8510531594784353,anchor_id,2000,30200,minus,,,,,,
primary_common_horizon,all,0.3,1,top_action,top_action_fraction,logger1_heavy,1994,0.07923771313941826,0.27017717452015977,0.0,0.0,0.0,0.0,0.0,1.0,0.06820461384152457,0.09127382146439318,anchor_id,2000,30201,base,,,,,,
primary_common_horizon,all,0.3,1,top_action,top_action_fraction,logger1_heavy,1994,0.08575727181544635,0.2800755278748568,0.0,0.0,0.0,0.0,0.0,1.0,0.07370862587763291,0.09879638916750251,anchor_id,2000,30202,plus,,,,,,
primary_common_horizon,all,0.3,1,decision_regret,decision_regret_best,logger12_balanced,1994,4.6941022452139725e-06,4.5654940965661624e-05,0.0,0.0,0.0,0.0,0.0,0.0008220496290372026,2.841229307682126e-06,6.8881218939521665e-06,anchor_id,2000,30110,,,,,,,
primary_common_horizon,all,0.3,1,decision_regret,decision_regret_worst,logger12_balanced,1994,4.6941022452139725e-06,4.5654940965661624e-05,0.0,0.0,0.0,0.0,0.0,0.0008220496290372026,2.850883820707168e-06,6.782176069900945e-06,anchor_id,2000,30111,,,,,,,
primary_common_horizon,all,0.3,1,top_action,top_action_fraction,logger12_balanced,1994,0.8350050150451354,0.37126913103803943,1.0,0.0,1.0,1.0,1.0,1.0,0.8189568706118355,0.8495611835506519,anchor_id,2000,30210,minus,,,,,,
primary_common_horizon,all,0.3,1,top_action,top_action_fraction,logger12_balanced,1994,0.07873620862587763,0.269394160796812,0.0,0.0,0.0,0.0,0.0,1.0,0.0667001003009027,0.09127382146439318,anchor_id,2000,30211,base,,,,,,
primary_common_horizon,all,0.3,1,top_action,top_action_fraction,logger12_balanced,1994,0.08625877632898696,0.28081621632561954,0.0,0.0,0.0,0.0,0.0,1.0,0.07422266800401203,0.09880892678034096,anchor_id,2000,30212,plus,,,,,,
primary_common_horizon,all,0.3,1,decision_regret,decision_regret_best,logger2_heavy,1994,2.9438323995410673e-06,3.0652620598006426e-05,0.0,0.0,0.0,0.0,0.0,0.000607207070070892,1.644538180624251e-06,4.406343961056028e-06,anchor_id,2000,30120,,,,,,,
primary_common_horizon,all,0.3,1,decision_regret,decision_regret_worst,logger2_heavy,1994,2.9438323995410673e-06,3.0652620598006426e-05,0.0,0.0,0.0,0.0,0.0,0.000607207070070892,1.7446948197866712e-06,4.302688150229902e-06,anchor_id,2000,30121,,,,,,,
primary_common_horizon,all,0.3,1,top_action,top_action_fraction,logger2_heavy,1994,0.8329989969909729,0.37307032599427975,1.0,0.0,1.0,1.0,1.0,1.0,0.8154463390170511,0.8485456369107321,anchor_id,2000,30220,minus,,,,,,
primary_common_horizon,all,0.3,1,top_action,top_action_fraction,logger2_heavy,1994,0.07973921765295888,0.2709569968205857,0.0,0.0,0.0,0.0,0.0,1.0,0.06820461384152457,0.09177532597793381,anchor_id,2000,30221,base,,,,,,
primary_common_horizon,all,0.3,1,top_action,top_action_fraction,logger2_heavy,1994,0.08726178535606821,0.2822890887507328,0.0,0.0,0.0,0.0,0.0,1.0,0.07472417251755266,0.09979939819458375,anchor_id,2000,30222,plus,,,,,,
primary_common_horizon,all,0.3,1,top_action,top_action_fraction,do,1994,0.8224674022066198,0.3822146495422542,1.0,0.0,1.0,1.0,1.0,1.0,0.8054162487462387,0.8400200601805417,anchor_id,2000,30300,minus,,,,,,
primary_common_horizon,all,0.3,1,top_action,top_action_fraction,do,1994,0.08776328986960882,0.2830213169832681,0.0,0.0,0.0,0.0,0.0,1.0,0.07522567703109329,0.09979939819458375,anchor_id,2000,30301,base,,,,,,
primary_common_horizon,all,0.3,1,top_action,top_action_fraction,do,1994,0.08976930792377132,0.28592267864651427,0.0,0.0,0.0,0.0,0.0,1.0,0.07823470411233702,0.1018179538615847,anchor_id,2000,30302,plus,,,,,,
primary_common_horizon,all,0.3,1,decision_scale,balanced_error_over_action_range,logger12_balanced,1994,0.5087980039063484,,,,,,,,0.5041786691355631,0.5131022329123348,anchor_id,2000,30400,,0.0038220674458921858,0.0075119544820299484,True,2000,,
primary_common_horizon,all,0.3,1,decision_scale,balanced_error_over_top_second_margin,logger12_balanced,1994,1.0696197653659658,,,,,,,,1.0544248319901477,1.084835416399354,anchor_id,2000,30401,,0.0038220674458921858,0.0035732954547492693,True,2000,1994,
secondary_per_horizon,all,0.3,1,decision_regret,decision_regret_best,logger1_heavy,2048,6.120861629658656e-06,5.916851469167814e-05,0.0,0.0,0.0,0.0,0.0,0.0015158589637325193,3.719697417157609e-06,8.905400047837154e-06,anchor_id,2000,130100,,,,,,,
secondary_per_horizon,all,0.3,1,decision_regret,decision_regret_worst,logger1_heavy,2048,6.120861629658656e-06,5.916851469167814e-05,0.0,0.0,0.0,0.0,0.0,0.0015158589637325193,3.7434343297222145e-06,8.937165203405473e-06,anchor_id,2000,130101,,,,,,,
secondary_per_horizon,all,0.3,1,top_action,top_action_fraction,logger1_heavy,2048,0.83837890625,0.36819276214653285,1.0,0.0,1.0,1.0,1.0,1.0,0.8212890625,0.85302734375,anchor_id,2000,130200,minus,,,,,,
secondary_per_horizon,all,0.3,1,top_action,top_action_fraction,logger1_heavy,2048,0.07763671875,0.2676644189864944,0.0,0.0,0.0,0.0,0.0,1.0,0.06640625,0.0888671875,anchor_id,2000,130201,base,,,,,,
secondary_per_horizon,all,0.3,1,top_action,top_action_fraction,logger1_heavy,2048,0.083984375,0.2774321215564699,0.0,0.0,0.0,0.0,0.0,1.0,0.07275390625,0.09619140625,anchor_id,2000,130202,plus,,,,,,
secondary_per_horizon,all,0.3,1,decision_regret,decision_regret_best,logger12_balanced,2048,4.5703319711702444e-06,4.5055007081610006e-05,0.0,0.0,0.0,0.0,0.0,0.0008220496290372026,2.7737893652431767e-06,6.576880383405013e-06,anchor_id,2000,130110,,,,,,,
secondary_per_horizon,all,0.3,1,decision_regret,decision_regret_worst,logger12_balanced,2048,4.5703319711702444e-06,4.5055007081610006e-05,0.0,0.0,0.0,0.0,0.0,0.0008220496290372026,2.817968045171093e-06,6.606442471857882e-06,anchor_id,2000,130111,,,,,,,
secondary_per_horizon,all,0.3,1,top_action,top_action_fraction,logger12_balanced,2048,0.83837890625,0.36819276214653285,1.0,0.0,1.0,1.0,1.0,1.0,0.82177734375,0.853515625,anchor_id,2000,130210,minus,,,,,,
secondary_per_horizon,all,0.3,1,top_action,top_action_fraction,logger12_balanced,2048,0.0771484375,0.26689199504216443,0.0,0.0,0.0,0.0,0.0,1.0,0.06689453125,0.08837890625,anchor_id,2000,130211,base,,,,,,
secondary_per_horizon,all,0.3,1,top_action,top_action_fraction,logger12_balanced,2048,0.08447265625,0.2781632744696513,0.0,0.0,0.0,0.0,0.0,1.0,0.07275390625,0.09718017578124993,anchor_id,2000,130212,plus,,,,,,
secondary_per_horizon,all,0.3,1,decision_regret,decision_regret_best,logger2_heavy,2048,2.866211818693793e-06,3.024928871049339e-05,0.0,0.0,0.0,0.0,0.0,0.000607207070070892,1.5901555732203524e-06,4.200930321153368e-06,anchor_id,2000,130120,,,,,,,
secondary_per_horizon,all,0.3,1,decision_regret,decision_regret_worst,logger2_heavy,2048,2.866211818693793e-06,3.024928871049339e-05,0.0,0.0,0.0,0.0,0.0,0.000607207070070892,1.6844902400540376e-06,4.233192274887695e-06,anchor_id,2000,130121,,,,,,,
secondary_per_horizon,all,0.3,1,top_action,top_action_fraction,logger2_heavy,2048,0.83642578125,0.36997909651850563,1.0,0.0,1.0,1.0,1.0,1.0,0.8212890625,0.8515747070312499,anchor_id,2000,130220,minus,,,,,,
secondary_per_horizon,all,0.3,1,top_action,top_action_fraction,logger2_heavy,2048,0.078125,0.2684337316640104,0.0,0.0,0.0,0.0,0.0,1.0,0.0673828125,0.08935546875,anchor_id,2000,130221,base,,,,,,
secondary_per_horizon,all,0.3,1,top_action,top_action_fraction,logger2_heavy,2048,0.08544921875,0.2796172856568065,0.0,0.0,0.0,0.0,0.0,1.0,0.07373046875,0.09765625,anchor_id,2000,130222,plus,,,,,,
secondary_per_horizon,all,0.3,1,top_action,top_action_fraction,do,2048,0.826171875,0.3790541718770436,1.0,0.0,1.0,1.0,1.0,1.0,0.8095703125,0.84326171875,anchor_id,2000,130300,minus,,,,,,
secondary_per_horizon,all,0.3,1,top_action,top_action_fraction,do,2048,0.0859375,0.280340186951723,0.0,0.0,0.0,0.0,0.0,1.0,0.07373046875,0.09814453125,anchor_id,2000,130301,base,,,,,,
secondary_per_horizon,all,0.3,1,top_action,top_action_fraction,do,2048,0.087890625,0.2832049181198814,0.0,0.0,0.0,0.0,0.0,1.0,0.07568359375,0.10009765625,anchor_id,2000,130302,plus,,,,,,
secondary_per_horizon,all,0.3,1,decision_scale,balanced_error_over_action_range,logger12_balanced,2048,0.5080897749392512,,,,,,,,0.503644625973326,0.5126353208652112,anchor_id,2000,130400,,0.003833384399279302,0.007544698965330749,True,2000,,
secondary_per_horizon,all,0.3,1,decision_scale,balanced_error_over_top_second_margin,logger12_balanced,2048,1.0678433703973116,,,,,,,,1.0526873828245757,1.0820923633089647,anchor_id,2000,130401,,0.003833384399279302,0.00358983770986284,True,2000,2048,
primary_common_horizon,all,0.3,5,decision_regret,decision_regret_best,logger1_heavy,1994,4.228840746467811e-05,0.00038878211984280913,0.0,0.0,0.0,0.0,0.0,0.009623544871015355,2.627462647502321e-05,6.0549734766351996e-05,anchor_id,2000,31100,,,,,,,
primary_common_horizon,all,0.3,5,decision_regret,decision_regret_worst,logger1_heavy,1994,4.228840746467811e-05,0.00038878211984280913,0.0,0.0,0.0,0.0,0.0,0.009623544871015355,2.6139996118891008e-05,5.9700619089091875e-05,anchor_id,2000,31101,,,,,,,
primary_common_horizon,all,0.3,5,top_action,top_action_fraction,logger1_heavy,1994,0.8219658976930793,0.38263740890554654,1.0,0.0,1.0,1.0,1.0,1.0,0.8059177532597793,0.8390170511534604,anchor_id,2000,31200,minus,,,,,,
primary_common_horizon,all,0.3,5,top_action,top_action_fraction,logger1_heavy,1994,0.040621865596790374,0.19746210759816646,0.0,0.0,0.0,0.0,0.0,1.0,0.03259779338014042,0.04964894684052156,anchor_id,2000,31201,base,,,,,,
primary_common_horizon,all,0.3,5,top_action,top_action_fraction,logger1_heavy,1994,0.1374122367101304,0.34436838868521585,0.0,0.0,0.0,0.0,1.0,1.0,0.12236710130391174,0.15245737211634905,anchor_id,2000,31202,plus,,,,,,
primary_common_horizon,all,0.3,5,decision_regret,decision_regret_best,logger12_balanced,1994,3.4122077499787786e-05,0.0003619366732011899,0.0,0.0,0.0,0.0,0.0,0.009623544871015355,1.9622369822790782e-05,5.226123584873673e-05,anchor_id,2000,31110,,,,,,,
primary_common_horizon,all,0.3,5,decision_regret,decision_regret_worst,logger12_balanced,1994,3.4122077499787786e-05,0.0003619366732011899,0.0,0.0,0.0,0.0,0.0,0.009623544871015355,1.9654859129047707e-05,5.2217885481966015e-05,anchor_id,2000,31111,,,,,,,
primary_common_horizon,all,0.3,5,top_action,top_action_fraction,logger12_balanced,1994,0.8224674022066198,0.3822146495422542,1.0,0.0,1.0,1.0,1.0,1.0,0.804914744232698,0.8390170511534604,anchor_id,2000,31210,minus,,,,,,
primary_common_horizon,all,0.3,5,top_action,top_action_fraction,logger12_balanced,1994,0.041123370110330994,0.19862533551679273,0.0,0.0,0.0,0.0,0.0,1.0,0.033099297893681046,0.04964894684052156,anchor_id,2000,31211,base,,,,,,
primary_common_horizon,all,0.3,5,top_action,top_action_fraction,logger12_balanced,1994,0.13640922768304914,0.3433086920516857,0.0,0.0,0.0,0.0,1.0,1.0,0.1213640922768305,0.15245737211634905,anchor_id,2000,31212,plus,,,,,,
primary_common_horizon,all,0.3,5,decision_regret,decision_regret_best,logger2_heavy,1994,2.7430649868858962e-05,0.00027444665983927574,0.0,0.0,0.0,0.0,0.0,0.006767997297657757,1.6597357153194433e-05,3.967161356367395e-05,anchor_id,2000,31120,,,,,,,
primary_common_horizon,all,0.3,5,decision_regret,decision_regret_worst,logger2_heavy,1994,2.7430649868858962e-05,0.00027444665983927574,0.0,0.0,0.0,0.0,0.0,0.006767997297657757,1.6493761142419396e-05,4.005106922382092e-05,anchor_id,2000,31121,,,,,,,
primary_common_horizon,all,0.3,5,top_action,top_action_fraction,logger2_heavy,1994,0.8224674022066198,0.3822146495422542,1.0,0.0,1.0,1.0,1.0,1.0,0.8054162487462387,0.839518555667001,anchor_id,2000,31220,minus,,,,,,
primary_common_horizon,all,0.3,5,top_action,top_action_fraction,logger2_heavy,1994,0.04012036108324975,0.1962907045662553,0.0,0.0,0.0,0.0,0.0,1.0,0.03159478435305918,0.04914744232698094,anchor_id,2000,31221,base,,,,,,
primary_common_horizon,all,0.3,5,top_action,top_action_fraction,logger2_heavy,1994,0.1374122367101304,0.3443683886852159,0.0,0.0,0.0,0.0,1.0,1.0,0.12286860581745236,0.15245737211634905,anchor_id,2000,31222,plus,,,,,,
primary_common_horizon,all,0.3,5,top_action,top_action_fraction,do,1994,0.8294884653961886,0.3761759139434117,1.0,0.0,1.0,1.0,1.0,1.0,0.8129388164493481,0.8455366098294884,anchor_id,2000,31300,minus,,,,,,
primary_common_horizon,all,0.3,5,top_action,top_action_fraction,do,1994,0.033099297893681046,0.17894075120849146,0.0,0.0,0.0,0.0,0.0,1.0,0.025075225677031094,0.041123370110330994,anchor_id,2000,31301,base,,,,,,
primary_common_horizon,all,0.3,5,top_action,top_action_fraction,do,1994,0.1374122367101304,0.34436838868521585,0.0,0.0,0.0,0.0,1.0,1.0,0.12236710130391174,0.1524699097291875,anchor_id,2000,31302,plus,,,,,,
primary_common_horizon,all,0.3,5,decision_scale,balanced_error_over_action_range,logger12_balanced,1994,0.5539370778033124,,,,,,,,0.5439588783027999,0.567972186792101,anchor_id,2000,31400,,0.020972433974570142,0.03786067915464014,True,2000,,
primary_common_horizon,all,0.3,5,decision_scale,balanced_error_over_top_second_margin,logger12_balanced,1994,1.1565117532125215,,,,,,,,1.1319958313848852,1.187156963813172,anchor_id,2000,31401,,0.020972433974570142,0.018134216030501707,True,2000,1994,
secondary_per_horizon,all,0.3,5,decision_regret,decision_regret_best,logger1_heavy,2047,4.128092293309517e-05,0.0003837833268202612,0.0,0.0,0.0,0.0,0.0,0.009623544871015355,2.5775133260330223e-05,5.9282887199075096e-05,anchor_id,2000,131100,,,,,,,
secondary_per_horizon,all,0.3,5,decision_regret,decision_regret_worst,logger1_heavy,2047,4.128092293309517e-05,0.0003837833268202612,0.0,0.0,0.0,0.0,0.0,0.009623544871015355,2.6300053476764885e-05,5.791905850979279e-05,anchor_id,2000,131101,,,,,,,
secondary_per_horizon,all,0.3,5,top_action,top_action_fraction,logger1_heavy,2047,0.8260869565217391,0.37912730765076735,1.0,0.0,1.0,1.0,1.0,1.0,0.8094772838299951,0.8422081094284318,anchor_id,2000,131200,minus,,,,,,
secondary_per_horizon,all,0.3,5,top_action,top_action_fraction,logger1_heavy,2047,0.03957010258915486,0.194994575569687,0.0,0.0,0.0,0.0,0.0,1.0,0.03175378602833415,0.04787493893502687,anchor_id,2000,131201,base,,,,,,
secondary_per_horizon,all,0.3,5,top_action,top_action_fraction,logger1_heavy,2047,0.134342940889106,0.3411037309336276,0.0,0.0,0.0,0.0,1.0,1.0,0.11968734733756717,0.14948705422569614,anchor_id,2000,131202,plus,,,,,,
secondary_per_horizon,all,0.3,5,decision_regret,decision_regret_best,logger12_balanced,2047,3.332603189743747e-05,0.00035727295452180215,0.0,0.0,0.0,0.0,0.0,0.009623544871015355,1.9451683822485847e-05,4.993007163612295e-05,anchor_id,2000,131110,,,,,,,
secondary_per_horizon,all,0.3,5,decision_regret,decision_regret_worst,logger12_balanced,2047,3.332603189743747e-05,0.00035727295452180215,0.0,0.0,0.0,0.0,0.0,0.009623544871015355,1.9070767770994322e-05,4.9575001860707876e-05,anchor_id,2000,131111,,,,,,,
secondary_per_horizon,all,0.3,5,top_action,top_action_fraction,logger12_balanced,2047,0.8265754763067904,0.3787063784253886,1.0,0.0,1.0,1.0,1.0,1.0,0.8104543234000977,0.8422081094284318,anchor_id,2000,131210,minus,,,,,,
secondary_per_horizon,all,0.3,5,top_action,top_action_fraction,logger12_balanced,2047,0.040058622374206154,0.1961446502825526,0.0,0.0,0.0,0.0,0.0,1.0,0.03175378602833415,0.048851978505129456,anchor_id,2000,131211,base,,,,,,
secondary_per_horizon,all,0.3,5,top_action,top_action_fraction,logger12_balanced,2047,0.13336590131900342,0.3400528313705448,0.0,0.0,0.0,0.0,1.0,1.0,0.11871030776746458,0.14802149487054225,anchor_id,2000,131212,plus,,,,,,
secondary_per_horizon,all,0.3,5,decision_regret,decision_regret_best,logger2_heavy,2047,2.680785569026987e-05,0.0002709239710851549,0.0,0.0,0.0,0.0,0.0,0.006767997297657757,1.643197821877699e-05,3.921448743185168e-05,anchor_id,2000,131120,,,,,,,
secondary_per_horizon,all,0.3,5,decision_regret,decision_regret_worst,logger2_heavy,2047,2.680785569026987e-05,0.0002709239710851549,0.0,0.0,0.0,0.0,0.0,0.006767997297657757,1.6248193011570903e-05,3.985584304337844e-05,anchor_id,2000,131121,,,,,,,
secondary_per_horizon,all,0.3,5,top_action,top_action_fraction,logger2_heavy,2047,0.8265754763067904,0.3787063784253886,1.0,0.0,1.0,1.0,1.0,1.0,0.8099658036150464,0.8431851489985345,anchor_id,2000,131220,minus,,,,,,
secondary_per_horizon,all,0.3,5,top_action,top_action_fraction,logger2_heavy,2047,0.039081582804103565,0.19383644557278984,0.0,0.0,0.0,0.0,0.0,1.0,0.03126526624328285,0.04836345872007816,anchor_id,2000,131221,base,,,,,,
secondary_per_horizon,all,0.3,5,top_action,top_action_fraction,logger2_heavy,2047,0.134342940889106,0.34110373093362756,0.0,0.0,0.0,0.0,1.0,1.0,0.11968734733756717,0.14899853444064484,anchor_id,2000,131222,plus,,,,,,
secondary_per_horizon,all,0.3,5,top_action,top_action_fraction,do,2047,0.8339032730825598,0.3722583800128218,1.0,0.0,1.0,1.0,1.0,1.0,0.8172936003908158,0.8500244259892525,anchor_id,2000,131300,minus,,,,,,
secondary_per_horizon,all,0.3,5,top_action,top_action_fraction,do,2047,0.03224230581338544,0.1766861345297137,0.0,0.0,0.0,0.0,0.0,1.0,0.024914509037616023,0.040058622374206154,anchor_id,2000,131301,base,,,,,,
secondary_per_horizon,all,0.3,5,top_action,top_action_fraction,do,2047,0.1338544211040547,0.34057903702107944,0.0,0.0,0.0,0.0,1.0,1.0,0.11919882755251587,0.14802149487054225,anchor_id,2000,131302,plus,,,,,,
secondary_per_horizon,all,0.3,5,decision_scale,balanced_error_over_action_range,logger12_balanced,2047,0.5526035224823851,,,,,,,,0.5430117263470995,0.5676057526168724,anchor_id,2000,131400,,0.020953946467367344,0.037918590119076334,True,2000,,
secondary_per_horizon,all,0.3,5,decision_scale,balanced_error_over_top_second_margin,logger12_balanced,2047,1.1539602989642468,,,,,,,,1.1311565454836636,1.184382388596263,anchor_id,2000,131401,,0.020953946467367344,0.018158290615521912,True,2000,2047,
primary_common_horizon,all,0.3,20,decision_regret,decision_regret_best,logger1_heavy,1994,9.48830861839254e-05,0.0013950896663594912,0.0,0.0,0.0,0.0,0.0,0.04302183127171588,4.25197333212579e-05,0.0001602279656347002,anchor_id,2000,32100,,,,,,,
primary_common_horizon,all,0.3,20,decision_regret,decision_regret_worst,logger1_heavy,1994,9.48830861839254e-05,0.0013950896663594912,0.0,0.0,0.0,0.0,0.0,0.04302183127171588,4.185544712539692e-05,0.00015950286547720388,anchor_id,2000,32101,,,,,,,
primary_common_horizon,all,0.3,20,top_action,top_action_fraction,logger1_heavy,1994,0.7417251755265798,0.43779568340668645,1.0,0.0,0.0,1.0,1.0,1.0,0.7226680040120361,0.7607823470411234,anchor_id,2000,32200,minus,,,,,,
primary_common_horizon,all,0.3,20,top_action,top_action_fraction,logger1_heavy,1994,0.025075225677031094,0.1563928543610847,0.0,0.0,0.0,0.0,0.0,1.0,0.018555667001003008,0.0320962888665998,anchor_id,2000,32201,base,,,,,,
primary_common_horizon,all,0.3,20,top_action,top_action_fraction,logger1_heavy,1994,0.23319959879638916,0.42297431212824343,0.0,0.0,0.0,0.0,1.0,1.0,0.2156469408224674,0.2522567703109328,anchor_id,2000,32202,plus,,,,,,
primary_common_horizon,all,0.3,20,decision_regret,decision_regret_best,logger12_balanced,1994,8.348643997328654e-05,0.0013639530277966725,0.0,0.0,0.0,0.0,0.0,0.04302183127171588,3.4778752766767626e-05,0.00015088429257361754,anchor_id,2000,32110,,,,,,,
primary_common_horizon,all,0.3,20,decision_regret,decision_regret_worst,logger12_balanced,1994,8.348643997328654e-05,0.0013639530277966725,0.0,0.0,0.0,0.0,0.0,0.04302183127171588,3.269149721663021e-05,0.00015140889848633732,anchor_id,2000,32111,,,,,,,
primary_common_horizon,all,0.3,20,top_action,top_action_fraction,logger12_balanced,1994,0.7417251755265798,0.43779568340668645,1.0,0.0,0.0,1.0,1.0,1.0,0.7231695085255767,0.7602808425275828,anchor_id,2000,32210,minus,,,,,,
primary_common_horizon,all,0.3,20,top_action,top_action_fraction,logger12_balanced,1994,0.025075225677031094,0.1563928543610847,0.0,0.0,0.0,0.0,0.0,1.0,0.018555667001003008,0.0320962888665998,anchor_id,2000,32211,base,,,,,,
primary_common_horizon,all,0.3,20,top_action,top_action_fraction,logger12_balanced,1994,0.23319959879638916,0.42297431212824343,0.0,0.0,0.0,0.0,1.0,1.0,0.21414242728184554,0.2522567703109328,anchor_id,2000,32212,plus,,,,,,
primary_common_horizon,all,0.3,20,decision_regret,decision_regret_best,logger2_heavy,1994,7.984459907314892e-05,0.0013586837739829145,0.0,0.0,0.0,0.0,0.0,0.04302183127171588,3.157910131255253e-05,0.00014501181373458762,anchor_id,2000,32120,,,,,,,
primary_common_horizon,all,0.3,20,decision_regret,decision_regret_worst,logger2_heavy,1994,7.984459907314892e-05,0.0013586837739829145,0.0,0.0,0.0,0.0,0.0,0.04302183127171588,2.9659553430773135e-05,0.00014934979318599926,anchor_id,2000,32121,,,,,,,
primary_common_horizon,all,0.3,20,top_action,top_action_fraction,logger2_heavy,1994,0.7402206619859579,0.43862343561225975,1.0,0.0,0.0,1.0,1.0,1.0,0.7211634904714143,0.7592778335005015,anchor_id,2000,32220,minus,,,,,,
primary_common_horizon,all,0.3,20,top_action,top_action_fraction,logger2_heavy,1994,0.025576730190571714,0.15790841051549714,0.0,0.0,0.0,0.0,0.0,1.0,0.018555667001003008,0.03259779338014042,anchor_id,2000,32221,base,,,,,,
primary_common_horizon,all,0.3,20,top_action,top_action_fraction,logger2_heavy,1994,0.2342026078234704,0.423605638717494,0.0,0.0,0.0,0.0,1.0,1.0,0.21614844533600802,0.25175526579739216,anchor_id,2000,32222,plus,,,,,,
primary_common_horizon,all,0.3,20,top_action,top_action_fraction,do,1994,0.7447342026078235,0.436119887773398,1.0,0.0,0.0,1.0,1.0,1.0,0.7256770310932799,0.763302407221665,anchor_id,2000,32300,minus,,,,,,
primary_common_horizon,all,0.3,20,top_action,top_action_fraction,do,1994,0.022066198595787363,0.14693573089087694,0.0,0.0,0.0,0.0,0.0,1.0,0.0160481444332999,0.028585757271815445,anchor_id,2000,32301,base,,,,,,
primary_common_horizon,all,0.3,20,top_action,top_action_fraction,do,1994,0.23319959879638916,0.42297431212824343,0.0,0.0,0.0,0.0,1.0,1.0,0.21514543630892677,0.2512537612838516,anchor_id,2000,32302,plus,,,,,,
primary_common_horizon,all,0.3,20,decision_scale,balanced_error_over_action_range,logger12_balanced,1994,0.5364659346667054,,,,,,,,0.5248121126807871,0.5496052136439914,anchor_id,2000,32400,,0.03188018825841175,0.05942630500521569,True,2000,,
primary_common_horizon,all,0.3,20,decision_scale,balanced_error_over_top_second_margin,logger12_balanced,1994,1.056959464855048,,,,,,,,1.0190568602022871,1.0931930295996724,anchor_id,2000,32401,,0.03188018825841175,0.03016216734743353,True,2000,1994,
secondary_per_horizon,all,0.3,20,decision_regret,decision_regret_best,logger1_heavy,2026,9.376674411602158e-05,0.0013841545865337934,0.0,0.0,0.0,0.0,0.0,0.04302183127171588,4.268742162578154e-05,0.00015824465536031697,anchor_id,2000,132100,,,,,,,
secondary_per_horizon,all,0.3,20,decision_regret,decision_regret_worst,logger1_heavy,2026,9.376674411602158e-05,0.0013841545865337934,0.0,0.0,0.0,0.0,0.0,0.04302183127171588,4.1275712688953826e-05,0.00016442991710004625,anchor_id,2000,132101,,,,,,,
secondary_per_horizon,all,0.3,20,top_action,top_action_fraction,logger1_heavy,2026,0.7438302073050346,0.4366244693161237,1.0,0.0,0.0,1.0,1.0,1.0,0.7250740375123396,0.7625987166831193,anchor_id,2000,132200,minus,,,,,,
secondary_per_horizon,all,0.3,20,top_action,top_action_fraction,logger1_heavy,2026,0.024679170779861797,0.15518374845071015,0.0,0.0,0.0,0.0,0.0,1.0,0.01826258637709773,0.0315893385982231,anchor_id,2000,132201,base,,,,,,
secondary_per_horizon,all,0.3,20,top_action,top_action_fraction,logger1_heavy,2026,0.23149062191510364,0.42188928295525824,0.0,0.0,0.0,0.0,1.0,1.0,0.21322803553800593,0.2502467917077986,anchor_id,2000,132202,plus,,,,,,
secondary_per_horizon,all,0.3,20,decision_regret,decision_regret_best,logger12_balanced,2026,8.255010416339873e-05,0.0013532594416639857,0.0,0.0,0.0,0.0,0.0,0.04302183127171588,3.2416179501158094e-05,0.00014859925766161876,anchor_id,2000,132110,,,,,,,
secondary_per_horizon,all,0.3,20,decision_regret,decision_regret_worst,logger12_balanced,2026,8.255010416339873e-05,0.0013532594416639857,0.0,0.0,0.0,0.0,0.0,0.04302183127171588,3.243547094635386e-05,0.0001519402014466179,anchor_id,2000,132111,,,,,,,
secondary_per_horizon,all,0.3,20,top_action,top_action_fraction,logger12_balanced,2026,0.7438302073050346,0.4366244693161237,1.0,0.0,0.0,1.0,1.0,1.0,0.7245804540967423,0.7630799605133267,anchor_id,2000,132210,minus,,,,,,
secondary_per_horizon,all,0.3,20,top_action,top_action_fraction,logger12_balanced,2026,0.024679170779861797,0.15518374845071015,0.0,0.0,0.0,0.0,0.0,1.0,0.017769002961500493,0.032082922013820334,anchor_id,2000,132211,base,,,,,,
secondary_per_horizon,all,0.3,20,top_action,top_action_fraction,logger12_balanced,2026,0.23149062191510364,0.42188928295525824,0.0,0.0,0.0,0.0,1.0,1.0,0.21421520236920039,0.24975320829220138,anchor_id,2000,132212,plus,,,,,,
secondary_per_horizon,all,0.3,20,decision_regret,decision_regret_best,logger2_heavy,2026,7.896578493591877e-05,0.001348030062428638,0.0,0.0,0.0,0.0,0.0,0.04302183127171588,3.0172765838860246e-05,0.00014331784001410638,anchor_id,2000,132120,,,,,,,
secondary_per_horizon,all,0.3,20,decision_regret,decision_regret_worst,logger2_heavy,2026,7.896578493591877e-05,0.001348030062428638,0.0,0.0,0.0,0.0,0.0,0.04302183127171588,3.0144498590834307e-05,0.000148208561817756,anchor_id,2000,132121,,,,,,,
secondary_per_horizon,all,0.3,20,top_action,top_action_fraction,logger2_heavy,2026,0.7423494570582428,0.4374485036835921,1.0,0.0,0.0,1.0,1.0,1.0,0.7221125370187562,0.7606120434353406,anchor_id,2000,132220,minus,,,,,,
secondary_per_horizon,all,0.3,20,top_action,top_action_fraction,logger2_heavy,2026,0.025172754195459033,0.15668824049414623,0.0,0.0,0.0,0.0,0.0,1.0,0.01826258637709773,0.032082922013820334,anchor_id,2000,132221,base,,,,,,
secondary_per_horizon,all,0.3,20,top_action,top_action_fraction,logger2_heavy,2026,0.23247778874629813,0.42251624937734417,0.0,0.0,0.0,0.0,1.0,1.0,0.21421520236920039,0.2512339585389931,anchor_id,2000,132222,plus,,,,,,
secondary_per_horizon,all,0.3,20,top_action,top_action_fraction,do,2026,0.7462981243830207,0.4352364113835275,1.0,0.0,0.0,1.0,1.0,1.0,0.7255552813425469,0.7645607107601184,anchor_id,2000,132300,minus,,,,,,
secondary_per_horizon,all,0.3,20,top_action,top_action_fraction,do,2026,0.022211253701875617,0.14740637301902854,0.0,0.0,0.0,0.0,0.0,1.0,0.016275913129318854,0.02912142152023692,anchor_id,2000,132301,base,,,,,,
secondary_per_horizon,all,0.3,20,top_action,top_action_fraction,do,2026,0.23149062191510364,0.42188928295525824,0.0,0.0,0.0,0.0,1.0,1.0,0.21372161895360317,0.25074037512339586,anchor_id,2000,132302,plus,,,,,,
secondary_per_horizon,all,0.3,20,decision_scale,balanced_error_over_action_range,logger12_balanced,2026,0.5362408800964427,,,,,,,,0.5251836234552849,0.5491099246594562,anchor_id,2000,132400,,0.03179925709471526,0.059300322439043034,True,2000,,
secondary_per_horizon,all,0.3,20,decision_scale,balanced_error_over_top_second_margin,logger12_balanced,2026,1.0573998749404232,,,,,,,,1.0184203391087563,1.0943542547620497,anchor_id,2000,132401,,0.03179925709471526,0.030073066820162916,True,2000,2026,
primary_common_horizon,all,0.3,50,decision_regret,decision_regret_best,logger1_heavy,1994,0.0012402970674028728,0.024020385939399355,0.0,0.0,0.0,0.0,0.0,0.9573954210761713,0.0004355537068679189,0.002473616425470516,anchor_id,2000,33100,,,,,,,
primary_common_horizon,all,0.3,50,decision_regret,decision_regret_worst,logger1_heavy,1994,0.0012402970674028728,0.024020385939399355,0.0,0.0,0.0,0.0,0.0,0.9573954210761713,0.0004032311012093196,0.002455208148098571,anchor_id,2000,33101,,,,,,,
primary_common_horizon,all,0.3,50,top_action,top_action_fraction,logger1_heavy,1994,0.6374122367101304,0.4808678009783711,1.0,0.0,0.0,1.0,1.0,1.0,0.6168505516549649,0.6579739217652959,anchor_id,2000,33200,minus,,,,,,
primary_common_horizon,all,0.3,50,top_action,top_action_fraction,logger1_heavy,1994,0.04212637913741224,0.2009278329535823,0.0,0.0,0.0,0.0,0.0,1.0,0.033600802407221665,0.051165997993981874,anchor_id,2000,33201,base,,,,,,
primary_common_horizon,all,0.3,50,top_action,top_action_fraction,logger1_heavy,1994,0.3204613841524574,0.4667709832359533,0.0,0.0,0.0,1.0,1.0,1.0,0.3004012036108325,0.34153711133400194,anchor_id,2000,33202,plus,,,,,,
primary_common_horizon,all,0.3,50,decision_regret,decision_regret_best,logger12_balanced,1994,0.0012204452664873865,0.02401853356196489,0.0,0.0,0.0,0.0,0.0,0.9573954210761713,0.0004055989874428743,0.0024139464740824458,anchor_id,2000,33110,,,,,,,
primary_common_horizon,all,0.3,50,decision_regret,decision_regret_worst,logger12_balanced,1994,0.0012207269616628992,0.024018522534980716,0.0,0.0,0.0,0.0,0.0,0.9573954210761713,0.00040874219438081724,0.002536671164662648,anchor_id,2000,33111,,,,,,,
primary_common_horizon,all,0.3,50,top_action,top_action_fraction,logger12_balanced,1994,0.6359077231695085,0.48129539986091396,1.0,0.0,0.0,1.0,1.0,1.0,0.6143430290872618,0.656469408224674,anchor_id,2000,33210,minus,,,,,,
primary_common_horizon,all,0.3,50,top_action,top_action_fraction,logger12_balanced,1994,0.04262788365095286,0.20206737547075293,0.0,0.0,0.0,0.0,0.0,1.0,0.03408976930792377,0.051654964894684054,anchor_id,2000,33211,base,,,,,,
primary_common_horizon,all,0.3,50,top_action,top_action_fraction,logger12_balanced,1994,0.32196589769307926,0.46734718755817545,0.0,0.0,0.0,1.0,1.0,1.0,0.3013916750250752,0.34252758274824474,anchor_id,2000,33212,plus,,,,,,
primary_common_horizon,all,0.3,50,decision_regret,decision_regret_best,logger2_heavy,1994,0.0010633045244548135,0.02374842350473227,0.0,0.0,0.0,0.0,0.0,0.9573954210761713,0.0002689946945191467,0.002289896169382381,anchor_id,2000,33120,,,,,,,
primary_common_horizon,all,0.3,50,decision_regret,decision_regret_worst,logger2_heavy,1994,0.0010633045244548135,0.02374842350473227,0.0,0.0,0.0,0.0,0.0,0.9573954210761713,0.00027616102438476463,0.002277139281854703,anchor_id,2000,33121,,,,,,,
primary_common_horizon,all,0.3,50,top_action,top_action_fraction,logger2_heavy,1994,0.6334002006018055,0.48199678054688433,1.0,0.0,0.0,1.0,1.0,1.0,0.613327482447342,0.6534603811434303,anchor_id,2000,33220,minus,,,,,,
primary_common_horizon,all,0.3,50,top_action,top_action_fraction,logger2_heavy,1994,0.04663991975927784,0.21091929273863583,0.0,0.0,0.0,0.0,0.0,1.0,0.03811434302908726,0.05667001003009027,anchor_id,2000,33221,base,,,,,,
primary_common_horizon,all,0.3,50,top_action,top_action_fraction,logger2_heavy,1994,0.31995987963891676,0.4665776783666473,0.0,0.0,0.0,1.0,1.0,1.0,0.2993981945837513,0.34002006018054165,anchor_id,2000,33222,plus,,,,,,
primary_common_horizon,all,0.3,50,top_action,top_action_fraction,do,1994,0.6218655967903711,0.4850430534115397,1.0,0.0,0.0,1.0,1.0,1.0,0.600802407221665,0.6434302908726178,anchor_id,2000,33300,minus,,,,,,
primary_common_horizon,all,0.3,50,top_action,top_action_fraction,do,1994,0.06619859578736209,0.24869129142884763,0.0,0.0,0.0,0.0,0.0,1.0,0.055667001003009024,0.07723169508525576,anchor_id,2000,33301,base,,,,,,
primary_common_horizon,all,0.3,50,top_action,top_action_fraction,do,1994,0.3119358074222668,0.4633999917186143,0.0,0.0,0.0,1.0,1.0,1.0,0.2913741223671013,0.3319959879638917,anchor_id,2000,33302,plus,,,,,,
primary_common_horizon,all,0.3,50,decision_scale,balanced_error_over_action_range,logger12_balanced,1994,0.5446415051142021,,,,,,,,0.5197240753868287,0.5704992557583723,anchor_id,2000,33400,,0.06647169756069897,0.12204669849162704,True,2000,,
primary_common_horizon,all,0.3,50,decision_scale,balanced_error_over_top_second_margin,logger12_balanced,1994,1.029498354318876,,,,,,,,0.9246514551350442,1.135303118242562,anchor_id,2000,33401,,0.06647169756069897,0.0645670751020065,True,2000,1994,
secondary_per_horizon,all,0.3,50,decision_regret,decision_regret_best,logger1_heavy,1994,0.0012402970674028728,0.024020385939399355,0.0,0.0,0.0,0.0,0.0,0.9573954210761713,0.0004201361492874149,0.0024902630858748332,anchor_id,2000,133100,,,,,,,
secondary_per_horizon,all,0.3,50,decision_regret,decision_regret_worst,logger1_heavy,1994,0.0012402970674028728,0.024020385939399355,0.0,0.0,0.0,0.0,0.0,0.9573954210761713,0.00043401613442384197,0.0025365743309602993,anchor_id,2000,133101,,,,,,,
secondary_per_horizon,all,0.3,50,top_action,top_action_fraction,logger1_heavy,1994,0.6374122367101304,0.4808678009783711,1.0,0.0,0.0,1.0,1.0,1.0,0.617339518555667,0.6589894684052157,anchor_id,2000,133200,minus,,,,,,
secondary_per_horizon,all,0.3,50,top_action,top_action_fraction,logger1_heavy,1994,0.04212637913741224,0.2009278329535823,0.0,0.0,0.0,0.0,0.0,1.0,0.033099297893681046,0.05115346038114343,anchor_id,2000,133201,base,,,,,,
secondary_per_horizon,all,0.3,50,top_action,top_action_fraction,logger1_heavy,1994,0.3204613841524574,0.4667709832359533,0.0,0.0,0.0,1.0,1.0,1.0,0.29989969909729186,0.34052156469408223,anchor_id,2000,133202,plus,,,,,,
secondary_per_horizon,all,0.3,50,decision_regret,decision_regret_best,logger12_balanced,1994,0.0012204452664873865,0.02401853356196489,0.0,0.0,0.0,0.0,0.0,0.9573954210761713,0.0004193381270508196,0.002402276339154715,anchor_id,2000,133110,,,,,,,
secondary_per_horizon,all,0.3,50,decision_regret,decision_regret_worst,logger12_balanced,1994,0.0012207269616628992,0.024018522534980716,0.0,0.0,0.0,0.0,0.0,0.9573954210761713,0.00039618585848692544,0.0023821734595166314,anchor_id,2000,133111,,,,,,,
secondary_per_horizon,all,0.3,50,top_action,top_action_fraction,logger12_balanced,1994,0.6359077231695085,0.48129539986091396,1.0,0.0,0.0,1.0,1.0,1.0,0.6143430290872618,0.6559679037111334,anchor_id,2000,133210,minus,,,,,,
secondary_per_horizon,all,0.3,50,top_action,top_action_fraction,logger12_balanced,1994,0.04262788365095286,0.20206737547075293,0.0,0.0,0.0,0.0,0.0,1.0,0.034102306920762285,0.051165997993981874,anchor_id,2000,133211,base,,,,,,
secondary_per_horizon,all,0.3,50,top_action,top_action_fraction,logger12_balanced,1994,0.32196589769307926,0.46734718755817545,0.0,0.0,0.0,1.0,1.0,1.0,0.3014042126379137,0.34252758274824474,anchor_id,2000,133212,plus,,,,,,
secondary_per_horizon,all,0.3,50,decision_regret,decision_regret_best,logger2_heavy,1994,0.0010633045244548135,0.02374842350473227,0.0,0.0,0.0,0.0,0.0,0.9573954210761713,0.00025311019694430426,0.0022674854026612868,anchor_id,2000,133120,,,,,,,
secondary_per_horizon,all,0.3,50,decision_regret,decision_regret_worst,logger2_heavy,1994,0.0010633045244548135,0.02374842350473227,0.0,0.0,0.0,0.0,0.0,0.9573954210761713,0.00027518278755810294,0.002371458438994326,anchor_id,2000,133121,,,,,,,
secondary_per_horizon,all,0.3,50,top_action,top_action_fraction,logger2_heavy,1994,0.6334002006018055,0.48199678054688433,1.0,0.0,0.0,1.0,1.0,1.0,0.6118355065195586,0.6544633901705116,anchor_id,2000,133220,minus,,,,,,
secondary_per_horizon,all,0.3,50,top_action,top_action_fraction,logger2_heavy,1994,0.04663991975927784,0.21091929273863583,0.0,0.0,0.0,0.0,0.0,1.0,0.03761283851554664,0.055667001003009024,anchor_id,2000,133221,base,,,,,,
secondary_per_horizon,all,0.3,50,top_action,top_action_fraction,logger2_heavy,1994,0.31995987963891676,0.4665776783666473,0.0,0.0,0.0,1.0,1.0,1.0,0.29989969909729186,0.339518555667001,anchor_id,2000,133222,plus,,,,,,
secondary_per_horizon,all,0.3,50,top_action,top_action_fraction,do,1994,0.6218655967903711,0.4850430534115397,1.0,0.0,0.0,1.0,1.0,1.0,0.5997993981945837,0.6439317953861585,anchor_id,2000,133300,minus,,,,,,
secondary_per_horizon,all,0.3,50,top_action,top_action_fraction,do,1994,0.06619859578736209,0.24869129142884763,0.0,0.0,0.0,0.0,0.0,1.0,0.054663991975927785,0.07723169508525576,anchor_id,2000,133301,base,,,,,,
secondary_per_horizon,all,0.3,50,top_action,top_action_fraction,do,1994,0.3119358074222668,0.4633999917186143,0.0,0.0,0.0,1.0,1.0,1.0,0.29187562688064195,0.33251003009027075,anchor_id,2000,133302,plus,,,,,,
secondary_per_horizon,all,0.3,50,decision_scale,balanced_error_over_action_range,logger12_balanced,1994,0.5446415051142021,,,,,,,,0.5204100712328795,0.5700484451915573,anchor_id,2000,133400,,0.06647169756069897,0.12204669849162704,True,2000,,
secondary_per_horizon,all,0.3,50,decision_scale,balanced_error_over_top_second_margin,logger12_balanced,1994,1.029498354318876,,,,,,,,0.9260416845250413,1.1350111383886552,anchor_id,2000,133401,,0.06647169756069897,0.0645670751020065,True,2000,1994,
initial_clipping_subset,all,0.3,1,decision_regret,decision_regret_best,logger1_heavy,1994,6.286622175296353e-06,5.995604378915708e-05,0.0,0.0,0.0,0.0,0.0,0.0015158589637325193,3.699748207759516e-06,9.052871267809795e-06,anchor_id,2000,200100,,,,,,,
initial_clipping_subset,all,0.3,1,decision_regret,decision_regret_worst,logger1_heavy,1994,6.286622175296353e-06,5.995604378915708e-05,0.0,0.0,0.0,0.0,0.0,0.0015158589637325193,3.897304869809093e-06,9.072858800458443e-06,anchor_id,2000,200101,,,,,,,
initial_clipping_subset,all,0.3,1,top_action,top_action_fraction,logger1_heavy,1994,0.8350050150451354,0.37126913103803943,1.0,0.0,1.0,1.0,1.0,1.0,0.8174523570712137,0.8505516549648947,anchor_id,2000,200200,minus,,,,,,
initial_clipping_subset,all,0.3,1,top_action,top_action_fraction,logger1_heavy,1994,0.07923771313941826,0.27017717452015977,0.0,0.0,0.0,0.0,0.0,1.0,0.06720160481444333,0.09177532597793381,anchor_id,2000,200201,base,,,,,,
initial_clipping_subset,all,0.3,1,top_action,top_action_fraction,logger1_heavy,1994,0.08575727181544635,0.2800755278748568,0.0,0.0,0.0,0.0,0.0,1.0,0.07372116349047142,0.09829488465396188,anchor_id,2000,200202,plus,,,,,,
initial_clipping_subset,all,0.3,1,decision_regret,decision_regret_best,logger12_balanced,1994,4.6941022452139725e-06,4.5654940965661624e-05,0.0,0.0,0.0,0.0,0.0,0.0008220496290372026,2.8917407560265827e-06,6.863915416040079e-06,anchor_id,2000,200110,,,,,,,
initial_clipping_subset,all,0.3,1,decision_regret,decision_regret_worst,logger12_balanced,1994,4.6941022452139725e-06,4.5654940965661624e-05,0.0,0.0,0.0,0.0,0.0,0.0008220496290372026,2.847658859228026e-06,6.785160663443739e-06,anchor_id,2000,200111,,,,,,,
initial_clipping_subset,all,0.3,1,top_action,top_action_fraction,logger12_balanced,1994,0.8350050150451354,0.37126913103803943,1.0,0.0,1.0,1.0,1.0,1.0,0.8189568706118355,0.8515546639919759,anchor_id,2000,200210,minus,,,,,,
initial_clipping_subset,all,0.3,1,top_action,top_action_fraction,logger12_balanced,1994,0.07873620862587763,0.269394160796812,0.0,0.0,0.0,0.0,0.0,1.0,0.06720160481444333,0.08978184553660977,anchor_id,2000,200211,base,,,,,,
initial_clipping_subset,all,0.3,1,top_action,top_action_fraction,logger12_balanced,1994,0.08625877632898696,0.28081621632561954,0.0,0.0,0.0,0.0,0.0,1.0,0.07471163490471415,0.09879638916750251,anchor_id,2000,200212,plus,,,,,,
initial_clipping_subset,all,0.3,1,decision_regret,decision_regret_best,logger2_heavy,1994,2.9438323995410673e-06,3.0652620598006426e-05,0.0,0.0,0.0,0.0,0.0,0.000607207070070892,1.6824794114117113e-06,4.340454372672417e-06,anchor_id,2000,200120,,,,,,,
initial_clipping_subset,all,0.3,1,decision_regret,decision_regret_worst,logger2_heavy,1994,2.9438323995410673e-06,3.0652620598006426e-05,0.0,0.0,0.0,0.0,0.0,0.000607207070070892,1.7340800046755394e-06,4.361572904478366e-06,anchor_id,2000,200121,,,,,,,
initial_clipping_subset,all,0.3,1,top_action,top_action_fraction,logger2_heavy,1994,0.8329989969909729,0.37307032599427975,1.0,0.0,1.0,1.0,1.0,1.0,0.8169383149448345,0.8490471414242728,anchor_id,2000,200220,minus,,,,,,
initial_clipping_subset,all,0.3,1,top_action,top_action_fraction,logger2_heavy,1994,0.07973921765295888,0.2709569968205857,0.0,0.0,0.0,0.0,0.0,1.0,0.06820461384152457,0.09128635907723164,anchor_id,2000,200221,base,,,,,,
initial_clipping_subset,all,0.3,1,top_action,top_action_fraction,logger2_heavy,1994,0.08726178535606821,0.2822890887507328,0.0,0.0,0.0,0.0,0.0,1.0,0.07472417251755266,0.09979939819458375,anchor_id,2000,200222,plus,,,,,,
initial_clipping_subset,all,0.3,1,top_action,top_action_fraction,do,1994,0.8224674022066198,0.3822146495422542,1.0,0.0,1.0,1.0,1.0,1.0,0.8059177532597793,0.8390170511534604,anchor_id,2000,200300,minus,,,,,,
initial_clipping_subset,all,0.3,1,top_action,top_action_fraction,do,1994,0.08776328986960882,0.2830213169832681,0.0,0.0,0.0,0.0,0.0,1.0,0.07522567703109329,0.0998119358074222,anchor_id,2000,200301,base,,,,,,
initial_clipping_subset,all,0.3,1,top_action,top_action_fraction,do,1994,0.08976930792377132,0.28592267864651427,0.0,0.0,0.0,0.0,0.0,1.0,0.07673019057171515,0.10280842527582748,anchor_id,2000,200302,plus,,,,,,
initial_clipping_subset,all,0.3,1,decision_scale,balanced_error_over_action_range,logger12_balanced,1994,0.5087980039063484,,,,,,,,0.5042859422828073,0.5135068025772535,anchor_id,2000,200400,,0.0038220674458921858,0.0075119544820299484,True,2000,,
initial_clipping_subset,all,0.3,1,decision_scale,balanced_error_over_top_second_margin,logger12_balanced,1994,1.0696197653659658,,,,,,,,1.0555813908263867,1.0851564273114767,anchor_id,2000,200401,,0.0038220674458921858,0.0035732954547492693,True,2000,1994,
initial_clipping_subset,initial_step_strict_unclipped,0.3,1,decision_regret,decision_regret_best,logger1_heavy,811,2.6716697879105574e-06,5.738144439759198e-05,0.0,0.0,0.0,0.0,0.0,0.0015158589637325193,0.0,7.164620859614633e-06,anchor_id,2000,201100,,,,,,,
initial_clipping_subset,initial_step_strict_unclipped,0.3,1,decision_regret,decision_regret_worst,logger1_heavy,811,2.6716697879105574e-06,5.738144439759198e-05,0.0,0.0,0.0,0.0,0.0,0.0015158589637325193,0.0,7.5061338440961945e-06,anchor_id,2000,201101,,,,,,,
initial_clipping_subset,initial_step_strict_unclipped,0.3,1,top_action,top_action_fraction,logger1_heavy,811,0.9272503082614056,0.25988546429605097,1.0,1.0,1.0,1.0,1.0,1.0,0.9087546239210851,0.9445129469790382,anchor_id,2000,201200,minus,,,,,,
initial_clipping_subset,initial_step_strict_unclipped,0.3,1,top_action,top_action_fraction,logger1_heavy,811,0.006165228113440197,0.07832485264914087,0.0,0.0,0.0,0.0,0.0,1.0,0.0012330456226880395,0.012330456226880395,anchor_id,2000,201201,base,,,,,,
initial_clipping_subset,initial_step_strict_unclipped,0.3,1,top_action,top_action_fraction,logger1_heavy,811,0.06658446362515413,0.2494548103865502,0.0,0.0,0.0,0.0,0.0,1.0,0.05055487053020962,0.08384710234278668,anchor_id,2000,201202,plus,,,,,,
initial_clipping_subset,initial_step_strict_unclipped,0.3,1,decision_regret,decision_regret_best,logger12_balanced,811,4.906869338388261e-08,1.3973812792847931e-06,0.0,0.0,0.0,0.0,0.0,3.97947103343288e-05,0.0,1.484327974862382e-07,anchor_id,2000,201110,,,,,,,
initial_clipping_subset,initial_step_strict_unclipped,0.3,1,decision_regret,decision_regret_worst,logger12_balanced,811,4.906869338388261e-08,1.3973812792847931e-06,0.0,0.0,0.0,0.0,0.0,3.97947103343288e-05,0.0,1.4720608015164783e-07,anchor_id,2000,201111,,,,,,,
initial_clipping_subset,initial_step_strict_unclipped,0.3,1,top_action,top_action_fraction,logger12_balanced,811,0.9284833538840938,0.25784490152237494,1.0,1.0,1.0,1.0,1.0,1.0,0.9099876695437731,0.9469790382244143,anchor_id,2000,201210,minus,,,,,,
initial_clipping_subset,initial_step_strict_unclipped,0.3,1,top_action,top_action_fraction,logger12_balanced,811,0.0036991368680641184,0.060745396506936625,0.0,0.0,0.0,0.0,0.0,1.0,0.0,0.008631319358816275,anchor_id,2000,201211,base,,,,,,
initial_clipping_subset,initial_step_strict_unclipped,0.3,1,top_action,top_action_fraction,logger12_balanced,811,0.06781750924784218,0.2515876427105527,0.0,0.0,0.0,0.0,0.0,1.0,0.05055487053020962,0.08631319358816276,anchor_id,2000,201212,plus,,,,,,
initial_clipping_subset,initial_step_strict_unclipped,0.3,1,decision_regret,decision_regret_best,logger2_heavy,811,4.906869338388261e-08,1.3973812792847931e-06,0.0,0.0,0.0,0.0,0.0,3.97947103343288e-05,0.0,1.4720608015164783e-07,anchor_id,2000,201120,,,,,,,
initial_clipping_subset,initial_step_strict_unclipped,0.3,1,decision_regret,decision_regret_worst,logger2_heavy,811,4.906869338388261e-08,1.3973812792847931e-06,0.0,0.0,0.0,0.0,0.0,3.97947103343288e-05,0.0,1.4720608015164783e-07,anchor_id,2000,201121,,,,,,,
initial_clipping_subset,initial_step_strict_unclipped,0.3,1,top_action,top_action_fraction,logger2_heavy,811,0.9284833538840938,0.25784490152237494,1.0,1.0,1.0,1.0,1.0,1.0,0.9099876695437731,0.9457459926017263,anchor_id,2000,201220,minus,,,,,,
initial_clipping_subset,initial_step_strict_unclipped,0.3,1,top_action,top_action_fraction,logger2_heavy,811,0.0036991368680641184,0.060745396506936625,0.0,0.0,0.0,0.0,0.0,1.0,0.0,0.008631319358816275,anchor_id,2000,201221,base,,,,,,
initial_clipping_subset,initial_step_strict_unclipped,0.3,1,top_action,top_action_fraction,logger2_heavy,811,0.06781750924784218,0.2515876427105527,0.0,0.0,0.0,0.0,0.0,1.0,0.05055487053020962,0.08631319358816276,anchor_id,2000,201222,plus,,,,,,
initial_clipping_subset,initial_step_strict_unclipped,0.3,1,top_action,top_action_fraction,do,811,0.9297163995067818,0.25578210917243505,1.0,1.0,1.0,1.0,1.0,1.0,0.91365598027127,0.9469790382244143,anchor_id,2000,201300,minus,,,,,,
initial_clipping_subset,initial_step_strict_unclipped,0.3,1,top_action,top_action_fraction,do,811,0.002466091245376079,0.04962909114907327,0.0,0.0,0.0,0.0,0.0,1.0,0.0,0.006165228113440197,anchor_id,2000,201301,base,,,,,,
initial_clipping_subset,initial_step_strict_unclipped,0.3,1,top_action,top_action_fraction,do,811,0.06781750924784218,0.2515876427105527,0.0,0.0,0.0,0.0,0.0,1.0,0.05055487053020962,0.08508014796547472,anchor_id,2000,201302,plus,,,,,,
initial_clipping_subset,initial_step_strict_unclipped,0.3,1,decision_scale,balanced_error_over_action_range,logger12_balanced,811,0.49312137831856717,,,,,,,,0.48588341760041737,0.5003213667167751,anchor_id,2000,201400,,0.0034282401261387556,0.006952122290516551,True,2000,,
initial_clipping_subset,initial_step_strict_unclipped,0.3,1,decision_scale,balanced_error_over_top_second_margin,logger12_balanced,811,1.0267101868158024,,,,,,,,1.0062519581653924,1.0474278824457297,anchor_id,2000,201401,,0.0034282401261387556,0.0033390533864000723,True,2000,811,
initial_clipping_subset,any_initial_clipping,0.3,1,decision_regret,decision_regret_best,logger1_heavy,1183,8.764835519480528e-06,6.156034661930983e-05,0.0,0.0,0.0,0.0,0.0,0.0008220496290372026,5.5747654559472184e-06,1.2319318063279805e-05,anchor_id,2000,202100,,,,,,,
initial_clipping_subset,any_initial_clipping,0.3,1,decision_regret,decision_regret_worst,logger1_heavy,1183,8.764835519480528e-06,6.156034661930983e-05,0.0,0.0,0.0,0.0,0.0,0.0008220496290372026,5.606706376980537e-06,1.2710624838406327e-05,anchor_id,2000,202101,,,,,,,
initial_clipping_subset,any_initial_clipping,0.3,1,top_action,top_action_fraction,logger1_heavy,1183,0.7717666948436179,0.41987127147370806,1.0,0.0,1.0,1.0,1.0,1.0,0.7480769230769231,0.7945900253592562,anchor_id,2000,202200,minus,,,,,,
initial_clipping_subset,any_initial_clipping,0.3,1,top_action,top_action_fraction,logger1_heavy,1183,0.1293322062552832,0.3357091799534633,0.0,0.0,0.0,0.0,1.0,1.0,0.11073541842772612,0.14877430262045646,anchor_id,2000,202201,base,,,,,,
initial_clipping_subset,any_initial_clipping,0.3,1,top_action,top_action_fraction,logger1_heavy,1183,0.0989010989010989,0.298655435059368,0.0,0.0,0.0,0.0,0.0,1.0,0.08199492814877431,0.11665257819103973,anchor_id,2000,202202,plus,,,,,,
initial_clipping_subset,any_initial_clipping,0.3,1,decision_regret,decision_regret_best,logger12_balanced,1183,7.878482812022258e-06,5.906118760417012e-05,0.0,0.0,0.0,0.0,0.0,0.0008220496290372026,4.897849477471812e-06,1.1478557428633001e-05,anchor_id,2000,202110,,,,,,,
initial_clipping_subset,any_initial_clipping,0.3,1,decision_regret,decision_regret_worst,logger12_balanced,1183,7.878482812022258e-06,5.906118760417012e-05,0.0,0.0,0.0,0.0,0.0,0.0008220496290372026,4.774963346060125e-06,1.1109868168541993e-05,anchor_id,2000,202111,,,,,,,
initial_clipping_subset,any_initial_clipping,0.3,1,top_action,top_action_fraction,logger12_balanced,1183,0.7709213863060017,0.4204176632601871,1.0,0.0,1.0,1.0,1.0,1.0,0.7472527472527473,0.7945900253592562,anchor_id,2000,202210,minus,,,,,,
initial_clipping_subset,any_initial_clipping,0.3,1,top_action,top_action_fraction,logger12_balanced,1183,0.1301775147928994,0.33664094495804414,0.0,0.0,0.0,0.0,1.0,1.0,0.11158072696534235,0.1496196111580727,anchor_id,2000,202211,base,,,,,,
initial_clipping_subset,any_initial_clipping,0.3,1,top_action,top_action_fraction,logger12_balanced,1183,0.0989010989010989,0.298655435059368,0.0,0.0,0.0,0.0,0.0,1.0,0.08199492814877431,0.1158072696534235,anchor_id,2000,202212,plus,,,,,,
initial_clipping_subset,any_initial_clipping,0.3,1,decision_regret,decision_regret_best,logger2_heavy,1183,4.92832383292524e-06,3.9663909005907834e-05,0.0,0.0,0.0,0.0,0.0,0.000607207070070892,2.7483167407220826e-06,7.355208321698452e-06,anchor_id,2000,202120,,,,,,,
initial_clipping_subset,any_initial_clipping,0.3,1,decision_regret,decision_regret_worst,logger2_heavy,1183,4.92832383292524e-06,3.9663909005907834e-05,0.0,0.0,0.0,0.0,0.0,0.000607207070070892,2.832326469183575e-06,7.392069626990955e-06,anchor_id,2000,202121,,,,,,,
initial_clipping_subset,any_initial_clipping,0.3,1,top_action,top_action_fraction,logger2_heavy,1183,0.7675401521555367,0.42257924280428893,1.0,0.0,1.0,1.0,1.0,1.0,0.7438503803888419,0.7912087912087912,anchor_id,2000,202220,minus,,,,,,
initial_clipping_subset,any_initial_clipping,0.3,1,top_action,top_action_fraction,logger2_heavy,1183,0.13186813186813187,0.3384904423324222,0.0,0.0,0.0,0.0,1.0,1.0,0.11158072696534235,0.15131022823330514,anchor_id,2000,202221,base,,,,,,
initial_clipping_subset,any_initial_clipping,0.3,1,top_action,top_action_fraction,logger2_heavy,1183,0.10059171597633136,0.30091454762709313,0.0,0.0,0.0,0.0,0.7999999999999545,1.0,0.08368554522400676,0.11749788672865596,anchor_id,2000,202222,plus,,,,,,
initial_clipping_subset,any_initial_clipping,0.3,1,top_action,top_action_fraction,do,1183,0.7489433643279797,0.4338044223190076,1.0,0.0,0.0,1.0,1.0,1.0,0.724429416737109,0.7734573119188504,anchor_id,2000,202300,minus,,,,,,
initial_clipping_subset,any_initial_clipping,0.3,1,top_action,top_action_fraction,do,1183,0.14623837700760778,0.35349447301409,0.0,0.0,0.0,0.0,1.0,1.0,0.12595097210481826,0.1665257819103973,anchor_id,2000,202301,base,,,,,,
initial_clipping_subset,any_initial_clipping,0.3,1,top_action,top_action_fraction,do,1183,0.10481825866441251,0.3064486496866408,0.0,0.0,0.0,0.0,1.0,1.0,0.08789095519864751,0.12256973795435334,anchor_id,2000,202302,plus,,,,,,
initial_clipping_subset,any_initial_clipping,0.3,1,decision_scale,balanced_error_over_action_range,logger12_balanced,1183,0.5182606587092939,,,,,,,,0.512350587456855,0.5242018881658495,anchor_id,2000,202400,,0.004092053884032534,0.0078957447671672,True,2000,,
initial_clipping_subset,any_initial_clipping,0.3,1,decision_scale,balanced_error_over_top_second_margin,logger12_balanced,1183,1.0959256846328125,,,,,,,,1.076075210309949,1.1174252006172347,anchor_id,2000,202401,,0.004092053884032534,0.003733878985967527,True,2000,1183,
initial_clipping_subset,all,0.3,5,decision_regret,decision_regret_best,logger1_heavy,1994,4.228840746467811e-05,0.00038878211984280913,0.0,0.0,0.0,0.0,0.0,0.009623544871015355,2.6578900224578782e-05,6.024631045142722e-05,anchor_id,2000,210100,,,,,,,
initial_clipping_subset,all,0.3,5,decision_regret,decision_regret_worst,logger1_heavy,1994,4.228840746467811e-05,0.00038878211984280913,0.0,0.0,0.0,0.0,0.0,0.009623544871015355,2.666444038280929e-05,6.103548101603396e-05,anchor_id,2000,210101,,,,,,,
initial_clipping_subset,all,0.3,5,top_action,top_action_fraction,logger1_heavy,1994,0.8219658976930793,0.38263740890554654,1.0,0.0,1.0,1.0,1.0,1.0,0.804914744232698,0.839518555667001,anchor_id,2000,210200,minus,,,,,,
initial_clipping_subset,all,0.3,5,top_action,top_action_fraction,logger1_heavy,1994,0.040621865596790374,0.19746210759816646,0.0,0.0,0.0,0.0,0.0,1.0,0.0320962888665998,0.04914744232698094,anchor_id,2000,210201,base,,,,,,
initial_clipping_subset,all,0.3,5,top_action,top_action_fraction,logger1_heavy,1994,0.1374122367101304,0.34436838868521585,0.0,0.0,0.0,0.0,1.0,1.0,0.12186559679037111,0.15245737211634905,anchor_id,2000,210202,plus,,,,,,
initial_clipping_subset,all,0.3,5,decision_regret,decision_regret_best,logger12_balanced,1994,3.4122077499787786e-05,0.0003619366732011899,0.0,0.0,0.0,0.0,0.0,0.009623544871015355,1.931848204582071e-05,5.133847561182765e-05,anchor_id,2000,210110,,,,,,,
initial_clipping_subset,all,0.3,5,decision_regret,decision_regret_worst,logger12_balanced,1994,3.4122077499787786e-05,0.0003619366732011899,0.0,0.0,0.0,0.0,0.0,0.009623544871015355,1.9816754169358966e-05,5.147730831233922e-05,anchor_id,2000,210111,,,,,,,
initial_clipping_subset,all,0.3,5,top_action,top_action_fraction,logger12_balanced,1994,0.8224674022066198,0.3822146495422542,1.0,0.0,1.0,1.0,1.0,1.0,0.8059052156469408,0.839518555667001,anchor_id,2000,210210,minus,,,,,,
initial_clipping_subset,all,0.3,5,top_action,top_action_fraction,logger12_balanced,1994,0.041123370110330994,0.19862533551679273,0.0,0.0,0.0,0.0,0.0,1.0,0.03259779338014042,0.04964894684052156,anchor_id,2000,210211,base,,,,,,
initial_clipping_subset,all,0.3,5,top_action,top_action_fraction,logger12_balanced,1994,0.13640922768304914,0.3433086920516857,0.0,0.0,0.0,0.0,1.0,1.0,0.12186559679037111,0.15195586760280844,anchor_id,2000,210212,plus,,,,,,
initial_clipping_subset,all,0.3,5,decision_regret,decision_regret_best,logger2_heavy,1994,2.7430649868858962e-05,0.00027444665983927574,0.0,0.0,0.0,0.0,0.0,0.006767997297657757,1.6660223219601548e-05,4.058408005862482e-05,anchor_id,2000,210120,,,,,,,
initial_clipping_subset,all,0.3,5,decision_regret,decision_regret_worst,logger2_heavy,1994,2.7430649868858962e-05,0.00027444665983927574,0.0,0.0,0.0,0.0,0.0,0.006767997297657757,1.6717431678489157e-05,4.0367797747129316e-05,anchor_id,2000,210121,,,,,,,
initial_clipping_subset,all,0.3,5,top_action,top_action_fraction,logger2_heavy,1994,0.8224674022066198,0.3822146495422542,1.0,0.0,1.0,1.0,1.0,1.0,0.8054162487462387,0.8405215646940822,anchor_id,2000,210220,minus,,,,,,
initial_clipping_subset,all,0.3,5,top_action,top_action_fraction,logger2_heavy,1994,0.04012036108324975,0.1962907045662553,0.0,0.0,0.0,0.0,0.0,1.0,0.03159478435305918,0.04864593781344032,anchor_id,2000,210221,base,,,,,,
initial_clipping_subset,all,0.3,5,top_action,top_action_fraction,logger2_heavy,1994,0.1374122367101304,0.3443683886852159,0.0,0.0,0.0,0.0,1.0,1.0,0.12186559679037111,0.15295887662988966,anchor_id,2000,210222,plus,,,,,,
initial_clipping_subset,all,0.3,5,top_action,top_action_fraction,do,1994,0.8294884653961886,0.3761759139434117,1.0,0.0,1.0,1.0,1.0,1.0,0.8129388164493481,0.8465396188565697,anchor_id,2000,210300,minus,,,,,,
initial_clipping_subset,all,0.3,5,top_action,top_action_fraction,do,1994,0.033099297893681046,0.17894075120849146,0.0,0.0,0.0,0.0,0.0,1.0,0.026078234704112337,0.041123370110330994,anchor_id,2000,210301,base,,,,,,
initial_clipping_subset,all,0.3,5,top_action,top_action_fraction,do,1994,0.1374122367101304,0.34436838868521585,0.0,0.0,0.0,0.0,1.0,1.0,0.12286860581745236,0.15195586760280844,anchor_id,2000,210302,plus,,,,,,
initial_clipping_subset,all,0.3,5,decision_scale,balanced_error_over_action_range,logger12_balanced,1994,0.5539370778033124,,,,,,,,0.544222248721768,0.5683359424053406,anchor_id,2000,210400,,0.020972433974570142,0.03786067915464014,True,2000,,
initial_clipping_subset,all,0.3,5,decision_scale,balanced_error_over_top_second_margin,logger12_balanced,1994,1.1565117532125215,,,,,,,,1.1322960578613988,1.1864853847581556,anchor_id,2000,210401,,0.020972433974570142,0.018134216030501707,True,2000,1994,
initial_clipping_subset,initial_step_strict_unclipped,0.3,5,decision_regret,decision_regret_best,logger1_heavy,811,5.30080482863355e-05,0.0004604403272198937,0.0,0.0,0.0,0.0,0.0,0.009623544871015355,2.555858056157848e-05,8.927794934609543e-05,anchor_id,2000,211100,,,,,,,
initial_clipping_subset,initial_step_strict_unclipped,0.3,5,decision_regret,decision_regret_worst,logger1_heavy,811,5.30080482863355e-05,0.0004604403272198937,0.0,0.0,0.0,0.0,0.0,0.009623544871015355,2.6241197577015477e-05,8.876748507844036e-05,anchor_id,2000,211101,,,,,,,
initial_clipping_subset,initial_step_strict_unclipped,0.3,5,top_action,top_action_fraction,logger1_heavy,811,0.8199753390875463,0.38444508591273036,1.0,0.0,1.0,1.0,1.0,1.0,0.7940813810110974,0.8471023427866831,anchor_id,2000,211200,minus,,,,,,
initial_clipping_subset,initial_step_strict_unclipped,0.3,5,top_action,top_action_fraction,logger1_heavy,811,0.025893958076448828,0.15891696286711146,0.0,0.0,0.0,0.0,0.0,1.0,0.016029593094944512,0.03822441430332922,anchor_id,2000,211201,base,,,,,,
initial_clipping_subset,initial_step_strict_unclipped,0.3,5,top_action,top_action_fraction,logger1_heavy,811,0.15413070283600494,0.36129681062087177,0.0,0.0,0.0,0.0,1.0,1.0,0.13067200986436497,0.17755856966707767,anchor_id,2000,211202,plus,,,,,,
initial_clipping_subset,initial_step_strict_unclipped,0.3,5,decision_regret,decision_regret_best,logger12_balanced,811,3.860903533474524e-05,0.0004206319454859139,0.0,0.0,0.0,0.0,0.0,0.009623544871015355,1.477168779275705e-05,7.107545944898199e-05,anchor_id,2000,211110,,,,,,,
initial_clipping_subset,initial_step_strict_unclipped,0.3,5,decision_regret,decision_regret_worst,logger12_balanced,811,3.860903533474524e-05,0.0004206319454859139,0.0,0.0,0.0,0.0,0.0,0.009623544871015355,1.5569806209913942e-05,7.145845499235291e-05,anchor_id,2000,211111,,,,,,,
initial_clipping_subset,initial_step_strict_unclipped,0.3,5,top_action,top_action_fraction,logger12_balanced,811,0.8212083847102343,0.38341418758080903,1.0,0.0,1.0,1.0,1.0,1.0,0.7953144266337855,0.8483353884093712,anchor_id,2000,211210,minus,,,,,,
initial_clipping_subset,initial_step_strict_unclipped,0.3,5,top_action,top_action_fraction,logger12_balanced,811,0.027127003699136867,0.16255371730797402,0.0,0.0,0.0,0.0,0.0,1.0,0.016029593094944512,0.03945745992601726,anchor_id,2000,211211,base,,,,,,
initial_clipping_subset,initial_step_strict_unclipped,0.3,5,top_action,top_action_fraction,logger12_balanced,811,0.15166461159062886,0.35891684234850696,0.0,0.0,0.0,0.0,1.0,1.0,0.1282059186189889,0.17632552404438964,anchor_id,2000,211212,plus,,,,,,
initial_clipping_subset,initial_step_strict_unclipped,0.3,5,decision_regret,decision_regret_best,logger2_heavy,811,2.2453075171157242e-05,0.00019995727716308974,0.0,0.0,0.0,0.0,0.0,0.00306905427535753,1.0063464485592128e-05,3.694628636177373e-05,anchor_id,2000,211120,,,,,,,
initial_clipping_subset,initial_step_strict_unclipped,0.3,5,decision_regret,decision_regret_worst,logger2_heavy,811,2.2453075171157242e-05,0.00019995727716308974,0.0,0.0,0.0,0.0,0.0,0.00306905427535753,1.0598889736638494e-05,3.766675465921869e-05,anchor_id,2000,211121,,,,,,,
initial_clipping_subset,initial_step_strict_unclipped,0.3,5,top_action,top_action_fraction,logger2_heavy,811,0.8224414303329223,0.3823765288782302,1.0,0.0,1.0,1.0,1.0,1.0,0.7965474722564735,0.8483353884093712,anchor_id,2000,211220,minus,,,,,,
initial_clipping_subset,initial_step_strict_unclipped,0.3,5,top_action,top_action_fraction,logger2_heavy,811,0.02342786683107275,0.1513514042490522,0.0,0.0,0.0,0.0,0.0,1.0,0.013563501849568433,0.0345252774352651,anchor_id,2000,211221,base,,,,,,
initial_clipping_subset,initial_step_strict_unclipped,0.3,5,top_action,top_action_fraction,logger2_heavy,811,0.15413070283600494,0.3612968106208717,0.0,0.0,0.0,0.0,1.0,1.0,0.13070283600493218,0.17879161528976573,anchor_id,2000,211222,plus,,,,,,
initial_clipping_subset,initial_step_strict_unclipped,0.3,5,top_action,top_action_fraction,do,811,0.8335388409371147,0.37272394631440814,1.0,0.0,1.0,1.0,1.0,1.0,0.8076448828606658,0.8594327990135635,anchor_id,2000,211300,minus,,,,,,
initial_clipping_subset,initial_step_strict_unclipped,0.3,5,top_action,top_action_fraction,do,811,0.02096177558569667,0.1433447446579083,0.0,0.0,0.0,0.0,0.0,1.0,0.012330456226880395,0.030826140567200986,anchor_id,2000,211301,base,,,,,,
initial_clipping_subset,initial_step_strict_unclipped,0.3,5,top_action,top_action_fraction,do,811,0.14549938347718866,0.35282120948692547,0.0,0.0,0.0,0.0,1.0,1.0,0.1220715166461159,0.1701911220715165,anchor_id,2000,211302,plus,,,,,,
initial_clipping_subset,initial_step_strict_unclipped,0.3,5,decision_scale,balanced_error_over_action_range,logger12_balanced,811,0.5416201800044305,,,,,,,,0.5329721082826381,0.5509287360759806,anchor_id,2000,211400,,0.017514039328264824,0.03233638622571552,True,2000,,
initial_clipping_subset,initial_step_strict_unclipped,0.3,5,decision_scale,balanced_error_over_top_second_margin,logger12_balanced,811,1.09701884245037,,,,,,,,1.0752272428625034,1.1215106528701653,anchor_id,2000,211401,,0.017514039328264824,0.015965121701232012,True,2000,811,
initial_clipping_subset,any_initial_clipping,0.3,5,decision_regret,decision_regret_best,logger1_heavy,1183,3.493960889632296e-05,0.0003308242839079303,0.0,0.0,0.0,0.0,0.0,0.006767997297657757,1.8917658290154526e-05,5.506563862546541e-05,anchor_id,2000,212100,,,,,,,
initial_clipping_subset,any_initial_clipping,0.3,5,decision_regret,decision_regret_worst,logger1_heavy,1183,3.493960889632296e-05,0.0003308242839079303,0.0,0.0,0.0,0.0,0.0,0.006767997297657757,1.7373967924922438e-05,5.492547284267647e-05,anchor_id,2000,212101,,,,,,,
initial_clipping_subset,any_initial_clipping,0.3,5,top_action,top_action_fraction,logger1_heavy,1183,0.8233305156382079,0.38155004657884567,1.0,0.0,1.0,1.0,1.0,1.0,0.8005071851225697,0.8444632290786137,anchor_id,2000,212200,minus,,,,,,
initial_clipping_subset,any_initial_clipping,0.3,5,top_action,top_action_fraction,logger1_heavy,1183,0.0507185122569738,0.21951509640661943,0.0,0.0,0.0,0.0,0.0,1.0,0.03803888419273035,0.06339814032121724,anchor_id,2000,212201,base,,,,,,
initial_clipping_subset,any_initial_clipping,0.3,5,top_action,top_action_fraction,logger1_heavy,1183,0.12595097210481826,0.3319344230645765,0.0,0.0,0.0,0.0,1.0,1.0,0.10650887573964497,0.14539306846999156,anchor_id,2000,212202,plus,,,,,,
initial_clipping_subset,any_initial_clipping,0.3,5,decision_regret,decision_regret_best,logger12_balanced,1183,3.104606498571298e-05,0.00031560848687133084,0.0,0.0,0.0,0.0,0.0,0.006767997297657757,1.5508807218247945e-05,5.132299329629458e-05,anchor_id,2000,212110,,,,,,,
initial_clipping_subset,any_initial_clipping,0.3,5,decision_regret,decision_regret_worst,logger12_balanced,1183,3.104606498571298e-05,0.00031560848687133084,0.0,0.0,0.0,0.0,0.0,0.006767997297657757,1.5105955962544237e-05,5.149539968326544e-05,anchor_id,2000,212111,,,,,,,
initial_clipping_subset,any_initial_clipping,0.3,5,top_action,top_action_fraction,logger12_balanced,1183,0.8233305156382079,0.3815500465788457,1.0,0.0,1.0,1.0,1.0,1.0,0.801352493660186,0.8461538461538461,anchor_id,2000,212210,minus,,,,,,
initial_clipping_subset,any_initial_clipping,0.3,5,top_action,top_action_fraction,logger12_balanced,1183,0.0507185122569738,0.21951509640661943,0.0,0.0,0.0,0.0,0.0,1.0,0.03888419273034658,0.06424344885883347,anchor_id,2000,212211,base,,,,,,
initial_clipping_subset,any_initial_clipping,0.3,5,top_action,top_action_fraction,logger12_balanced,1183,0.12595097210481826,0.3319344230645765,0.0,0.0,0.0,0.0,1.0,1.0,0.1073541842772612,0.1445477599323753,anchor_id,2000,212212,plus,,,,,,
initial_clipping_subset,any_initial_clipping,0.3,5,decision_regret,decision_regret_best,logger2_heavy,1183,3.084300243000528e-05,0.0003155510630680731,0.0,0.0,0.0,0.0,0.0,0.006767997297657757,1.5210410683916985e-05,5.015281301968298e-05,anchor_id,2000,212120,,,,,,,
initial_clipping_subset,any_initial_clipping,0.3,5,decision_regret,decision_regret_worst,logger2_heavy,1183,3.084300243000528e-05,0.0003155510630680731,0.0,0.0,0.0,0.0,0.0,0.006767997297657757,1.4902023080289257e-05,4.983187410659791e-05,anchor_id,2000,212121,,,,,,,
initial_clipping_subset,any_initial_clipping,0.3,5,top_action,top_action_fraction,logger2_heavy,1183,0.8224852071005917,0.3822653704486813,1.0,0.0,1.0,1.0,1.0,1.0,0.801352493660186,0.8444632290786137,anchor_id,2000,212220,minus,,,,,,
initial_clipping_subset,any_initial_clipping,0.3,5,top_action,top_action_fraction,logger2_heavy,1183,0.05156382079459002,0.22123826062048432,0.0,0.0,0.0,0.0,0.0,1.0,0.03888419273034658,0.06339814032121724,anchor_id,2000,212221,base,,,,,,
initial_clipping_subset,any_initial_clipping,0.3,5,top_action,top_action_fraction,logger2_heavy,1183,0.12595097210481826,0.3319344230645765,0.0,0.0,0.0,0.0,1.0,1.0,0.1073541842772612,0.14539306846999156,anchor_id,2000,212222,plus,,,,,,
initial_clipping_subset,any_initial_clipping,0.3,5,top_action,top_action_fraction,do,1183,0.8267117497886729,0.37865635267823705,1.0,0.0,1.0,1.0,1.0,1.0,0.8038884192730347,0.8469991546914624,anchor_id,2000,212300,minus,,,,,,
initial_clipping_subset,any_initial_clipping,0.3,5,top_action,top_action_fraction,do,1183,0.04142011834319527,0.19934413229520306,0.0,0.0,0.0,0.0,0.0,1.0,0.030431107354184278,0.05325443786982249,anchor_id,2000,212301,base,,,,,,
initial_clipping_subset,any_initial_clipping,0.3,5,top_action,top_action_fraction,do,1183,0.13186813186813187,0.3384904423324222,0.0,0.0,0.0,0.0,1.0,1.0,0.11242603550295859,0.15131022823330514,anchor_id,2000,212302,plus,,,,,,
initial_clipping_subset,any_initial_clipping,0.3,5,decision_scale,balanced_error_over_action_range,logger12_balanced,1183,0.5604930414110317,,,,,,,,0.5461232591305082,0.5797394286929292,anchor_id,2000,212400,,0.023343319907075312,0.04164783178807876,True,2000,,
initial_clipping_subset,any_initial_clipping,0.3,5,decision_scale,balanced_error_over_top_second_margin,logger12_balanced,1183,1.189697177160518,,,,,,,,1.1565499201439393,1.2342558676920115,anchor_id,2000,212401,,0.023343319907075312,0.0196212282883527,True,2000,1183,
initial_clipping_subset,all,0.3,20,decision_regret,decision_regret_best,logger1_heavy,1994,9.48830861839254e-05,0.0013950896663594912,0.0,0.0,0.0,0.0,0.0,0.04302183127171588,4.254772291284754e-05,0.00016730367752791842,anchor_id,2000,220100,,,,,,,
initial_clipping_subset,all,0.3,20,decision_regret,decision_regret_worst,logger1_heavy,1994,9.48830861839254e-05,0.0013950896663594912,0.0,0.0,0.0,0.0,0.0,0.04302183127171588,4.3340466354747444e-05,0.00016496762528033982,anchor_id,2000,220101,,,,,,,
initial_clipping_subset,all,0.3,20,top_action,top_action_fraction,logger1_heavy,1994,0.7417251755265798,0.43779568340668645,1.0,0.0,0.0,1.0,1.0,1.0,0.7216649949849548,0.7607823470411234,anchor_id,2000,220200,minus,,,,,,
initial_clipping_subset,all,0.3,20,top_action,top_action_fraction,logger1_heavy,1994,0.025075225677031094,0.1563928543610847,0.0,0.0,0.0,0.0,0.0,1.0,0.018555667001003008,0.0320962888665998,anchor_id,2000,220201,base,,,,,,
initial_clipping_subset,all,0.3,20,top_action,top_action_fraction,logger1_heavy,1994,0.23319959879638916,0.42297431212824343,0.0,0.0,0.0,0.0,1.0,1.0,0.21464393179538616,0.2512537612838516,anchor_id,2000,220202,plus,,,,,,
initial_clipping_subset,all,0.3,20,decision_regret,decision_regret_best,logger12_balanced,1994,8.348643997328654e-05,0.0013639530277966725,0.0,0.0,0.0,0.0,0.0,0.04302183127171588,3.294361413086976e-05,0.00015280873338972782,anchor_id,2000,220110,,,,,,,
initial_clipping_subset,all,0.3,20,decision_regret,decision_regret_worst,logger12_balanced,1994,8.348643997328654e-05,0.0013639530277966725,0.0,0.0,0.0,0.0,0.0,0.04302183127171588,3.451971234732127e-05,0.00014792335691766946,anchor_id,2000,220111,,,,,,,
initial_clipping_subset,all,0.3,20,top_action,top_action_fraction,logger12_balanced,1994,0.7417251755265798,0.43779568340668645,1.0,0.0,0.0,1.0,1.0,1.0,0.7231695085255767,0.7607948846539618,anchor_id,2000,220210,minus,,,,,,
initial_clipping_subset,all,0.3,20,top_action,top_action_fraction,logger12_balanced,1994,0.025075225677031094,0.1563928543610847,0.0,0.0,0.0,0.0,0.0,1.0,0.018555667001003008,0.0320962888665998,anchor_id,2000,220211,base,,,,,,
initial_clipping_subset,all,0.3,20,top_action,top_action_fraction,logger12_balanced,1994,0.23319959879638916,0.42297431212824343,0.0,0.0,0.0,0.0,1.0,1.0,0.21464393179538616,0.2522567703109328,anchor_id,2000,220212,plus,,,,,,
initial_clipping_subset,all,0.3,20,decision_regret,decision_regret_best,logger2_heavy,1994,7.984459907314892e-05,0.0013586837739829145,0.0,0.0,0.0,0.0,0.0,0.04302183127171588,2.993747475905276e-05,0.00015228403231353648,anchor_id,2000,220120,,,,,,,
initial_clipping_subset,all,0.3,20,decision_regret,decision_regret_worst,logger2_heavy,1994,7.984459907314892e-05,0.0013586837739829145,0.0,0.0,0.0,0.0,0.0,0.04302183127171588,3.0105120964426214e-05,0.00015136302884441127,anchor_id,2000,220121,,,,,,,
initial_clipping_subset,all,0.3,20,top_action,top_action_fraction,logger2_heavy,1994,0.7402206619859579,0.43862343561225975,1.0,0.0,0.0,1.0,1.0,1.0,0.7211634904714143,0.7587763289869609,anchor_id,2000,220220,minus,,,,,,
initial_clipping_subset,all,0.3,20,top_action,top_action_fraction,logger2_heavy,1994,0.025576730190571714,0.15790841051549714,0.0,0.0,0.0,0.0,0.0,1.0,0.01905717151454363,0.03259779338014042,anchor_id,2000,220221,base,,,,,,
initial_clipping_subset,all,0.3,20,top_action,top_action_fraction,logger2_heavy,1994,0.2342026078234704,0.423605638717494,0.0,0.0,0.0,0.0,1.0,1.0,0.21614844533600802,0.25376128385155466,anchor_id,2000,220222,plus,,,,,,
initial_clipping_subset,all,0.3,20,top_action,top_action_fraction,do,1994,0.7447342026078235,0.436119887773398,1.0,0.0,0.0,1.0,1.0,1.0,0.7256644934804414,0.7632898696088265,anchor_id,2000,220300,minus,,,,,,
initial_clipping_subset,all,0.3,20,top_action,top_action_fraction,do,1994,0.022066198595787363,0.14693573089087694,0.0,0.0,0.0,0.0,0.0,1.0,0.015546639919759278,0.028585757271815445,anchor_id,2000,220301,base,,,,,,
initial_clipping_subset,all,0.3,20,top_action,top_action_fraction,do,1994,0.23319959879638916,0.42297431212824343,0.0,0.0,0.0,0.0,1.0,1.0,0.21514543630892677,0.25175526579739216,anchor_id,2000,220302,plus,,,,,,
initial_clipping_subset,all,0.3,20,decision_scale,balanced_error_over_action_range,logger12_balanced,1994,0.5364659346667054,,,,,,,,0.5248823842216795,0.5501267353936744,anchor_id,2000,220400,,0.03188018825841175,0.05942630500521569,True,2000,,
initial_clipping_subset,all,0.3,20,decision_scale,balanced_error_over_top_second_margin,logger12_balanced,1994,1.056959464855048,,,,,,,,1.014494006342509,1.0950429381560738,anchor_id,2000,220401,,0.03188018825841175,0.03016216734743353,True,2000,1994,
initial_clipping_subset,initial_step_strict_unclipped,0.3,20,decision_regret,decision_regret_best,logger1_heavy,811,4.18365928320098e-05,0.0004843528513358772,0.0,0.0,0.0,0.0,0.0,0.008448410409215512,1.2768540342675515e-05,8.042711613329797e-05,anchor_id,2000,221100,,,,,,,
initial_clipping_subset,initial_step_strict_unclipped,0.3,20,decision_regret,decision_regret_worst,logger1_heavy,811,4.18365928320098e-05,0.0004843528513358772,0.0,0.0,0.0,0.0,0.0,0.008448410409215512,1.3900361970027245e-05,7.997406178284565e-05,anchor_id,2000,221101,,,,,,,
initial_clipping_subset,initial_step_strict_unclipped,0.3,20,top_action,top_action_fraction,logger1_heavy,811,0.7213316892725031,0.4486206043379256,1.0,0.0,0.0,1.0,1.0,1.0,0.690474722564735,0.749691738594328,anchor_id,2000,221200,minus,,,,,,
initial_clipping_subset,initial_step_strict_unclipped,0.3,20,top_action,top_action_fraction,logger1_heavy,811,0.014796547472256474,0.12081227878040673,0.0,0.0,0.0,0.0,0.0,1.0,0.007398273736128237,0.02342786683107275,anchor_id,2000,221201,base,,,,,,
initial_clipping_subset,initial_step_strict_unclipped,0.3,20,top_action,top_action_fraction,logger1_heavy,811,0.2638717632552404,0.4410025652390028,0.0,0.0,0.0,1.0,1.0,1.0,0.2342786683107275,0.2934648581997534,anchor_id,2000,221202,plus,,,,,,
initial_clipping_subset,initial_step_strict_unclipped,0.3,20,decision_regret,decision_regret_best,logger12_balanced,811,3.141931735825455e-05,0.0003837234441294098,0.0,0.0,0.0,0.0,0.0,0.007116174069111025,8.812460559918761e-06,5.718445906577328e-05,anchor_id,2000,221110,,,,,,,
initial_clipping_subset,initial_step_strict_unclipped,0.3,20,decision_regret,decision_regret_worst,logger12_balanced,811,3.141931735825455e-05,0.0003837234441294098,0.0,0.0,0.0,0.0,0.0,0.007116174069111025,7.95139943074038e-06,6.0328152824528086e-05,anchor_id,2000,221111,,,,,,,
initial_clipping_subset,initial_step_strict_unclipped,0.3,20,top_action,top_action_fraction,logger12_balanced,811,0.7213316892725031,0.4486206043379256,1.0,0.0,0.0,1.0,1.0,1.0,0.6917385943279901,0.752157829839704,anchor_id,2000,221210,minus,,,,,,
initial_clipping_subset,initial_step_strict_unclipped,0.3,20,top_action,top_action_fraction,logger12_balanced,811,0.016029593094944512,0.125666692650384,0.0,0.0,0.0,0.0,0.0,1.0,0.008600493218249076,0.02466091245376079,anchor_id,2000,221211,base,,,,,,
initial_clipping_subset,initial_step_strict_unclipped,0.3,20,top_action,top_action_fraction,logger12_balanced,811,0.2626387176325524,0.44033930960739126,0.0,0.0,0.0,1.0,1.0,1.0,0.23304562268803947,0.2934648581997534,anchor_id,2000,221212,plus,,,,,,
initial_clipping_subset,initial_step_strict_unclipped,0.3,20,decision_regret,decision_regret_best,logger2_heavy,811,3.0727424026330716e-05,0.0003835233954775772,0.0,0.0,0.0,0.0,0.0,0.007116174069111025,8.730099966600298e-06,5.951961553143539e-05,anchor_id,2000,221120,,,,,,,
initial_clipping_subset,initial_step_strict_unclipped,0.3,20,decision_regret,decision_regret_worst,logger2_heavy,811,3.0727424026330716e-05,0.0003835233954775772,0.0,0.0,0.0,0.0,0.0,0.007116174069111025,8.519437958086e-06,6.18025242405333e-05,anchor_id,2000,221121,,,,,,,
initial_clipping_subset,initial_step_strict_unclipped,0.3,20,top_action,top_action_fraction,logger2_heavy,811,0.720098643649815,0.44922758414436526,1.0,0.0,0.0,1.0,1.0,1.0,0.689272503082614,0.752157829839704,anchor_id,2000,221220,minus,,,,,,
initial_clipping_subset,initial_step_strict_unclipped,0.3,20,top_action,top_action_fraction,logger2_heavy,811,0.016029593094944512,0.125666692650384,0.0,0.0,0.0,0.0,0.0,1.0,0.007398273736128237,0.02469173859432782,anchor_id,2000,221221,base,,,,,,
initial_clipping_subset,initial_step_strict_unclipped,0.3,20,top_action,top_action_fraction,logger2_heavy,811,0.2638717632552404,0.4410025652390028,0.0,0.0,0.0,1.0,1.0,1.0,0.2342786683107275,0.29469790382244143,anchor_id,2000,221222,plus,,,,,,
initial_clipping_subset,initial_step_strict_unclipped,0.3,20,top_action,top_action_fraction,do,811,0.7237977805178791,0.4473939667965271,1.0,0.0,0.0,1.0,1.0,1.0,0.6942046855733662,0.7546239210850801,anchor_id,2000,221300,minus,,,,,,
initial_clipping_subset,initial_step_strict_unclipped,0.3,20,top_action,top_action_fraction,do,811,0.016029593094944512,0.125666692650384,0.0,0.0,0.0,0.0,0.0,1.0,0.007398273736128237,0.025893958076448828,anchor_id,2000,221301,base,,,,,,
initial_clipping_subset,initial_step_strict_unclipped,0.3,20,top_action,top_action_fraction,do,811,0.2601726263871763,0.4389993895103967,0.0,0.0,0.0,1.0,1.0,1.0,0.23057953144266338,0.2909987669543773,anchor_id,2000,221302,plus,,,,,,
initial_clipping_subset,initial_step_strict_unclipped,0.3,20,decision_scale,balanced_error_over_action_range,logger12_balanced,811,0.5088153241861914,,,,,,,,0.5008393937927414,0.5172347208642875,anchor_id,2000,221400,,0.02729901245773687,0.053652103543460325,True,2000,,
initial_clipping_subset,initial_step_strict_unclipped,0.3,20,decision_scale,balanced_error_over_top_second_margin,logger12_balanced,811,1.031644507700228,,,,,,,,1.0107698801718563,1.0545616052256894,anchor_id,2000,221401,,0.02729901245773687,0.026461646675745524,True,2000,811,
initial_clipping_subset,any_initial_clipping,0.3,20,decision_regret,decision_regret_best,logger1_heavy,1183,0.00013124885635163762,0.00176568525997749,0.0,0.0,0.0,0.0,0.0,0.04302183127171588,4.427591073030553e-05,0.0002418156966016479,anchor_id,2000,222100,,,,,,,
initial_clipping_subset,any_initial_clipping,0.3,20,decision_regret,decision_regret_worst,logger1_heavy,1183,0.00013124885635163762,0.00176568525997749,0.0,0.0,0.0,0.0,0.0,0.04302183127171588,4.444120513811198e-05,0.0002490565616732832,anchor_id,2000,222101,,,,,,,
initial_clipping_subset,any_initial_clipping,0.3,20,top_action,top_action_fraction,logger1_heavy,1183,0.7557058326289096,0.4298496428087436,1.0,0.0,1.0,1.0,1.0,1.0,0.7311918850380389,0.779374471682164,anchor_id,2000,222200,minus,,,,,,
initial_clipping_subset,any_initial_clipping,0.3,20,top_action,top_action_fraction,logger1_heavy,1183,0.032121724429416736,0.17639790831316768,0.0,0.0,0.0,0.0,0.0,1.0,0.02197802197802198,0.042265426880811495,anchor_id,2000,222201,base,,,,,,
initial_clipping_subset,any_initial_clipping,0.3,20,top_action,top_action_fraction,logger1_heavy,1183,0.2121724429416737,0.4090192107213548,0.0,0.0,0.0,0.0,1.0,1.0,0.19019442096365174,0.23584108199492815,anchor_id,2000,222202,plus,,,,,,
initial_clipping_subset,any_initial_clipping,0.3,20,decision_regret,decision_regret_best,logger12_balanced,1183,0.00011918080720979622,0.001741486400532348,0.0,0.0,0.0,0.0,0.0,0.04302183127171588,3.718313551382986e-05,0.0002381688729009494,anchor_id,2000,222110,,,,,,,
initial_clipping_subset,any_initial_clipping,0.3,20,decision_regret,decision_regret_worst,logger12_balanced,1183,0.00011918080720979622,0.001741486400532348,0.0,0.0,0.0,0.0,0.0,0.04302183127171588,3.78327300000936e-05,0.0002341004359054197,anchor_id,2000,222111,,,,,,,
initial_clipping_subset,any_initial_clipping,0.3,20,top_action,top_action_fraction,logger12_balanced,1183,0.7557058326289096,0.4298496428087436,1.0,0.0,1.0,1.0,1.0,1.0,0.7311918850380389,0.7819103972950127,anchor_id,2000,222210,minus,,,,,,
initial_clipping_subset,any_initial_clipping,0.3,20,top_action,top_action_fraction,logger12_balanced,1183,0.03127641589180051,0.17413740177551282,0.0,0.0,0.0,0.0,0.0,1.0,0.02197802197802198,0.04142011834319527,anchor_id,2000,222211,base,,,,,,
initial_clipping_subset,any_initial_clipping,0.3,20,top_action,top_action_fraction,logger12_balanced,1183,0.21301775147928995,0.40961325351008343,0.0,0.0,0.0,0.0,1.0,1.0,0.18850380388841928,0.23670752324598465,anchor_id,2000,222212,plus,,,,,,
initial_clipping_subset,any_initial_clipping,0.3,20,decision_regret,decision_regret_best,logger2_heavy,1183,0.00011351664384319927,0.0017346572188177269,0.0,0.0,0.0,0.0,0.0,0.04302183127171588,2.97143177936192e-05,0.00022855944669013972,anchor_id,2000,222120,,,,,,,
initial_clipping_subset,any_initial_clipping,0.3,20,decision_regret,decision_regret_worst,logger2_heavy,1183,0.00011351664384319927,0.0017346572188177269,0.0,0.0,0.0,0.0,0.0,0.04302183127171588,2.9585481805400446e-05,0.0002190244879241439,anchor_id,2000,222121,,,,,,,
initial_clipping_subset,any_initial_clipping,0.3,20,top_action,top_action_fraction,logger2_heavy,1183,0.7540152155536771,0.4308517002235804,1.0,0.0,1.0,1.0,1.0,1.0,0.7303465765004227,0.779374471682164,anchor_id,2000,222220,minus,,,,,,
initial_clipping_subset,any_initial_clipping,0.3,20,top_action,top_action_fraction,logger2_heavy,1183,0.032121724429416736,0.1763979083131677,0.0,0.0,0.0,0.0,0.0,1.0,0.022802197802197804,0.04311073541842773,anchor_id,2000,222221,base,,,,,,
initial_clipping_subset,any_initial_clipping,0.3,20,top_action,top_action_fraction,logger2_heavy,1183,0.21386306001690616,0.41020469263651477,0.0,0.0,0.0,0.0,1.0,1.0,0.19186390532544378,0.23670752324598465,anchor_id,2000,222222,plus,,,,,,
initial_clipping_subset,any_initial_clipping,0.3,20,top_action,top_action_fraction,do,1183,0.7590870667793744,0.427818428158704,1.0,0.0,1.0,1.0,1.0,1.0,0.7337278106508875,0.781931530008453,anchor_id,2000,222300,minus,,,,,,
initial_clipping_subset,any_initial_clipping,0.3,20,top_action,top_action_fraction,do,1183,0.026204564666103127,0.15981074492143563,0.0,0.0,0.0,0.0,0.0,1.0,0.01775147928994083,0.03550295857988166,anchor_id,2000,222301,base,,,,,,
initial_clipping_subset,any_initial_clipping,0.3,20,top_action,top_action_fraction,do,1183,0.2147083685545224,0.41079353934650087,0.0,0.0,0.0,0.0,1.0,1.0,0.19103972950126796,0.2375316990701606,anchor_id,2000,222302,plus,,,,,,
initial_clipping_subset,any_initial_clipping,0.3,20,decision_scale,balanced_error_over_action_range,logger12_balanced,1183,0.5525110407247675,,,,,,,,0.5352075356908603,0.5729206881451119,anchor_id,2000,222400,,0.035020791448899774,0.06338478123977494,True,2000,,
initial_clipping_subset,any_initial_clipping,0.3,20,decision_scale,balanced_error_over_top_second_margin,logger12_balanced,1183,1.0710036048033467,,,,,,,,1.01153690888287,1.1281069671424255,anchor_id,2000,222401,,0.035020791448899774,0.03269904162024753,True,2000,1183,
initial_clipping_subset,all,0.3,50,decision_regret,decision_regret_best,logger1_heavy,1994,0.0012402970674028728,0.024020385939399355,0.0,0.0,0.0,0.0,0.0,0.9573954210761713,0.0004134020631166031,0.00245959602379334,anchor_id,2000,230100,,,,,,,
initial_clipping_subset,all,0.3,50,decision_regret,decision_regret_worst,logger1_heavy,1994,0.0012402970674028728,0.024020385939399355,0.0,0.0,0.0,0.0,0.0,0.9573954210761713,0.0004290034644292857,0.002523020844223264,anchor_id,2000,230101,,,,,,,
initial_clipping_subset,all,0.3,50,top_action,top_action_fraction,logger1_heavy,1994,0.6374122367101304,0.4808678009783711,1.0,0.0,0.0,1.0,1.0,1.0,0.6158475426278837,0.6579739217652959,anchor_id,2000,230200,minus,,,,,,
initial_clipping_subset,all,0.3,50,top_action,top_action_fraction,logger1_heavy,1994,0.04212637913741224,0.2009278329535823,0.0,0.0,0.0,0.0,0.0,1.0,0.033600802407221665,0.051654964894684054,anchor_id,2000,230201,base,,,,,,
initial_clipping_subset,all,0.3,50,top_action,top_action_fraction,logger1_heavy,1994,0.3204613841524574,0.4667709832359533,0.0,0.0,0.0,1.0,1.0,1.0,0.30090270812437314,0.3415245737211635,anchor_id,2000,230202,plus,,,,,,
initial_clipping_subset,all,0.3,50,decision_regret,decision_regret_best,logger12_balanced,1994,0.0012204452664873865,0.02401853356196489,0.0,0.0,0.0,0.0,0.0,0.9573954210761713,0.00040857290209072916,0.0023960281930906443,anchor_id,2000,230110,,,,,,,
initial_clipping_subset,all,0.3,50,decision_regret,decision_regret_worst,logger12_balanced,1994,0.0012207269616628992,0.024018522534980716,0.0,0.0,0.0,0.0,0.0,0.9573954210761713,0.0004244451773715906,0.0023621645022753584,anchor_id,2000,230111,,,,,,,
initial_clipping_subset,all,0.3,50,top_action,top_action_fraction,logger12_balanced,1994,0.6359077231695085,0.48129539986091396,1.0,0.0,0.0,1.0,1.0,1.0,0.6158475426278837,0.6564819458375125,anchor_id,2000,230210,minus,,,,,,
initial_clipping_subset,all,0.3,50,top_action,top_action_fraction,logger12_balanced,1994,0.04262788365095286,0.20206737547075293,0.0,0.0,0.0,0.0,0.0,1.0,0.034102306920762285,0.05215646940822467,anchor_id,2000,230211,base,,,,,,
initial_clipping_subset,all,0.3,50,top_action,top_action_fraction,logger12_balanced,1994,0.32196589769307926,0.46734718755817545,0.0,0.0,0.0,1.0,1.0,1.0,0.30190571715145437,0.34252758274824474,anchor_id,2000,230212,plus,,,,,,
initial_clipping_subset,all,0.3,50,decision_regret,decision_regret_best,logger2_heavy,1994,0.0010633045244548135,0.02374842350473227,0.0,0.0,0.0,0.0,0.0,0.9573954210761713,0.0002637639643878766,0.002303401299279332,anchor_id,2000,230120,,,,,,,
initial_clipping_subset,all,0.3,50,decision_regret,decision_regret_worst,logger2_heavy,1994,0.0010633045244548135,0.02374842350473227,0.0,0.0,0.0,0.0,0.0,0.9573954210761713,0.0002776759057404763,0.002330012429701043,anchor_id,2000,230121,,,,,,,
initial_clipping_subset,all,0.3,50,top_action,top_action_fraction,logger2_heavy,1994,0.6334002006018055,0.48199678054688433,1.0,0.0,0.0,1.0,1.0,1.0,0.6118355065195586,0.6539618856569709,anchor_id,2000,230220,minus,,,,,,
initial_clipping_subset,all,0.3,50,top_action,top_action_fraction,logger2_heavy,1994,0.04663991975927784,0.21091929273863583,0.0,0.0,0.0,0.0,0.0,1.0,0.037111334002006016,0.05567953861584747,anchor_id,2000,230221,base,,,,,,
initial_clipping_subset,all,0.3,50,top_action,top_action_fraction,logger2_heavy,1994,0.31995987963891676,0.4665776783666473,0.0,0.0,0.0,1.0,1.0,1.0,0.29889669007021064,0.33901705115346037,anchor_id,2000,230222,plus,,,,,,
initial_clipping_subset,all,0.3,50,top_action,top_action_fraction,do,1994,0.6218655967903711,0.4850430534115397,1.0,0.0,0.0,1.0,1.0,1.0,0.600802407221665,0.6429287863590772,anchor_id,2000,230300,minus,,,,,,
initial_clipping_subset,all,0.3,50,top_action,top_action_fraction,do,1994,0.06619859578736209,0.24869129142884763,0.0,0.0,0.0,0.0,0.0,1.0,0.055165496489468405,0.07724423269809422,anchor_id,2000,230301,base,,,,,,
initial_clipping_subset,all,0.3,50,top_action,top_action_fraction,do,1994,0.3119358074222668,0.4633999917186143,0.0,0.0,0.0,1.0,1.0,1.0,0.29237713139418253,0.3329989969909729,anchor_id,2000,230302,plus,,,,,,
initial_clipping_subset,all,0.3,50,decision_scale,balanced_error_over_action_range,logger12_balanced,1994,0.5446415051142021,,,,,,,,0.5211731924343557,0.571860681849833,anchor_id,2000,230400,,0.06647169756069897,0.12204669849162704,True,2000,,
initial_clipping_subset,all,0.3,50,decision_scale,balanced_error_over_top_second_margin,logger12_balanced,1994,1.029498354318876,,,,,,,,0.9257516534869844,1.1338046904992816,anchor_id,2000,230401,,0.06647169756069897,0.0645670751020065,True,2000,1994,
initial_clipping_subset,initial_step_strict_unclipped,0.3,50,decision_regret,decision_regret_best,logger1_heavy,811,0.0005851135177993941,0.008920886040840396,0.0,0.0,0.0,0.0,0.0,0.24071057424924902,0.00015923860263814975,0.001270850581643154,anchor_id,2000,231100,,,,,,,
initial_clipping_subset,initial_step_strict_unclipped,0.3,50,decision_regret,decision_regret_worst,logger1_heavy,811,0.0005851135177993941,0.008920886040840396,0.0,0.0,0.0,0.0,0.0,0.24071057424924902,0.0001509820208069389,0.0013704041143682735,anchor_id,2000,231101,,,,,,,
initial_clipping_subset,initial_step_strict_unclipped,0.3,50,top_action,top_action_fraction,logger1_heavy,811,0.5819975339087546,0.49353494878571996,1.0,0.0,0.0,1.0,1.0,1.0,0.5487053020961775,0.6152897657213316,anchor_id,2000,231200,minus,,,,,,
initial_clipping_subset,initial_step_strict_unclipped,0.3,50,top_action,top_action_fraction,logger1_heavy,811,0.0345252774352651,0.18268671230850264,0.0,0.0,0.0,0.0,0.0,1.0,0.02219482120838471,0.0468557336621455,anchor_id,2000,231201,base,,,,,,
initial_clipping_subset,initial_step_strict_unclipped,0.3,50,top_action,top_action_fraction,logger1_heavy,811,0.3834771886559803,0.48653295262003887,0.0,0.0,0.0,1.0,1.0,1.0,0.35018495684340323,0.41676942046855736,anchor_id,2000,231202,plus,,,,,,
initial_clipping_subset,initial_step_strict_unclipped,0.3,50,decision_regret,decision_regret_best,logger12_balanced,811,0.0005795941630176876,0.00892016462720106,0.0,0.0,0.0,0.0,0.0,0.24071057424924902,0.0001571996644725595,0.0013024847700612518,anchor_id,2000,231110,,,,,,,
initial_clipping_subset,initial_step_strict_unclipped,0.3,50,decision_regret,decision_regret_worst,logger12_balanced,811,0.0005802867649658651,0.008920141375770607,0.0,0.0,0.0,0.0,0.0,0.24071057424924902,0.0001528852262775699,0.001317672914886441,anchor_id,2000,231111,,,,,,,
initial_clipping_subset,initial_step_strict_unclipped,0.3,50,top_action,top_action_fraction,logger12_balanced,811,0.5832305795314426,0.4933282480739254,1.0,0.0,0.0,1.0,1.0,1.0,0.5474722564734895,0.6177558569667078,anchor_id,2000,231210,minus,,,,,,
initial_clipping_subset,initial_step_strict_unclipped,0.3,50,top_action,top_action_fraction,logger12_balanced,811,0.035758323057953144,0.18580159546724037,0.0,0.0,0.0,0.0,0.0,1.0,0.02342786683107275,0.04932182490752158,anchor_id,2000,231211,base,,,,,,
initial_clipping_subset,initial_step_strict_unclipped,0.3,50,top_action,top_action_fraction,logger12_balanced,811,0.38224414303329224,0.48623562298677026,0.0,0.0,0.0,1.0,1.0,1.0,0.3477188655980271,0.41676942046855736,anchor_id,2000,231212,plus,,,,,,
initial_clipping_subset,initial_step_strict_unclipped,0.3,50,decision_regret,decision_regret_best,logger2_heavy,811,0.00048623998135489786,0.008732388624920111,0.0,0.0,0.0,0.0,0.0,0.24071057424924902,8.680031893714001e-05,0.0012154096100127812,anchor_id,2000,231120,,,,,,,
initial_clipping_subset,initial_step_strict_unclipped,0.3,50,decision_regret,decision_regret_worst,logger2_heavy,811,0.00048623998135489786,0.008732388624920111,0.0,0.0,0.0,0.0,0.0,0.24071057424924902,8.244053505784069e-05,0.0012100482223229621,anchor_id,2000,231121,,,,,,,
initial_clipping_subset,initial_step_strict_unclipped,0.3,50,top_action,top_action_fraction,logger2_heavy,811,0.5770653514180024,0.4943300935639382,1.0,0.0,0.0,1.0,1.0,1.0,0.5450061652281134,0.6116214549938346,anchor_id,2000,231220,minus,,,,,,
initial_clipping_subset,initial_step_strict_unclipped,0.3,50,top_action,top_action_fraction,logger2_heavy,811,0.03945745992601726,0.194800820346992,0.0,0.0,0.0,0.0,0.0,1.0,0.025893958076448828,0.0530209617755857,anchor_id,2000,231221,base,,,,,,
initial_clipping_subset,initial_step_strict_unclipped,0.3,50,top_action,top_action_fraction,logger2_heavy,811,0.3834771886559803,0.48653295262003887,0.0,0.0,0.0,1.0,1.0,1.0,0.35018495684340323,0.41800246609124536,anchor_id,2000,231222,plus,,,,,,
initial_clipping_subset,initial_step_strict_unclipped,0.3,50,top_action,top_action_fraction,do,811,0.5770653514180024,0.4943300935639382,1.0,0.0,0.0,1.0,1.0,1.0,0.5437422934648583,0.6103575832305795,anchor_id,2000,231300,minus,,,,,,
initial_clipping_subset,initial_step_strict_unclipped,0.3,50,top_action,top_action_fraction,do,811,0.04932182490752158,0.21667272642152544,0.0,0.0,0.0,0.0,0.0,1.0,0.0345252774352651,0.06535141800246609,anchor_id,2000,231301,base,,,,,,
initial_clipping_subset,initial_step_strict_unclipped,0.3,50,top_action,top_action_fraction,do,811,0.37361282367447596,0.48406115625594676,0.0,0.0,0.0,1.0,1.0,1.0,0.3403205918618989,0.4081381011097411,anchor_id,2000,231302,plus,,,,,,
initial_clipping_subset,initial_step_strict_unclipped,0.3,50,decision_scale,balanced_error_over_action_range,logger12_balanced,811,0.5014240288690077,,,,,,,,0.46067335505359314,0.5452211043399995,anchor_id,2000,231400,,0.05000624401402605,0.09972845562829959,True,2000,,
initial_clipping_subset,initial_step_strict_unclipped,0.3,50,decision_scale,balanced_error_over_top_second_margin,logger12_balanced,811,1.0097062139109894,,,,,,,,0.9046223093056586,1.1397948384375596,anchor_id,2000,231401,,0.05000624401402605,0.049525538542871984,True,2000,811,
initial_clipping_subset,any_initial_clipping,0.3,50,decision_regret,decision_regret_best,logger1_heavy,1183,0.0016894550206813354,0.030295647612709878,0.0,0.0,0.0,0.0,0.0,0.9573954210761713,0.00041302716809347306,0.003707463967897768,anchor_id,2000,232100,,,,,,,
initial_clipping_subset,any_initial_clipping,0.3,50,decision_regret,decision_regret_worst,logger1_heavy,1183,0.0016894550206813354,0.030295647612709878,0.0,0.0,0.0,0.0,0.0,0.9573954210761713,0.00041697062210841916,0.003665390618031041,anchor_id,2000,232101,,,,,,,
initial_clipping_subset,any_initial_clipping,0.3,50,top_action,top_action_fraction,logger1_heavy,1183,0.6754015215553677,0.46842265493089164,1.0,0.0,0.0,1.0,1.0,1.0,0.6483516483516484,0.702451394759087,anchor_id,2000,232200,minus,,,,,,
initial_clipping_subset,any_initial_clipping,0.3,50,top_action,top_action_fraction,logger1_heavy,1183,0.047337278106508875,0.2124490830330569,0.0,0.0,0.0,0.0,0.0,1.0,0.03550295857988166,0.059192730346576385,anchor_id,2000,232201,base,,,,,,
initial_clipping_subset,any_initial_clipping,0.3,50,top_action,top_action_fraction,logger1_heavy,1183,0.2772612003381234,0.4478358623820167,0.0,0.0,0.0,1.0,1.0,1.0,0.2519019442096365,0.30346576500422656,anchor_id,2000,232202,plus,,,,,,
initial_clipping_subset,any_initial_clipping,0.3,50,decision_regret,decision_regret_best,logger12_balanced,1183,0.0016597776797705023,0.030293671364717233,0.0,0.0,0.0,0.0,0.0,0.9573954210761713,0.0004006760796749365,0.0037002478825631105,anchor_id,2000,232110,,,,,,,
initial_clipping_subset,any_initial_clipping,0.3,50,decision_regret,decision_regret_worst,logger12_balanced,1183,0.0016597776797705023,0.030293671364717233,0.0,0.0,0.0,0.0,0.0,0.9573954210761713,0.00038984523360212396,0.003621632039036834,anchor_id,2000,232111,,,,,,,
initial_clipping_subset,any_initial_clipping,0.3,50,top_action,top_action_fraction,logger12_balanced,1183,0.6720202874049028,0.4696759435758444,1.0,0.0,0.0,1.0,1.0,1.0,0.644949281487743,0.6973795435333897,anchor_id,2000,232210,minus,,,,,,
initial_clipping_subset,any_initial_clipping,0.3,50,top_action,top_action_fraction,logger12_balanced,1183,0.047337278106508875,0.2124490830330569,0.0,0.0,0.0,0.0,0.0,1.0,0.03550295857988166,0.060016906170752324,anchor_id,2000,232211,base,,,,,,
initial_clipping_subset,any_initial_clipping,0.3,50,top_action,top_action_fraction,logger12_balanced,1183,0.28064243448858833,0.44950312081884236,0.0,0.0,0.0,1.0,1.0,1.0,0.25612848689771767,0.3060016906170752,anchor_id,2000,232212,plus,,,,,,
initial_clipping_subset,any_initial_clipping,0.3,50,decision_regret,decision_regret_best,logger2_heavy,1183,0.001458908365920605,0.029971868951639107,0.0,0.0,0.0,0.0,0.0,0.9573954210761713,0.00025502300492074643,0.0034018451812615202,anchor_id,2000,232120,,,,,,,
initial_clipping_subset,any_initial_clipping,0.3,50,decision_regret,decision_regret_worst,logger2_heavy,1183,0.001458908365920605,0.029971868951639107,0.0,0.0,0.0,0.0,0.0,0.9573954210761713,0.0002476912863889692,0.0033874877308686033,anchor_id,2000,232121,,,,,,,
initial_clipping_subset,any_initial_clipping,0.3,50,top_action,top_action_fraction,logger2_heavy,1183,0.6720202874049028,0.46967594357584447,1.0,0.0,0.0,1.0,1.0,1.0,0.6441251056635672,0.6982248520710059,anchor_id,2000,232220,minus,,,,,,
initial_clipping_subset,any_initial_clipping,0.3,50,top_action,top_action_fraction,logger2_heavy,1183,0.05156382079459002,0.22123826062048432,0.0,0.0,0.0,0.0,0.0,1.0,0.03888419273034658,0.06424344885883347,anchor_id,2000,232221,base,,,,,,
initial_clipping_subset,any_initial_clipping,0.3,50,top_action,top_action_fraction,logger2_heavy,1183,0.2764158918005072,0.4474140810061757,0.0,0.0,0.0,1.0,1.0,1.0,0.2502113271344041,0.30095097210481814,anchor_id,2000,232222,plus,,,,,,
initial_clipping_subset,any_initial_clipping,0.3,50,top_action,top_action_fraction,do,1183,0.6525781910397295,0.47635250185280725,1.0,0.0,0.0,1.0,1.0,1.0,0.6263736263736264,0.6813186813186813,anchor_id,2000,232300,minus,,,,,,
initial_clipping_subset,any_initial_clipping,0.3,50,top_action,top_action_fraction,do,1183,0.07776838546069316,0.2679200270505518,0.0,0.0,0.0,0.0,0.0,1.0,0.06255283178360102,0.09298393913778528,anchor_id,2000,232301,base,,,,,,
initial_clipping_subset,any_initial_clipping,0.3,50,top_action,top_action_fraction,do,1183,0.2696534234995773,0.44396742108454607,0.0,0.0,0.0,1.0,1.0,1.0,0.2459847844463229,0.2958579881656805,anchor_id,2000,232302,plus,,,,,,
initial_clipping_subset,any_initial_clipping,0.3,50,decision_scale,balanced_error_over_action_range,logger12_balanced,1183,0.5661542516178264,,,,,,,,0.5352691803775038,0.5979239861557759,anchor_id,2000,232400,,0.07775951060072579,0.13734686329480422,True,2000,,
initial_clipping_subset,any_initial_clipping,0.3,50,decision_scale,balanced_error_over_top_second_margin,logger12_balanced,1183,1.0384726343615687,,,,,,,,0.9044350754009428,1.1789111674829453,anchor_id,2000,232401,,0.07775951060072579,0.07487872865184428,True,2000,1183,
primary_common_horizon,all,0.0,1,horizon_amplification,balanced_do_error_over_horizon1,logger12_balanced,1994,,,,,,,,,,,anchor_id,2000,400000,,7.646470848304321e-17,7.646470848304321e-17,False,,,aggregate denominator is numerically zero
primary_common_horizon,all,0.0,1,horizon_amplification,balanced_best_regret_minus_horizon1,logger12_balanced,1994,0.0,0.0,0.0,0.0,0.0,0.0,0.0,0.0,0.0,0.0,anchor_id,2000,500000,,,,,,,
primary_common_horizon,all,0.0,5,horizon_amplification,balanced_do_error_over_horizon1,logger12_balanced,1994,,,,,,,,,,,anchor_id,2000,400001,,3.101646136331597e-16,7.646470848304321e-17,False,,,aggregate denominator is numerically zero
primary_common_horizon,all,0.0,5,horizon_amplification,balanced_best_regret_minus_horizon1,logger12_balanced,1994,0.0,0.0,0.0,0.0,0.0,0.0,0.0,0.0,0.0,0.0,anchor_id,2000,500001,,,,,,,
primary_common_horizon,all,0.0,20,horizon_amplification,balanced_do_error_over_horizon1,logger12_balanced,1994,,,,,,,,,,,anchor_id,2000,400002,,1.2731745150331954e-15,7.646470848304321e-17,False,,,aggregate denominator is numerically zero
primary_common_horizon,all,0.0,20,horizon_amplification,balanced_best_regret_minus_horizon1,logger12_balanced,1994,0.0,0.0,0.0,0.0,0.0,0.0,0.0,0.0,0.0,0.0,anchor_id,2000,500002,,,,,,,
primary_common_horizon,all,0.0,50,horizon_amplification,balanced_do_error_over_horizon1,logger12_balanced,1994,,,,,,,,,,,anchor_id,2000,400003,,2.2382630687026725e-15,7.646470848304321e-17,False,,,aggregate denominator is numerically zero
primary_common_horizon,all,0.0,50,horizon_amplification,balanced_best_regret_minus_horizon1,logger12_balanced,1994,0.0,0.0,0.0,0.0,0.0,0.0,0.0,0.0,0.0,0.0,anchor_id,2000,500003,,,,,,,
primary_common_horizon,all,0.1,1,horizon_amplification,balanced_do_error_over_horizon1,logger12_balanced,1994,1.0,,,,,,,,1.0,1.0,anchor_id,2000,410000,,0.0007758346431263667,0.0007758346431263667,True,2000,,
primary_common_horizon,all,0.1,1,horizon_amplification,balanced_best_regret_minus_horizon1,logger12_balanced,1994,0.0,0.0,0.0,0.0,0.0,0.0,0.0,0.0,0.0,0.0,anchor_id,2000,510000,,,,,,,
primary_common_horizon,all,0.1,5,horizon_amplification,balanced_do_error_over_horizon1,logger12_balanced,1994,5.220600605042961,,,,,,,,4.961162805435601,5.524043782178322,anchor_id,2000,410001,,0.0040503228073188,0.0007758346431263667,True,2000,,
primary_common_horizon,all,0.1,5,horizon_amplification,balanced_best_regret_minus_horizon1,logger12_balanced,1994,1.0278846350493619e-05,0.0001250907566108784,0.0,0.0,0.0,0.0,0.0,0.002449911803987348,5.094566768242749e-06,1.5911974815131313e-05,anchor_id,2000,510001,,,,,,,
primary_common_horizon,all,0.1,20,horizon_amplification,balanced_do_error_over_horizon1,logger12_balanced,1994,8.201654294487849,,,,,,,,7.551298282273238,8.932171229942561,anchor_id,2000,410002,,0.0063631275326098136,0.0007758346431263667,True,2000,,
primary_common_horizon,all,0.1,20,horizon_amplification,balanced_best_regret_minus_horizon1,logger12_balanced,1994,2.3186333120137585e-05,0.00044642680509456923,0.0,0.0,0.0,0.0,0.0,0.01741114897529883,7.915507096987896e-06,4.627719667861232e-05,anchor_id,2000,510002,,,,,,,
primary_common_horizon,all,0.1,50,horizon_amplification,balanced_do_error_over_horizon1,logger12_balanced,1994,17.835587808131198,,,,,,,,15.349140744562542,20.582716463138127,anchor_id,2000,410003,,0.013837466902070444,0.0007758346431263667,True,2000,,
primary_common_horizon,all,0.1,50,horizon_amplification,balanced_best_regret_minus_horizon1,logger12_balanced,1994,5.1152001296376615e-05,0.0006070417219142452,0.0,0.0,0.0,0.0,0.0,0.01632551731435683,2.7306857124717856e-05,7.98904201886928e-05,anchor_id,2000,510003,,,,,,,
primary_common_horizon,all,0.2,1,horizon_amplification,balanced_do_error_over_horizon1,logger12_balanced,1994,1.0,,,,,,,,1.0,1.0,anchor_id,2000,420000,,0.0015412128843515145,0.0015412128843515145,True,2000,,
primary_common_horizon,all,0.2,1,horizon_amplification,balanced_best_regret_minus_horizon1,logger12_balanced,1994,0.0,0.0,0.0,0.0,0.0,0.0,0.0,0.0,0.0,0.0,anchor_id,2000,520000,,,,,,,
primary_common_horizon,all,0.2,5,horizon_amplification,balanced_do_error_over_horizon1,logger12_balanced,1994,5.157155586701814,,,,,,,,4.895937030030006,5.451632343394565,anchor_id,2000,420001,,0.00794827463683023,0.0015412128843515145,True,2000,,
primary_common_horizon,all,0.2,5,horizon_amplification,balanced_best_regret_minus_horizon1,logger12_balanced,1994,8.970001088901105e-06,0.00014059372342949751,0.0,0.0,0.0,0.0,0.0,0.0039619477517014445,3.3110415948617316e-06,1.5617991537198813e-05,anchor_id,2000,520001,,,,,,,
primary_common_horizon,all,0.2,20,horizon_amplification,balanced_do_error_over_horizon1,logger12_balanced,1994,7.9915441208840186,,,,,,,,7.326969092992354,8.712670549581581,anchor_id,2000,420002,,0.012316670764970046,0.0015412128843515145,True,2000,,
primary_common_horizon,all,0.2,20,horizon_amplification,balanced_best_regret_minus_horizon1,logger12_balanced,1994,3.30297666048357e-05,0.0006038970885511374,0.0,0.0,0.0,0.0,0.0,0.018572485122390958,1.0781017335736522e-05,6.403705285450095e-05,anchor_id,2000,520002,,,,,,,
primary_common_horizon,all,0.2,50,horizon_amplification,balanced_do_error_over_horizon1,logger12_balanced,1994,15.677104944820435,,,,,,,,13.831906615166673,17.760220350689465,anchor_id,2000,420003,,0.024161756130288092,0.0015412128843515145,True,2000,,
primary_common_horizon,all,0.2,50,horizon_amplification,balanced_best_regret_minus_horizon1,logger12_balanced,1994,0.00038727159113927936,0.012823556708713152,0.0,0.0,0.0,0.0,0.0,0.5663590916056478,4.1992931316817455e-05,0.001053942450497353,anchor_id,2000,520003,,,,,,,
primary_common_horizon,all,0.3,1,horizon_amplification,balanced_do_error_over_horizon1,logger12_balanced,1994,1.0,,,,,,,,1.0,1.0,anchor_id,2000,430000,,0.00230131319487744,0.00230131319487744,True,2000,,
primary_common_horizon,all,0.3,1,horizon_amplification,balanced_best_regret_minus_horizon1,logger12_balanced,1994,0.0,0.0,0.0,0.0,0.0,0.0,0.0,0.0,0.0,0.0,anchor_id,2000,530000,,,,,,,
primary_common_horizon,all,0.3,5,horizon_amplification,balanced_do_error_over_horizon1,logger12_balanced,1994,5.145709402307441,,,,,,,,4.870905475312628,5.496149038786583,anchor_id,2000,430001,,0.011841888944535018,0.00230131319487744,True,2000,,
primary_common_horizon,all,0.3,5,horizon_amplification,balanced_best_regret_minus_horizon1,logger12_balanced,1994,2.9427975254573813e-05,0.00036502001093307007,0.0,0.0,0.0,0.0,0.0,0.009623544871015355,1.5616918872540225e-05,4.731607717191752e-05,anchor_id,2000,530001,,,,,,,
primary_common_horizon,all,0.3,20,horizon_amplification,balanced_do_error_over_horizon1,logger12_balanced,1994,7.842401692016133,,,,,,,,7.222232041075136,8.506033548542982,anchor_id,2000,430002,,0.018047822493365888,0.00230131319487744,True,2000,,
primary_common_horizon,all,0.3,20,horizon_amplification,balanced_best_regret_minus_horizon1,logger12_balanced,1994,7.879233772807257e-05,0.001363656448018325,0.0,0.0,0.0,0.0,0.0,0.04302183127171588,2.775958422493564e-05,0.00014554159760405772,anchor_id,2000,530002,,,,,,,
primary_common_horizon,all,0.3,50,horizon_amplification,balanced_do_error_over_horizon1,logger12_balanced,1994,15.44142398649968,,,,,,,,13.47243270673301,17.557795597670772,anchor_id,2000,430003,,0.035535552767828715,0.00230131319487744,True,2000,,
primary_common_horizon,all,0.3,50,horizon_amplification,balanced_best_regret_minus_horizon1,logger12_balanced,1994,0.0012157511642421725,0.024018708479765085,0.0,0.0,0.0,0.0,0.0,0.9573954210761713,0.000380363622430894,0.002327081927434293,anchor_id,2000,530003,,,,,,,
