kappa,condition,mixture,subset,threshold,count,finite_count,zero_count,censored_count,finite_fraction,zero_fraction,censored_fraction,min,finite_min,p05,finite_p05,p10,finite_p10,p25,finite_p25,median,finite_median,p75,finite_p75,p90,finite_p90,p95,finite_p95,max,finite_max
0.0,confounded,logger1_heavy,all,lambda_first_competitor_tie,2048,1878,0,170,0.9169921875,0.0,0.0830078125,6.529284905684228e-06,6.529284905684228e-06,0.001093731440029346,0.0009587880595306808,0.0018084368591600127,0.0017941446016474273,0.0028750705724737737,0.002776298517350516,0.004221501818476777,0.004020805785167712,0.008457461759839531,0.008148283554845221,0.01003209127143931,0.00900413519030207,+inf,0.009600848631571545,+inf,0.011632461345439481
0.0,confounded,logger1_heavy,all,lambda_first_top_disagreement,2048,1878,0,170,0.9169921875,0.0,0.0830078125,6.529284905684228e-06,6.529284905684228e-06,0.001093731440029346,0.0009587880595306808,0.0018084368591600127,0.0017941446016474273,0.0028750705724737737,0.002776298517350516,0.004221501818476777,0.004020805785167712,0.008457461759839531,0.008148283554845221,0.01003209127143931,0.00900413519030207,+inf,0.009600848631571545,+inf,0.011632461345439481
0.0,confounded,logger1_heavy,all,lambda_first_positive_regret,2048,1878,0,170,0.9169921875,0.0,0.0830078125,6.529284905684228e-06,6.529284905684228e-06,0.001093731440029346,0.0009587880595306808,0.0018084368591600127,0.0017941446016474273,0.0028750705724737737,0.002776298517350516,0.004221501818476777,0.004020805785167712,0.008457461759839531,0.008148283554845221,0.01003209127143931,0.00900413519030207,+inf,0.009600848631571545,+inf,0.011632461345439481
0.0,confounded,logger1_heavy,all,lambda_first_strict_flip,2048,1878,0,170,0.9169921875,0.0,0.0830078125,6.529284905684228e-06,6.529284905684228e-06,0.001093731440029346,0.0009587880595306808,0.0018084368591600127,0.0017941446016474273,0.0028750705724737737,0.002776298517350516,0.004221501818476777,0.004020805785167712,0.008457461759839531,0.008148283554845221,0.01003209127143931,0.00900413519030207,+inf,0.009600848631571545,+inf,0.011632461345439481
0.0,confounded,logger1_heavy,train,lambda_first_competitor_tie,358,334,0,24,0.9329608938547486,0.0,0.0670391061452514,3.481895961789677e-05,3.481895961789677e-05,0.0010503328208959625,0.0010421479383638293,0.0015700401080032123,0.0015280630637354463,0.0025828736383875736,0.0025415778215745477,0.003537275290811643,0.0034351655841445643,0.007331184405925983,0.004563789372828567,0.009227758327890696,0.008208816455900162,+inf,0.008700656306278967,+inf,0.010083856050762903
0.0,confounded,logger1_heavy,train,lambda_first_top_disagreement,358,334,0,24,0.9329608938547486,0.0,0.0670391061452514,3.481895961789677e-05,3.481895961789677e-05,0.0010503328208959625,0.0010421479383638293,0.0015700401080032123,0.0015280630637354463,0.0025828736383875736,0.0025415778215745477,0.003537275290811643,0.0034351655841445643,0.007331184405925983,0.004563789372828567,0.009227758327890696,0.008208816455900162,+inf,0.008700656306278967,+inf,0.010083856050762903
0.0,confounded,logger1_heavy,train,lambda_first_positive_regret,358,334,0,24,0.9329608938547486,0.0,0.0670391061452514,3.481895961789677e-05,3.481895961789677e-05,0.0010503328208959625,0.0010421479383638293,0.0015700401080032123,0.0015280630637354463,0.0025828736383875736,0.0025415778215745477,0.003537275290811643,0.0034351655841445643,0.007331184405925983,0.004563789372828567,0.009227758327890696,0.008208816455900162,+inf,0.008700656306278967,+inf,0.010083856050762903
0.0,confounded,logger1_heavy,train,lambda_first_strict_flip,358,334,0,24,0.9329608938547486,0.0,0.0670391061452514,3.481895961789677e-05,3.481895961789677e-05,0.0010503328208959625,0.0010421479383638293,0.0015700401080032123,0.0015280630637354463,0.0025828736383875736,0.0025415778215745477,0.003537275290811643,0.0034351655841445643,0.007331184405925983,0.004563789372828567,0.009227758327890696,0.008208816455900162,+inf,0.008700656306278967,+inf,0.010083856050762903
0.0,confounded,logger1_heavy,validation,lambda_first_competitor_tie,76,72,0,4,0.9473684210526315,0.0,0.05263157894736842,6.529284905684228e-06,6.529284905684228e-06,0.00112265932533358,0.0011333466872371731,0.0013029950979769791,0.001306517129812893,0.0022165772057325395,0.002208359953181932,0.0035163051642717047,0.0034149201855655053,0.007495378925097617,0.006103047812423978,0.009520913521478058,0.008671292125379537,+inf,0.009427381253872822,+inf,0.010056096048432528
0.0,confounded,logger1_heavy,validation,lambda_first_top_disagreement,76,72,0,4,0.9473684210526315,0.0,0.05263157894736842,6.529284905684228e-06,6.529284905684228e-06,0.00112265932533358,0.0011333466872371731,0.0013029950979769791,0.001306517129812893,0.0022165772057325395,0.002208359953181932,0.0035163051642717047,0.0034149201855655053,0.007495378925097617,0.006103047812423978,0.009520913521478058,0.008671292125379537,+inf,0.009427381253872822,+inf,0.010056096048432528
0.0,confounded,logger1_heavy,validation,lambda_first_positive_regret,76,72,0,4,0.9473684210526315,0.0,0.05263157894736842,6.529284905684228e-06,6.529284905684228e-06,0.00112265932533358,0.0011333466872371731,0.0013029950979769791,0.001306517129812893,0.0022165772057325395,0.002208359953181932,0.0035163051642717047,0.0034149201855655053,0.007495378925097617,0.006103047812423978,0.009520913521478058,0.008671292125379537,+inf,0.009427381253872822,+inf,0.010056096048432528
0.0,confounded,logger1_heavy,validation,lambda_first_strict_flip,76,72,0,4,0.9473684210526315,0.0,0.05263157894736842,6.529284905684228e-06,6.529284905684228e-06,0.00112265932533358,0.0011333466872371731,0.0013029950979769791,0.001306517129812893,0.0022165772057325395,0.002208359953181932,0.0035163051642717047,0.0034149201855655053,0.007495378925097617,0.006103047812423978,0.009520913521478058,0.008671292125379537,+inf,0.009427381253872822,+inf,0.010056096048432528
0.0,confounded,logger1_heavy,test,lambda_first_competitor_tie,78,74,0,4,0.9487179487179487,0.0,0.05128205128205128,0.00010798611612552859,0.00010798611612552859,0.0016703192128960066,0.0016823003806015497,0.0017783003799997546,0.0017825017811182045,0.002541975224460294,0.0025237572020204093,0.003371451762240283,0.0033341169054497332,0.0057728150547449045,0.004195668480379261,0.008757982275523817,0.008304339048370553,+inf,0.008730937117603577,+inf,0.009583140041597079
0.0,confounded,logger1_heavy,test,lambda_first_top_disagreement,78,74,0,4,0.9487179487179487,0.0,0.05128205128205128,0.00010798611612552859,0.00010798611612552859,0.0016703192128960066,0.0016823003806015497,0.0017783003799997546,0.0017825017811182045,0.002541975224460294,0.0025237572020204093,0.003371451762240283,0.0033341169054497332,0.0057728150547449045,0.004195668480379261,0.008757982275523817,0.008304339048370553,+inf,0.008730937117603577,+inf,0.009583140041597079
0.0,confounded,logger1_heavy,test,lambda_first_positive_regret,78,74,0,4,0.9487179487179487,0.0,0.05128205128205128,0.00010798611612552859,0.00010798611612552859,0.0016703192128960066,0.0016823003806015497,0.0017783003799997546,0.0017825017811182045,0.002541975224460294,0.0025237572020204093,0.003371451762240283,0.0033341169054497332,0.0057728150547449045,0.004195668480379261,0.008757982275523817,0.008304339048370553,+inf,0.008730937117603577,+inf,0.009583140041597079
0.0,confounded,logger1_heavy,test,lambda_first_strict_flip,78,74,0,4,0.9487179487179487,0.0,0.05128205128205128,0.00010798611612552859,0.00010798611612552859,0.0016703192128960066,0.0016823003806015497,0.0017783003799997546,0.0017825017811182045,0.002541975224460294,0.0025237572020204093,0.003371451762240283,0.0033341169054497332,0.0057728150547449045,0.004195668480379261,0.008757982275523817,0.008304339048370553,+inf,0.008730937117603577,+inf,0.009583140041597079
0.0,confounded,logger1_heavy,trainval,lambda_first_competitor_tie,434,406,0,28,0.9354838709677419,0.0,0.06451612903225806,6.529284905684228e-06,6.529284905684228e-06,0.0010981706899038102,0.0010622922881479244,0.0015508177236004657,0.0014883110802227373,0.0025528682479429333,0.002438297463973926,0.003537275290811643,0.00342154596252054,0.007436414663729378,0.004653286734573521,0.009350854853104901,0.00827560538991275,+inf,0.008963536029986592,+inf,0.010083856050762903
0.0,confounded,logger1_heavy,trainval,lambda_first_top_disagreement,434,406,0,28,0.9354838709677419,0.0,0.06451612903225806,6.529284905684228e-06,6.529284905684228e-06,0.0010981706899038102,0.0010622922881479244,0.0015508177236004657,0.0014883110802227373,0.0025528682479429333,0.002438297463973926,0.003537275290811643,0.00342154596252054,0.007436414663729378,0.004653286734573521,0.009350854853104901,0.00827560538991275,+inf,0.008963536029986592,+inf,0.010083856050762903
0.0,confounded,logger1_heavy,trainval,lambda_first_positive_regret,434,406,0,28,0.9354838709677419,0.0,0.06451612903225806,6.529284905684228e-06,6.529284905684228e-06,0.0010981706899038102,0.0010622922881479244,0.0015508177236004657,0.0014883110802227373,0.0025528682479429333,0.002438297463973926,0.003537275290811643,0.00342154596252054,0.007436414663729378,0.004653286734573521,0.009350854853104901,0.00827560538991275,+inf,0.008963536029986592,+inf,0.010083856050762903
0.0,confounded,logger1_heavy,trainval,lambda_first_strict_flip,434,406,0,28,0.9354838709677419,0.0,0.06451612903225806,6.529284905684228e-06,6.529284905684228e-06,0.0010981706899038102,0.0010622922881479244,0.0015508177236004657,0.0014883110802227373,0.0025528682479429333,0.002438297463973926,0.003537275290811643,0.00342154596252054,0.007436414663729378,0.004653286734573521,0.009350854853104901,0.00827560538991275,+inf,0.008963536029986592,+inf,0.010083856050762903
0.0,confounded,logger1_heavy,initial_step_strict_unclipped,lambda_first_competitor_tie,831,776,0,55,0.9338146811070999,0.0,0.06618531889290012,0.00014348587392654753,0.00014348587392654753,0.0008391428836560783,0.0008197309647903543,0.0019385894623750765,0.0018305307613067858,0.002657317968890003,0.0025827578810930884,0.003772511794974496,0.003617327415340272,0.007536551520279655,0.004982337363324394,0.009953147681889199,0.008604524139653997,+inf,0.009799539564876872,+inf,0.01123782411583579
0.0,confounded,logger1_heavy,initial_step_strict_unclipped,lambda_first_top_disagreement,831,776,0,55,0.9338146811070999,0.0,0.06618531889290012,0.00014348587392654753,0.00014348587392654753,0.0008391428836560783,0.0008197309647903543,0.0019385894623750765,0.0018305307613067858,0.002657317968890003,0.0025827578810930884,0.003772511794974496,0.003617327415340272,0.007536551520279655,0.004982337363324394,0.009953147681889199,0.008604524139653997,+inf,0.009799539564876872,+inf,0.01123782411583579
0.0,confounded,logger1_heavy,initial_step_strict_unclipped,lambda_first_positive_regret,831,776,0,55,0.9338146811070999,0.0,0.06618531889290012,0.00014348587392654753,0.00014348587392654753,0.0008391428836560783,0.0008197309647903543,0.0019385894623750765,0.0018305307613067858,0.002657317968890003,0.0025827578810930884,0.003772511794974496,0.003617327415340272,0.007536551520279655,0.004982337363324394,0.009953147681889199,0.008604524139653997,+inf,0.009799539564876872,+inf,0.01123782411583579
0.0,confounded,logger1_heavy,initial_step_strict_unclipped,lambda_first_strict_flip,831,776,0,55,0.9338146811070999,0.0,0.06618531889290012,0.00014348587392654753,0.00014348587392654753,0.0008391428836560783,0.0008197309647903543,0.0019385894623750765,0.0018305307613067858,0.002657317968890003,0.0025827578810930884,0.003772511794974496,0.003617327415340272,0.007536551520279655,0.004982337363324394,0.009953147681889199,0.008604524139653997,+inf,0.009799539564876872,+inf,0.01123782411583579
0.0,confounded,logger1_heavy,any_clipping,lambda_first_competitor_tie,1217,1102,0,115,0.905505341002465,0.0,0.09449465899753492,6.529284905684228e-06,6.529284905684228e-06,0.0012676028414009407,0.0011604382564598457,0.001804811766664269,0.0017933116863163977,0.0031409165687352617,0.0029721739650840125,0.0047524912940063516,0.00436681585931177,0.008649194224874797,0.008404614044616747,0.010305282461062574,0.009067981631276546,+inf,0.009520775193609898,+inf,0.011632461345439481
0.0,confounded,logger1_heavy,any_clipping,lambda_first_top_disagreement,1217,1102,0,115,0.905505341002465,0.0,0.09449465899753492,6.529284905684228e-06,6.529284905684228e-06,0.0012676028414009407,0.0011604382564598457,0.001804811766664269,0.0017933116863163977,0.0031409165687352617,0.0029721739650840125,0.0047524912940063516,0.00436681585931177,0.008649194224874797,0.008404614044616747,0.010305282461062574,0.009067981631276546,+inf,0.009520775193609898,+inf,0.011632461345439481
0.0,confounded,logger1_heavy,any_clipping,lambda_first_positive_regret,1217,1102,0,115,0.905505341002465,0.0,0.09449465899753492,6.529284905684228e-06,6.529284905684228e-06,0.0012676028414009407,0.0011604382564598457,0.001804811766664269,0.0017933116863163977,0.0031409165687352617,0.0029721739650840125,0.0047524912940063516,0.00436681585931177,0.008649194224874797,0.008404614044616747,0.010305282461062574,0.009067981631276546,+inf,0.009520775193609898,+inf,0.011632461345439481
0.0,confounded,logger1_heavy,any_clipping,lambda_first_strict_flip,1217,1102,0,115,0.905505341002465,0.0,0.09449465899753492,6.529284905684228e-06,6.529284905684228e-06,0.0012676028414009407,0.0011604382564598457,0.001804811766664269,0.0017933116863163977,0.0031409165687352617,0.0029721739650840125,0.0047524912940063516,0.00436681585931177,0.008649194224874797,0.008404614044616747,0.010305282461062574,0.009067981631276546,+inf,0.009520775193609898,+inf,0.011632461345439481
0.0,confounded,logger12_balanced,all,lambda_first_competitor_tie,2048,1878,0,170,0.9169921875,0.0,0.0830078125,8.222062473824582e-06,8.222062473824582e-06,0.001377291442999917,0.001207362741630543,0.002277290859682979,0.0022592932020744825,0.0036204592394106783,0.0034960796144410207,0.005315965252896682,0.005063236914655082,0.010650137030907558,0.01026080151350861,0.012633003823293206,0.011338540610009792,+inf,0.012089957536052206,+inf,0.014648284657220087
0.0,confounded,logger12_balanced,all,lambda_first_top_disagreement,2048,1878,0,170,0.9169921875,0.0,0.0830078125,8.222062473824582e-06,8.222062473824582e-06,0.001377291442999917,0.001207362741630543,0.002277290859682979,0.0022592932020744825,0.0036204592394106783,0.0034960796144410207,0.005315965252896682,0.005063236914655082,0.010650137030907558,0.01026080151350861,0.012633003823293206,0.011338540610009792,+inf,0.012089957536052206,+inf,0.014648284657220087
0.0,confounded,logger12_balanced,all,lambda_first_positive_regret,2048,1878,0,170,0.9169921875,0.0,0.0830078125,8.222062473824582e-06,8.222062473824582e-06,0.001377291442999917,0.001207362741630543,0.002277290859682979,0.0022592932020744825,0.0036204592394106783,0.0034960796144410207,0.005315965252896682,0.005063236914655082,0.010650137030907558,0.01026080151350861,0.012633003823293206,0.011338540610009792,+inf,0.012089957536052206,+inf,0.014648284657220087
0.0,confounded,logger12_balanced,all,lambda_first_strict_flip,2048,1878,0,170,0.9169921875,0.0,0.0830078125,8.222062473824582e-06,8.222062473824582e-06,0.001377291442999917,0.001207362741630543,0.002277290859682979,0.0022592932020744825,0.0036204592394106783,0.0034960796144410207,0.005315965252896682,0.005063236914655082,0.010650137030907558,0.01026080151350861,0.012633003823293206,0.011338540610009792,+inf,0.012089957536052206,+inf,0.014648284657220087
0.0,confounded,logger12_balanced,train,lambda_first_competitor_tie,358,334,0,24,0.9329608938547486,0.0,0.0670391061452514,4.384609729513044e-05,4.384609729513044e-05,0.001322641330017138,0.0013123344409025999,0.0019770875434114528,0.0019242275617401918,0.0032525075446362037,0.0032005054049446167,0.00445434666250355,0.004325764068922415,0.009231861844498646,0.0057469940250428255,0.011620140116603839,0.010337028129651612,+inf,0.010956382015313291,+inf,0.012698189100959953
0.0,confounded,logger12_balanced,train,lambda_first_top_disagreement,358,334,0,24,0.9329608938547486,0.0,0.0670391061452514,4.384609729513044e-05,4.384609729513044e-05,0.001322641330017138,0.0013123344409025999,0.0019770875434114528,0.0019242275617401918,0.0032525075446362037,0.0032005054049446167,0.00445434666250355,0.004325764068922415,0.009231861844498646,0.0057469940250428255,0.011620140116603839,0.010337028129651612,+inf,0.010956382015313291,+inf,0.012698189100959953
0.0,confounded,logger12_balanced,train,lambda_first_positive_regret,358,334,0,24,0.9329608938547486,0.0,0.0670391061452514,4.384609729513044e-05,4.384609729513044e-05,0.001322641330017138,0.0013123344409025999,0.0019770875434114528,0.0019242275617401918,0.0032525075446362037,0.0032005054049446167,0.00445434666250355,0.004325764068922415,0.009231861844498646,0.0057469940250428255,0.011620140116603839,0.010337028129651612,+inf,0.010956382015313291,+inf,0.012698189100959953
0.0,confounded,logger12_balanced,train,lambda_first_strict_flip,358,334,0,24,0.9329608938547486,0.0,0.0670391061452514,4.384609729513044e-05,4.384609729513044e-05,0.001322641330017138,0.0013123344409025999,0.0019770875434114528,0.0019242275617401918,0.0032525075446362037,0.0032005054049446167,0.00445434666250355,0.004325764068922415,0.009231861844498646,0.0057469940250428255,0.011620140116603839,0.010337028129651612,+inf,0.010956382015313291,+inf,0.012698189100959953
0.0,confounded,logger12_balanced,validation,lambda_first_competitor_tie,76,72,0,4,0.9473684210526315,0.0,0.05263157894736842,8.222062473824582e-06,8.222062473824582e-06,0.0014137191504204338,0.0014271773098543847,0.0016408086418969368,0.0016452437930976802,0.0027912453701817164,0.002780897718821692,0.0044279398364888145,0.004300269863303971,0.009438625313085147,0.007685319467496583,0.011989298508527924,0.010919404898626084,+inf,0.01187151713450611,+inf,0.012663232060988369
0.0,confounded,logger12_balanced,validation,lambda_first_top_disagreement,76,72,0,4,0.9473684210526315,0.0,0.05263157894736842,8.222062473824582e-06,8.222062473824582e-06,0.0014137191504204338,0.0014271773098543847,0.0016408086418969368,0.0016452437930976802,0.0027912453701817164,0.002780897718821692,0.0044279398364888145,0.004300269863303971,0.009438625313085147,0.007685319467496583,0.011989298508527924,0.010919404898626084,+inf,0.01187151713450611,+inf,0.012663232060988369
0.0,confounded,logger12_balanced,validation,lambda_first_positive_regret,76,72,0,4,0.9473684210526315,0.0,0.05263157894736842,8.222062473824582e-06,8.222062473824582e-06,0.0014137191504204338,0.0014271773098543847,0.0016408086418969368,0.0016452437930976802,0.0027912453701817164,0.002780897718821692,0.0044279398364888145,0.004300269863303971,0.009438625313085147,0.007685319467496583,0.011989298508527924,0.010919404898626084,+inf,0.01187151713450611,+inf,0.012663232060988369
0.0,confounded,logger12_balanced,validation,lambda_first_strict_flip,76,72,0,4,0.9473684210526315,0.0,0.05263157894736842,8.222062473824582e-06,8.222062473824582e-06,0.0014137191504204338,0.0014271773098543847,0.0016408086418969368,0.0016452437930976802,0.0027912453701817164,0.002780897718821692,0.0044279398364888145,0.004300269863303971,0.009438625313085147,0.007685319467496583,0.011989298508527924,0.010919404898626084,+inf,0.01187151713450611,+inf,0.012663232060988369
0.0,confounded,logger12_balanced,test,lambda_first_competitor_tie,78,74,0,4,0.9487179487179487,0.0,0.05128205128205128,0.00013598251660251745,0.00013598251660251745,0.002103364934757934,0.0021184523311269152,0.00223934121925747,0.0022446318725181844,0.0032010058382092588,0.003178064624765886,0.0042455318487470235,0.004198517584640035,0.007269470809678769,0.005283434382699441,0.011028570272881105,0.01045731583868914,+inf,0.010994513407352396,+inf,0.012067657830159284
0.0,confounded,logger12_balanced,test,lambda_first_top_disagreement,78,74,0,4,0.9487179487179487,0.0,0.05128205128205128,0.00013598251660251745,0.00013598251660251745,0.002103364934757934,0.0021184523311269152,0.00223934121925747,0.0022446318725181844,0.0032010058382092588,0.003178064624765886,0.0042455318487470235,0.004198517584640035,0.007269470809678769,0.005283434382699441,0.011028570272881105,0.01045731583868914,+inf,0.010994513407352396,+inf,0.012067657830159284
0.0,confounded,logger12_balanced,test,lambda_first_positive_regret,78,74,0,4,0.9487179487179487,0.0,0.05128205128205128,0.00013598251660251745,0.00013598251660251745,0.002103364934757934,0.0021184523311269152,0.00223934121925747,0.0022446318725181844,0.0032010058382092588,0.003178064624765886,0.0042455318487470235,0.004198517584640035,0.007269470809678769,0.005283434382699441,0.011028570272881105,0.01045731583868914,+inf,0.010994513407352396,+inf,0.012067657830159284
0.0,confounded,logger12_balanced,test,lambda_first_strict_flip,78,74,0,4,0.9487179487179487,0.0,0.05128205128205128,0.00013598251660251745,0.00013598251660251745,0.002103364934757934,0.0021184523311269152,0.00223934121925747,0.0022446318725181844,0.0032010058382092588,0.003178064624765886,0.0042455318487470235,0.004198517584640035,0.007269470809678769,0.005283434382699441,0.011028570272881105,0.01045731583868914,+inf,0.010994513407352396,+inf,0.012067657830159284
0.0,confounded,logger12_balanced,trainval,lambda_first_competitor_tie,434,406,0,28,0.9354838709677419,0.0,0.06451612903225806,8.222062473824582e-06,8.222062473824582e-06,0.0013828816095085017,0.001337701399889979,0.0019528815778665125,0.0018741695084282621,0.003214722978889621,0.0030704486583375363,0.00445434666250355,0.004308613434284385,0.00936437402099255,0.00585969440649888,0.011775150555760987,0.010421132713223091,+inf,0.011287415741464043,+inf,0.012698189100959953
0.0,confounded,logger12_balanced,trainval,lambda_first_top_disagreement,434,406,0,28,0.9354838709677419,0.0,0.06451612903225806,8.222062473824582e-06,8.222062473824582e-06,0.0013828816095085017,0.001337701399889979,0.0019528815778665125,0.0018741695084282621,0.003214722978889621,0.0030704486583375363,0.00445434666250355,0.004308613434284385,0.00936437402099255,0.00585969440649888,0.011775150555760987,0.010421132713223091,+inf,0.011287415741464043,+inf,0.012698189100959953
0.0,confounded,logger12_balanced,trainval,lambda_first_positive_regret,434,406,0,28,0.9354838709677419,0.0,0.06451612903225806,8.222062473824582e-06,8.222062473824582e-06,0.0013828816095085017,0.001337701399889979,0.0019528815778665125,0.0018741695084282621,0.003214722978889621,0.0030704486583375363,0.00445434666250355,0.004308613434284385,0.00936437402099255,0.00585969440649888,0.011775150555760987,0.010421132713223091,+inf,0.011287415741464043,+inf,0.012698189100959953
0.0,confounded,logger12_balanced,trainval,lambda_first_strict_flip,434,406,0,28,0.9354838709677419,0.0,0.06451612903225806,8.222062473824582e-06,8.222062473824582e-06,0.0013828816095085017,0.001337701399889979,0.0019528815778665125,0.0018741695084282621,0.003214722978889621,0.0030704486583375363,0.00445434666250355,0.004308613434284385,0.00936437402099255,0.00585969440649888,0.011775150555760987,0.010421132713223091,+inf,0.011287415741464043,+inf,0.012698189100959953
0.0,confounded,logger12_balanced,initial_step_strict_unclipped,lambda_first_competitor_tie,831,776,0,55,0.9338146811070999,0.0,0.06618531889290012,0.0001806859153149117,0.0001806859153149117,0.001056698446085432,0.0010322538075132246,0.0024411867303975043,0.002305112810533731,0.0033462522571200046,0.0032523617761911114,0.004750570408486403,0.004555153041539603,0.009490472284796603,0.0062740544575190516,0.012533593377193064,0.010835326694378367,+inf,0.0123401609335481,+inf,0.014151334071793217
0.0,confounded,logger12_balanced,initial_step_strict_unclipped,lambda_first_top_disagreement,831,776,0,55,0.9338146811070999,0.0,0.06618531889290012,0.0001806859153149117,0.0001806859153149117,0.001056698446085432,0.0010322538075132246,0.0024411867303975043,0.002305112810533731,0.0033462522571200046,0.0032523617761911114,0.004750570408486403,0.004555153041539603,0.009490472284796603,0.0062740544575190516,0.012533593377193064,0.010835326694378367,+inf,0.0123401609335481,+inf,0.014151334071793217
0.0,confounded,logger12_balanced,initial_step_strict_unclipped,lambda_first_positive_regret,831,776,0,55,0.9338146811070999,0.0,0.06618531889290012,0.0001806859153149117,0.0001806859153149117,0.001056698446085432,0.0010322538075132246,0.0024411867303975043,0.002305112810533731,0.0033462522571200046,0.0032523617761911114,0.004750570408486403,0.004555153041539603,0.009490472284796603,0.0062740544575190516,0.012533593377193064,0.010835326694378367,+inf,0.0123401609335481,+inf,0.014151334071793217
0.0,confounded,logger12_balanced,initial_step_strict_unclipped,lambda_first_strict_flip,831,776,0,55,0.9338146811070999,0.0,0.06618531889290012,0.0001806859153149117,0.0001806859153149117,0.001056698446085432,0.0010322538075132246,0.0024411867303975043,0.002305112810533731,0.0033462522571200046,0.0032523617761911114,0.004750570408486403,0.004555153041539603,0.009490472284796603,0.0062740544575190516,0.012533593377193064,0.010835326694378367,+inf,0.0123401609335481,+inf,0.014151334071793217
0.0,confounded,logger12_balanced,any_clipping,lambda_first_competitor_tie,1217,1102,0,115,0.905505341002465,0.0,0.09449465899753492,8.222062473824582e-06,8.222062473824582e-06,0.0015962406150960007,0.001461292619245732,0.0022727259283918575,0.0022582443457315935,0.00395522827173996,0.0037427375856607936,0.005984618666525776,0.005498953304318525,0.010891577912804559,0.010583588056182943,0.012977022358375095,0.0114189398319778,+inf,0.01198912431787913,+inf,0.014648284657220087
0.0,confounded,logger12_balanced,any_clipping,lambda_first_top_disagreement,1217,1102,0,115,0.905505341002465,0.0,0.09449465899753492,8.222062473824582e-06,8.222062473824582e-06,0.0015962406150960007,0.001461292619245732,0.0022727259283918575,0.0022582443457315935,0.00395522827173996,0.0037427375856607936,0.005984618666525776,0.005498953304318525,0.010891577912804559,0.010583588056182943,0.012977022358375095,0.0114189398319778,+inf,0.01198912431787913,+inf,0.014648284657220087
0.0,confounded,logger12_balanced,any_clipping,lambda_first_positive_regret,1217,1102,0,115,0.905505341002465,0.0,0.09449465899753492,8.222062473824582e-06,8.222062473824582e-06,0.0015962406150960007,0.001461292619245732,0.0022727259283918575,0.0022582443457315935,0.00395522827173996,0.0037427375856607936,0.005984618666525776,0.005498953304318525,0.010891577912804559,0.010583588056182943,0.012977022358375095,0.0114189398319778,+inf,0.01198912431787913,+inf,0.014648284657220087
0.0,confounded,logger12_balanced,any_clipping,lambda_first_strict_flip,1217,1102,0,115,0.905505341002465,0.0,0.09449465899753492,8.222062473824582e-06,8.222062473824582e-06,0.0015962406150960007,0.001461292619245732,0.0022727259283918575,0.0022582443457315935,0.00395522827173996,0.0037427375856607936,0.005984618666525776,0.005498953304318525,0.010891577912804559,0.010583588056182943,0.012977022358375095,0.0114189398319778,+inf,0.01198912431787913,+inf,0.014648284657220087
0.0,confounded,logger2_heavy,all,lambda_first_competitor_tie,2048,1878,0,170,0.9169921875,0.0,0.0830078125,1.1099784339663188e-05,1.1099784339663188e-05,0.0018593434480498883,0.001629939701201308,0.0030743426605720214,0.003050045822800551,0.004887619973204416,0.004719707479495877,0.00717655309141052,0.00683536983478511,0.014377684991726203,0.013852082043236874,0.017054555161447826,0.015307029823513217,+inf,0.016321442673670628,+inf,0.019775184287247116
0.0,confounded,logger2_heavy,all,lambda_first_top_disagreement,2048,1878,0,170,0.9169921875,0.0,0.0830078125,1.1099784339663188e-05,1.1099784339663188e-05,0.0018593434480498883,0.001629939701201308,0.0030743426605720214,0.003050045822800551,0.004887619973204416,0.004719707479495877,0.00717655309141052,0.00683536983478511,0.014377684991726203,0.013852082043236874,0.017054555161447826,0.015307029823513217,+inf,0.016321442673670628,+inf,0.019775184287247116
0.0,confounded,logger2_heavy,all,lambda_first_positive_regret,2048,1878,0,170,0.9169921875,0.0,0.0830078125,1.1099784339663188e-05,1.1099784339663188e-05,0.0018593434480498883,0.001629939701201308,0.0030743426605720214,0.003050045822800551,0.004887619973204416,0.004719707479495877,0.00717655309141052,0.00683536983478511,0.014377684991726203,0.013852082043236874,0.017054555161447826,0.015307029823513217,+inf,0.016321442673670628,+inf,0.019775184287247116
0.0,confounded,logger2_heavy,all,lambda_first_strict_flip,2048,1878,0,170,0.9169921875,0.0,0.0830078125,1.1099784339663188e-05,1.1099784339663188e-05,0.0018593434480498883,0.001629939701201308,0.0030743426605720214,0.003050045822800551,0.004887619973204416,0.004719707479495877,0.00717655309141052,0.00683536983478511,0.014377684991726203,0.013852082043236874,0.017054555161447826,0.015307029823513217,+inf,0.016321442673670628,+inf,0.019775184287247116
0.0,confounded,logger2_heavy,train,lambda_first_competitor_tie,358,334,0,24,0.9329608938547486,0.0,0.0670391061452514,5.919223135042451e-05,5.919223135042451e-05,0.0017855657955231363,0.0017716514952185098,0.002669068183605461,0.002597707208349909,0.004390885185258875,0.0043206822966762315,0.006013367994379792,0.00583978149304526,0.01246301349007417,0.0077584419338093125,0.015687189157415182,0.013954987975030274,+inf,0.01479111572067377,+inf,0.017142555286294936
0.0,confounded,logger2_heavy,train,lambda_first_top_disagreement,358,334,0,24,0.9329608938547486,0.0,0.0670391061452514,5.919223135042451e-05,5.919223135042451e-05,0.0017855657955231363,0.0017716514952185098,0.002669068183605461,0.002597707208349909,0.004390885185258875,0.0043206822966762315,0.006013367994379792,0.00583978149304526,0.01246301349007417,0.0077584419338093125,0.015687189157415182,0.013954987975030274,+inf,0.01479111572067377,+inf,0.017142555286294936
0.0,confounded,logger2_heavy,train,lambda_first_positive_regret,358,334,0,24,0.9329608938547486,0.0,0.0670391061452514,5.919223135042451e-05,5.919223135042451e-05,0.0017855657955231363,0.0017716514952185098,0.002669068183605461,0.002597707208349909,0.004390885185258875,0.0043206822966762315,0.006013367994379792,0.00583978149304526,0.01246301349007417,0.0077584419338093125,0.015687189157415182,0.013954987975030274,+inf,0.01479111572067377,+inf,0.017142555286294936
0.0,confounded,logger2_heavy,train,lambda_first_strict_flip,358,334,0,24,0.9329608938547486,0.0,0.0670391061452514,5.919223135042451e-05,5.919223135042451e-05,0.0017855657955231363,0.0017716514952185098,0.002669068183605461,0.002597707208349909,0.004390885185258875,0.0043206822966762315,0.006013367994379792,0.00583978149304526,0.01246301349007417,0.0077584419338093125,0.015687189157415182,0.013954987975030274,+inf,0.01479111572067377,+inf,0.017142555286294936
0.0,confounded,logger2_heavy,validation,lambda_first_competitor_tie,76,72,0,4,0.9473684210526315,0.0,0.05263157894736842,1.1099784339663188e-05,1.1099784339663188e-05,0.0019085208530675857,0.0019266893683028696,0.0022150916665608644,0.002221079120681918,0.003768181249745317,0.003754211920409284,0.005977718779260899,0.005805364315460859,0.012742144172664949,0.010375181281121137,0.016185552986512697,0.014741196613146112,+inf,0.016026548131583798,+inf,0.017095363282333298
0.0,confounded,logger2_heavy,validation,lambda_first_top_disagreement,76,72,0,4,0.9473684210526315,0.0,0.05263157894736842,1.1099784339663188e-05,1.1099784339663188e-05,0.0019085208530675857,0.0019266893683028696,0.0022150916665608644,0.002221079120681918,0.003768181249745317,0.003754211920409284,0.005977718779260899,0.005805364315460859,0.012742144172664949,0.010375181281121137,0.016185552986512697,0.014741196613146112,+inf,0.016026548131583798,+inf,0.017095363282333298
0.0,confounded,logger2_heavy,validation,lambda_first_positive_regret,76,72,0,4,0.9473684210526315,0.0,0.05263157894736842,1.1099784339663188e-05,1.1099784339663188e-05,0.0019085208530675857,0.0019266893683028696,0.0022150916665608644,0.002221079120681918,0.003768181249745317,0.003754211920409284,0.005977718779260899,0.005805364315460859,0.012742144172664949,0.010375181281121137,0.016185552986512697,0.014741196613146112,+inf,0.016026548131583798,+inf,0.017095363282333298
0.0,confounded,logger2_heavy,validation,lambda_first_strict_flip,76,72,0,4,0.9473684210526315,0.0,0.05263157894736842,1.1099784339663188e-05,1.1099784339663188e-05,0.0019085208530675857,0.0019266893683028696,0.0022150916665608644,0.002221079120681918,0.003768181249745317,0.003754211920409284,0.005977718779260899,0.005805364315460859,0.012742144172664949,0.010375181281121137,0.016185552986512697,0.014741196613146112,+inf,0.016026548131583798,+inf,0.017095363282333298
0.0,confounded,logger2_heavy,test,lambda_first_competitor_tie,78,74,0,4,0.9487179487179487,0.0,0.05128205128205128,0.0001835763974133986,0.0001835763974133986,0.002839542661923211,0.002859910647021985,0.0030231106459985835,0.0030302530279003232,0.004321357881582499,0.004290387243433946,0.005731467995808481,0.005667998739264546,0.009813785593066338,0.0071326364166444944,0.01488856986838949,0.014117376382229641,+inf,0.014842593099925732,+inf,0.016291338070715033
0.0,confounded,logger2_heavy,test,lambda_first_top_disagreement,78,74,0,4,0.9487179487179487,0.0,0.05128205128205128,0.0001835763974133986,0.0001835763974133986,0.002839542661923211,0.002859910647021985,0.0030231106459985835,0.0030302530279003232,0.004321357881582499,0.004290387243433946,0.005731467995808481,0.005667998739264546,0.009813785593066338,0.0071326364166444944,0.01488856986838949,0.014117376382229641,+inf,0.014842593099925732,+inf,0.016291338070715033
0.0,confounded,logger2_heavy,test,lambda_first_positive_regret,78,74,0,4,0.9487179487179487,0.0,0.05128205128205128,0.0001835763974133986,0.0001835763974133986,0.002839542661923211,0.002859910647021985,0.0030231106459985835,0.0030302530279003232,0.004321357881582499,0.004290387243433946,0.005731467995808481,0.005667998739264546,0.009813785593066338,0.0071326364166444944,0.01488856986838949,0.014117376382229641,+inf,0.014842593099925732,+inf,0.016291338070715033
0.0,confounded,logger2_heavy,test,lambda_first_strict_flip,78,74,0,4,0.9487179487179487,0.0,0.05128205128205128,0.0001835763974133986,0.0001835763974133986,0.002839542661923211,0.002859910647021985,0.0030231106459985835,0.0030302530279003232,0.004321357881582499,0.004290387243433946,0.005731467995808481,0.005667998739264546,0.009813785593066338,0.0071326364166444944,0.01488856986838949,0.014117376382229641,+inf,0.014842593099925732,+inf,0.016291338070715033
0.0,confounded,logger2_heavy,trainval,lambda_first_competitor_tie,434,406,0,28,0.9354838709677419,0.0,0.06451612903225806,1.1099784339663188e-05,1.1099784339663188e-05,0.0018668901728364773,0.0018058968898514716,0.0026363901301207915,0.0025301288363786534,0.004339876021500988,0.004145105688757422,0.006013367994379792,0.0058166281362844185,0.012641904928339942,0.007910587448774237,0.01589645325027833,0.014068529162851173,+inf,0.015238011250976458,+inf,0.017142555286294936
0.0,confounded,logger2_heavy,trainval,lambda_first_top_disagreement,434,406,0,28,0.9354838709677419,0.0,0.06451612903225806,1.1099784339663188e-05,1.1099784339663188e-05,0.0018668901728364773,0.0018058968898514716,0.0026363901301207915,0.0025301288363786534,0.004339876021500988,0.004145105688757422,0.006013367994379792,0.0058166281362844185,0.012641904928339942,0.007910587448774237,0.01589645325027833,0.014068529162851173,+inf,0.015238011250976458,+inf,0.017142555286294936
0.0,confounded,logger2_heavy,trainval,lambda_first_positive_regret,434,406,0,28,0.9354838709677419,0.0,0.06451612903225806,1.1099784339663188e-05,1.1099784339663188e-05,0.0018668901728364773,0.0018058968898514716,0.0026363901301207915,0.0025301288363786534,0.004339876021500988,0.004145105688757422,0.006013367994379792,0.0058166281362844185,0.012641904928339942,0.007910587448774237,0.01589645325027833,0.014068529162851173,+inf,0.015238011250976458,+inf,0.017142555286294936
0.0,confounded,logger2_heavy,trainval,lambda_first_strict_flip,434,406,0,28,0.9354838709677419,0.0,0.06451612903225806,1.1099784339663188e-05,1.1099784339663188e-05,0.0018668901728364773,0.0018058968898514716,0.0026363901301207915,0.0025301288363786534,0.004339876021500988,0.004145105688757422,0.006013367994379792,0.0058166281362844185,0.012641904928339942,0.007910587448774237,0.01589645325027833,0.014068529162851173,+inf,0.015238011250976458,+inf,0.017142555286294936
0.0,confounded,logger2_heavy,initial_step_strict_unclipped,lambda_first_competitor_tie,831,776,0,55,0.9338146811070999,0.0,0.06618531889290012,0.0002439259856751308,0.0002439259856751308,0.0014265429022163323,0.001393542640142853,0.00329560208603763,0.003111902294221036,0.004517440547112006,0.004390688397858,0.006413270051457642,0.006149456606078962,0.012812137584476413,0.00846997351765072,0.016920351059210637,0.014627691037410795,+inf,0.016659217260290682,+inf,0.01910430099692184
0.0,confounded,logger2_heavy,initial_step_strict_unclipped,lambda_first_top_disagreement,831,776,0,55,0.9338146811070999,0.0,0.06618531889290012,0.0002439259856751308,0.0002439259856751308,0.0014265429022163323,0.001393542640142853,0.00329560208603763,0.003111902294221036,0.004517440547112006,0.004390688397858,0.006413270051457642,0.006149456606078962,0.012812137584476413,0.00846997351765072,0.016920351059210637,0.014627691037410795,+inf,0.016659217260290682,+inf,0.01910430099692184
0.0,confounded,logger2_heavy,initial_step_strict_unclipped,lambda_first_positive_regret,831,776,0,55,0.9338146811070999,0.0,0.06618531889290012,0.0002439259856751308,0.0002439259856751308,0.0014265429022163323,0.001393542640142853,0.00329560208603763,0.003111902294221036,0.004517440547112006,0.004390688397858,0.006413270051457642,0.006149456606078962,0.012812137584476413,0.00846997351765072,0.016920351059210637,0.014627691037410795,+inf,0.016659217260290682,+inf,0.01910430099692184
0.0,confounded,logger2_heavy,initial_step_strict_unclipped,lambda_first_strict_flip,831,776,0,55,0.9338146811070999,0.0,0.06618531889290012,0.0002439259856751308,0.0002439259856751308,0.0014265429022163323,0.001393542640142853,0.00329560208603763,0.003111902294221036,0.004517440547112006,0.004390688397858,0.006413270051457642,0.006149456606078962,0.012812137584476413,0.00846997351765072,0.016920351059210637,0.014627691037410795,+inf,0.016659217260290682,+inf,0.01910430099692184
0.0,confounded,logger2_heavy,any_clipping,lambda_first_competitor_tie,1217,1102,0,115,0.905505341002465,0.0,0.09449465899753492,1.1099784339663188e-05,1.1099784339663188e-05,0.002154924830379601,0.001972745035981738,0.0030681800033292572,0.003048629866737651,0.005339558166848946,0.005052695740642821,0.008079235199809798,0.007423586960830009,0.014703630182285155,0.014287843875847722,0.017518980183806376,0.015415568773170029,+inf,0.016185317829136826,+inf,0.019775184287247116
0.0,confounded,logger2_heavy,any_clipping,lambda_first_top_disagreement,1217,1102,0,115,0.905505341002465,0.0,0.09449465899753492,1.1099784339663188e-05,1.1099784339663188e-05,0.002154924830379601,0.001972745035981738,0.0030681800033292572,0.003048629866737651,0.005339558166848946,0.005052695740642821,0.008079235199809798,0.007423586960830009,0.014703630182285155,0.014287843875847722,0.017518980183806376,0.015415568773170029,+inf,0.016185317829136826,+inf,0.019775184287247116
0.0,confounded,logger2_heavy,any_clipping,lambda_first_positive_regret,1217,1102,0,115,0.905505341002465,0.0,0.09449465899753492,1.1099784339663188e-05,1.1099784339663188e-05,0.002154924830379601,0.001972745035981738,0.0030681800033292572,0.003048629866737651,0.005339558166848946,0.005052695740642821,0.008079235199809798,0.007423586960830009,0.014703630182285155,0.014287843875847722,0.017518980183806376,0.015415568773170029,+inf,0.016185317829136826,+inf,0.019775184287247116
0.0,confounded,logger2_heavy,any_clipping,lambda_first_strict_flip,1217,1102,0,115,0.905505341002465,0.0,0.09449465899753492,1.1099784339663188e-05,1.1099784339663188e-05,0.002154924830379601,0.001972745035981738,0.0030681800033292572,0.003048629866737651,0.005339558166848946,0.005052695740642821,0.008079235199809798,0.007423586960830009,0.014703630182285155,0.014287843875847722,0.017518980183806376,0.015415568773170029,+inf,0.016185317829136826,+inf,0.019775184287247116
0.0,independent_latents,logger1_heavy,all,lambda_first_competitor_tie,2048,0,0,2048,0.0,0.0,1.0,+inf,,+inf,,+inf,,+inf,,+inf,,+inf,,+inf,,+inf,,+inf,
0.0,independent_latents,logger1_heavy,all,lambda_first_top_disagreement,2048,0,0,2048,0.0,0.0,1.0,+inf,,+inf,,+inf,,+inf,,+inf,,+inf,,+inf,,+inf,,+inf,
0.0,independent_latents,logger1_heavy,all,lambda_first_positive_regret,2048,0,0,2048,0.0,0.0,1.0,+inf,,+inf,,+inf,,+inf,,+inf,,+inf,,+inf,,+inf,,+inf,
0.0,independent_latents,logger1_heavy,all,lambda_first_strict_flip,2048,0,0,2048,0.0,0.0,1.0,+inf,,+inf,,+inf,,+inf,,+inf,,+inf,,+inf,,+inf,,+inf,
0.0,independent_latents,logger1_heavy,train,lambda_first_competitor_tie,358,0,0,358,0.0,0.0,1.0,+inf,,+inf,,+inf,,+inf,,+inf,,+inf,,+inf,,+inf,,+inf,
0.0,independent_latents,logger1_heavy,train,lambda_first_top_disagreement,358,0,0,358,0.0,0.0,1.0,+inf,,+inf,,+inf,,+inf,,+inf,,+inf,,+inf,,+inf,,+inf,
0.0,independent_latents,logger1_heavy,train,lambda_first_positive_regret,358,0,0,358,0.0,0.0,1.0,+inf,,+inf,,+inf,,+inf,,+inf,,+inf,,+inf,,+inf,,+inf,
0.0,independent_latents,logger1_heavy,train,lambda_first_strict_flip,358,0,0,358,0.0,0.0,1.0,+inf,,+inf,,+inf,,+inf,,+inf,,+inf,,+inf,,+inf,,+inf,
0.0,independent_latents,logger1_heavy,validation,lambda_first_competitor_tie,76,0,0,76,0.0,0.0,1.0,+inf,,+inf,,+inf,,+inf,,+inf,,+inf,,+inf,,+inf,,+inf,
0.0,independent_latents,logger1_heavy,validation,lambda_first_top_disagreement,76,0,0,76,0.0,0.0,1.0,+inf,,+inf,,+inf,,+inf,,+inf,,+inf,,+inf,,+inf,,+inf,
0.0,independent_latents,logger1_heavy,validation,lambda_first_positive_regret,76,0,0,76,0.0,0.0,1.0,+inf,,+inf,,+inf,,+inf,,+inf,,+inf,,+inf,,+inf,,+inf,
0.0,independent_latents,logger1_heavy,validation,lambda_first_strict_flip,76,0,0,76,0.0,0.0,1.0,+inf,,+inf,,+inf,,+inf,,+inf,,+inf,,+inf,,+inf,,+inf,
0.0,independent_latents,logger1_heavy,test,lambda_first_competitor_tie,78,0,0,78,0.0,0.0,1.0,+inf,,+inf,,+inf,,+inf,,+inf,,+inf,,+inf,,+inf,,+inf,
0.0,independent_latents,logger1_heavy,test,lambda_first_top_disagreement,78,0,0,78,0.0,0.0,1.0,+inf,,+inf,,+inf,,+inf,,+inf,,+inf,,+inf,,+inf,,+inf,
0.0,independent_latents,logger1_heavy,test,lambda_first_positive_regret,78,0,0,78,0.0,0.0,1.0,+inf,,+inf,,+inf,,+inf,,+inf,,+inf,,+inf,,+inf,,+inf,
0.0,independent_latents,logger1_heavy,test,lambda_first_strict_flip,78,0,0,78,0.0,0.0,1.0,+inf,,+inf,,+inf,,+inf,,+inf,,+inf,,+inf,,+inf,,+inf,
0.0,independent_latents,logger1_heavy,trainval,lambda_first_competitor_tie,434,0,0,434,0.0,0.0,1.0,+inf,,+inf,,+inf,,+inf,,+inf,,+inf,,+inf,,+inf,,+inf,
0.0,independent_latents,logger1_heavy,trainval,lambda_first_top_disagreement,434,0,0,434,0.0,0.0,1.0,+inf,,+inf,,+inf,,+inf,,+inf,,+inf,,+inf,,+inf,,+inf,
0.0,independent_latents,logger1_heavy,trainval,lambda_first_positive_regret,434,0,0,434,0.0,0.0,1.0,+inf,,+inf,,+inf,,+inf,,+inf,,+inf,,+inf,,+inf,,+inf,
0.0,independent_latents,logger1_heavy,trainval,lambda_first_strict_flip,434,0,0,434,0.0,0.0,1.0,+inf,,+inf,,+inf,,+inf,,+inf,,+inf,,+inf,,+inf,,+inf,
0.0,independent_latents,logger1_heavy,initial_step_strict_unclipped,lambda_first_competitor_tie,831,0,0,831,0.0,0.0,1.0,+inf,,+inf,,+inf,,+inf,,+inf,,+inf,,+inf,,+inf,,+inf,
0.0,independent_latents,logger1_heavy,initial_step_strict_unclipped,lambda_first_top_disagreement,831,0,0,831,0.0,0.0,1.0,+inf,,+inf,,+inf,,+inf,,+inf,,+inf,,+inf,,+inf,,+inf,
0.0,independent_latents,logger1_heavy,initial_step_strict_unclipped,lambda_first_positive_regret,831,0,0,831,0.0,0.0,1.0,+inf,,+inf,,+inf,,+inf,,+inf,,+inf,,+inf,,+inf,,+inf,
0.0,independent_latents,logger1_heavy,initial_step_strict_unclipped,lambda_first_strict_flip,831,0,0,831,0.0,0.0,1.0,+inf,,+inf,,+inf,,+inf,,+inf,,+inf,,+inf,,+inf,,+inf,
0.0,independent_latents,logger1_heavy,any_clipping,lambda_first_competitor_tie,1217,0,0,1217,0.0,0.0,1.0,+inf,,+inf,,+inf,,+inf,,+inf,,+inf,,+inf,,+inf,,+inf,
0.0,independent_latents,logger1_heavy,any_clipping,lambda_first_top_disagreement,1217,0,0,1217,0.0,0.0,1.0,+inf,,+inf,,+inf,,+inf,,+inf,,+inf,,+inf,,+inf,,+inf,
0.0,independent_latents,logger1_heavy,any_clipping,lambda_first_positive_regret,1217,0,0,1217,0.0,0.0,1.0,+inf,,+inf,,+inf,,+inf,,+inf,,+inf,,+inf,,+inf,,+inf,
0.0,independent_latents,logger1_heavy,any_clipping,lambda_first_strict_flip,1217,0,0,1217,0.0,0.0,1.0,+inf,,+inf,,+inf,,+inf,,+inf,,+inf,,+inf,,+inf,,+inf,
0.0,independent_latents,logger12_balanced,all,lambda_first_competitor_tie,2048,0,0,2048,0.0,0.0,1.0,+inf,,+inf,,+inf,,+inf,,+inf,,+inf,,+inf,,+inf,,+inf,
0.0,independent_latents,logger12_balanced,all,lambda_first_top_disagreement,2048,0,0,2048,0.0,0.0,1.0,+inf,,+inf,,+inf,,+inf,,+inf,,+inf,,+inf,,+inf,,+inf,
0.0,independent_latents,logger12_balanced,all,lambda_first_positive_regret,2048,0,0,2048,0.0,0.0,1.0,+inf,,+inf,,+inf,,+inf,,+inf,,+inf,,+inf,,+inf,,+inf,
0.0,independent_latents,logger12_balanced,all,lambda_first_strict_flip,2048,0,0,2048,0.0,0.0,1.0,+inf,,+inf,,+inf,,+inf,,+inf,,+inf,,+inf,,+inf,,+inf,
0.0,independent_latents,logger12_balanced,train,lambda_first_competitor_tie,358,0,0,358,0.0,0.0,1.0,+inf,,+inf,,+inf,,+inf,,+inf,,+inf,,+inf,,+inf,,+inf,
0.0,independent_latents,logger12_balanced,train,lambda_first_top_disagreement,358,0,0,358,0.0,0.0,1.0,+inf,,+inf,,+inf,,+inf,,+inf,,+inf,,+inf,,+inf,,+inf,
0.0,independent_latents,logger12_balanced,train,lambda_first_positive_regret,358,0,0,358,0.0,0.0,1.0,+inf,,+inf,,+inf,,+inf,,+inf,,+inf,,+inf,,+inf,,+inf,
0.0,independent_latents,logger12_balanced,train,lambda_first_strict_flip,358,0,0,358,0.0,0.0,1.0,+inf,,+inf,,+inf,,+inf,,+inf,,+inf,,+inf,,+inf,,+inf,
0.0,independent_latents,logger12_balanced,validation,lambda_first_competitor_tie,76,0,0,76,0.0,0.0,1.0,+inf,,+inf,,+inf,,+inf,,+inf,,+inf,,+inf,,+inf,,+inf,
0.0,independent_latents,logger12_balanced,validation,lambda_first_top_disagreement,76,0,0,76,0.0,0.0,1.0,+inf,,+inf,,+inf,,+inf,,+inf,,+inf,,+inf,,+inf,,+inf,
0.0,independent_latents,logger12_balanced,validation,lambda_first_positive_regret,76,0,0,76,0.0,0.0,1.0,+inf,,+inf,,+inf,,+inf,,+inf,,+inf,,+inf,,+inf,,+inf,
0.0,independent_latents,logger12_balanced,validation,lambda_first_strict_flip,76,0,0,76,0.0,0.0,1.0,+inf,,+inf,,+inf,,+inf,,+inf,,+inf,,+inf,,+inf,,+inf,
0.0,independent_latents,logger12_balanced,test,lambda_first_competitor_tie,78,0,0,78,0.0,0.0,1.0,+inf,,+inf,,+inf,,+inf,,+inf,,+inf,,+inf,,+inf,,+inf,
0.0,independent_latents,logger12_balanced,test,lambda_first_top_disagreement,78,0,0,78,0.0,0.0,1.0,+inf,,+inf,,+inf,,+inf,,+inf,,+inf,,+inf,,+inf,,+inf,
0.0,independent_latents,logger12_balanced,test,lambda_first_positive_regret,78,0,0,78,0.0,0.0,1.0,+inf,,+inf,,+inf,,+inf,,+inf,,+inf,,+inf,,+inf,,+inf,
0.0,independent_latents,logger12_balanced,test,lambda_first_strict_flip,78,0,0,78,0.0,0.0,1.0,+inf,,+inf,,+inf,,+inf,,+inf,,+inf,,+inf,,+inf,,+inf,
0.0,independent_latents,logger12_balanced,trainval,lambda_first_competitor_tie,434,0,0,434,0.0,0.0,1.0,+inf,,+inf,,+inf,,+inf,,+inf,,+inf,,+inf,,+inf,,+inf,
0.0,independent_latents,logger12_balanced,trainval,lambda_first_top_disagreement,434,0,0,434,0.0,0.0,1.0,+inf,,+inf,,+inf,,+inf,,+inf,,+inf,,+inf,,+inf,,+inf,
0.0,independent_latents,logger12_balanced,trainval,lambda_first_positive_regret,434,0,0,434,0.0,0.0,1.0,+inf,,+inf,,+inf,,+inf,,+inf,,+inf,,+inf,,+inf,,+inf,
0.0,independent_latents,logger12_balanced,trainval,lambda_first_strict_flip,434,0,0,434,0.0,0.0,1.0,+inf,,+inf,,+inf,,+inf,,+inf,,+inf,,+inf,,+inf,,+inf,
0.0,independent_latents,logger12_balanced,initial_step_strict_unclipped,lambda_first_competitor_tie,831,0,0,831,0.0,0.0,1.0,+inf,,+inf,,+inf,,+inf,,+inf,,+inf,,+inf,,+inf,,+inf,
0.0,independent_latents,logger12_balanced,initial_step_strict_unclipped,lambda_first_top_disagreement,831,0,0,831,0.0,0.0,1.0,+inf,,+inf,,+inf,,+inf,,+inf,,+inf,,+inf,,+inf,,+inf,
0.0,independent_latents,logger12_balanced,initial_step_strict_unclipped,lambda_first_positive_regret,831,0,0,831,0.0,0.0,1.0,+inf,,+inf,,+inf,,+inf,,+inf,,+inf,,+inf,,+inf,,+inf,
0.0,independent_latents,logger12_balanced,initial_step_strict_unclipped,lambda_first_strict_flip,831,0,0,831,0.0,0.0,1.0,+inf,,+inf,,+inf,,+inf,,+inf,,+inf,,+inf,,+inf,,+inf,
0.0,independent_latents,logger12_balanced,any_clipping,lambda_first_competitor_tie,1217,0,0,1217,0.0,0.0,1.0,+inf,,+inf,,+inf,,+inf,,+inf,,+inf,,+inf,,+inf,,+inf,
0.0,independent_latents,logger12_balanced,any_clipping,lambda_first_top_disagreement,1217,0,0,1217,0.0,0.0,1.0,+inf,,+inf,,+inf,,+inf,,+inf,,+inf,,+inf,,+inf,,+inf,
0.0,independent_latents,logger12_balanced,any_clipping,lambda_first_positive_regret,1217,0,0,1217,0.0,0.0,1.0,+inf,,+inf,,+inf,,+inf,,+inf,,+inf,,+inf,,+inf,,+inf,
0.0,independent_latents,logger12_balanced,any_clipping,lambda_first_strict_flip,1217,0,0,1217,0.0,0.0,1.0,+inf,,+inf,,+inf,,+inf,,+inf,,+inf,,+inf,,+inf,,+inf,
0.0,independent_latents,logger2_heavy,all,lambda_first_competitor_tie,2048,0,0,2048,0.0,0.0,1.0,+inf,,+inf,,+inf,,+inf,,+inf,,+inf,,+inf,,+inf,,+inf,
0.0,independent_latents,logger2_heavy,all,lambda_first_top_disagreement,2048,0,0,2048,0.0,0.0,1.0,+inf,,+inf,,+inf,,+inf,,+inf,,+inf,,+inf,,+inf,,+inf,
0.0,independent_latents,logger2_heavy,all,lambda_first_positive_regret,2048,0,0,2048,0.0,0.0,1.0,+inf,,+inf,,+inf,,+inf,,+inf,,+inf,,+inf,,+inf,,+inf,
0.0,independent_latents,logger2_heavy,all,lambda_first_strict_flip,2048,0,0,2048,0.0,0.0,1.0,+inf,,+inf,,+inf,,+inf,,+inf,,+inf,,+inf,,+inf,,+inf,
0.0,independent_latents,logger2_heavy,train,lambda_first_competitor_tie,358,0,0,358,0.0,0.0,1.0,+inf,,+inf,,+inf,,+inf,,+inf,,+inf,,+inf,,+inf,,+inf,
0.0,independent_latents,logger2_heavy,train,lambda_first_top_disagreement,358,0,0,358,0.0,0.0,1.0,+inf,,+inf,,+inf,,+inf,,+inf,,+inf,,+inf,,+inf,,+inf,
0.0,independent_latents,logger2_heavy,train,lambda_first_positive_regret,358,0,0,358,0.0,0.0,1.0,+inf,,+inf,,+inf,,+inf,,+inf,,+inf,,+inf,,+inf,,+inf,
0.0,independent_latents,logger2_heavy,train,lambda_first_strict_flip,358,0,0,358,0.0,0.0,1.0,+inf,,+inf,,+inf,,+inf,,+inf,,+inf,,+inf,,+inf,,+inf,
0.0,independent_latents,logger2_heavy,validation,lambda_first_competitor_tie,76,0,0,76,0.0,0.0,1.0,+inf,,+inf,,+inf,,+inf,,+inf,,+inf,,+inf,,+inf,,+inf,
0.0,independent_latents,logger2_heavy,validation,lambda_first_top_disagreement,76,0,0,76,0.0,0.0,1.0,+inf,,+inf,,+inf,,+inf,,+inf,,+inf,,+inf,,+inf,,+inf,
0.0,independent_latents,logger2_heavy,validation,lambda_first_positive_regret,76,0,0,76,0.0,0.0,1.0,+inf,,+inf,,+inf,,+inf,,+inf,,+inf,,+inf,,+inf,,+inf,
0.0,independent_latents,logger2_heavy,validation,lambda_first_strict_flip,76,0,0,76,0.0,0.0,1.0,+inf,,+inf,,+inf,,+inf,,+inf,,+inf,,+inf,,+inf,,+inf,
0.0,independent_latents,logger2_heavy,test,lambda_first_competitor_tie,78,0,0,78,0.0,0.0,1.0,+inf,,+inf,,+inf,,+inf,,+inf,,+inf,,+inf,,+inf,,+inf,
0.0,independent_latents,logger2_heavy,test,lambda_first_top_disagreement,78,0,0,78,0.0,0.0,1.0,+inf,,+inf,,+inf,,+inf,,+inf,,+inf,,+inf,,+inf,,+inf,
0.0,independent_latents,logger2_heavy,test,lambda_first_positive_regret,78,0,0,78,0.0,0.0,1.0,+inf,,+inf,,+inf,,+inf,,+inf,,+inf,,+inf,,+inf,,+inf,
0.0,independent_latents,logger2_heavy,test,lambda_first_strict_flip,78,0,0,78,0.0,0.0,1.0,+inf,,+inf,,+inf,,+inf,,+inf,,+inf,,+inf,,+inf,,+inf,
0.0,independent_latents,logger2_heavy,trainval,lambda_first_competitor_tie,434,0,0,434,0.0,0.0,1.0,+inf,,+inf,,+inf,,+inf,,+inf,,+inf,,+inf,,+inf,,+inf,
0.0,independent_latents,logger2_heavy,trainval,lambda_first_top_disagreement,434,0,0,434,0.0,0.0,1.0,+inf,,+inf,,+inf,,+inf,,+inf,,+inf,,+inf,,+inf,,+inf,
0.0,independent_latents,logger2_heavy,trainval,lambda_first_positive_regret,434,0,0,434,0.0,0.0,1.0,+inf,,+inf,,+inf,,+inf,,+inf,,+inf,,+inf,,+inf,,+inf,
0.0,independent_latents,logger2_heavy,trainval,lambda_first_strict_flip,434,0,0,434,0.0,0.0,1.0,+inf,,+inf,,+inf,,+inf,,+inf,,+inf,,+inf,,+inf,,+inf,
0.0,independent_latents,logger2_heavy,initial_step_strict_unclipped,lambda_first_competitor_tie,831,0,0,831,0.0,0.0,1.0,+inf,,+inf,,+inf,,+inf,,+inf,,+inf,,+inf,,+inf,,+inf,
0.0,independent_latents,logger2_heavy,initial_step_strict_unclipped,lambda_first_top_disagreement,831,0,0,831,0.0,0.0,1.0,+inf,,+inf,,+inf,,+inf,,+inf,,+inf,,+inf,,+inf,,+inf,
0.0,independent_latents,logger2_heavy,initial_step_strict_unclipped,lambda_first_positive_regret,831,0,0,831,0.0,0.0,1.0,+inf,,+inf,,+inf,,+inf,,+inf,,+inf,,+inf,,+inf,,+inf,
0.0,independent_latents,logger2_heavy,initial_step_strict_unclipped,lambda_first_strict_flip,831,0,0,831,0.0,0.0,1.0,+inf,,+inf,,+inf,,+inf,,+inf,,+inf,,+inf,,+inf,,+inf,
0.0,independent_latents,logger2_heavy,any_clipping,lambda_first_competitor_tie,1217,0,0,1217,0.0,0.0,1.0,+inf,,+inf,,+inf,,+inf,,+inf,,+inf,,+inf,,+inf,,+inf,
0.0,independent_latents,logger2_heavy,any_clipping,lambda_first_top_disagreement,1217,0,0,1217,0.0,0.0,1.0,+inf,,+inf,,+inf,,+inf,,+inf,,+inf,,+inf,,+inf,,+inf,
0.0,independent_latents,logger2_heavy,any_clipping,lambda_first_positive_regret,1217,0,0,1217,0.0,0.0,1.0,+inf,,+inf,,+inf,,+inf,,+inf,,+inf,,+inf,,+inf,,+inf,
0.0,independent_latents,logger2_heavy,any_clipping,lambda_first_strict_flip,1217,0,0,1217,0.0,0.0,1.0,+inf,,+inf,,+inf,,+inf,,+inf,,+inf,,+inf,,+inf,,+inf,
0.3,confounded,logger1_heavy,all,lambda_first_competitor_tie,2048,1876,37,172,0.916015625,0.01806640625,0.083984375,0.0,0.0,0.0017059557919666337,0.0016341843339766431,0.0035216935275466884,0.0031461978866137276,0.005774936012129332,0.005559269923345983,0.008807173195828551,0.008334455443278961,0.017696227489722473,0.016439526590657474,0.021093421518620467,0.018690128570721255,+inf,0.02008709361307377,+inf,0.02417366623096564
0.3,confounded,logger1_heavy,all,lambda_first_top_disagreement,2048,1876,37,172,0.916015625,0.01806640625,0.083984375,0.0,0.0,0.0017059557919666337,0.0016341843339766431,0.0035216935275466884,0.0031461978866137276,0.005774936012129332,0.005559269923345983,0.008807173195828551,0.008334455443278961,0.017696227489722473,0.016439526590657474,0.021093421518620467,0.018690128570721255,+inf,0.02008709361307377,+inf,0.02417366623096564
0.3,confounded,logger1_heavy,all,lambda_first_positive_regret,2048,1876,37,172,0.916015625,0.01806640625,0.083984375,0.0,0.0,0.0017059557919666337,0.0016341843339766431,0.0035216935275466884,0.0031461978866137276,0.005774936012129332,0.005559269923345983,0.008807173195828551,0.008334455443278961,0.017696227489722473,0.016439526590657474,0.021093421518620467,0.018690128570721255,+inf,0.02008709361307377,+inf,0.02417366623096564
0.3,confounded,logger1_heavy,all,lambda_first_strict_flip,2048,1876,37,172,0.916015625,0.01806640625,0.083984375,0.0,0.0,0.0017059557919666337,0.0016341843339766431,0.0035216935275466884,0.0031461978866137276,0.005774936012129332,0.005559269923345983,0.008807173195828551,0.008334455443278961,0.017696227489722473,0.016439526590657474,0.021093421518620467,0.018690128570721255,+inf,0.02008709361307377,+inf,0.02417366623096564
0.3,confounded,logger1_heavy,train,lambda_first_competitor_tie,358,335,8,23,0.9357541899441341,0.0223463687150838,0.06424581005586592,0.0,0.0,0.0018036905066914585,0.0017743700922740109,0.002862013685804854,0.0026732066079097646,0.005233182170628821,0.005044768120543441,0.007207174369756663,0.007029088583680617,0.01031888098112081,0.00909538455817858,0.01816974320293152,0.016364518048402783,+inf,0.017762383187222012,+inf,0.021093421518620467
0.3,confounded,logger1_heavy,train,lambda_first_top_disagreement,358,335,8,23,0.9357541899441341,0.0223463687150838,0.06424581005586592,0.0,0.0,0.0018036905066914585,0.0017743700922740109,0.002862013685804854,0.0026732066079097646,0.005233182170628821,0.005044768120543441,0.007207174369756663,0.007029088583680617,0.01031888098112081,0.00909538455817858,0.01816974320293152,0.016364518048402783,+inf,0.017762383187222012,+inf,0.021093421518620467
0.3,confounded,logger1_heavy,train,lambda_first_positive_regret,358,335,8,23,0.9357541899441341,0.0223463687150838,0.06424581005586592,0.0,0.0,0.0018036905066914585,0.0017743700922740109,0.002862013685804854,0.0026732066079097646,0.005233182170628821,0.005044768120543441,0.007207174369756663,0.007029088583680617,0.01031888098112081,0.00909538455817858,0.01816974320293152,0.016364518048402783,+inf,0.017762383187222012,+inf,0.021093421518620467
0.3,confounded,logger1_heavy,train,lambda_first_strict_flip,358,335,8,23,0.9357541899441341,0.0223463687150838,0.06424581005586592,0.0,0.0,0.0018036905066914585,0.0017743700922740109,0.002862013685804854,0.0026732066079097646,0.005233182170628821,0.005044768120543441,0.007207174369756663,0.007029088583680617,0.01031888098112081,0.00909538455817858,0.01816974320293152,0.016364518048402783,+inf,0.017762383187222012,+inf,0.021093421518620467
0.3,confounded,logger1_heavy,validation,lambda_first_competitor_tie,76,72,2,4,0.9473684210526315,0.02631578947368421,0.05263157894736842,0.0,0.0,0.0009895407692956154,0.0010593450539322761,0.0017051611503253216,0.0017655040230165721,0.003941273449568187,0.003922545032468457,0.006996466059739588,0.00688253903676906,0.011776332041751162,0.009937008683345294,0.016878649207798933,0.016129874142903716,+inf,0.016640516709574903,+inf,0.021392319875846607
0.3,confounded,logger1_heavy,validation,lambda_first_top_disagreement,76,72,2,4,0.9473684210526315,0.02631578947368421,0.05263157894736842,0.0,0.0,0.0009895407692956154,0.0010593450539322761,0.0017051611503253216,0.0017655040230165721,0.003941273449568187,0.003922545032468457,0.006996466059739588,0.00688253903676906,0.011776332041751162,0.009937008683345294,0.016878649207798933,0.016129874142903716,+inf,0.016640516709574903,+inf,0.021392319875846607
0.3,confounded,logger1_heavy,validation,lambda_first_positive_regret,76,72,2,4,0.9473684210526315,0.02631578947368421,0.05263157894736842,0.0,0.0,0.0009895407692956154,0.0010593450539322761,0.0017051611503253216,0.0017655040230165721,0.003941273449568187,0.003922545032468457,0.006996466059739588,0.00688253903676906,0.011776332041751162,0.009937008683345294,0.016878649207798933,0.016129874142903716,+inf,0.016640516709574903,+inf,0.021392319875846607
0.3,confounded,logger1_heavy,validation,lambda_first_strict_flip,76,72,2,4,0.9473684210526315,0.02631578947368421,0.05263157894736842,0.0,0.0,0.0009895407692956154,0.0010593450539322761,0.0017051611503253216,0.0017655040230165721,0.003941273449568187,0.003922545032468457,0.006996466059739588,0.00688253903676906,0.011776332041751162,0.009937008683345294,0.016878649207798933,0.016129874142903716,+inf,0.016640516709574903,+inf,0.021392319875846607
0.3,confounded,logger1_heavy,test,lambda_first_competitor_tie,78,75,2,3,0.9615384615384616,0.02564102564102564,0.038461538461538464,0.0,0.0,0.0015818300125476229,0.0022352929637835628,0.0032700967396002405,0.0033629431481344107,0.005307373330627278,0.005263103767946024,0.006856234996920145,0.006582822638558851,0.008991191972445219,0.00832109928189371,0.017624743377163753,0.013351386357529726,0.019817420975005915,0.01791770789667758,+inf,0.019817420975005915
0.3,confounded,logger1_heavy,test,lambda_first_top_disagreement,78,75,2,3,0.9615384615384616,0.02564102564102564,0.038461538461538464,0.0,0.0,0.0015818300125476229,0.0022352929637835628,0.0032700967396002405,0.0033629431481344107,0.005307373330627278,0.005263103767946024,0.006856234996920145,0.006582822638558851,0.008991191972445219,0.00832109928189371,0.017624743377163753,0.013351386357529726,0.019817420975005915,0.01791770789667758,+inf,0.019817420975005915
0.3,confounded,logger1_heavy,test,lambda_first_positive_regret,78,75,2,3,0.9615384615384616,0.02564102564102564,0.038461538461538464,0.0,0.0,0.0015818300125476229,0.0022352929637835628,0.0032700967396002405,0.0033629431481344107,0.005307373330627278,0.005263103767946024,0.006856234996920145,0.006582822638558851,0.008991191972445219,0.00832109928189371,0.017624743377163753,0.013351386357529726,0.019817420975005915,0.01791770789667758,+inf,0.019817420975005915
0.3,confounded,logger1_heavy,test,lambda_first_strict_flip,78,75,2,3,0.9615384615384616,0.02564102564102564,0.038461538461538464,0.0,0.0,0.0015818300125476229,0.0022352929637835628,0.0032700967396002405,0.0033629431481344107,0.005307373330627278,0.005263103767946024,0.006856234996920145,0.006582822638558851,0.008991191972445219,0.00832109928189371,0.017624743377163753,0.013351386357529726,0.019817420975005915,0.01791770789667758,+inf,0.019817420975005915
0.3,confounded,logger1_heavy,trainval,lambda_first_competitor_tie,434,407,10,27,0.9377880184331797,0.02304147465437788,0.06221198156682028,0.0,0.0,0.0015714861188539768,0.0015535483248335614,0.002517644901810174,0.002497662983747285,0.0050101176066670175,0.004874103531980968,0.007199942616539811,0.0070067873392988455,0.010464720952913412,0.00927141013608512,0.018131059189068734,0.01625677430626578,+inf,0.017517903630051825,+inf,0.021392319875846607
0.3,confounded,logger1_heavy,trainval,lambda_first_top_disagreement,434,407,10,27,0.9377880184331797,0.02304147465437788,0.06221198156682028,0.0,0.0,0.0015714861188539768,0.0015535483248335614,0.002517644901810174,0.002497662983747285,0.0050101176066670175,0.004874103531980968,0.007199942616539811,0.0070067873392988455,0.010464720952913412,0.00927141013608512,0.018131059189068734,0.01625677430626578,+inf,0.017517903630051825,+inf,0.021392319875846607
0.3,confounded,logger1_heavy,trainval,lambda_first_positive_regret,434,407,10,27,0.9377880184331797,0.02304147465437788,0.06221198156682028,0.0,0.0,0.0015714861188539768,0.0015535483248335614,0.002517644901810174,0.002497662983747285,0.0050101176066670175,0.004874103531980968,0.007199942616539811,0.0070067873392988455,0.010464720952913412,0.00927141013608512,0.018131059189068734,0.01625677430626578,+inf,0.017517903630051825,+inf,0.021392319875846607
0.3,confounded,logger1_heavy,trainval,lambda_first_strict_flip,434,407,10,27,0.9377880184331797,0.02304147465437788,0.06221198156682028,0.0,0.0,0.0015714861188539768,0.0015535483248335614,0.002517644901810174,0.002497662983747285,0.0050101176066670175,0.004874103531980968,0.007199942616539811,0.0070067873392988455,0.010464720952913412,0.00927141013608512,0.018131059189068734,0.01625677430626578,+inf,0.017517903630051825,+inf,0.021392319875846607
0.3,confounded,logger1_heavy,initial_step_strict_unclipped,lambda_first_competitor_tie,831,777,3,54,0.9350180505415162,0.0036101083032490976,0.06498194945848375,0.0,0.0,0.0016974444566730154,0.0016843941003637608,0.004007623722771656,0.0036911824524970527,0.005683996208329019,0.005567544999771765,0.008021034429165614,0.007705050255151617,0.01552386746510416,0.010275793252907787,0.020990958279382525,0.018151945683087645,+inf,0.020527665610374297,+inf,0.023913072862020192
0.3,confounded,logger1_heavy,initial_step_strict_unclipped,lambda_first_top_disagreement,831,777,3,54,0.9350180505415162,0.0036101083032490976,0.06498194945848375,0.0,0.0,0.0016974444566730154,0.0016843941003637608,0.004007623722771656,0.0036911824524970527,0.005683996208329019,0.005567544999771765,0.008021034429165614,0.007705050255151617,0.01552386746510416,0.010275793252907787,0.020990958279382525,0.018151945683087645,+inf,0.020527665610374297,+inf,0.023913072862020192
0.3,confounded,logger1_heavy,initial_step_strict_unclipped,lambda_first_positive_regret,831,777,3,54,0.9350180505415162,0.0036101083032490976,0.06498194945848375,0.0,0.0,0.0016974444566730154,0.0016843941003637608,0.004007623722771656,0.0036911824524970527,0.005683996208329019,0.005567544999771765,0.008021034429165614,0.007705050255151617,0.01552386746510416,0.010275793252907787,0.020990958279382525,0.018151945683087645,+inf,0.020527665610374297,+inf,0.023913072862020192
0.3,confounded,logger1_heavy,initial_step_strict_unclipped,lambda_first_strict_flip,831,777,3,54,0.9350180505415162,0.0036101083032490976,0.06498194945848375,0.0,0.0,0.0016974444566730154,0.0016843941003637608,0.004007623722771656,0.0036911824524970527,0.005683996208329019,0.005567544999771765,0.008021034429165614,0.007705050255151617,0.01552386746510416,0.010275793252907787,0.020990958279382525,0.018151945683087645,+inf,0.020527665610374297,+inf,0.023913072862020192
0.3,confounded,logger1_heavy,any_clipping,lambda_first_competitor_tie,1217,1099,34,118,0.9030402629416598,0.027937551355792935,0.09695973705834018,0.0,0.0,0.0018036905066914585,0.0015281211767149926,0.003387823920246659,0.0030737514814281035,0.005914732787585057,0.005552051967138916,0.009954623701914226,0.008942097849390113,0.01810307148572502,0.017470814334551214,0.021340861403153662,0.01880846068295738,+inf,0.019862841186384313,+inf,0.02417366623096564
0.3,confounded,logger1_heavy,any_clipping,lambda_first_top_disagreement,1217,1099,34,118,0.9030402629416598,0.027937551355792935,0.09695973705834018,0.0,0.0,0.0018036905066914585,0.0015281211767149926,0.003387823920246659,0.0030737514814281035,0.005914732787585057,0.005552051967138916,0.009954623701914226,0.008942097849390113,0.01810307148572502,0.017470814334551214,0.021340861403153662,0.01880846068295738,+inf,0.019862841186384313,+inf,0.02417366623096564
0.3,confounded,logger1_heavy,any_clipping,lambda_first_positive_regret,1217,1099,34,118,0.9030402629416598,0.027937551355792935,0.09695973705834018,0.0,0.0,0.0018036905066914585,0.0015281211767149926,0.003387823920246659,0.0030737514814281035,0.005914732787585057,0.005552051967138916,0.009954623701914226,0.008942097849390113,0.01810307148572502,0.017470814334551214,0.021340861403153662,0.01880846068295738,+inf,0.019862841186384313,+inf,0.02417366623096564
0.3,confounded,logger1_heavy,any_clipping,lambda_first_strict_flip,1217,1099,34,118,0.9030402629416598,0.027937551355792935,0.09695973705834018,0.0,0.0,0.0018036905066914585,0.0015281211767149926,0.003387823920246659,0.0030737514814281035,0.005914732787585057,0.005552051967138916,0.009954623701914226,0.008942097849390113,0.01810307148572502,0.017470814334551214,0.021340861403153662,0.01880846068295738,+inf,0.019862841186384313,+inf,0.02417366623096564
0.3,confounded,logger12_balanced,all,lambda_first_competitor_tie,2048,1875,32,173,0.91552734375,0.015625,0.08447265625,0.0,0.0,0.001945263038151494,0.0018528196252135902,0.004011217689655991,0.00359906998967574,0.006478405031679439,0.006264774172083282,0.009907244856030378,0.0094341490304443,0.01985081064464378,0.01838677185449315,0.023687747948650067,0.02096703457926911,+inf,0.022513994151822647,+inf,0.027118836533828926
0.3,confounded,logger12_balanced,all,lambda_first_top_disagreement,2048,1875,32,173,0.91552734375,0.015625,0.08447265625,0.0,0.0,0.001945263038151494,0.0018528196252135902,0.004011217689655991,0.00359906998967574,0.006478405031679439,0.006264774172083282,0.009907244856030378,0.0094341490304443,0.01985081064464378,0.01838677185449315,0.023687747948650067,0.02096703457926911,+inf,0.022513994151822647,+inf,0.027118836533828926
0.3,confounded,logger12_balanced,all,lambda_first_positive_regret,2048,1875,32,173,0.91552734375,0.015625,0.08447265625,0.0,0.0,0.001945263038151494,0.0018528196252135902,0.004011217689655991,0.00359906998967574,0.006478405031679439,0.006264774172083282,0.009907244856030378,0.0094341490304443,0.01985081064464378,0.01838677185449315,0.023687747948650067,0.02096703457926911,+inf,0.022513994151822647,+inf,0.027118836533828926
0.3,confounded,logger12_balanced,all,lambda_first_strict_flip,2048,1875,32,173,0.91552734375,0.015625,0.08447265625,0.0,0.0,0.001945263038151494,0.0018528196252135902,0.004011217689655991,0.00359906998967574,0.006478405031679439,0.006264774172083282,0.009907244856030378,0.0094341490304443,0.01985081064464378,0.01838677185449315,0.023687747948650067,0.02096703457926911,+inf,0.022513994151822647,+inf,0.027118836533828926
0.3,confounded,logger12_balanced,train,lambda_first_competitor_tie,358,335,8,23,0.9357541899441341,0.0223463687150838,0.06424581005586592,0.0,0.0,0.0019182417907674203,0.0019109778273524263,0.0030396660356268868,0.0028871530492922126,0.005899115010666126,0.005665471064411065,0.00812676124952579,0.007894759676540335,0.011549421807276843,0.01015305793553097,0.020381369576304802,0.01840120473538528,+inf,0.019927603681968446,+inf,0.023663770557402024
0.3,confounded,logger12_balanced,train,lambda_first_top_disagreement,358,335,8,23,0.9357541899441341,0.0223463687150838,0.06424581005586592,0.0,0.0,0.0019182417907674203,0.0019109778273524263,0.0030396660356268868,0.0028871530492922126,0.005899115010666126,0.005665471064411065,0.00812676124952579,0.007894759676540335,0.011549421807276843,0.01015305793553097,0.020381369576304802,0.01840120473538528,+inf,0.019927603681968446,+inf,0.023663770557402024
0.3,confounded,logger12_balanced,train,lambda_first_positive_regret,358,335,8,23,0.9357541899441341,0.0223463687150838,0.06424581005586592,0.0,0.0,0.0019182417907674203,0.0019109778273524263,0.0030396660356268868,0.0028871530492922126,0.005899115010666126,0.005665471064411065,0.00812676124952579,0.007894759676540335,0.011549421807276843,0.01015305793553097,0.020381369576304802,0.01840120473538528,+inf,0.019927603681968446,+inf,0.023663770557402024
0.3,confounded,logger12_balanced,train,lambda_first_strict_flip,358,335,8,23,0.9357541899441341,0.0223463687150838,0.06424581005586592,0.0,0.0,0.0019182417907674203,0.0019109778273524263,0.0030396660356268868,0.0028871530492922126,0.005899115010666126,0.005665471064411065,0.00812676124952579,0.007894759676540335,0.011549421807276843,0.01015305793553097,0.020381369576304802,0.01840120473538528,+inf,0.019927603681968446,+inf,0.023663770557402024
0.3,confounded,logger12_balanced,validation,lambda_first_competitor_tie,76,72,2,4,0.9473684210526315,0.02631578947368421,0.05263157894736842,0.0,0.0,0.0011019210466815346,0.0011595775620351632,0.0017576958627100547,0.001846742478316991,0.004427515685851979,0.004406513290509442,0.007854257260260233,0.007723611017136367,0.013047573969244091,0.011116349682031384,0.018937190582134132,0.01809739888533775,+inf,0.01860385818159838,+inf,0.02399945549602952
0.3,confounded,logger12_balanced,validation,lambda_first_top_disagreement,76,72,2,4,0.9473684210526315,0.02631578947368421,0.05263157894736842,0.0,0.0,0.0011019210466815346,0.0011595775620351632,0.0017576958627100547,0.001846742478316991,0.004427515685851979,0.004406513290509442,0.007854257260260233,0.007723611017136367,0.013047573969244091,0.011116349682031384,0.018937190582134132,0.01809739888533775,+inf,0.01860385818159838,+inf,0.02399945549602952
0.3,confounded,logger12_balanced,validation,lambda_first_positive_regret,76,72,2,4,0.9473684210526315,0.02631578947368421,0.05263157894736842,0.0,0.0,0.0011019210466815346,0.0011595775620351632,0.0017576958627100547,0.001846742478316991,0.004427515685851979,0.004406513290509442,0.007854257260260233,0.007723611017136367,0.013047573969244091,0.011116349682031384,0.018937190582134132,0.01809739888533775,+inf,0.01860385818159838,+inf,0.02399945549602952
0.3,confounded,logger12_balanced,validation,lambda_first_strict_flip,76,72,2,4,0.9473684210526315,0.02631578947368421,0.05263157894736842,0.0,0.0,0.0011019210466815346,0.0011595775620351632,0.0017576958627100547,0.001846742478316991,0.004427515685851979,0.004406513290509442,0.007854257260260233,0.007723611017136367,0.013047573969244091,0.011116349682031384,0.018937190582134132,0.01809739888533775,+inf,0.01860385818159838,+inf,0.02399945549602952
0.3,confounded,logger12_balanced,test,lambda_first_competitor_tie,78,75,2,3,0.9615384615384616,0.02564102564102564,0.038461538461538464,0.0,0.0,0.0017818423116411353,0.0025532294669013598,0.003608410618856084,0.0037391495805850403,0.005960106046417983,0.005910439852172915,0.007697019673762462,0.0075753212623164146,0.010065025050800536,0.009316365579071414,0.019774009746832043,0.014865826724001916,0.022231549231860697,0.02010167434331119,+inf,0.022231549231860697
0.3,confounded,logger12_balanced,test,lambda_first_top_disagreement,78,75,2,3,0.9615384615384616,0.02564102564102564,0.038461538461538464,0.0,0.0,0.0017818423116411353,0.0025532294669013598,0.003608410618856084,0.0037391495805850403,0.005960106046417983,0.005910439852172915,0.007697019673762462,0.0075753212623164146,0.010065025050800536,0.009316365579071414,0.019774009746832043,0.014865826724001916,0.022231549231860697,0.02010167434331119,+inf,0.022231549231860697
0.3,confounded,logger12_balanced,test,lambda_first_positive_regret,78,75,2,3,0.9615384615384616,0.02564102564102564,0.038461538461538464,0.0,0.0,0.0017818423116411353,0.0025532294669013598,0.003608410618856084,0.0037391495805850403,0.005960106046417983,0.005910439852172915,0.007697019673762462,0.0075753212623164146,0.010065025050800536,0.009316365579071414,0.019774009746832043,0.014865826724001916,0.022231549231860697,0.02010167434331119,+inf,0.022231549231860697
0.3,confounded,logger12_balanced,test,lambda_first_strict_flip,78,75,2,3,0.9615384615384616,0.02564102564102564,0.038461538461538464,0.0,0.0,0.0017818423116411353,0.0025532294669013598,0.003608410618856084,0.0037391495805850403,0.005960106046417983,0.005910439852172915,0.007697019673762462,0.0075753212623164146,0.010065025050800536,0.009316365579071414,0.019774009746832043,0.014865826724001916,0.022231549231860697,0.02010167434331119,+inf,0.022231549231860697
0.3,confounded,logger12_balanced,trainval,lambda_first_competitor_tie,434,407,10,27,0.9377880184331797,0.02304147465437788,0.06221198156682028,0.0,0.0,0.0017412350679772242,0.001667895881898529,0.0028680256136437428,0.002767982453607321,0.00562686163588714,0.005475395268204064,0.008090729144610473,0.007854257260260233,0.011836965922237635,0.010369295037807775,0.02034186610371395,0.018239747072419675,+inf,0.01965419504002212,+inf,0.02399945549602952
0.3,confounded,logger12_balanced,trainval,lambda_first_top_disagreement,434,407,10,27,0.9377880184331797,0.02304147465437788,0.06221198156682028,0.0,0.0,0.0017412350679772242,0.001667895881898529,0.0028680256136437428,0.002767982453607321,0.00562686163588714,0.005475395268204064,0.008090729144610473,0.007854257260260233,0.011836965922237635,0.010369295037807775,0.02034186610371395,0.018239747072419675,+inf,0.01965419504002212,+inf,0.02399945549602952
0.3,confounded,logger12_balanced,trainval,lambda_first_positive_regret,434,407,10,27,0.9377880184331797,0.02304147465437788,0.06221198156682028,0.0,0.0,0.0017412350679772242,0.001667895881898529,0.0028680256136437428,0.002767982453607321,0.00562686163588714,0.005475395268204064,0.008090729144610473,0.007854257260260233,0.011836965922237635,0.010369295037807775,0.02034186610371395,0.018239747072419675,+inf,0.01965419504002212,+inf,0.02399945549602952
0.3,confounded,logger12_balanced,trainval,lambda_first_strict_flip,434,407,10,27,0.9377880184331797,0.02304147465437788,0.06221198156682028,0.0,0.0,0.0017412350679772242,0.001667895881898529,0.0028680256136437428,0.002767982453607321,0.00562686163588714,0.005475395268204064,0.008090729144610473,0.007854257260260233,0.011836965922237635,0.010369295037807775,0.02034186610371395,0.018239747072419675,+inf,0.01965419504002212,+inf,0.02399945549602952
0.3,confounded,logger12_balanced,initial_step_strict_unclipped,lambda_first_competitor_tie,831,776,1,55,0.9338146811070999,0.0012033694344163659,0.06618531889290012,0.0,0.0,0.0019182417907674203,0.001903504664719502,0.004514871809686571,0.004277285215106286,0.006385736100959309,0.006268084790043426,0.00903083296236525,0.008666130545669967,0.017588811376656466,0.011554682376640665,0.023567379685024058,0.020370152612624686,+inf,0.023018202930278158,+inf,0.026826582360389338
0.3,confounded,logger12_balanced,initial_step_strict_unclipped,lambda_first_top_disagreement,831,776,1,55,0.9338146811070999,0.0012033694344163659,0.06618531889290012,0.0,0.0,0.0019182417907674203,0.001903504664719502,0.004514871809686571,0.004277285215106286,0.006385736100959309,0.006268084790043426,0.00903083296236525,0.008666130545669967,0.017588811376656466,0.011554682376640665,0.023567379685024058,0.020370152612624686,+inf,0.023018202930278158,+inf,0.026826582360389338
0.3,confounded,logger12_balanced,initial_step_strict_unclipped,lambda_first_positive_regret,831,776,1,55,0.9338146811070999,0.0012033694344163659,0.06618531889290012,0.0,0.0,0.0019182417907674203,0.001903504664719502,0.004514871809686571,0.004277285215106286,0.006385736100959309,0.006268084790043426,0.00903083296236525,0.008666130545669967,0.017588811376656466,0.011554682376640665,0.023567379685024058,0.020370152612624686,+inf,0.023018202930278158,+inf,0.026826582360389338
0.3,confounded,logger12_balanced,initial_step_strict_unclipped,lambda_first_strict_flip,831,776,1,55,0.9338146811070999,0.0012033694344163659,0.06618531889290012,0.0,0.0,0.0019182417907674203,0.001903504664719502,0.004514871809686571,0.004277285215106286,0.006385736100959309,0.006268084790043426,0.00903083296236525,0.008666130545669967,0.017588811376656466,0.011554682376640665,0.023567379685024058,0.020370152612624686,+inf,0.023018202930278158,+inf,0.026826582360389338
0.3,confounded,logger12_balanced,any_clipping,lambda_first_competitor_tie,1217,1099,31,118,0.9030402629416598,0.025472473294987676,0.09695973705834018,0.0,0.0,0.001945263038151494,0.001725818597620517,0.003833607928486933,0.0035100583330149133,0.006596210890900862,0.006252002065118463,0.011230936622605991,0.010058083580971598,0.02030866953442123,0.019599587508503845,0.023941773468648307,0.02110156797752527,+inf,0.022276841565846677,+inf,0.027118836533828926
0.3,confounded,logger12_balanced,any_clipping,lambda_first_top_disagreement,1217,1099,31,118,0.9030402629416598,0.025472473294987676,0.09695973705834018,0.0,0.0,0.001945263038151494,0.001725818597620517,0.003833607928486933,0.0035100583330149133,0.006596210890900862,0.006252002065118463,0.011230936622605991,0.010058083580971598,0.02030866953442123,0.019599587508503845,0.023941773468648307,0.02110156797752527,+inf,0.022276841565846677,+inf,0.027118836533828926
0.3,confounded,logger12_balanced,any_clipping,lambda_first_positive_regret,1217,1099,31,118,0.9030402629416598,0.025472473294987676,0.09695973705834018,0.0,0.0,0.001945263038151494,0.001725818597620517,0.003833607928486933,0.0035100583330149133,0.006596210890900862,0.006252002065118463,0.011230936622605991,0.010058083580971598,0.02030866953442123,0.019599587508503845,0.023941773468648307,0.02110156797752527,+inf,0.022276841565846677,+inf,0.027118836533828926
0.3,confounded,logger12_balanced,any_clipping,lambda_first_strict_flip,1217,1099,31,118,0.9030402629416598,0.025472473294987676,0.09695973705834018,0.0,0.0,0.001945263038151494,0.001725818597620517,0.003833607928486933,0.0035100583330149133,0.006596210890900862,0.006252002065118463,0.011230936622605991,0.010058083580971598,0.02030866953442123,0.019599587508503845,0.023941773468648307,0.02110156797752527,+inf,0.022276841565846677,+inf,0.027118836533828926
0.3,confounded,logger2_heavy,all,lambda_first_competitor_tie,2048,1873,26,175,0.91455078125,0.0126953125,0.08544921875,0.0,0.0,0.002352312569423365,0.0022249760461149127,0.0048501319751371175,0.004474162413814131,0.007681347655229764,0.007413661833330143,0.01176537376404685,0.01119640243022535,0.023522616836789467,0.021850804810737312,0.028090605885857656,0.024834808959192257,+inf,0.026676161558332606,+inf,0.03212562604869651
0.3,confounded,logger2_heavy,all,lambda_first_top_disagreement,2048,1873,26,175,0.91455078125,0.0126953125,0.08544921875,0.0,0.0,0.002352312569423365,0.0022249760461149127,0.0048501319751371175,0.004474162413814131,0.007681347655229764,0.007413661833330143,0.01176537376404685,0.01119640243022535,0.023522616836789467,0.021850804810737312,0.028090605885857656,0.024834808959192257,+inf,0.026676161558332606,+inf,0.03212562604869651
0.3,confounded,logger2_heavy,all,lambda_first_positive_regret,2048,1873,26,175,0.91455078125,0.0126953125,0.08544921875,0.0,0.0,0.002352312569423365,0.0022249760461149127,0.0048501319751371175,0.004474162413814131,0.007681347655229764,0.007413661833330143,0.01176537376404685,0.01119640243022535,0.023522616836789467,0.021850804810737312,0.028090605885857656,0.024834808959192257,+inf,0.026676161558332606,+inf,0.03212562604869651
0.3,confounded,logger2_heavy,all,lambda_first_strict_flip,2048,1873,26,175,0.91455078125,0.0126953125,0.08544921875,0.0,0.0,0.002352312569423365,0.0022249760461149127,0.0048501319751371175,0.004474162413814131,0.007681347655229764,0.007413661833330143,0.01176537376404685,0.01119640243022535,0.023522616836789467,0.021850804810737312,0.028090605885857656,0.024834808959192257,+inf,0.026676161558332606,+inf,0.03212562604869651
0.3,confounded,logger2_heavy,train,lambda_first_competitor_tie,358,334,7,24,0.9329608938547486,0.019553072625698324,0.0670391061452514,0.0,0.0,0.002279127988730756,0.002246695604785648,0.004025194730761905,0.003445818474016299,0.007068074611930375,0.006784676199543538,0.00969732857520722,0.009356830304074137,0.013463087081384773,0.012011354917316586,0.024321773305214123,0.021899739312851815,+inf,0.02363023832566092,+inf,0.028033363923330668
0.3,confounded,logger2_heavy,train,lambda_first_top_disagreement,358,334,7,24,0.9329608938547486,0.019553072625698324,0.0670391061452514,0.0,0.0,0.002279127988730756,0.002246695604785648,0.004025194730761905,0.003445818474016299,0.007068074611930375,0.006784676199543538,0.00969732857520722,0.009356830304074137,0.013463087081384773,0.012011354917316586,0.024321773305214123,0.021899739312851815,+inf,0.02363023832566092,+inf,0.028033363923330668
0.3,confounded,logger2_heavy,train,lambda_first_positive_regret,358,334,7,24,0.9329608938547486,0.019553072625698324,0.0670391061452514,0.0,0.0,0.002279127988730756,0.002246695604785648,0.004025194730761905,0.003445818474016299,0.007068074611930375,0.006784676199543538,0.00969732857520722,0.009356830304074137,0.013463087081384773,0.012011354917316586,0.024321773305214123,0.021899739312851815,+inf,0.02363023832566092,+inf,0.028033363923330668
0.3,confounded,logger2_heavy,train,lambda_first_strict_flip,358,334,7,24,0.9329608938547486,0.019553072625698324,0.0670391061452514,0.0,0.0,0.002279127988730756,0.002246695604785648,0.004025194730761905,0.003445818474016299,0.007068074611930375,0.006784676199543538,0.00969732857520722,0.009356830304074137,0.013463087081384773,0.012011354917316586,0.024321773305214123,0.021899739312851815,+inf,0.02363023832566092,+inf,0.028033363923330668
0.3,confounded,logger2_heavy,validation,lambda_first_competitor_tie,76,72,2,4,0.9473684210526315,0.02631578947368421,0.05263157894736842,0.0,0.0,0.0012929675182415945,0.001300974868782473,0.0018470048737651013,0.00197992264178335,0.005254127487534677,0.005229259329179364,0.009312502301145331,0.009153433383761789,0.015208685245983067,0.013162261349839416,0.022436710918504965,0.021442190947475615,+inf,0.021969345380216967,+inf,0.028431586050341462
0.3,confounded,logger2_heavy,validation,lambda_first_top_disagreement,76,72,2,4,0.9473684210526315,0.02631578947368421,0.05263157894736842,0.0,0.0,0.0012929675182415945,0.001300974868782473,0.0018470048737651013,0.00197992264178335,0.005254127487534677,0.005229259329179364,0.009312502301145331,0.009153433383761789,0.015208685245983067,0.013162261349839416,0.022436710918504965,0.021442190947475615,+inf,0.021969345380216967,+inf,0.028431586050341462
0.3,confounded,logger2_heavy,validation,lambda_first_positive_regret,76,72,2,4,0.9473684210526315,0.02631578947368421,0.05263157894736842,0.0,0.0,0.0012929675182415945,0.001300974868782473,0.0018470048737651013,0.00197992264178335,0.005254127487534677,0.005229259329179364,0.009312502301145331,0.009153433383761789,0.015208685245983067,0.013162261349839416,0.022436710918504965,0.021442190947475615,+inf,0.021969345380216967,+inf,0.028431586050341462
0.3,confounded,logger2_heavy,validation,lambda_first_strict_flip,76,72,2,4,0.9473684210526315,0.02631578947368421,0.05263157894736842,0.0,0.0,0.0012929675182415945,0.001300974868782473,0.0018470048737651013,0.00197992264178335,0.005254127487534677,0.005229259329179364,0.009312502301145331,0.009153433383761789,0.015208685245983067,0.013162261349839416,0.022436710918504965,0.021442190947475615,+inf,0.021969345380216967,+inf,0.028431586050341462
0.3,confounded,logger2_heavy,test,lambda_first_competitor_tie,78,75,2,3,0.9615384615384616,0.02564102564102564,0.038461538461538464,0.0,0.0,0.002121863220099107,0.003093721522202364,0.004217677905632877,0.004399180730976626,0.007069751663261181,0.0070109111953601255,0.00925101484651547,0.009216850147951261,0.011930531304496617,0.011008318284273011,0.02342776257526913,0.01744037534700584,0.026335567268514826,0.023814417302589916,+inf,0.026335567268514826
0.3,confounded,logger2_heavy,test,lambda_first_top_disagreement,78,75,2,3,0.9615384615384616,0.02564102564102564,0.038461538461538464,0.0,0.0,0.002121863220099107,0.003093721522202364,0.004217677905632877,0.004399180730976626,0.007069751663261181,0.0070109111953601255,0.00925101484651547,0.009216850147951261,0.011930531304496617,0.011008318284273011,0.02342776257526913,0.01744037534700584,0.026335567268514826,0.023814417302589916,+inf,0.026335567268514826
0.3,confounded,logger2_heavy,test,lambda_first_positive_regret,78,75,2,3,0.9615384615384616,0.02564102564102564,0.038461538461538464,0.0,0.0,0.002121863220099107,0.003093721522202364,0.004217677905632877,0.004399180730976626,0.007069751663261181,0.0070109111953601255,0.00925101484651547,0.009216850147951261,0.011930531304496617,0.011008318284273011,0.02342776257526913,0.01744037534700584,0.026335567268514826,0.023814417302589916,+inf,0.026335567268514826
0.3,confounded,logger2_heavy,test,lambda_first_strict_flip,78,75,2,3,0.9615384615384616,0.02564102564102564,0.038461538461538464,0.0,0.0,0.002121863220099107,0.003093721522202364,0.004217677905632877,0.004399180730976626,0.007069751663261181,0.0070109111953601255,0.00925101484651547,0.009216850147951261,0.011930531304496617,0.011008318284273011,0.02342776257526913,0.01744037534700584,0.026335567268514826,0.023814417302589916,+inf,0.026335567268514826
0.3,confounded,logger2_heavy,trainval,lambda_first_competitor_tie,434,406,9,28,0.9354838709677419,0.020737327188940093,0.06451612903225806,0.0,0.0,0.0020733714955353255,0.002054045351106537,0.00334045439473174,0.0032705069022171407,0.006691295168520295,0.006568939165703919,0.009685672419618985,0.009303384048904573,0.014204875412836548,0.012204871609455575,0.024104357475606353,0.021562252905349882,+inf,0.023287637194439492,+inf,0.028431586050341462
0.3,confounded,logger2_heavy,trainval,lambda_first_top_disagreement,434,406,9,28,0.9354838709677419,0.020737327188940093,0.06451612903225806,0.0,0.0,0.0020733714955353255,0.002054045351106537,0.00334045439473174,0.0032705069022171407,0.006691295168520295,0.006568939165703919,0.009685672419618985,0.009303384048904573,0.014204875412836548,0.012204871609455575,0.024104357475606353,0.021562252905349882,+inf,0.023287637194439492,+inf,0.028431586050341462
0.3,confounded,logger2_heavy,trainval,lambda_first_positive_regret,434,406,9,28,0.9354838709677419,0.020737327188940093,0.06451612903225806,0.0,0.0,0.0020733714955353255,0.002054045351106537,0.00334045439473174,0.0032705069022171407,0.006691295168520295,0.006568939165703919,0.009685672419618985,0.009303384048904573,0.014204875412836548,0.012204871609455575,0.024104357475606353,0.021562252905349882,+inf,0.023287637194439492,+inf,0.028431586050341462
0.3,confounded,logger2_heavy,trainval,lambda_first_strict_flip,434,406,9,28,0.9354838709677419,0.020737327188940093,0.06451612903225806,0.0,0.0,0.0020733714955353255,0.002054045351106537,0.00334045439473174,0.0032705069022171407,0.006691295168520295,0.006568939165703919,0.009685672419618985,0.009303384048904573,0.014204875412836548,0.012204871609455575,0.024104357475606353,0.021562252905349882,+inf,0.023287637194439492,+inf,0.028431586050341462
0.3,confounded,logger2_heavy,initial_step_strict_unclipped,lambda_first_competitor_tie,831,776,1,55,0.9338146811070999,0.0012033694344163659,0.06618531889290012,0.0,0.0,0.002279127988730756,0.0022626185008963046,0.005358315924268275,0.005056691055957907,0.007573292290577793,0.007446345467880422,0.010816073477248,0.01028210987240269,0.020638413165325664,0.013625316866095694,0.02791992859431669,0.024133768164725955,+inf,0.027247922938976987,+inf,0.031779548507616884
0.3,confounded,logger2_heavy,initial_step_strict_unclipped,lambda_first_top_disagreement,831,776,1,55,0.9338146811070999,0.0012033694344163659,0.06618531889290012,0.0,0.0,0.002279127988730756,0.0022626185008963046,0.005358315924268275,0.005056691055957907,0.007573292290577793,0.007446345467880422,0.010816073477248,0.01028210987240269,0.020638413165325664,0.013625316866095694,0.02791992859431669,0.024133768164725955,+inf,0.027247922938976987,+inf,0.031779548507616884
0.3,confounded,logger2_heavy,initial_step_strict_unclipped,lambda_first_positive_regret,831,776,1,55,0.9338146811070999,0.0012033694344163659,0.06618531889290012,0.0,0.0,0.002279127988730756,0.0022626185008963046,0.005358315924268275,0.005056691055957907,0.007573292290577793,0.007446345467880422,0.010816073477248,0.01028210987240269,0.020638413165325664,0.013625316866095694,0.02791992859431669,0.024133768164725955,+inf,0.027247922938976987,+inf,0.031779548507616884
0.3,confounded,logger2_heavy,initial_step_strict_unclipped,lambda_first_strict_flip,831,776,1,55,0.9338146811070999,0.0012033694344163659,0.06618531889290012,0.0,0.0,0.002279127988730756,0.0022626185008963046,0.005358315924268275,0.005056691055957907,0.007573292290577793,0.007446345467880422,0.010816073477248,0.01028210987240269,0.020638413165325664,0.013625316866095694,0.02791992859431669,0.024133768164725955,+inf,0.027247922938976987,+inf,0.031779548507616884
0.3,confounded,logger2_heavy,any_clipping,lambda_first_competitor_tie,1217,1097,25,120,0.9013968775677896,0.020542317173377157,0.09860312243221035,0.0,0.0,0.0024024729241042264,0.0021208200675613574,0.004763543916418533,0.004384358790445098,0.007820326662065169,0.007388010208602802,0.013403431816574773,0.011973358987468652,0.024065297472761205,0.023221791067536524,0.031083888991289776,0.02500432932052079,+inf,0.026388203456605374,+inf,0.03212562604869651
0.3,confounded,logger2_heavy,any_clipping,lambda_first_top_disagreement,1217,1097,25,120,0.9013968775677896,0.020542317173377157,0.09860312243221035,0.0,0.0,0.0024024729241042264,0.0021208200675613574,0.004763543916418533,0.004384358790445098,0.007820326662065169,0.007388010208602802,0.013403431816574773,0.011973358987468652,0.024065297472761205,0.023221791067536524,0.031083888991289776,0.02500432932052079,+inf,0.026388203456605374,+inf,0.03212562604869651
0.3,confounded,logger2_heavy,any_clipping,lambda_first_positive_regret,1217,1097,25,120,0.9013968775677896,0.020542317173377157,0.09860312243221035,0.0,0.0,0.0024024729241042264,0.0021208200675613574,0.004763543916418533,0.004384358790445098,0.007820326662065169,0.007388010208602802,0.013403431816574773,0.011973358987468652,0.024065297472761205,0.023221791067536524,0.031083888991289776,0.02500432932052079,+inf,0.026388203456605374,+inf,0.03212562604869651
0.3,confounded,logger2_heavy,any_clipping,lambda_first_strict_flip,1217,1097,25,120,0.9013968775677896,0.020542317173377157,0.09860312243221035,0.0,0.0,0.0024024729241042264,0.0021208200675613574,0.004763543916418533,0.004384358790445098,0.007820326662065169,0.007388010208602802,0.013403431816574773,0.011973358987468652,0.024065297472761205,0.023221791067536524,0.031083888991289776,0.02500432932052079,+inf,0.026388203456605374,+inf,0.03212562604869651
0.3,independent_latents,logger1_heavy,all,lambda_first_competitor_tie,2048,0,0,2048,0.0,0.0,1.0,+inf,,+inf,,+inf,,+inf,,+inf,,+inf,,+inf,,+inf,,+inf,
0.3,independent_latents,logger1_heavy,all,lambda_first_top_disagreement,2048,0,0,2048,0.0,0.0,1.0,+inf,,+inf,,+inf,,+inf,,+inf,,+inf,,+inf,,+inf,,+inf,
0.3,independent_latents,logger1_heavy,all,lambda_first_positive_regret,2048,0,0,2048,0.0,0.0,1.0,+inf,,+inf,,+inf,,+inf,,+inf,,+inf,,+inf,,+inf,,+inf,
0.3,independent_latents,logger1_heavy,all,lambda_first_strict_flip,2048,0,0,2048,0.0,0.0,1.0,+inf,,+inf,,+inf,,+inf,,+inf,,+inf,,+inf,,+inf,,+inf,
0.3,independent_latents,logger1_heavy,train,lambda_first_competitor_tie,358,0,0,358,0.0,0.0,1.0,+inf,,+inf,,+inf,,+inf,,+inf,,+inf,,+inf,,+inf,,+inf,
0.3,independent_latents,logger1_heavy,train,lambda_first_top_disagreement,358,0,0,358,0.0,0.0,1.0,+inf,,+inf,,+inf,,+inf,,+inf,,+inf,,+inf,,+inf,,+inf,
0.3,independent_latents,logger1_heavy,train,lambda_first_positive_regret,358,0,0,358,0.0,0.0,1.0,+inf,,+inf,,+inf,,+inf,,+inf,,+inf,,+inf,,+inf,,+inf,
0.3,independent_latents,logger1_heavy,train,lambda_first_strict_flip,358,0,0,358,0.0,0.0,1.0,+inf,,+inf,,+inf,,+inf,,+inf,,+inf,,+inf,,+inf,,+inf,
0.3,independent_latents,logger1_heavy,validation,lambda_first_competitor_tie,76,0,0,76,0.0,0.0,1.0,+inf,,+inf,,+inf,,+inf,,+inf,,+inf,,+inf,,+inf,,+inf,
0.3,independent_latents,logger1_heavy,validation,lambda_first_top_disagreement,76,0,0,76,0.0,0.0,1.0,+inf,,+inf,,+inf,,+inf,,+inf,,+inf,,+inf,,+inf,,+inf,
0.3,independent_latents,logger1_heavy,validation,lambda_first_positive_regret,76,0,0,76,0.0,0.0,1.0,+inf,,+inf,,+inf,,+inf,,+inf,,+inf,,+inf,,+inf,,+inf,
0.3,independent_latents,logger1_heavy,validation,lambda_first_strict_flip,76,0,0,76,0.0,0.0,1.0,+inf,,+inf,,+inf,,+inf,,+inf,,+inf,,+inf,,+inf,,+inf,
0.3,independent_latents,logger1_heavy,test,lambda_first_competitor_tie,78,0,0,78,0.0,0.0,1.0,+inf,,+inf,,+inf,,+inf,,+inf,,+inf,,+inf,,+inf,,+inf,
0.3,independent_latents,logger1_heavy,test,lambda_first_top_disagreement,78,0,0,78,0.0,0.0,1.0,+inf,,+inf,,+inf,,+inf,,+inf,,+inf,,+inf,,+inf,,+inf,
0.3,independent_latents,logger1_heavy,test,lambda_first_positive_regret,78,0,0,78,0.0,0.0,1.0,+inf,,+inf,,+inf,,+inf,,+inf,,+inf,,+inf,,+inf,,+inf,
0.3,independent_latents,logger1_heavy,test,lambda_first_strict_flip,78,0,0,78,0.0,0.0,1.0,+inf,,+inf,,+inf,,+inf,,+inf,,+inf,,+inf,,+inf,,+inf,
0.3,independent_latents,logger1_heavy,trainval,lambda_first_competitor_tie,434,0,0,434,0.0,0.0,1.0,+inf,,+inf,,+inf,,+inf,,+inf,,+inf,,+inf,,+inf,,+inf,
0.3,independent_latents,logger1_heavy,trainval,lambda_first_top_disagreement,434,0,0,434,0.0,0.0,1.0,+inf,,+inf,,+inf,,+inf,,+inf,,+inf,,+inf,,+inf,,+inf,
0.3,independent_latents,logger1_heavy,trainval,lambda_first_positive_regret,434,0,0,434,0.0,0.0,1.0,+inf,,+inf,,+inf,,+inf,,+inf,,+inf,,+inf,,+inf,,+inf,
0.3,independent_latents,logger1_heavy,trainval,lambda_first_strict_flip,434,0,0,434,0.0,0.0,1.0,+inf,,+inf,,+inf,,+inf,,+inf,,+inf,,+inf,,+inf,,+inf,
0.3,independent_latents,logger1_heavy,initial_step_strict_unclipped,lambda_first_competitor_tie,831,0,0,831,0.0,0.0,1.0,+inf,,+inf,,+inf,,+inf,,+inf,,+inf,,+inf,,+inf,,+inf,
0.3,independent_latents,logger1_heavy,initial_step_strict_unclipped,lambda_first_top_disagreement,831,0,0,831,0.0,0.0,1.0,+inf,,+inf,,+inf,,+inf,,+inf,,+inf,,+inf,,+inf,,+inf,
0.3,independent_latents,logger1_heavy,initial_step_strict_unclipped,lambda_first_positive_regret,831,0,0,831,0.0,0.0,1.0,+inf,,+inf,,+inf,,+inf,,+inf,,+inf,,+inf,,+inf,,+inf,
0.3,independent_latents,logger1_heavy,initial_step_strict_unclipped,lambda_first_strict_flip,831,0,0,831,0.0,0.0,1.0,+inf,,+inf,,+inf,,+inf,,+inf,,+inf,,+inf,,+inf,,+inf,
0.3,independent_latents,logger1_heavy,any_clipping,lambda_first_competitor_tie,1217,0,0,1217,0.0,0.0,1.0,+inf,,+inf,,+inf,,+inf,,+inf,,+inf,,+inf,,+inf,,+inf,
0.3,independent_latents,logger1_heavy,any_clipping,lambda_first_top_disagreement,1217,0,0,1217,0.0,0.0,1.0,+inf,,+inf,,+inf,,+inf,,+inf,,+inf,,+inf,,+inf,,+inf,
0.3,independent_latents,logger1_heavy,any_clipping,lambda_first_positive_regret,1217,0,0,1217,0.0,0.0,1.0,+inf,,+inf,,+inf,,+inf,,+inf,,+inf,,+inf,,+inf,,+inf,
0.3,independent_latents,logger1_heavy,any_clipping,lambda_first_strict_flip,1217,0,0,1217,0.0,0.0,1.0,+inf,,+inf,,+inf,,+inf,,+inf,,+inf,,+inf,,+inf,,+inf,
0.3,independent_latents,logger12_balanced,all,lambda_first_competitor_tie,2048,0,0,2048,0.0,0.0,1.0,+inf,,+inf,,+inf,,+inf,,+inf,,+inf,,+inf,,+inf,,+inf,
0.3,independent_latents,logger12_balanced,all,lambda_first_top_disagreement,2048,0,0,2048,0.0,0.0,1.0,+inf,,+inf,,+inf,,+inf,,+inf,,+inf,,+inf,,+inf,,+inf,
0.3,independent_latents,logger12_balanced,all,lambda_first_positive_regret,2048,0,0,2048,0.0,0.0,1.0,+inf,,+inf,,+inf,,+inf,,+inf,,+inf,,+inf,,+inf,,+inf,
0.3,independent_latents,logger12_balanced,all,lambda_first_strict_flip,2048,0,0,2048,0.0,0.0,1.0,+inf,,+inf,,+inf,,+inf,,+inf,,+inf,,+inf,,+inf,,+inf,
0.3,independent_latents,logger12_balanced,train,lambda_first_competitor_tie,358,0,0,358,0.0,0.0,1.0,+inf,,+inf,,+inf,,+inf,,+inf,,+inf,,+inf,,+inf,,+inf,
0.3,independent_latents,logger12_balanced,train,lambda_first_top_disagreement,358,0,0,358,0.0,0.0,1.0,+inf,,+inf,,+inf,,+inf,,+inf,,+inf,,+inf,,+inf,,+inf,
0.3,independent_latents,logger12_balanced,train,lambda_first_positive_regret,358,0,0,358,0.0,0.0,1.0,+inf,,+inf,,+inf,,+inf,,+inf,,+inf,,+inf,,+inf,,+inf,
0.3,independent_latents,logger12_balanced,train,lambda_first_strict_flip,358,0,0,358,0.0,0.0,1.0,+inf,,+inf,,+inf,,+inf,,+inf,,+inf,,+inf,,+inf,,+inf,
0.3,independent_latents,logger12_balanced,validation,lambda_first_competitor_tie,76,0,0,76,0.0,0.0,1.0,+inf,,+inf,,+inf,,+inf,,+inf,,+inf,,+inf,,+inf,,+inf,
0.3,independent_latents,logger12_balanced,validation,lambda_first_top_disagreement,76,0,0,76,0.0,0.0,1.0,+inf,,+inf,,+inf,,+inf,,+inf,,+inf,,+inf,,+inf,,+inf,
0.3,independent_latents,logger12_balanced,validation,lambda_first_positive_regret,76,0,0,76,0.0,0.0,1.0,+inf,,+inf,,+inf,,+inf,,+inf,,+inf,,+inf,,+inf,,+inf,
0.3,independent_latents,logger12_balanced,validation,lambda_first_strict_flip,76,0,0,76,0.0,0.0,1.0,+inf,,+inf,,+inf,,+inf,,+inf,,+inf,,+inf,,+inf,,+inf,
0.3,independent_latents,logger12_balanced,test,lambda_first_competitor_tie,78,0,0,78,0.0,0.0,1.0,+inf,,+inf,,+inf,,+inf,,+inf,,+inf,,+inf,,+inf,,+inf,
0.3,independent_latents,logger12_balanced,test,lambda_first_top_disagreement,78,0,0,78,0.0,0.0,1.0,+inf,,+inf,,+inf,,+inf,,+inf,,+inf,,+inf,,+inf,,+inf,
0.3,independent_latents,logger12_balanced,test,lambda_first_positive_regret,78,0,0,78,0.0,0.0,1.0,+inf,,+inf,,+inf,,+inf,,+inf,,+inf,,+inf,,+inf,,+inf,
0.3,independent_latents,logger12_balanced,test,lambda_first_strict_flip,78,0,0,78,0.0,0.0,1.0,+inf,,+inf,,+inf,,+inf,,+inf,,+inf,,+inf,,+inf,,+inf,
0.3,independent_latents,logger12_balanced,trainval,lambda_first_competitor_tie,434,0,0,434,0.0,0.0,1.0,+inf,,+inf,,+inf,,+inf,,+inf,,+inf,,+inf,,+inf,,+inf,
0.3,independent_latents,logger12_balanced,trainval,lambda_first_top_disagreement,434,0,0,434,0.0,0.0,1.0,+inf,,+inf,,+inf,,+inf,,+inf,,+inf,,+inf,,+inf,,+inf,
0.3,independent_latents,logger12_balanced,trainval,lambda_first_positive_regret,434,0,0,434,0.0,0.0,1.0,+inf,,+inf,,+inf,,+inf,,+inf,,+inf,,+inf,,+inf,,+inf,
0.3,independent_latents,logger12_balanced,trainval,lambda_first_strict_flip,434,0,0,434,0.0,0.0,1.0,+inf,,+inf,,+inf,,+inf,,+inf,,+inf,,+inf,,+inf,,+inf,
0.3,independent_latents,logger12_balanced,initial_step_strict_unclipped,lambda_first_competitor_tie,831,0,0,831,0.0,0.0,1.0,+inf,,+inf,,+inf,,+inf,,+inf,,+inf,,+inf,,+inf,,+inf,
0.3,independent_latents,logger12_balanced,initial_step_strict_unclipped,lambda_first_top_disagreement,831,0,0,831,0.0,0.0,1.0,+inf,,+inf,,+inf,,+inf,,+inf,,+inf,,+inf,,+inf,,+inf,
0.3,independent_latents,logger12_balanced,initial_step_strict_unclipped,lambda_first_positive_regret,831,0,0,831,0.0,0.0,1.0,+inf,,+inf,,+inf,,+inf,,+inf,,+inf,,+inf,,+inf,,+inf,
0.3,independent_latents,logger12_balanced,initial_step_strict_unclipped,lambda_first_strict_flip,831,0,0,831,0.0,0.0,1.0,+inf,,+inf,,+inf,,+inf,,+inf,,+inf,,+inf,,+inf,,+inf,
0.3,independent_latents,logger12_balanced,any_clipping,lambda_first_competitor_tie,1217,0,0,1217,0.0,0.0,1.0,+inf,,+inf,,+inf,,+inf,,+inf,,+inf,,+inf,,+inf,,+inf,
0.3,independent_latents,logger12_balanced,any_clipping,lambda_first_top_disagreement,1217,0,0,1217,0.0,0.0,1.0,+inf,,+inf,,+inf,,+inf,,+inf,,+inf,,+inf,,+inf,,+inf,
0.3,independent_latents,logger12_balanced,any_clipping,lambda_first_positive_regret,1217,0,0,1217,0.0,0.0,1.0,+inf,,+inf,,+inf,,+inf,,+inf,,+inf,,+inf,,+inf,,+inf,
0.3,independent_latents,logger12_balanced,any_clipping,lambda_first_strict_flip,1217,0,0,1217,0.0,0.0,1.0,+inf,,+inf,,+inf,,+inf,,+inf,,+inf,,+inf,,+inf,,+inf,
0.3,independent_latents,logger2_heavy,all,lambda_first_competitor_tie,2048,0,0,2048,0.0,0.0,1.0,+inf,,+inf,,+inf,,+inf,,+inf,,+inf,,+inf,,+inf,,+inf,
0.3,independent_latents,logger2_heavy,all,lambda_first_top_disagreement,2048,0,0,2048,0.0,0.0,1.0,+inf,,+inf,,+inf,,+inf,,+inf,,+inf,,+inf,,+inf,,+inf,
0.3,independent_latents,logger2_heavy,all,lambda_first_positive_regret,2048,0,0,2048,0.0,0.0,1.0,+inf,,+inf,,+inf,,+inf,,+inf,,+inf,,+inf,,+inf,,+inf,
0.3,independent_latents,logger2_heavy,all,lambda_first_strict_flip,2048,0,0,2048,0.0,0.0,1.0,+inf,,+inf,,+inf,,+inf,,+inf,,+inf,,+inf,,+inf,,+inf,
0.3,independent_latents,logger2_heavy,train,lambda_first_competitor_tie,358,0,0,358,0.0,0.0,1.0,+inf,,+inf,,+inf,,+inf,,+inf,,+inf,,+inf,,+inf,,+inf,
0.3,independent_latents,logger2_heavy,train,lambda_first_top_disagreement,358,0,0,358,0.0,0.0,1.0,+inf,,+inf,,+inf,,+inf,,+inf,,+inf,,+inf,,+inf,,+inf,
0.3,independent_latents,logger2_heavy,train,lambda_first_positive_regret,358,0,0,358,0.0,0.0,1.0,+inf,,+inf,,+inf,,+inf,,+inf,,+inf,,+inf,,+inf,,+inf,
0.3,independent_latents,logger2_heavy,train,lambda_first_strict_flip,358,0,0,358,0.0,0.0,1.0,+inf,,+inf,,+inf,,+inf,,+inf,,+inf,,+inf,,+inf,,+inf,
0.3,independent_latents,logger2_heavy,validation,lambda_first_competitor_tie,76,0,0,76,0.0,0.0,1.0,+inf,,+inf,,+inf,,+inf,,+inf,,+inf,,+inf,,+inf,,+inf,
0.3,independent_latents,logger2_heavy,validation,lambda_first_top_disagreement,76,0,0,76,0.0,0.0,1.0,+inf,,+inf,,+inf,,+inf,,+inf,,+inf,,+inf,,+inf,,+inf,
0.3,independent_latents,logger2_heavy,validation,lambda_first_positive_regret,76,0,0,76,0.0,0.0,1.0,+inf,,+inf,,+inf,,+inf,,+inf,,+inf,,+inf,,+inf,,+inf,
0.3,independent_latents,logger2_heavy,validation,lambda_first_strict_flip,76,0,0,76,0.0,0.0,1.0,+inf,,+inf,,+inf,,+inf,,+inf,,+inf,,+inf,,+inf,,+inf,
0.3,independent_latents,logger2_heavy,test,lambda_first_competitor_tie,78,0,0,78,0.0,0.0,1.0,+inf,,+inf,,+inf,,+inf,,+inf,,+inf,,+inf,,+inf,,+inf,
0.3,independent_latents,logger2_heavy,test,lambda_first_top_disagreement,78,0,0,78,0.0,0.0,1.0,+inf,,+inf,,+inf,,+inf,,+inf,,+inf,,+inf,,+inf,,+inf,
0.3,independent_latents,logger2_heavy,test,lambda_first_positive_regret,78,0,0,78,0.0,0.0,1.0,+inf,,+inf,,+inf,,+inf,,+inf,,+inf,,+inf,,+inf,,+inf,
0.3,independent_latents,logger2_heavy,test,lambda_first_strict_flip,78,0,0,78,0.0,0.0,1.0,+inf,,+inf,,+inf,,+inf,,+inf,,+inf,,+inf,,+inf,,+inf,
0.3,independent_latents,logger2_heavy,trainval,lambda_first_competitor_tie,434,0,0,434,0.0,0.0,1.0,+inf,,+inf,,+inf,,+inf,,+inf,,+inf,,+inf,,+inf,,+inf,
0.3,independent_latents,logger2_heavy,trainval,lambda_first_top_disagreement,434,0,0,434,0.0,0.0,1.0,+inf,,+inf,,+inf,,+inf,,+inf,,+inf,,+inf,,+inf,,+inf,
0.3,independent_latents,logger2_heavy,trainval,lambda_first_positive_regret,434,0,0,434,0.0,0.0,1.0,+inf,,+inf,,+inf,,+inf,,+inf,,+inf,,+inf,,+inf,,+inf,
0.3,independent_latents,logger2_heavy,trainval,lambda_first_strict_flip,434,0,0,434,0.0,0.0,1.0,+inf,,+inf,,+inf,,+inf,,+inf,,+inf,,+inf,,+inf,,+inf,
0.3,independent_latents,logger2_heavy,initial_step_strict_unclipped,lambda_first_competitor_tie,831,0,0,831,0.0,0.0,1.0,+inf,,+inf,,+inf,,+inf,,+inf,,+inf,,+inf,,+inf,,+inf,
0.3,independent_latents,logger2_heavy,initial_step_strict_unclipped,lambda_first_top_disagreement,831,0,0,831,0.0,0.0,1.0,+inf,,+inf,,+inf,,+inf,,+inf,,+inf,,+inf,,+inf,,+inf,
0.3,independent_latents,logger2_heavy,initial_step_strict_unclipped,lambda_first_positive_regret,831,0,0,831,0.0,0.0,1.0,+inf,,+inf,,+inf,,+inf,,+inf,,+inf,,+inf,,+inf,,+inf,
0.3,independent_latents,logger2_heavy,initial_step_strict_unclipped,lambda_first_strict_flip,831,0,0,831,0.0,0.0,1.0,+inf,,+inf,,+inf,,+inf,,+inf,,+inf,,+inf,,+inf,,+inf,
0.3,independent_latents,logger2_heavy,any_clipping,lambda_first_competitor_tie,1217,0,0,1217,0.0,0.0,1.0,+inf,,+inf,,+inf,,+inf,,+inf,,+inf,,+inf,,+inf,,+inf,
0.3,independent_latents,logger2_heavy,any_clipping,lambda_first_top_disagreement,1217,0,0,1217,0.0,0.0,1.0,+inf,,+inf,,+inf,,+inf,,+inf,,+inf,,+inf,,+inf,,+inf,
0.3,independent_latents,logger2_heavy,any_clipping,lambda_first_positive_regret,1217,0,0,1217,0.0,0.0,1.0,+inf,,+inf,,+inf,,+inf,,+inf,,+inf,,+inf,,+inf,,+inf,
0.3,independent_latents,logger2_heavy,any_clipping,lambda_first_strict_flip,1217,0,0,1217,0.0,0.0,1.0,+inf,,+inf,,+inf,,+inf,,+inf,,+inf,,+inf,,+inf,,+inf,
