family,kappa,condition,action,mixture,metric,n_anchors,mean,standard_deviation,median,p10,p25,p75,p90,maximum,ci95_low,ci95_high,bootstrap_unit,bootstrap_repetitions,bootstrap_seed,bootstrap_valid_repetitions,subset
u_effect,0.0,do_oracle,minus,none,reward_u_effect_abs,2048,3.5778671692021646e-17,1.2648337361781687e-15,0.0,0.0,0.0,0.0,0.0,5.551115123125783e-14,9.75781955236954e-19,1.0256823602255992e-16,anchor_id,2000,0,,
u_effect,0.0,do_oracle,minus,none,delta_u_effect_l2,2048,0.0,0.0,0.0,0.0,0.0,0.0,0.0,0.0,0.0,0.0,anchor_id,2000,0,,
u_effect,0.0,do_oracle,base,none,reward_u_effect_abs,2048,1.214306433183765e-17,3.462607756430588e-16,0.0,0.0,0.0,0.0,0.0,1.3766765505351941e-14,9.75781955236954e-19,2.949300959703692e-17,anchor_id,2000,0,,
u_effect,0.0,do_oracle,base,none,delta_u_effect_l2,2048,0.0,0.0,0.0,0.0,0.0,0.0,0.0,0.0,0.0,0.0,anchor_id,2000,0,,
u_effect,0.0,do_oracle,plus,none,reward_u_effect_abs,2048,1.431146867680866e-17,3.602925047615112e-16,0.0,0.0,0.0,0.0,0.0,1.4210854715202004e-14,1.951563910473908e-18,3.177254466468768e-17,anchor_id,2000,0,,
u_effect,0.0,do_oracle,plus,none,delta_u_effect_l2,2048,0.0,0.0,0.0,0.0,0.0,0.0,0.0,0.0,0.0,0.0,anchor_id,2000,0,,
u_effect,0.0,do_oracle,all,none,reward_u_effect_abs,2048,2.0744401566889316e-17,4.530476934750715e-16,0.0,0.0,0.0,0.0,0.0,1.850371707708594e-14,6.031778086261023e-18,4.420201907042359e-17,anchor_id,2000,0,,
u_effect,0.0,do_oracle,all,none,delta_u_effect_l2,2048,0.0,0.0,0.0,0.0,0.0,0.0,0.0,0.0,0.0,0.0,anchor_id,2000,0,,
population_effect,0.0,confounded,minus,logger1_heavy_vs_logger2_heavy,reward_heavy_drift,2048,2.1261204602440742e-16,3.084193358665233e-16,0.0,0.0,0.0,4.440892098500626e-16,4.440892098500626e-16,7.993605777301127e-15,2.0062754626029578e-16,2.2611171832456754e-16,anchor_id,2000,0,,
population_effect,0.0,confounded,minus,logger1_heavy_vs_logger2_heavy,delta_heavy_drift,2048,1.3312112348430884e-16,1.6732260586821822e-16,1.1102230246251565e-16,7.806782659204021e-18,2.797157557069881e-17,1.632443156450219e-16,2.5495341721767655e-16,1.790288468802817e-15,1.2625230754094433e-16,1.4063428283759162e-16,anchor_id,2000,0,,
population_effect,0.0,confounded,minus,logger12_balanced,reward_balanced_do_error,2048,1.1758172560605296e-16,4.28126953167188e-16,0.0,0.0,0.0,0.0,4.440892098500626e-16,1.687538997430238e-14,1.0261838037303738e-16,1.393782550311584e-16,anchor_id,2000,0,,
population_effect,0.0,confounded,minus,logger12_balanced,delta_balanced_do_error,2048,2.99102579724861e-17,7.026113141761895e-17,1.734723475976807e-18,0.0,0.0,2.7755575615628914e-17,1.1102230246251565e-16,8.883139346335056e-16,2.6925230888034215e-17,3.3083713007160053e-17,anchor_id,2000,0,,
population_effect,0.0,confounded,minus,all_sources_equal,reward_all_sources_equal_do_error,2048,1.1758172560605296e-16,4.28126953167188e-16,0.0,0.0,0.0,0.0,4.440892098500626e-16,1.687538997430238e-14,1.0261838037303738e-16,1.393782550311584e-16,anchor_id,2000,0,,
population_effect,0.0,confounded,minus,all_sources_equal,delta_all_sources_equal_do_error,2048,2.99102579724861e-17,7.026113141761895e-17,1.734723475976807e-18,0.0,0.0,2.7755575615628914e-17,1.1102230246251565e-16,8.883139346335056e-16,2.6925230888034215e-17,3.3083713007160053e-17,anchor_id,2000,0,,
population_effect,0.0,confounded,base,logger1_heavy_vs_logger2_heavy,reward_heavy_drift,2048,0.0,0.0,0.0,0.0,0.0,0.0,0.0,0.0,0.0,0.0,anchor_id,2000,0,,
population_effect,0.0,confounded,base,logger1_heavy_vs_logger2_heavy,delta_heavy_drift,2048,0.0,0.0,0.0,0.0,0.0,0.0,0.0,0.0,0.0,0.0,anchor_id,2000,0,,
population_effect,0.0,confounded,base,logger12_balanced,reward_balanced_do_error,2048,0.0,0.0,0.0,0.0,0.0,0.0,0.0,0.0,0.0,0.0,anchor_id,2000,0,,
population_effect,0.0,confounded,base,logger12_balanced,delta_balanced_do_error,2048,0.0,0.0,0.0,0.0,0.0,0.0,0.0,0.0,0.0,0.0,anchor_id,2000,0,,
population_effect,0.0,confounded,base,all_sources_equal,reward_all_sources_equal_do_error,2048,0.0,0.0,0.0,0.0,0.0,0.0,0.0,0.0,0.0,0.0,anchor_id,2000,0,,
population_effect,0.0,confounded,base,all_sources_equal,delta_all_sources_equal_do_error,2048,0.0,0.0,0.0,0.0,0.0,0.0,0.0,0.0,0.0,0.0,anchor_id,2000,0,,
population_effect,0.0,confounded,plus,logger1_heavy_vs_logger2_heavy,reward_heavy_drift,2048,2.0122792321330962e-16,2.5813485008275233e-16,0.0,0.0,0.0,4.440892098500626e-16,4.440892098500626e-16,2.220446049250313e-15,1.8962695996771473e-16,2.126662561330317e-16,anchor_id,2000,0,,
population_effect,0.0,confounded,plus,logger1_heavy_vs_logger2_heavy,delta_heavy_drift,2048,1.197090312158333e-16,1.6776289681607037e-16,5.780906364562253e-17,4.250155442738128e-18,1.5665126680603524e-17,1.2719281177364551e-16,2.4830795565029814e-16,9.491141239601654e-16,1.1233118653579662e-16,1.273288831278206e-16,anchor_id,2000,0,,
population_effect,0.0,confounded,plus,logger12_balanced,reward_balanced_do_error,2048,4.3986082137736915e-16,2.890260317512582e-16,4.440892098500626e-16,0.0,4.440892098500626e-16,4.440892098500626e-16,8.881784197001252e-16,3.9968028886505635e-15,4.2788038737140432e-16,4.529796676644438e-16,anchor_id,2000,0,,
population_effect,0.0,confounded,plus,logger12_balanced,delta_balanced_do_error,2048,2.9890327032753514e-16,2.64839555376474e-16,2.3801810956291467e-16,6.374028146683409e-17,1.2571906337753838e-16,3.3889522138603494e-16,8.895155871801736e-16,1.8463529948123327e-15,2.8736783408929516e-16,3.100744658499167e-16,anchor_id,2000,0,,
population_effect,0.0,confounded,plus,all_sources_equal,reward_all_sources_equal_do_error,2048,1.04788139970724e-16,2.1833284894279886e-16,0.0,0.0,0.0,0.0,4.440892098500626e-16,4.440892098500626e-15,9.524716085285156e-17,1.1405942379819065e-16,anchor_id,2000,0,,
population_effect,0.0,confounded,plus,all_sources_equal,delta_all_sources_equal_do_error,2048,0.0,0.0,0.0,0.0,0.0,0.0,0.0,0.0,0.0,0.0,anchor_id,2000,0,,
population_effect,0.0,confounded,all,logger1_heavy_vs_logger2_heavy,reward_heavy_drift,2048,1.3794665641257234e-16,1.3760631418056623e-16,1.4802973661668753e-16,0.0,0.0,1.4802973661668753e-16,2.9605947323337506e-16,2.812564995717063e-15,1.3241677358199095e-16,1.4412660879573964e-16,anchor_id,2000,0,,
population_effect,0.0,confounded,all,logger1_heavy_vs_logger2_heavy,delta_heavy_drift,2048,8.427671823338072e-17,8.985229760592458e-17,5.773550145480703e-17,1.1947992975461123e-17,2.6383204238947735e-17,1.110648385101375e-16,1.6715088634363888e-16,6.1063142464781e-16,8.041017851394913e-17,8.830543423497785e-17,anchor_id,2000,0,,
population_effect,0.0,confounded,all,logger12_balanced,reward_balanced_do_error,2048,1.8581418232780738e-16,1.7135371871964886e-16,1.4802973661668753e-16,0.0,1.4802973661668753e-16,2.9605947323337506e-16,2.9605947323337506e-16,5.625129991434126e-15,1.7921726385913812e-16,1.9401978576990178e-16,anchor_id,2000,0,,
population_effect,0.0,confounded,all,logger12_balanced,delta_balanced_do_error,2048,1.0960450943334042e-16,9.588930269532296e-17,8.509724598190181e-17,2.2370509663335805e-17,4.3756302505976344e-17,1.3375895351679131e-16,2.975632904614115e-16,8.930344646897655e-16,1.054390729942952e-16,1.1377161066567525e-16,anchor_id,2000,0,,
population_effect,0.0,confounded,all,all_sources_equal,reward_all_sources_equal_do_error,2048,7.412328852559232e-17,1.6116847426605115e-16,0.0,0.0,0.0,1.4802973661668753e-16,1.4802973661668753e-16,5.625129991434126e-15,6.78710559975926e-17,8.171315548389612e-17,anchor_id,2000,0,,
population_effect,0.0,confounded,all,all_sources_equal,delta_all_sources_equal_do_error,2048,9.9700859908287e-18,2.3420377139206314e-17,5.782411586589357e-19,0.0,0.0,9.25185853854297e-18,3.700743415417188e-17,2.961046448778352e-16,8.975076962678072e-18,1.1027904335720015e-17,anchor_id,2000,0,,
ranking,0.0,confounded,all,logger1_heavy_vs_logger2_heavy,heavy_top_set_disagreement,2048,0.0,0.0,0.0,0.0,0.0,0.0,0.0,0.0,0.0,0.0,anchor_id,2000,0,,
ranking,0.0,confounded,all,logger1_heavy_vs_logger2_heavy,heavy_strict_flip,2048,0.0,0.0,0.0,0.0,0.0,0.0,0.0,0.0,0.0,0.0,anchor_id,2000,0,,
ranking,0.0,confounded,all,logger12_balanced,balanced_vs_do_disagreement,2048,0.0,0.0,0.0,0.0,0.0,0.0,0.0,0.0,0.0,0.0,anchor_id,2000,0,,
ranking,0.0,confounded,all,all_sources_equal,all_sources_equal_vs_do_disagreement,2048,0.0,0.0,0.0,0.0,0.0,0.0,0.0,0.0,0.0,0.0,anchor_id,2000,0,,
population_effect,0.0,independent_latents,minus,logger1_heavy_vs_logger2_heavy,reward_heavy_drift,2048,2.0925101928970236e-16,2.4465949727112464e-16,0.0,0.0,0.0,4.440892098500626e-16,4.440892098500626e-16,8.881784197001252e-16,1.9916658383287155e-16,2.1998597605002444e-16,anchor_id,2000,0,,
population_effect,0.0,independent_latents,minus,logger1_heavy_vs_logger2_heavy,delta_heavy_drift,2048,2.7658459896064283e-16,2.8983424527917013e-16,1.9361043807421935e-16,4.4613809277951136e-17,1.1129893757970734e-16,3.334510447139825e-16,6.293738923423452e-16,2.676158867813097e-15,2.6391178775589687e-16,2.890842918725261e-16,anchor_id,2000,0,,
population_effect,0.0,independent_latents,minus,logger12_balanced,reward_balanced_do_error,2048,2.6877371855915655e-16,2.4370245829989786e-16,4.440892098500626e-16,0.0,0.0,4.440892098500626e-16,4.440892098500626e-16,8.881784197001252e-16,2.579859069429258e-16,2.789652189805203e-16,anchor_id,2000,0,,
population_effect,0.0,independent_latents,minus,logger12_balanced,delta_balanced_do_error,2048,4.2136453674815704e-17,1.0081149367066392e-16,3.5497328627561165e-18,0.0,0.0,5.551115123125783e-17,1.1107649934270853e-16,9.172997289342144e-16,3.8029520527765946e-17,4.648545046357376e-17,anchor_id,2000,0,,
population_effect,0.0,independent_latents,minus,all_sources_equal,reward_all_sources_equal_do_error,2048,7.958043946043603e-17,1.818470997346673e-16,0.0,0.0,0.0,0.0,4.440892098500626e-16,8.881784197001252e-16,7.182703867444906e-17,8.771331100679291e-17,anchor_id,2000,0,,
population_effect,0.0,independent_latents,minus,all_sources_equal,delta_all_sources_equal_do_error,2048,4.460664706316519e-18,4.011575397595816e-17,0.0,0.0,0.0,0.0,0.0,8.881784197001252e-16,2.8489165785742173e-18,6.278965359464289e-18,anchor_id,2000,0,,
population_effect,0.0,independent_latents,base,logger1_heavy_vs_logger2_heavy,reward_heavy_drift,2048,0.0,0.0,0.0,0.0,0.0,0.0,0.0,0.0,0.0,0.0,anchor_id,2000,0,,
population_effect,0.0,independent_latents,base,logger1_heavy_vs_logger2_heavy,delta_heavy_drift,2048,0.0,0.0,0.0,0.0,0.0,0.0,0.0,0.0,0.0,0.0,anchor_id,2000,0,,
population_effect,0.0,independent_latents,base,logger12_balanced,reward_balanced_do_error,2048,0.0,0.0,0.0,0.0,0.0,0.0,0.0,0.0,0.0,0.0,anchor_id,2000,0,,
population_effect,0.0,independent_latents,base,logger12_balanced,delta_balanced_do_error,2048,0.0,0.0,0.0,0.0,0.0,0.0,0.0,0.0,0.0,0.0,anchor_id,2000,0,,
population_effect,0.0,independent_latents,base,all_sources_equal,reward_all_sources_equal_do_error,2048,0.0,0.0,0.0,0.0,0.0,0.0,0.0,0.0,0.0,0.0,anchor_id,2000,0,,
population_effect,0.0,independent_latents,base,all_sources_equal,delta_all_sources_equal_do_error,2048,0.0,0.0,0.0,0.0,0.0,0.0,0.0,0.0,0.0,0.0,anchor_id,2000,0,,
population_effect,0.0,independent_latents,plus,logger1_heavy_vs_logger2_heavy,reward_heavy_drift,2048,2.0881733842070815e-16,2.42832956050457e-16,0.0,0.0,0.0,4.440892098500626e-16,4.440892098500626e-16,8.881784197001252e-16,1.986258379993444e-16,2.192297450347158e-16,anchor_id,2000,0,,
population_effect,0.0,independent_latents,plus,logger1_heavy_vs_logger2_heavy,delta_heavy_drift,2048,2.320107249928102e-16,2.7966935835658317e-16,1.275111273384509e-16,2.1125422651943872e-17,5.775084061232225e-17,2.5476250345232463e-16,4.973753616908928e-16,1.8446726769750876e-15,2.200200952797747e-16,2.446107931894456e-16,anchor_id,2000,0,,
population_effect,0.0,independent_latents,plus,logger12_balanced,reward_balanced_do_error,2048,2.6893634888502937e-16,2.434857964730518e-16,4.440892098500626e-16,0.0,0.0,4.440892098500626e-16,4.440892098500626e-16,8.881784197001252e-16,2.5847108741511303e-16,2.7945446521085436e-16,anchor_id,2000,0,,
population_effect,0.0,independent_latents,plus,logger12_balanced,delta_balanced_do_error,2048,5.1172902921967414e-17,1.1029807713091141e-16,6.952433221959954e-18,0.0,1.0842021724855044e-19,5.553824967135427e-17,1.2412670766236366e-16,9.160391240386617e-16,4.661173188176687e-17,5.610582584272564e-17,anchor_id,2000,0,,
population_effect,0.0,independent_latents,plus,all_sources_equal,reward_all_sources_equal_do_error,2048,7.556889142223966e-17,1.7666412927110504e-16,0.0,0.0,0.0,0.0,4.440892098500626e-16,8.881784197001252e-16,6.78168458889683e-17,8.353777739000812e-17,anchor_id,2000,0,,
population_effect,0.0,independent_latents,plus,all_sources_equal,delta_all_sources_equal_do_error,2048,4.501608932181529e-17,1.0986724464673388e-16,3.469446951953614e-18,0.0,0.0,3.103169097278558e-17,1.1188630228279524e-16,9.222286645778768e-16,4.034217178936799e-17,4.991941284121107e-17,anchor_id,2000,0,,
population_effect,0.0,independent_latents,all,logger1_heavy_vs_logger2_heavy,reward_heavy_drift,2048,1.393561192368035e-16,1.191341355659714e-16,1.4802973661668753e-16,0.0,0.0,1.4802973661668753e-16,2.9605947323337506e-16,5.921189464667501e-16,1.3440447756488115e-16,1.444342511621825e-16,anchor_id,2000,0,,
population_effect,0.0,independent_latents,all,logger1_heavy_vs_logger2_heavy,delta_heavy_drift,2048,1.69531774651151e-16,1.6242818369815442e-16,1.2063104603031928e-16,3.3120032308928524e-17,6.114951660448481e-17,2.1319309536962973e-16,3.588798748234399e-16,1.2043595774178015e-15,1.625359943571785e-16,1.7666346989991646e-16,anchor_id,2000,0,,
population_effect,0.0,independent_latents,all,logger12_balanced,reward_balanced_do_error,2048,1.7923668914806196e-16,1.2005492744742015e-16,1.4802973661668753e-16,0.0,1.4802973661668753e-16,2.9605947323337506e-16,2.9605947323337506e-16,5.921189464667501e-16,1.7414048718647492e-16,1.844232412906894e-16,anchor_id,2000,0,,
population_effect,0.0,independent_latents,all,logger12_balanced,delta_balanced_do_error,2048,3.110311886559437e-17,5.2516535453340646e-17,1.0370037203703147e-17,2.8912057932946783e-19,2.3129646346357427e-18,3.814638998768531e-17,7.544682218957171e-17,5.922640358931665e-16,2.890350497912283e-17,3.338488434215398e-17,anchor_id,2000,0,,
population_effect,0.0,independent_latents,all,all_sources_equal,reward_all_sources_equal_do_error,2048,5.171644362755856e-17,8.686705265693377e-17,0.0,0.0,0.0,1.4802973661668753e-16,1.4802973661668753e-16,5.921189464667501e-16,4.803015624110782e-17,5.580072356149247e-17,anchor_id,2000,0,,
population_effect,0.0,independent_latents,all,all_sources_equal,delta_all_sources_equal_do_error,2048,1.6492251342710603e-17,3.8878459528949154e-17,1.192074687115166e-18,0.0,0.0,1.850371707708594e-17,3.925366899239129e-17,3.074095548592923e-16,1.4861377760162846e-17,1.8180373489623452e-17,anchor_id,2000,0,,
ranking,0.0,independent_latents,all,logger1_heavy_vs_logger2_heavy,heavy_top_set_disagreement,2048,0.0,0.0,0.0,0.0,0.0,0.0,0.0,0.0,0.0,0.0,anchor_id,2000,0,,
ranking,0.0,independent_latents,all,logger1_heavy_vs_logger2_heavy,heavy_strict_flip,2048,0.0,0.0,0.0,0.0,0.0,0.0,0.0,0.0,0.0,0.0,anchor_id,2000,0,,
ranking,0.0,independent_latents,all,logger12_balanced,balanced_vs_do_disagreement,2048,0.0,0.0,0.0,0.0,0.0,0.0,0.0,0.0,0.0,0.0,anchor_id,2000,0,,
ranking,0.0,independent_latents,all,all_sources_equal,all_sources_equal_vs_do_disagreement,2048,0.0,0.0,0.0,0.0,0.0,0.0,0.0,0.0,0.0,0.0,anchor_id,2000,0,,
confounding_excess,0.0,confounded_minus_independent,minus,logger1_heavy_vs_logger2_heavy,reward_heavy_drift_excess,2048,3.3610267347050637e-18,3.638030771558384e-16,0.0,-4.440892098500626e-16,0.0,0.0,4.440892098500626e-16,7.549516567451064e-15,-1.1763593571467723e-17,1.8432792184969175e-17,anchor_id,2000,0,,
confounding_excess,0.0,confounded_minus_independent,base,logger1_heavy_vs_logger2_heavy,reward_heavy_drift_excess,2048,0.0,0.0,0.0,0.0,0.0,0.0,0.0,0.0,0.0,0.0,anchor_id,2000,0,,
confounding_excess,0.0,confounded_minus_independent,plus,logger1_heavy_vs_logger2_heavy,reward_heavy_drift_excess,2048,-7.589415207398531e-18,3.230583956754126e-16,0.0,-4.440892098500626e-16,0.0,0.0,4.440892098500626e-16,2.220446049250313e-15,-2.1143297616182942e-17,6.667843360785852e-18,anchor_id,2000,0,,
confounding_excess,0.0,confounded_minus_independent,all,logger1_heavy_vs_logger2_heavy,reward_heavy_drift_excess,2048,-1.4094628242311556e-18,1.621184859684725e-16,0.0,-1.4802973661668753e-16,-1.4802973661668753e-16,1.4802973661668753e-16,1.4802973661668753e-16,2.6645352591003757e-15,-8.1328715463569e-18,5.765245052191669e-18,anchor_id,2000,0,,
confounding_excess,0.0,confounded_minus_independent,minus,logger1_heavy_vs_logger2_heavy,delta_heavy_drift_excess,2048,-1.4346347547633402e-16,2.700107618504468e-16,-7.956497523357982e-17,-4.4212347206629033e-16,-2.0814857766464622e-16,-1.0218101952260066e-17,4.2881548786765e-17,9.016663146833084e-16,-1.5547146741350534e-16,-1.3168420061031514e-16,anchor_id,2000,0,,
confounding_excess,0.0,confounded_minus_independent,base,logger1_heavy_vs_logger2_heavy,delta_heavy_drift_excess,2048,0.0,0.0,0.0,0.0,0.0,0.0,0.0,0.0,0.0,0.0,anchor_id,2000,0,,
confounding_excess,0.0,confounded_minus_independent,plus,logger1_heavy_vs_logger2_heavy,delta_heavy_drift_excess,2048,-1.1230169377697688e-16,2.613773316857186e-16,-4.9793780317110795e-17,-3.584057491300517e-16,-1.7329190597204257e-16,-4.167065975709615e-19,6.851322841665053e-17,8.712017884604035e-16,-1.2356794370677575e-16,-1.0083184248356903e-16,anchor_id,2000,0,,
confounding_excess,0.0,confounded_minus_independent,all,logger1_heavy_vs_logger2_heavy,delta_heavy_drift_excess,2048,-8.52550564177703e-17,1.365568861379846e-16,-4.927489807127237e-17,-2.373433257522623e-16,-1.1731093738459964e-16,-1.420200564605519e-17,1.5081218478374485e-17,4.995717372223951e-16,-9.134090346467386e-17,-7.902754109166053e-17,anchor_id,2000,0,,
confounding_excess,0.0,confounded_minus_independent,minus,logger12_balanced,reward_balanced_do_error_excess,2048,-1.511919929531036e-16,4.537659873750925e-16,0.0,-4.440892098500626e-16,-4.440892098500626e-16,0.0,0.0,1.6431300764452317e-14,-1.6713112014135612e-16,-1.29127123490308e-16,anchor_id,2000,0,,
confounding_excess,0.0,confounded_minus_independent,base,logger12_balanced,reward_balanced_do_error_excess,2048,0.0,0.0,0.0,0.0,0.0,0.0,0.0,0.0,0.0,0.0,anchor_id,2000,0,,
confounding_excess,0.0,confounded_minus_independent,plus,logger12_balanced,reward_balanced_do_error_excess,2048,1.7092447249233977e-16,3.068689668108194e-16,0.0,0.0,0.0,4.440892098500626e-16,4.440892098500626e-16,3.9968028886505635e-15,1.579099806643669e-16,1.8480361555286982e-16,anchor_id,2000,0,,
confounding_excess,0.0,confounded_minus_independent,all,logger12_balanced,reward_balanced_do_error_excess,2048,6.577493179745393e-18,1.7745560380098638e-16,0.0,-1.4802973661668753e-16,-4.625929269271485e-17,1.4802973661668753e-16,1.4802973661668753e-16,5.329070518200751e-15,-3.261641535560564e-19,1.4835499726843317e-17,anchor_id,2000,0,,
confounding_excess,0.0,confounded_minus_independent,minus,logger12_balanced,delta_balanced_do_error_excess,2048,-1.2226195702329606e-17,1.240841407848386e-16,-5.420349440857691e-20,-1.1101892215876265e-16,-2.772670827270092e-17,1.2143064745427931e-17,1.0075803573380038e-16,8.864441197405211e-16,-1.7596811968133873e-17,-6.952458724590046e-18,anchor_id,2000,0,,
confounding_excess,0.0,confounded_minus_independent,base,logger12_balanced,delta_balanced_do_error_excess,2048,0.0,0.0,0.0,0.0,0.0,0.0,0.0,0.0,0.0,0.0,anchor_id,2000,0,,
confounding_excess,0.0,confounded_minus_independent,plus,logger12_balanced,delta_balanced_do_error_excess,2048,2.4773036740556775e-16,2.5097436033121076e-16,1.6704389696291794e-16,2.971887787542151e-17,7.833802758719316e-17,3.079785121400897e-16,5.333696133795546e-16,1.835446725597743e-15,2.371715334159123e-16,2.5843174646825106e-16,anchor_id,2000,0,,
confounding_excess,0.0,confounded_minus_independent,all,logger12_balanced,delta_balanced_do_error_excess,2048,7.850139056774604e-17,9.110554299540835e-17,5.3347356809058737e-17,4.312658258278553e-18,2.065789650003697e-17,1.058178991089418e-16,1.8837652529176851e-16,6.37913689481731e-16,7.45884311796424e-17,8.245045351824808e-17,anchor_id,2000,0,,
confounding_excess,0.0,confounded_minus_independent,minus,all_sources_equal,reward_all_sources_equal_do_error_excess,2048,3.800128614561693e-17,4.356640277550142e-16,0.0,0.0,0.0,0.0,4.440892098500626e-16,1.687538997430238e-14,2.217057917461296e-17,5.941427905220564e-17,anchor_id,2000,0,,
confounding_excess,0.0,confounded_minus_independent,base,all_sources_equal,reward_all_sources_equal_do_error_excess,2048,0.0,0.0,0.0,0.0,0.0,0.0,0.0,0.0,0.0,0.0,anchor_id,2000,0,,
confounding_excess,0.0,confounded_minus_independent,plus,all_sources_equal,reward_all_sources_equal_do_error_excess,2048,2.9219248548484344e-17,2.395401153671292e-16,0.0,0.0,0.0,0.0,4.440892098500626e-16,4.440892098500626e-15,1.81603863891322e-17,3.935653886122381e-17,anchor_id,2000,0,,
confounding_excess,0.0,confounded_minus_independent,all,all_sources_equal,reward_all_sources_equal_do_error_excess,2048,2.2406844898033754e-17,1.6730997603586647e-16,0.0,-1.4802973661668753e-16,0.0,0.0,1.4802973661668753e-16,5.625129991434126e-15,1.5811281682080268e-17,2.9909523931633425e-17,anchor_id,2000,0,,
confounding_excess,0.0,confounded_minus_independent,minus,all_sources_equal,delta_all_sources_equal_do_error_excess,2048,2.5449593266169582e-17,8.128438349086044e-17,1.734723475976807e-18,0.0,0.0,2.7755575615628914e-17,1.1102230246251565e-16,8.883139346335056e-16,2.1891218376204764e-17,2.903684649275188e-17,anchor_id,2000,0,,
confounding_excess,0.0,confounded_minus_independent,base,all_sources_equal,delta_all_sources_equal_do_error_excess,2048,0.0,0.0,0.0,0.0,0.0,0.0,0.0,0.0,0.0,0.0,anchor_id,2000,0,,
confounding_excess,0.0,confounded_minus_independent,plus,all_sources_equal,delta_all_sources_equal_do_error_excess,2048,-4.501608932181529e-17,1.0986724464673388e-16,-3.469446951953614e-18,-1.1188630228279524e-16,-3.103169097278558e-17,0.0,0.0,0.0,-4.9919412841211074e-17,-4.034217178936799e-17,anchor_id,2000,0,,
confounding_excess,0.0,confounded_minus_independent,all,all_sources_equal,delta_all_sources_equal_do_error_excess,2048,-6.522165351881905e-18,4.4159799279503523e-17,-4.517371205412433e-21,-3.7011951387530685e-17,-9.25185853854297e-18,2.347671987722423e-18,2.6859913616248338e-17,2.2208921188301406e-16,-8.428310809161376e-18,-4.5999709133251126e-18,anchor_id,2000,0,,
decision_scale,0.0,confounded,all,primary,max_primary_drift,2048,5.34565881143978e-16,3.3755514250618373e-16,4.440892098500626e-16,2.220446049250313e-16,4.440892098500626e-16,8.881784197001252e-16,8.881784197001252e-16,7.993605777301127e-15,5.211217742051577e-16,5.502881678977334e-16,anchor_id,2000,0,,
decision_scale,0.0,confounded,all,none,do_action_gap,2048,0.007876400342523685,0.004644717909262763,0.006332362223688381,0.002787272642947447,0.004321672557532352,0.012545057289696349,0.014134038850673747,0.02109403789378117,0.007678197049169443,0.008076031402626057,anchor_id,2000,0,,
decision_scale,0.0,confounded,all,primary,fraction_primary_drift_gt_gap,2048,0.0,0.0,0.0,0.0,0.0,0.0,0.0,0.0,0.0,0.0,anchor_id,2000,0,,
decision_scale,0.0,confounded,all,logger12_balanced,max_balanced_do_error,2048,4.678332374274952e-16,4.618903444987872e-16,4.440892098500626e-16,0.0,4.440892098500626e-16,4.440892098500626e-16,8.881784197001252e-16,1.687538997430238e-14,4.507570532108485e-16,4.904402079765335e-16,anchor_id,2000,0,,
decision_scale,0.0,confounded,all,logger12_balanced,fraction_balanced_error_gt_gap,2048,0.0,0.0,0.0,0.0,0.0,0.0,0.0,0.0,0.0,0.0,anchor_id,2000,0,,
u_effect,0.1,do_oracle,minus,none,reward_u_effect_abs,2048,0.0037846207428812416,0.0023924525773519065,0.0030609443803042424,0.0010336033862371253,0.001963141011333658,0.0061298640615685684,0.006964037530475409,0.015971693069299686,0.003680241245666851,0.003891393181199607,anchor_id,2000,0,,
u_effect,0.1,do_oracle,minus,none,delta_u_effect_l2,2048,0.2635943861932312,0.043443460161516664,0.2596058204889966,0.2070430248925285,0.24334744055429544,0.3111357977225476,0.31438257753825954,0.6161561415046983,0.2616043061242808,0.26548315987727206,anchor_id,2000,0,,
u_effect,0.1,do_oracle,base,none,reward_u_effect_abs,2048,0.003958083964305409,0.002352714472054266,0.0031687239467690365,0.0013931310813315224,0.0021568222298652406,0.006273402313914489,0.007095381463357064,0.013052426980954657,0.0038578539983996725,0.00405824300263471,anchor_id,2000,0,,
u_effect,0.1,do_oracle,base,none,delta_u_effect_l2,2048,0.2643800666149433,0.043055642701500925,0.25973120937570016,0.20026512811774672,0.24346822884564534,0.31256136390523537,0.31470711482747443,0.5426522424820269,0.26240325642034995,0.26626773327721426,anchor_id,2000,0,,
u_effect,0.1,do_oracle,plus,none,reward_u_effect_abs,2048,0.00400332387205935,0.0022814602326582914,0.003308371829049417,0.001454727076802609,0.002241578139236422,0.0063375643464320675,0.007085766667815729,0.01046446442719251,0.0039051689711226433,0.00410414766910864,anchor_id,2000,0,,
u_effect,0.1,do_oracle,plus,none,delta_u_effect_l2,2048,0.2609657076166355,0.04381289854747991,0.259495052650486,0.1836988799989832,0.24318586319746344,0.3112201573809644,0.3143869395515709,0.3239396856143692,0.25899263579302806,0.26282568477583207,anchor_id,2000,0,,
u_effect,0.1,do_oracle,all,none,reward_u_effect_abs,2048,0.003915342859748667,0.00227634156760698,0.0031748185348168256,0.0013882078523791974,0.0021427347366658744,0.006239777334068959,0.006997589925388577,0.01054291342316116,0.0038196834280391683,0.004014485140792471,anchor_id,2000,0,,
u_effect,0.1,do_oracle,all,none,delta_u_effect_l2,2048,0.2629800534749367,0.0421182507248543,0.25958385050852306,0.2025626793018395,0.24330564818747877,0.30619647469194433,0.3143002286964611,0.45675416560050824,0.26107174996995935,0.2648450454373924,anchor_id,2000,0,,
population_effect,0.1,confounded,minus,logger1_heavy_vs_logger2_heavy,reward_heavy_drift,2048,0.0005887187822260244,0.000372159289810295,0.0004761469036032029,0.00016078274897020074,0.000305377490651626,0.0009535344095771281,0.0010832947269629578,0.002484485588557739,0.0005724819715482411,0.000605327828186655,anchor_id,2000,0,,
population_effect,0.1,confounded,minus,logger1_heavy_vs_logger2_heavy,delta_heavy_drift,2048,0.041003571185613735,0.006757871580680371,0.040383127631621774,0.032206692761060016,0.03785404630844602,0.04839890186795186,0.04890395650595143,0.09584651090073125,0.040694003174888096,0.04129738042535342,anchor_id,2000,0,,
population_effect,0.1,confounded,minus,logger12_balanced,reward_balanced_do_error,2048,0.0011353862228643502,0.0007177357732055686,0.0009182833140912727,0.0003100810158708889,0.0005889423034011187,0.0018389592184706594,0.002089211259142898,0.0047915079207903055,0.001104072373700027,0.0011674179543598744,anchor_id,2000,0,,
population_effect,0.1,confounded,minus,logger12_balanced,delta_balanced_do_error,2048,0.07907831585796934,0.013033038048454999,0.07788174614669899,0.06211290746775856,0.07300423216628865,0.09334073931676425,0.09431477326147783,0.18484684245140964,0.07848129183728418,0.07964494796318167,anchor_id,2000,0,,
population_effect,0.1,confounded,minus,all_sources_equal,reward_all_sources_equal_do_error,2048,0.0011353862228643502,0.0007177357732055686,0.0009182833140912727,0.0003100810158708889,0.0005889423034011187,0.0018389592184706594,0.002089211259142898,0.0047915079207903055,0.001104072373700027,0.0011674179543598744,anchor_id,2000,0,,
population_effect,0.1,confounded,minus,all_sources_equal,delta_all_sources_equal_do_error,2048,0.07907831585796934,0.013033038048454999,0.07788174614669899,0.06211290746775856,0.07300423216628865,0.09334073931676425,0.09431477326147783,0.18484684245140964,0.07848129183728418,0.07964494796318167,anchor_id,2000,0,,
population_effect,0.1,confounded,base,logger1_heavy_vs_logger2_heavy,reward_heavy_drift,2048,0.0,0.0,0.0,0.0,0.0,0.0,0.0,0.0,0.0,0.0,anchor_id,2000,0,,
population_effect,0.1,confounded,base,logger1_heavy_vs_logger2_heavy,delta_heavy_drift,2048,0.0,0.0,0.0,0.0,0.0,0.0,0.0,0.0,0.0,0.0,anchor_id,2000,0,,
population_effect,0.1,confounded,base,logger12_balanced,reward_balanced_do_error,2048,0.0,0.0,0.0,0.0,0.0,0.0,0.0,0.0,0.0,0.0,anchor_id,2000,0,,
population_effect,0.1,confounded,base,logger12_balanced,delta_balanced_do_error,2048,0.0,0.0,0.0,0.0,0.0,0.0,0.0,0.0,0.0,0.0,anchor_id,2000,0,,
population_effect,0.1,confounded,base,all_sources_equal,reward_all_sources_equal_do_error,2048,0.0,0.0,0.0,0.0,0.0,0.0,0.0,0.0,0.0,0.0,anchor_id,2000,0,,
population_effect,0.1,confounded,base,all_sources_equal,delta_all_sources_equal_do_error,2048,0.0,0.0,0.0,0.0,0.0,0.0,0.0,0.0,0.0,0.0,anchor_id,2000,0,,
population_effect,0.1,confounded,plus,logger1_heavy_vs_logger2_heavy,reward_heavy_drift,2048,0.0006227392689869407,0.0003548938139690637,0.0005146356178522549,0.00022629087861452128,0.000348689932770041,0.00098584334277807,0.0011022303705488846,0.0016278055775638123,0.0006074707288412369,0.0006384229707501576,anchor_id,2000,0,,
population_effect,0.1,confounded,plus,logger1_heavy_vs_logger2_heavy,delta_heavy_drift,2048,0.040594665629254414,0.0068153397740524325,0.04036589707896446,0.028575381333175224,0.03782891205293879,0.04841202448148331,0.0489046350413554,0.050390617762235204,0.040287743345582105,0.04088399540957385,anchor_id,2000,0,,
population_effect,0.1,confounded,plus,logger12_balanced,reward_balanced_do_error,2048,0.001200997161617431,0.0006844380697974757,0.000992511548714381,0.0004364181230407605,0.0006724734417706824,0.0019012693039293094,0.002125730000344195,0.0031393393281584636,0.0011715506913364151,0.0012312443007322135,anchor_id,2000,0,,
population_effect,0.1,confounded,plus,logger12_balanced,delta_balanced_do_error,2048,0.0782897122849907,0.013143869564243987,0.07784851579514572,0.055109663999694934,0.07295575895923909,0.0933660472142893,0.09431608186547134,0.09718190568431088,0.07769779073790854,0.07884770543274969,anchor_id,2000,0,,
population_effect,0.1,confounded,plus,all_sources_equal,reward_all_sources_equal_do_error,2048,0.001200997161617822,0.0006844380697974827,0.000992511548714603,0.0004364181230400722,0.0006724734417710154,0.0019012693039294204,0.002125730000344461,0.0031393393281575754,0.0011715506913368022,0.0012312443007326055,anchor_id,2000,0,,
population_effect,0.1,confounded,plus,all_sources_equal,delta_all_sources_equal_do_error,2048,0.07828971228499065,0.013143869564243973,0.07784851579514578,0.05510966399969495,0.07295575895923903,0.09336604721428939,0.09431608186547126,0.09718190568431068,0.07769779073790847,0.07884770543274965,anchor_id,2000,0,,
population_effect,0.1,confounded,all,logger1_heavy_vs_logger2_heavy,reward_heavy_drift,2048,0.0004038193504043217,0.00023430740333906555,0.00033044999467716585,0.00014353001948281448,0.0002181734728829617,0.000644130769411185,0.0007205962016936685,0.0010931262684688765,0.0003940239964146819,0.0004139729903929936,anchor_id,2000,0,,
population_effect,0.1,confounded,all,logger1_heavy_vs_logger2_heavy,delta_heavy_drift,2048,0.027199412271622717,0.004366259574459788,0.026913117315817976,0.021042760376665373,0.02522051780575393,0.03140170381777659,0.03259358655460305,0.04291312429804825,0.02700192377963304,0.027391539725146,anchor_id,2000,0,,
population_effect,0.1,confounded,all,logger12_balanced,reward_balanced_do_error,2048,0.000778794461493927,0.0004518785635824837,0.0006372964183058254,0.0002768078947167833,0.00042076312627411144,0.0012422521981500698,0.0013897212461236503,0.002108172089189786,0.0007599034216567776,0.0007983764814720829,anchor_id,2000,0,,
population_effect,0.1,confounded,all,logger12_balanced,delta_balanced_do_error,2048,0.05245600938098668,0.008420643465029597,0.05190386910907756,0.04058246644071179,0.04863957005395399,0.06056042879142626,0.06285905978387733,0.08276102543194985,0.052075138717863734,0.05282654089849587,anchor_id,2000,0,,
population_effect,0.1,confounded,all,all_sources_equal,reward_all_sources_equal_do_error,2048,0.0007787944614940575,0.00045187856358247974,0.0006372964183058993,0.0002768078947169091,0.00042076312627424095,0.0012422521981500698,0.0013897212461237392,0.0021081720891894897,0.0007599034216569079,0.0007983764814722155,anchor_id,2000,0,,
population_effect,0.1,confounded,all,all_sources_equal,delta_all_sources_equal_do_error,2048,0.05245600938098667,0.00842064346502959,0.051903869109077516,0.04058246644071179,0.048639570053953966,0.06056042879142627,0.06285905978387732,0.0827610254319498,0.05207513871786372,0.05282654089849586,anchor_id,2000,0,,
ranking,0.1,confounded,all,logger1_heavy_vs_logger2_heavy,heavy_top_set_disagreement,2048,0.001953125,0.04416177735762528,0.0,0.0,0.0,0.0,0.0,1.0,0.00048828125,0.00390625,anchor_id,2000,0,,
ranking,0.1,confounded,all,logger1_heavy_vs_logger2_heavy,heavy_strict_flip,2048,0.001953125,0.04416177735762528,0.0,0.0,0.0,0.0,0.0,1.0,0.00048828125,0.00390625,anchor_id,2000,0,,
ranking,0.1,confounded,all,logger12_balanced,balanced_vs_do_disagreement,2048,0.0029296875,0.0540604425477739,0.0,0.0,0.0,0.0,0.0,1.0,0.0009765625,0.00537109375,anchor_id,2000,0,,
ranking,0.1,confounded,all,all_sources_equal,all_sources_equal_vs_do_disagreement,2048,0.0029296875,0.0540604425477739,0.0,0.0,0.0,0.0,0.0,1.0,0.0009765625,0.00537109375,anchor_id,2000,0,,
population_effect,0.1,independent_latents,minus,logger1_heavy_vs_logger2_heavy,reward_heavy_drift,2048,1.5791404642251372e-16,2.524463881003888e-16,0.0,0.0,0.0,4.440892098500626e-16,4.440892098500626e-16,1.7763568394002505e-15,1.4690803911907024e-16,1.6875606814736877e-16,anchor_id,2000,0,,
population_effect,0.1,independent_latents,minus,logger1_heavy_vs_logger2_heavy,delta_heavy_drift,2048,2.2171049387267223e-16,2.5242121433658346e-16,1.2928471141891178e-16,2.819518933168456e-17,6.250724053162629e-17,2.5441547290637107e-16,4.628831698824429e-16,2.6646188758221344e-15,2.104541020739127e-16,2.3229541509618866e-16,anchor_id,2000,0,,
population_effect,0.1,independent_latents,minus,logger12_balanced,reward_balanced_do_error,2048,2.468186245663251e-16,2.7162699679219464e-16,2.220446049250313e-16,0.0,0.0,4.440892098500626e-16,4.440892098500626e-16,8.881784197001252e-16,2.3532472628526315e-16,2.5831116759467143e-16,anchor_id,2000,0,,
population_effect,0.1,independent_latents,minus,logger12_balanced,delta_balanced_do_error,2048,9.79588343123535e-17,1.5106491288133061e-16,5.551116529332507e-17,1.7482234731686756e-18,9.946430682384413e-18,1.1446546270779416e-16,2.2652859241481334e-16,1.7910547349592614e-15,9.144867845824284e-17,1.0451071867917771e-16,anchor_id,2000,0,,
population_effect,0.1,independent_latents,minus,all_sources_equal,reward_all_sources_equal_do_error,2048,7.334627696864437e-17,1.7269984933957825e-16,0.0,0.0,0.0,0.0,4.440892098500626e-16,8.881784197001252e-16,6.580971661715451e-17,8.05020113070487e-17,anchor_id,2000,0,,
population_effect,0.1,independent_latents,minus,all_sources_equal,delta_all_sources_equal_do_error,2048,3.4553572001555044e-17,9.8991534042677e-17,1.734723475976807e-18,0.0,0.0,1.5540063044689707e-17,1.1102230246251565e-16,9.019494489765868e-16,3.043044481794557e-17,3.898091807362374e-17,anchor_id,2000,0,,
population_effect,0.1,independent_latents,base,logger1_heavy_vs_logger2_heavy,reward_heavy_drift,2048,0.0,0.0,0.0,0.0,0.0,0.0,0.0,0.0,0.0,0.0,anchor_id,2000,0,,
population_effect,0.1,independent_latents,base,logger1_heavy_vs_logger2_heavy,delta_heavy_drift,2048,0.0,0.0,0.0,0.0,0.0,0.0,0.0,0.0,0.0,0.0,anchor_id,2000,0,,
population_effect,0.1,independent_latents,base,logger12_balanced,reward_balanced_do_error,2048,0.0,0.0,0.0,0.0,0.0,0.0,0.0,0.0,0.0,0.0,anchor_id,2000,0,,
population_effect,0.1,independent_latents,base,logger12_balanced,delta_balanced_do_error,2048,0.0,0.0,0.0,0.0,0.0,0.0,0.0,0.0,0.0,0.0,anchor_id,2000,0,,
population_effect,0.1,independent_latents,base,all_sources_equal,reward_all_sources_equal_do_error,2048,0.0,0.0,0.0,0.0,0.0,0.0,0.0,0.0,0.0,0.0,anchor_id,2000,0,,
population_effect,0.1,independent_latents,base,all_sources_equal,delta_all_sources_equal_do_error,2048,0.0,0.0,0.0,0.0,0.0,0.0,0.0,0.0,0.0,0.0,anchor_id,2000,0,,
population_effect,0.1,independent_latents,plus,logger1_heavy_vs_logger2_heavy,reward_heavy_drift,2048,1.717376241217039e-16,2.6135140921465627e-16,0.0,0.0,0.0,4.440892098500626e-16,4.440892098500626e-16,1.7763568394002505e-15,1.6084139228822458e-16,1.8323152240276584e-16,anchor_id,2000,0,,
population_effect,0.1,independent_latents,plus,logger1_heavy_vs_logger2_heavy,delta_heavy_drift,2048,1.806648632387741e-16,2.1750425431453098e-16,1.130369000197038e-16,1.552189918428023e-17,5.56415463696739e-17,2.2893102851088316e-16,4.476023628812781e-16,1.8041466087603553e-15,1.7146122061149673e-16,1.900819236395055e-16,anchor_id,2000,0,,
population_effect,0.1,independent_latents,plus,logger12_balanced,reward_balanced_do_error,2048,2.631900773708562e-16,2.742818226701908e-16,4.440892098500626e-16,0.0,0.0,4.440892098500626e-16,4.440892098500626e-16,1.7763568394002505e-15,2.518601646683827e-16,2.7517051137682103e-16,anchor_id,2000,0,,
population_effect,0.1,independent_latents,plus,logger12_balanced,delta_balanced_do_error,2048,7.394694923024805e-17,1.3923230960012473e-16,2.081950489452449e-17,1.439956010332325e-21,3.469446951953614e-18,1.1102251422055052e-16,2.220446049250313e-16,9.485813128455931e-16,6.784567752028488e-17,8.020195264181772e-17,anchor_id,2000,0,,
population_effect,0.1,independent_latents,plus,all_sources_equal,reward_all_sources_equal_do_error,2048,7.204523436166177e-17,1.7473504928554762e-16,0.0,0.0,0.0,0.0,4.440892098500626e-16,8.881784197001252e-16,6.451002926288751e-17,7.974442503902445e-17,anchor_id,2000,0,,
population_effect,0.1,independent_latents,plus,all_sources_equal,delta_all_sources_equal_do_error,2048,3.9640109439970295e-17,9.587296709677359e-17,3.469446951953614e-18,0.0,0.0,2.797157557069881e-17,1.1103625645302685e-16,8.950988231434452e-16,3.560820488028064e-17,4.380784125065052e-17,anchor_id,2000,0,,
population_effect,0.1,independent_latents,all,logger1_heavy_vs_logger2_heavy,reward_heavy_drift,2048,1.0988389018140587e-16,1.197993475852091e-16,1.4802973661668753e-16,0.0,0.0,1.4802973661668753e-16,2.9605947323337506e-16,5.921189464667501e-16,1.050393134740165e-16,1.1501803921903005e-16,anchor_id,2000,0,,
population_effect,0.1,independent_latents,all,logger1_heavy_vs_logger2_heavy,delta_heavy_drift,2048,1.3412511903714878e-16,1.3235856572894089e-16,9.362641676784686e-17,2.5476541945145056e-17,4.748472698122091e-17,1.656013272652124e-16,3.0701490193519165e-16,9.167857880120567e-16,1.2821953609613443e-16,1.3994917872215495e-16,anchor_id,2000,0,,
population_effect,0.1,independent_latents,all,logger12_balanced,reward_balanced_do_error,2048,1.700029006457271e-16,1.3191176521138167e-16,1.4802973661668753e-16,0.0,7.401486830834377e-17,2.9605947323337506e-16,2.9605947323337506e-16,8.881784197001252e-16,1.6452632442195959e-16,1.753520831142275e-16,anchor_id,2000,0,,
population_effect,0.1,independent_latents,all,logger12_balanced,delta_balanced_do_error,2048,5.730192784753385e-17,7.434601340698753e-17,3.7583446915840014e-17,4.65788319471166e-18,1.2434828176887396e-17,7.463804805511909e-17,1.2434420310706907e-16,9.02198677829294e-16,5.400446029328817e-17,6.045115177078958e-17,anchor_id,2000,0,,
population_effect,0.1,independent_latents,all,all_sources_equal,reward_all_sources_equal_do_error,2048,4.846383711010205e-17,8.241383708849757e-17,0.0,0.0,0.0,1.4802973661668753e-16,1.4802973661668753e-16,5.921189464667501e-16,4.4885969940899884e-17,5.2060677817322686e-17,anchor_id,2000,0,,
population_effect,0.1,independent_latents,all,all_sources_equal,delta_all_sources_equal_do_error,2048,2.473122714717511e-17,4.7614800583132055e-17,5.222584523676428e-18,0.0,8.707367372863707e-19,3.700743415417188e-17,7.401487105182598e-17,5.922634714805978e-16,2.2760269821194383e-17,2.6812041780992565e-17,anchor_id,2000,0,,
ranking,0.1,independent_latents,all,logger1_heavy_vs_logger2_heavy,heavy_top_set_disagreement,2048,0.0,0.0,0.0,0.0,0.0,0.0,0.0,0.0,0.0,0.0,anchor_id,2000,0,,
ranking,0.1,independent_latents,all,logger1_heavy_vs_logger2_heavy,heavy_strict_flip,2048,0.0,0.0,0.0,0.0,0.0,0.0,0.0,0.0,0.0,0.0,anchor_id,2000,0,,
ranking,0.1,independent_latents,all,logger12_balanced,balanced_vs_do_disagreement,2048,0.0,0.0,0.0,0.0,0.0,0.0,0.0,0.0,0.0,0.0,anchor_id,2000,0,,
ranking,0.1,independent_latents,all,all_sources_equal,all_sources_equal_vs_do_disagreement,2048,0.0,0.0,0.0,0.0,0.0,0.0,0.0,0.0,0.0,0.0,anchor_id,2000,0,,
confounding_excess,0.1,confounded_minus_independent,minus,logger1_heavy_vs_logger2_heavy,reward_heavy_drift_excess,2048,0.0005887187822258664,0.00037215928981028937,0.00047614690360298084,0.00016078274897006752,0.000305377490651626,0.0009535344095771281,0.0010832947269628244,0.0024844855885572947,0.0005724819715480767,0.0006053278281864961,anchor_id,2000,0,,
confounding_excess,0.1,confounded_minus_independent,base,logger1_heavy_vs_logger2_heavy,reward_heavy_drift_excess,2048,0.0,0.0,0.0,0.0,0.0,0.0,0.0,0.0,0.0,0.0,anchor_id,2000,0,,
confounding_excess,0.1,confounded_minus_independent,plus,logger1_heavy_vs_logger2_heavy,reward_heavy_drift_excess,2048,0.0006227392689867689,0.00035489381396906436,0.0005146356178518108,0.00022629087861445466,0.00034868993276970794,0.0009858433427777369,0.0011022303705488846,0.0016278055775638123,0.0006074707288410535,0.0006384229707499823,anchor_id,2000,0,,
confounding_excess,0.1,confounded_minus_independent,all,logger1_heavy_vs_logger2_heavy,reward_heavy_drift_excess,2048,0.0004038193504042118,0.0002343074033390642,0.00033044999467701786,0.00014353001948281448,0.00021817347288286917,0.0006441307694111664,0.0007205962016935796,0.0010931262684688765,0.00039402399641457294,0.00041397299039288253,anchor_id,2000,0,,
confounding_excess,0.1,confounded_minus_independent,minus,logger1_heavy_vs_logger2_heavy,delta_heavy_drift_excess,2048,0.04100357118561351,0.006757871580680393,0.04038312763162126,0.03220669276105994,0.03785404630844591,0.048398901867951746,0.04890395650595136,0.09584651090073122,0.04069400317488789,0.041297380425353206,anchor_id,2000,0,,
confounding_excess,0.1,confounded_minus_independent,base,logger1_heavy_vs_logger2_heavy,delta_heavy_drift_excess,2048,0.0,0.0,0.0,0.0,0.0,0.0,0.0,0.0,0.0,0.0,anchor_id,2000,0,,
confounding_excess,0.1,confounded_minus_independent,plus,logger1_heavy_vs_logger2_heavy,delta_heavy_drift_excess,2048,0.040594665629254234,0.0068153397740524585,0.04036589707896428,0.028575381333174995,0.03782891205293868,0.048412024481483046,0.04890463504135529,0.05039061776223509,0.04028774334558194,0.04088399540957367,anchor_id,2000,0,,
confounding_excess,0.1,confounded_minus_independent,all,logger1_heavy_vs_logger2_heavy,delta_heavy_drift_excess,2048,0.027199412271622585,0.004366259574459804,0.026913117315817487,0.02104276037666535,0.02522051780575388,0.03140170381777649,0.03259358655460299,0.04291312429804808,0.027001923779632918,0.027391539725145873,anchor_id,2000,0,,
confounding_excess,0.1,confounded_minus_independent,minus,logger12_balanced,reward_balanced_do_error_excess,2048,0.0011353862228641034,0.0007177357732055631,0.0009182833140912727,0.00031008101587062244,0.0005889423034011187,0.0018389592184702153,0.0020892112591427646,0.004791507920789861,0.0011040723736997812,0.0011674179543596191,anchor_id,2000,0,,
confounding_excess,0.1,confounded_minus_independent,base,logger12_balanced,reward_balanced_do_error_excess,2048,0.0,0.0,0.0,0.0,0.0,0.0,0.0,0.0,0.0,0.0,anchor_id,2000,0,,
confounding_excess,0.1,confounded_minus_independent,plus,logger12_balanced,reward_balanced_do_error_excess,2048,0.0012009971616171677,0.0006844380697974648,0.000992511548714159,0.0004364181230406939,0.0006724734417703493,0.0019012693039289763,0.002125730000343884,0.0031393393281584636,0.0011715506913361478,0.00123124430073195,anchor_id,2000,0,,
confounding_excess,0.1,confounded_minus_independent,all,logger12_balanced,reward_balanced_do_error_excess,2048,0.000778794461493757,0.0004518785635824794,0.0006372964183058254,0.00027680789471667966,0.00042076312627407447,0.0012422521981498476,0.0013897212461235616,0.0021081720891894897,0.0007599034216566029,0.0007983764814719123,anchor_id,2000,0,,
confounding_excess,0.1,confounded_minus_independent,minus,logger12_balanced,delta_balanced_do_error_excess,2048,0.07907831585796926,0.013033038048455004,0.07788174614669854,0.06211290746775847,0.0730042321662886,0.0933407393167642,0.09431477326147783,0.18484684245140964,0.07848129183728407,0.0796449479631816,anchor_id,2000,0,,
confounding_excess,0.1,confounded_minus_independent,base,logger12_balanced,delta_balanced_do_error_excess,2048,0.0,0.0,0.0,0.0,0.0,0.0,0.0,0.0,0.0,0.0,anchor_id,2000,0,,
confounding_excess,0.1,confounded_minus_independent,plus,logger12_balanced,delta_balanced_do_error_excess,2048,0.07828971228499063,0.013143869564244,0.0778485157951457,0.05510966399969431,0.07295575895923909,0.09336604721428922,0.09431608186547134,0.09718190568431088,0.07769779073790849,0.07884770543274962,anchor_id,2000,0,,
confounding_excess,0.1,confounded_minus_independent,all,logger12_balanced,delta_balanced_do_error_excess,2048,0.05245600938098662,0.008420643465029602,0.05190386910907724,0.040582466440711784,0.04863957005395397,0.060560428791426195,0.06285905978387729,0.08276102543194962,0.052075138717863664,0.05282654089849581,anchor_id,2000,0,,
confounding_excess,0.1,confounded_minus_independent,minus,all_sources_equal,reward_all_sources_equal_do_error_excess,2048,0.001135386222864277,0.0007177357732055706,0.0009182833140912727,0.0003100810158708889,0.0005889423034011187,0.0018389592184706594,0.002089211259142898,0.0047915079207903055,0.0011040723736999583,0.001167417954359804,anchor_id,2000,0,,
confounding_excess,0.1,confounded_minus_independent,base,all_sources_equal,reward_all_sources_equal_do_error_excess,2048,0.0,0.0,0.0,0.0,0.0,0.0,0.0,0.0,0.0,0.0,anchor_id,2000,0,,
confounding_excess,0.1,confounded_minus_independent,plus,all_sources_equal,reward_all_sources_equal_do_error_excess,2048,0.0012009971616177499,0.0006844380697974826,0.000992511548714603,0.00043641812303938385,0.0006724734417710154,0.0019012693039294204,0.002125730000344328,0.0031393393281575754,0.001171550691336732,0.0012312443007325385,anchor_id,2000,0,,
confounding_excess,0.1,confounded_minus_independent,all,all_sources_equal,reward_all_sources_equal_do_error_excess,2048,0.000778794461494009,0.00045187856358248007,0.0006372964183058993,0.000276807894716898,0.0004207631262741855,0.0012422521981500327,0.0013897212461236356,0.0021081720891894897,0.0007599034216568591,0.0007983764814721669,anchor_id,2000,0,,
confounding_excess,0.1,confounded_minus_independent,minus,all_sources_equal,delta_all_sources_equal_do_error_excess,2048,0.07907831585796932,0.013033038048455006,0.07788174614669877,0.06211290746775856,0.07300423216628865,0.0933407393167642,0.0943147732614778,0.18484684245140964,0.07848129183728413,0.07964494796318165,anchor_id,2000,0,,
confounding_excess,0.1,confounded_minus_independent,base,all_sources_equal,delta_all_sources_equal_do_error_excess,2048,0.0,0.0,0.0,0.0,0.0,0.0,0.0,0.0,0.0,0.0,anchor_id,2000,0,,
confounding_excess,0.1,confounded_minus_independent,plus,all_sources_equal,delta_all_sources_equal_do_error_excess,2048,0.07828971228499061,0.013143869564243975,0.07784851579514576,0.05510966399969495,0.07295575895923902,0.09336604721428939,0.09431608186547122,0.09718190568431068,0.07769779073790845,0.07884770543274962,anchor_id,2000,0,,
confounding_excess,0.1,confounded_minus_independent,all,all_sources_equal,delta_all_sources_equal_do_error_excess,2048,0.05245600938098664,0.008420643465029591,0.051903869109077495,0.040582466440711784,0.048639570053953966,0.060560428791426216,0.06285905978387732,0.08276102543194967,0.05207513871786368,0.05282654089849582,anchor_id,2000,0,,
decision_scale,0.1,confounded,all,primary,max_primary_drift,2048,0.0006491589386660728,0.0003621506016219343,0.0005254304318607073,0.00024696560665127265,0.00036423534164076177,0.0009947148956436225,0.0011179969165874936,0.002484485588557739,0.0006338644503526483,0.0006648662889923936,anchor_id,2000,0,,
decision_scale,0.1,confounded,all,none,do_action_gap,2048,0.00782639415956259,0.004602836370969564,0.0063344353529120045,0.0026440294186741327,0.004280805726163406,0.012511204283719546,0.014034283578653373,0.021775000215144225,0.007629728606495297,0.008025828574830212,anchor_id,2000,0,,
decision_scale,0.1,confounded,all,primary,fraction_primary_drift_gt_gap,2048,0.0,0.0,0.0,0.0,0.0,0.0,0.0,0.0,0.0,0.0,anchor_id,2000,0,,
decision_scale,0.1,confounded,all,logger12_balanced,max_balanced_do_error,2048,0.0012519493817129156,0.0006984333031280159,0.0010133301185881738,0.00047629081282758446,0.0007024538731640328,0.0019183787273125974,0.0021561369105609794,0.0047915079207903055,0.0012224528685370036,0.0012822421287708406,anchor_id,2000,0,,
decision_scale,0.1,confounded,all,logger12_balanced,fraction_balanced_error_gt_gap,2048,0.0,0.0,0.0,0.0,0.0,0.0,0.0,0.0,0.0,0.0,anchor_id,2000,0,,
u_effect,0.2,do_oracle,minus,none,reward_u_effect_abs,2048,0.00746916644126393,0.0048010864160319125,0.006130524942433047,0.0016753080903373796,0.0038141026734663797,0.012163210251423306,0.013877122537421816,0.029288896961630062,0.0072612260134562265,0.007684503197880827,anchor_id,2000,0,,
u_effect,0.2,do_oracle,minus,none,delta_u_effect_l2,2048,0.5208090099387289,0.08778711751885802,0.5189280644256707,0.3956392579206693,0.4857518186751668,0.6013233484703939,0.6285121027900543,1.1129172890188699,0.5168563379296518,0.5246164593283308,anchor_id,2000,0,,
u_effect,0.2,do_oracle,base,none,reward_u_effect_abs,2048,0.007874171423294135,0.004647322570382816,0.006332362223688381,0.0027862634615309356,0.004321672557532352,0.012545057289696349,0.014134038850673747,0.02109403789378117,0.007675685583882233,0.008072700219427279,anchor_id,2000,0,,
u_effect,0.2,do_oracle,base,none,delta_u_effect_l2,2048,0.5277275708407867,0.0854503424034585,0.5193838934630524,0.4000277248861286,0.4868413502351456,0.6245198337497446,0.6293282616972764,0.6669171877489041,0.5238790355972562,0.5314991667401682,anchor_id,2000,0,,
u_effect,0.2,do_oracle,plus,none,reward_u_effect_abs,2048,0.008004486600534056,0.004484027755890739,0.006697286249318424,0.0029042113078556753,0.004472465395487624,0.012622013378766117,0.014037239308465654,0.02092892778010569,0.0078141828451941,0.008195271514008036,anchor_id,2000,0,,
u_effect,0.2,do_oracle,plus,none,delta_u_effect_l2,2048,0.517364597461746,0.08894057668127142,0.5186513807284918,0.35636870047952385,0.485590734086532,0.6061214924092149,0.6284531521052489,0.6400754479903564,0.5133874136382945,0.5211559360901822,anchor_id,2000,0,,
u_effect,0.2,do_oracle,all,none,reward_u_effect_abs,2048,0.007782608155030708,0.004499614687877615,0.006334435057025726,0.002801191762601274,0.004231287089112504,0.012406096094387403,0.013924883017384156,0.0210810567468096,0.007592978775081902,0.007975353827319936,anchor_id,2000,0,,
u_effect,0.2,do_oracle,all,none,delta_u_effect_l2,2048,0.521967059413754,0.08472612606438155,0.5186711834783513,0.40070702814739445,0.4862304582727514,0.6061112771913668,0.6281973787768192,0.7704040485879141,0.5181162323105107,0.5256453176491676,anchor_id,2000,0,,
population_effect,0.2,confounded,minus,logger1_heavy_vs_logger2_heavy,reward_heavy_drift,2048,0.0011618703353077806,0.0007468356647160892,0.0009536372132676885,0.0002606034807192348,0.0005933048603172786,0.001892054927999376,0.002158663505821323,0.004556050638475639,0.0011295240465376943,0.0011953671641148412,anchor_id,2000,0,,
population_effect,0.2,confounded,minus,logger1_heavy_vs_logger2_heavy,delta_heavy_drift,2048,0.08101473487935784,0.013655773836266802,0.08072214335510439,0.06154388456543731,0.07556139401613707,0.09353918753983903,0.09776854932289737,0.17312046718071294,0.08039987478905697,0.08160700478440702,anchor_id,2000,0,,
population_effect,0.2,confounded,minus,logger12_balanced,reward_balanced_do_error,2048,0.0022407499323791615,0.0014403259248095812,0.0018391574827298918,0.0005025924271010229,0.0011442308020397363,0.0036489630754268365,0.004163136761226127,0.00878666908848924,0.002178367804036845,0.002305350959364232,anchor_id,2000,0,,
population_effect,0.2,confounded,minus,logger12_balanced,delta_balanced_do_error,2048,0.1562427029816187,0.02633613525565741,0.15567841932770124,0.11869177737620076,0.14572554560255002,0.18039700454111818,0.1885536308370163,0.33387518670566096,0.1550569013788955,0.15738493779849919,anchor_id,2000,0,,
population_effect,0.2,confounded,minus,all_sources_equal,reward_all_sources_equal_do_error,2048,0.0022407499323791615,0.0014403259248095812,0.0018391574827298918,0.0005025924271010229,0.0011442308020397363,0.0036489630754268365,0.004163136761226127,0.00878666908848924,0.002178367804036845,0.002305350959364232,anchor_id,2000,0,,
population_effect,0.2,confounded,minus,all_sources_equal,delta_all_sources_equal_do_error,2048,0.1562427029816187,0.02633613525565741,0.15567841932770124,0.11869177737620076,0.14572554560255002,0.18039700454111818,0.1885536308370163,0.33387518670566096,0.1550569013788955,0.15738493779849919,anchor_id,2000,0,,
population_effect,0.2,confounded,base,logger1_heavy_vs_logger2_heavy,reward_heavy_drift,2048,0.0,0.0,0.0,0.0,0.0,0.0,0.0,0.0,0.0,0.0,anchor_id,2000,0,,
population_effect,0.2,confounded,base,logger1_heavy_vs_logger2_heavy,delta_heavy_drift,2048,0.0,0.0,0.0,0.0,0.0,0.0,0.0,0.0,0.0,0.0,anchor_id,2000,0,,
population_effect,0.2,confounded,base,logger12_balanced,reward_balanced_do_error,2048,0.0,0.0,0.0,0.0,0.0,0.0,0.0,0.0,0.0,0.0,anchor_id,2000,0,,
population_effect,0.2,confounded,base,logger12_balanced,delta_balanced_do_error,2048,0.0,0.0,0.0,0.0,0.0,0.0,0.0,0.0,0.0,0.0,anchor_id,2000,0,,
population_effect,0.2,confounded,base,all_sources_equal,reward_all_sources_equal_do_error,2048,0.0,0.0,0.0,0.0,0.0,0.0,0.0,0.0,0.0,0.0,anchor_id,2000,0,,
population_effect,0.2,confounded,base,all_sources_equal,delta_all_sources_equal_do_error,2048,0.0,0.0,0.0,0.0,0.0,0.0,0.0,0.0,0.0,0.0,anchor_id,2000,0,,
population_effect,0.2,confounded,plus,logger1_heavy_vs_logger2_heavy,reward_heavy_drift,2048,0.0012451423600830193,0.0006975154286941142,0.0010418000832270735,0.0004517662034441816,0.000695716839298588,0.0019634243033636034,0.002183570559094505,0.0032556109880150785,0.0012155395536968066,0.001274820013290072,anchor_id,2000,0,,
population_effect,0.2,confounded,plus,logger1_heavy_vs_logger2_heavy,delta_heavy_drift,2048,0.08047893738293828,0.013835200817086666,0.08067910366887648,0.05543513118570367,0.07553633641346047,0.09428556548587787,0.0977593792163721,0.0995672919096109,0.07986026434373464,0.0810687011695839,anchor_id,2000,0,,
population_effect,0.2,confounded,plus,logger12_balanced,reward_balanced_do_error,2048,0.0024013459801598604,0.0013452083267672065,0.0020091858747950386,0.0008712633923571467,0.0013417396186455877,0.003786604013629513,0.00421117179253927,0.006278678334031618,0.0023442548535578763,0.0024585814542020692,anchor_id,2000,0,,
population_effect,0.2,confounded,plus,logger12_balanced,delta_balanced_do_error,2048,0.15520937923852388,0.02668217300438144,0.15559541421854756,0.10691061014385739,0.1456772202259595,0.18183644772276453,0.18853594563157475,0.19202263439710673,0.15401622409148835,0.15634678082705478,anchor_id,2000,0,,
population_effect,0.2,confounded,plus,all_sources_equal,reward_all_sources_equal_do_error,2048,0.002401345980160248,0.0013452083267672084,0.0020091858747954827,0.0008712633923568359,0.0013417396186460318,0.0037866040136301793,0.004211171792540025,0.006278678334031618,0.0023442548535582692,0.0024585814542024357,anchor_id,2000,0,,
population_effect,0.2,confounded,plus,all_sources_equal,delta_all_sources_equal_do_error,2048,0.15520937923852382,0.026682173004381426,0.15559541421854756,0.1069106101438572,0.14567722022595964,0.1818364477227645,0.1885359456315746,0.19202263439710698,0.1540162240914883,0.15634678082705472,anchor_id,2000,0,,
population_effect,0.2,confounded,all,logger1_heavy_vs_logger2_heavy,reward_heavy_drift,2048,0.0008023375651302666,0.0004627776284046686,0.0006614556862789556,0.0002823203867306538,0.0004309701486710689,0.0012793161115674707,0.0014353824682077575,0.002185510566122003,0.0007826032462760345,0.0008226921259613866,anchor_id,2000,0,,
population_effect,0.2,confounded,all,logger1_heavy_vs_logger2_heavy,delta_heavy_drift,2048,0.05383122408743204,0.008836620471940025,0.05377943618709542,0.041321506846436575,0.050333457245998255,0.06197463068227092,0.06513935688979297,0.08525973856373227,0.05342977871081347,0.05420488536736382,anchor_id,2000,0,,
population_effect,0.2,confounded,all,logger12_balanced,reward_balanced_do_error,2048,0.0015473653041796738,0.0008924997119232844,0.0012756645378235731,0.0005444750315515131,0.0008311567152937682,0.0024672525008797206,0.002768237617257574,0.004214913234664941,0.0015093062606750826,0.0015866205286396895,anchor_id,2000,0,,
population_effect,0.2,confounded,all,logger12_balanced,delta_balanced_do_error,2048,0.10381736074004752,0.017042053767312913,0.10371748407511262,0.07969147748955614,0.09707166754585375,0.11952250203009379,0.12562590257317224,0.16442949580148394,0.10304314465656887,0.1045379932084873,anchor_id,2000,0,,
population_effect,0.2,confounded,all,all_sources_equal,reward_all_sources_equal_do_error,2048,0.0015473653041798033,0.000892499711923276,0.0012756645378236473,0.0005444750315518462,0.0008311567152940272,0.0024672525008797943,0.002768237617257722,0.004214913234664941,0.001509306260675221,0.0015866205286398148,anchor_id,2000,0,,
population_effect,0.2,confounded,all,all_sources_equal,delta_all_sources_equal_do_error,2048,0.1038173607400475,0.017042053767312906,0.10371748407511255,0.07969147748955614,0.09707166754585375,0.11952250203009382,0.12562590257317216,0.16442949580148383,0.10304314465656887,0.10453799320848729,anchor_id,2000,0,,
ranking,0.2,confounded,all,logger1_heavy_vs_logger2_heavy,heavy_top_set_disagreement,2048,0.00146484375,0.03825457540859959,0.0,0.0,0.0,0.0,0.0,1.0,0.0,0.00341796875,anchor_id,2000,0,,
ranking,0.2,confounded,all,logger1_heavy_vs_logger2_heavy,heavy_strict_flip,2048,0.0009765625,0.031242365945898062,0.0,0.0,0.0,0.0,0.0,1.0,0.0,0.00244140625,anchor_id,2000,0,,
ranking,0.2,confounded,all,logger12_balanced,balanced_vs_do_disagreement,2048,0.00146484375,0.03825457540859959,0.0,0.0,0.0,0.0,0.0,1.0,0.0,0.00341796875,anchor_id,2000,0,,
ranking,0.2,confounded,all,all_sources_equal,all_sources_equal_vs_do_disagreement,2048,0.00146484375,0.03825457540859959,0.0,0.0,0.0,0.0,0.0,1.0,0.0,0.00341796875,anchor_id,2000,0,,
population_effect,0.2,independent_latents,minus,logger1_heavy_vs_logger2_heavy,reward_heavy_drift,2048,1.6750923564901044e-16,2.5321072890012086e-16,0.0,0.0,0.0,4.440892098500626e-16,4.440892098500626e-16,8.881784197001252e-16,1.5655608320147562e-16,1.7835261262658107e-16,anchor_id,2000,0,,
population_effect,0.2,independent_latents,minus,logger1_heavy_vs_logger2_heavy,delta_heavy_drift,2048,2.2565804526945858e-16,2.5140690003364245e-16,1.3642703992359386e-16,2.86662265008196e-17,6.250273153996528e-17,2.502833704863631e-16,4.996937124987353e-16,1.8049804019544356e-15,2.142807441391048e-16,2.3652169880018564e-16,anchor_id,2000,0,,
population_effect,0.2,independent_latents,minus,logger12_balanced,reward_balanced_do_error,2048,2.6243113585011635e-16,2.7933165671833803e-16,2.220446049250313e-16,0.0,0.0,4.440892098500626e-16,4.440892098500626e-16,1.7763568394002505e-15,2.5017965130103015e-16,2.7463112079600945e-16,anchor_id,2000,0,,
population_effect,0.2,independent_latents,minus,logger12_balanced,delta_balanced_do_error,2048,1.0829815038815662e-16,1.7382542458813976e-16,5.561946577567963e-17,2.5688517259383225e-18,1.3877787807814457e-17,1.1548621071314795e-16,2.2974911262957725e-16,1.790180836524724e-15,1.0113593460276915e-16,1.1562882035888293e-16,anchor_id,2000,0,,
population_effect,0.2,independent_latents,minus,all_sources_equal,reward_all_sources_equal_do_error,2048,7.692414413784654e-17,1.7527246749332238e-16,0.0,0.0,0.0,0.0,4.440892098500626e-16,8.881784197001252e-16,6.965863432947805e-17,8.44593492366208e-17,anchor_id,2000,0,,
population_effect,0.2,independent_latents,minus,all_sources_equal,delta_all_sources_equal_do_error,2048,3.5543455274095257e-17,9.750994423050823e-17,3.469446951953614e-18,0.0,0.0,2.7755575615628914e-17,1.1102233822125585e-16,9.155232205632764e-16,3.1330123410338975e-17,3.986600438218142e-17,anchor_id,2000,0,,
population_effect,0.2,independent_latents,base,logger1_heavy_vs_logger2_heavy,reward_heavy_drift,2048,0.0,0.0,0.0,0.0,0.0,0.0,0.0,0.0,0.0,0.0,anchor_id,2000,0,,
population_effect,0.2,independent_latents,base,logger1_heavy_vs_logger2_heavy,delta_heavy_drift,2048,0.0,0.0,0.0,0.0,0.0,0.0,0.0,0.0,0.0,0.0,anchor_id,2000,0,,
population_effect,0.2,independent_latents,base,logger12_balanced,reward_balanced_do_error,2048,0.0,0.0,0.0,0.0,0.0,0.0,0.0,0.0,0.0,0.0,anchor_id,2000,0,,
population_effect,0.2,independent_latents,base,logger12_balanced,delta_balanced_do_error,2048,0.0,0.0,0.0,0.0,0.0,0.0,0.0,0.0,0.0,0.0,anchor_id,2000,0,,
population_effect,0.2,independent_latents,base,all_sources_equal,reward_all_sources_equal_do_error,2048,0.0,0.0,0.0,0.0,0.0,0.0,0.0,0.0,0.0,0.0,anchor_id,2000,0,,
population_effect,0.2,independent_latents,base,all_sources_equal,delta_all_sources_equal_do_error,2048,0.0,0.0,0.0,0.0,0.0,0.0,0.0,0.0,0.0,0.0,anchor_id,2000,0,,
population_effect,0.2,independent_latents,plus,logger1_heavy_vs_logger2_heavy,reward_heavy_drift,2048,1.6685871434551913e-16,2.5920545969531737e-16,0.0,0.0,0.0,4.440892098500626e-16,4.440892098500626e-16,1.7763568394002505e-15,1.561779676938213e-16,1.7824419240933252e-16,anchor_id,2000,0,,
population_effect,0.2,independent_latents,plus,logger1_heavy_vs_logger2_heavy,delta_heavy_drift,2048,1.7763895346519257e-16,2.0985097561622737e-16,1.1449503482845948e-16,1.5708593275475117e-17,5.55602831794777e-17,2.247524966385562e-16,4.452078324967458e-16,1.8446889901794278e-15,1.686617406841366e-16,1.8696747420372293e-16,anchor_id,2000,0,,
population_effect,0.2,independent_latents,plus,logger12_balanced,reward_balanced_do_error,2048,2.6237692574149207e-16,2.762288726985131e-16,4.440892098500626e-16,0.0,0.0,4.440892098500626e-16,4.440892098500626e-16,1.7763568394002505e-15,2.5017965130103015e-16,2.7419743992701525e-16,anchor_id,2000,0,,
population_effect,0.2,independent_latents,plus,logger12_balanced,delta_balanced_do_error,2048,7.205071697693289e-17,1.3249272220179314e-16,2.775578737305794e-17,1.0842021724855044e-19,3.596284683759254e-18,1.1102230246251565e-16,2.012211118482123e-16,9.176228081373032e-16,6.689340488920209e-17,7.812939575427765e-17,anchor_id,2000,0,,
population_effect,0.2,independent_latents,plus,all_sources_equal,reward_all_sources_equal_do_error,2048,7.914675859144182e-17,1.7852935136073584e-16,0.0,0.0,0.0,0.0,4.440892098500626e-16,8.881784197001252e-16,7.166440834857623e-17,8.695301423333746e-17,anchor_id,2000,0,,
population_effect,0.2,independent_latents,plus,all_sources_equal,delta_all_sources_equal_do_error,2048,3.381596296440837e-17,8.775486873758668e-17,3.469446951953614e-18,0.0,0.0,2.7755575615628914e-17,1.1102235540206224e-16,9.155133597044475e-16,3.007704989238115e-17,3.7625126430037666e-17,anchor_id,2000,0,,
population_effect,0.2,independent_latents,all,logger1_heavy_vs_logger2_heavy,reward_heavy_drift,2048,1.1145598333150986e-16,1.2790418349964898e-16,1.4802973661668753e-16,0.0,0.0,1.4802973661668753e-16,2.9605947323337506e-16,8.881784197001252e-16,1.060155471801587e-16,1.1689777473557675e-16,anchor_id,2000,0,,
population_effect,0.2,independent_latents,all,logger1_heavy_vs_logger2_heavy,delta_heavy_drift,2048,1.3443233291155038e-16,1.336755000179359e-16,9.319846105360543e-17,2.8076254968778655e-17,4.8509500402579616e-17,1.616115516827124e-16,3.147140157710446e-16,9.235398089046696e-16,1.2847704944556322e-16,1.4037174843459515e-16,anchor_id,2000,0,,
population_effect,0.2,independent_latents,all,logger12_balanced,reward_balanced_do_error,2048,1.7493602053053614e-16,1.4270094458285428e-16,1.4802973661668753e-16,0.0,0.0,2.9605947323337506e-16,2.9605947323337506e-16,8.881784197001252e-16,1.6857491603438272e-16,1.8111642466460856e-16,anchor_id,2000,0,,
population_effect,0.2,independent_latents,all,logger12_balanced,delta_balanced_do_error,2048,6.011628912169651e-17,7.948999329478046e-17,3.7854275767604834e-17,4.807896344963636e-18,1.3875931272994268e-17,7.5338704215626e-17,1.4200428951869706e-16,8.97325812220424e-16,5.684465960796456e-17,6.353106206950553e-17,anchor_id,2000,0,,
population_effect,0.2,independent_latents,all,all_sources_equal,reward_all_sources_equal_do_error,2048,5.202363424309612e-17,9.095074279872122e-17,0.0,0.0,0.0,1.4802973661668753e-16,1.4802973661668753e-16,5.921189464667501e-16,4.808391459882691e-17,5.59994939597815e-17,anchor_id,2000,0,,
population_effect,0.2,independent_latents,all,all_sources_equal,delta_all_sources_equal_do_error,2048,2.311980607950121e-17,4.506253872651677e-17,5.656424480560403e-18,4.517509052022935e-21,1.1564823173178713e-18,2.3809473142562048e-17,5.639569055862619e-17,3.353889725350235e-16,2.1191749742036692e-17,2.506843495490624e-17,anchor_id,2000,0,,
ranking,0.2,independent_latents,all,logger1_heavy_vs_logger2_heavy,heavy_top_set_disagreement,2048,0.0,0.0,0.0,0.0,0.0,0.0,0.0,0.0,0.0,0.0,anchor_id,2000,0,,
ranking,0.2,independent_latents,all,logger1_heavy_vs_logger2_heavy,heavy_strict_flip,2048,0.0,0.0,0.0,0.0,0.0,0.0,0.0,0.0,0.0,0.0,anchor_id,2000,0,,
ranking,0.2,independent_latents,all,logger12_balanced,balanced_vs_do_disagreement,2048,0.0,0.0,0.0,0.0,0.0,0.0,0.0,0.0,0.0,0.0,anchor_id,2000,0,,
ranking,0.2,independent_latents,all,all_sources_equal,all_sources_equal_vs_do_disagreement,2048,0.0,0.0,0.0,0.0,0.0,0.0,0.0,0.0,0.0,0.0,anchor_id,2000,0,,
confounding_excess,0.2,confounded_minus_independent,minus,logger1_heavy_vs_logger2_heavy,reward_heavy_drift_excess,2048,0.001161870335307613,0.0007468356647160826,0.0009536372132674664,0.0002606034807192348,0.0005933048603170565,0.001892054927999376,0.00215866350582119,0.004556050638475639,0.0011295240465375286,0.00119536716411467,anchor_id,2000,0,,
confounding_excess,0.2,confounded_minus_independent,base,logger1_heavy_vs_logger2_heavy,reward_heavy_drift_excess,2048,0.0,0.0,0.0,0.0,0.0,0.0,0.0,0.0,0.0,0.0,anchor_id,2000,0,,
confounding_excess,0.2,confounded_minus_independent,plus,logger1_heavy_vs_logger2_heavy,reward_heavy_drift_excess,2048,0.0012451423600828525,0.0006975154286941102,0.0010418000832266294,0.0004517662034441816,0.000695716839298588,0.0019634243033636034,0.002183570559094372,0.0032556109880150785,0.0012155395536966403,0.0012748200132899072,anchor_id,2000,0,,
confounding_excess,0.2,confounded_minus_independent,all,logger1_heavy_vs_logger2_heavy,reward_heavy_drift_excess,2048,0.0008023375651301551,0.0004627776284046646,0.0006614556862788075,0.00028232038673055017,0.00043097014867095795,0.0012793161115672487,0.0014353824682077133,0.002185510566122003,0.0007826032462759236,0.0008226921259612751,anchor_id,2000,0,,
confounding_excess,0.2,confounded_minus_independent,minus,logger1_heavy_vs_logger2_heavy,delta_heavy_drift_excess,2048,0.08101473487935762,0.013655773836266835,0.0807221433551035,0.061543884565437044,0.07556139401613707,0.09353918753983888,0.09776854932289729,0.17312046718071283,0.0803998747890567,0.08160700478440679,anchor_id,2000,0,,
confounding_excess,0.2,confounded_minus_independent,base,logger1_heavy_vs_logger2_heavy,delta_heavy_drift_excess,2048,0.0,0.0,0.0,0.0,0.0,0.0,0.0,0.0,0.0,0.0,anchor_id,2000,0,,
confounding_excess,0.2,confounded_minus_independent,plus,logger1_heavy_vs_logger2_heavy,delta_heavy_drift_excess,2048,0.08047893738293811,0.013835200817086692,0.08067910366887643,0.05543513118570345,0.07553633641346029,0.09428556548587776,0.09775937921637191,0.09956729190961065,0.07986026434373449,0.08106870116958374,anchor_id,2000,0,,
confounding_excess,0.2,confounded_minus_independent,all,logger1_heavy_vs_logger2_heavy,delta_heavy_drift_excess,2048,0.05383122408743191,0.008836620471940044,0.05377943618709516,0.04132150684643634,0.050333457245998206,0.06197463068227074,0.06513935688979292,0.08525973856373224,0.05342977871081336,0.05420488536736371,anchor_id,2000,0,,
confounding_excess,0.2,confounded_minus_independent,minus,logger12_balanced,reward_balanced_do_error_excess,2048,0.002240749932378899,0.0014403259248095817,0.0018391574827296697,0.0005025924271010229,0.0011442308020396252,0.0036489630754267255,0.004163136761225994,0.008786669088488797,0.002178367804036583,0.0023053509593639636,anchor_id,2000,0,,
confounding_excess,0.2,confounded_minus_independent,base,logger12_balanced,reward_balanced_do_error_excess,2048,0.0,0.0,0.0,0.0,0.0,0.0,0.0,0.0,0.0,0.0,anchor_id,2000,0,,
confounding_excess,0.2,confounded_minus_independent,plus,logger12_balanced,reward_balanced_do_error_excess,2048,0.0024013459801595976,0.0013452083267672086,0.0020091858747948166,0.0008712633923568359,0.0013417396186455877,0.003786604013629402,0.00421117179253927,0.006278678334031618,0.0023442548535576187,0.002458581454201805,anchor_id,2000,0,,
confounding_excess,0.2,confounded_minus_independent,all,logger12_balanced,reward_balanced_do_error_excess,2048,0.0015473653041794988,0.0008924997119232846,0.0012756645378232772,0.0005444750315512614,0.0008311567152935831,0.002467252500879387,0.0027682376172573665,0.004214913234664941,0.0015093062606749046,0.0015866205286395154,anchor_id,2000,0,,
confounding_excess,0.2,confounded_minus_independent,minus,logger12_balanced,delta_balanced_do_error_excess,2048,0.15624270298161858,0.02633613525565742,0.1556784193277011,0.11869177737620068,0.14572554560255002,0.18039700454111807,0.1885536308370163,0.3338751867056609,0.15505690137889538,0.15738493779849907,anchor_id,2000,0,,
confounding_excess,0.2,confounded_minus_independent,base,logger12_balanced,delta_balanced_do_error_excess,2048,0.0,0.0,0.0,0.0,0.0,0.0,0.0,0.0,0.0,0.0,anchor_id,2000,0,,
confounding_excess,0.2,confounded_minus_independent,plus,logger12_balanced,delta_balanced_do_error_excess,2048,0.15520937923852382,0.02668217300438145,0.1555954142185473,0.10691061014385737,0.1456772202259595,0.18183644772276453,0.18853594563157464,0.19202263439710662,0.15401622409148824,0.15634678082705472,anchor_id,2000,0,,
confounding_excess,0.2,confounded_minus_independent,all,logger12_balanced,delta_balanced_do_error_excess,2048,0.10381736074004747,0.01704205376731292,0.10371748407511261,0.07969147748955607,0.09707166754585375,0.11952250203009371,0.12562590257317222,0.1644294958014839,0.10304314465656883,0.10453799320848724,anchor_id,2000,0,,
confounding_excess,0.2,confounded_minus_independent,minus,all_sources_equal,reward_all_sources_equal_do_error_excess,2048,0.0022407499323790847,0.0014403259248095802,0.0018391574827298918,0.0005025924271007121,0.0011442308020394032,0.0036489630754268365,0.004163136761225816,0.00878666908848924,0.0021783678040367647,0.00230535095936416,anchor_id,2000,0,,
confounding_excess,0.2,confounded_minus_independent,base,all_sources_equal,reward_all_sources_equal_do_error_excess,2048,0.0,0.0,0.0,0.0,0.0,0.0,0.0,0.0,0.0,0.0,anchor_id,2000,0,,
confounding_excess,0.2,confounded_minus_independent,plus,all_sources_equal,reward_all_sources_equal_do_error_excess,2048,0.002401345980160169,0.0013452083267672039,0.0020091858747954827,0.0008712633923568359,0.0013417396186460318,0.0037866040136298462,0.004211171792540025,0.006278678334031618,0.002344254853558186,0.002458581454202355,anchor_id,2000,0,,
confounding_excess,0.2,confounded_minus_independent,all,all_sources_equal,reward_all_sources_equal_do_error_excess,2048,0.0015473653041797515,0.0008924997119232739,0.0012756645378236473,0.0005444750315517425,0.0008311567152940272,0.0024672525008797943,0.0027682376172574706,0.004214913234664941,0.0015093062606751704,0.0015866205286397654,anchor_id,2000,0,,
confounding_excess,0.2,confounded_minus_independent,minus,all_sources_equal,delta_all_sources_equal_do_error_excess,2048,0.15624270298161866,0.026336135255657412,0.15567841932770107,0.11869177737620072,0.14572554560255002,0.18039700454111818,0.1885536308370163,0.33387518670566085,0.15505690137889547,0.15738493779849919,anchor_id,2000,0,,
confounding_excess,0.2,confounded_minus_independent,base,all_sources_equal,delta_all_sources_equal_do_error_excess,2048,0.0,0.0,0.0,0.0,0.0,0.0,0.0,0.0,0.0,0.0,anchor_id,2000,0,,
confounding_excess,0.2,confounded_minus_independent,plus,all_sources_equal,delta_all_sources_equal_do_error_excess,2048,0.1552093792385238,0.02668217300438143,0.15559541421854756,0.10691061014385715,0.14567722022595964,0.1818364477227645,0.1885359456315746,0.19202263439710687,0.1540162240914883,0.15634678082705472,anchor_id,2000,0,,
confounding_excess,0.2,confounded_minus_independent,all,all_sources_equal,delta_all_sources_equal_do_error_excess,2048,0.10381736074004749,0.017042053767312906,0.10371748407511255,0.07969147748955613,0.09707166754585375,0.11952250203009382,0.12562590257317216,0.16442949580148372,0.10304314465656884,0.10453799320848728,anchor_id,2000,0,,
decision_scale,0.2,confounded,all,primary,max_primary_drift,2048,0.0013127199687122415,0.0007110695100061486,0.0010900721776425648,0.000528394393847531,0.0007395549139429525,0.0019847392149343612,0.002228903984427877,0.004556050638475639,0.0012827731222832658,0.0013435353234986618,anchor_id,2000,0,,
decision_scale,0.2,confounded,all,none,do_action_gap,2048,0.0076891143626058155,0.004509519686025477,0.006368321393296794,0.002331558319945071,0.004105492916357645,0.012336262504399564,0.013841188086288935,0.021074566173323817,0.0074990579932977695,0.007887061115173809,anchor_id,2000,0,,
decision_scale,0.2,confounded,all,primary,fraction_primary_drift_gt_gap,2048,0.00048828125,0.02209708691207961,0.0,0.0,0.0,0.0,0.0,1.0,0.0,0.00146484375,anchor_id,2000,0,,
decision_scale,0.2,confounded,all,logger12_balanced,max_balanced_do_error,2048,0.0025316742253733574,0.0013713483407261492,0.002102282056881455,0.0010190463309917685,0.0014262844768899718,0.0038277113430872367,0.004298600541396569,0.00878666908848924,0.0024739195929746353,0.0025911038381757293,anchor_id,2000,0,,
decision_scale,0.2,confounded,all,logger12_balanced,fraction_balanced_error_gt_gap,2048,0.00146484375,0.03825457540859959,0.0,0.0,0.0,0.0,0.0,1.0,0.0,0.00341796875,anchor_id,2000,0,,
u_effect,0.3,do_oracle,minus,none,reward_u_effect_abs,2048,0.01109929761973064,0.007136595506146016,0.009182833394077772,0.0024615906891695795,0.005686530734765327,0.018170507207231124,0.02065285230936524,0.031816502130064706,0.010794322972572186,0.011412063791596589,anchor_id,2000,0,,
u_effect,0.3,do_oracle,minus,none,delta_u_effect_l2,2048,0.7728132688896447,0.13388959917689394,0.7779302054522226,0.5810654579827305,0.724540839354764,0.8772199500054934,0.9425138634756751,1.211079231349298,0.7668652512731277,0.7786755335486947,anchor_id,2000,0,,
u_effect,0.3,do_oracle,base,none,reward_u_effect_abs,2048,0.011693052791700902,0.006879131041238134,0.009501652815562478,0.0038992547296352155,0.006309088561745058,0.018713189313018352,0.02099276977616573,0.03162874026948348,0.011396881878662682,0.011990990624617472,anchor_id,2000,0,,
u_effect,0.3,do_oracle,base,none,delta_u_effect_l2,2048,0.7855285279109208,0.127648573949185,0.7785075075178534,0.5948665158396851,0.7296019856277397,0.915840106551705,0.9428948967956798,1.1949658599325035,0.7797177528191309,0.7910723521932231,anchor_id,2000,0,,
u_effect,0.3,do_oracle,plus,none,reward_u_effect_abs,2048,0.012005411414207516,0.006648808552370132,0.010168002642108265,0.0042037170550247365,0.006742158206503979,0.01886433185845604,0.02100351098760256,0.03139338946968184,0.011727901945673549,0.012283989605914373,anchor_id,2000,0,,
u_effect,0.3,do_oracle,plus,none,delta_u_effect_l2,2048,0.770173526017258,0.13432113989391778,0.7776803899205967,0.5316226101667773,0.7245924283550969,0.8827875738749442,0.9422845391609493,0.9530624980697757,0.7642086686278147,0.7758874005344089,anchor_id,2000,0,,
u_effect,0.3,do_oracle,all,none,reward_u_effect_abs,2048,0.011599253941879686,0.006658094644666704,0.009547957715061523,0.00421114222368119,0.006210870092969019,0.01847978454707211,0.02076552624458306,0.031612877289743345,0.011316888101899819,0.01188559739088113,anchor_id,2000,0,,
u_effect,0.3,do_oracle,all,none,delta_u_effect_l2,2048,0.7761717742726078,0.1278934926352787,0.7773233428356279,0.5885279100106059,0.7277252626515887,0.8978438689158732,0.940750286550467,1.0864680067701733,0.7704357527203157,0.781752354036551,anchor_id,2000,0,,
population_effect,0.3,confounded,minus,logger1_heavy_vs_logger2_heavy,reward_heavy_drift,2048,0.001726557407513695,0.0011101370787338339,0.0014284407501898855,0.0003829141072039022,0.0008845714476296562,0.0028265233433473202,0.00321266591479028,0.004949233664677699,0.0016791169068446,0.0017752099231372789,anchor_id,2000,0,,
population_effect,0.3,confounded,minus,logger1_heavy_vs_logger2_heavy,delta_heavy_drift,2048,0.12021539738283363,0.020827270983072386,0.12101136529256801,0.09038796013064698,0.11270635278851877,0.1364564366675212,0.14661326765177166,0.18839010265433548,0.11929015019804202,0.12112730521868598,anchor_id,2000,0,,
population_effect,0.3,confounded,minus,logger12_balanced,reward_balanced_do_error,2048,0.003329789285919162,0.0021409786518438076,0.002754850018223287,0.0007384772067511314,0.0017059592204297092,0.005451152162169182,0.0061958556928095815,0.009544950639019056,0.003238296891771624,0.0034236191374789567,anchor_id,2000,0,,
population_effect,0.3,confounded,minus,logger12_balanced,delta_balanced_do_error,2048,0.23184398066689343,0.04016687975306818,0.23337906163566674,0.17431963739481923,0.21736225180642912,0.263165985001648,0.2827541590427025,0.3633237694047895,0.23005957538193822,0.2336026600646082,anchor_id,2000,0,,
population_effect,0.3,confounded,minus,all_sources_equal,reward_all_sources_equal_do_error,2048,0.003329789285919162,0.0021409786518438076,0.002754850018223287,0.0007384772067511314,0.0017059592204297092,0.005451152162169182,0.0061958556928095815,0.009544950639019056,0.003238296891771624,0.0034236191374789567,anchor_id,2000,0,,
population_effect,0.3,confounded,minus,all_sources_equal,delta_all_sources_equal_do_error,2048,0.23184398066689343,0.04016687975306818,0.23337906163566674,0.17431963739481923,0.21736225180642912,0.263165985001648,0.2827541590427025,0.3633237694047895,0.23005957538193822,0.2336026600646082,anchor_id,2000,0,,
population_effect,0.3,confounded,base,logger1_heavy_vs_logger2_heavy,reward_heavy_drift,2048,0.0,0.0,0.0,0.0,0.0,0.0,0.0,0.0,0.0,0.0,anchor_id,2000,0,,
population_effect,0.3,confounded,base,logger1_heavy_vs_logger2_heavy,delta_heavy_drift,2048,0.0,0.0,0.0,0.0,0.0,0.0,0.0,0.0,0.0,0.0,anchor_id,2000,0,,
population_effect,0.3,confounded,base,logger12_balanced,reward_balanced_do_error,2048,0.0,0.0,0.0,0.0,0.0,0.0,0.0,0.0,0.0,0.0,anchor_id,2000,0,,
population_effect,0.3,confounded,base,logger12_balanced,delta_balanced_do_error,2048,0.0,0.0,0.0,0.0,0.0,0.0,0.0,0.0,0.0,0.0,anchor_id,2000,0,,
population_effect,0.3,confounded,base,all_sources_equal,reward_all_sources_equal_do_error,2048,0.0,0.0,0.0,0.0,0.0,0.0,0.0,0.0,0.0,0.0,anchor_id,2000,0,,
population_effect,0.3,confounded,base,all_sources_equal,delta_all_sources_equal_do_error,2048,0.0,0.0,0.0,0.0,0.0,0.0,0.0,0.0,0.0,0.0,anchor_id,2000,0,,
population_effect,0.3,confounded,plus,logger1_heavy_vs_logger2_heavy,reward_heavy_drift,2048,0.0018675084422099977,0.0010342591081464539,0.0015816892998832266,0.0006539115418930042,0.0010487801654561202,0.0029344516224271144,0.0032672128202933413,0.004883416139727537,0.0018243403026602762,0.0019108428275866228,anchor_id,2000,0,,
population_effect,0.3,confounded,plus,logger1_heavy_vs_logger2_heavy,delta_heavy_drift,2048,0.11980477071379568,0.020894399539053875,0.1209725050987595,0.08269685047038758,0.1127143777441262,0.13732251149165797,0.14657759498059214,0.14825416636640956,0.11887690400877117,0.12069359563868595,anchor_id,2000,0,,
population_effect,0.3,confounded,plus,logger12_balanced,reward_balanced_do_error,2048,0.003601623424261898,0.001994642565711019,0.0030504007926321908,0.001261115116507039,0.002022647461950855,0.0056592995575365235,0.0063010532962798575,0.009418016840903931,0.0035183705837017157,0.0036851968817739594,anchor_id,2000,0,,
population_effect,0.3,confounded,plus,logger12_balanced,delta_balanced_do_error,2048,0.23105205780517743,0.04029634196817535,0.23330411697617906,0.15948678305003314,0.2173777285065291,0.26483627216248334,0.2826853617482848,0.2859187494209327,0.22926260058834436,0.23276622016032264,anchor_id,2000,0,,
population_effect,0.3,confounded,plus,all_sources_equal,reward_all_sources_equal_do_error,2048,0.0036016234242622694,0.0019946425657110358,0.003050400792632635,0.001261115116507483,0.002022647461951299,0.0056592995575366345,0.006301053296280612,0.009418016840903931,0.0035183705837020835,0.003685196881774332,anchor_id,2000,0,,
population_effect,0.3,confounded,plus,all_sources_equal,delta_all_sources_equal_do_error,2048,0.23105205780517735,0.04029634196817534,0.23330411697617903,0.1594867830500332,0.2173777285065291,0.26483627216248334,0.2826853617482848,0.28591874942093265,0.22926260058834436,0.23276622016032258,anchor_id,2000,0,,
population_effect,0.3,confounded,all,logger1_heavy_vs_logger2_heavy,reward_heavy_drift,2048,0.0011980219499078976,0.0006832973334268636,0.0009949662682355864,0.0004434764746275318,0.0006366154642960531,0.0019082594555469199,0.0021457337721034826,0.0032775499348017454,0.0011686303220105189,0.001227550668302886,anchor_id,2000,0,,
population_effect,0.3,confounded,all,logger1_heavy_vs_logger2_heavy,delta_heavy_drift,2048,0.08000672269887643,0.01336260962350219,0.08055115160377252,0.06052062171328947,0.07503975884948319,0.09157374419970438,0.09755694956046825,0.10704494164923056,0.0794043692537422,0.08059877742879099,anchor_id,2000,0,,
population_effect,0.3,confounded,all,logger12_balanced,reward_balanced_do_error,2048,0.002310470903393687,0.0013177877144660906,0.001918863517311594,0.0008552760582099122,0.0012277583954277322,0.0036802146642691915,0.004138200846199661,0.006320989159974329,0.002253787049591593,0.0023674191460125948,anchor_id,2000,0,,
population_effect,0.3,confounded,all,logger12_balanced,delta_balanced_do_error,2048,0.15429867949069026,0.02577074713103995,0.15534864952156127,0.11671834187562966,0.14471953492400327,0.17660650667085848,0.18814554558090307,0.2064438160378018,0.15313699784650278,0.1554404993269541,anchor_id,2000,0,,
population_effect,0.3,confounded,all,all_sources_equal,reward_all_sources_equal_do_error,2048,0.0023104709033938105,0.0013177877144660854,0.0019188635173116677,0.0008552760582099122,0.0012277583954278433,0.0036802146642692657,0.004138200846199454,0.006320989159974329,0.0022537870495917146,0.002367419146012714,anchor_id,2000,0,,
population_effect,0.3,confounded,all,all_sources_equal,delta_all_sources_equal_do_error,2048,0.15429867949069026,0.025770747131039943,0.1553486495215613,0.1167183418756297,0.14471953492400327,0.17660650667085845,0.18814554558090305,0.20644381603780174,0.1531369978465028,0.15544049932695408,anchor_id,2000,0,,
ranking,0.3,confounded,all,logger1_heavy_vs_logger2_heavy,heavy_top_set_disagreement,2048,0.00537109375,0.07310851451341079,0.0,0.0,0.0,0.0,0.0,1.0,0.00244140625,0.0087890625,anchor_id,2000,0,,
ranking,0.3,confounded,all,logger1_heavy_vs_logger2_heavy,heavy_strict_flip,2048,0.00537109375,0.07310851451341079,0.0,0.0,0.0,0.0,0.0,1.0,0.00244140625,0.0087890625,anchor_id,2000,0,,
ranking,0.3,confounded,all,logger12_balanced,balanced_vs_do_disagreement,2048,0.015625,0.1240498820197576,0.0,0.0,0.0,0.0,0.0,1.0,0.01025390625,0.02099609375,anchor_id,2000,0,,
ranking,0.3,confounded,all,all_sources_equal,all_sources_equal_vs_do_disagreement,2048,0.015625,0.1240498820197576,0.0,0.0,0.0,0.0,0.0,1.0,0.01025390625,0.02099609375,anchor_id,2000,0,,
population_effect,0.3,independent_latents,minus,logger1_heavy_vs_logger2_heavy,reward_heavy_drift,2048,1.6246769554695284e-16,2.53631431980308e-16,0.0,0.0,0.0,4.440892098500626e-16,4.440892098500626e-16,1.7763568394002505e-15,1.5194957922112783e-16,1.736905432848934e-16,anchor_id,2000,0,,
population_effect,0.3,independent_latents,minus,logger1_heavy_vs_logger2_heavy,delta_heavy_drift,2048,2.2255834416622107e-16,2.485885458021817e-16,1.2810012199257018e-16,2.861379820194226e-17,6.365040290629337e-17,2.544162136023569e-16,4.732961186735558e-16,2.6762780591838273e-15,2.1196532377956195e-16,2.333891219021671e-16,anchor_id,2000,0,,
population_effect,0.3,independent_latents,minus,logger12_balanced,reward_balanced_do_error,2048,2.684484579074109e-16,2.801090636780577e-16,4.440892098500626e-16,0.0,0.0,4.440892098500626e-16,4.440892098500626e-16,8.881784197001252e-16,2.562498282142334e-16,2.80483102022e-16,anchor_id,2000,0,,
population_effect,0.3,independent_latents,minus,logger12_balanced,delta_balanced_do_error,2048,1.0630809714794042e-16,1.5917967932747706e-16,5.575877420247236e-17,2.6379777400251014e-18,1.3904866443919908e-17,1.1465359877756812e-16,2.2888491377299405e-16,1.776364462680418e-15,9.956585268883138e-17,1.1338022306892832e-16,anchor_id,2000,0,,
population_effect,0.3,independent_latents,minus,all_sources_equal,reward_all_sources_equal_do_error,2048,7.567731163948821e-17,1.7841548241776265e-16,0.0,0.0,0.0,0.0,4.440892098500626e-16,8.881784197001252e-16,6.792526610621685e-17,8.364619760725667e-17,anchor_id,2000,0,,
population_effect,0.3,independent_latents,minus,all_sources_equal,delta_all_sources_equal_do_error,2048,3.498629308400585e-17,9.119092775766108e-17,3.878959614448864e-18,0.0,0.0,2.775558032021781e-17,1.1102230246251565e-16,8.95090418262362e-16,3.1143981459205675e-17,3.905562865366043e-17,anchor_id,2000,0,,
population_effect,0.3,independent_latents,base,logger1_heavy_vs_logger2_heavy,reward_heavy_drift,2048,0.0,0.0,0.0,0.0,0.0,0.0,0.0,0.0,0.0,0.0,anchor_id,2000,0,,
population_effect,0.3,independent_latents,base,logger1_heavy_vs_logger2_heavy,delta_heavy_drift,2048,0.0,0.0,0.0,0.0,0.0,0.0,0.0,0.0,0.0,0.0,anchor_id,2000,0,,
population_effect,0.3,independent_latents,base,logger12_balanced,reward_balanced_do_error,2048,0.0,0.0,0.0,0.0,0.0,0.0,0.0,0.0,0.0,0.0,anchor_id,2000,0,,
population_effect,0.3,independent_latents,base,logger12_balanced,delta_balanced_do_error,2048,0.0,0.0,0.0,0.0,0.0,0.0,0.0,0.0,0.0,0.0,anchor_id,2000,0,,
population_effect,0.3,independent_latents,base,all_sources_equal,reward_all_sources_equal_do_error,2048,0.0,0.0,0.0,0.0,0.0,0.0,0.0,0.0,0.0,0.0,anchor_id,2000,0,,
population_effect,0.3,independent_latents,base,all_sources_equal,delta_all_sources_equal_do_error,2048,0.0,0.0,0.0,0.0,0.0,0.0,0.0,0.0,0.0,0.0,anchor_id,2000,0,,
population_effect,0.3,independent_latents,plus,logger1_heavy_vs_logger2_heavy,reward_heavy_drift,2048,1.7027395118884847e-16,2.553636199593259e-16,0.0,0.0,0.0,4.440892098500626e-16,4.440892098500626e-16,8.881784197001252e-16,1.5953899442852637e-16,1.8144258881816475e-16,anchor_id,2000,0,,
population_effect,0.3,independent_latents,plus,logger1_heavy_vs_logger2_heavy,delta_heavy_drift,2048,1.7835432177110834e-16,2.1606136782435348e-16,1.1450037333602973e-16,1.628931787323324e-17,4.9585470840914377e-17,2.2912062036912473e-16,4.450295853563897e-16,1.807534414493795e-15,1.6902501560859085e-16,1.8800010976335233e-16,anchor_id,2000,0,,
population_effect,0.3,independent_latents,plus,logger12_balanced,reward_balanced_do_error,2048,2.618348246552493e-16,2.7191406243165814e-16,4.440892098500626e-16,0.0,0.0,4.440892098500626e-16,4.440892098500626e-16,1.7763568394002505e-15,2.4952912999753885e-16,2.7316609261043843e-16,anchor_id,2000,0,,
population_effect,0.3,independent_latents,plus,logger12_balanced,delta_balanced_do_error,2048,7.580047351155663e-17,1.2861672198603869e-16,2.7809732887839817e-17,4.336808689942018e-19,6.938893903907228e-18,1.1102717278968453e-16,2.220462989844635e-16,9.159356380448454e-16,7.03805618335212e-17,8.136591694464933e-17,anchor_id,2000,0,,
population_effect,0.3,independent_latents,plus,all_sources_equal,reward_all_sources_equal_do_error,2048,7.22078646875346e-17,1.7232517935935853e-16,0.0,0.0,0.0,0.0,4.440892098500626e-16,8.881784197001252e-16,6.4725514444669e-17,8.001547558214583e-17,anchor_id,2000,0,,
population_effect,0.3,independent_latents,plus,all_sources_equal,delta_all_sources_equal_do_error,2048,3.624737317848329e-17,9.223167400435227e-17,3.878959614448864e-18,0.0,0.0,2.7758963540648015e-17,1.1102314949223176e-16,8.955206467987463e-16,3.2508813810598404e-17,4.0305705469407286e-17,anchor_id,2000,0,,
population_effect,0.3,independent_latents,all,logger1_heavy_vs_logger2_heavy,reward_heavy_drift,2048,1.109138822452671e-16,1.1994145281124713e-16,1.4802973661668753e-16,0.0,0.0,1.4802973661668753e-16,2.9605947323337506e-16,8.881784197001252e-16,1.0594371878623147e-16,1.1620930635604842e-16,anchor_id,2000,0,,
population_effect,0.3,independent_latents,all,logger1_heavy_vs_logger2_heavy,delta_heavy_drift,2048,1.3363755531244314e-16,1.3236224930652193e-16,9.426581697605246e-17,2.7685625805544884e-17,4.860865045155297e-17,1.6558905608747436e-16,3.0378435306144033e-16,1.1895600203344671e-15,1.2782447963422586e-16,1.3937903080503446e-16,anchor_id,2000,0,,
population_effect,0.3,independent_latents,all,logger12_balanced,reward_balanced_do_error,2048,1.767610941875534e-16,1.3372915180511016e-16,1.4802973661668753e-16,0.0,7.401486830834377e-17,2.9605947323337506e-16,2.9605947323337506e-16,8.881784197001252e-16,1.7096016081385068e-16,1.8270613610001542e-16,anchor_id,2000,0,,
population_effect,0.3,independent_latents,all,logger12_balanced,delta_balanced_do_error,2048,6.070285688649901e-17,7.427202794007323e-17,3.878075847028421e-17,5.5270269286510146e-18,1.850371707708594e-17,7.633019754207373e-17,1.4321190099622055e-16,8.97433366908421e-16,5.751159485928148e-17,6.406406494590854e-17,anchor_id,2000,0,,
population_effect,0.3,independent_latents,all,all_sources_equal,reward_all_sources_equal_do_error,2048,4.9295058775674264e-17,8.352858417467807e-17,0.0,0.0,0.0,1.4802973661668753e-16,1.4802973661668753e-16,5.921189464667501e-16,4.551842120818309e-17,5.318011656041398e-17,anchor_id,2000,0,,
population_effect,0.3,independent_latents,all,all_sources_equal,delta_all_sources_equal_do_error,2048,2.3744555420829712e-17,4.490380251077452e-17,9.25185853854297e-18,1.4456028966473392e-19,1.4536502537336515e-18,3.700743415417188e-17,5.560489800966865e-17,5.921195111548431e-16,2.1874755381676537e-17,2.5780202174944238e-17,anchor_id,2000,0,,
ranking,0.3,independent_latents,all,logger1_heavy_vs_logger2_heavy,heavy_top_set_disagreement,2048,0.0,0.0,0.0,0.0,0.0,0.0,0.0,0.0,0.0,0.0,anchor_id,2000,0,,
ranking,0.3,independent_latents,all,logger1_heavy_vs_logger2_heavy,heavy_strict_flip,2048,0.0,0.0,0.0,0.0,0.0,0.0,0.0,0.0,0.0,0.0,anchor_id,2000,0,,
ranking,0.3,independent_latents,all,logger12_balanced,balanced_vs_do_disagreement,2048,0.0,0.0,0.0,0.0,0.0,0.0,0.0,0.0,0.0,0.0,anchor_id,2000,0,,
ranking,0.3,independent_latents,all,all_sources_equal,all_sources_equal_vs_do_disagreement,2048,0.0,0.0,0.0,0.0,0.0,0.0,0.0,0.0,0.0,0.0,anchor_id,2000,0,,
confounding_excess,0.3,confounded_minus_independent,minus,logger1_heavy_vs_logger2_heavy,reward_heavy_drift_excess,2048,0.0017265574075135326,0.0011101370787338356,0.0014284407501894414,0.0003829141072039022,0.0008845714476295452,0.002826523343346987,0.00321266591479028,0.004949233664677699,0.0016791169068444353,0.001775209923137109,anchor_id,2000,0,,
confounding_excess,0.3,confounded_minus_independent,base,logger1_heavy_vs_logger2_heavy,reward_heavy_drift_excess,2048,0.0,0.0,0.0,0.0,0.0,0.0,0.0,0.0,0.0,0.0,anchor_id,2000,0,,
confounding_excess,0.3,confounded_minus_independent,plus,logger1_heavy_vs_logger2_heavy,reward_heavy_drift_excess,2048,0.0018675084422098277,0.0010342591081464493,0.0015816892998832266,0.0006539115418930042,0.0010487801654561202,0.0029344516224270034,0.003267212820293208,0.004883416139727537,0.0018243403026601097,0.0019108428275864556,anchor_id,2000,0,,
confounding_excess,0.3,confounded_minus_independent,all,logger1_heavy_vs_logger2_heavy,reward_heavy_drift_excess,2048,0.0011980219499077868,0.0006832973334268634,0.0009949662682355123,0.0004434764746272358,0.0006366154642959421,0.0019082594555466976,0.0021457337721034384,0.0032775499348017454,0.001168630322010407,0.0012275506683027764,anchor_id,2000,0,,
confounding_excess,0.3,confounded_minus_independent,minus,logger1_heavy_vs_logger2_heavy,delta_heavy_drift_excess,2048,0.1202153973828334,0.020827270983072427,0.12101136529256748,0.09038796013064679,0.11270635278851861,0.13645643666752086,0.14661326765177154,0.1883901026543353,0.1192901501980418,0.12112730521868575,anchor_id,2000,0,,
confounding_excess,0.3,confounded_minus_independent,base,logger1_heavy_vs_logger2_heavy,delta_heavy_drift_excess,2048,0.0,0.0,0.0,0.0,0.0,0.0,0.0,0.0,0.0,0.0,anchor_id,2000,0,,
confounding_excess,0.3,confounded_minus_independent,plus,logger1_heavy_vs_logger2_heavy,delta_heavy_drift_excess,2048,0.1198047707137955,0.0208943995390539,0.12097250509875897,0.08269685047038747,0.1127143777441262,0.13732251149165775,0.14657759498059192,0.14825416636640928,0.11887690400877099,0.12069359563868581,anchor_id,2000,0,,
confounding_excess,0.3,confounded_minus_independent,all,logger1_heavy_vs_logger2_heavy,delta_heavy_drift_excess,2048,0.08000672269887629,0.01336260962350221,0.08055115160377241,0.060520621713289396,0.0750397588494828,0.09157374419970424,0.09755694956046819,0.10704494164923044,0.07940436925374207,0.08059877742879087,anchor_id,2000,0,,
confounding_excess,0.3,confounded_minus_independent,minus,logger12_balanced,reward_balanced_do_error_excess,2048,0.0033297892859188933,0.0021409786518438124,0.002754850018222843,0.000738477206750865,0.0017059592204295981,0.005451152162168849,0.0061958556928095815,0.009544950639019056,0.0032382968917713515,0.003423619137478677,anchor_id,2000,0,,
confounding_excess,0.3,confounded_minus_independent,base,logger12_balanced,reward_balanced_do_error_excess,2048,0.0,0.0,0.0,0.0,0.0,0.0,0.0,0.0,0.0,0.0,anchor_id,2000,0,,
confounding_excess,0.3,confounded_minus_independent,plus,logger12_balanced,reward_balanced_do_error_excess,2048,0.0036016234242616367,0.001994642565711012,0.0030504007926319687,0.001261115116506728,0.002022647461950522,0.005659299557536079,0.00630105329627928,0.009418016840903931,0.003518370583701449,0.003685196881773703,anchor_id,2000,0,,
confounding_excess,0.3,confounded_minus_independent,all,logger12_balanced,reward_balanced_do_error_excess,2048,0.0023104709033935104,0.0013177877144660908,0.0019188635173114457,0.0008552760582096606,0.0012277583954275102,0.00368021466426897,0.004138200846199203,0.006320989159974329,0.002253787049591418,0.0023674191460124217,anchor_id,2000,0,,
confounding_excess,0.3,confounded_minus_independent,minus,logger12_balanced,delta_balanced_do_error_excess,2048,0.23184398066689332,0.040166879753068194,0.23337906163566652,0.174319637394819,0.21736225180642899,0.2631659850016479,0.28275415904270246,0.36332376940478917,0.2300595753819381,0.23360266006460814,anchor_id,2000,0,,
confounding_excess,0.3,confounded_minus_independent,base,logger12_balanced,delta_balanced_do_error_excess,2048,0.0,0.0,0.0,0.0,0.0,0.0,0.0,0.0,0.0,0.0,anchor_id,2000,0,,
confounding_excess,0.3,confounded_minus_independent,plus,logger12_balanced,delta_balanced_do_error_excess,2048,0.23105205780517735,0.04029634196817535,0.23330411697617903,0.1594867830500331,0.2173777285065291,0.26483627216248323,0.2826853617482848,0.2859187494209326,0.22926260058834436,0.23276622016032256,anchor_id,2000,0,,
confounding_excess,0.3,confounded_minus_independent,all,logger12_balanced,delta_balanced_do_error_excess,2048,0.1542986794906902,0.025770747131039953,0.15534864952156124,0.11671834187562956,0.14471953492400325,0.17660650667085848,0.18814554558090307,0.20644381603780168,0.15313699784650278,0.15544049932695406,anchor_id,2000,0,,
confounding_excess,0.3,confounded_minus_independent,minus,all_sources_equal,reward_all_sources_equal_do_error_excess,2048,0.0033297892859190862,0.0021409786518438154,0.002754850018223065,0.0007384772067511314,0.0017059592204297092,0.005451152162169182,0.0061958556928095815,0.009544950639019056,0.0032382968917715484,0.003423619137478888,anchor_id,2000,0,,
confounding_excess,0.3,confounded_minus_independent,base,all_sources_equal,reward_all_sources_equal_do_error_excess,2048,0.0,0.0,0.0,0.0,0.0,0.0,0.0,0.0,0.0,0.0,anchor_id,2000,0,,
confounding_excess,0.3,confounded_minus_independent,plus,all_sources_equal,reward_all_sources_equal_do_error_excess,2048,0.003601623424262198,0.0019946425657110384,0.003050400792632413,0.0012611151165073497,0.002022647461951299,0.0056592995575366345,0.006301053296280612,0.009418016840903043,0.0035183705837020093,0.00368519688177426,anchor_id,2000,0,,
confounding_excess,0.3,confounded_minus_independent,all,all_sources_equal,reward_all_sources_equal_do_error_excess,2048,0.0023104709033937615,0.0013177877144660878,0.0019188635173116677,0.0008552760582099122,0.0012277583954278433,0.0036802146642692657,0.004138200846199454,0.006320989159974033,0.0022537870495916686,0.002367419146012668,anchor_id,2000,0,,
confounding_excess,0.3,confounded_minus_independent,minus,all_sources_equal,delta_all_sources_equal_do_error_excess,2048,0.23184398066689338,0.04016687975306819,0.23337906163566652,0.17431963739481915,0.21736225180642899,0.26316598500164795,0.28275415904270246,0.3633237694047893,0.2300595753819382,0.2336026600646082,anchor_id,2000,0,,
confounding_excess,0.3,confounded_minus_independent,base,all_sources_equal,delta_all_sources_equal_do_error_excess,2048,0.0,0.0,0.0,0.0,0.0,0.0,0.0,0.0,0.0,0.0,anchor_id,2000,0,,
confounding_excess,0.3,confounded_minus_independent,plus,all_sources_equal,delta_all_sources_equal_do_error_excess,2048,0.23105205780517735,0.040296341968175345,0.23330411697617903,0.1594867830500331,0.2173777285065291,0.26483627216248334,0.2826853617482848,0.28591874942093265,0.2292626005883443,0.23276622016032258,anchor_id,2000,0,,
confounding_excess,0.3,confounded_minus_independent,all,all_sources_equal,delta_all_sources_equal_do_error_excess,2048,0.15429867949069023,0.025770747131039946,0.1553486495215612,0.11671834187562967,0.14471953492400327,0.17660650667085845,0.18814554558090305,0.20644381603780168,0.15313699784650278,0.15544049932695406,anchor_id,2000,0,,
decision_scale,0.3,confounded,all,primary,max_primary_drift,2048,0.0019876807996262423,0.0010483465677148317,0.0016689087057479846,0.0008224508346970083,0.0011328488112425372,0.002971665559669323,0.003337112256322694,0.004949233664677699,0.0019422644217104523,0.0020327067679343056,anchor_id,2000,0,,
decision_scale,0.3,confounded,all,none,do_action_gap,2048,0.007544698965330764,0.004411975225585014,0.006455887681408701,0.0020286253538602805,0.003953503874930431,0.012061711022619215,0.013623765526219111,0.02105792642228632,0.0073557012802115684,0.00773705421568571,anchor_id,2000,0,,
decision_scale,0.3,confounded,all,primary,fraction_primary_drift_gt_gap,2048,0.0048828125,0.06972334146742745,0.0,0.0,0.0,0.0,0.0,1.0,0.001953125,0.00830078125,anchor_id,2000,0,,
decision_scale,0.3,confounded,all,logger12_balanced,max_balanced_do_error,2048,0.0038333843992789576,0.0020218112377357734,0.003218609646799875,0.0015861551812011766,0.00218477985025356,0.005731069293647972,0.0064358593514786564,0.009544950639019056,0.0037457956704413566,0.003920220195301661,anchor_id,2000,0,,
decision_scale,0.3,confounded,all,logger12_balanced,fraction_balanced_error_gt_gap,2048,0.04296875,0.20283620398560193,0.0,0.0,0.0,0.0,0.0,1.0,0.0341796875,0.0517578125,anchor_id,2000,0,,
ratio,0.0,confounded,all,primary,primary_drift_over_action_gap,2048,6.786931312492137e-14,,,,,,,,6.519738155005012e-14,7.050300591100344e-14,anchor_id,2000,1000,2000,
ratio,0.0,confounded,all,primary,balanced_error_over_action_gap,2048,5.939683320840396e-14,,,,,,,,5.6590562548063526e-14,6.276399280812e-14,anchor_id,2000,2000,2000,
ratio,0.1,confounded,all,primary,primary_drift_over_action_gap,2048,0.08294483071401476,,,,,,,,0.08250221982816015,0.08344194654067956,anchor_id,2000,1001,2000,
ratio,0.1,confounded,all,primary,balanced_error_over_action_gap,2048,0.15996503066271403,,,,,,,,0.15905702817007808,0.1609463649188424,anchor_id,2000,2001,2000,
ratio,0.2,confounded,all,primary,primary_drift_over_action_gap,2048,0.17072446927000381,,,,,,,,0.1696570604386644,0.1718767760748661,anchor_id,2000,1002,2000,
ratio,0.2,confounded,all,primary,balanced_error_over_action_gap,2048,0.32925433359211753,,,,,,,,0.3271305158953978,0.33143997505966216,anchor_id,2000,2002,2000,
ratio,0.3,confounded,all,primary,primary_drift_over_action_gap,2048,0.2634539573758993,,,,,,,,0.2611433869423032,0.2658673282357285,anchor_id,2000,1003,2000,
ratio,0.3,confounded,all,primary,balanced_error_over_action_gap,2048,0.5080897749392046,,,,,,,,0.503537133328865,0.5127021922336515,anchor_id,2000,2003,2000,
kappa_0p30_subset,0.3,confounded,all,primary,reward_heavy_drift,2048,0.0011980219499078976,0.0006832973334268636,0.0009949662682355864,0.0004434764746275318,0.0006366154642960531,0.0019082594555469199,0.0021457337721034826,0.0032775499348017454,0.0011686303220105189,0.001227550668302886,anchor_id,2000,0,,all
kappa_0p30_subset,0.3,confounded,all,primary,reward_balanced_do_error,2048,0.002310470903393687,0.0013177877144660906,0.001918863517311594,0.0008552760582099122,0.0012277583954277322,0.0036802146642691915,0.004138200846199661,0.006320989159974329,0.002253787049591593,0.0023674191460125948,anchor_id,2000,0,,all
kappa_0p30_subset,0.3,confounded,all,primary,delta_heavy_drift,2048,0.08000672269887643,0.01336260962350219,0.08055115160377252,0.06052062171328947,0.07503975884948319,0.09157374419970438,0.09755694956046825,0.10704494164923056,0.0794043692537422,0.08059877742879099,anchor_id,2000,0,,all
kappa_0p30_subset,0.3,confounded,all,primary,delta_balanced_do_error,2048,0.15429867949069026,0.02577074713103995,0.15534864952156127,0.11671834187562966,0.14471953492400327,0.17660650667085848,0.18814554558090307,0.2064438160378018,0.15313699784650278,0.1554404993269541,anchor_id,2000,0,,all
kappa_0p30_subset,0.3,confounded,all,primary,fraction_primary_drift_gt_gap,2048,0.0048828125,0.06972334146742745,0.0,0.0,0.0,0.0,0.0,1.0,0.001953125,0.00830078125,anchor_id,2000,0,,all
kappa_0p30_subset,0.3,confounded,all,primary,fraction_balanced_error_gt_gap,2048,0.04296875,0.20283620398560193,0.0,0.0,0.0,0.0,0.0,1.0,0.0341796875,0.0517578125,anchor_id,2000,0,,all
kappa_0p30_subset,0.3,confounded,all,primary,heavy_strict_flip,2048,0.00537109375,0.07310851451341079,0.0,0.0,0.0,0.0,0.0,1.0,0.00244140625,0.0087890625,anchor_id,2000,0,,all
kappa_0p30_subset,0.3,confounded,all,primary,balanced_vs_do_disagreement,2048,0.015625,0.1240498820197576,0.0,0.0,0.0,0.0,0.0,1.0,0.01025390625,0.02099609375,anchor_id,2000,0,,all
ratio,0.3,confounded,all,primary,primary_drift_over_action_gap,2048,0.2634539573758993,,,,,,,,0.2610993723979836,0.26585231389017205,anchor_id,2000,100,2000,all
ratio,0.3,confounded,all,primary,balanced_error_over_action_gap,2048,0.5080897749392046,,,,,,,,0.5038138052421773,0.5127805045292718,anchor_id,2000,200,2000,all
kappa_0p30_subset,0.3,confounded,all,primary,reward_heavy_drift,831,0.0011058719017372387,0.0006562731801932534,0.0009133849266542704,0.000453263972676643,0.0006491315248500218,0.001607291210946234,0.002183359478424111,0.002856742800383394,0.001062551374188941,0.001148010874024631,anchor_id,2000,1,,strict_unclipped
kappa_0p30_subset,0.3,confounded,all,primary,reward_balanced_do_error,831,0.002132752953350257,0.0012656697046584343,0.0017615280728331406,0.0008741519473048539,0.001251896512210656,0.0030997759068249016,0.004210764708389103,0.005509432543596704,0.0020492062216499545,0.002214020971333101,anchor_id,2000,1,,strict_unclipped
kappa_0p30_subset,0.3,confounded,all,primary,delta_heavy_drift,831,0.08569611032251717,0.011494540533998959,0.08224082638697605,0.07418586927863297,0.07995242717880788,0.09750500179410289,0.09792729161180162,0.10704494164923056,0.08489352332033136,0.08647259525367328,anchor_id,2000,1,,strict_unclipped
kappa_0p30_subset,0.3,confounded,all,primary,delta_balanced_do_error,831,0.1652710699077117,0.02216804245842657,0.1586073080320253,0.1430727478945065,0.1541939667019866,0.18804536060291266,0.18885977667990309,0.2064438160378018,0.16372322354635344,0.16676857656065563,anchor_id,2000,1,,strict_unclipped
kappa_0p30_subset,0.3,confounded,all,primary,fraction_primary_drift_gt_gap,831,0.0036101083032490976,0.06001174257673818,0.0,0.0,0.0,0.0,0.0,1.0,0.0,0.00842358604091456,anchor_id,2000,1,,strict_unclipped
kappa_0p30_subset,0.3,confounded,all,primary,fraction_balanced_error_gt_gap,831,0.006016847172081829,0.07738120132332187,0.0,0.0,0.0,0.0,0.0,1.0,0.0012033694344163659,0.012033694344163659,anchor_id,2000,1,,strict_unclipped
kappa_0p30_subset,0.3,confounded,all,primary,heavy_strict_flip,831,0.0024067388688327317,0.04902896270010815,0.0,0.0,0.0,0.0,0.0,1.0,0.0,0.006016847172081829,anchor_id,2000,1,,strict_unclipped
kappa_0p30_subset,0.3,confounded,all,primary,balanced_vs_do_disagreement,831,0.0012033694344163659,0.03468961565679802,0.0,0.0,0.0,0.0,0.0,1.0,0.0,0.0036101083032490976,anchor_id,2000,1,,strict_unclipped
ratio,0.3,confounded,all,primary,primary_drift_over_action_gap,831,0.2552369895667666,,,,,,,,0.2517266470476895,0.258976305326761,anchor_id,2000,101,2000,strict_unclipped
ratio,0.3,confounded,all,primary,balanced_error_over_action_gap,831,0.4922427655930134,,,,,,,,0.4851513266222997,0.49925630232685336,anchor_id,2000,201,2000,strict_unclipped
kappa_0p30_subset,0.3,confounded,all,primary,reward_heavy_drift,1217,0.001260944456095094,0.0006944228014961616,0.0011157873317249785,0.00044023992293211006,0.0006237727289386541,0.0019503024259123574,0.0021359432255606474,0.0032775499348017454,0.0012213719737352408,0.0013006783493853889,anchor_id,2000,2,,any_clipping
kappa_0p30_subset,0.3,confounded,all,primary,reward_balanced_do_error,1217,0.0024318214510404327,0.001339243974314007,0.0021518755683285207,0.0008490341370832452,0.0012029902629523785,0.003761297535687843,0.004119319077866882,0.006320989159974329,0.0023555030922035795,0.0025084511023860095,anchor_id,2000,2,,any_clipping
kappa_0p30_subset,0.3,confounded,all,primary,delta_heavy_drift,1217,0.07612185736178075,0.013159626235475135,0.07631368279943788,0.05273970507846886,0.07217743773189901,0.08431235716810838,0.09279225102465753,0.09793378798640356,0.07540636309849642,0.07684873690628823,anchor_id,2000,2,,any_clipping
kappa_0p30_subset,0.3,confounded,all,primary,delta_balanced_do_error,1217,0.14680643919772002,0.025379279168416344,0.1471763882560588,0.10171228836561856,0.1391993441972337,0.16260240310992335,0.1789564841189824,0.18887230540234987,0.145426557404243,0.14820827831927014,anchor_id,2000,2,,any_clipping
kappa_0p30_subset,0.3,confounded,all,primary,fraction_primary_drift_gt_gap,1217,0.005751848808545604,0.0756536051725805,0.0,0.0,0.0,0.0,0.0,1.0,0.0016433853738701725,0.010682004930156122,anchor_id,2000,2,,any_clipping
kappa_0p30_subset,0.3,confounded,all,primary,fraction_balanced_error_gt_gap,1217,0.06820049301561217,0.25219327233611694,0.0,0.0,0.0,0.0,0.0,1.0,0.054231717337715694,0.08299096138044372,anchor_id,2000,2,,any_clipping
kappa_0p30_subset,0.3,confounded,all,primary,heavy_strict_flip,1217,0.007395234182415777,0.08571220056650346,0.0,0.0,0.0,0.0,0.0,1.0,0.003286770747740345,0.01314708299096138,anchor_id,2000,2,,any_clipping
kappa_0p30_subset,0.3,confounded,all,primary,balanced_vs_do_disagreement,1217,0.025472473294987676,0.15761992439304917,0.0,0.0,0.0,0.0,0.0,1.0,0.01725554642563681,0.03451109285127362,anchor_id,2000,2,,any_clipping
ratio,0.3,confounded,all,primary,primary_drift_over_action_gap,1217,0.26837842432314524,,,,,,,,0.26550652230636135,0.2716272355657027,anchor_id,2000,102,2000,any_clipping
ratio,0.3,confounded,all,primary,balanced_error_over_action_gap,1217,0.5175869611946116,,,,,,,,0.5117602821994123,0.5237779120909285,anchor_id,2000,202,2000,any_clipping
