kappa,lambda_reward,condition,mixture,seed,method,validation_nll,do_mae,do_rmse,signed_bias,top_set_disagreement,strict_flip,mean_regret,worst_tie_mean_regret,conditional_mean_regret,p90_regret,max_regret,top_1pct_regret_contribution,predicted_top_fraction_minus,predicted_top_fraction_base,predicted_top_fraction_plus,do_top_fraction_minus,do_top_fraction_base,do_top_fraction_plus,prior_p_z1,reward_mode_separation,behavior_separation,posterior_entropy,posterior_effective_usage,latent_collapse,behavior_table_mae,label_permutation,posterior_u_accuracy,posterior_label_flipped,gap_closed_do_mae,gap_closed_rank_error,gap_closed_regret
0.0,0.0,confounded,logger12_balanced,0,source_shuffle_initialization,-1.2997260093688965,0.010329883908354466,0.015433070950900789,0.0007642288314133858,0.30097087378640774,0.30097087378640774,0.0011470061796245816,0.0011470061796245816,0.0038110205323010297,0.00483819336029496,0.012391259752272621,0.11817108988414401,0.6148867313915858,0.11326860841423948,0.27184466019417475,0.9029126213592233,0.006472491909385114,0.09061488673139159,0.17148147523403168,0.009305231669785897,0.036161426454782486,0.4315272271633148,1.5396070586755124,False,0.3496296241051621,"(1, 0)",0.5,False,14.298549998460905,-1.5454545454545454,-6.7413031034395665
0.0,0.0,confounded,logger12_balanced,0,no_staged_training,-1.6904802322387695,0.009906985478619592,0.015022598592424361,-0.00029453443476589163,0.20711974110032363,0.20711974110032363,0.000731118159114134,0.000731118159114134,0.003529929861972928,0.003192764655500202,0.01638699095829299,0.19609645421072516,0.7152103559870551,0.06472491909385113,0.22006472491909385,0.9029126213592233,0.006472491909385114,0.09061488673139159,0.5457960367202759,0.00844644786677523,0.02891486883163452,0.6603348255157471,1.9354402607083379,False,0.1236950740900337,"(0, 1)",0.5,False,21.865876137014183,1.0909090909090906,1.1284595787643994
0.0,0.0,confounded,logger12_balanced,1,source_shuffle_initialization,-1.217308521270752,0.009907197099535884,0.015149189487244343,-4.421961297009404e-05,0.2815533980582524,0.2815533980582524,0.0011829161868637894,0.0011829161868637894,0.0042013919740334586,0.004830729472396554,0.015054098040339525,0.13874178495980802,0.6375404530744336,0.09061488673139159,0.27184466019417475,0.9029126213592233,0.006472491909385114,0.09061488673139159,0.3481413424015045,0.0089597950616482,0.04379954934120178,0.6132339239120483,1.8463928481319107,False,0.3480053950515058,"(1, 0)",0.5,False,-0.14250325251395854,-0.36363636363636437,-0.7030591961597663
0.0,0.0,confounded,logger12_balanced,1,no_staged_training,-1.5777621269226074,0.01079678857179194,0.016750806419229602,0.004109638429728527,0.26537216828478966,0.26537216828478966,0.000987148883591344,0.000987148883591344,0.0037198659149966498,0.003984561134761043,0.013251966247791458,0.13597974537960775,0.6440129449838188,0.11003236245954692,0.2459546925566343,0.9029126213592233,0.006472491909385114,0.09061488673139159,0.9008644223213196,0.009808573375481551,0.006110000889748335,0.32501059770584106,1.384045313608134,False,0.13129670437407082,"(0, 1)",0.5,False,0.5020618361966985,0.09090909090908991,0.11972039908256574
0.0,0.0,confounded,logger12_balanced,2,source_shuffle_initialization,-1.337846040725708,0.010905954965227182,0.017553632163363548,0.0015221424024179585,0.27184466019417475,0.2686084142394822,0.0010295868884358465,0.001036876548495153,0.0038330403436948983,0.004132263036348945,0.01417503823033428,0.13336460699898275,0.6504854368932039,0.0744336569579288,0.2783171521035599,0.9029126213592233,0.006472491909385114,0.09061488673139159,0.6445499658584595,0.009168401992267707,0.06735019385814667,0.6101757287979126,1.840754843997473,False,0.3419886145326826,"(1, 0)",0.5,False,-5.542114062134581,-0.6874999999999999,-1.4343861637911357
0.0,0.0,confounded,logger12_balanced,2,no_staged_training,-1.4832931756973267,0.018782896115641545,0.027858868935669932,-0.003734053059138651,0.30097087378640774,0.30097087378640774,0.0011293946123941373,0.0011293946123941373,0.0037525046798901978,0.004473112305326232,0.012501077623699342,0.10775111784250135,0.6084142394822006,0.10032362459546926,0.2912621359223301,0.9029126213592233,0.006472491909385114,0.09061488673139159,0.38741594552993774,0.029051530459659775,0.03060201182961464,0.5162701606750488,1.6757656422258438,False,0.12313272644976049,"(0, 1)",0.5,False,21.949819338158317,-1.2499999999999998,-2.097327717952503
0.0,0.0,confounded,logger12_balanced,3,source_shuffle_initialization,-1.2854163646697998,0.01026664072876051,0.015649519261443697,-0.0002506163521107206,0.343042071197411,0.343042071197411,0.001272026882543362,0.001272026882543362,0.0037080783651499893,0.004795301639383886,0.009398899416996898,0.08465614855439867,0.5825242718446602,0.13268608414239483,0.284789644012945,0.9029126213592233,0.006472491909385114,0.09061488673139159,0.760341227054596,0.010753118608105978,0.06992658227682114,0.5184690952301025,1.679454595599792,False,0.34019766176740324,"(1, 0)",0.5,False,0.6960364753722448,-2.636363636363634,-3.7716381657139673
0.0,0.0,confounded,logger12_balanced,3,no_staged_training,-1.5778844356536865,0.009731775707396365,0.014679023132643526,0.0020287255604038495,0.23948220064724918,0.23948220064724918,0.000874000264972693,0.000874000264972693,0.003649541646980569,0.003726009881116886,0.013251966247791458,0.13185105732068586,0.6699029126213593,0.08737864077669903,0.24271844660194175,0.9029126213592233,0.006472491909385114,0.09061488673139159,0.8745151162147522,0.007291485299011911,0.05547638237476349,0.38013002276420593,1.4624747320797669,False,0.11484124743295746,"(1, 0)",0.5,False,1.3490875897018173,0.2727272727272732,-0.08079281189158322
0.0,0.0,confounded,logger12_balanced,4,source_shuffle_initialization,-1.1413419246673584,0.04104599473241644,0.04473338229620388,0.038652188237399285,0.2686084142394822,0.2686084142394822,0.00114699786472687,0.00114699786472687,0.0042701486771156965,0.004497402243246284,0.014126174632168809,0.14593067557892564,0.6504854368932039,0.07119741100323625,0.2783171521035599,0.9029126213592233,0.006472491909385114,0.09061488673139159,0.2048545926809311,0.1772859054219483,0.03168397396802902,0.008723328821361065,1.0087614879316722,False,0.35025501383675467,"(0, 1)",0.5,False,-11.808269085006323,2.624999999999999,3.794657826205038
0.0,0.0,confounded,logger12_balanced,4,no_staged_training,-1.6037825345993042,0.010670866810265071,0.016816678924636716,0.0014432286922615224,0.23624595469255663,0.23624595469255663,0.0009676602676254614,0.0009676602676254614,0.004095986612277638,0.003918281543131029,0.014126174632168809,0.16382484422733745,0.6763754045307443,0.0744336569579288,0.24919093851132687,0.9029126213592233,0.006472491909385114,0.09061488673139159,0.8924040794372559,0.009193555911571128,0.0086598489433527,0.32768210768699646,1.3877477478207745,False,0.13044677510650182,"(0, 1)",0.5,False,0.7367101725675282,1.3749999999999998,2.323845674979783
0.0,0.002,confounded,logger12_balanced,0,source_shuffle_initialization,-1.29505455493927,0.010507360389800548,0.015914350543703687,0.0012365692795742098,0.36893203883495146,0.36893203883495146,0.0015609741295051285,0.0015609741295051285,0.004231061456290217,0.005543459163667297,0.013773933719116727,0.10891353866671208,0.5436893203883495,0.11974110032362459,0.3365695792880259,0.9029126213592233,0.006472491909385114,0.09061488673139159,0.153889000415802,0.00987595881155382,0.04326977580785751,0.3970787823200226,1.4874731120180484,False,0.3493079324563344,"(1, 0)",0.5006472491909385,False,0.8008773485722745,-0.23076923076923062,-0.6012563137436968
0.0,0.002,confounded,logger12_balanced,0,no_staged_training,-1.6787941455841064,0.010181734499582044,0.01578810125425985,-0.0005178579057838422,0.2815533980582524,0.2815533980582524,0.0010625935884500937,0.0010625935884500937,0.003774039296908953,0.004535239382100364,0.01638699095829299,0.11702777008668136,0.6407766990291263,0.06796116504854369,0.2912621359223301,0.9029126213592233,0.006472491909385114,0.09061488673139159,0.41214287281036377,0.008146678310837293,0.046293072402477264,0.6476190686225891,1.9109854828846107,False,0.1179023426385694,"(0, 1)",0.5006472491909385,True,0.9111114547694366,0.4615384615384617,0.3174813232805123
0.0,0.002,confounded,logger12_balanced,1,source_shuffle_initialization,-1.2395620346069336,0.010033086023871755,0.015558926768619037,0.001508458063668919,0.35275080906148865,0.35275080906148865,0.001398644486761805,0.001398644486761805,0.003964964645957777,0.004953680445726416,0.015054098040339525,0.13053940067665967,0.5566343042071198,0.13592233009708737,0.3074433656957929,0.9029126213592233,0.006472491909385114,0.09061488673139159,0.46368759870529175,0.008648943761201969,0.03872981667518616,0.6529212594032288,1.9211448020170925,False,0.34764989763498305,"(1, 0)",0.5042071197411003,True,0.7159466692198814,0.11111111111111167,-0.11342471540093063
0.0,0.002,confounded,logger12_balanced,1,no_staged_training,-1.563467025756836,0.010160236872553418,0.015912622160643843,0.00304796309243519,0.30097087378640774,0.30097087378640774,0.0012638804991826284,0.0012638804991826284,0.004199344884380991,0.005090444332821863,0.014126174632168809,0.13575090110069724,0.6084142394822006,0.08414239482200647,0.3074433656957929,0.9029126213592233,0.006472491909385114,0.09061488673139159,0.8720294833183289,0.00920833431888883,0.003767225658521056,0.3829931914806366,1.4666680441966253,False,0.1331637524958498,"(1, 0)",0.5006472491909385,False,0.6034268027483916,0.703703703703704,0.23851354126906346
0.0,0.002,confounded,logger12_balanced,2,source_shuffle_initialization,-1.2737289667129517,0.011134630251564599,0.018044353763738478,0.001037234403558595,0.34951456310679613,0.34951456310679613,0.0013811459403195562,0.0013811459403195562,0.003951611995914286,0.005173179375305104,0.01417503823033428,0.10887499384889492,0.56957928802589,0.09061488673139159,0.33980582524271846,0.9029126213592233,0.006472491909385114,0.09061488673139159,0.5539969801902771,0.009001408313135846,0.0478031188249588,0.6431431770324707,1.9024512324704033,False,0.34515664279460906,"(1, 0)",0.5029126213592233,True,-2.037013707636823,-0.8888888888888902,-6.392659494008374
0.0,0.002,confounded,logger12_balanced,2,no_staged_training,-1.4727083444595337,0.013721486053401958,0.019814853486145798,-0.0004395294170160485,0.3656957928802589,0.3656957928802589,0.0013910324920767055,0.0013910324920767055,0.003803796814616832,0.005167657989332763,0.01332595466526243,0.10198062439779548,0.5436893203883495,0.1262135922330097,0.3300970873786408,0.9029126213592233,0.006472491909385114,0.09061488673139159,0.2561570703983307,0.02038816447905879,0.031808264553546906,0.47064313292503357,1.6010235331285951,False,0.12273061460013272,"(0, 1)",0.5022653721682848,True,-8.617120744524781,-1.444444444444445,-6.712938792564233
0.0,0.002,confounded,logger12_balanced,3,source_shuffle_initialization,-1.2808839082717896,0.010112117833221298,0.015455254363733606,0.0009694202481227031,0.3365695792880259,0.3365695792880259,0.0011704634847843737,0.0011704634847843737,0.003477627084599726,0.004390445430639289,0.013251966247791458,0.0953957284943552,0.5728155339805825,0.13268608414239483,0.29449838187702265,0.9029126213592233,0.006472491909385114,0.09061488673139159,0.7692750692367554,0.009121213178478412,0.055223554372787476,0.5116289854049683,1.6680061407006166,False,0.3444450320469008,"(1, 0)",0.5019417475728155,True,0.3492181189325513,-3.6666666666666625,-3.5800206246150057
0.0,0.002,confounded,logger12_balanced,3,no_staged_training,-1.5538371801376343,0.009640158122097736,0.014570879062815905,-0.00043889125170181977,0.30097087378640774,0.30097087378640774,0.0011196834339686334,0.0011196834339686334,0.0037202385064119114,0.004157616671132834,0.013251966247791458,0.11543860642150292,0.6084142394822006,0.10032362459546926,0.2912621359223301,0.9029126213592233,0.006472491909385114,0.09061488673139159,0.8362160921096802,0.00732336731456266,0.020362993702292442,0.447034627199173,1.5636684438076203,False,0.1265457079601015,"(1, 0)",0.5003236245954693,True,-0.02133531367365145,-1.8333333333333297,-2.6739189775813488
0.0,0.002,confounded,logger12_balanced,4,source_shuffle_initialization,-1.1824634075164795,0.03626985105200099,0.040100833951297675,0.03422795741910001,0.33980582524271846,0.33980582524271846,0.0015073827836685455,0.0015073827836685455,0.004436012191938863,0.0052695969770449646,0.014126174632168809,0.11476903145760356,0.56957928802589,0.07766990291262135,0.35275080906148865,0.9029126213592233,0.006472491909385114,0.09061488673139159,0.1994287669658661,0.16655638307887705,0.031581442803144455,0.010093605145812035,1.0101447174024645,False,0.34993225302961134,"(0, 1)",0.5006472491909385,False,62.75732941627604,-1.2857142857142903,-5.332620669726152
0.0,0.002,confounded,logger12_balanced,4,no_staged_training,-1.6036382913589478,0.011762381790644823,0.01752038392451232,0.004560915251555346,0.36893203883495146,0.36893203883495146,0.0015397530973701432,0.0015397530973701432,0.0041735412902401256,0.005272923765303527,0.014126174632168809,0.11149627425972888,0.540453074433657,0.10679611650485436,0.35275080906148865,0.9029126213592233,0.006472491909385114,0.09061488673139159,0.8947014212608337,0.009206374858233505,0.004146356601268053,0.3210712671279907,1.3786038265282239,False,0.13195127250702568,"(1, 0)",0.5,False,3.1027188641854972,-2.5714285714285783,-5.8265034916614304
0.0,0.005,confounded,logger12_balanced,0,source_shuffle_initialization,-1.263217568397522,0.010842274989014637,0.016213134953202875,0.0007014773833811945,0.459546925566343,0.459546925566343,0.0021526921728467012,0.0021526921728467012,0.004684379446546694,0.006356437018625272,0.014961950454980055,0.08376586109277603,0.44983818770226536,0.10679611650485436,0.44336569579288027,0.9029126213592233,0.006472491909385114,0.09061488673139159,0.24706590175628662,0.008800266041798609,0.030042190104722977,0.5225625038146973,1.6863433791426714,False,0.351310695707798,"(0, 1)",0.5016181229773463,False,1.2319452138997495,0.2580645161290324,0.011002944616184826
0.0,0.005,confounded,logger12_balanced,0,no_staged_training,-1.6525976657867432,0.011315862456059846,0.01620432870556028,-0.0006959978946056243,0.459546925566343,0.459546925566343,0.001972086363071277,0.001972086363071277,0.004291371029500173,0.0058149346713247665,0.014334114235150075,0.08571016807971066,0.459546925566343,0.09061488673139159,0.44983818770226536,0.9029126213592233,0.006472491909385114,0.09061488673139159,0.5961028337478638,0.010590905433441187,0.007928719744086266,0.6347822546958923,1.886611295980148,False,0.13275679798866746,"(0, 1)",0.5080906148867314,False,0.7784304557367392,0.2580645161290324,0.22500156527984103
0.0,0.005,confounded,logger12_balanced,1,source_shuffle_initialization,-1.2606617212295532,0.01006707732900699,0.01482644917620772,0.0009943159032405303,0.4886731391585761,0.4886731391585761,0.002218218775450549,0.002218218775450549,0.004539268884862381,0.0058618702530819355,0.015054098040339525,0.08469490426943868,0.42071197411003236,0.1553398058252427,0.42394822006472493,0.9029126213592233,0.006472491909385114,0.09061488673139159,0.2477995604276657,0.009484613358437694,0.01750563457608223,0.5202134251594543,1.6823866750293863,False,0.3541468809048334,"(0, 1)",0.5019417475728155,False,0.40496520480864656,-0.13333333333333344,-0.22506582029513997
0.0,0.005,confounded,logger12_balanced,1,no_staged_training,-1.4785715341567993,0.01030120110908027,0.01592777211853513,-0.0015674976817368182,0.4563106796116505,0.4563106796116505,0.0020274365886838847,0.0020274365886838847,0.0044431057156263856,0.006287980844527041,0.014126174632168809,0.08462554025377328,0.45307443365695793,0.12297734627831715,0.42394822006472493,0.9029126213592233,0.006472491909385114,0.09061488673139159,0.7305235862731934,0.009706650181828229,0.028107231482863426,0.569298505783081,1.767027057298393,False,0.1239642913363604,"(1, 0)",0.5006472491909385,False,-0.1261402598567204,0.19999999999999987,0.16011305092847622
0.0,0.005,confounded,logger12_balanced,2,source_shuffle_initialization,-1.167895793914795,0.014144057943644702,0.021662394843885973,0.003442011666819957,0.4919093851132686,0.4919093851132686,0.0024374612552772327,0.0024374612552772327,0.004955102157109637,0.006320875703269733,0.015715033001301393,0.07725327333342658,0.4336569579288026,0.11650485436893204,0.44983818770226536,0.9029126213592233,0.006472491909385114,0.09061488673139159,0.4141627252101898,0.013348289433473265,0.02592288702726364,0.601010262966156,1.8239605497033964,False,0.3506125258074866,"(1, 0)",0.5233009708737864,False,2.9652209849960256,-0.6410256410256409,-1.434368488361239
0.0,0.005,confounded,logger12_balanced,2,no_staged_training,-1.4762468338012695,0.014987806288829187,0.02180644946100985,0.011057952224293347,0.5307443365695793,0.5307443365695793,0.0024866809194814127,0.0024866809194814127,0.004685270756827784,0.00629485902807616,0.014560934895740285,0.07273147508184387,0.3786407766990291,0.13592233009708737,0.4854368932038835,0.9029126213592233,0.006472491909385114,0.09061488673139159,0.1407351940870285,0.010329414980155108,0.02925090305507183,0.38196688890457153,1.465163571158966,False,0.12358306576223178,"(0, 1)",0.5051779935275081,True,4.012724799828164,-0.9487179487179489,-1.5210081767302799
0.0,0.005,confounded,logger12_balanced,3,source_shuffle_initialization,-1.1564255952835083,0.010322420020465132,0.015889130864927867,0.000720426006737109,0.42071197411003236,0.42071197411003236,0.0017862456768780002,0.0017862456768780002,0.0042457685704254,0.00555500223897134,0.014035884210632066,0.09759432168217297,0.4886731391585761,0.11974110032362459,0.39158576051779936,0.9029126213592233,0.006472491909385114,0.09061488673139159,0.6673869490623474,0.00828637663527478,0.016338272020220757,0.615180253982544,1.8499900375775988,False,0.35221499088737696,"(1, 0)",0.5087378640776699,False,2.1750168167294635,1.9999999999999967,1.2134970207147808
0.0,0.005,confounded,logger12_balanced,3,no_staged_training,-1.5787005424499512,0.010095719237896938,0.015200277632536488,-0.003261173248225778,0.43042071197411,0.43042071197411,0.0017722427073198939,0.0017722427073198939,0.004117466139562761,0.00550296211999468,0.014126174632168809,0.09765479470549726,0.47896440129449835,0.11650485436893204,0.4045307443365696,0.9029126213592233,0.006472491909385114,0.09061488673139159,0.3402820825576782,0.007389765611548469,0.024586278945207596,0.6214964985847473,1.8617120076109661,False,0.12513793474135698,"(0, 1)",0.5022653721682848,False,2.8579076404307475,1.399999999999998,1.3155931114153006
0.0,0.005,confounded,logger12_balanced,4,source_shuffle_initialization,-1.2359881401062012,0.031710382874259,0.035763644205571064,0.030370627297773234,0.42394822006472493,0.42394822006472493,0.0019449936094084023,0.0019449936094084023,0.004587809353490048,0.0058149346713247665,0.014977983325449529,0.09254193156241095,0.4854368932038835,0.08737864077669903,0.42718446601941745,0.9029126213592233,0.006472491909385114,0.09061488673139159,0.14946140348911285,0.18866681950956476,0.009887302294373512,3.4757802495732903e-05,1.0000347584065552,False,0.3555196582443184,"(0, 1)",0.5,False,7.364650312817238,0.17142857142857137,0.11550079287438396
0.0,0.005,confounded,logger12_balanced,4,no_staged_training,-1.5829116106033325,0.011488641316624576,0.017423919166400036,0.0019556668243571242,0.5080906148867314,0.5080906148867314,0.0023735401859381077,0.0023735401859381077,0.004671489920094748,0.006381720516402023,0.014977983325449529,0.07769193854228078,0.40129449838187703,0.12944983818770225,0.4692556634304207,0.9029126213592233,0.006472491909385114,0.09061488673139159,0.8485952019691467,0.009895829555748319,0.010023895651102066,0.40390118956565857,1.4976559556112465,False,0.1301653598097884,"(1, 0)",0.5009708737864078,False,0.5029826582437253,-0.5714285714285711,-0.47909454903844445
0.0,0.01,confounded,logger12_balanced,0,source_shuffle_initialization,-1.163496732711792,0.011635564756555878,0.016455162632254848,0.00042211540946422515,0.6537216828478964,0.6537216828478964,0.003740628470684198,0.003740628470684198,0.005722050482383253,0.007901060852301618,0.014961950454980055,0.050414214880842044,0.255663430420712,0.10355987055016182,0.6407766990291263,0.9029126213592233,0.006472491909385114,0.09061488673139159,0.36065611243247986,0.008353196541599476,0.05259070545434952,0.6088677048683167,1.8383486666248618,False,0.3407716267638736,"(0, 1)",0.5,False,0.8481715631231252,0.1650485436893204,0.08762761215471666
0.0,0.01,confounded,logger12_balanced,0,no_staged_training,-1.5873860120773315,0.01194281366780382,0.016825621140657086,-0.003055758134620518,0.6796116504854369,0.6796116504854369,0.0040913174048868685,0.0040913174048868685,0.006020081324333535,0.012413223326557964,0.016556744375404886,0.050713780563718475,0.2297734627831715,0.0744336569579288,0.6957928802588996,0.9029126213592233,0.006472491909385114,0.09061488673139159,0.6537743806838989,0.009551430248678676,0.020684819668531418,0.6091178059577942,1.8388084971288825,False,0.13124015884138843,"(1, 0)",0.5161812297734628,True,0.7031333289411286,0.08737864077669898,-0.06406915385703404
0.0,0.01,confounded,logger12_balanced,1,source_shuffle_initialization,-1.148122787475586,0.01083702497202983,0.015905090749967585,0.0010517366246775236,0.6181229773462783,0.6181229773462783,0.0033009911147014355,0.0033009911147014355,0.005340346881899181,0.0073422707119186175,0.016470852737632935,0.059829200295757924,0.2912621359223301,0.1423948220064725,0.5663430420711975,0.9029126213592233,0.006472491909385114,0.09061488673139159,0.2961808443069458,0.01018153948287966,0.04709606617689133,0.5546789169311523,1.7413817667994487,False,0.3414673847456773,"(0, 1)",0.5048543689320388,True,-0.9421459134951499,0.32142857142857134,0.36457080371350375
0.0,0.01,confounded,logger12_balanced,1,no_staged_training,-1.4669381380081177,0.013054630780164129,0.01849807012274848,0.001523411321870144,0.7313915857605178,0.7313915857605178,0.004457567874287215,0.004457567874287215,0.006094639261746678,0.012613575122046505,0.016470852737632935,0.044624218770775555,0.1779935275080906,0.08737864077669903,0.7346278317152104,0.9029126213592233,0.006472491909385114,0.09061488673139159,0.7987128496170044,0.009440137695908284,0.035146813839673996,0.4958702027797699,1.641926426501096,False,0.1216177598053288,"(1, 0)",0.5016181229773463,True,1.9178302403051122,-0.3035714285714287,-0.4828530137585119
0.0,0.01,confounded,logger12_balanced,2,source_shuffle_initialization,-1.2474088668823242,0.012191539479253341,0.0184838101435011,-0.00022920221094849082,0.656957928802589,0.656957928802589,0.0037780176990790215,0.0037780176990790215,0.005750775709435555,0.01042290277105716,0.015715033001301393,0.05117232174992695,0.2524271844660194,0.0744336569579288,0.6731391585760518,0.9029126213592233,0.006472491909385114,0.09061488673139159,0.3989070951938629,0.008886683282605322,0.03469192609190941,0.6250278949737549,1.868298072831048,False,0.34824574374490314,"(0, 1)",0.501294498381877,True,1.3921706116619368,0.181818181818182,0.0837497339864806
0.0,0.01,confounded,logger12_balanced,2,no_staged_training,-1.3744698762893677,0.0182605983084028,0.02536906726122585,0.002928330558224928,0.6213592233009708,0.6213592233009708,0.0032105251678396333,0.0032105251678396333,0.00516693894199191,0.006832292343618993,0.014901087993193673,0.05821994256530444,0.28802588996763756,0.1715210355987055,0.540453074433657,0.9029126213592233,0.006472491909385114,0.09061488673139159,0.2366780787706375,0.031056280364902267,0.02939942106604576,0.42362210154533386,1.5274842507645197,False,0.12353358420496686,"(0, 1)",0.5190938511326861,True,-7.968800105298306,0.30681818181818205,0.37134102850539635
0.0,0.01,confounded,logger12_balanced,3,source_shuffle_initialization,-1.1558250188827515,0.011581035100277633,0.01708635411968513,0.003040580172983141,0.6181229773462783,0.6181229773462783,0.0033980411779225626,0.0033980411779225626,0.005497354575801423,0.007878147423649558,0.014977983325449529,0.05486437211238774,0.2912621359223301,0.0970873786407767,0.6116504854368932,0.9029126213592233,0.006472491909385114,0.09061488673139159,0.3643363118171692,0.008388347157509999,0.05080574005842209,0.6098659634590149,1.8401847302546916,False,0.34338014663921457,"(0, 1)",0.5048543689320388,True,0.1680866205727743,0.4666666666666667,0.4561586570804701
0.0,0.01,confounded,logger12_balanced,3,no_staged_training,-1.503676414489746,0.011609794716910692,0.016643331036705004,-0.005016828859100665,0.6245954692556634,0.6245954692556634,0.003585014468503902,0.003585014468503902,0.005739738190506247,0.00865911853566139,0.014977983325449529,0.0537646927323449,0.284789644012945,0.0970873786407767,0.6181229773462783,0.9029126213592233,0.006472491909385114,0.09061488673139159,0.1633646935224533,0.008377704649542917,0.05445471033453941,0.43055516481399536,1.5381111917767611,False,0.11518179450765514,"(0, 1)",0.5032362459546925,False,0.20000196176062807,0.42222222222222194,0.32259084927252046
0.0,0.01,confounded,logger12_balanced,4,source_shuffle_initialization,-1.1575652360916138,0.012066026566447946,0.01799704439189797,0.00138088868331639,0.627831715210356,0.627831715210356,0.0035504123120629243,0.0035504123120629243,0.005655038167151771,0.00865911853566139,0.014977983325449529,0.0532325453172806,0.2815533980582524,0.08090614886731391,0.6375404530744336,0.9029126213592233,0.006472491909385114,0.09061488673139159,0.197323277592659,0.010272581324914471,0.05425938218832016,0.4756801128387451,1.6091082005669783,False,0.34560140023628866,"(0, 1)",0.5009708737864078,True,0.8760625105049645,0.18390804597701166,0.11757985541322692
0.0,0.01,confounded,logger12_balanced,4,no_staged_training,-1.5319596529006958,0.011711808447165708,0.01740758414044293,0.00022191859706634953,0.6893203883495146,0.6893203883495146,0.003758116853443631,0.003758116853443631,0.005451915998657662,0.007563025714567129,0.01545901987209719,0.051634385139448645,0.22006472491909385,0.15210355987055016,0.627831715210356,0.9029126213592233,0.006472491909385114,0.09061488673139159,0.8721897602081299,0.009361305252128683,0.05004128813743591,0.3646853268146515,1.4400607883295355,False,0.11665294006241406,"(1, 0)",0.5006472491909385,True,1.9487245859006797,-0.034482758620689634,0.014398421587227648
0.0,0.02,confounded,logger12_balanced,0,source_shuffle_initialization,-0.8620010018348694,0.015066702291616905,0.019828100817636137,0.00387975903720825,0.86084142394822,0.86084142394822,0.006086395478797652,0.006086395478797652,0.007070286477249905,0.013178654048918404,0.016556744375404886,0.03464849497873026,0.04854368932038835,0.02912621359223301,0.9223300970873787,0.9029126213592233,0.006472491909385114,0.09061488673139159,0.7213180661201477,0.011393490754952607,0.21401533484458923,0.5446804761886597,1.7240574169610012,False,0.3067653584811423,"(0, 1)",0.5511326860841423,False,-0.014484824660128135,0.06944444444444456,0.05366738660300491
0.0,0.02,confounded,logger12_balanced,0,no_staged_training,-1.2811483144760132,0.015597217989221895,0.02108595730771934,0.0015537211931094302,0.883495145631068,0.883495145631068,0.006179284059062688,0.006179284059062688,0.006994134704213812,0.013192759282429732,0.016556744375404886,0.03357770432703292,0.025889967637540454,0.045307443365695796,0.9288025889967637,0.9029126213592233,0.006472491909385114,0.09061488673139159,0.6010783910751343,0.01309518853568068,0.11544907093048096,0.5825621485710144,1.7906203938917897,False,0.09665522079947425,"(1, 0)",0.6288025889967638,True,-0.1348964752518994,0.020833333333333322,0.03166519560035507
0.0,0.02,confounded,logger12_balanced,1,source_shuffle_initialization,-0.9361876845359802,0.01327203015049558,0.01824476335874132,-0.0007909327422269332,0.8705501618122977,0.8705501618122977,0.006046610874770517,0.006046610874770517,0.006945735168416691,0.013142670322769945,0.016556744375404886,0.03528099726740943,0.038834951456310676,0.06472491909385113,0.8964401294498382,0.9029126213592233,0.006472491909385114,0.09061488673139159,0.36773568391799927,0.012105124851486054,0.24998441338539124,0.5768329501152039,1.7803909056610516,False,0.29790252074599266,"(0, 1)",0.6,False,0.9452849410556218,0.03225806451612902,0.07156352946768815
0.0,0.02,confounded,logger12_balanced,1,no_staged_training,-1.24233078956604,0.01447225747069049,0.020182742940522767,-0.00015858617053983071,0.8478964401294499,0.8478964401294499,0.005901344844343894,0.005901344844343894,0.006959983041611692,0.013068182478640722,0.016509085332296447,0.0356878783184921,0.061488673139158574,0.038834951456310676,0.8996763754045307,0.9029126213592233,0.006472491909385114,0.09061488673139159,0.719820499420166,0.012238863909845356,0.08189414441585541,0.5511744022369385,1.7352897498259512,False,0.10603531854719732,"(1, 0)",0.5080906148867314,True,0.2788040362568904,0.10752688172042994,0.119341770775756
0.0,0.02,confounded,logger12_balanced,2,source_shuffle_initialization,-0.9216387271881104,0.014365056743785859,0.020069188009240624,0.0006391824641601784,0.8122977346278317,0.8122977346278317,0.005422371374537975,0.005422371374537975,0.006675349620447148,0.013004251107421271,0.015715033001301393,0.036474796435432014,0.0970873786407767,0.06472491909385113,0.8381877022653722,0.9029126213592233,0.006472491909385114,0.09061488673139159,0.611444890499115,0.013900473736597694,0.2363581359386444,0.5582078695297241,1.747537876431281,False,0.30297524316443336,"(0, 1)",0.6488673139158576,False,-0.04123703856025504,0.13218390804597702,0.1773513592089043
0.0,0.02,confounded,logger12_balanced,2,no_staged_training,-1.2076114416122437,0.01533153957569737,0.020833433891334904,0.0031633895410509744,0.8673139158576052,0.8673139158576052,0.0061081270415108795,0.0061081270415108795,0.007042579312786798,0.01315030865733613,0.016470852737632935,0.033923362303122505,0.042071197411003236,0.032362459546925564,0.9255663430420712,0.9029126213592233,0.006472491909385114,0.09061488673139159,0.21719980239868164,0.011401842302551209,0.09684019535779953,0.49553361535072327,1.6413738677039056,False,0.12689807502538789,"(1, 0)",0.5158576051779935,True,-0.271950263947951,0.03448275862068964,0.03859369706036758
0.0,0.02,confounded,logger12_balanced,3,source_shuffle_initialization,-0.9405080676078796,0.013262541478929905,0.018788783249716612,-0.0001752331862788249,0.8478964401294499,0.8478964401294499,0.005870429561604873,0.005870429561604873,0.006923521887541625,0.013053449305645693,0.016556744375404886,0.03592317069349775,0.061488673139158574,0.045307443365695796,0.8932038834951457,0.9029126213592233,0.006472491909385114,0.09061488673139159,0.35576558113098145,0.012417726549354443,0.2147747278213501,0.5684962868690491,1.7656100832091213,False,0.30761181612809496,"(0, 1)",0.5653721682847896,False,0.5958766139770983,0.11206896551724124,0.11197571700698115
0.0,0.02,confounded,logger12_balanced,3,no_staged_training,-1.2848875522613525,0.012633628784246407,0.01762000803804541,0.00038851074052178057,0.8220064724919094,0.8220064724919094,0.005680637386168666,0.005680637386168666,0.0069106966627012515,0.013072057852629637,0.016556744375404886,0.03712337698215922,0.08737864077669903,0.022653721682847898,0.889967637540453,0.9029126213592233,0.006472491909385114,0.09061488673139159,0.4624534547328949,0.012485571542446625,0.29943737387657166,0.5334915518760681,1.7048745867573867,False,0.03647717524966115,"(0, 1)",0.6805825242718446,False,0.8870857909037643,0.1810344827586206,0.16652169502952996
0.0,0.02,confounded,logger12_balanced,4,source_shuffle_initialization,-0.9368124604225159,0.014592631538488119,0.019902445923927765,0.0024671475388420945,0.8478964401294499,0.8478964401294499,0.005824679045009268,0.005824679045009268,0.006869564217205587,0.013050044341668166,0.016556744375404886,0.03562190662947071,0.061488673139158574,0.045307443365695796,0.8932038834951457,0.9029126213592233,0.006472491909385114,0.09061488673139159,0.4942248463630676,0.011478904608519244,0.2038457989692688,0.6099786758422852,1.8403921535506638,False,0.3076897558238771,"(0, 1)",0.611326860841424,False,0.25756501109610347,0.05309734513274334,0.06743212527903795
0.0,0.02,confounded,logger12_balanced,4,no_staged_training,-1.2810250520706177,0.014978518726338038,0.020867185065474594,0.0026175780382162433,0.8511326860841424,0.8511326860841424,0.005816585494462769,0.005816585494462769,0.006833935048627361,0.01312698729840731,0.016556744375404886,0.03667623590385657,0.05825242718446602,0.05825242718446602,0.883495145631068,0.9029126213592233,0.006472491909385114,0.09061488673139159,0.702380895614624,0.013477294500609636,0.1126905083656311,0.5357280969619751,1.708691882822646,False,0.09576986383881218,"(1, 0)",0.5352750809061488,True,-0.5128407853974702,0.04424778761061955,0.0696518424588584
0.0,0.05,confounded,logger12_balanced,0,source_shuffle_initialization,-0.7148035168647766,0.010690443778748143,0.01574117240306459,-0.0026377611200804037,0.32038834951456313,0.32038834951456313,0.0013167438479968594,0.0013167438479968594,0.004109836858899288,0.005123392236672063,0.013773933719116727,0.12643275235834792,0.5889967637540453,0.07119741100323625,0.33980582524271846,0.9029126213592233,0.006472491909385114,0.09061488673139159,0.4874725639820099,0.09816332533268407,0.5005569458007812,0.01880425401031971,1.0189821674213944,False,0.26500763686166867,"(0, 1)",0.9919093851132686,False,0.9020274685570607,0.8294930875576036,0.8906484008710335
0.0,0.05,confounded,logger12_balanced,0,no_staged_training,-1.0158897638320923,0.012447574356440496,0.016769294552133537,0.005649815641227074,0.255663430420712,0.255663430420712,0.0008122308997173365,0.0008122308997173365,0.0031769537723121137,0.0034615912988604325,0.007581168661232152,0.10742608273251875,0.6601941747572816,0.08737864077669903,0.2524271844660194,0.9029126213592233,0.006472491909385114,0.09061488673139159,0.4966837763786316,0.0970464108131111,0.3907439708709717,0.04485509544610977,1.0458762966896857,False,0.0031397715018579297,"(1, 0)",0.9889967637540453,True,0.7944093629241922,0.9216589861751153,0.976537515372487
0.0,0.05,confounded,logger12_balanced,1,source_shuffle_initialization,-0.7431259155273438,0.009919400940969948,0.01534544885971481,0.0025877293446873446,0.3559870550161812,0.3559870550161812,0.0014617974455776606,0.0014617974455776606,0.00410632191530452,0.004938893439927483,0.015054098040339525,0.12501371896935,0.56957928802589,0.13592233009708737,0.29449838187702265,0.9029126213592233,0.006472491909385114,0.09061488673139159,0.5085805654525757,0.09807950777378911,0.5199212431907654,0.01102299615740776,1.01108397322358,False,0.2650505426029365,"(0, 1)",0.9893203883495145,False,1.10933912479981,0.8994708994708995,0.9411708809421011
0.0,0.05,confounded,logger12_balanced,1,no_staged_training,-1.0354806184768677,0.009706241403676001,0.014997532961939637,0.002861854492335864,0.2459546925566343,0.2459546925566343,0.0009600434787366226,0.0009600434787366226,0.003903334670126531,0.0042369118699525634,0.013251966247791458,0.1362809861498675,0.6634304207119741,0.08414239482200647,0.2524271844660194,0.9029126213592233,0.006472491909385114,0.09061488673139159,0.5013017058372498,0.09937555744561777,0.39419615268707275,0.038039978593587875,1.0387727607224109,False,0.002400734596671095,"(1, 0)",0.9893203883495145,True,1.1236975618732343,1.0793650793650795,1.033238564902539
0.0,0.05,confounded,logger12_balanced,2,source_shuffle_initialization,-0.7917512059211731,0.011548354138722409,0.01793963675082367,0.0019829634843821185,0.3268608414239482,0.3268608414239482,0.0012547542505224611,0.0012547542505224611,0.003838802608034064,0.00481927918886562,0.01417503823033428,0.10943214632696253,0.5857605177993528,0.09385113268608414,0.32038834951456313,0.9029126213592233,0.006472491909385114,0.09061488673139159,0.4979212284088135,0.09918941906724507,0.5216796398162842,0.010171557776629925,1.0102234639099017,False,0.2665605993734466,"(0, 1)",0.9864077669902913,False,0.9345519598669091,0.8325581395348837,0.9135231594964888
0.0,0.05,confounded,logger12_balanced,2,no_staged_training,-0.9464676976203918,0.016511723491121268,0.02304954421794987,0.013510029091708608,0.3074433656957929,0.3074433656957929,0.0012274699888672749,0.0012274699888672749,0.0039925076479998736,0.0050619441654562,0.01417503823033428,0.10483691743353736,0.6084142394822006,0.06472491909385113,0.3268608414239482,0.9029126213592233,0.006472491909385114,0.09061488673139159,0.49427101016044617,0.09870080450762084,0.39335304498672485,0.054464489221572876,1.0559749772544749,False,0.0022156833695152044,"(1, 0)",0.9763754045307443,True,0.590348923473104,0.8604651162790696,0.918212396374438
0.0,0.05,confounded,logger12_balanced,3,source_shuffle_initialization,-0.7902779579162598,0.009971103423501701,0.015382787284622989,0.0005736894875951174,0.2750809061488673,0.2750809061488673,0.0010602593344053424,0.0010602593344053424,0.0038543545215441273,0.0042369118699525634,0.014035884210632066,0.12944874609640353,0.6343042071197411,0.06796116504854369,0.2977346278317152,0.9029126213592233,0.006472491909385114,0.09061488673139159,0.5051594972610474,0.09941484923004258,0.5223197937011719,0.010574281215667725,1.010630386510619,False,0.26745231755905685,"(0, 1)",0.9922330097087378,False,0.9471143695031861,0.9074074074074076,0.9420102627245194
0.0,0.05,confounded,logger12_balanced,3,no_staged_training,-1.0467466115951538,0.010585727670492297,0.015436390033950914,0.003363439834345455,0.23948220064724918,0.23948220064724918,0.0008520541423113464,0.0008520541423113464,0.0035579017564081896,0.0036998019096995626,0.011617201355214934,0.12920788106400488,0.6731391585760518,0.06796116504854369,0.2588996763754045,0.9029126213592233,0.006472491909385114,0.09061488673139159,0.5043994784355164,0.09960308331066683,0.3987625241279602,0.04076822102069855,1.0416106541106376,False,0.0010831573349955727,"(0, 1)",0.9915857605177993,False,0.9102224152192451,0.9583333333333334,0.9774542675320285
0.0,0.05,confounded,logger12_balanced,4,source_shuffle_initialization,-0.7596808075904846,0.011968637438475873,0.018338524091938396,-0.0017545840009628277,0.2815533980582524,0.2815533980582524,0.0011146323528188771,0.0011146323528188771,0.003958866632425667,0.004608718759176876,0.014126174632168809,0.11793412682579464,0.627831715210356,0.07119741100323625,0.30097087378640774,0.9029126213592233,0.006472491909385114,0.09061488673139159,0.5007557272911072,0.10010380871244827,0.5351455211639404,0.014490162953734398,1.0145956542779166,False,0.26824408868948624,"(0, 1)",0.984789644012945,False,0.8945433351262578,0.9146919431279621,0.9278509713894774
0.0,0.05,confounded,logger12_balanced,4,no_staged_training,-0.995317816734314,0.013933521987073236,0.020127145880100745,0.007914807904805556,0.31715210355987056,0.31715210355987056,0.001268418496909077,0.001268418496909077,0.003999401179029641,0.004962847273522807,0.014126174632168809,0.13034155593920874,0.5954692556634305,0.09061488673139159,0.313915857605178,0.9029126213592233,0.006472491909385114,0.09061488673139159,0.5004777312278748,0.10015964496037653,0.3908025026321411,0.05230966582894325,1.0537019874967135,False,0.003531579795588574,"(1, 0)",0.9792880258899677,True,0.7513195745445679,0.8625592417061612,0.9017289451851986
0.0,0.1,confounded,logger12_balanced,0,source_shuffle_initialization,-0.7498350143432617,0.011139081643059722,0.016259303341141364,-0.001321021310681915,0.2686084142394822,0.2686084142394822,0.0009803912685539997,0.0009803912685539997,0.003649890385339589,0.003968575737130918,0.011617201355214934,0.12496511337551477,0.6440129449838188,0.11003236245954692,0.2459546925566343,0.9029126213592233,0.006472491909385114,0.09061488673139159,0.49926576018333435,0.19908797514414156,0.539121150970459,7.650342581655423e-08,1.0000000765034287,False,0.2630256863103973,"(0, 1)",1.0,False,1.0276757541358212,0.88,0.941847872177597
0.0,0.1,confounded,logger12_balanced,0,no_staged_training,-0.8544755578041077,0.013696470170478566,0.018306600457180956,-0.008867279617547982,0.2750809061488673,0.2750809061488673,0.001062945157184618,0.001062945157184618,0.0038641182772946705,0.0045424472292928,0.013507415283356305,0.14786695864612798,0.6343042071197411,0.0970873786407767,0.2686084142394822,0.9029126213592233,0.006472491909385114,0.09061488673139159,0.4975975751876831,0.20023642060769664,0.3797251582145691,0.00045551997027359903,1.0004556237352504,False,0.006758305624070417,"(1, 0)",1.0,True,0.9482955223654557,0.8711111111111113,0.9279755846412421
0.0,0.1,confounded,logger12_balanced,1,source_shuffle_initialization,-0.7336516976356506,0.009821973067002493,0.015976500812902538,0.00016976244052157636,0.23948220064724918,0.23948220064724918,0.0008793150218020331,0.0008793150218020331,0.0036717343477949763,0.0036998019096995626,0.014126174632168809,0.1610192672573889,0.6828478964401294,0.06472491909385113,0.2524271844660194,0.9029126213592233,0.006472491909385114,0.09061488673139159,0.5000797510147095,0.19838974236738935,0.5396179556846619,0.00023862990201450884,1.0002386583763945,False,0.2649357188079093,"(0, 1)",0.9993527508090615,False,1.0412320926075351,1.0147058823529411,1.0161426582588795
0.0,0.1,confounded,logger12_balanced,1,no_staged_training,-0.8962103724479675,0.012189986212485121,0.01779603489802815,0.003986171957977909,0.18446601941747573,0.18446601941747573,0.000591704541078273,0.000591704541078273,0.003207661459529585,0.002644100215520239,0.013251966247791458,0.20243705037073872,0.7281553398058253,0.08737864077669903,0.18446601941747573,0.9029126213592233,0.006472491909385114,0.09061488673139159,0.5021969676017761,0.20042637132329258,0.3814024329185486,0.00047579474630765617,1.000475907954582,False,0.006356156099298839,"(1, 0)",1.0,True,0.9714024613252832,1.0980392156862746,1.0673460959670673
0.0,0.1,confounded,logger12_balanced,2,source_shuffle_initialization,-0.6589503288269043,0.012493912670013877,0.017946997063503632,-0.005717284462761038,0.34951456310679613,0.34951456310679613,0.001299876132109465,0.001299876132109465,0.003719090044646525,0.005123392236672063,0.014169029059608373,0.09816690875567163,0.56957928802589,0.1262135922330097,0.3042071197411003,0.9029126213592233,0.006472491909385114,0.09061488673139159,0.5025960803031921,0.1978487233516743,0.5380939841270447,0.00014375911268871278,1.0001437694465252,False,0.26647833171818,"(0, 1)",1.0,False,0.9637002823746831,0.8113207547169812,0.8990123745767232
0.0,0.1,confounded,logger12_balanced,2,no_staged_training,-0.7887516617774963,0.0168857437311858,0.023464957387521145,-0.011441255741730447,0.2686084142394822,0.2686084142394822,0.0008991602114405363,0.0008991602114405363,0.003347475967893081,0.003622817552014367,0.01417503823033428,0.12484426547720666,0.6472491909385113,0.11650485436893204,0.23624595469255663,0.9029126213592233,0.006472491909385114,0.09061488673139159,0.49610036611557007,0.20047603899057842,0.38002127408981323,0.0018742148531600833,1.0018759722915855,False,0.006659616164298594,"(1, 0)",0.9983818770226537,True,0.8359026831844455,0.929245283018868,0.9672798881616967
0.0,0.1,confounded,logger12_balanced,3,source_shuffle_initialization,-0.7566252946853638,0.01136069396572043,0.017188602123706744,0.0008448145001509054,0.24271844660194175,0.24271844660194175,0.0008634618422416333,0.0008634618422416333,0.003557462790035529,0.0037736216166605265,0.011617201355214934,0.12567574068699178,0.6634304207119741,0.09385113268608414,0.24271844660194175,0.9029126213592233,0.006472491909385114,0.09061488673139159,0.5008754730224609,0.19868944568566346,0.5393378734588623,0.000688841799274087,1.0006890791052718,False,0.2677560090190835,"(0, 1)",1.0,False,0.9850672858343155,0.9490740740740741,0.978271832795629
0.0,0.1,confounded,logger12_balanced,3,no_staged_training,-0.9428229331970215,0.010187883439742588,0.015364946465914677,-0.00017482560427405832,0.24271844660194175,0.24271844660194175,0.0009377641066442979,0.0009377641066442979,0.0038635881193745075,0.003833446151047148,0.013251966247791458,0.13862261898714134,0.6699029126213593,0.06472491909385113,0.26537216828478966,0.9029126213592233,0.006472491909385114,0.09061488673139159,0.5033165216445923,0.19984342863796764,0.3977294862270355,0.00015945741324685514,1.000159470127256,False,0.0010347062408408744,"(0, 1)",1.0,False,1.0194112039702115,0.9490740740740741,0.9655604617466099
0.0,0.1,confounded,logger12_balanced,4,source_shuffle_initialization,-0.737104594707489,0.01198612735594013,0.018203930530238475,0.004325600476063212,0.30097087378640774,0.30097087378640774,0.0013280383147796777,0.0013280383147796777,0.004412514400719575,0.004996743514383794,0.014126174632168809,0.12980932895667954,0.6245954692556634,0.0744336569579288,0.30097087378640774,0.9029126213592233,0.006472491909385114,0.09061488673139159,0.49747127294540405,0.19848351899677993,0.5397073030471802,0.0005906353471800685,1.0005908098065823,False,0.2679089334275988,"(0, 1)",1.0,False,1.0024319618006854,0.8779342723004695,0.9088229157120455
0.0,0.1,confounded,logger12_balanced,4,no_staged_training,-0.9352373480796814,0.011246445175713216,0.016880200638875097,0.0049460779877466415,0.26537216828478966,0.26537216828478966,0.0010255563653227084,0.0010255563653227084,0.0038645965473745963,0.004146458661355988,0.014126174632168809,0.13416918011405182,0.6440129449838188,0.08090614886731391,0.2750809061488673,0.9029126213592233,0.006472491909385114,0.09061488673139159,0.5009410977363586,0.19938148326427496,0.3792508542537689,0.00047435826854780316,1.000474470794223,False,0.007154495129500859,"(1, 0)",1.0,True,1.0263943525426849,0.9295774647887323,0.9611947002153014
0.0,0.0,independent_latents,logger12_balanced,0,source_shuffle_initialization,-1.2524852752685547,0.010284492169542287,0.015391651637671293,0.0005376552098979643,0.3042071197411003,0.3042071197411003,0.0011064823226198872,0.0011064823226198872,0.003637266358399416,0.004448446244465563,0.012391259752272621,0.13068378625371022,0.6116504854368932,0.11003236245954692,0.2783171521035599,0.9029126213592233,0.006472491909385114,0.09061488673139159,0.36974650621414185,0.008309767907149828,0.036875247955322266,0.6128789782524109,1.8457375953009343,False,0.3484277316265636,"(1, 0)",0.5,False,,,
0.0,0.0,independent_latents,logger12_balanced,0,no_staged_training,-1.6473337411880493,0.010261517302560304,0.014792172580856935,-0.0033864166682417898,0.2588996763754045,0.2588996763754045,0.0009216076910480936,0.0009216076910480936,0.0035597097066732615,0.0035466855364766113,0.013315073235235175,0.13908323060222755,0.6472491909385113,0.08737864077669903,0.26537216828478966,0.9029126213592233,0.006472491909385114,0.09061488673139159,0.7788838148117065,0.008709103613349034,0.03279809281229973,0.511713981628418,1.6681479209485746,False,0.12240066484853121,"(0, 1)",0.5,False,,,
0.0,0.0,independent_latents,logger12_balanced,1,source_shuffle_initialization,-1.2448034286499023,0.00996773660914763,0.015284573596456253,0.0022134010623290285,0.255663430420712,0.255663430420712,0.0011653697711820161,0.0011653697711820161,0.004558218472091684,0.004636222645614827,0.015054098040339525,0.1568126611575005,0.6699029126213593,0.07766990291262135,0.2524271844660194,0.9029126213592233,0.006472491909385114,0.09061488673139159,0.4963763952255249,0.00913852079616521,0.03425192832946777,0.6628636717796326,1.9403408854322153,False,0.3486677197946442,"(1, 0)",0.5,False,,,
0.0,0.0,independent_latents,logger12_balanced,1,no_staged_training,-1.5624141693115234,0.010991740091550314,0.017437240199440797,0.0027421624642407316,0.2459546925566343,0.2459546925566343,0.000952820701003343,0.000952820701003343,0.0038739683764478024,0.0038629001904584293,0.013251966247791458,0.15373577477703296,0.6634304207119741,0.08414239482200647,0.2524271844660194,0.9029126213592233,0.006472491909385114,0.09061488673139159,0.8352173566818237,0.010797109402289,0.00489416066557169,0.4363422989845276,1.5470382537508527,False,0.1317019856260645,"(0, 1)",0.5,False,,,
0.0,0.0,independent_latents,logger12_balanced,2,source_shuffle_initialization,-1.1982111930847168,0.01402843130678634,0.021332761923489204,0.002994535387872683,0.3656957928802589,0.3656957928802589,0.001659695723110439,0.001659695723110439,0.004538459986204652,0.005435867360604972,0.01961267904161268,0.11088500007005969,0.5792880258899676,0.09385113268608414,0.3268608414239482,0.9029126213592233,0.006472491909385114,0.09061488673139159,0.3011683523654938,0.01304635019858663,0.05959440395236015,0.5437589287757874,1.7224693481614934,False,0.3428782643543349,"(1, 0)",0.5,False,,,
0.0,0.0,independent_latents,logger12_balanced,2,no_staged_training,-1.51198148727417,0.01311853646752003,0.01966160283936002,-0.002436243784841274,0.2750809061488673,0.2750809061488673,0.001079551009263709,0.001079551009263709,0.003924485433676307,0.004078798016685602,0.01417503823033428,0.1504652804574649,0.6407766990291263,0.09061488673139159,0.2686084142394822,0.9029126213592233,0.006472491909385114,0.09061488673139159,0.12760552763938904,0.029353718953161575,0.06960378587245941,0.31167811155319214,1.3657150143847756,False,0.11013213143790204,"(0, 1)",0.5,False,,,
0.0,0.0,independent_latents,logger12_balanced,3,source_shuffle_initialization,-1.2573318481445312,0.009881994074729037,0.015079182170642113,0.0005658728598238165,0.284789644012945,0.284789644012945,0.0009564388434395293,0.0009564388434395293,0.003358404575259256,0.0038676620078664545,0.009398899416996898,0.09908638616959227,0.627831715210356,0.11326860841423948,0.2588996763754045,0.9029126213592233,0.006472491909385114,0.09061488673139159,0.8951611518859863,0.010478705410346257,0.02897205948829651,0.31588464975357056,1.3714720468629316,False,0.34865428432822226,"(1, 0)",0.5,False,,,
0.0,0.0,independent_latents,logger12_balanced,3,no_staged_training,-1.5948660373687744,0.009433608570768675,0.014636341224607689,-0.0020811369172954305,0.2459546925566343,0.2459546925566343,0.0008021203170140026,0.0008021203170140026,0.003261252341543774,0.0032118546334494623,0.011617201355214934,0.13748574589968296,0.6634304207119741,0.08737864077669903,0.24919093851132687,0.9029126213592233,0.006472491909385114,0.09061488673139159,0.5761547684669495,0.006982965971280373,0.013591557741165161,0.666664183139801,1.9477292038108645,False,0.12880284719638957,"(1, 0)",0.5,False,,,
0.0,0.0,independent_latents,logger12_balanced,4,source_shuffle_initialization,-1.2312202453613281,0.012089014074461934,0.0191071745472319,0.0019567459392266446,0.2815533980582524,0.2815533980582524,0.0012547373957655806,0.0012547373957655806,0.004456481095305338,0.004962847273522807,0.014126174632168809,0.13023021364604576,0.6472491909385113,0.09385113268608414,0.2588996763754045,0.9029126213592233,0.006472491909385114,0.09061488673139159,0.47942134737968445,0.010052164387049449,0.05766744539141655,0.6523256897926331,1.920000967205894,False,0.3413772848745187,"(1, 0)",0.5,False,,,
0.0,0.0,independent_latents,logger12_balanced,4,no_staged_training,-1.586585283279419,0.010989977166943337,0.016714321900932614,-0.0018239500948423735,0.2686084142394822,0.2686084142394822,0.0011178227230932206,0.0011178227230932206,0.004161532788383195,0.0040993228062046845,0.01638699095829299,0.16308619368064714,0.6537216828478964,0.07119741100323625,0.2750809061488673,0.9029126213592233,0.006472491909385114,0.09061488673139159,0.9124940633773804,0.010576292583518084,0.013360931538045406,0.28129228949546814,1.3248407843925563,False,0.12887974756177184,"(0, 1)",0.5,False,,,
0.0,0.002,independent_latents,logger12_balanced,0,source_shuffle_initialization,-1.2111241817474365,0.010399491761228856,0.015584532674505755,-0.0002572077538216711,0.26537216828478966,0.26537216828478966,0.0009311561027921755,0.0009311561027921755,0.0035088687288144177,0.0037555319509520392,0.010190327602197957,0.11180381131001749,0.6440129449838188,0.08414239482200647,0.27184466019417475,0.9029126213592233,0.006472491909385114,0.09061488673139159,0.3949343264102936,0.008184306375549387,0.06091507524251938,0.6205084323883057,1.8598734213807684,False,0.3425223306649261,"(1, 0)",0.5051779935275081,False,,,
0.0,0.002,independent_latents,logger12_balanced,0,no_staged_training,-1.6190690994262695,0.011446607812346833,0.016150371124955584,-0.005951697718407701,0.2621359223300971,0.2621359223300971,0.0008358111701331481,0.0008358111701331481,0.0031884648342116392,0.003203942084661193,0.013315073235235175,0.13267705029502433,0.6472491909385113,0.10679611650485436,0.2459546925566343,0.9029126213592233,0.006472491909385114,0.09061488673139159,0.8166316151618958,0.008838175636524228,0.036099910736083984,0.45857444405555725,1.581817407729456,False,0.12130006052808882,"(0, 1)",0.5009708737864078,True,,,
0.0,0.002,independent_latents,logger12_balanced,1,source_shuffle_initialization,-1.2922290563583374,0.009828477378556136,0.015475889505541523,-0.00022692816609277673,0.2588996763754045,0.2588996763754045,0.0010442265139557192,0.0010442265139557192,0.004033324910153966,0.004327821067953063,0.014126174632168809,0.14458141006299607,0.6666666666666666,0.10355987055016182,0.2297734627831715,0.9029126213592233,0.006472491909385114,0.09061488673139159,0.2297496199607849,0.010343539288714109,0.02987256459891796,0.48945319652557373,1.6314239077568833,False,0.3495712061723073,"(1, 0)",0.5,False,,,
0.0,0.002,independent_latents,logger12_balanced,1,no_staged_training,-1.5490145683288574,0.011664502389405721,0.016831436991660766,0.006689068483634957,0.255663430420712,0.255663430420712,0.001015481066429793,0.001015481066429793,0.003971944930719064,0.004341128353599187,0.013251966247791458,0.1429050971005363,0.6537216828478964,0.08737864077669903,0.2588996763754045,0.9029126213592233,0.006472491909385114,0.09061488673139159,0.7794069647789001,0.009074024949221217,0.008740879595279694,0.5187433362007141,1.679915234018264,False,0.13041973648119506,"(1, 0)",0.5003236245954693,False,,,
0.0,0.002,independent_latents,logger12_balanced,2,source_shuffle_initialization,-1.2644821405410767,0.012041164418334391,0.01882671344677053,0.002617764107039454,0.3106796116504854,0.3106796116504854,0.0012682218185150937,0.0012682218185150937,0.004082088978345458,0.00517139208682158,0.01417503823033428,0.12222351239065293,0.6148867313915858,0.0970873786407767,0.28802588996763756,0.9029126213592233,0.006472491909385114,0.09061488673139159,0.3130021095275879,0.009832514605272163,0.0606050007045269,0.5764352083206177,1.7796829105961165,False,0.34288920346233576,"(1, 0)",0.5006472491909385,False,,,
0.0,0.002,independent_latents,logger12_balanced,2,no_staged_training,-1.4532605409622192,0.013896025782570667,0.020135583229265855,-0.00512529589312768,0.2912621359223301,0.2912621359223301,0.001143155519710036,0.001143155519710036,0.0039248339510044574,0.004161933737626272,0.01417503823033428,0.14435888307623018,0.6213592233009708,0.09385113268608414,0.284789644012945,0.9029126213592233,0.006472491909385114,0.09061488673139159,0.11673291027545929,0.030405207595778975,0.06384482234716415,0.2930442988872528,1.3405021718709798,False,0.11205178791322079,"(0, 1)",0.5019417475728155,True,,,
0.0,0.002,independent_latents,logger12_balanced,3,source_shuffle_initialization,-1.217043399810791,0.01007021974656346,0.015380527756889197,0.0003313353458865134,0.2977346278317152,0.2977346278317152,0.001116247764321764,0.001116247764321764,0.0037491365127763597,0.004331684982749539,0.013251966247791458,0.10890264676497219,0.6213592233009708,0.11650485436893204,0.2621359223300971,0.9029126213592233,0.006472491909385114,0.09061488673139159,0.8288406729698181,0.00920537009567383,0.040016405284404755,0.44566479325294495,1.561527944091944,False,0.3471973684098985,"(1, 0)",0.5019417475728155,False,,,
0.0,0.002,independent_latents,logger12_balanced,3,no_staged_training,-1.596603274345398,0.01002705560269106,0.01539366443334444,-0.0014397341506923516,0.2588996763754045,0.2588996763754045,0.000990228986609728,0.000990228986609728,0.003824759460780075,0.003949647478114569,0.013251966247791458,0.1487054927284419,0.6472491909385113,0.0744336569579288,0.2783171521035599,0.9029126213592233,0.006472491909385114,0.09061488673139159,0.8013942837715149,0.007356851652699927,0.0041938768699765205,0.48973268270492554,1.6318799319150217,False,0.13193541301865072,"(1, 0)",0.502588996763754,False,,,
0.0,0.002,independent_latents,logger12_balanced,4,source_shuffle_initialization,-1.2581069469451904,0.01152783254368523,0.018495432320203384,0.0026509841161853997,0.2524271844660194,0.2524271844660194,0.000996847009525095,0.000996847009525095,0.003949047768503262,0.004146458661355988,0.014126174632168809,0.12866347193304026,0.6666666666666666,0.08090614886731391,0.2524271844660194,0.9029126213592233,0.006472491909385114,0.09061488673139159,0.3295210003852844,0.009369475356171907,0.0265812948346138,0.5976220965385437,1.8177911252239645,False,0.3494118117623859,"(1, 0)",0.5032362459546925,True,,,
0.0,0.002,independent_latents,logger12_balanced,4,no_staged_training,-1.5630534887313843,0.013071167458796325,0.018678503707072608,0.007800959346648456,0.29449838187702265,0.29449838187702265,0.0011661726993810414,0.0011661726993810414,0.003959861144052107,0.0042889539061565785,0.01638699095829299,0.15712299058877188,0.6245954692556634,0.09061488673139159,0.284789644012945,0.9029126213592233,0.006472491909385114,0.09061488673139159,0.9123451113700867,0.009834710476533726,0.012637533247470856,0.2800784111022949,1.323233564472108,False,0.12912087961731789,"(0, 1)",0.5003236245954693,True,,,
0.0,0.005,independent_latents,logger12_balanced,0,source_shuffle_initialization,-1.1664667129516602,0.010995464295000743,0.016139497362786213,0.00237796661496175,0.2686084142394822,0.2686084142394822,0.0010423984706396253,0.0010423984706396253,0.0038807364750318577,0.0046770494709732265,0.012391259752272621,0.12971068342597772,0.6440129449838188,0.09061488673139159,0.26537216828478966,0.9029126213592233,0.006472491909385114,0.09061488673139159,0.43268126249313354,0.008593618614017296,0.045861776918172836,0.6393813490867615,1.8953079825212715,False,0.34636534096466165,"(1, 0)",0.5074433656957928,True,,,
0.0,0.005,independent_latents,logger12_balanced,0,no_staged_training,-1.6036245822906494,0.012438696094182224,0.017086410935321,0.003063278575127363,0.23948220064724918,0.23948220064724918,0.0008249492055108187,0.0008249492055108187,0.0034447203311195,0.0038680194384972384,0.007581168661232152,0.11046592619612293,0.6796116504854369,0.08414239482200647,0.23624595469255663,0.9029126213592233,0.006472491909385114,0.09061488673139159,0.8384026288986206,0.008973195192125213,0.03816719725728035,0.4317013621330261,1.5398751814481402,False,0.12061096658998571,"(0, 1)",0.5016181229773463,True,,,
0.0,0.005,independent_latents,logger12_balanced,1,source_shuffle_initialization,-1.1057463884353638,0.012342684884988403,0.017458344867727137,-0.0020268424008806256,0.2621359223300971,0.2621359223300971,0.0011366611467847024,0.0011366611467847024,0.00433615178217868,0.004938893439927483,0.013251966247791458,0.1463229689230815,0.6601941747572816,0.08737864077669903,0.2524271844660194,0.9029126213592233,0.006472491909385114,0.09061488673139159,0.8057558536529541,0.03355014903847737,0.019287345930933952,0.35675209760665894,1.4286816523490675,False,0.35239754252963595,"(1, 0)",0.5006472491909385,False,,,
0.0,0.005,independent_latents,logger12_balanced,1,no_staged_training,-1.5203582048416138,0.011330746446788822,0.0174886885913609,0.003819641696638619,0.2815533980582524,0.2815533980582524,0.0010966680407665612,0.0010966680407665612,0.0038950623516881317,0.004341128353599187,0.014126174632168809,0.14691493584034385,0.627831715210356,0.08737864077669903,0.284789644012945,0.9029126213592233,0.006472491909385114,0.09061488673139159,0.7487359642982483,0.011636805858320163,0.005714091472327709,0.539207935333252,1.7146482119218895,False,0.13142869324263992,"(1, 0)",0.5032362459546925,False,,,
0.0,0.005,independent_latents,logger12_balanced,2,source_shuffle_initialization,-1.2546188831329346,0.011343939725534956,0.017831506661583667,0.0027873954791257554,0.2783171521035599,0.2783171521035599,0.0011016014539372535,0.0011016014539372535,0.003958079642635015,0.004452103047883859,0.01417503823033428,0.12464621416101843,0.6472491909385113,0.07119741100323625,0.2815533980582524,0.9029126213592233,0.006472491909385114,0.09061488673139159,0.4418831169605255,0.008977384115158055,0.05184359848499298,0.6325422525405884,1.8823900122183568,False,0.3452635859449704,"(1, 0)",0.5019417475728155,True,,,
0.0,0.005,independent_latents,logger12_balanced,2,no_staged_training,-1.420755386352539,0.013552790587157278,0.020397508681806387,-0.0001520787808466654,0.3042071197411003,0.3042071197411003,0.0011741871764839532,0.0011741871764839532,0.003859828058867463,0.005045781408386762,0.01417503823033428,0.12280150001096789,0.6084142394822006,0.0970873786407767,0.29449838187702265,0.9029126213592233,0.006472491909385114,0.09061488673139159,0.0773080512881279,0.027734024767872543,0.07456913590431213,0.22479155659675598,1.2520617049869185,False,0.10847701597541876,"(0, 1)",0.5029126213592233,True,,,
0.0,0.005,independent_latents,logger12_balanced,3,source_shuffle_initialization,-1.1514517068862915,0.010497461004002813,0.015663001765113736,0.0016836598933205008,0.313915857605178,0.313915857605178,0.0011556823174170424,0.0011556823174170424,0.003681503464761506,0.0041167501310185985,0.013251966247791458,0.1319107863051727,0.6084142394822006,0.12297734627831715,0.2686084142394822,0.9029126213592233,0.006472491909385114,0.09061488673139159,0.5609467625617981,0.008868328961386292,0.03579911217093468,0.6564377546310425,1.9279123906680709,False,0.3479242607123322,"(1, 0)",0.516504854368932,False,,,
0.0,0.005,independent_latents,logger12_balanced,3,no_staged_training,-1.6078720092773438,0.010223645068305648,0.015685228592769256,0.0025701199708017463,0.2524271844660194,0.2524271844660194,0.0009195413290269272,0.0009195413290269272,0.0036427983419143654,0.003833675652279833,0.013251966247791458,0.1267217137659359,0.6537216828478964,0.08090614886731391,0.26537216828478966,0.9029126213592233,0.006472491909385114,0.09061488673139159,0.5127303600311279,0.00745287814410387,0.04512426257133484,0.6643239855766296,1.9431764619099066,False,0.11829194075837118,"(1, 0)",0.5035598705501618,False,,,
0.0,0.005,independent_latents,logger12_balanced,4,source_shuffle_initialization,-1.2271767854690552,0.011985788040729866,0.01834565051129245,-0.0009145960366348462,0.284789644012945,0.284789644012945,0.0011113629916986608,0.0011113629916986608,0.003902399595850979,0.003965632875744694,0.014126174632168809,0.14758703411219223,0.6245954692556634,0.10355987055016182,0.27184466019417475,0.9029126213592233,0.006472491909385114,0.09061488673139159,0.2452729046344757,0.010360863448555862,0.03372391313314438,0.5201994776725769,1.6823632101269521,False,0.34960476110378896,"(1, 0)",0.5058252427184466,False,,,
0.0,0.005,independent_latents,logger12_balanced,4,no_staged_training,-1.5225940942764282,0.013530981825046445,0.019143087460561006,0.00794033279799917,0.27184466019417475,0.27184466019417475,0.0011227333416219754,0.0011227333416219754,0.004130054792395124,0.004327821067953063,0.01961267904161268,0.17776092948839664,0.6504854368932039,0.08090614886731391,0.2686084142394822,0.9029126213592233,0.006472491909385114,0.09061488673139159,0.8913079500198364,0.00956277543804622,0.03026457130908966,0.3251231610774994,1.3842011151837725,False,0.12324517967882292,"(0, 1)",0.5003236245954693,False,,,
0.0,0.01,independent_latents,logger12_balanced,0,source_shuffle_initialization,-1.0292243957519531,0.012002710874942792,0.01752211217774553,-0.0019519014432602337,0.3300970873786408,0.3300970873786408,0.0013586836725786515,0.0013586836725786515,0.004116012302223562,0.005184857051324076,0.013315073235235175,0.12388608510660727,0.5825242718446602,0.11326860841423948,0.3042071197411003,0.9029126213592233,0.006472491909385114,0.09061488673139159,0.14596551656723022,0.010192061843728485,0.047946035861968994,0.38147926330566406,1.4644492940591347,False,0.3479864854779508,"(1, 0)",0.5022653721682848,False,,,
0.0,0.01,independent_latents,logger12_balanced,0,no_staged_training,-1.5184881687164307,0.010164209385175215,0.015200912473377532,-0.0014518579219884714,0.27184466019417475,0.27184466019417475,0.0010606500845139187,0.0010606500845139187,0.003901677096604772,0.004636222645614827,0.01638699095829299,0.1457420514896599,0.6504854368932039,0.08737864077669903,0.2621359223300971,0.9029126213592233,0.006472491909385114,0.09061488673139159,0.7641957998275757,0.008938816097243325,0.04293132945895195,0.5249760150909424,1.6904183033635836,False,0.11902292105545349,"(0, 1)",0.510032362459547,True,,,
0.0,0.01,independent_latents,logger12_balanced,1,source_shuffle_initialization,-1.0483371019363403,0.01120748967165036,0.016836232804854256,0.0020021166125342373,0.2588996763754045,0.2588996763754045,0.0010817756988256474,0.0010817756988256474,0.0041783586367140635,0.004347145199329992,0.014126174632168809,0.15702658667221034,0.6666666666666666,0.09061488673139159,0.24271844660194175,0.9029126213592233,0.006472491909385114,0.09061488673139159,0.737343966960907,0.0107916477402831,0.019873540848493576,0.5631341934204102,1.7561680540934537,False,0.3527241573565536,"(1, 0)",0.5090614886731392,False,,,
0.0,0.01,independent_latents,logger12_balanced,1,no_staged_training,-1.4179506301879883,0.01095182514632154,0.016810521082441486,0.001174127625985564,0.28802588996763756,0.28802588996763756,0.0011420694791378103,0.0011420694791378103,0.003965162573635769,0.004636222645614827,0.014126174632168809,0.1410745298692405,0.627831715210356,0.08737864077669903,0.284789644012945,0.9029126213592233,0.006472491909385114,0.09061488673139159,0.7114279866218567,0.011824627779919257,0.006287991069257259,0.5765241384506226,1.7798411850663036,False,0.1312373915642665,"(0, 1)",0.5016181229773463,True,,,
0.0,0.01,independent_latents,logger12_balanced,2,source_shuffle_initialization,-1.0913711786270142,0.013675866171126273,0.020883270991179103,0.004026840364914498,0.23948220064724918,0.23948220064724918,0.0009308292299376035,0.0009308292299376035,0.0038868409736583713,0.003708357864729272,0.01417503823033428,0.16461933220024036,0.686084142394822,0.0744336569579288,0.23948220064724918,0.9029126213592233,0.006472491909385114,0.09061488673139159,0.5889120697975159,0.010341765241168461,0.06875717639923096,0.6130825281143188,1.8461133331729749,False,0.3442161845664183,"(1, 0)",0.5168284789644013,False,,,
0.0,0.01,independent_latents,logger12_balanced,2,no_staged_training,-1.3666110038757324,0.0125472780123679,0.018992405862459375,-0.00170238215132456,0.2588996763754045,0.2588996763754045,0.000996153690234972,0.000996153690234972,0.0038476436285325793,0.004078798016685602,0.012501077623699342,0.11374991909788806,0.6537216828478964,0.08414239482200647,0.2621359223300971,0.9029126213592233,0.006472491909385114,0.09061488673139159,0.10541261732578278,0.018176450565142055,0.07351677119731903,0.2839522659778595,1.3283695208192836,False,0.10882778267372806,"(0, 1)",0.5077669902912622,True,,,
0.0,0.01,independent_latents,logger12_balanced,3,source_shuffle_initialization,-1.0906307697296143,0.010577098552577529,0.015486289885963797,-0.0009557070916404055,0.2783171521035599,0.2783171521035599,0.001021911282671014,0.001021911282671014,0.0036717510040156194,0.003933353919066729,0.014035884210632066,0.13881234838126777,0.6375404530744336,0.10032362459546926,0.2621359223300971,0.9029126213592233,0.006472491909385114,0.09061488673139159,0.39021164178848267,0.009052231582907102,0.00915488786995411,0.629335343837738,1.8763630284645976,False,0.3554375917547279,"(1, 0)",0.5174757281553398,False,,,
0.0,0.01,independent_latents,logger12_balanced,3,no_staged_training,-1.482847809791565,0.010372804130243161,0.015809762634965356,0.0019228961853837295,0.22330097087378642,0.22330097087378642,0.0007613050152556692,0.0007613050152556692,0.0034093224596232143,0.0032383868569904268,0.007683989128490776,0.12340362415121542,0.6828478964401294,0.09061488673139159,0.22653721682847897,0.9029126213592233,0.006472491909385114,0.09061488673139159,0.34817618131637573,0.008131805407748782,0.06396710127592087,0.6122181415557861,1.8445182670984042,False,0.11201099341417689,"(1, 0)",0.501294498381877,True,,,
0.0,0.01,independent_latents,logger12_balanced,4,source_shuffle_initialization,-1.1117435693740845,0.012344893953566069,0.019248500203020037,0.0011568562081598094,0.3042071197411003,0.3042071197411003,0.0012105709350371527,0.0012105709350371527,0.003979429988579576,0.0046214299613011696,0.014126174632168809,0.1405680793056999,0.6051779935275081,0.11003236245954692,0.284789644012945,0.9029126213592233,0.006472491909385114,0.09061488673139159,0.22727495431900024,0.010946606895612625,0.035865411162376404,0.4925609529018402,1.636501862244357,False,0.3480303408371077,"(1, 0)",0.5103559870550162,False,,,
0.0,0.01,independent_latents,logger12_balanced,4,no_staged_training,-1.3732439279556274,0.01355790425776645,0.019203054307512974,-0.007032559770436144,0.2459546925566343,0.24271844660194175,0.001071388763230543,0.001089630240928416,0.004414121704509837,0.004041015634755584,0.01638699095829299,0.1697072537195777,0.6925566343042071,0.07119741100323625,0.23948220064724918,0.9029126213592233,0.006472491909385114,0.09061488673139159,0.8103801012039185,0.010494708255460759,0.03182153403759003,0.4648694097995758,1.5918063010094514,False,0.12272619303463281,"(0, 1)",0.5110032362459547,True,,,
0.0,0.02,independent_latents,logger12_balanced,0,source_shuffle_initialization,-0.7908642292022705,0.011552954217682118,0.01643409977318482,-0.0011532959182610216,0.2912621359223301,0.2912621359223301,0.0012376078518299698,0.0012376078518299698,0.004249120291282897,0.005173179375305104,0.013251966247791458,0.12484367709516254,0.6213592233009708,0.07766990291262135,0.30097087378640774,0.9029126213592233,0.006472491909385114,0.09061488673139159,0.3919169306755066,0.012689160964745165,0.060685645788908005,0.6038857698440552,1.8292129087873097,False,0.34494233470824026,"(1, 0)",0.56957928802589,False,,,
0.0,0.02,independent_latents,logger12_balanced,0,no_staged_training,-1.1643428802490234,0.012274555829004661,0.01724333888161798,0.00013147746295831737,0.2815533980582524,0.2815533980582524,0.0011913077869820188,0.0011913077869820188,0.004231196622729238,0.004830729472396554,0.01638699095829299,0.15686779993109867,0.6472491909385113,0.08090614886731391,0.27184466019417475,0.9029126213592233,0.006472491909385114,0.09061488673139159,0.5584598183631897,0.017291173616781154,0.017592746764421463,0.5844827890396118,1.7940628366734288,False,0.12746912400823251,"(0, 1)",0.5245954692556635,True,,,
0.0,0.02,independent_latents,logger12_balanced,1,source_shuffle_initialization,-0.7811341285705566,0.011966553893505823,0.01689701381567189,0.003731147966740605,0.27184466019417475,0.27184466019417475,0.00107368954892248,0.00107368954892248,0.00394964369782198,0.004636222645614827,0.013251966247791458,0.12877825377180727,0.6375404530744336,0.08737864077669903,0.2750809061488673,0.9029126213592233,0.006472491909385114,0.09061488673139159,0.5234103202819824,0.015223786329474262,0.029153555631637573,0.6153004765510559,1.8502124615015578,False,0.35166907898253863,"(1, 0)",0.6190938511326861,False,,,
0.0,0.02,independent_latents,logger12_balanced,1,no_staged_training,-1.115732192993164,0.011529532749784377,0.016976127807416284,-0.002316220411283879,0.28802588996763756,0.28802588996763756,0.001167027553070849,0.001167027553070849,0.004051814762908903,0.004830729472396554,0.013251966247791458,0.12326262167304154,0.627831715210356,0.08090614886731391,0.2912621359223301,0.9029126213592233,0.006472491909385114,0.09061488673139159,0.6254787445068359,0.016922083559890774,0.017696645110845566,0.5849816799163818,1.7949581015561697,False,0.12743449218124364,"(0, 1)",0.5802588996763755,True,,,
0.0,0.02,independent_latents,logger12_balanced,2,source_shuffle_initialization,-0.7990275621414185,0.011848768820639963,0.01788637178024033,0.0002978517574427665,0.2912621359223301,0.2912621359223301,0.001132020083366309,0.001132020083366309,0.0038866022862243275,0.0046214299613011696,0.01417503823033428,0.12772213871464297,0.627831715210356,0.06796116504854369,0.3042071197411003,0.9029126213592233,0.006472491909385114,0.09061488673139159,0.8112223744392395,0.014211229793491403,0.03978371620178223,0.447160929441452,1.5638659511107993,False,0.35100804939866065,"(1, 0)",0.517799352750809,False,,,
0.0,0.02,independent_latents,logger12_balanced,2,no_staged_training,-1.0935417413711548,0.011539136307958544,0.018896843466023036,0.0002800929960267773,0.22006472491909385,0.22006472491909385,0.000844734936630532,0.000844734936630532,0.0038385749326299177,0.0036998019096995626,0.012501077623699342,0.15613548911817082,0.7087378640776699,0.06472491909385113,0.22653721682847897,0.9029126213592233,0.006472491909385114,0.09061488673139159,0.25868338346481323,0.01728337201649846,0.044151462614536285,0.4951605498790741,1.640761641995035,False,0.11861621330474696,"(0, 1)",0.513915857605178,True,,,
0.0,0.02,independent_latents,logger12_balanced,3,source_shuffle_initialization,-0.7467371821403503,0.012068635150902908,0.01733294468130423,-0.002304876344024127,0.29449838187702265,0.29449838187702265,0.001138110639466172,0.001138110639466172,0.0038645734900554633,0.004227423151026421,0.014035884210632066,0.14298843762906494,0.6504854368932039,0.09061488673139159,0.2588996763754045,0.9029126213592233,0.006472491909385114,0.09061488673139159,0.3173530399799347,0.014412256983530797,0.04408393055200577,0.5543298721313477,1.7407740526151805,False,0.34491058654255335,"(1, 0)",0.5579288025889968,False,,,
0.0,0.02,independent_latents,logger12_balanced,3,no_staged_training,-1.1313968896865845,0.013653688896084084,0.019007028131161376,0.006750794508825996,0.313915857605178,0.313915857605178,0.0013398241050064457,0.0013398241050064457,0.004268099468525688,0.005175631695191285,0.013251966247791458,0.11273046614332638,0.598705501618123,0.10032362459546926,0.30097087378640774,0.9029126213592233,0.006472491909385114,0.09061488673139159,0.4716687798500061,0.01595576773154506,0.047987207770347595,0.5972017049789429,1.817027101783558,False,0.11733763563155095,"(1, 0)",0.5207119741100323,False,,,
0.0,0.02,independent_latents,logger12_balanced,4,source_shuffle_initialization,-0.8008822798728943,0.01356381469413847,0.020419416000328542,0.00679719993528893,0.2815533980582524,0.2815533980582524,0.0012415942850654742,0.0012415942850654742,0.00440980039178427,0.004630236057237444,0.014126174632168809,0.13604141054831012,0.686084142394822,0.0744336569579288,0.23948220064724918,0.9029126213592233,0.006472491909385114,0.09061488673139159,0.5230753421783447,0.0151077437660239,0.03283638879656792,0.6098716259002686,1.8401951502221239,False,0.35042610731389784,"(1, 0)",0.5258899676375405,False,,,
0.0,0.02,independent_latents,logger12_balanced,4,no_staged_training,-1.1772280931472778,0.012247531876559357,0.01761986783601255,0.0013263198199769902,0.2686084142394822,0.2686084142394822,0.0010107234066360886,0.0010107234066360886,0.0037628136463921853,0.004228557819432321,0.014126174632168809,0.12330974671414215,0.6472491909385113,0.08414239482200647,0.2686084142394822,0.9029126213592233,0.006472491909385114,0.09061488673139159,0.6322804093360901,0.013073395690961682,0.07287976145744324,0.5951449275016785,1.8132937220468288,False,0.10904010946934384,"(0, 1)",0.5262135922330097,True,,,
0.0,0.05,independent_latents,logger12_balanced,0,source_shuffle_initialization,-0.6031952500343323,0.01040358206610572,0.01555200760556208,0.0006524455404064284,0.23624595469255663,0.23624595469255663,0.0008368339021861494,0.0008368339021861494,0.0035422147366509613,0.003319303558829652,0.013315073235235175,0.1681396375846905,0.6731391585760518,0.08090614886731391,0.2459546925566343,0.9029126213592233,0.006472491909385114,0.09061488673139159,0.5033589005470276,0.10030971337567818,0.013245444744825363,0.00896593276411295,1.009006247134514,False,0.3541107965012391,"(0, 1)",0.9935275080906149,False,,,
0.0,0.05,independent_latents,logger12_balanced,0,no_staged_training,-0.910511314868927,0.01068077522862127,0.01603113492434662,0.0008290736438738795,0.26537216828478966,0.26537216828478966,0.0008839350724590696,0.0008839350724590696,0.003330926065729909,0.003352571505205226,0.013315073235235175,0.12435199133578495,0.6472491909385113,0.09385113268608414,0.2588996763754045,0.9029126213592233,0.006472491909385114,0.09061488673139159,0.49976399540901184,0.10055685741505198,0.0026695828419178724,0.013286956585943699,1.0133756204493798,False,0.13323284305066005,"(1, 0)",0.9925566343042072,True,,,
0.0,0.05,independent_latents,logger12_balanced,1,source_shuffle_initialization,-0.5954536199569702,0.011057059322854685,0.016328264865985036,0.004699619631005896,0.28802588996763756,0.28802588996763756,0.0010782506707389865,0.0010782506707389865,0.003743589407397156,0.0043811562866685515,0.015054098040339525,0.13241906375394977,0.627831715210356,0.11003236245954692,0.2621359223300971,0.9029126213592233,0.006472491909385114,0.09061488673139159,0.5014411211013794,0.1004532452468232,0.01151618268340826,0.007661620620638132,1.0076910459364363,False,0.35438920896914267,"(0, 1)",0.9909385113268608,False,,,
0.0,0.05,independent_latents,logger12_balanced,1,no_staged_training,-0.9183779954910278,0.009695513213744799,0.015040025386069834,0.0028558396311196732,0.2621359223300971,0.2621359223300971,0.000981678804051575,0.000981678804051575,0.003744922845085638,0.004134201750991994,0.013251966247791458,0.1315929846483523,0.6472491909385113,0.07119741100323625,0.2815533980582524,0.9029126213592233,0.006472491909385114,0.09061488673139159,0.49479058384895325,0.1016537855471908,0.0017208860954269767,0.010646787472069263,1.0107036661931361,False,0.13275973121116574,"(1, 0)",0.989967637540453,True,,,
0.0,0.05,independent_latents,logger12_balanced,2,source_shuffle_initialization,-0.5979881882667542,0.010407514572842662,0.01644813667096508,-0.00072860928596348,0.29449838187702265,0.29449838187702265,0.0010935999662959187,0.0010935999662959187,0.00371343285258724,0.004472513627388785,0.010482394787229232,0.10320623420691602,0.6245954692556634,0.06796116504854369,0.3074433656957929,0.9029126213592233,0.006472491909385114,0.09061488673139159,0.5015280842781067,0.10044971672426992,0.014219101518392563,0.010291842743754387,1.010344985914535,False,0.35578216289480524,"(1, 0)",0.9889967637540453,False,,,
0.0,0.05,independent_latents,logger12_balanced,2,no_staged_training,-0.8920354843139648,0.01209512934475232,0.017883814369717404,0.006257109937678443,0.29449838187702265,0.29449838187702265,0.0011399508698744156,0.0011399508698744156,0.00387082218451862,0.004530877582237025,0.01417503823033428,0.11565110648484761,0.6148867313915858,0.08090614886731391,0.3042071197411003,0.9029126213592233,0.006472491909385114,0.09061488673139159,0.49622806906700134,0.09964308593568637,0.001989450305700302,0.01739944890141487,1.01755170106519,False,0.13267021015396213,"(1, 0)",0.9877022653721683,True,,,
0.0,0.05,independent_latents,logger12_balanced,3,source_shuffle_initialization,-0.5353425145149231,0.010110500408922583,0.014764025723984303,-0.0009156316491185718,0.2815533980582524,0.2815533980582524,0.001093810632555517,0.001093810632555517,0.0038849136259730428,0.004145323992950088,0.014035884210632066,0.1429510744400811,0.6310679611650486,0.09385113268608414,0.2750809061488673,0.9029126213592233,0.006472491909385114,0.09061488673139159,0.5005913972854614,0.10110076600051156,0.015591852366924286,0.011583101935684681,1.0116504458267854,False,0.3566830105251736,"(1, 0)",0.9967637540453075,False,,,
0.0,0.05,independent_latents,logger12_balanced,3,no_staged_training,-0.9060291051864624,0.009736146462787098,0.014545247778094211,-0.001512380608308691,0.2750809061488673,0.2750809061488673,0.0009201604697454078,0.0009201604697454078,0.003345053942956835,0.003620978898062432,0.013251966247791458,0.12607851381442522,0.6343042071197411,0.1262135922330097,0.23948220064724918,0.9029126213592233,0.006472491909385114,0.09061488673139159,0.5007487535476685,0.09925030344453872,0.0013473782455548644,0.01772347465157509,1.017881467441968,False,0.1330641205007852,"(1, 0)",0.9948220064724919,False,,,
0.0,0.05,independent_latents,logger12_balanced,4,source_shuffle_initialization,-0.6505347490310669,0.011145065419212053,0.017811062937390525,0.001859747075488274,0.2459546925566343,0.2459546925566343,0.0009222788607092328,0.0009222788607092328,0.003749791683673065,0.0038454143627527403,0.014126174632168809,0.16250907311568438,0.6634304207119741,0.07766990291262135,0.2588996763754045,0.9029126213592233,0.006472491909385114,0.09061488673139159,0.500333845615387,0.099875820963559,0.008064396679401398,0.010961801744997501,1.0110221024270338,False,0.35662591010332106,"(0, 1)",0.9831715210355987,False,,,
0.0,0.05,independent_latents,logger12_balanced,4,no_staged_training,-0.9278599619865417,0.011355852011308029,0.017432387012458153,0.0009842150396532608,0.284789644012945,0.2815533980582524,0.0011425437115340172,0.001143629690567385,0.004058000078896682,0.004228557819432321,0.01638699095829299,0.15993537708082795,0.6472491909385113,0.10355987055016182,0.2524271844660194,0.9029126213592233,0.006472491909385114,0.09061488673139159,0.5047431588172913,0.09929926037835263,0.0033349597360938787,0.020507384091615677,1.0207191052987536,False,0.13222170660615754,"(0, 1)",0.9809061488673139,True,,,
0.0,0.1,independent_latents,logger12_balanced,0,source_shuffle_initialization,-0.5285912156105042,0.010894125638494285,0.01597002332861761,0.003979004783351398,0.23300970873786409,0.23300970873786409,0.0009013192909191522,0.0009013192909191522,0.003868161956861361,0.0036295548747108156,0.013315073235235175,0.1736920567468618,0.6796116504854369,0.06472491909385113,0.255663430420712,0.9029126213592233,0.006472491909385114,0.09061488673139159,0.49769309163093567,0.20030094680547014,0.012645304203033447,2.274838379889843e-07,1.000000227483864,False,0.3541699280341466,"(0, 1)",1.0,False,,,
0.0,0.1,independent_latents,logger12_balanced,0,no_staged_training,-0.8173347115516663,0.010275085885234915,0.015326246698006866,-0.002958812980167717,0.2686084142394822,0.2686084142394822,0.0009365416141011379,0.0009365416141011379,0.0034866428765933932,0.0037685768820145066,0.012391259752272621,0.1293445498234236,0.6440129449838188,0.11974110032362459,0.23624595469255663,0.9029126213592233,0.006472491909385114,0.09061488673139159,0.5013142228126526,0.20081654626798026,0.0027331761084496975,6.904757901793346e-05,1.0000690499628568,False,0.1332150824940534,"(1, 0)",1.0,True,,,
0.0,0.1,independent_latents,logger12_balanced,1,source_shuffle_initialization,-0.6168568730354309,0.009902746990125378,0.01588001352308584,0.0024666937555302333,0.21035598705501618,0.21035598705501618,0.000775202582689354,0.000775202582689354,0.0036851938161693906,0.0037128802811563937,0.013251966247791458,0.14217649175346886,0.7087378640776699,0.061488673139158574,0.2297734627831715,0.9029126213592233,0.006472491909385114,0.09061488673139159,0.5014291405677795,0.20020537817207576,0.011710569262504578,0.00014614428800996393,1.0001461549676067,False,0.3553521348370446,"(0, 1)",0.9990291262135922,False,,,
0.0,0.1,independent_latents,logger12_balanced,1,no_staged_training,-0.7578293085098267,0.01095943686132435,0.01704747061765888,0.004892746073996522,0.2750809061488673,0.2750809061488673,0.0010515984391638383,0.0010515984391638383,0.0038228696200191294,0.00415481271187623,0.013251966247791458,0.1388958144176222,0.6375404530744336,0.09385113268608414,0.2686084142394822,0.9029126213592233,0.006472491909385114,0.09061488673139159,0.4963545799255371,0.19953994203362418,0.0023937176447361708,0.0006656736950390041,1.0006658953049437,False,0.13253545864260097,"(1, 0)",1.0,True,,,
0.0,0.1,independent_latents,logger12_balanced,2,source_shuffle_initialization,-0.5425577163696289,0.010877131092523367,0.016759846019888402,0.0012636170416431714,0.27184466019417475,0.27184466019417475,0.000988103956412829,0.000988103956412829,0.0036348109825186208,0.003938452885422361,0.010482394787229232,0.11246643017045645,0.6472491909385113,0.07766990291262135,0.2750809061488673,0.9029126213592233,0.006472491909385114,0.09061488673139159,0.5001983642578125,0.19798429351948363,0.012897144071757793,0.00020962570852134377,1.0002096476815254,False,0.35617878668838077,"(0, 1)",1.0,False,,,
0.0,0.1,independent_latents,logger12_balanced,2,no_staged_training,-0.7624638676643372,0.012105004565208272,0.018621956060198182,0.0023609376026511517,0.3268608414239482,0.3268608414239482,0.0012702443865239405,0.0012702443865239405,0.0038861932221376004,0.00512245871229986,0.01417503823033428,0.11738104896377591,0.5825242718446602,0.08737864077669903,0.3300970873786408,0.9029126213592233,0.006472491909385114,0.09061488673139159,0.49792513251304626,0.19971601073951797,0.0024774079211056232,0.0004360791062936187,1.0004361742026098,False,0.13250755722951513,"(1, 0)",0.9983818770226537,True,,,
0.0,0.1,independent_latents,logger12_balanced,3,source_shuffle_initialization,-0.5063937902450562,0.010007846087806069,0.01554744761948091,0.0009407956527879392,0.2977346278317152,0.2977346278317152,0.001182442937587628,0.001182442937587628,0.003971465953419316,0.004331684982749539,0.014035884210632066,0.13949793084323045,0.6213592233009708,0.09385113268608414,0.284789644012945,0.9029126213592233,0.006472491909385114,0.09061488673139159,0.5010836720466614,0.19952455512285114,0.015705373138189316,6.828218465670943e-05,1.000068284515938,False,0.35678253786431413,"(1, 0)",1.0,False,,,
0.0,0.1,independent_latents,logger12_balanced,3,no_staged_training,-0.8113678097724915,0.010660450612651246,0.015832281805604233,0.0029454444257063237,0.26537216828478966,0.26537216828478966,0.000999767357999889,0.000999767357999889,0.0037674160197800695,0.003923733769065496,0.014035884210632066,0.1327550480839428,0.6440129449838188,0.0744336569579288,0.2815533980582524,0.9029126213592233,0.006472491909385114,0.09061488673139159,0.49987727403640747,0.1990369280029601,0.001360277528874576,1.6495319869136438e-05,1.0000164954559176,False,0.13306315193083226,"(1, 0)",1.0,False,,,
0.0,0.1,independent_latents,logger12_balanced,4,source_shuffle_initialization,-0.637532114982605,0.010993218858926625,0.017492279378959745,0.0025587959954676566,0.284789644012945,0.284789644012945,0.0011245055259336211,0.0011245055259336211,0.003948547812653283,0.004382411941711871,0.014126174632168809,0.14489967728876307,0.6310679611650486,0.09061488673139159,0.2783171521035599,0.9029126213592233,0.006472491909385114,0.09061488673139159,0.5032067894935608,0.1991905636541131,0.007708045653998852,0.0003645562974270433,1.0003646227561498,False,0.3565996675027741,"(0, 1)",1.0,False,,,
0.0,0.1,independent_latents,logger12_balanced,4,no_staged_training,-0.750253438949585,0.014857175797024176,0.020813670352720845,0.008977181915133059,0.28802588996763756,0.28802588996763756,0.0011709368480630014,0.0011709368480630014,0.004065387483724353,0.004953680445726416,0.01638699095829299,0.1378215764111077,0.6375404530744336,0.08090614886731391,0.2815533980582524,0.9029126213592233,0.006472491909385114,0.09061488673139159,0.5060570240020752,0.2000127128258723,0.002835830207914114,0.0006752820336259902,1.0006755100878693,False,0.1323880830258667,"(0, 1)",1.0,True,,,
0.3,0.0,confounded,logger12_balanced,0,source_shuffle_initialization,-1.1765339374542236,0.010274826258369884,0.015433477253174647,-0.0006142849362128274,0.2524271844660194,0.2524271844660194,0.0007147478652510172,0.0007147478652510172,0.002831501158494414,0.0029102817210498342,0.009481088087252676,0.1505335481827032,0.7152103559870551,0.08090614886731391,0.20388349514563106,0.8284789644012945,0.0744336569579288,0.0970873786407767,0.30321455001831055,0.008630378565953858,0.08639564365148544,0.5654967427253723,1.7603219927193068,False,0.33740379628207945,"(1, 0)",0.501294498381877,True,,,
0.3,0.0,confounded,logger12_balanced,0,no_staged_training,-1.6075388193130493,0.011197184305428619,0.016114872473148325,0.002471309995525559,0.20711974110032363,0.20711974110032363,0.0004903066619384302,0.0004903066619384302,0.0023672618521714834,0.0017105652930767574,0.008343861705665034,0.18236114156816896,0.7572815533980582,0.07766990291262135,0.1650485436893204,0.8284789644012945,0.0744336569579288,0.0970873786407767,0.604473352432251,0.009658309989717827,0.055043160915374756,0.6275728344917297,1.8730588337827847,False,0.11498564450735313,"(0, 1)",0.5145631067961165,True,,,
0.3,0.0,confounded,logger12_balanced,1,source_shuffle_initialization,-1.1984870433807373,0.010501301604766325,0.01567597917105521,0.001307700299629994,0.2783171521035599,0.2783171521035599,0.0008520909222755534,0.0008520909222755534,0.003061582499804023,0.0033802070997875685,0.013970473840112074,0.1486422928072843,0.6634304207119741,0.08737864077669903,0.24919093851132687,0.8284789644012945,0.0744336569579288,0.0970873786407767,0.36772996187210083,0.009658112306556306,0.05720015615224838,0.6130093336105347,1.8459782127687197,False,0.3445568963057465,"(1, 0)",0.5029126213592233,False,,,
0.3,0.0,confounded,logger12_balanced,1,no_staged_training,-1.4795234203338623,0.010455732209212108,0.016252399043662852,0.00018045514728662354,0.22006472491909385,0.22006472491909385,0.0005468058123434801,0.0005468058123434801,0.0024847499413843434,0.0021513102030738195,0.013970473840112074,0.20144068947569774,0.7313915857605178,0.08737864077669903,0.18122977346278318,0.8284789644012945,0.0744336569579288,0.0970873786407767,0.792112410068512,0.010326115890318687,0.0027357973158359528,0.5000161528587341,1.6487479024769949,False,0.13242143773958323,"(1, 0)",0.5022653721682848,False,,,
0.3,0.0,confounded,logger12_balanced,2,source_shuffle_initialization,-1.2116281986236572,0.011564278339809999,0.017663732540125713,0.0003867911301282414,0.28802588996763756,0.28802588996763756,0.0008258776774009389,0.0008258776774009389,0.0028673730597403384,0.0030887798764460666,0.013939816538002692,0.15436832575376797,0.6796116504854369,0.06472491909385113,0.255663430420712,0.8284789644012945,0.0744336569579288,0.0970873786407767,0.6325668096542358,0.008737489345009583,0.0385383777320385,0.6077694296836853,1.836330762213612,False,0.3478586343427499,"(1, 0)",0.5051779935275081,False,,,
0.3,0.0,confounded,logger12_balanced,2,no_staged_training,-1.4303637742996216,0.013032057640771278,0.018864619514186574,0.0048514347568131165,0.20388349514563106,0.20388349514563106,0.0005817121831776451,0.0005817121831776451,0.0028531597555855924,0.0022689574231073086,0.00907889974560483,0.18304798875438824,0.7184466019417476,0.0970873786407767,0.18446601941747573,0.8284789644012945,0.0744336569579288,0.0970873786407767,0.11265242099761963,0.02554892644262643,0.062497012317180634,0.2908896207809448,1.3376169306890549,False,0.11250103125687455,"(0, 1)",0.5016181229773463,False,,,
0.3,0.0,confounded,logger12_balanced,3,source_shuffle_initialization,-1.1838237047195435,0.011061009607104775,0.01564990478825771,-1.4908603840786655e-05,0.23300970873786409,0.23300970873786409,0.0006324153736718638,0.0006324153736718638,0.0027141159786750824,0.002849475261215861,0.008343861705665034,0.146583120738157,0.7184466019417476,0.0744336569579288,0.20711974110032363,0.8284789644012945,0.0744336569579288,0.0970873786407767,0.1915913075208664,0.011338852637587736,0.0457354336977005,0.45282289385795593,1.572745618937902,False,0.3466344236499733,"(1, 0)",0.5,False,,,
0.3,0.0,confounded,logger12_balanced,3,no_staged_training,-1.5385992527008057,0.010683874795028862,0.015762594880519114,-0.002390410974719269,0.23948220064724918,0.23948220064724918,0.0006374765184394435,0.0006374765184394435,0.0026618951918620003,0.0029102817210498342,0.007389819159561384,0.13115106422005812,0.6893203883495146,0.09385113268608414,0.2168284789644013,0.8284789644012945,0.0744336569579288,0.0970873786407767,0.3521145284175873,0.008505631953222558,0.08164413273334503,0.6157928705215454,1.8511237192922352,False,0.10611865691503729,"(1, 0)",0.5029126213592233,True,,,
0.3,0.0,confounded,logger12_balanced,4,source_shuffle_initialization,-1.1367056369781494,0.03337164508763186,0.037499267196363505,0.031439605212810515,0.23300970873786409,0.23300970873786409,0.0007167973097497986,0.0007167973097497986,0.0030762551210095526,0.003203725489635367,0.014126171379406305,0.18003030891088084,0.7216828478964401,0.061488673139158574,0.2168284789644013,0.8284789644012945,0.0744336569579288,0.0970873786407767,0.13782675564289093,0.19800048437171736,0.040088653564453125,0.009544922038912773,1.0095906200863218,False,0.35250560161140226,"(1, 0)",0.501294498381877,False,,,
0.3,0.0,confounded,logger12_balanced,4,no_staged_training,-1.5670067071914673,0.01134409992896613,0.01731557747039662,0.003521745259532286,0.23300970873786409,0.23300970873786409,0.000662287755858222,0.000662287755858222,0.0028423182855582033,0.0025738139263795632,0.014126171379406305,0.19896606505377534,0.7184466019417476,0.07766990291262135,0.20388349514563106,0.8284789644012945,0.0744336569579288,0.0970873786407767,0.8920978903770447,0.009383143566690264,0.032207190990448,0.3279891312122345,1.3881738844400877,False,0.12259764237680185,"(0, 1)",0.5016181229773463,True,,,
0.3,0.002,confounded,logger12_balanced,0,source_shuffle_initialization,-1.0779778957366943,0.01122674068457729,0.016054012202449022,-0.002370724202186735,0.2783171521035599,0.2783171521035599,0.0008725978191543939,0.0008725978191543939,0.0031352642571942754,0.003417408493256246,0.013970473840112074,0.15679778920003895,0.6796116504854369,0.0744336569579288,0.2459546925566343,0.8284789644012945,0.0744336569579288,0.0970873786407767,0.3809698522090912,0.009055906675328039,0.05511026829481125,0.6214538812637329,1.8616326681233315,False,0.3434392897619141,"(1, 0)",0.5003236245954693,False,,,
0.3,0.002,confounded,logger12_balanced,0,no_staged_training,-1.6210243701934814,0.010807253522305221,0.015736064238747145,-0.0002617567326957833,0.22330097087378642,0.22330097087378642,0.0005457351552448381,0.0005457351552448381,0.0024439443908790574,0.0019777525800755307,0.009481088087252676,0.1916634419096732,0.7281553398058253,0.0744336569579288,0.19741100323624594,0.8284789644012945,0.0744336569579288,0.0970873786407767,0.5669294595718384,0.009289312560795947,0.030086100101470947,0.6457698345184326,1.9074548888107183,False,0.12330466646896758,"(0, 1)",0.510032362459547,True,,,
0.3,0.002,confounded,logger12_balanced,1,source_shuffle_initialization,-1.2137913703918457,0.010814877527643995,0.015724542152987877,0.0039042991868638573,0.2783171521035599,0.2783171521035599,0.0008844624573439873,0.0008844624573439873,0.0031778941781313032,0.0035674358299208277,0.013970473840112074,0.14320194974432032,0.6472491909385113,0.10032362459546926,0.2524271844660194,0.8284789644012945,0.0744336569579288,0.0970873786407767,0.2972385287284851,0.009242726611202064,0.07910934090614319,0.5553383231163025,1.74253042338119,False,0.34035239997837274,"(1, 0)",0.5067961165048543,False,,,
0.3,0.002,confounded,logger12_balanced,1,no_staged_training,-1.4698752164840698,0.011130449219562763,0.01658623834104217,-0.004235439000724863,0.284789644012945,0.284789644012945,0.0007965727852042259,0.0007965727852042259,0.0027970567116830203,0.003124804083020826,0.014126171379406305,0.17889931502648537,0.6699029126213593,0.10679611650485436,0.22330097087378642,0.8284789644012945,0.0744336569579288,0.0970873786407767,0.8036190271377563,0.010144550078846794,0.01280251145362854,0.48842668533325195,1.6297500920983816,False,0.12906586692657954,"(1, 0)",0.5003236245954693,False,,,
0.3,0.002,confounded,logger12_balanced,2,source_shuffle_initialization,-1.1883647441864014,0.012093508627964846,0.018503061106255755,-0.0014565203994048126,0.343042071197411,0.343042071197411,0.0010603211625834325,0.0010603211625834325,0.0030909362192290627,0.0038129825164176616,0.013939816538002692,0.12771660013898195,0.6116504854368932,0.10032362459546926,0.28802588996763756,0.8284789644012945,0.0744336569579288,0.0970873786407767,0.4139024019241333,0.009304725624178183,0.059888988733291626,0.6276479363441467,1.873199509253316,False,0.34086855840351843,"(1, 0)",0.5061488673139158,False,,,
0.3,0.002,confounded,logger12_balanced,2,no_staged_training,-1.4807467460632324,0.012463215172400881,0.018485097435937698,0.005884203105698173,0.26537216828478966,0.26537216828478966,0.0007162214775264912,0.0007162214775264912,0.002698932153118119,0.0026481247210778484,0.00907889974560483,0.1490656964334488,0.6666666666666666,0.11974110032362459,0.21359223300970873,0.8284789644012945,0.0744336569579288,0.0970873786407767,0.12649381160736084,0.01384234685165642,0.07216089963912964,0.3438725173473358,1.4103988226631852,False,0.10927973439304522,"(0, 1)",0.5022653721682848,True,,,
0.3,0.002,confounded,logger12_balanced,3,source_shuffle_initialization,-1.2230819463729858,0.01098562328351623,0.01610112169969599,0.0014566902312304778,0.3074433656957929,0.3074433656957929,0.0008804705773986806,0.0008804705773986806,0.0028638464043809716,0.003462584347278263,0.013970473840112074,0.13067331804510285,0.6440129449838188,0.10032362459546926,0.255663430420712,0.8284789644012945,0.0744336569579288,0.0970873786407767,0.3329416811466217,0.009578865236827468,0.05269795283675194,0.5990105271339417,1.82031675496334,False,0.344221479859617,"(1, 0)",0.5122977346278317,False,,,
0.3,0.002,confounded,logger12_balanced,3,no_staged_training,-1.5552960634231567,0.01113262774806222,0.016562762905983245,0.0017687279419199156,0.28802588996763756,0.28802588996763756,0.0008378395035121228,0.0008378395035121228,0.0029089034447780443,0.003559607839590661,0.007389819159561384,0.10778564043472444,0.6407766990291263,0.09385113268608414,0.26537216828478966,0.8284789644012945,0.0744336569579288,0.0970873786407767,0.2779465913772583,0.008019363878747774,0.10003958642482758,0.5589239001274109,1.7487896151095388,False,0.09998683267936598,"(1, 0)",0.5009708737864078,False,,,
0.3,0.002,confounded,logger12_balanced,4,source_shuffle_initialization,-1.1305735111236572,0.04188364273064741,0.045701021518572776,0.04145109563480605,0.2750809061488673,0.2750809061488673,0.0008367471745193331,0.0008367471745193331,0.003041822081487929,0.0032680326761218106,0.014126171379406305,0.1577655671671357,0.6601941747572816,0.09385113268608414,0.2459546925566343,0.8284789644012945,0.0744336569579288,0.0970873786407767,0.15602000057697296,0.22333325907773077,0.028706401586532593,2.2306791136461612e-10,1.000000000223068,False,0.34891926422715186,"(1, 0)",0.5,False,,,
0.3,0.002,confounded,logger12_balanced,4,no_staged_training,-1.547103762626648,0.012363816552698324,0.018115420282777604,0.005746639034892025,0.23624595469255663,0.23624595469255663,0.0007450105297578897,0.0007450105297578897,0.0031535377218518896,0.003199256260394634,0.014126171379406305,0.1768737265488433,0.686084142394822,0.07766990291262135,0.23624595469255663,0.8284789644012945,0.0744336569579288,0.0970873786407767,0.8687660098075867,0.008687680322752503,0.032692939043045044,0.3692903220653534,1.446707553836383,False,0.12243572613250905,"(0, 1)",0.5003236245954693,True,,,
0.3,0.005,confounded,logger12_balanced,0,source_shuffle_initialization,-1.2028411626815796,0.010514843898466358,0.015301431449137587,-0.0010710206461963738,0.33980582524271846,0.33980582524271846,0.0011547228958489974,0.0011547228958489974,0.0033981845220699067,0.004812721171479593,0.009481088087252676,0.09520472282188668,0.5857605177993528,0.09061488673139159,0.32362459546925565,0.8284789644012945,0.0744336569579288,0.0970873786407767,0.38681337237358093,0.008611152273830705,0.025312302634119987,0.6311168670654297,1.8797087921763669,False,0.3538959254821141,"(0, 1)",0.5061488673139158,False,,,
0.3,0.005,confounded,logger12_balanced,0,no_staged_training,-1.6219627857208252,0.01134898015529751,0.016222258648874204,-0.0041197999481828885,0.313915857605178,0.313915857605178,0.0009729666426776364,0.0009729666426776364,0.003099450439045254,0.0037041992979285343,0.009481088087252676,0.11126192576499225,0.6213592233009708,0.07119741100323625,0.3074433656957929,0.8284789644012945,0.0744336569579288,0.0970873786407767,0.5336089134216309,0.00940849107552907,0.03388108313083649,0.6525465846061707,1.9204251323077477,False,0.1220396740769869,"(0, 1)",0.5048543689320388,False,,,
0.3,0.005,confounded,logger12_balanced,1,source_shuffle_initialization,-1.2101854085922241,0.01080730159114076,0.01584589089952013,0.00029887375931463077,0.32038834951456313,0.32038834951456313,0.001078769026089692,0.001078769026089692,0.003367066960219342,0.003931300180744301,0.015054095620822494,0.13847557968173715,0.6051779935275081,0.0970873786407767,0.2977346278317152,0.8284789644012945,0.0744336569579288,0.0970873786407767,0.2651531994342804,0.009162162324108327,0.03774113208055496,0.5326640009880066,1.7034642999016372,False,0.34999802716904216,"(1, 0)",0.5003236245954693,False,,,
0.3,0.005,confounded,logger12_balanced,1,no_staged_training,-1.5217210054397583,0.010552099171323506,0.016037863685202318,0.001394501709617837,0.3559870550161812,0.3559870550161812,0.0011767649348926154,0.0011767649348926154,0.003305639680743801,0.003760117987978972,0.014126171379406305,0.1369108222006839,0.5598705501618123,0.12944983818770225,0.3106796116504854,0.8284789644012945,0.0744336569579288,0.0970873786407767,0.825969398021698,0.009337742067811298,0.016825927421450615,0.4636741578578949,1.589904828033398,False,0.12772472295495801,"(1, 0)",0.501294498381877,True,,,
0.3,0.005,confounded,logger12_balanced,2,source_shuffle_initialization,-1.1624234914779663,0.014215360811459772,0.021631394649844208,0.0036698775649456963,0.41423948220064727,0.41423948220064727,0.0014966394960365208,0.0014966394960365208,0.0036129812834006635,0.00462142809648318,0.013939816538002692,0.09851024187929984,0.540453074433657,0.11326860841423948,0.34627831715210355,0.8284789644012945,0.0744336569579288,0.0970873786407767,0.4812116324901581,0.013803823666215456,0.029180755838751793,0.6068518161773682,1.8346464931763293,False,0.34866565101676517,"(1, 0)",0.5255663430420712,False,,,
0.3,0.005,confounded,logger12_balanced,2,no_staged_training,-1.5145111083984375,0.012666990761659712,0.019049558115715223,-0.0011529615363091502,0.3786407766990291,0.3786407766990291,0.0012298118222358225,0.0012298118222358225,0.003247964556161275,0.003988206095197988,0.014110280799231933,0.10529087427464297,0.5436893203883495,0.10679611650485436,0.34951456310679613,0.8284789644012945,0.0744336569579288,0.0970873786407767,0.17679353058338165,0.010001877370568985,0.044865868985652924,0.44431519508361816,1.5594219302930892,False,0.11837807479978507,"(0, 1)",0.5035598705501618,True,,,
0.3,0.005,confounded,logger12_balanced,3,source_shuffle_initialization,-1.1862064599990845,0.010904886703604,0.016501049441757013,0.0023660354134195784,0.36245954692556637,0.36245954692556637,0.0011750395361532794,0.0011750395361532794,0.0032418501488514586,0.0041120700347570425,0.013970473840112074,0.11257439397991995,0.5857605177993528,0.09385113268608414,0.32038834951456313,0.8284789644012945,0.0744336569579288,0.0970873786407767,0.5091080665588379,0.009351798744854539,0.05701049417257309,0.6590504050254822,1.9329559373792344,False,0.3435862959259086,"(1, 0)",0.5087378640776699,True,,,
0.3,0.005,confounded,logger12_balanced,3,no_staged_training,-1.5248041152954102,0.010143173944233363,0.014920363986552252,-0.0026029718631491333,0.32362459546925565,0.32362459546925565,0.0010081074041910342,0.0010081074041910342,0.0031150518789502956,0.003868935754462477,0.013970473840112074,0.12255239862509436,0.6051779935275081,0.0970873786407767,0.2977346278317152,0.8284789644012945,0.0744336569579288,0.0970873786407767,0.7987827658653259,0.007190268761694384,0.030736930668354034,0.49589526653289795,1.641967579855431,False,0.1230877241265757,"(1, 0)",0.5003236245954693,False,,,
0.3,0.005,confounded,logger12_balanced,4,source_shuffle_initialization,-1.262702465057373,0.030110875680537615,0.03474249815500347,0.028481584427976832,0.34951456310679613,0.34951456310679613,0.0011710651338296214,0.0011710651338296214,0.0033505474662347506,0.004142646815173821,0.014126171379406305,0.1061794981010492,0.5728155339805825,0.10679611650485436,0.32038834951456313,0.8284789644012945,0.0744336569579288,0.0970873786407767,0.14009791612625122,0.19314293514682623,0.007952326908707619,0.00021003079018555582,1.0002100528481963,False,0.3547622785800033,"(1, 0)",0.5,False,,,
0.3,0.005,confounded,logger12_balanced,4,no_staged_training,-1.5761042833328247,0.011050396215242416,0.017121333805812614,0.0007435487640269318,0.3786407766990291,0.3786407766990291,0.0013638597667861914,0.0013638597667861914,0.0036019886148455824,0.0044335207508511935,0.014126171379406305,0.108991659521531,0.5469255663430421,0.0970873786407767,0.3559870550161812,0.8284789644012945,0.0744336569579288,0.0970873786407767,0.8971032500267029,0.009666440687549708,0.010696019977331161,0.31971654295921326,1.376737463094524,False,0.13319407856355853,"(1, 0)",0.5016181229773463,True,,,
0.3,0.01,confounded,logger12_balanced,0,source_shuffle_initialization,-1.127570390701294,0.011254080806814072,0.01609502382988395,-0.0010903659500499786,0.44660194174757284,0.44660194174757284,0.0017620281158221484,0.0017620281158221484,0.003945410781080028,0.0058399304730656345,0.01128598084899668,0.07703410159917003,0.47249190938511326,0.09061488673139159,0.4368932038834951,0.8284789644012945,0.0744336569579288,0.0970873786407767,0.47712329030036926,0.00928276283657756,0.03425876423716545,0.6431875228881836,1.9025356001689242,False,0.3449198447167873,"(0, 1)",0.5349514563106796,False,,,
0.3,0.01,confounded,logger12_balanced,0,no_staged_training,-1.570559024810791,0.011723052325395517,0.017089304620638287,-0.0002734870640531662,0.47572815533980584,0.47572815533980584,0.0017905337323037955,0.0017905337323037955,0.00376377498831206,0.005707550105080372,0.01324648664276884,0.07082336488154117,0.4336569579288026,0.10355987055016182,0.4627831715210356,0.8284789644012945,0.0744336569579288,0.0970873786407767,0.47770556807518005,0.00924600110482137,0.02062918245792389,0.6530355215072632,1.921364328605872,False,0.12748425681095898,"(1, 0)",0.502588996763754,False,,,
0.3,0.01,confounded,logger12_balanced,1,source_shuffle_initialization,-1.2098530530929565,0.010710844977757341,0.016002294840024328,0.0013572206699274596,0.44336569579288027,0.44336569579288027,0.001834318892410309,0.001834318892410309,0.004137259399669967,0.005550091893339903,0.01647085027701145,0.10530437653455123,0.44660194174757284,0.12944983818770225,0.42394822006472493,0.8284789644012945,0.0744336569579288,0.0970873786407767,0.19328539073467255,0.011062114453723161,0.02571888640522957,0.4531681537628174,1.5732887186905573,False,0.3483810173140631,"(0, 1)",0.5003236245954693,True,,,
0.3,0.01,confounded,logger12_balanced,1,no_staged_training,-1.5133192539215088,0.01035218795224574,0.016066058952601485,0.001377843379418308,0.47572815533980584,0.47572815533980584,0.0017938286191012984,0.0017938286191012984,0.0037707009748455867,0.005541858655250564,0.014126171379406305,0.08981451910038021,0.4174757281553398,0.1423948220064725,0.4401294498381877,0.8284789644012945,0.0744336569579288,0.0970873786407767,0.6711194515228271,0.00898943145877802,0.06162908300757408,0.6117590069770813,1.8436715793676077,False,0.11279033266661502,"(1, 0)",0.5006472491909385,False,,,
0.3,0.01,confounded,logger12_balanced,2,source_shuffle_initialization,-1.1760629415512085,0.030786844652617103,0.03566106929468305,0.027821852227201252,0.5275080906148867,0.5275080906148867,0.002129171920719474,0.002129171920719474,0.004036282966271887,0.005988902543084862,0.014110280799231933,0.0811229877390301,0.3948220064724919,0.0970873786407767,0.5080906148867314,0.8284789644012945,0.0744336569579288,0.0970873786407767,0.18322142958641052,0.1557026362234601,0.013430259190499783,0.02767360955476761,1.0280600806680202,False,0.3550385187897417,"(0, 1)",0.5045307443365695,False,,,
0.3,0.01,confounded,logger12_balanced,2,no_staged_training,-1.3945815563201904,0.019164514078007653,0.02651352872903719,0.003500089073685602,0.47572815533980584,0.47572815533980584,0.0017772502152374875,0.0017772502152374875,0.0037358524932543107,0.0056928991028609485,0.014110280799231933,0.08351476851084717,0.4401294498381877,0.11974110032362459,0.4401294498381877,0.8284789644012945,0.0744336569579288,0.0970873786407767,0.2667710483074188,0.03212520365356671,0.024480875581502914,0.44180652499198914,1.5555147580884834,False,0.12517309718421374,"(0, 1)",0.5116504854368932,True,,,
0.3,0.01,confounded,logger12_balanced,3,source_shuffle_initialization,-1.1883519887924194,0.01130339709095969,0.017361108017162633,0.0028690788444805343,0.4401294498381877,0.4401294498381877,0.0016809278566498882,0.0016809278566498882,0.0038191669684177606,0.0054258315451485295,0.014126171379406305,0.10284523950902713,0.47896440129449835,0.11326860841423948,0.4077669902912621,0.8284789644012945,0.0744336569579288,0.0970873786407767,0.517078697681427,0.008909550742811016,0.017084769904613495,0.6582827568054199,1.9314726765785417,False,0.3519387279119756,"(0, 1)",0.5223300970873787,False,,,
0.3,0.01,confounded,logger12_balanced,3,no_staged_training,-1.49282705783844,0.010751706736417906,0.01570089909278838,-0.0029959710948846497,0.4368932038834951,0.4368932038834951,0.001591206056353701,0.001591206056353701,0.003642093862320693,0.00507297428626625,0.013970473840112074,0.08762034333687863,0.4854368932038835,0.10355987055016182,0.4110032362459547,0.8284789644012945,0.0744336569579288,0.0970873786407767,0.8618502020835876,0.008069443771378455,0.05451267957687378,0.39981475472450256,1.4915483697591694,False,0.11516247655766744,"(0, 1)",0.5006472491909385,False,,,
0.3,0.01,confounded,logger12_balanced,4,source_shuffle_initialization,-1.1920279264450073,0.011880171905470093,0.01789265811433705,0.0008108586114447915,0.49514563106796117,0.49514563106796117,0.002008650786653158,0.002008650786653158,0.004056686882848534,0.005940266779048996,0.014126171379406305,0.08447583780983749,0.4336569579288026,0.08737864077669903,0.47896440129449835,0.8284789644012945,0.0744336569579288,0.0970873786407767,0.2565128803253174,0.010604015964422555,0.026717757806181908,0.5387071967124939,1.7137898362700221,False,0.350368495285511,"(0, 1)",0.5074433656957928,False,,,
0.3,0.01,confounded,logger12_balanced,4,no_staged_training,-1.5749166011810303,0.010955883555834791,0.016383332871745294,0.0010891349792971794,0.511326860841424,0.511326860841424,0.0020590598120639203,0.0020590598120639203,0.0040268954552389324,0.0060855267973564334,0.014126171379406305,0.08428354989629742,0.3948220064724919,0.12944983818770225,0.47572815533980584,0.8284789644012945,0.0744336569579288,0.0970873786407767,0.8811450004577637,0.009719094303630644,0.041044045239686966,0.34990808367729187,1.418937119116907,False,0.12377462779348744,"(1, 0)",0.5035598705501618,True,,,
0.3,0.02,confounded,logger12_balanced,0,source_shuffle_initialization,-0.9425527453422546,0.012803050501154423,0.0174009138158395,0.0005233307882248355,0.7216828478964401,0.7216828478964401,0.003928175954744946,0.003928175954744946,0.005443077892449275,0.008150694967364647,0.016556741768996464,0.049926626714989555,0.19093851132686085,0.08090614886731391,0.7281553398058253,0.8284789644012945,0.0744336569579288,0.0970873786407767,0.6432511210441589,0.01406765046994815,0.17112664878368378,0.554842472076416,1.7416666020397766,False,0.3150779183540079,"(0, 1)",0.559546925566343,False,,,
0.3,0.02,confounded,logger12_balanced,0,no_staged_training,-1.421243667602539,0.01321401071394293,0.018249089517357934,-0.0004414587111177771,0.6925566343042071,0.6925566343042071,0.00378123744248132,0.00378123744248132,0.005459824157601532,0.008374824322300432,0.016556741768996464,0.05422711154146486,0.2168284789644013,0.09385113268608414,0.6893203883495146,0.8284789644012945,0.0744336569579288,0.0970873786407767,0.5205147862434387,0.015520824201711733,0.16532385349273682,0.5700436234474182,1.7683441910210098,False,0.07822542191133919,"(1, 0)",0.6210355987055016,True,,,
0.3,0.02,confounded,logger12_balanced,1,source_shuffle_initialization,-1.0237196683883667,0.013241523515753516,0.01822562756685945,0.003923967625384732,0.7669902912621359,0.7669902912621359,0.00430453801118767,0.00430453801118767,0.005612245761421899,0.011922698529992901,0.01647085027701145,0.046203496945406354,0.14563106796116504,0.11650485436893204,0.7378640776699029,0.8284789644012945,0.0744336569579288,0.0970873786407767,0.3213721215724945,0.015986124925353413,0.19903099536895752,0.515499472618103,1.674474647200264,False,0.305686107940144,"(0, 1)",0.5433656957928803,False,,,
0.3,0.02,confounded,logger12_balanced,1,no_staged_training,-1.316961646080017,0.012637968933827523,0.017789155385762607,0.0027401747000430103,0.7022653721682848,0.7022653721682848,0.0037574338853727214,0.0037574338853727214,0.005350447329862539,0.008374824322300432,0.014969531474965159,0.04918151841503875,0.20388349514563106,0.06796116504854369,0.7281553398058253,0.8284789644012945,0.0744336569579288,0.0970873786407767,0.6242114305496216,0.014440577072696106,0.2003277987241745,0.5608485341072083,1.752158636052423,False,0.066557436473749,"(1, 0)",0.5737864077669903,True,,,
0.3,0.02,confounded,logger12_balanced,2,source_shuffle_initialization,-1.080891728401184,0.013606872651838901,0.02006721872482534,0.003438611709382848,0.7508090614886731,0.7508090614886731,0.004229545513492867,0.004229545513492867,0.005633317084781448,0.011200748824951921,0.015714977873079405,0.04567934096658152,0.16181229773462782,0.05825242718446602,0.7799352750809061,0.8284789644012945,0.0744336569579288,0.0970873786407767,0.46676692366600037,0.015110302914790902,0.31790459156036377,0.5228942036628723,1.6869028317655494,False,0.2891966314779387,"(0, 1)",0.6216828478964401,False,,,
0.3,0.02,confounded,logger12_balanced,2,no_staged_training,-1.2909153699874878,0.014312357441778915,0.020380574588995518,-0.002948933497335261,0.7766990291262136,0.7766990291262136,0.004344640262625163,0.004344640262625163,0.005593724338129898,0.009274450420154155,0.015714977873079405,0.04358442973957614,0.12944983818770225,0.0970873786407767,0.7734627831715211,0.8284789644012945,0.0744336569579288,0.0970873786407767,0.19180423021316528,0.01230699696690477,0.08620824664831161,0.44245630502700806,1.5565258289737303,False,0.1122321110180717,"(1, 0)",0.501294498381877,True,,,
0.3,0.02,confounded,logger12_balanced,3,source_shuffle_initialization,-1.0197116136550903,0.012180311934124749,0.017582024635403905,0.0029976918191496208,0.7249190938511327,0.7249190938511327,0.003991239419091229,0.003991239419091229,0.005505772234371383,0.008626183747953587,0.016556741768996464,0.05148360954082818,0.1779935275080906,0.0744336569579288,0.7475728155339806,0.8284789644012945,0.0744336569579288,0.0970873786407767,0.4412449598312378,0.012613557135189109,0.1370367407798767,0.5972334146499634,1.8170847200287137,False,0.32372847994168596,"(0, 1)",0.6313915857605178,False,,,
0.3,0.02,confounded,logger12_balanced,3,no_staged_training,-1.3665894269943237,0.01127808642925867,0.01595090574636655,-0.00019401046890969245,0.7152103559870551,0.7152103559870551,0.003903806710205189,0.003903806710205189,0.005458263680784631,0.008626183747953587,0.016556741768996464,0.05042069004197063,0.19093851132686085,0.0744336569579288,0.7346278317152104,0.8284789644012945,0.0744336569579288,0.0970873786407767,0.4732688367366791,0.01401994803513663,0.3211435377597809,0.5262132287025452,1.6925110061910777,False,0.026285519788053924,"(0, 1)",0.6197411003236246,False,,,
0.3,0.02,confounded,logger12_balanced,4,source_shuffle_initialization,-0.9948911666870117,0.012880303489146306,0.01860236529801617,0.001995416762936836,0.7411003236245954,0.7411003236245954,0.003900089293389552,0.003900089293389552,0.005262565902433937,0.008159680761983522,0.01545901843451114,0.049557871853349846,0.17475728155339806,0.0970873786407767,0.7281553398058253,0.8284789644012945,0.0744336569579288,0.0970873786407767,0.6163920164108276,0.013081234375714767,0.21303299069404602,0.5605343580245972,1.7516082361818,False,0.3055354890724023,"(0, 1)",0.5689320388349515,False,,,
0.3,0.02,confounded,logger12_balanced,4,no_staged_training,-1.3739960193634033,0.013824594347180922,0.019609650634587188,-0.000776553741997527,0.7378640776699029,0.7378640776699029,0.003966027942132604,0.003966027942132604,0.005375011553153398,0.008627456871657913,0.01647085027701145,0.050477490726252704,0.16828478964401294,0.12944983818770225,0.7022653721682848,0.8284789644012945,0.0744336569579288,0.0970873786407767,0.6412506103515625,0.014303319757031223,0.14190517365932465,0.568047046661377,1.7648170783068526,False,0.08603165210820651,"(1, 0)",0.584789644012945,True,,,
0.3,0.05,confounded,logger12_balanced,0,source_shuffle_initialization,-0.6903175115585327,0.010737040001012716,0.016161859931786406,-0.0003846557286967589,0.35275080906148865,0.35275080906148865,0.0012447977527481845,0.0012447977527481845,0.0035288303265980643,0.0049901242821467125,0.01327251594738632,0.11500466768755524,0.5889967637540453,0.09061488673139159,0.32038834951456313,0.8284789644012945,0.0744336569579288,0.0970873786407767,0.5038028359413147,0.09198020043890999,0.5238673686981201,0.024709684774279594,1.0250174991378795,False,0.26330188926723275,"(0, 1)",0.9889967637540453,False,,,
0.3,0.05,confounded,logger12_balanced,0,no_staged_training,-1.0492379665374756,0.01142783335124388,0.016576517536414186,-0.003101580744208863,0.3333333333333333,0.3333333333333333,0.0011484017143259847,0.0011484017143259847,0.0034452051429779544,0.004703431828571513,0.01433411118256478,0.12155014104768555,0.6245954692556634,0.0970873786407767,0.2783171521035599,0.8284789644012945,0.0744336569579288,0.0970873786407767,0.49609413743019104,0.09004943329355944,0.39506739377975464,0.07362044602632523,1.0763981767475521,False,0.001954949503564399,"(1, 0)",0.9831715210355987,True,,,
0.3,0.05,confounded,logger12_balanced,1,source_shuffle_initialization,-0.722690224647522,0.00994062754325685,0.015370074776662036,0.0021935451437438093,0.36245954692556637,0.36245954692556637,0.0013284061046985997,0.0013284061046985997,0.0036649775567131012,0.004606985428216159,0.013970473840112074,0.12306310315947999,0.5760517799352751,0.1423948220064725,0.2815533980582524,0.8284789644012945,0.0744336569579288,0.0970873786407767,0.5112708210945129,0.08910415836928552,0.5178324580192566,0.019413838163018227,1.0196035121642506,False,0.2651932216352887,"(0, 1)",0.9883495145631068,False,,,
0.3,0.05,confounded,logger12_balanced,1,no_staged_training,-1.007684350013733,0.01172992152069445,0.016624068621403053,0.007387303780817064,0.34627831715210355,0.34627831715210355,0.0011859068463810688,0.0011859068463810688,0.003424721640483647,0.004236910108500423,0.013970473840112074,0.11276291003451766,0.6084142394822006,0.10032362459546926,0.2912621359223301,0.8284789644012945,0.0744336569579288,0.0970873786407767,0.5004218816757202,0.09107549023834831,0.39941734075546265,0.07865549623966217,1.0818315628240753,False,0.001296262958972946,"(1, 0)",0.9857605177993527,True,,,
0.3,0.05,confounded,logger12_balanced,2,source_shuffle_initialization,-0.7560874819755554,0.011499734554065697,0.017886875278546942,0.0026628468302643832,0.43042071197411,0.43042071197411,0.001638208537071129,0.001638208537071129,0.003806063443270518,0.00546613876051669,0.014126171379406305,0.10204800439240545,0.511326860841424,0.12297734627831715,0.3656957928802589,0.8284789644012945,0.0744336569579288,0.0970873786407767,0.5007044672966003,0.09210868522691523,0.49503636360168457,0.02286163717508316,1.0231249672925573,False,0.2675987439023124,"(0, 1)",0.9883495145631068,False,,,
0.3,0.05,confounded,logger12_balanced,2,no_staged_training,-0.9972763061523438,0.011985036378635629,0.01826539717119115,0.0012509183999126281,0.4368932038834951,0.4368932038834951,0.0015908418594810204,0.0015908418594810204,0.0036412602561454463,0.005547818686956063,0.013939816538002692,0.08644910211340454,0.49514563106796117,0.13915857605177995,0.3656957928802589,0.8284789644012945,0.0744336569579288,0.0970873786407767,0.4949098229408264,0.0908569797684164,0.40196603536605835,0.09016791731119156,1.0943580299355598,False,0.0010477959704612418,"(1, 0)",0.9799352750809062,True,,,
0.3,0.05,confounded,logger12_balanced,3,source_shuffle_initialization,-0.7551847100257874,0.010302397444313525,0.015187814181664058,-0.0002775396007927044,0.34627831715210355,0.34627831715210355,0.0012122830074329106,0.0012122830074329106,0.0035008920495025173,0.00433168374883488,0.014126171379406305,0.1377849479796073,0.598705501618123,0.08414239482200647,0.31715210355987056,0.8284789644012945,0.0744336569579288,0.0970873786407767,0.5032013058662415,0.09349801385394935,0.5379915237426758,0.00820902083069086,1.0082428072299965,False,0.2670312314397759,"(0, 1)",0.9922330097087378,False,,,
0.3,0.05,confounded,logger12_balanced,3,no_staged_training,-1.0256093740463257,0.011339761869011407,0.015891584132705958,0.003969290546288176,0.32038834951456313,0.32038834951456313,0.0010778694151983015,0.0010778694151983015,0.003364259083800759,0.004041013553929318,0.010379546094254621,0.11100397330744623,0.6148867313915858,0.0970873786407767,0.28802588996763756,0.8284789644012945,0.0744336569579288,0.0970873786407767,0.5047853589057922,0.09215768294925024,0.4031769037246704,0.07702825218439102,1.0800725903715338,False,0.0021075194000554198,"(0, 1)",0.9870550161812298,False,,,
0.3,0.05,confounded,logger12_balanced,4,source_shuffle_initialization,-0.6635278463363647,0.01224651579658971,0.01880666393435195,-0.003936768326988437,0.39805825242718446,0.39805825242718446,0.001667471876562245,0.001667471876562245,0.004189014714290518,0.006079301946437887,0.014126171379406305,0.10327615717097645,0.5372168284789643,0.0744336569579288,0.3883495145631068,0.8284789644012945,0.0744336569579288,0.0970873786407767,0.4814450144767761,0.09028249358133986,0.5041382312774658,0.055032771080732346,1.0565752392206136,False,0.26839085560705933,"(0, 1)",0.9812297734627832,False,,,
0.3,0.05,confounded,logger12_balanced,4,no_staged_training,-0.9956062436103821,0.014425014671230672,0.020386857961787783,0.009064172580585029,0.3559870550161812,0.3559870550161812,0.0012826003353060681,0.0012826003353060681,0.0036029409419052276,0.004560706431421389,0.014126171379406305,0.11772360868695318,0.5631067961165048,0.11326860841423948,0.32362459546925565,0.8284789644012945,0.0744336569579288,0.0970873786407767,0.5003737807273865,0.09114095389057844,0.39593803882598877,0.09169311076402664,1.096028411141309,False,0.0021908361833436136,"(1, 0)",0.9737864077669903,True,,,
0.3,0.1,confounded,logger12_balanced,0,source_shuffle_initialization,-0.7406449317932129,0.010232657201262173,0.015453867453766059,0.0008861250907603638,0.3365695792880259,0.3365695792880259,0.001123142100730908,0.001123142100730908,0.003337027972363948,0.004049448363873508,0.01324648664276884,0.12204957881070763,0.6245954692556634,0.10355987055016182,0.27184466019417475,0.8284789644012945,0.0744336569579288,0.0970873786407767,0.4989297389984131,0.19152117893368978,0.537412166595459,4.3283637296553934e-07,1.0000004328364667,False,0.2631433847877715,"(0, 1)",1.0,False,,,
0.3,0.1,confounded,logger12_balanced,0,no_staged_training,-0.9112321734428406,0.010122331908048756,0.015439961618702142,-0.0013074996447704995,0.3042071197411003,0.3042071197411003,0.0010184824781109421,0.0010210891839931883,0.0033479902737902248,0.0040306939017694,0.01128598084899668,0.11802114646239187,0.6634304207119741,0.07119741100323625,0.2686084142394822,0.8284789644012945,0.0744336569579288,0.0970873786407767,0.49759870767593384,0.18998361017080842,0.38071319460868835,0.00017002808453980833,1.0001700425401339,False,0.00642897131496893,"(1, 0)",1.0,True,,,
0.3,0.1,confounded,logger12_balanced,1,source_shuffle_initialization,-0.7429471611976624,0.009952070341185488,0.01618326333753094,-3.8912056139506526e-05,0.3074433656957929,0.3074433656957929,0.0011269379622466174,0.0011269379622466174,0.003665514003517945,0.004339494531086528,0.014126171379406305,0.153517872161851,0.6343042071197411,0.0744336569579288,0.2912621359223301,0.8284789644012945,0.0744336569579288,0.0970873786407767,0.5011594295501709,0.19044598537797966,0.5386966466903687,0.0002332576987100765,1.0002332849054025,False,0.26490705601043174,"(0, 1)",0.9990291262135922,False,,,
0.3,0.1,confounded,logger12_balanced,1,no_staged_training,-0.8817561864852905,0.012365797253191074,0.017574572065091724,0.007862645542976988,0.33980582524271846,0.33980582524271846,0.0011911573191897853,0.0011911573191897853,0.0035054058250442253,0.004352961811952303,0.013970473840112074,0.1063308316431809,0.598705501618123,0.11326860841423948,0.28802588996763756,0.8284789644012945,0.0744336569579288,0.0970873786407767,0.5019021034240723,0.19273021515448643,0.3828502297401428,0.000955889408942312,1.000956346416828,False,0.0058404734118637745,"(1, 0)",0.9993527508090615,True,,,
0.3,0.1,confounded,logger12_balanced,2,source_shuffle_initialization,-0.6516811847686768,0.01095933285192893,0.017226476678757326,-0.0009426992721604134,0.4174757281553398,0.4174757281553398,0.0014744415230777612,0.0014744415230777612,0.0035318017878374283,0.004677047533635825,0.014110280799231933,0.1077503285230616,0.517799352750809,0.12944983818770225,0.35275080906148865,0.8284789644012945,0.0744336569579288,0.0970873786407767,0.5005331039428711,0.18943848699566115,0.5360862016677856,0.0015288458671420813,1.0015300151477922,False,0.2674018961687883,"(0, 1)",0.998705501618123,False,,,
0.3,0.1,confounded,logger12_balanced,2,no_staged_training,-0.83048415184021,0.015344105880948797,0.022784850479664272,-0.0021250525437346663,0.3559870550161812,0.3559870550161812,0.0012814795984309264,0.0012814795984309264,0.003599792690137784,0.00467012186052953,0.013939816538002692,0.10731879814937684,0.5598705501618123,0.10032362459546926,0.33980582524271846,0.8284789644012945,0.0744336569579288,0.0970873786407767,0.49611881375312805,0.1928444891866132,0.38085684180259705,0.001484413049183786,1.0014855153355826,False,0.006381085311461473,"(1, 0)",0.9954692556634305,True,,,
0.3,0.1,confounded,logger12_balanced,3,source_shuffle_initialization,-0.743313193321228,0.010458869779326387,0.015811201796178412,0.0036481821939313053,0.33980582524271846,0.33980582524271846,0.0011622679523737077,0.0011622679523737077,0.0034203885455569116,0.004077844250422479,0.013970473840112074,0.11995686596424635,0.6343042071197411,0.08090614886731391,0.284789644012945,0.8284789644012945,0.0744336569579288,0.0970873786407767,0.5007238388061523,0.19150718619506202,0.5386537313461304,0.0010641129920259118,1.0010646793611315,False,0.26775070668922535,"(0, 1)",0.9996763754045307,False,,,
0.3,0.1,confounded,logger12_balanced,3,no_staged_training,-0.9270004630088806,0.010197730220085919,0.015043115996201483,0.001555669838056514,0.32038834951456313,0.32038834951456313,0.001083102721747015,0.001083102721747015,0.003380593343634623,0.003868935754462477,0.013970473840112074,0.1275229374005866,0.6213592233009708,0.12297734627831715,0.255663430420712,0.8284789644012945,0.0744336569579288,0.0970873786407767,0.5033538937568665,0.1922363562854027,0.3976104259490967,7.061728683765978e-05,1.0000706197802969,False,0.0010253913494214907,"(0, 1)",1.0,False,,,
0.3,0.1,confounded,logger12_balanced,4,source_shuffle_initialization,-0.7557027339935303,0.012231300444861086,0.018876720671411995,-0.0012035297224732182,0.343042071197411,0.343042071197411,0.001351891996559298,0.001351891996559298,0.003940892706951161,0.005045454296489458,0.01647085027701145,0.1260119131437322,0.6084142394822006,0.08414239482200647,0.3074433656957929,0.8284789644012945,0.0744336569579288,0.0970873786407767,0.49978137016296387,0.19228149346803683,0.5404223203659058,0.00013052990834694356,1.0001305384277461,False,0.26787047808369,"(0, 1)",0.9993527508090615,False,,,
0.3,0.1,confounded,logger12_balanced,4,no_staged_training,-0.9157866835594177,0.011308037657608986,0.01757513240855642,0.001550662588843815,0.3333333333333333,0.3333333333333333,0.0012730109208207686,0.0012730109208207686,0.003819032762462306,0.004758931079014766,0.014126171379406305,0.12217835892117015,0.6116504854368932,0.06472491909385113,0.32362459546925565,0.8284789644012945,0.0744336569579288,0.0970873786407767,0.5014192461967468,0.19475854742305806,0.3806949853897095,0.0011544920271262527,1.0011551587095817,False,0.006700482392517141,"(1, 0)",0.9996763754045307,True,,,
0.3,0.0,independent_latents,logger12_balanced,0,source_shuffle_initialization,-1.1320818662643433,0.010395863864474216,0.01541397024591985,7.64617747741639e-05,0.313915857605178,0.313915857605178,0.0011053504162607012,0.0011053504162607012,0.0035211678208717178,0.004765856752121061,0.01128598084899668,0.11592136523976829,0.656957928802589,0.06796116504854369,0.2750809061488673,0.8284789644012945,0.0744336569579288,0.0970873786407767,0.5274836421012878,0.008483085785146208,0.043915778398513794,0.6513200998306274,1.9180712039441297,False,0.3454377097388108,"(1, 0)",0.5135922330097087,True,,,
0.3,0.0,independent_latents,logger12_balanced,0,no_staged_training,-1.547504186630249,0.011838132970065002,0.01624667512818114,0.003046887946073534,0.3042071197411003,0.3042071197411003,0.0010615245598082172,0.0010615245598082172,0.0034894796700078636,0.003957021838621876,0.01324648664276884,0.12251444159215304,0.656957928802589,0.08414239482200647,0.2588996763754045,0.8284789644012945,0.0744336569579288,0.0970873786407767,0.7858509421348572,0.008535292208776496,0.04369151219725609,0.498485267162323,1.6462257889224587,False,0.11876952686149786,"(0, 1)",0.5032362459546925,True,,,
0.3,0.0,independent_latents,logger12_balanced,1,source_shuffle_initialization,-1.169266700744629,0.009508259120749693,0.015263862462060445,3.3935391384687435e-05,0.3106796116504854,0.3106796116504854,0.0012241536430943596,0.0012241536430943596,0.003940244538709971,0.004586618575873386,0.014126171379406305,0.1402920173783931,0.6375404530744336,0.09061488673139159,0.27184466019417475,0.8284789644012945,0.0744336569579288,0.0970873786407767,0.42629408836364746,0.009581296900010758,0.03664138913154602,0.6350231170654297,1.8870657643772641,False,0.3450819126433796,"(1, 0)",0.5051779935275081,False,,,
0.3,0.0,independent_latents,logger12_balanced,1,no_staged_training,-1.5404188632965088,0.009867713907535592,0.016182032527957406,-0.0018596135017932877,0.284789644012945,0.284789644012945,0.0010055750308342304,0.0010055750308342304,0.0035309395969065588,0.0037480118342487325,0.013970473840112074,0.16678384618823253,0.6699029126213593,0.09385113268608414,0.23624595469255663,0.8284789644012945,0.0744336569579288,0.0970873786407767,0.8974031805992126,0.010419109621251884,0.004054906778037548,0.32476145029067993,1.3837005252491303,False,0.13256836781218667,"(0, 1)",0.5,False,,,
0.3,0.0,independent_latents,logger12_balanced,2,source_shuffle_initialization,-1.2149744033813477,0.011964186292237581,0.018329437673502043,0.002567121814222728,0.35275080906148865,0.35275080906148865,0.0012399946492299974,0.0012399946492299974,0.0035152141891015517,0.004410670264868786,0.013939816538002692,0.11217867617729582,0.6213592233009708,0.09385113268608414,0.284789644012945,0.8284789644012945,0.0744336569579288,0.0970873786407767,0.5354466438293457,0.010294533169941543,0.058249201625585556,0.6137915253639221,1.8474226865577763,False,0.34318798705935477,"(1, 0)",0.5184466019417475,True,,,
0.3,0.0,independent_latents,logger12_balanced,2,no_staged_training,-1.4603357315063477,0.011985662496408115,0.019028068551079465,0.0038474193778019507,0.3948220064724919,0.3948220064724919,0.0013952724548451055,0.0013952724548451055,0.003533927774976538,0.005167656144207911,0.014126171379406305,0.11917125089601928,0.5631067961165048,0.13268608414239483,0.3042071197411003,0.8284789644012945,0.0744336569579288,0.0970873786407767,0.13933192193508148,0.010552883287085316,0.10604456067085266,0.38414162397384644,1.4683533809978735,False,0.09798518112089519,"(0, 1)",0.501294498381877,False,,,
0.3,0.0,independent_latents,logger12_balanced,3,source_shuffle_initialization,-1.0682014226913452,0.017738086685150194,0.02402544184261274,0.01078770646544827,0.32038834951456313,0.32038834951456313,0.001119165967901662,0.001119165967901662,0.003493154384662763,0.004077627188009636,0.014035881187981936,0.1410360934196852,0.6375404530744336,0.11326860841423948,0.24919093851132687,0.8284789644012945,0.0744336569579288,0.0970873786407767,0.19605353474617004,0.05657680337611392,0.018285254016518593,0.2787706255912781,1.3215041898608098,False,0.3517161592013306,"(1, 0)",0.5,False,,,
0.3,0.0,independent_latents,logger12_balanced,3,no_staged_training,-1.5665723085403442,0.01019678664591999,0.015570638810490258,-0.0024261794799373807,0.26537216828478966,0.26537216828478966,0.0008355180276562195,0.0008355180276562195,0.003148476470070388,0.0034163480225340766,0.01128598084899668,0.14501755069082758,0.6634304207119741,0.09385113268608414,0.24271844660194175,0.8284789644012945,0.0744336569579288,0.0970873786407767,0.38908785581588745,0.007655626086893768,0.002693058690056205,0.6485170722007751,1.9127023254361064,False,0.13243567396033806,"(0, 1)",0.5029126213592233,False,,,
0.3,0.0,independent_latents,logger12_balanced,4,source_shuffle_initialization,-1.197411298751831,0.011580020368465236,0.01777940320103653,0.0017422589383386839,0.3042071197411003,0.3042071197411003,0.0010817557398309845,0.0010817557398309845,0.0035559842936997254,0.004048780633173353,0.014126171379406305,0.138719411332504,0.627831715210356,0.10032362459546926,0.27184466019417475,0.8284789644012945,0.0744336569579288,0.0970873786407767,0.3013285994529724,0.009050392699074162,0.03952717036008835,0.5715216398239136,1.7709597651491664,False,0.3474892573224173,"(1, 0)",0.503883495145631,False,,,
0.3,0.0,independent_latents,logger12_balanced,4,no_staged_training,-1.5505563020706177,0.010736475342784955,0.017151476118643736,0.0008610008569868555,0.3300970873786408,0.3300970873786408,0.0011662402433768653,0.0011662402433768653,0.0035330219137593277,0.004250804398749075,0.014126171379406305,0.13912791954733844,0.627831715210356,0.10032362459546926,0.27184466019417475,0.8284789644012945,0.0744336569579288,0.0970873786407767,0.9049287438392639,0.010364710445083747,0.015910033136606216,0.3002965748310089,1.350259201094131,False,0.12803002999618918,"(0, 1)",0.502588996763754,False,,,
0.3,0.002,independent_latents,logger12_balanced,0,source_shuffle_initialization,-1.1164792776107788,0.010242944987156154,0.01487756083245262,-1.8722627072797643e-05,0.3074433656957929,0.3074433656957929,0.0010551334563119305,0.0010551334563119305,0.0034319604000040685,0.0041287802615622435,0.010482391718363182,0.11145685594723194,0.6504854368932039,0.08414239482200647,0.26537216828478966,0.8284789644012945,0.0744336569579288,0.0970873786407767,0.6188777089118958,0.007611800397506082,0.030542809516191483,0.6339297294616699,1.88500359764223,False,0.349125999212265,"(1, 0)",0.5022653721682848,False,,,
0.3,0.002,independent_latents,logger12_balanced,0,no_staged_training,-1.5578930377960205,0.011314241634214888,0.016238111020505236,-0.004534016344759315,0.3106796116504854,0.3106796116504854,0.001064706184164202,0.001064706184164202,0.0034270230302785253,0.0037232356975918533,0.01496089766225106,0.15558716661549585,0.6504854368932039,0.11974110032362459,0.2297734627831715,0.8284789644012945,0.0744336569579288,0.0970873786407767,0.8189293146133423,0.009049059746574608,0.03587602451443672,0.45228418707847595,1.5718985983789258,False,0.1213746909054635,"(0, 1)",0.5003236245954693,False,,,
0.3,0.002,independent_latents,logger12_balanced,1,source_shuffle_initialization,-1.1904934644699097,0.009889060930280084,0.015174018922174428,0.0010694596431136383,0.28802588996763756,0.28802588996763756,0.001074073065691514,0.001074073065691514,0.0037290851381873913,0.0039596013867489776,0.01647085027701145,0.1655965308321191,0.656957928802589,0.08737864077669903,0.255663430420712,0.8284789644012945,0.0744336569579288,0.0970873786407767,0.3983454704284668,0.009981382298601913,0.01582694612443447,0.6235353946685791,1.865511717222717,False,0.35213408586051725,"(1, 0)",0.5058252427184466,False,,,
0.3,0.002,independent_latents,logger12_balanced,1,no_staged_training,-1.5454269647598267,0.010022022797008204,0.016384436221686102,-0.0011245767169301756,0.3074433656957929,0.3074433656957929,0.0010622314629939878,0.0010622314629939878,0.0034550476006857075,0.00387853919145904,0.013970473840112074,0.1482376853761984,0.6504854368932039,0.11650485436893204,0.23300970873786409,0.8284789644012945,0.0744336569579288,0.0970873786407767,0.8980525135993958,0.010579981620828204,0.0033645452931523323,0.32507312297821045,1.3841318541237955,False,0.13254687030592124,"(1, 0)",0.5003236245954693,True,,,
0.3,0.002,independent_latents,logger12_balanced,2,source_shuffle_initialization,-1.2751994132995605,0.010840980268528377,0.01711178657689856,0.0026956139511896972,0.3074433656957929,0.3074433656957929,0.0010450703089301976,0.0010450703089301976,0.0033992286890466425,0.003752413865282378,0.013939816538002692,0.12647967125798135,0.6440129449838188,0.08090614886731391,0.2750809061488673,0.8284789644012945,0.0744336569579288,0.0970873786407767,0.4189138412475586,0.008778098669936321,0.06674282997846603,0.6117343902587891,1.8436261947823271,False,0.3403729172216521,"(1, 0)",0.5346278317152103,False,,,
0.3,0.002,independent_latents,logger12_balanced,2,no_staged_training,-1.4444537162780762,0.013998144463947712,0.021000028817516374,0.001567066021500384,0.2977346278317152,0.2977346278317152,0.0009642467748517856,0.0009642467748517856,0.0032386114503174103,0.003588662053686773,0.013193563224136895,0.13352872180090297,0.6504854368932039,0.09385113268608414,0.255663430420712,0.8284789644012945,0.0744336569579288,0.0970873786407767,0.1443018913269043,0.02934720771172865,0.08442392945289612,0.3276651203632355,1.3877241739007131,False,0.10519207669553102,"(0, 1)",0.5006472491909385,True,,,
0.3,0.002,independent_latents,logger12_balanced,3,source_shuffle_initialization,-1.0898914337158203,0.011885797424588689,0.016627642102659494,0.0028272450413682963,0.3300970873786408,0.3300970873786408,0.0011518575537593342,0.0011518575537593342,0.0034894508246238656,0.004227421422599419,0.014035881187981936,0.13319049383852224,0.6245954692556634,0.10032362459546926,0.2750809061488673,0.8284789644012945,0.0744336569579288,0.0970873786407767,0.19650307297706604,0.023081743891412376,0.02175692282617092,0.37811553478240967,1.4595315597962306,False,0.3516076212128003,"(1, 0)",0.501294498381877,False,,,
0.3,0.002,independent_latents,logger12_balanced,3,no_staged_training,-1.593009352684021,0.009807802326739435,0.015035326273922761,0.0006523726165585012,0.313915857605178,0.313915857605178,0.0010675496177461534,0.0010675496177461534,0.003400750844160427,0.0038992440907306574,0.013970473840112074,0.13282828498417412,0.6245954692556634,0.08737864077669903,0.28802588996763756,0.8284789644012945,0.0744336569579288,0.0970873786407767,0.5317733883857727,0.007592750837604181,0.004273988306522369,0.6694164872169495,1.953097330809898,False,0.13190869967672725,"(0, 1)",0.5029126213592233,False,,,
0.3,0.002,independent_latents,logger12_balanced,4,source_shuffle_initialization,-1.2138203382492065,0.011517202975901569,0.01806366636476477,0.0020186450881901725,0.2912621359223301,0.2912621359223301,0.0009585059624356094,0.0009585059624356094,0.003290870471028926,0.003557664345630939,0.014126171379406305,0.13196994969132453,0.6375404530744336,0.11003236245954692,0.2524271844660194,0.8284789644012945,0.0744336569579288,0.0970873786407767,0.30923551321029663,0.009169450627301848,0.03809812292456627,0.5834271907806396,1.7921700262659963,False,0.3486063050727049,"(1, 0)",0.5048543689320388,False,,,
0.3,0.002,independent_latents,logger12_balanced,4,no_staged_training,-1.5505998134613037,0.012102507127085877,0.018298513410199134,0.00549988279869304,0.3074433656957929,0.3074433656957929,0.0011265476593511903,0.0011265476593511903,0.003664244491994924,0.004250804398749075,0.01324648664276884,0.13556482287263824,0.6537216828478964,0.08090614886731391,0.26537216828478966,0.8284789644012945,0.0744336569579288,0.0970873786407767,0.9008755683898926,0.009923551964070708,0.018845506012439728,0.30460309982299805,1.3560866651426693,False,0.12705153835719338,"(0, 1)",0.5,False,,,
0.3,0.005,independent_latents,logger12_balanced,0,source_shuffle_initialization,-1.1081491708755493,0.011028874813089772,0.016002918376959475,0.0010427664160207596,0.2977346278317152,0.2977346278317152,0.0009885165663595093,0.0009885165663595093,0.0033201262935335686,0.003899933489932649,0.01128598084899668,0.12186638950833821,0.6472491909385113,0.10032362459546926,0.2524271844660194,0.8284789644012945,0.0744336569579288,0.0970873786407767,0.46894127130508423,0.008189681358336372,0.03993726521730423,0.6393945217132568,1.895332948869855,False,0.34696215275261133,"(1, 0)",0.5135922330097087,False,,,
0.3,0.005,independent_latents,logger12_balanced,0,no_staged_training,-1.5255346298217773,0.013404866217170372,0.017492935328709606,0.004587203563909263,0.3042071197411003,0.3042071197411003,0.0009939930389163485,0.0009939930389163485,0.00326748775558672,0.0037232356975918533,0.013970473840112074,0.16017103976124955,0.6666666666666666,0.0970873786407767,0.23624595469255663,0.8284789644012945,0.0744336569579288,0.0970873786407767,0.8030365109443665,0.009847514743365,0.03191511332988739,0.47417566180229187,1.6066891961599727,False,0.12269499947976163,"(0, 1)",0.5016181229773463,True,,,
0.3,0.005,independent_latents,logger12_balanced,1,source_shuffle_initialization,-1.221445918083191,0.009919144299377588,0.015172543164520397,0.0017428706380078496,0.3042071197411003,0.3042071197411003,0.0011225195836341206,0.0011225195836341206,0.003689984588754716,0.003961559660496582,0.014126171379406305,0.14663403809773223,0.6504854368932039,0.0970873786407767,0.2524271844660194,0.8284789644012945,0.0744336569579288,0.0970873786407767,0.439660906791687,0.009480288794287943,0.044278811663389206,0.6489269137382507,1.913486390958231,False,0.34546522059374385,"(1, 0)",0.5058252427184466,True,,,
0.3,0.005,independent_latents,logger12_balanced,1,no_staged_training,-1.5032953023910522,0.010604427234603003,0.01691918245211029,-0.002530744748271604,0.29449838187702265,0.29449838187702265,0.0009956275314130483,0.0009956275314130483,0.0033807572220509005,0.003975397807267187,0.013970473840112074,0.1505101361165241,0.6893203883495146,0.09061488673139159,0.22006472491909385,0.8284789644012945,0.0744336569579288,0.0970873786407767,0.8642681837081909,0.010070852597484735,0.003964753821492195,0.39176326990127563,1.4795874070671882,False,0.13201178302386973,"(1, 0)",0.502588996763754,True,,,
0.3,0.005,independent_latents,logger12_balanced,2,source_shuffle_initialization,-1.2717032432556152,0.010526026976605207,0.016596785991843083,0.0006296973786400276,0.32038834951456313,0.32038834951456313,0.0009847922811483105,0.0009847922811483105,0.003073745604796242,0.0037083565692404004,0.013939816538002692,0.1294581169839545,0.6537216828478964,0.06796116504854369,0.2783171521035599,0.8284789644012945,0.0744336569579288,0.0970873786407767,0.3960186541080475,0.009283860389196163,0.051950566470623016,0.6007319092750549,1.8234529142063485,False,0.3426773420638508,"(1, 0)",0.5255663430420712,False,,,
0.3,0.005,independent_latents,logger12_balanced,2,no_staged_training,-1.4796675443649292,0.01233662355624307,0.018992756598489296,0.005010474912257595,0.3268608414239482,0.3268608414239482,0.0011105107018014359,0.0011105107018014359,0.003397503038184591,0.004402277621844595,0.009481088087252676,0.10180884546414452,0.5889967637540453,0.12944983818770225,0.2815533980582524,0.8284789644012945,0.0744336569579288,0.0970873786407767,0.09530902653932571,0.01693846091110915,0.09310223907232285,0.2837943434715271,1.328159757938796,False,0.1022992958494624,"(0, 1)",0.501294498381877,True,,,
0.3,0.005,independent_latents,logger12_balanced,3,source_shuffle_initialization,-1.099840521812439,0.011837525849583167,0.016948565221632565,0.0016517824912539506,0.35275080906148865,0.35275080906148865,0.0012359058356715832,0.0012359058356715832,0.0035036229653442126,0.004281400052757788,0.014035881187981936,0.13447631872321322,0.6051779935275081,0.10679611650485436,0.28802588996763756,0.8284789644012945,0.0744336569579288,0.0970873786407767,0.22209002077579498,0.019493660097806162,0.02306426130235195,0.4274127185344696,1.5332853464357892,False,0.3543166626658704,"(1, 0)",0.501294498381877,False,,,
0.3,0.005,independent_latents,logger12_balanced,3,no_staged_training,-1.5553953647613525,0.009739721853831578,0.015295528497017373,-0.0013297462265771537,0.3074433656957929,0.3074433656957929,0.0010640867912463004,0.0010640867912463004,0.003461082299948493,0.0038992440907306574,0.013970473840112074,0.13326054418422914,0.6116504854368932,0.10032362459546926,0.28802588996763756,0.8284789644012945,0.0744336569579288,0.0970873786407767,0.47543859481811523,0.007710880718135105,0.04858372360467911,0.6634063124656677,1.9413940790684434,False,0.11713878776129187,"(1, 0)",0.5071197411003237,False,,,
0.3,0.005,independent_latents,logger12_balanced,4,source_shuffle_initialization,-1.2181174755096436,0.011706468635461488,0.01798789504494928,0.0038676563802055425,0.2912621359223301,0.2912621359223301,0.0010552222808340337,0.0010552222808340337,0.0036229298308635156,0.0041679936495691,0.014126171379406305,0.14739490249549778,0.6666666666666666,0.08737864077669903,0.2459546925566343,0.8284789644012945,0.0744336569579288,0.0970873786407767,0.5126526951789856,0.008415712324457075,0.04039032757282257,0.6473761200904846,1.9105212681590973,False,0.3461731499267949,"(1, 0)",0.5087378640776699,False,,,
0.3,0.005,independent_latents,logger12_balanced,4,no_staged_training,-1.560957670211792,0.012193820887957046,0.018378105546078185,0.005745212516034294,0.3365695792880259,0.3365695792880259,0.0013036112319083544,0.0013036112319083544,0.0038732295255738606,0.004488237672352913,0.01609458020174248,0.13839939133202944,0.6181229773462783,0.10032362459546926,0.2815533980582524,0.8284789644012945,0.0744336569579288,0.0970873786407767,0.9055753350257874,0.010123614214311297,0.020826585590839386,0.29522863030433655,1.343433473180928,False,0.12639117895190194,"(0, 1)",0.5003236245954693,False,,,
0.3,0.01,independent_latents,logger12_balanced,0,source_shuffle_initialization,-1.1246531009674072,0.01086623124931837,0.015711137283880218,-0.0017615085566798818,0.31715210355987056,0.31715210355987056,0.0011103715533352808,0.0011103715533352808,0.0035010694895979775,0.004059421508777915,0.01324648664276884,0.12345328906079167,0.6245954692556634,0.10032362459546926,0.2750809061488673,0.8284789644012945,0.0744336569579288,0.0970873786407767,0.28787365555763245,0.009866127732723233,0.037260107696056366,0.5492761731147766,1.7319988966722428,False,0.3480048540565702,"(1, 0)",0.523948220064725,False,,,
0.3,0.01,independent_latents,logger12_balanced,0,no_staged_training,-1.5608632564544678,0.011142817536735596,0.01576493419153562,0.002709423029628146,0.32038834951456313,0.32038834951456313,0.001096844552817896,0.001096844552817896,0.0034234845133407064,0.0038935419128465635,0.01324648664276884,0.14413049113516693,0.6504854368932039,0.1262135922330097,0.22330097087378642,0.8284789644012945,0.0744336569579288,0.0970873786407767,0.6749076247215271,0.011046528349784679,0.04433543607592583,0.5856063961982727,1.7960797914400104,False,0.11855488997943826,"(0, 1)",0.5048543689320388,True,,,
0.3,0.01,independent_latents,logger12_balanced,1,source_shuffle_initialization,-1.1025630235671997,0.010928009352295669,0.016593950856405863,0.003785357919222452,0.3042071197411003,0.3042071197411003,0.0011303005814177532,0.0011303005814177532,0.003715562549554104,0.004045509822912939,0.014126171379406305,0.1523424742470123,0.656957928802589,0.07766990291262135,0.26537216828478966,0.8284789644012945,0.0744336569579288,0.0970873786407767,0.6665076017379761,0.011042161185089648,0.016349997371435165,0.6087203025817871,1.8380777097982814,False,0.3532037884824806,"(1, 0)",0.5197411003236246,False,,,
0.3,0.01,independent_latents,logger12_balanced,1,no_staged_training,-1.4809517860412598,0.010438966697958962,0.016184273896749188,-0.0014038696257256003,0.33980582524271846,0.33980582524271846,0.0011491306052270444,0.0011491306052270444,0.0033817272096681597,0.004497304547693658,0.013970473840112074,0.12627791568346394,0.6245954692556634,0.10355987055016182,0.27184466019417475,0.8284789644012945,0.0744336569579288,0.0970873786407767,0.7247632145881653,0.010683163829245786,0.004434671252965927,0.5640564560890198,1.7577884494297575,False,0.13270464865303613,"(0, 1)",0.501294498381877,True,,,
0.3,0.01,independent_latents,logger12_balanced,2,source_shuffle_initialization,-1.2081481218338013,0.011709957304278292,0.018661237035514415,-0.000718097709638046,0.31715210355987056,0.31715210355987056,0.0011187168142346026,0.0011187168142346026,0.0035273826081478796,0.0039491702943466045,0.013939816538002692,0.1181533587706042,0.6440129449838188,0.05177993527508091,0.3042071197411003,0.8284789644012945,0.0744336569579288,0.0970873786407767,0.36347946524620056,0.011785457869915741,0.06681174784898758,0.579169511795044,1.7845557626541377,False,0.34043084879716234,"(1, 0)",0.53915857605178,False,,,
0.3,0.01,independent_latents,logger12_balanced,2,no_staged_training,-1.412367582321167,0.01298123514123858,0.019970029135735368,-0.001021835758159955,0.28802588996763756,0.28802588996763756,0.0009098030750788817,0.0009098030750788817,0.003158754496622185,0.0034460116623311163,0.009481088087252676,0.12426844393351667,0.6504854368932039,0.11650485436893204,0.23300970873786409,0.8284789644012945,0.0744336569579288,0.0970873786407767,0.08252201229333878,0.029575061881981744,0.07915961742401123,0.23518767952919006,1.2651461884937936,False,0.10694685261729053,"(0, 1)",0.510032362459547,True,,,
0.3,0.01,independent_latents,logger12_balanced,3,source_shuffle_initialization,-1.1176241636276245,0.010598700804174696,0.016022413327759423,0.0008694439007151216,0.31715210355987056,0.31715210355987056,0.001053201301610692,0.001053201301610692,0.0033208081856908557,0.003931300180744301,0.014035881187981936,0.1395932517428117,0.6245954692556634,0.0970873786407767,0.2783171521035599,0.8284789644012945,0.0744336569579288,0.0970873786407767,0.3828449845314026,0.009760366167990028,0.03756631538271904,0.6176882386207581,1.8546356072463275,False,0.348598226159811,"(1, 0)",0.5310679611650485,False,,,
0.3,0.01,independent_latents,logger12_balanced,3,no_staged_training,-1.561299204826355,0.0101892079152852,0.015478633306933819,0.002012189874193718,0.32038834951456313,0.32038834951456313,0.0010591435759131468,0.0010591435759131468,0.0033058117672440644,0.003996235436472161,0.01128598084899668,0.11755276077587233,0.6116504854368932,0.0970873786407767,0.2912621359223301,0.8284789644012945,0.0744336569579288,0.0970873786407767,0.3270081579685211,0.009061116115233164,0.054605014622211456,0.5948190689086914,1.8127029409666637,False,0.11513169089326777,"(1, 0)",0.5132686084142395,True,,,
0.3,0.01,independent_latents,logger12_balanced,4,source_shuffle_initialization,-1.1678318977355957,0.012057291267614605,0.018458372583180543,0.004691667512199389,0.2912621359223301,0.2912621359223301,0.0010459402900259496,0.0010459402900259496,0.0035910616624224272,0.00387853919145904,0.01496089766225106,0.14602401297753,0.6375404530744336,0.10032362459546926,0.2621359223300971,0.8284789644012945,0.0744336569579288,0.0970873786407767,0.2132737636566162,0.010312463128735736,0.04504172503948212,0.4728010892868042,1.6044822025338905,False,0.3466306395828724,"(1, 0)",0.5093851132686085,False,,,
0.3,0.01,independent_latents,logger12_balanced,4,no_staged_training,-1.523174524307251,0.012221512018520501,0.01865797745682735,0.0044026958333476815,0.3300970873786408,0.3300970873786408,0.001269542935683143,0.001269542935683143,0.0038459683051577567,0.0045122654890468175,0.01324648664276884,0.1291121937362603,0.656957928802589,0.08737864077669903,0.255663430420712,0.8284789644012945,0.0744336569579288,0.0970873786407767,0.8206977844238281,0.011170592603247282,0.03952951356768608,0.43378153443336487,1.54308172106776,False,0.12015686719010203,"(0, 1)",0.5058252427184466,True,,,
0.3,0.02,independent_latents,logger12_balanced,0,source_shuffle_initialization,-0.9419735074043274,0.010901099352327605,0.01583292491338839,0.0013099281298179922,0.30097087378640774,0.30097087378640774,0.0011032971832238465,0.0011032971832238465,0.0036657938668405226,0.0047410462005800895,0.01128598084899668,0.10918811970443652,0.627831715210356,0.0744336569579288,0.2977346278317152,0.8284789644012945,0.0744336569579288,0.0970873786407767,0.40687721967697144,0.015402614476578704,0.07466649264097214,0.5711736083030701,1.7703435225708901,False,0.3419287321468194,"(1, 0)",0.5851132686084143,False,,,
0.3,0.02,independent_latents,logger12_balanced,0,no_staged_training,-1.3241243362426758,0.011964312974817135,0.016835297581033946,0.0027023886200828987,0.3365695792880259,0.3365695792880259,0.0012075214554037607,0.0012075214554037607,0.0035877320165361736,0.005173178146318946,0.015714977873079405,0.11798304070397062,0.6213592233009708,0.08414239482200647,0.29449838187702265,0.8284789644012945,0.0744336569579288,0.0970873786407767,0.5247435569763184,0.015982657467723045,0.014989851042628288,0.5964099764823914,1.8155890789850004,False,0.1283367556435414,"(0, 1)",0.5258899676375405,True,,,
0.3,0.02,independent_latents,logger12_balanced,1,source_shuffle_initialization,-0.9378706812858582,0.010846060017733476,0.01655013515305882,0.001200025393943235,0.34627831715210355,0.34627831715210355,0.0013125474407090173,0.0013125474407090173,0.003790440739991461,0.00450887429689235,0.014126171379406305,0.1282931873494272,0.6019417475728155,0.11326860841423948,0.284789644012945,0.8284789644012945,0.0744336569579288,0.0970873786407767,0.5422119498252869,0.015284302942278727,0.019685804843902588,0.6018668413162231,1.8255235841568156,False,0.351510085662206,"(1, 0)",0.5896440129449838,False,,,
0.3,0.02,independent_latents,logger12_balanced,1,no_staged_training,-1.2255340814590454,0.011187856292971867,0.01654440058103716,-0.00226251459185272,0.3300970873786408,0.3300970873786408,0.001176534118980741,0.001176534118980741,0.003564206301618127,0.00450887429689235,0.013970473840112074,0.12539944956129753,0.656957928802589,0.10032362459546926,0.24271844660194175,0.8284789644012945,0.0744336569579288,0.0970873786407767,0.6378567814826965,0.016383510224926116,0.016888510435819626,0.57938551902771,1.7849412812418695,False,0.12770387049850038,"(0, 1)",0.5524271844660195,True,,,
0.3,0.02,independent_latents,logger12_balanced,2,source_shuffle_initialization,-0.9841534495353699,0.012312834683265075,0.018756492829741664,0.004584486651515772,0.34951456310679613,0.34951456310679613,0.00123994120164521,0.00123994120164521,0.003547609549151573,0.004402277621844595,0.013939816538002692,0.1092153513093093,0.6084142394822006,0.07119741100323625,0.32038834951456313,0.8284789644012945,0.0744336569579288,0.0970873786407767,0.5419319272041321,0.01670770792237499,0.03020676225423813,0.5688953399658203,1.7663147959800716,False,0.34973220245705705,"(1, 0)",0.6317152103559871,False,,,
0.3,0.02,independent_latents,logger12_balanced,2,no_staged_training,-1.1995465755462646,0.013560016390281837,0.01975846385301074,0.005078499927957234,0.3074433656957929,0.3074433656957929,0.0009799978606921094,0.0009799978606921094,0.0031875719889880192,0.0037920616661262217,0.00907889974560483,0.11027757766077206,0.6504854368932039,0.11326860841423948,0.23624595469255663,0.8284789644012945,0.0744336569579288,0.0970873786407767,0.20108991861343384,0.016080151931296967,0.016739947721362114,0.4416190981864929,1.555223240246455,False,0.1277533889073113,"(0, 1)",0.5540453074433657,True,,,
0.3,0.02,independent_latents,logger12_balanced,3,source_shuffle_initialization,-0.9228407740592957,0.01115329796471138,0.016339966743489812,-0.001199038455740493,0.3559870550161812,0.3559870550161812,0.001248711208187517,0.001248711208187517,0.0035077433029994795,0.004388810340978821,0.014035881187981936,0.11846922016840179,0.598705501618123,0.10679611650485436,0.29449838187702265,0.8284789644012945,0.0744336569579288,0.0970873786407767,0.3354579508304596,0.0146549892053575,0.02884642407298088,0.5563661456108093,1.7443223560843215,False,0.35163942732744746,"(1, 0)",0.5598705501618123,False,,,
0.3,0.02,independent_latents,logger12_balanced,3,no_staged_training,-1.2650175094604492,0.011775899702917585,0.016775485708143315,-0.0028961196641134196,0.24271844660194175,0.24271844660194175,0.0007181594299351541,0.0007181594299351541,0.002958816851332835,0.0031326441927955516,0.01128598084899668,0.1687157097410482,0.6893203883495146,0.07766990291262135,0.23300970873786409,0.8284789644012945,0.0744336569579288,0.0970873786407767,0.44599318504333496,0.013390423756020804,0.04880940914154053,0.6045466661453247,1.8304222284063756,False,0.11706355827175455,"(1, 0)",0.594822006472492,False,,,
0.3,0.02,independent_latents,logger12_balanced,4,source_shuffle_initialization,-0.9271019101142883,0.012799829661208927,0.019887207097413772,0.004559289000939758,0.29449838187702265,0.29449838187702265,0.0011109486350582747,0.0011109486350582747,0.0037723420684945812,0.004494008934072191,0.014126171379406305,0.13086098787226072,0.6731391585760518,0.06796116504854369,0.2588996763754045,0.8284789644012945,0.0744336569579288,0.0970873786407767,0.5654037594795227,0.01516549745249516,0.0404655784368515,0.5797016024589539,1.7855055607816217,False,0.34810644230908816,"(1, 0)",0.5579288025889968,False,,,
0.3,0.02,independent_latents,logger12_balanced,4,no_staged_training,-1.289726734161377,0.012458331940777284,0.01755510307108817,0.005376432964300851,0.2977346278317152,0.2977346278317152,0.0010150033058594107,0.0010150033058594107,0.0034090871903321514,0.004130389841225844,0.014126171379406305,0.12982498476183083,0.6634304207119741,0.04854368932038835,0.28802588996763756,0.8284789644012945,0.0744336569579288,0.0970873786407767,0.5856263041496277,0.013674131554640468,0.05708838626742363,0.5943548083305359,1.8118615697741167,False,0.11430389987649131,"(0, 1)",0.537864077669903,True,,,
0.3,0.05,independent_latents,logger12_balanced,0,source_shuffle_initialization,-0.5906621813774109,0.010328798715453613,0.015759071980228342,0.0006419620955021065,0.2621359223300971,0.2588996763754045,0.0008742977442844395,0.0008854628079480268,0.0033769750372986476,0.0035674358299208277,0.01128598084899668,0.13778709335457337,0.6925566343042071,0.0744336569579288,0.23624595469255663,0.8284789644012945,0.0744336569579288,0.0970873786407767,0.5020245313644409,0.09258325275368758,0.01003116276115179,0.009195688180625439,1.0092380984186125,False,0.35438592905799543,"(0, 1)",0.9889967637540453,False,,,
0.3,0.05,independent_latents,logger12_balanced,0,no_staged_training,-0.8517622351646423,0.011136909614252422,0.016306449146757124,-0.0004624531472347516,0.37540453074433655,0.37540453074433655,0.0014666795573609153,0.0014666795573609153,0.003906930889866576,0.00556615064844923,0.01433411118256478,0.11260306979123881,0.5857605177993528,0.08090614886731391,0.3333333333333333,0.8284789644012945,0.0744336569579288,0.0970873786407767,0.49819543957710266,0.09037082961977884,0.004845569841563702,0.050710681825876236,1.0520184811832305,False,0.13171818179531697,"(0, 1)",0.9893203883495145,True,,,
0.3,0.05,independent_latents,logger12_balanced,1,source_shuffle_initialization,-0.6321032643318176,0.010032676568906922,0.016293207430740787,0.0028168731221403483,0.343042071197411,0.343042071197411,0.0012480454829460756,0.0012480454829460756,0.003638170322927711,0.00492108420206536,0.014126171379406305,0.13204723099721255,0.6181229773462783,0.09385113268608414,0.28802588996763756,0.8284789644012945,0.0744336569579288,0.0970873786407767,0.5015903115272522,0.09150397444761733,0.010290995240211487,0.009688371792435646,1.009735456000022,False,0.3555781324704488,"(0, 1)",0.9896440129449838,False,,,
0.3,0.05,independent_latents,logger12_balanced,1,no_staged_training,-0.9074810147285461,0.009671652273545248,0.015034881994541607,-0.0034442546320108793,0.30097087378640774,0.30097087378640774,0.0009696056685931208,0.0009696056685931208,0.0032215930279061757,0.0036178493325654134,0.013970473840112074,0.1483549720106941,0.6375404530744336,0.11326860841423948,0.24919093851132687,0.8284789644012945,0.0744336569579288,0.0970873786407767,0.4951466917991638,0.0924168308922589,0.0016943570226430893,0.025914514437317848,1.026253214889989,False,0.13276857421784347,"(1, 0)",0.9880258899676375,True,,,
0.3,0.05,independent_latents,logger12_balanced,2,source_shuffle_initialization,-0.5985828638076782,0.010663049986409377,0.01664804850286512,0.0004075335660545608,0.33980582524271846,0.33980582524271846,0.0011289961877952468,0.0011289961877952468,0.003322474495511726,0.0038873378446303334,0.013939816538002692,0.11994780443415318,0.6181229773462783,0.07766990291262135,0.3042071197411003,0.8284789644012945,0.0744336569579288,0.0970873786407767,0.5022898316383362,0.09231220391281966,0.015108074061572552,0.021113023161888123,1.0213374799057056,False,0.35430954363611006,"(0, 1)",0.9896440129449838,False,,,
0.3,0.05,independent_latents,logger12_balanced,2,no_staged_training,-0.8241698145866394,0.012102922180396956,0.018361065964730795,0.0006381314236729204,0.32038834951456313,0.32038834951456313,0.0010146903054479132,0.0010146903054479132,0.0031670636806404562,0.0038873378446303334,0.013939816538002692,0.1302664945208285,0.6472491909385113,0.09061488673139159,0.2621359223300971,0.8284789644012945,0.0744336569579288,0.0970873786407767,0.49644187092781067,0.09254370571385928,0.0022904393263161182,0.03156192973256111,1.0320652891438933,False,0.13256988069186929,"(1, 0)",0.9854368932038835,True,,,
0.3,0.05,independent_latents,logger12_balanced,3,source_shuffle_initialization,-0.5232424139976501,0.01038839938736688,0.015329707451077325,-0.0009452063304486124,0.32038834951456313,0.32038834951456313,0.001102262475084529,0.001102262475084529,0.0034403949979911054,0.004273799298861469,0.013970473840112074,0.12000713684347968,0.6310679611650486,0.10679611650485436,0.2621359223300971,0.8284789644012945,0.0744336569579288,0.0970873786407767,0.5003301501274109,0.09292535149465171,0.0191887766122818,0.02460528537631035,1.0249104935138202,False,0.35578775083025294,"(0, 1)",0.9944983818770227,False,,,
0.3,0.05,independent_latents,logger12_balanced,3,no_staged_training,-0.8493478894233704,0.011620490614032378,0.01646094114323554,-0.007038447096319992,0.32038834951456313,0.32038834951456313,0.00102903865272082,0.00102903865272082,0.003211847916068014,0.0041415123272901845,0.009481088087252676,0.10751093358854436,0.6148867313915858,0.10679611650485436,0.2783171521035599,0.8284789644012945,0.0744336569579288,0.0970873786407767,0.5003902912139893,0.0903179317688477,0.0013969790888950229,0.03958115726709366,1.0403749294448614,False,0.1329601766235178,"(1, 0)",0.9919093851132686,False,,,
0.3,0.05,independent_latents,logger12_balanced,4,source_shuffle_initialization,-0.597460150718689,0.012432787652857253,0.0184934551518767,0.004616165947087751,0.32362459546925565,0.32362459546925565,0.001113605026718144,0.001113605026718144,0.003441039532559065,0.003931300180744301,0.014126171379406305,0.14634498112116448,0.6181229773462783,0.08737864077669903,0.29449838187702265,0.8284789644012945,0.0744336569579288,0.0970873786407767,0.5034616589546204,0.09272681608916651,0.011997110210359097,0.020600924268364906,1.02081458800994,False,0.356067596293158,"(1, 0)",0.9825242718446602,False,,,
0.3,0.05,independent_latents,logger12_balanced,4,no_staged_training,-0.9210973978042603,0.012141542719825392,0.01820592373358675,0.005543848753651027,0.313915857605178,0.313915857605178,0.0010788091867423848,0.0010788091867423848,0.003436618955705123,0.004045509822912939,0.014126171379406305,0.13996204503158613,0.656957928802589,0.07119741100323625,0.27184466019417475,0.8284789644012945,0.0744336569579288,0.0970873786407767,0.5046268701553345,0.09151658822656152,0.0034899418242275715,0.03815949335694313,1.0388969168221842,False,0.13217004593803444,"(0, 1)",0.9789644012944984,True,,,
0.3,0.1,independent_latents,logger12_balanced,0,source_shuffle_initialization,-0.565365195274353,0.0107405978391466,0.015841865367122246,-0.001977859655185394,0.2977346278317152,0.2977346278317152,0.0010118739645220572,0.0010118739645220572,0.003398576685188214,0.003934252331126318,0.01128598084899668,0.12663012767781667,0.6666666666666666,0.08737864077669903,0.2459546925566343,0.8284789644012945,0.0744336569579288,0.0970873786407767,0.49637410044670105,0.19137160295296693,0.009648807346820831,1.543875077913981e-05,1.0000154388699574,False,0.3544564169314172,"(0, 1)",1.0,False,,,
0.3,0.1,independent_latents,logger12_balanced,0,no_staged_training,-0.791733980178833,0.010958265659343325,0.016223597677763914,-0.00552868805030027,0.2783171521035599,0.2783171521035599,0.0009214495776507302,0.0009214495776507302,0.0033107897615590187,0.0037398647828393193,0.01128598084899668,0.12229495409950629,0.6601941747572816,0.10032362459546926,0.23948220064724918,0.8284789644012945,0.0744336569579288,0.0970873786407767,0.501314103603363,0.1928253161305311,0.0027315071783959866,0.0009037012932822108,1.000904109754329,False,0.13321673486664307,"(1, 0)",0.9993527508090615,True,,,
0.3,0.1,independent_latents,logger12_balanced,1,source_shuffle_initialization,-0.5763968825340271,0.009607410403023072,0.015388282420154801,0.0027414177200965353,0.3106796116504854,0.3106796116504854,0.0010233297024726054,0.0010233297024726054,0.0032938424798336988,0.0035318475010446245,0.014035881187981936,0.14493996848415647,0.6472491909385113,0.11326860841423948,0.23948220064724918,0.8284789644012945,0.0744336569579288,0.0970873786407767,0.49995157122612,0.19150144913735848,0.012018999084830284,0.0002498343528714031,1.0002498655640726,False,0.354284178548389,"(0, 1)",0.9990291262135922,False,,,
0.3,0.1,independent_latents,logger12_balanced,1,no_staged_training,-0.7018447518348694,0.010357170684667039,0.016502507151866696,-9.669898676171088e-05,0.31715210355987056,0.31715210355987056,0.0010823376008622767,0.0010823376008622767,0.0034126767210861577,0.003917515759447275,0.013970473840112074,0.127852273804107,0.6181229773462783,0.11650485436893204,0.26537216828478966,0.8284789644012945,0.0744336569579288,0.0970873786407767,0.5006588697433472,0.1896385603713842,0.0022435090504586697,0.001090354984626174,1.0010909496377305,False,0.13258553530660133,"(0, 1)",1.0,True,,,
0.3,0.1,independent_latents,logger12_balanced,2,source_shuffle_initialization,-0.5806398391723633,0.01060551635695475,0.01669343965216856,-0.0023012737774657384,0.3333333333333333,0.3333333333333333,0.0010175077354201841,0.0010175077354201841,0.0030525232062605526,0.0037398647828393193,0.013939816538002692,0.12529571019442534,0.6148867313915858,0.1262135922330097,0.2588996763754045,0.8284789644012945,0.0744336569579288,0.0970873786407767,0.5004740953445435,0.19048057778073438,0.012769941240549088,0.0002285326481796801,1.0002285587637547,False,0.35616507720616125,"(0, 1)",0.9990291262135922,False,,,
0.3,0.1,independent_latents,logger12_balanced,2,no_staged_training,-0.7951706051826477,0.011439070354663365,0.017719573756395757,0.0019419212329813411,0.36245954692556637,0.36245954692556637,0.0012627001507992627,0.0012627001507992627,0.003483699523187251,0.004548532990409803,0.013939816538002692,0.11465062984360706,0.56957928802589,0.0970873786407767,0.3333333333333333,0.8284789644012945,0.0744336569579288,0.0970873786407767,0.4979592263698578,0.19142839342851822,0.0024965808261185884,0.0007746215560473502,1.000774921652807,False,0.13250116630151448,"(1, 0)",0.9990291262135922,True,,,
0.3,0.1,independent_latents,logger12_balanced,3,source_shuffle_initialization,-0.4747024178504944,0.01001361143903769,0.015235396237579463,0.000502847600932965,0.3268608414239482,0.3268608414239482,0.0010565005281517165,0.0010565005281517165,0.0032322639920681225,0.0039491702943466045,0.013970473840112074,0.1342174292224956,0.627831715210356,0.11003236245954692,0.2621359223300971,0.8284789644012945,0.0744336569579288,0.0970873786407767,0.5011299848556519,0.19161250653857662,0.01569339446723461,9.757766383700073e-05,1.000097582424692,False,0.35679019374979865,"(1, 0)",1.0,False,,,
0.3,0.1,independent_latents,logger12_balanced,3,no_staged_training,-0.8072277903556824,0.010261509561606898,0.015331668637323353,-0.004491019329770234,0.313915857605178,0.313915857605178,0.0010144733507408922,0.0010144733507408922,0.0032316728389580997,0.003752413865282378,0.014035881187981936,0.1399863870470017,0.6213592233009708,0.10679611650485436,0.27184466019417475,0.8284789644012945,0.0744336569579288,0.0970873786407767,0.4998944401741028,0.19112832426158363,0.0013797235442325473,0.00010258897236781195,1.0001025942347963,False,0.13306828620851774,"(1, 0)",1.0,False,,,
0.3,0.1,independent_latents,logger12_balanced,4,source_shuffle_initialization,-0.5428059697151184,0.010949886228441327,0.017397244251290994,-0.0007599954428884613,0.3106796116504854,0.3106796116504854,0.0011022674292103633,0.0011022674292103633,0.003547923287770857,0.0039596013867489776,0.014126171379406305,0.14110403797926796,0.6375404530744336,0.09385113268608414,0.2686084142394822,0.8284789644012945,0.0744336569579288,0.0970873786407767,0.49854928255081177,0.19051467751362702,0.016169866546988487,0.0005199196166358888,1.0005200547982667,False,0.3545557422770394,"(0, 1)",1.0,False,,,
0.3,0.1,independent_latents,logger12_balanced,4,no_staged_training,-0.7901150584220886,0.01274449952283821,0.01953711045308369,0.004744818373536055,0.3365695792880259,0.3365695792880259,0.0013479906767327502,0.0013479906767327502,0.004005087683754036,0.005556581292656837,0.01609458020174248,0.1204819281157173,0.6181229773462783,0.09385113268608414,0.28802588996763756,0.8284789644012945,0.0744336569579288,0.0970873786407767,0.5060622692108154,0.19287858636002508,0.002872516866773367,0.0005415108753368258,1.0005416575188193,False,0.13237585414036235,"(0, 1)",1.0,True,,,
