variant,outer_iteration,epoch,optimizer_updates,training_loss,validation_loss,gradient_norm_mean,prediction_count,prediction_mean,prediction_std,prediction_min,prediction_max,prediction_p99,target_count,target_mean,target_std,target_min,target_max,target_p99,cached_target_blake2b_128,wall_seconds_cumulative,gradient_norm_max
reward_only,0,0,0,9.501808733704447,8.838572544016937,5.896757927248299,127872,-5.8644899247073956e-08,5.2120563877682587e-08,-1.8704447768413957e-07,8.179172539257706e-08,5.68006868206794e-08,127872,2.9844415663914927,0.7713085944305687,0.8641772270202637,5.546590805053711,5.00766571521759,f1ba2c4a1f22ea0cefadaf9f2b405be0,0.0,
reward_only,1,1,125,8.864416278839112,5.22696998800563,7.726260073355638,127872,0.7312132348487101,0.24552525301978653,0.2146919220685959,1.5419354438781738,1.2361102104187012,127872,2.9844415663914927,0.7713085944305687,0.8641772270202637,5.546590805053711,5.00766571521759,f1ba2c4a1f22ea0cefadaf9f2b405be0,0.8625975690083578,18.383704562951444
reward_only,1,2,250,0.8584730106592179,0.11793614429997093,6.157279212253726,127872,2.9302811655351095,0.8475766013565316,0.8886396288871765,6.03788423538208,5.499141216278076,127872,2.9844415663914927,0.7713085944305687,0.8641772270202637,5.546590805053711,5.00766571521759,f1ba2c4a1f22ea0cefadaf9f2b405be0,1.190151912975125,21.419491901881806
reward_only,1,3,375,0.08978508651256562,0.08163074409545036,0.49356693141211405,127872,2.957799236952524,0.8058444512611332,0.9331905841827393,5.862605094909668,5.265657901763916,127872,2.9844415663914927,0.7713085944305687,0.8641772270202637,5.546590805053711,5.00766571521759,f1ba2c4a1f22ea0cefadaf9f2b405be0,1.5110612240387127,0.9159675761258684
reward_only,1,4,500,0.05559377145767212,0.06591511049911322,0.3278875324901485,127872,2.964790633466613,0.7972895938299469,0.9173751473426819,5.680479049682617,5.237154960632324,127872,2.9844415663914927,0.7713085944305687,0.8641772270202637,5.546590805053711,5.00766571521759,f1ba2c4a1f22ea0cefadaf9f2b405be0,1.845908456016332,0.6365832332296282
reward_only,1,5,625,0.03941791686415672,0.05438462099051966,0.25181956581879594,127872,2.96904334902961,0.791602217230167,0.9113731384277344,5.586055755615234,5.2455668449401855,127872,2.9844415663914927,0.7713085944305687,0.8641772270202637,5.546590805053711,5.00766571521759,f1ba2c4a1f22ea0cefadaf9f2b405be0,2.1669984810287133,0.6149299358612607
reward_only,2,6,750,0.02959851460158825,0.04502804400102346,0.21434397501650085,127872,2.975084608644005,0.7870345327685041,0.9261360168457031,5.543178081512451,5.188114643096924,127872,2.9844415663914927,0.7713085944305687,0.8641772270202637,5.546590805053711,5.00766571521759,f1ba2c4a1f22ea0cefadaf9f2b405be0,2.51471263600979,0.7453679164378139
reward_only,2,7,875,0.02312427146732807,0.03810379511829294,0.18028708176293057,127872,2.97662970397269,0.7833307715663049,0.9447690844535828,5.530694007873535,5.123201847076416,127872,2.9844415663914927,0.7713085944305687,0.8641772270202637,5.546590805053711,5.00766571521759,f1ba2c4a1f22ea0cefadaf9f2b405be0,2.8489382000407204,0.6579257451172422
reward_only,2,8,1000,0.018665615417063235,0.032644261843141655,0.15575263780180054,127872,2.9784829013750658,0.7804168167280522,0.9659453630447388,5.535876750946045,5.082064151763916,127872,2.9844415663914927,0.7713085944305687,0.8641772270202637,5.546590805053711,5.00766571521759,f1ba2c4a1f22ea0cefadaf9f2b405be0,3.18083031300921,0.5648004433887981
reward_only,2,9,1125,0.015442352570593357,0.02837742155020659,0.13697062233381338,127872,2.979551029805508,0.7781623374517043,0.9766814708709717,5.535426139831543,5.0566253662109375,127872,2.9844415663914927,0.7713085944305687,0.8641772270202637,5.546590805053711,5.00766571521759,f1ba2c4a1f22ea0cefadaf9f2b405be0,3.5205188379622996,0.4869172769837744
reward_only,2,10,1250,0.013039597950875758,0.024804791812240653,0.12207194537892134,127872,2.9802076266705617,0.7764226457763714,0.9818694591522217,5.535025596618652,5.044856548309326,127872,2.9844415663914927,0.7713085944305687,0.8641772270202637,5.546590805053711,5.00766571521759,f1ba2c4a1f22ea0cefadaf9f2b405be0,3.862507796031423,0.4268725165416593
reward_only,3,11,1375,0.011162664957344533,0.021849773197253196,0.1037659351563878,127872,2.981126827901011,0.776422167548344,0.9815470576286316,5.54904317855835,5.050553321838379,127872,2.9844415663914927,0.7713085944305687,0.8641772270202637,5.546590805053711,5.00766571521759,f1ba2c4a1f22ea0cefadaf9f2b405be0,4.2250206880271435,0.25218122848991226
reward_only,3,12,1500,0.009652186848223209,0.019442532270954407,0.09594422470295057,127872,2.9813977818021566,0.7751549226240624,0.977295994758606,5.547261714935303,5.044826030731201,127872,2.9844415663914927,0.7713085944305687,0.8641772270202637,5.546590805053711,5.00766571521759,f1ba2c4a1f22ea0cefadaf9f2b405be0,4.561554459971376,0.236900755517505
reward_only,3,13,1625,0.008411861758679152,0.017384332688542663,0.08987553807464557,127872,2.9818408299951598,0.7742778232904536,0.9742441177368164,5.547489166259766,5.035530090332031,127872,2.9844415663914927,0.7713085944305687,0.8641772270202637,5.546590805053711,5.00766571521759,f1ba2c4a1f22ea0cefadaf9f2b405be0,4.90347526804544,0.22391128977200955
reward_only,3,14,1750,0.007357116028666497,0.015502202245923932,0.08399808803575734,127872,2.982326549758484,0.7736330558804192,0.9694979190826416,5.545346736907959,5.035067081451416,127872,2.9844415663914927,0.7713085944305687,0.8641772270202637,5.546590805053711,5.00766571521759,f1ba2c4a1f22ea0cefadaf9f2b405be0,5.241439683013596,0.21030579170016375
reward_only,3,15,1875,0.006475614219903946,0.013952798435537622,0.07835977493342106,127872,2.9828815115494534,0.7731324712878267,0.9661415815353394,5.544134140014648,5.039681911468506,127872,2.9844415663914927,0.7713085944305687,0.8641772270202637,5.546590805053711,5.00766571521759,f1ba2c4a1f22ea0cefadaf9f2b405be0,5.57685535098426,0.19525093297976406
reward_only,4,16,2000,0.005742197830229998,0.012749971237332925,0.06803160506570269,127872,2.982633623563488,0.7735509083178237,0.960697591304779,5.540327072143555,5.037042617797852,127872,2.9844415663914927,0.7713085944305687,0.8641772270202637,5.546590805053711,5.00766571521759,f1ba2c4a1f22ea0cefadaf9f2b405be0,5.936946316971444,0.15603167411862495
reward_only,4,17,2125,0.00511528292298317,0.011664223716304755,0.064309961091285,127872,2.9830144865413173,0.7733976574067507,0.9595588445663452,5.539525508880615,5.036068439483643,127872,2.9844415663914927,0.7713085944305687,0.8641772270202637,5.546590805053711,5.00766571521759,f1ba2c4a1f22ea0cefadaf9f2b405be0,6.304451280971989,0.14266583223493132
reward_only,4,18,2250,0.004565888127312064,0.010708645864652713,0.06121057693135809,127872,2.9832930414349184,0.7733131602713825,0.9585739970207214,5.536461353302002,5.037553310394287,127872,2.9844415663914927,0.7713085944305687,0.8641772270202637,5.546590805053711,5.00766571521759,f1ba2c4a1f22ea0cefadaf9f2b405be0,6.658821890945546,0.13659508023668426
reward_only,4,19,2375,0.004085109720006585,0.00989452890876954,0.0588584310003308,127872,2.983566415326034,0.7732341208142146,0.957334041595459,5.532752990722656,5.04117488861084,127872,2.9844415663914927,0.7713085944305687,0.8641772270202637,5.546590805053711,5.00766571521759,f1ba2c4a1f22ea0cefadaf9f2b405be0,7.006994049996138,0.1276789294276948
reward_only,4,20,2500,0.0036686541978269817,0.009098607153601765,0.056785077193173474,127872,2.9839598775134646,0.7730911076517472,0.9567811489105225,5.5260138511657715,5.044309139251709,127872,2.9844415663914927,0.7713085944305687,0.8641772270202637,5.546590805053711,5.00766571521759,f1ba2c4a1f22ea0cefadaf9f2b405be0,7.347732434980571,0.12062319529360531
reward_only,5,21,2625,0.003303685227409005,0.008248517097567163,0.06926379751210182,127872,2.9853328400164716,0.7720982378872573,0.9590361714363098,5.522141933441162,5.049221038818359,127872,2.9844415663914927,0.7713085944305687,0.8641772270202637,5.546590805053711,5.00766571521759,f1ba2c4a1f22ea0cefadaf9f2b405be0,7.732251020031981,0.19329287068071288
reward_only,5,22,2750,0.002973956448957324,0.007565219855546524,0.06608058862597394,127872,2.9850697359899887,0.7718491872241128,0.9576151967048645,5.5121331214904785,5.048329830169678,127872,2.9844415663914927,0.7713085944305687,0.8641772270202637,5.546590805053711,5.00766571521759,f1ba2c4a1f22ea0cefadaf9f2b405be0,8.065446501947008,0.1681685986106074
reward_only,5,23,2875,0.00269455885887146,0.007014558738987115,0.06364040197726176,127872,2.9846826819372034,0.771591957693372,0.9570320248603821,5.503842353820801,5.048548698425293,127872,2.9844415663914927,0.7713085944305687,0.8641772270202637,5.546590805053711,5.00766571521759,f1ba2c4a1f22ea0cefadaf9f2b405be0,8.405764597002417,0.16651257542610307
reward_only,5,24,3000,0.0024549320917576552,0.006577946742257356,0.06142625211479559,127872,2.9841391988400674,0.7713510625847991,0.9558371305465698,5.4990553855896,5.048333644866943,127872,2.9844415663914927,0.7713085944305687,0.8641772270202637,5.546590805053711,5.00766571521759,f1ba2c4a1f22ea0cefadaf9f2b405be0,8.766023354954086,0.16495627942498178
reward_only,5,25,3125,0.0022486199121922253,0.006199546393628446,0.05939770340410456,127872,2.983605480949591,0.7711174119106879,0.9545884728431702,5.50154447555542,5.047585964202881,127872,2.9844415663914927,0.7713085944305687,0.8641772270202637,5.546590805053711,5.00766571521759,f1ba2c4a1f22ea0cefadaf9f2b405be0,9.101977561949752,0.1631618713720884
reward_only,6,26,3250,0.0020596964536234736,0.005927377032264712,0.05385685318584894,127872,2.981923229488972,0.7713957124507146,0.9511788487434387,5.504293918609619,5.04252290725708,127872,2.9844415663914927,0.7713085944305687,0.8641772270202637,5.546590805053711,5.00766571521759,f1ba2c4a1f22ea0cefadaf9f2b405be0,9.458538400940597,0.14315792278376355
reward_only,6,27,3375,0.0018861377611756325,0.005564525993640596,0.051811973002534976,127872,2.9822651447529704,0.771490506750999,0.9502621293067932,5.506691932678223,5.042737007141113,127872,2.9844415663914927,0.7713085944305687,0.8641772270202637,5.546590805053711,5.00766571521759,f1ba2c4a1f22ea0cefadaf9f2b405be0,9.798492489964701,0.13474969480497506
reward_only,6,28,3500,0.0017409922778606414,0.005276482258012431,0.05095751989629559,127872,2.982745066023636,0.7716056332281417,0.9498331546783447,5.508651256561279,5.04297399520874,127872,2.9844415663914927,0.7713085944305687,0.8641772270202637,5.546590805053711,5.00766571521759,f1ba2c4a1f22ea0cefadaf9f2b405be0,10.134509210009128,0.13702230740429966
reward_only,6,29,3625,0.0016232122201472522,0.0050130482468129945,0.050408952204773864,127872,2.9833202421370597,0.771708981218826,0.9489995837211609,5.511186122894287,5.045074462890625,127872,2.9844415663914927,0.7713085944305687,0.8641772270202637,5.546590805053711,5.00766571521759,f1ba2c4a1f22ea0cefadaf9f2b405be0,10.468104570987634,0.13409576281697397
reward_only,6,30,3750,0.00151515228766948,0.004785010471273372,0.04970966113977501,127872,2.983842018082294,0.7717939244744934,0.9474180340766907,5.512882232666016,5.045738220214844,127872,2.9844415663914927,0.7713085944305687,0.8641772270202637,5.546590805053711,5.00766571521759,f1ba2c4a1f22ea0cefadaf9f2b405be0,10.804228345048614,0.12615390730604834
reward_only,7,31,3875,0.0014154191352427005,0.004737218209818391,0.03743763307294217,127872,2.9806708084979654,0.770355830795534,0.9437657594680786,5.503767490386963,5.030969142913818,127872,2.9844415663914927,0.7713085944305687,0.8641772270202637,5.546590805053711,5.00766571521759,f1ba2c4a1f22ea0cefadaf9f2b405be0,11.150203309953213,0.1600544944424341
reward_only,7,32,4000,0.001337442571297288,0.004549240134604998,0.03717715178664576,127872,2.980888607643742,0.7704821988523624,0.9418737292289734,5.506900787353516,5.030030250549316,127872,2.9844415663914927,0.7713085944305687,0.8641772270202637,5.546590805053711,5.00766571521759,f1ba2c4a1f22ea0cefadaf9f2b405be0,11.494606632972136,0.15639520247417243
reward_only,7,33,4125,0.0012692757211625577,0.0043542440606144555,0.03608333051574823,127872,2.981180096127175,0.770598160013911,0.9405277967453003,5.507994174957275,5.028468608856201,127872,2.9844415663914927,0.7713085944305687,0.8641772270202637,5.546590805053711,5.00766571521759,f1ba2c4a1f22ea0cefadaf9f2b405be0,11.847097760997713,0.15150325903461975
reward_only,7,34,4250,0.0012093408005312085,0.004168784694359851,0.03521194233916299,127872,2.9815723692333593,0.7707290382341524,0.9395712018013,5.508608818054199,5.028140068054199,127872,2.9844415663914927,0.7713085944305687,0.8641772270202637,5.546590805053711,5.00766571521759,f1ba2c4a1f22ea0cefadaf9f2b405be0,12.178553242003545,0.1468730625647677
reward_only,7,35,4375,0.0011556216338649392,0.00401129656942235,0.03474734715329745,127872,2.9819624433317244,0.7708363415360667,0.9386067390441895,5.509028434753418,5.028170585632324,127872,2.9844415663914927,0.7713085944305687,0.8641772270202637,5.546590805053711,5.00766571521759,f1ba2c4a1f22ea0cefadaf9f2b405be0,12.527742297039367,0.14460082302778088
reward_only,8,36,4500,0.0011131814271211624,0.0038368488697078677,0.04702777520500059,127872,2.9838602638461285,0.7704596388415077,0.9411231279373169,5.510965824127197,5.0345683097839355,127872,2.9844415663914927,0.7713085944305687,0.8641772270202637,5.546590805053711,5.00766571521759,f1ba2c4a1f22ea0cefadaf9f2b405be0,12.896874601021409,0.14682888223582594
reward_only,8,37,4625,0.0010707040233537556,0.0037200108702041064,0.04239097626560561,127872,2.98381295611241,0.770418162046901,0.9408255815505981,5.510254859924316,5.032839298248291,127872,2.9844415663914927,0.7713085944305687,0.8641772270202637,5.546590805053711,5.00766571521759,f1ba2c4a1f22ea0cefadaf9f2b405be0,13.241130686015822,0.1191038243737859
reward_only,8,38,4750,0.001029940322507173,0.003598882305805281,0.04281426154720068,127872,2.9838535508487722,0.7704555605514921,0.9399531483650208,5.509968280792236,5.031734466552734,127872,2.9844415663914927,0.7713085944305687,0.8641772270202637,5.546590805053711,5.00766571521759,f1ba2c4a1f22ea0cefadaf9f2b405be0,13.610985253937542,0.11817414563306625
reward_only,8,39,4875,0.000994307263288647,0.003505782811490263,0.04343152908674032,127872,2.9840410020681576,0.7705397260030287,0.9384362101554871,5.51054573059082,5.030889987945557,127872,2.9844415663914927,0.7713085944305687,0.8641772270202637,5.546590805053711,5.00766571521759,f1ba2c4a1f22ea0cefadaf9f2b405be0,13.943941161967814,0.11281054945265624
reward_only,8,40,5000,0.0009606049512512982,0.0034232968374759633,0.043953016435737256,127872,2.9843022480282606,0.770697018396729,0.9367661476135254,5.510478973388672,5.031831741333008,127872,2.9844415663914927,0.7713085944305687,0.8641772270202637,5.546590805053711,5.00766571521759,f1ba2c4a1f22ea0cefadaf9f2b405be0,14.300391345983371,0.1155614898457038
reward_only,9,41,5125,0.0009320797035470605,0.0033692070760086993,0.049284679332042496,127872,2.982095809418939,0.7702209300600352,0.9353593587875366,5.511264801025391,5.0374650955200195,127872,2.9844415663914927,0.7713085944305687,0.8641772270202637,5.546590805053711,5.00766571521759,f1ba2c4a1f22ea0cefadaf9f2b405be0,14.675895606982522,0.13599501526492455
reward_only,9,42,5250,0.0009060046882368624,0.003291720658345196,0.05213000487188724,127872,2.9824314208680742,0.7703700830444009,0.9347925186157227,5.512206077575684,5.038147449493408,127872,2.9844415663914927,0.7713085944305687,0.8641772270202637,5.546590805053711,5.00766571521759,f1ba2c4a1f22ea0cefadaf9f2b405be0,15.005054601933807,0.12781196249385104
reward_only,9,43,5375,0.000879357716999948,0.003217213024284402,0.05342291712460359,127872,2.9830720406962565,0.7706601199757096,0.9339914917945862,5.514039516448975,5.0392866134643555,127872,2.9844415663914927,0.7713085944305687,0.8641772270202637,5.546590805053711,5.00766571521759,f1ba2c4a1f22ea0cefadaf9f2b405be0,15.336546104983427,0.11527176739970674
reward_only,9,44,5500,0.0008525407444685697,0.003135464644528928,0.0544500478813531,127872,2.983780479075404,0.7709738286000734,0.9327981472015381,5.5158610343933105,5.041669845581055,127872,2.9844415663914927,0.7713085944305687,0.8641772270202637,5.546590805053711,5.00766571521759,f1ba2c4a1f22ea0cefadaf9f2b405be0,15.671813266933896,0.11658036272957469
reward_only,9,45,5625,0.0008262117216363549,0.0030651007412544947,0.05351124087896479,127872,2.984417842124478,0.7712570368620807,0.9323739409446716,5.51732063293457,5.043410778045654,127872,2.9844415663914927,0.7713085944305687,0.8641772270202637,5.546590805053711,5.00766571521759,f1ba2c4a1f22ea0cefadaf9f2b405be0,16.01427107094787,0.11380799441555632
reward_only,10,46,5750,0.0008002633624710143,0.003002300162376663,0.04397780814153191,127872,2.9866633139400593,0.7713433079605364,0.9361277222633362,5.515292167663574,5.037618160247803,127872,2.9844415663914927,0.7713085944305687,0.8641772270202637,5.546590805053711,5.00766571521759,f1ba2c4a1f22ea0cefadaf9f2b405be0,16.378142570029013,0.1343313130599211
reward_only,10,47,5875,0.0007780797337181866,0.002956448940015382,0.03998844119277654,127872,2.98656449333305,0.77128758284771,0.9358338117599487,5.515284538269043,5.0371012687683105,127872,2.9844415663914927,0.7713085944305687,0.8641772270202637,5.546590805053711,5.00766571521759,f1ba2c4a1f22ea0cefadaf9f2b405be0,16.709439208032563,0.11214079451171834
reward_only,10,48,6000,0.0007584038889035582,0.002923689215098465,0.04019530635497353,127872,2.9862727902781168,0.7711825361913245,0.9346239566802979,5.514845848083496,5.036752223968506,127872,2.9844415663914927,0.7713085944305687,0.8641772270202637,5.546590805053711,5.00766571521759,f1ba2c4a1f22ea0cefadaf9f2b405be0,17.043168155942112,0.1119341964638639
reward_only,10,49,6125,0.0007395982285961509,0.0029119359023538132,0.04112331584760413,127872,2.9857413978497678,0.7709497098913999,0.9339793920516968,5.513977527618408,5.034923076629639,127872,2.9844415663914927,0.7713085944305687,0.8641772270202637,5.546590805053711,5.00766571521759,f1ba2c4a1f22ea0cefadaf9f2b405be0,17.380312536028214,0.11708669998806445
reward_only,10,50,6250,0.0007233274742029607,0.002912433114617689,0.042948676751012486,127872,2.9851110688927167,0.7706257169295996,0.933219850063324,5.5124311447143555,5.0331711769104,127872,2.9844415663914927,0.7713085944305687,0.8641772270202637,5.546590805053711,5.00766571521759,f1ba2c4a1f22ea0cefadaf9f2b405be0,17.732147785951383,0.12153052813066306
reward_only,11,51,6375,0.0007086903909221292,0.002877404141355368,0.04108559032752851,127872,2.9864908031228037,0.7716630078841744,0.9295045733451843,5.515273094177246,5.035524368286133,127872,2.9844415663914927,0.7713085944305687,0.8641772270202637,5.546590805053711,5.00766571521759,f1ba2c4a1f22ea0cefadaf9f2b405be0,18.106906090048142,0.0925955382263402
reward_only,11,52,6500,0.0006947894846089184,0.0028564926744528685,0.040952428620807266,127872,2.98649602181542,0.771606557611419,0.928857684135437,5.514481544494629,5.034650802612305,127872,2.9844415663914927,0.7713085944305687,0.8641772270202637,5.546590805053711,5.00766571521759,f1ba2c4a1f22ea0cefadaf9f2b405be0,18.441582310013473,0.08493289362624437
reward_only,11,53,6625,0.0006832414413802326,0.0028442525044568598,0.04073490058603728,127872,2.986125075622826,0.7714298987734213,0.9277129769325256,5.5123138427734375,5.032857894897461,127872,2.9844415663914927,0.7713085944305687,0.8641772270202637,5.546590805053711,5.00766571521759,f1ba2c4a1f22ea0cefadaf9f2b405be0,18.76776415994391,0.09604449387604967
reward_only,11,54,6750,0.0006719054444693029,0.002845260539328345,0.04118449512637495,127872,2.9856320163841032,0.7711768809074129,0.9269120693206787,5.511170864105225,5.031239032745361,127872,2.9844415663914927,0.7713085944305687,0.8641772270202637,5.546590805053711,5.00766571521759,f1ba2c4a1f22ea0cefadaf9f2b405be0,19.095529351965524,0.10258988043701445
reward_only,11,55,6875,0.000661364030558616,0.002850257776907125,0.04172585176690813,127872,2.9849184173377448,0.7708770466580331,0.9254009127616882,5.510450839996338,5.029147624969482,127872,2.9844415663914927,0.7713085944305687,0.8641772270202637,5.546590805053711,5.00766571521759,f1ba2c4a1f22ea0cefadaf9f2b405be0,19.417425703955814,0.09872945295096959
reward_only,12,56,7000,0.000650572211947292,0.0029097193418425706,0.03759121808675213,127872,2.981689469979701,0.7697958316589436,0.9212773442268372,5.498311996459961,5.013124942779541,127872,2.9844415663914927,0.7713085944305687,0.8641772270202637,5.546590805053711,5.00766571521759,f1ba2c4a1f22ea0cefadaf9f2b405be0,19.74869649799075,0.1015259143774699
reward_only,12,57,7125,0.0006424283836968243,0.0028696639674728784,0.04250654319333041,127872,2.9825484801817486,0.7700736710696683,0.9210472702980042,5.500258922576904,5.014193058013916,127872,2.9844415663914927,0.7713085944305687,0.8641772270202637,5.546590805053711,5.00766571521759,f1ba2c4a1f22ea0cefadaf9f2b405be0,20.195179175934754,0.09683557790544892
reward_only,12,58,7250,0.00063272675126791,0.002839035692728492,0.04337720320390548,127872,2.9832974660053693,0.7703177095161894,0.9204826951026917,5.502712726593018,5.014952182769775,127872,2.9844415663914927,0.7713085944305687,0.8641772270202637,5.546590805053711,5.00766571521759,f1ba2c4a1f22ea0cefadaf9f2b405be0,20.632330078980885,0.10843788354737931
reward_only,12,59,7375,0.0006246105683967471,0.002822784776442118,0.04400132556480997,127872,2.9834708675016857,0.7703478666779384,0.9201487302780151,5.503468036651611,5.014494895935059,127872,2.9844415663914927,0.7713085944305687,0.8641772270202637,5.546590805053711,5.00766571521759,f1ba2c4a1f22ea0cefadaf9f2b405be0,21.048254981986247,0.11789089598221358
reward_only,12,60,7500,0.0006171356281265616,0.002830845644989203,0.04383939713365682,127872,2.9828832855194554,0.7700897328255161,0.9199347496032715,5.50176477432251,5.012534141540527,127872,2.9844415663914927,0.7713085944305687,0.8641772270202637,5.546590805053711,5.00766571521759,f1ba2c4a1f22ea0cefadaf9f2b405be0,21.510265695978887,0.11544384781176187
reward_only,13,61,7625,0.0006073268288746476,0.0027800410318561054,0.04124224776766646,127872,2.9830839711118364,0.7700898486532778,0.9204500317573547,5.5094313621521,5.016964435577393,127872,2.9844415663914927,0.7713085944305687,0.8641772270202637,5.546590805053711,5.00766571521759,f1ba2c4a1f22ea0cefadaf9f2b405be0,22.00201721000485,0.10880659960678445
reward_only,13,62,7750,0.0006010998245328665,0.0027711207062446393,0.04237771842140742,127872,2.983238408272551,0.770188510278117,0.9201464056968689,5.509826183319092,5.017156600952148,127872,2.9844415663914927,0.7713085944305687,0.8641772270202637,5.546590805053711,5.00766571521759,f1ba2c4a1f22ea0cefadaf9f2b405be0,22.42392957303673,0.11454155383231197
reward_only,13,63,7875,0.000594859582837671,0.002746639496018505,0.042401857621710275,127872,2.983786459940414,0.7703737822262978,0.9200297594070435,5.511000156402588,5.01878023147583,127872,2.9844415663914927,0.7713085944305687,0.8641772270202637,5.546590805053711,5.00766571521759,f1ba2c4a1f22ea0cefadaf9f2b405be0,22.866544077987783,0.12377442195139847
reward_only,13,64,8000,0.0005886608376167715,0.0027170375388814,0.04416516637578248,127872,2.984540350660141,0.7706514777402718,0.9199250936508179,5.512422561645508,5.0202813148498535,127872,2.9844415663914927,0.7713085944305687,0.8641772270202637,5.546590805053711,5.00766571521759,f1ba2c4a1f22ea0cefadaf9f2b405be0,23.31637120200321,0.12832122338339003
reward_only,13,65,8125,0.0005829525841400027,0.0026923221701944133,0.048145896589362365,127872,2.9851480325184263,0.7708770320065618,0.9199222326278687,5.513363361358643,5.021475315093994,127872,2.9844415663914927,0.7713085944305687,0.8641772270202637,5.546590805053711,5.00766571521759,f1ba2c4a1f22ea0cefadaf9f2b405be0,23.77281660900917,0.12952263316245496
reward_only,14,66,8250,0.0005796775943599641,0.002660051556514394,0.055965909451672465,127872,2.984663529005983,0.7695646953684354,0.9251002073287964,5.515225410461426,5.020788669586182,127872,2.9844415663914927,0.7713085944305685,0.8641772270202637,5.546590805053711,5.00766571521759,f1ba2c4a1f22ea0cefadaf9f2b405be0,24.240800490952097,0.1668144010914087
reward_only,14,67,8375,0.0005715468123089522,0.00264053193334555,0.0539991032568759,127872,2.9852967422424785,0.7697858444975122,0.925025224685669,5.517113208770752,5.021473407745361,127872,2.9844415663914927,0.7713085944305685,0.8641772270202637,5.546590805053711,5.00766571521759,f1ba2c4a1f22ea0cefadaf9f2b405be0,24.68847268796526,0.16241531214613364
reward_only,14,68,8500,0.0005653042441699654,0.002612790433240505,0.055867927589972416,127872,2.985967304261105,0.7699794365377108,0.9248526096343994,5.518348693847656,5.022270202636719,127872,2.9844415663914927,0.7713085944305685,0.8641772270202637,5.546590805053711,5.00766571521759,f1ba2c4a1f22ea0cefadaf9f2b405be0,25.150970626971684,0.15794692269049843
reward_only,14,69,8625,0.0005598713916260749,0.0025956717371695215,0.057840239971930926,127872,2.9865485115211694,0.770179663455638,0.9244452118873596,5.520038604736328,5.0228071212768555,127872,2.9844415663914927,0.7713085944305685,0.8641772270202637,5.546590805053711,5.00766571521759,f1ba2c4a1f22ea0cefadaf9f2b405be0,25.641736257937737,0.15852042250889004
reward_only,14,70,8750,0.0005555885098874569,0.002582834720683924,0.05971247192378932,127872,2.986989884021076,0.7703039307225096,0.9242677688598633,5.520800590515137,5.0233612060546875,127872,2.9844415663914927,0.7713085944305685,0.8641772270202637,5.546590805053711,5.00766571521759,f1ba2c4a1f22ea0cefadaf9f2b405be0,26.142444713041186,0.16037635318245463
reward_only,15,71,8875,0.000551520908717066,0.0026308864990754076,0.06015742110934219,127872,2.986690324079991,0.7718923018650554,0.9204398393630981,5.5196123123168945,5.03952693939209,127872,2.9844415663914927,0.7713085944305687,0.8641772270202637,5.546590805053711,5.00766571521759,f1ba2c4a1f22ea0cefadaf9f2b405be0,26.637087184935808,0.14416069161432102
reward_only,15,72,9000,0.0005463300277478993,0.002620381848898458,0.058628434457329626,127872,2.986909718692743,0.7719398138656501,0.9201127290725708,5.5200724601745605,5.040004730224609,127872,2.9844415663914927,0.7713085944305687,0.8641772270202637,5.546590805053711,5.00766571521759,f1ba2c4a1f22ea0cefadaf9f2b405be0,27.136369606945664,0.14187318367679205
reward_only,15,73,9125,0.0005420078169554473,0.0026148739490231185,0.05851951984286681,127872,2.9869891279451624,0.7719663921957526,0.9200515747070312,5.520447731018066,5.040456771850586,127872,2.9844415663914927,0.7713085944305687,0.8641772270202637,5.546590805053711,5.00766571521759,f1ba2c4a1f22ea0cefadaf9f2b405be0,27.598261022008955,0.14116633671592052
reward_only,15,74,9250,0.0005379174253903329,0.0026092821107241986,0.05812332703659824,127872,2.98683909557385,0.771899909374716,0.9198471903800964,5.520644187927246,5.039844512939453,127872,2.9844415663914927,0.7713085944305687,0.8641772270202637,5.546590805053711,5.00766571521759,f1ba2c4a1f22ea0cefadaf9f2b405be0,28.055596314021386,0.14537373301968773
reward_only,15,75,9375,0.0005339117543771863,0.002607404556804409,0.05747320971594688,127872,2.9866013321540765,0.7718308349218211,0.920122504234314,5.520566940307617,5.039487838745117,127872,2.9844415663914927,0.7713085944305687,0.8641772270202637,5.546590805053711,5.00766571521759,f1ba2c4a1f22ea0cefadaf9f2b405be0,28.55981735396199,0.1491896324884406
reward_only,16,76,9500,0.0005290762213990092,0.0025949814449249833,0.04500452006429583,127872,2.985357626851693,0.7706968067422285,0.9216676354408264,5.518673896789551,5.018848896026611,127872,2.9844415663914927,0.7713085944305687,0.8641772270202637,5.546590805053711,5.00766571521759,f1ba2c4a1f22ea0cefadaf9f2b405be0,29.06811151804868,0.12508586111502762
reward_only,16,77,9625,0.0005237315509002656,0.0026023189541364363,0.04039643180434104,127872,2.9847681557389536,0.7705244968532546,0.9213628172874451,5.51794958114624,5.017433166503906,127872,2.9844415663914927,0.7713085944305687,0.8641772270202637,5.546590805053711,5.00766571521759,f1ba2c4a1f22ea0cefadaf9f2b405be0,29.569636230939068,0.13548408230968778
reward_only,16,78,9750,0.0005205578245222568,0.002604066708196697,0.04110097793574987,127872,2.9845028969112435,0.770447242927277,0.921035647392273,5.5175042152404785,5.01686954498291,127872,2.9844415663914927,0.7713085944305687,0.8641772270202637,5.546590805053711,5.00766571521759,f1ba2c4a1f22ea0cefadaf9f2b405be0,30.052763196988963,0.1351485130478703
reward_only,16,79,9875,0.0005174731900915503,0.002594136625168763,0.042767626624856975,127872,2.9847490682119355,0.7705417388491462,0.9210302829742432,5.518022537231445,5.017578125,127872,2.9844415663914927,0.7713085944305687,0.8641772270202637,5.546590805053711,5.00766571521759,f1ba2c4a1f22ea0cefadaf9f2b405be0,30.569247180013917,0.12651180376578974
reward_only,16,80,10000,0.0005147922681644558,0.002579076336766594,0.04509454693647441,127872,2.9852169523378267,0.7706945307236058,0.9209648966789246,5.518990516662598,5.01809024810791,127872,2.9844415663914927,0.7713085944305687,0.8641772270202637,5.546590805053711,5.00766571521759,f1ba2c4a1f22ea0cefadaf9f2b405be0,31.039113619946875,0.12979388290917246
reward_only,17,81,10125,0.0005172319454140961,0.0025184424154500893,0.06701293750941567,127872,2.988578953184523,0.7720611486295859,0.9231094121932983,5.531820774078369,5.039753437042236,127872,2.9844415663914927,0.7713085944305687,0.8641772270202637,5.546590805053711,5.00766571521759,f1ba2c4a1f22ea0cefadaf9f2b405be0,31.59089586196933,0.19623927703004815
reward_only,17,82,10250,0.0005134109982755036,0.002539559514986074,0.06695864678607132,127872,2.986920473940514,0.771593606424749,0.9226915836334229,5.528870582580566,5.037437438964844,127872,2.9844415663914927,0.7713085944305687,0.8641772270202637,5.546590805053711,5.00766571521759,f1ba2c4a1f22ea0cefadaf9f2b405be0,32.08509543794207,0.18010574980778482
reward_only,17,83,10375,0.0005089769528713078,0.002553363795737826,0.06292626550623467,127872,2.9858905553889534,0.7712725498585374,0.9222775101661682,5.526713848114014,5.035682678222656,127872,2.9844415663914927,0.7713085944305687,0.8641772270202637,5.546590805053711,5.00766571521759,f1ba2c4a1f22ea0cefadaf9f2b405be0,32.56582014693413,0.17577054554101607
reward_only,17,84,10500,0.00050512880878523,0.0025652005107736344,0.060583218127458864,127872,2.9854582105763257,0.7711319620909736,0.9219202399253845,5.525688171386719,5.034816741943359,127872,2.9844415663914927,0.7713085944305687,0.8641772270202637,5.546590805053711,5.00766571521759,f1ba2c4a1f22ea0cefadaf9f2b405be0,33.045981083996594,0.16558207642842399
reward_only,17,85,10625,0.0005018263005185873,0.0025703401833714282,0.05948607996304981,127872,2.9852891989090518,0.7710890402027054,0.9215555191040039,5.525250434875488,5.034467697143555,127872,2.9844415663914927,0.7713085944305687,0.8641772270202637,5.546590805053711,5.00766571521759,f1ba2c4a1f22ea0cefadaf9f2b405be0,33.48380626493599,0.16530255323704757
reward_only,18,86,10750,0.0004958950683940202,0.002634139609996728,0.05254030159524447,127872,2.9888321676951564,0.7728793073147278,0.9188776016235352,5.53112268447876,5.042221546173096,127872,2.9844415663914927,0.7713085944305687,0.8641772270202637,5.546590805053711,5.00766571521759,f1ba2c4a1f22ea0cefadaf9f2b405be0,33.95287150202785,0.13184203321365048
reward_only,18,87,10875,0.0004948937231674791,0.0026306016656078555,0.055244791198659944,127872,2.988828890553738,0.7728731849308902,0.9188552498817444,5.531170845031738,5.041757583618164,127872,2.9844415663914927,0.7713085944305687,0.8641772270202637,5.546590805053711,5.00766571521759,f1ba2c4a1f22ea0cefadaf9f2b405be0,34.405270015937276,0.12889106387484725
reward_only,18,88,11000,0.000492648399202153,0.002627314445800196,0.055548434860717213,127872,2.9887359536302327,0.7728215427103275,0.9187161326408386,5.530822277069092,5.040964603424072,127872,2.9844415663914927,0.7713085944305687,0.8641772270202637,5.546590805053711,5.00766571521759,f1ba2c4a1f22ea0cefadaf9f2b405be0,34.88885908597149,0.12515566687324578
reward_only,18,89,11125,0.0004904274286236614,0.002622725959652479,0.05576088344400704,127872,2.988610941667792,0.7727787189201506,0.9188207983970642,5.530363082885742,5.040680885314941,127872,2.9844415663914927,0.7713085944305687,0.8641772270202637,5.546590805053711,5.00766571521759,f1ba2c4a1f22ea0cefadaf9f2b405be0,35.38502614700701,0.12140952124331351
reward_only,18,90,11250,0.0004881220490206033,0.002616389213757143,0.05567139285948861,127872,2.988438808008678,0.7727347767855287,0.9187936782836914,5.530020713806152,5.0404887199401855,127872,2.9844415663914927,0.7713085944305687,0.8641772270202637,5.546590805053711,5.00766571521759,f1ba2c4a1f22ea0cefadaf9f2b405be0,35.84419314702973,0.11742263663502378
reward_only,19,91,11375,0.00048446507449261846,0.002606029920013565,0.05210791154380734,127872,2.986564155991979,0.7711513335866838,0.9197137355804443,5.516921520233154,5.02706241607666,127872,2.9844415663914927,0.7713085944305687,0.8641772270202637,5.546590805053711,5.00766571521759,f1ba2c4a1f22ea0cefadaf9f2b405be0,36.33636470302008,0.15665439459716485
reward_only,19,92,11500,0.00048348216316662727,0.0025974812715326857,0.053601029441921216,127872,2.9866891314860085,0.771202444381478,0.9199813604354858,5.516812801361084,5.027007579803467,127872,2.9844415663914927,0.7713085944305687,0.8641772270202637,5.546590805053711,5.00766571521759,f1ba2c4a1f22ea0cefadaf9f2b405be0,36.782338483957574,0.16762672206640938
reward_only,19,93,11625,0.00048167787422426044,0.002590525480394456,0.054304119445618936,127872,2.986731404655364,0.7712599627206339,0.9199255704879761,5.516992568969727,5.027209758758545,127872,2.9844415663914927,0.7713085944305687,0.8641772270202637,5.546590805053711,5.00766571521759,f1ba2c4a1f22ea0cefadaf9f2b405be0,37.27669598697685,0.1711143155020539
reward_only,19,94,11750,0.0004798519220203161,0.002588473503122215,0.05471371780907097,127872,2.986781507291858,0.7712830902055966,0.9198629260063171,5.517077445983887,5.027709484100342,127872,2.9844415663914927,0.7713085944305687,0.8641772270202637,5.546590805053711,5.00766571521759,f1ba2c4a1f22ea0cefadaf9f2b405be0,37.7898263320094,0.1726585075454638
reward_only,19,95,11875,0.0004780847586225718,0.002586174675450006,0.054958981245047035,127872,2.9868079139049293,0.7713086361896169,0.9197565913200378,5.516967296600342,5.027850151062012,127872,2.9844415663914927,0.7713085944305687,0.8641772270202637,5.546590805053711,5.00766571521759,f1ba2c4a1f22ea0cefadaf9f2b405be0,38.277159324032255,0.17322922315306985
reward_only,20,96,12000,0.00048184796096757053,0.002602008474853781,0.06683705899438587,127872,2.9838569067414844,0.77128617395483,0.9177231192588806,5.520631790161133,5.025575160980225,127872,2.9844415663914927,0.7713085944305687,0.8641772270202637,5.546590805053711,5.00766571521759,f1ba2c4a1f22ea0cefadaf9f2b405be0,38.785178296035156,0.17502723076478727
reward_only,20,97,12125,0.00047715151961892844,0.002597206454089291,0.061143421560712057,127872,2.984124842263922,0.7713995598201779,0.9174866080284119,5.5211896896362305,5.026508808135986,127872,2.9844415663914927,0.7713085944305687,0.8641772270202637,5.546590805053711,5.00766571521759,f1ba2c4a1f22ea0cefadaf9f2b405be0,39.28417055797763,0.15072827206697134
reward_only,20,98,12250,0.0004753209555055946,0.0025940439290232814,0.06092677468874992,127872,2.984118784957745,0.771383210773579,0.9170418977737427,5.521172046661377,5.0264763832092285,127872,2.9844415663914927,0.7713085944305687,0.8641772270202637,5.546590805053711,5.00766571521759,f1ba2c4a1f22ea0cefadaf9f2b405be0,39.729343357961625,0.151925273199834
reward_only,20,99,12375,0.00047337488853372634,0.002596542023479209,0.060403297465741676,127872,2.98399755926579,0.7713654563143083,0.9170275330543518,5.521015644073486,5.026669502258301,127872,2.9844415663914927,0.7713085944305687,0.8641772270202637,5.546590805053711,5.00766571521759,f1ba2c4a1f22ea0cefadaf9f2b405be0,40.219021450029686,0.15565225494031673
reward_only,20,100,12500,0.00047141182189807296,0.002597390574549577,0.059582401568528995,127872,2.9839164928399824,0.7713330123880346,0.9169018268585205,5.52063512802124,5.026637554168701,127872,2.9844415663914927,0.7713085944305687,0.8641772270202637,5.546590805053711,5.00766571521759,f1ba2c4a1f22ea0cefadaf9f2b405be0,40.71319950197358,0.15567292407014852
reward_only,21,101,12625,0.0004659755846951157,0.0025417518232013527,0.049308145621156145,127872,2.9877362553299673,0.7723992679486182,0.9180305004119873,5.521327495574951,5.030813217163086,127872,2.9844415663914927,0.7713085944305687,0.8641772270202637,5.546590805053711,5.00766571521759,f1ba2c4a1f22ea0cefadaf9f2b405be0,41.21360815002117,0.14002456436910016
reward_only,21,102,12750,0.00046482397918589416,0.0025415372123873607,0.04967955211691307,127872,2.9877837477214597,0.7724580192638563,0.9179338216781616,5.521334171295166,5.030930995941162,127872,2.9844415663914927,0.7713085944305687,0.8641772270202637,5.546590805053711,5.00766571521759,f1ba2c4a1f22ea0cefadaf9f2b405be0,41.68826629896648,0.1432594972095961
reward_only,21,103,12875,0.00046371488017030063,0.002536308432580559,0.05142316021770094,127872,2.9878419328586303,0.7725163119990923,0.9177831411361694,5.521657943725586,5.031017303466797,127872,2.9844415663914927,0.7713085944305687,0.8641772270202637,5.546590805053711,5.00766571521759,f1ba2c4a1f22ea0cefadaf9f2b405be0,42.1673026670469,0.14131543995829382
reward_only,21,104,13000,0.000462555710459128,0.002536379216034181,0.05292978800329727,127872,2.9878731411564776,0.7725718156429638,0.9175825715065002,5.521640300750732,5.031063556671143,127872,2.9844415663914927,0.7713085944305687,0.8641772270202637,5.546590805053711,5.00766571521759,f1ba2c4a1f22ea0cefadaf9f2b405be0,42.644195799017325,0.14638911986864359
reward_only,21,105,13125,0.00046123489923775195,0.002535236623948419,0.054013224570707896,127872,2.9878823747755856,0.7725877031961653,0.917552649974823,5.52152681350708,5.0312180519104,127872,2.9844415663914927,0.7713085944305687,0.8641772270202637,5.546590805053711,5.00766571521759,f1ba2c4a1f22ea0cefadaf9f2b405be0,43.140008935006335,0.15032141906624885
reward_only,22,106,13250,0.0004556775449309498,0.0025297255811721295,0.04140054802475585,127872,2.984846473851887,0.7724006732308519,0.9148092865943909,5.525013446807861,5.030536651611328,127872,2.9844415663914927,0.7713085944305687,0.8641772270202637,5.546590805053711,5.00766571521759,f1ba2c4a1f22ea0cefadaf9f2b405be0,43.639196194009855,0.10154835242594888
reward_only,22,107,13375,0.0004559018574655056,0.002529591562260026,0.047120044962116504,127872,2.9847173646704905,0.7723294629495456,0.9150248169898987,5.524555206298828,5.030120372772217,127872,2.9844415663914927,0.7713085944305687,0.8641772270202637,5.546590805053711,5.00766571521759,f1ba2c4a1f22ea0cefadaf9f2b405be0,44.08114573801868,0.13497484452707567
reward_only,22,108,13500,0.00045458828774280844,0.002529291106104811,0.04827058730372603,127872,2.9846684425417616,0.7722907800871857,0.915070116519928,5.524623394012451,5.029856204986572,127872,2.9844415663914927,0.7713085944305687,0.8641772270202637,5.546590805053711,5.00766571521759,f1ba2c4a1f22ea0cefadaf9f2b405be0,44.53826493094675,0.13266586830210184
reward_only,22,109,13625,0.00045329072140157223,0.002526112210656659,0.04916855973885395,127872,2.984650038222356,0.7722552847533021,0.9150904417037964,5.524423122406006,5.029727458953857,127872,2.9844415663914927,0.7713085944305687,0.8641772270202637,5.546590805053711,5.00766571521759,f1ba2c4a1f22ea0cefadaf9f2b405be0,44.95962420699652,0.13059602791165345
reward_only,22,110,13750,0.00045192401949316265,0.0025243636876199657,0.04974742521032464,127872,2.9846480500048123,0.7722392116997123,0.9151585698127747,5.524500846862793,5.029688835144043,127872,2.9844415663914927,0.7713085944305687,0.8641772270202637,5.546590805053711,5.00766571521759,f1ba2c4a1f22ea0cefadaf9f2b405be0,45.41080755298026,0.12697129877400318
reward_only,23,111,13875,0.0004566488906275481,0.0025076962546667723,0.06465809600005673,127872,2.9885816603537285,0.771094175580389,0.9215004444122314,5.519086837768555,5.028380393981934,127872,2.9844415663914927,0.7713085944305687,0.8641772270202637,5.546590805053711,5.00766571521759,f1ba2c4a1f22ea0cefadaf9f2b405be0,45.88644586701412,0.1998739375030866
reward_only,23,112,14000,0.0004553026473149657,0.0024973011632553823,0.06806194601286548,127872,2.9896115102395937,0.7714485935304488,0.9216372966766357,5.521112442016602,5.030699729919434,127872,2.9844415663914927,0.7713085944305687,0.8641772270202637,5.546590805053711,5.00766571521759,f1ba2c4a1f22ea0cefadaf9f2b405be0,46.31372284598183,0.20312995883218468
reward_only,23,113,14125,0.0004542705069761723,0.002498727499703428,0.06916365832786221,127872,2.9891514512672983,0.7713783012056833,0.9215349555015564,5.520812034606934,5.030339241027832,127872,2.9844415663914927,0.7713085944305687,0.8641772270202637,5.546590805053711,5.00766571521759,f1ba2c4a1f22ea0cefadaf9f2b405be0,46.79031883098651,0.20644353206534752
reward_only,23,114,14250,0.0004530567268375307,0.0024975970865734574,0.07071286901764363,127872,2.9890266606995315,0.7713910980338394,0.9213718771934509,5.52108097076416,5.03080415725708,127872,2.9844415663914927,0.7713085944305687,0.8641772270202637,5.546590805053711,5.00766571521759,f1ba2c4a1f22ea0cefadaf9f2b405be0,47.28117185598239,0.2264327954049504
reward_only,23,115,14375,0.00045089324307627976,0.002503068084792896,0.06827017144881739,127872,2.988264579075604,0.7711633784302695,0.9213461875915527,5.519913673400879,5.029500484466553,127872,2.9844415663914927,0.7713085944305687,0.8641772270202637,5.546590805053711,5.00766571521759,f1ba2c4a1f22ea0cefadaf9f2b405be0,47.71722365403548,0.2111439986306337
reward_only,24,116,14500,0.0004443671710323542,0.0025110165640191027,0.050038577821115114,127872,2.9872779874308213,0.7722826094017716,0.9179711937904358,5.526712417602539,5.03136682510376,127872,2.9844415663914927,0.7713085944305687,0.8641772270202637,5.546590805053711,5.00766571521759,f1ba2c4a1f22ea0cefadaf9f2b405be0,48.17414805304725,0.1794069107132771
reward_only,24,117,14625,0.0004468958887737244,0.002504134249903355,0.058970644451028176,127872,2.9877157724057852,0.7724086554910552,0.9181855916976929,5.527392864227295,5.0321831703186035,127872,2.9844415663914927,0.7713085944305687,0.8641772270202637,5.546590805053711,5.00766571521759,f1ba2c4a1f22ea0cefadaf9f2b405be0,48.612288078991696,0.18311713357987552
reward_only,24,118,14750,0.00044571478571742775,0.0025007205912487593,0.05889035834956822,127872,2.9880359114918695,0.7725126065090151,0.9182246923446655,5.527953624725342,5.0327348709106445,127872,2.9844415663914927,0.7713085944305687,0.8641772270202637,5.546590805053711,5.00766571521759,f1ba2c4a1f22ea0cefadaf9f2b405be0,48.97979024297092,0.18308349708416788
reward_only,24,119,14875,0.0004444312904961407,0.0025011285075609555,0.05867470199061712,127872,2.9882756167206095,0.7725795490752891,0.9183515906333923,5.528263568878174,5.033078193664551,127872,2.9844415663914927,0.7713085944305687,0.8641772270202637,5.546590805053711,5.00766571521759,f1ba2c4a1f22ea0cefadaf9f2b405be0,49.41688129096292,0.18148789445585192
reward_only,24,120,15000,0.00044307091436348857,0.002497743236433184,0.05835113315984458,127872,2.988435432832274,0.7726312427001241,0.9181187748908997,5.528539657592773,5.033449649810791,127872,2.9844415663914927,0.7713085944305687,0.8641772270202637,5.546590805053711,5.00766571521759,f1ba2c4a1f22ea0cefadaf9f2b405be0,49.79869208403397,0.18341400548534129
reward_only,25,121,15125,0.0004419545792043209,0.0024461226215089613,0.05832001776261593,127872,2.9872305735687465,0.7703845380632719,0.9184061884880066,5.513199329376221,5.023282051086426,127872,2.9844415663914927,0.7713085944305687,0.8641772270202637,5.546590805053711,5.00766571521759,f1ba2c4a1f22ea0cefadaf9f2b405be0,50.269203374977224,0.20494321789964076
reward_only,25,122,15250,0.00043835084792226555,0.0024500423538750342,0.053721674110246996,127872,2.9868194495963567,0.7702589258775929,0.9182519912719727,5.5123443603515625,5.022636413574219,127872,2.9844415663914927,0.7713085944305687,0.8641772270202637,5.546590805053711,5.00766571521759,f1ba2c4a1f22ea0cefadaf9f2b405be0,50.622623629984446,0.16733638907499643
reward_only,25,123,15375,0.0004367169418837875,0.002453487367773898,0.05218678060240776,127872,2.9864932878793136,0.7701747599822281,0.9179863333702087,5.511702537536621,5.022058010101318,127872,2.9844415663914927,0.7713085944305687,0.8641772270202637,5.546590805053711,5.00766571521759,f1ba2c4a1f22ea0cefadaf9f2b405be0,51.01686043897644,0.15764372144164385
reward_only,25,124,15500,0.00043517710966989396,0.0024527698135900023,0.05123199367595312,127872,2.9863273359115445,0.770112720878687,0.917807400226593,5.511301517486572,5.022110939025879,127872,2.9844415663914927,0.7713085944305687,0.8641772270202637,5.546590805053711,5.00766571521759,f1ba2c4a1f22ea0cefadaf9f2b405be0,51.451453699031845,0.14988158398467802
reward_only,25,125,15625,0.0004339580738451332,0.00245169540736205,0.051242728985263594,127872,2.9862633385155744,0.770091306198144,0.9177238941192627,5.511106967926025,5.02206563949585,127872,2.9844415663914927,0.7713085944305687,0.8641772270202637,5.546590805053711,5.00766571521759,f1ba2c4a1f22ea0cefadaf9f2b405be0,51.87959635001607,0.14748958109330956
reward_only,26,126,15750,0.0004375963783822954,0.0025946372008560153,0.06464865277613614,127872,2.9824821465169533,0.7701580261654439,0.916466236114502,5.516042232513428,5.024069786071777,127872,2.9844415663914927,0.7713085944305687,0.8641772270202637,5.546590805053711,5.00766571521759,f1ba2c4a1f22ea0cefadaf9f2b405be0,52.340612943982705,0.17730590247511419
reward_only,26,127,15875,0.0004357469417154789,0.002588183725738355,0.061322701199634365,127872,2.9827411374388575,0.7702529676834379,0.9163714051246643,5.516681671142578,5.024374961853027,127872,2.9844415663914927,0.7713085944305687,0.8641772270202637,5.546590805053711,5.00766571521759,f1ba2c4a1f22ea0cefadaf9f2b405be0,52.74791480298154,0.1708705569133165
reward_only,26,128,16000,0.00043439432117156683,0.0025828994206061745,0.06072659907534081,127872,2.982931770183877,0.7703535484873468,0.9161666035652161,5.517348289489746,5.024704933166504,127872,2.9844415663914927,0.7713085944305687,0.8641772270202637,5.546590805053711,5.00766571521759,f1ba2c4a1f22ea0cefadaf9f2b405be0,53.12109756702557,0.17123151427386618
reward_only,26,129,16125,0.0004332614284940064,0.002580681123430187,0.0602986534880456,127872,2.9830474309218644,0.770412716240532,0.9162381291389465,5.51773738861084,5.025060176849365,127872,2.9844415663914927,0.7713085944305687,0.8641772270202637,5.546590805053711,5.00766571521759,f1ba2c4a1f22ea0cefadaf9f2b405be0,53.46449666901026,0.1719829653194822
reward_only,26,130,16250,0.00043214940698817374,0.0025792319693826106,0.05987767861292796,127872,2.9831597563867516,0.7704623235860749,0.9162701964378357,5.517809867858887,5.0255126953125,127872,2.9844415663914927,0.7713085944305687,0.8641772270202637,5.546590805053711,5.00766571521759,f1ba2c4a1f22ea0cefadaf9f2b405be0,53.876215999014676,0.17206200369555125
reward_only,27,131,16375,0.0004289354458451271,0.002484768812682606,0.05626653108411875,127872,2.984172408105442,0.770691260269038,0.9164268374443054,5.512051105499268,5.021021366119385,127872,2.9844415663914927,0.7713085944305687,0.8641772270202637,5.546590805053711,5.00766571521759,f1ba2c4a1f22ea0cefadaf9f2b405be0,54.30100814800244,0.13143559231106053
reward_only,27,132,16500,0.0004284483476076275,0.0024897611679845022,0.056677392148048525,127872,2.9841291753946244,0.770704755621329,0.9163731932640076,5.512271881103516,5.021144390106201,127872,2.9844415663914927,0.7713085944305687,0.8641772270202637,5.546590805053711,5.00766571521759,f1ba2c4a1f22ea0cefadaf9f2b405be0,54.72923191997688,0.13388420669503936
reward_only,27,133,16625,0.0004275530129671097,0.002496133797140212,0.0563999666332796,127872,2.9840799045643664,0.7707275640590449,0.9163845181465149,5.512221813201904,5.02144193649292,127872,2.9844415663914927,0.7713085944305687,0.8641772270202637,5.546590805053711,5.00766571521759,f1ba2c4a1f22ea0cefadaf9f2b405be0,55.143828568048775,0.13334443631012916
reward_only,27,134,16750,0.00042666780971921983,0.002503411836719821,0.056152962310263656,127872,2.9840679929425775,0.770725285665887,0.9163946509361267,5.512448787689209,5.020798206329346,127872,2.9844415663914927,0.7713085944305687,0.8641772270202637,5.546590805053711,5.00766571521759,f1ba2c4a1f22ea0cefadaf9f2b405be0,55.477153085987084,0.13418757780511748
reward_only,27,135,16875,0.0004257731589023024,0.0025083674387465825,0.05587780254287024,127872,2.984024081455154,0.7707452624574136,0.916282057762146,5.512474060058594,5.020957946777344,127872,2.9844415663914927,0.7713085944305687,0.8641772270202637,5.546590805053711,5.00766571521759,f1ba2c4a1f22ea0cefadaf9f2b405be0,55.841489779995754,0.13513103003210658
reward_only,28,136,17000,0.0004217244028113782,0.002477452559464563,0.04871715650672952,127872,2.9876842383319535,0.7714631509878546,0.9193910956382751,5.527225494384766,5.036506175994873,127872,2.9844415663914927,0.7713085944305687,0.8641772270202637,5.546590805053711,5.00766571521759,f1ba2c4a1f22ea0cefadaf9f2b405be0,56.26258599397261,0.12903427463939052
reward_only,28,137,17125,0.0004211957775987685,0.002481705780746877,0.05011714952804203,127872,2.9876414053915843,0.7714674909281555,0.919426679611206,5.526851654052734,5.036467552185059,127872,2.9844415663914927,0.7713085944305687,0.8641772270202637,5.546590805053711,5.00766571521759,f1ba2c4a1f22ea0cefadaf9f2b405be0,56.648763554985635,0.13053175812584594
reward_only,28,138,17250,0.0004208314092829823,0.002486590433478668,0.05143995117034744,127872,2.9875341951250434,0.7714456801435193,0.9192834496498108,5.526747703552246,5.036231994628906,127872,2.9844415663914927,0.7713085944305687,0.8641772270202637,5.546590805053711,5.00766571521759,f1ba2c4a1f22ea0cefadaf9f2b405be0,57.02567924303003,0.1315780296167277
reward_only,28,139,17375,0.0004204837388824671,0.0024905601515594214,0.052694160378059095,127872,2.987443569377792,0.7714212622211258,0.9192376732826233,5.526374340057373,5.0363078117370605,127872,2.9844415663914927,0.7713085944305687,0.8641772270202637,5.546590805053711,5.00766571521759,f1ba2c4a1f22ea0cefadaf9f2b405be0,57.45190788200125,0.13149729064465376
reward_only,28,140,17500,0.0004200232301373035,0.002494759614778814,0.05360625483730107,127872,2.9873838427978137,0.7714011284342623,0.9192242622375488,5.526347637176514,5.035851001739502,127872,2.9844415663914927,0.7713085944305687,0.8641772270202637,5.546590805053711,5.00766571521759,f1ba2c4a1f22ea0cefadaf9f2b405be0,57.897790830000304,0.1310368013044932
reward_only,29,141,17625,0.0004214808573015034,0.0025738571990573753,0.055350120026631144,127872,2.984699616587168,0.7720012541184392,0.9141809344291687,5.521886348724365,5.025240898132324,127872,2.9844415663914927,0.7713085944305687,0.8641772270202637,5.546590805053711,5.00766571521759,f1ba2c4a1f22ea0cefadaf9f2b405be0,58.42261139396578,0.16370922526301354
reward_only,29,142,17750,0.0004193144110031426,0.0025782388412720412,0.05193211398285497,127872,2.984605734885388,0.771950572751801,0.9140526652336121,5.521753787994385,5.025234222412109,127872,2.9844415663914927,0.7713085944305687,0.8641772270202637,5.546590805053711,5.00766571521759,f1ba2c4a1f22ea0cefadaf9f2b405be0,58.86663161998149,0.1691255479555767
reward_only,29,143,17875,0.00041865759924985467,0.002582410342850049,0.0521794102565629,127872,2.984572380086644,0.7719278249681103,0.9139974117279053,5.521717071533203,5.025008201599121,127872,2.9844415663914927,0.7713085944305687,0.8641772270202637,5.546590805053711,5.00766571521759,f1ba2c4a1f22ea0cefadaf9f2b405be0,59.33110069402028,0.17120365715379962
reward_only,29,144,18000,0.0004179410827346146,0.0025848810268977672,0.052303101020330624,127872,2.984566068300069,0.7719053604374576,0.9140794277191162,5.521755218505859,5.025041103363037,127872,2.9844415663914927,0.7713085944305687,0.8641772270202637,5.546590805053711,5.00766571521759,f1ba2c4a1f22ea0cefadaf9f2b405be0,59.753806113032624,0.1720692610826556
reward_only,29,145,18125,0.0004172064622398466,0.002587542210935809,0.0523186442272174,127872,2.984564521157456,0.7718962062360433,0.9138891696929932,5.521600723266602,5.025046348571777,127872,2.9844415663914927,0.7713085944305687,0.8641772270202637,5.546590805053711,5.00766571521759,f1ba2c4a1f22ea0cefadaf9f2b405be0,60.156613101949915,0.1728257080724827
reward_only,30,146,18250,0.00041448031761683523,0.0025635514710221296,0.04781634701932788,127872,2.9841364017618752,0.7715598648319957,0.9163806438446045,5.5150980949401855,5.023658752441406,127872,2.9844415663914927,0.7713085944305687,0.8641772270202637,5.546590805053711,5.00766571521759,f1ba2c4a1f22ea0cefadaf9f2b405be0,60.56289407098666,0.2120691407920018
reward_only,30,147,18375,0.0004136850859504193,0.002564191850598002,0.04793273222693139,127872,2.984265888709709,0.7716372602201473,0.9163093566894531,5.515395641326904,5.023919105529785,127872,2.9844415663914927,0.7713085944305687,0.8641772270202637,5.546590805053711,5.00766571521759,f1ba2c4a1f22ea0cefadaf9f2b405be0,60.97355573694222,0.20433219006937853
reward_only,30,148,18500,0.0004128493876196444,0.00256411678338461,0.04737867590097532,127872,2.984370481456864,0.7717159986342786,0.9163052439689636,5.515770435333252,5.024096965789795,127872,2.9844415663914927,0.7713085944305687,0.8641772270202637,5.546590805053711,5.00766571521759,f1ba2c4a1f22ea0cefadaf9f2b405be0,61.36808388202917,0.19878710407560882
reward_only,30,149,18625,0.00041203858726657927,0.002567053422164392,0.046901308961588006,127872,2.9844549624421806,0.7717701939113422,0.9161071181297302,5.515892028808594,5.024165630340576,127872,2.9844415663914927,0.7713085944305687,0.8641772270202637,5.546590805053711,5.00766571521759,f1ba2c4a1f22ea0cefadaf9f2b405be0,61.76021464902442,0.1924404266458132
reward_only,30,150,18750,0.00041123879607766865,0.002570946868327712,0.04667784765315047,127872,2.984527111128047,0.7718306590343877,0.9160720705986023,5.516158580780029,5.024128437042236,127872,2.9844415663914927,0.7713085944305687,0.8641772270202637,5.546590805053711,5.00766571521759,f1ba2c4a1f22ea0cefadaf9f2b405be0,62.16738787095528,0.1863658946991304
reward_only,31,151,18875,0.00041319317533634604,0.002710315685397375,0.05321383921524019,127872,2.9794691003503853,0.7697411249375888,0.917758584022522,5.512723922729492,5.016489505767822,127872,2.9844415663914927,0.7713085944305685,0.8641772270202637,5.546590805053711,5.00766571521759,f1ba2c4a1f22ea0cefadaf9f2b405be0,62.56620113493409,0.12073436225496102
reward_only,31,152,19000,0.0004141640858724713,0.0027092771658235103,0.057226215759658056,127872,2.979514447146667,0.7696803876383633,0.917974054813385,5.512415885925293,5.016392707824707,127872,2.9844415663914927,0.7713085944305685,0.8641772270202637,5.546590805053711,5.00766571521759,f1ba2c4a1f22ea0cefadaf9f2b405be0,62.94834597199224,0.16518834721707434
reward_only,31,153,19125,0.0004125407210085541,0.0027110222862848773,0.05486769704712142,127872,2.9796455260258994,0.7696702074984435,0.9178851246833801,5.512502193450928,5.016714572906494,127872,2.9844415663914927,0.7713085944305685,0.8641772270202637,5.546590805053711,5.00766571521759,f1ba2c4a1f22ea0cefadaf9f2b405be0,63.36853222199716,0.16248015779133948
reward_only,31,154,19250,0.0004113562421407551,0.0027111928288599475,0.05371404151912377,127872,2.9797467330906042,0.7696900774951951,0.9181950092315674,5.512773036956787,5.016901016235352,127872,2.9844415663914927,0.7713085944305685,0.8641772270202637,5.546590805053711,5.00766571521759,f1ba2c4a1f22ea0cefadaf9f2b405be0,63.73176252399571,0.1585847403591673
reward_only,31,155,19375,0.00041045120172202585,0.0027137108289596343,0.05313502685878309,127872,2.9798168906815223,0.7696993083681534,0.918126106262207,5.512784957885742,5.01702880859375,127872,2.9844415663914927,0.7713085944305685,0.8641772270202637,5.546590805053711,5.00766571521759,f1ba2c4a1f22ea0cefadaf9f2b405be0,64.13737201900221,0.15595764424580127
reward_only,32,156,19500,0.0004080475487280637,0.0026376066985649297,0.05108496325063394,127872,2.981845444106069,0.7717371881403919,0.9142501354217529,5.518841743469238,5.0220465660095215,127872,2.9844415663914927,0.7713085944305687,0.8641772270202637,5.546590805053711,5.00766571521759,f1ba2c4a1f22ea0cefadaf9f2b405be0,64.60353815404233,0.15191031999270416
reward_only,32,157,19625,0.0004079064775723964,0.002637063490803581,0.05074636011660105,127872,2.9818935079161673,0.7717735178854203,0.9142285585403442,5.519011497497559,5.0221147537231445,127872,2.9844415663914927,0.7713085944305687,0.8641772270202637,5.546590805053711,5.00766571521759,f1ba2c4a1f22ea0cefadaf9f2b405be0,64.96725372294895,0.16587401919293648
reward_only,32,158,19750,0.0004072098059114069,0.002638349481049944,0.05073128711659625,127872,2.9819537885062903,0.7718032650251273,0.9141971468925476,5.519196510314941,5.022120475769043,127872,2.9844415663914927,0.7713085944305687,0.8641772270202637,5.546590805053711,5.00766571521759,f1ba2c4a1f22ea0cefadaf9f2b405be0,65.37100554595236,0.16615906776051284
reward_only,32,159,19875,0.00040647599566727877,0.002637437518326862,0.05072193013861329,127872,2.9819992250479475,0.7718219155215041,0.9144511818885803,5.5190815925598145,5.022354602813721,127872,2.9844415663914927,0.7713085944305687,0.8641772270202637,5.546590805053711,5.00766571521759,f1ba2c4a1f22ea0cefadaf9f2b405be0,65.80716288194526,0.16591184858888455
reward_only,32,160,20000,0.00040584244951605796,0.0026409625667653956,0.05068574105275599,127872,2.9820533221759074,0.7718488958642516,0.9143770337104797,5.5195112228393555,5.022197723388672,127872,2.9844415663914927,0.7713085944305687,0.8641772270202637,5.546590805053711,5.00766571521759,f1ba2c4a1f22ea0cefadaf9f2b405be0,66.21251541399397,0.16589165233694558
reward_only,33,161,20125,0.00041359042399562895,0.0025899681317998703,0.07138740805397625,127872,2.9836256105962717,0.7708046096649108,0.9159333109855652,5.517828941345215,5.019932270050049,127872,2.9844415663914927,0.7713085944305687,0.8641772270202637,5.546590805053711,5.00766571521759,f1ba2c4a1f22ea0cefadaf9f2b405be0,66.64800748997368,0.19298046951648504
reward_only,33,162,20250,0.0004104272429831326,0.0026137584895681624,0.06665148814257807,127872,2.98204957789651,0.7703732014232032,0.9157843589782715,5.5155768394470215,5.018697738647461,127872,2.9844415663914927,0.7713085944305687,0.8641772270202637,5.546590805053711,5.00766571521759,f1ba2c4a1f22ea0cefadaf9f2b405be0,67.06503073801287,0.15477679842539327
reward_only,33,163,20375,0.0004099469094071537,0.0026187215596000404,0.06768027291763132,127872,2.9816960165900803,0.7703159878736228,0.915718138217926,5.515506744384766,5.018945217132568,127872,2.9844415663914927,0.7713085944305687,0.8641772270202637,5.546590805053711,5.00766571521759,f1ba2c4a1f22ea0cefadaf9f2b405be0,67.49608903401531,0.16144659749915535
reward_only,33,164,20500,0.0004096292783506215,0.0026099902214782996,0.06774780469563747,127872,2.982100854912126,0.7705004663345134,0.915782630443573,5.5167999267578125,5.0203776359558105,127872,2.9844415663914927,0.7713085944305687,0.8641772270202637,5.546590805053711,5.00766571521759,f1ba2c4a1f22ea0cefadaf9f2b405be0,67.94396434293594,0.16963374569293874
reward_only,33,165,20625,0.0004084558002650738,0.0026029978738667634,0.06547928639943724,127872,2.9825809430806443,0.7706829436426972,0.9157878160476685,5.517905235290527,5.021237373352051,127872,2.9844415663914927,0.7713085944305687,0.8641772270202637,5.546590805053711,5.00766571521759,f1ba2c4a1f22ea0cefadaf9f2b405be0,68.35253236501012,0.16347110785790858
reward_only,34,166,20750,0.00039897972368635237,0.0026902668684612844,0.043068982819581374,127872,2.983940340977095,0.771318777063955,0.9163368344306946,5.518482685089111,5.028741359710693,127872,2.9844415663914927,0.7713085944305687,0.8641772270202637,5.546590805053711,5.00766571521759,f1ba2c4a1f22ea0cefadaf9f2b405be0,68.82117506302893,0.11828131164105295
reward_only,34,167,20875,0.00039990315050818026,0.002690994424989719,0.04706571302719999,127872,2.9840806743877755,0.7713610960270249,0.9164108037948608,5.519041538238525,5.029061794281006,127872,2.9844415663914927,0.7713085944305687,0.8641772270202637,5.546590805053711,5.00766571521759,f1ba2c4a1f22ea0cefadaf9f2b405be0,69.27144453604706,0.11149173517207722
reward_only,34,168,21000,0.00039964092918671665,0.0026893613219531372,0.047784579074213684,127872,2.98427987766468,0.7714167955304655,0.9164477586746216,5.519958019256592,5.0294294357299805,127872,2.9844415663914927,0.7713085944305687,0.8641772270202637,5.546590805053711,5.00766571521759,f1ba2c4a1f22ea0cefadaf9f2b405be0,69.65119705698453,0.11115114257355971
reward_only,34,169,21125,0.00039935873681679366,0.002686525175288596,0.048204989183841834,127872,2.984661301385399,0.7715440706673775,0.9165616035461426,5.521100044250488,5.0301737785339355,127872,2.9844415663914927,0.7713085944305687,0.8641772270202637,5.546590805053711,5.00766571521759,f1ba2c4a1f22ea0cefadaf9f2b405be0,70.08286457695067,0.11431237659284843
reward_only,34,170,21250,0.00039919013273902236,0.0026897025399338754,0.04891233383528199,127872,2.9850327762061015,0.7716828060822796,0.9165107607841492,5.521728515625,5.030889987945557,127872,2.9844415663914927,0.7713085944305687,0.8641772270202637,5.546590805053711,5.00766571521759,f1ba2c4a1f22ea0cefadaf9f2b405be0,70.54535195103381,0.12755210509709744
reward_only,35,171,21375,0.00040142991789616643,0.002611317073206952,0.05348224158938053,127872,2.9896072486035146,0.771244664957546,0.9214383363723755,5.5204291343688965,5.023582458496094,127872,2.9844415663914927,0.7713085944305687,0.8641772270202637,5.546590805053711,5.00766571521759,f1ba2c4a1f22ea0cefadaf9f2b405be0,70.9241401499603,0.15641578721039712
reward_only,35,172,21500,0.0004016157176811248,0.002617605542430891,0.05680561174844986,127872,2.98897895780117,0.7710781175075092,0.9212964177131653,5.51923942565918,5.022690773010254,127872,2.9844415663914927,0.7713085944305687,0.8641772270202637,5.546590805053711,5.00766571521759,f1ba2c4a1f22ea0cefadaf9f2b405be0,71.33498714200687,0.15638149514870736
reward_only,35,173,21625,0.0004004634008742869,0.002621679257375373,0.055357512398777925,127872,2.988725428080263,0.7710344938218107,0.9212287068367004,5.518672466278076,5.022251605987549,127872,2.9844415663914927,0.7713085944305687,0.8641772270202637,5.546590805053711,5.00766571521759,f1ba2c4a1f22ea0cefadaf9f2b405be0,71.75195929093752,0.15548905730081952
reward_only,35,174,21750,0.0003996698178816587,0.002625672689473538,0.05472468930341969,127872,2.9885822903794668,0.7709920496203282,0.9211164116859436,5.518531799316406,5.022123336791992,127872,2.9844415663914927,0.7713085944305687,0.8641772270202637,5.546590805053711,5.00766571521759,f1ba2c4a1f22ea0cefadaf9f2b405be0,72.19222606497351,0.1550076744777517
reward_only,35,175,21875,0.0003990251228678971,0.0026295824719619366,0.0543820431643679,127872,2.9885177324270575,0.7709839786948051,0.9210939407348633,5.518472671508789,5.022182941436768,127872,2.9844415663914927,0.7713085944305687,0.8641772270202637,5.546590805053711,5.00766571521759,f1ba2c4a1f22ea0cefadaf9f2b405be0,72.6283247639658,0.15472370508411604
reward_only,36,176,22000,0.00039727137284353376,0.0026493774726933737,0.05371163807521358,127872,2.985367523002866,0.7716717814663093,0.914997935295105,5.521832466125488,5.0276007652282715,127872,2.9844415663914927,0.7713085944305687,0.8641772270202637,5.546590805053711,5.00766571521759,f1ba2c4a1f22ea0cefadaf9f2b405be0,72.97388287098147,0.14206011708054006
reward_only,36,177,22125,0.0003966286166105419,0.0026504263703896586,0.05206462003880895,127872,2.9855492399288557,0.7717304291090292,0.9149954915046692,5.522247791290283,5.027927398681641,127872,2.9844415663914927,0.7713085944305687,0.8641772270202637,5.546590805053711,5.00766571521759,f1ba2c4a1f22ea0cefadaf9f2b405be0,73.31645452498924,0.12694274783075654
reward_only,36,178,22250,0.0003965222311671823,0.0026563345873347423,0.05351204963886621,127872,2.985633422026282,0.7717665131160084,0.9149606227874756,5.522547721862793,5.028243541717529,127872,2.9844415663914927,0.7713085944305687,0.8641772270202637,5.546590805053711,5.00766571521759,f1ba2c4a1f22ea0cefadaf9f2b405be0,73.73405674297828,0.13647434150698917
reward_only,36,179,22375,0.0003963186228647828,0.002661622048859318,0.054468320694328574,127872,2.9856690086715214,0.7717914062188165,0.914966344833374,5.522808074951172,5.028210639953613,127872,2.9844415663914927,0.7713085944305687,0.8641772270202637,5.546590805053711,5.00766571521759,f1ba2c4a1f22ea0cefadaf9f2b405be0,74.18237144302111,0.14124026490511182
reward_only,36,180,22500,0.0003960346542298794,0.0026650790588554334,0.05501294119328514,127872,2.985664375529562,0.7718025454162263,0.9148880243301392,5.522853374481201,5.028145790100098,127872,2.9844415663914927,0.7713085944305687,0.8641772270202637,5.546590805053711,5.00766571521759,f1ba2c4a1f22ea0cefadaf9f2b405be0,74.62812009593472,0.14370289131125463
reward_only,37,181,22625,0.0003999976015184075,0.0027180802772613635,0.06635019575729831,127872,2.981163846381527,0.7696585679221783,0.9156350493431091,5.502010345458984,5.012472152709961,127872,2.9844415663914927,0.7713085944305687,0.8641772270202637,5.546590805053711,5.00766571521759,f1ba2c4a1f22ea0cefadaf9f2b405be0,75.12165087100584,0.15389591834478486
reward_only,37,182,22750,0.0003989112775307149,0.0027501803071876135,0.06622242236032368,127872,2.9798063745146974,0.769313649894364,0.915159285068512,5.4995646476745605,5.009592056274414,127872,2.9844415663914927,0.7713085944305687,0.8641772270202637,5.546590805053711,5.00766571521759,f1ba2c4a1f22ea0cefadaf9f2b405be0,75.57925485097803,0.15837929931076059
reward_only,37,183,22875,0.00039731975947506724,0.002755191395461734,0.06265923763271702,127872,2.979653144270663,0.7692730252292185,0.9150176048278809,5.499220848083496,5.008988380432129,127872,2.9844415663914927,0.7713085944305687,0.8641772270202637,5.546590805053711,5.00766571521759,f1ba2c4a1f22ea0cefadaf9f2b405be0,75.95088217000011,0.1572411674167602
reward_only,37,184,23000,0.0003961366857402027,0.0027593656463317986,0.06035614547092366,127872,2.979772609702821,0.7693013567645409,0.9150563478469849,5.499162197113037,5.009176731109619,127872,2.9844415663914927,0.7713085944305687,0.8641772270202637,5.546590805053711,5.00766571521759,f1ba2c4a1f22ea0cefadaf9f2b405be0,76.36319743294735,0.15849681097043225
reward_only,37,185,23125,0.000395186131587252,0.0027655631136435503,0.05919509359184568,127872,2.9798358397850127,0.7693166459006673,0.9148674011230469,5.4993462562561035,5.00908088684082,127872,2.9844415663914927,0.7713085944305687,0.8641772270202637,5.546590805053711,5.00766571521759,f1ba2c4a1f22ea0cefadaf9f2b405be0,76.81255755096208,0.15668847563331065
reward_only,38,186,23250,0.0003941340302117169,0.002683667166684086,0.05430983516166262,127872,2.986146344409396,0.772778452391934,0.9137940406799316,5.522502899169922,5.027876853942871,127872,2.9844415663914927,0.7713085944305687,0.8641772270202637,5.546590805053711,5.00766571521759,f1ba2c4a1f22ea0cefadaf9f2b405be0,77.17839148803614,0.14518775100903197
reward_only,38,187,23375,0.00039239692385308446,0.0026886930527605557,0.05200399694831485,127872,2.9861989570972702,0.77281720145183,0.9136020541191101,5.522660255432129,5.028053283691406,127872,2.9844415663914927,0.7713085944305687,0.8641772270202637,5.546590805053711,5.00766571521759,f1ba2c4a1f22ea0cefadaf9f2b405be0,77.51180719793774,0.15224630695355745
reward_only,38,188,23500,0.0003925036785658449,0.002693678145473127,0.05384240818084361,127872,2.986220091916024,0.7728466835434227,0.9134693145751953,5.522811412811279,5.028088569641113,127872,2.9844415663914927,0.7713085944305687,0.8641772270202637,5.546590805053711,5.00766571521759,f1ba2c4a1f22ea0cefadaf9f2b405be0,77.84945435193367,0.15692570977906567
reward_only,38,189,23625,0.0003923596173990518,0.002696337434371942,0.05485758457183016,127872,2.9862566387739493,0.7728448774335208,0.9135757684707642,5.522765636444092,5.027956485748291,127872,2.9844415663914927,0.7713085944305687,0.8641772270202637,5.546590805053711,5.00766571521759,f1ba2c4a1f22ea0cefadaf9f2b405be0,78.18336030899081,0.15898294476008565
reward_only,38,190,23750,0.00039207168854773046,0.0026980785907536166,0.0553196011945243,127872,2.9862722773459165,0.7728482825809193,0.9133938550949097,5.5228471755981445,5.027746677398682,127872,2.9844415663914927,0.7713085944305687,0.8641772270202637,5.546590805053711,5.00766571521759,f1ba2c4a1f22ea0cefadaf9f2b405be0,78.54339724197052,0.15988539774555993
reward_only,39,191,23875,0.00038897310476750135,0.002673697158991205,0.04637269192053308,127872,2.9848738002676605,0.7718244623814424,0.9128738045692444,5.519540786743164,5.020425319671631,127872,2.9844415663914927,0.7713085944305689,0.8641772270202637,5.546590805053711,5.00766571521759,f1ba2c4a1f22ea0cefadaf9f2b405be0,78.91544088500086,0.15689071082030406
reward_only,39,192,24000,0.0003892297896090895,0.0026804267998358396,0.046987127142077104,127872,2.9842181051964753,0.7716231971195077,0.9127726554870605,5.518374443054199,5.019243240356445,127872,2.9844415663914927,0.7713085944305689,0.8641772270202637,5.546590805053711,5.00766571521759,f1ba2c4a1f22ea0cefadaf9f2b405be0,79.26269793696702,0.15815789767134245
reward_only,39,193,24125,0.0003888953768182546,0.0026846304186155462,0.04752850725282874,127872,2.9837718018721247,0.7714979024790104,0.9127432107925415,5.517583847045898,5.018706798553467,127872,2.9844415663914927,0.7713085944305689,0.8641772270202637,5.546590805053711,5.00766571521759,f1ba2c4a1f22ea0cefadaf9f2b405be0,79.61352249595802,0.16333868416236225
reward_only,39,194,24250,0.00038853922532871367,0.0026854785652469983,0.047931777348454455,127872,2.9835180036823363,0.7714310140320866,0.9126550555229187,5.517448425292969,5.018367290496826,127872,2.9844415663914927,0.7713085944305689,0.8641772270202637,5.546590805053711,5.00766571521759,f1ba2c4a1f22ea0cefadaf9f2b405be0,79.95678409899119,0.16430267784253444
reward_only,39,195,24375,0.00038808566145598887,0.0026869004860492884,0.04832183819520526,127872,2.9833944359746716,0.7714246661104593,0.9126788377761841,5.517512798309326,5.018632888793945,127872,2.9844415663914927,0.7713085944305689,0.8641772270202637,5.546590805053711,5.00766571521759,f1ba2c4a1f22ea0cefadaf9f2b405be0,80.28036182397045,0.1633730782754135
reward_only,40,196,24500,0.0003882863644976169,0.002744818662185156,0.04804604984170919,127872,2.982478414371785,0.7708769146498216,0.9156104922294617,5.519755840301514,5.0245771408081055,127872,2.9844415663914927,0.7713085944305687,0.8641772270202637,5.546590805053711,5.00766571521759,f1ba2c4a1f22ea0cefadaf9f2b405be0,80.6232103620423,0.11351030450235994
reward_only,40,197,24625,0.00038756238599307836,0.0027508863299229376,0.04809486805448259,127872,2.9821939404351867,0.7707885996543936,0.9154455065727234,5.519758224487305,5.024765968322754,127872,2.9844415663914927,0.7713085944305687,0.8641772270202637,5.546590805053711,5.00766571521759,f1ba2c4a1f22ea0cefadaf9f2b405be0,80.96627047297079,0.1245441042071138
reward_only,40,198,24750,0.00038712973380461337,0.0027560821966723546,0.04852271638879012,127872,2.982035416384434,0.7707226671674893,0.9154441356658936,5.519650936126709,5.024845123291016,127872,2.9844415663914927,0.7713085944305687,0.8641772270202637,5.546590805053711,5.00766571521759,f1ba2c4a1f22ea0cefadaf9f2b405be0,81.29752493801061,0.13038353667440575
reward_only,40,199,24875,0.00038665264449082315,0.0027576472606390245,0.04855700095604822,127872,2.9819980049706265,0.7707042580618034,0.9154874086380005,5.519403457641602,5.0250372886657715,127872,2.9844415663914927,0.7713085944305687,0.8641772270202637,5.546590805053711,5.00766571521759,f1ba2c4a1f22ea0cefadaf9f2b405be0,81.61873694404494,0.1299721453394385
reward_only,40,200,25000,0.00038616304751485584,0.0027584525805332827,0.048379099884308024,127872,2.9819800689083724,0.770694620579996,0.9155294895172119,5.519467353820801,5.025033473968506,127872,2.9844415663914927,0.7713085944305687,0.8641772270202637,5.546590805053711,5.00766571521759,f1ba2c4a1f22ea0cefadaf9f2b405be0,81.94295813096687,0.1296599989459218
real_transition_bootstrap,0,0,0,9.50180841130361,8.838572306471974,5.896757927152228,127872,-5.8644899247073956e-08,5.2120563877682587e-08,-1.8704447768413957e-07,8.179172539257706e-08,5.68006868206794e-08,127872,2.9844415089199576,0.7713086078104603,0.8641770054349651,5.546590701922218,5.0076656956847865,27715c8379cd1857ed47b8cd532f7884,0.0,
real_transition_bootstrap,1,1,125,8.864416122436523,5.226969772503539,7.72626002041983,127872,0.7312132395441281,0.24552525627857685,0.2146919220685959,1.5419354438781738,1.2361102104187012,127872,2.9844415089199576,0.7713086078104603,0.8641770054349651,5.546590701922218,5.0076656956847865,27715c8379cd1857ed47b8cd532f7884,0.5305977859534323,18.383704572867146
real_transition_bootstrap,1,2,250,0.8584729788899421,0.11793613111883706,6.157279095295629,127872,2.930281140472371,0.847576611060928,0.8886395692825317,6.03788423538208,5.499141216278076,127872,2.9844415089199576,0.7713086078104603,0.8641770054349651,5.546590701922218,5.0076656956847865,27715c8379cd1857ed47b8cd532f7884,0.859148864983581,21.419491729848698
real_transition_bootstrap,1,3,375,0.08978509229421616,0.08163074255770696,0.49356694923862393,127872,2.957799219242945,0.8058444578935003,0.9331904649734497,5.862605094909668,5.265657901763916,127872,2.9844415089199576,0.7713086078104603,0.8641770054349651,5.546590701922218,5.0076656956847865,27715c8379cd1857ed47b8cd532f7884,1.173293792991899,0.9159676380799404
real_transition_bootstrap,1,4,500,0.05559377384185791,0.06591510894822121,0.32788754262029013,127872,2.96479060622939,0.7972895928166669,0.9173751473426819,5.680479049682617,5.237154960632324,127872,2.9844415089199576,0.7713086078104603,0.8641770054349651,5.546590701922218,5.0076656956847865,27715c8379cd1857ed47b8cd532f7884,1.492866987013258,0.636582908608412
real_transition_bootstrap,1,5,625,0.039417918860912324,0.05438467440554982,0.2518196304895758,127872,2.9690432099082895,0.7916025569395153,0.9113726019859314,5.586057662963867,5.245567321777344,127872,2.9844415089199576,0.7713086078104603,0.8641770054349651,5.546590701922218,5.0076656956847865,27715c8379cd1857ed47b8cd532f7884,1.8111191500211135,0.6149307036561512
real_transition_bootstrap,2,6,750,0.6285938143730163,0.07193641631756253,12.554011141578464,127872,5.933070290844899,1.5807891890772474,1.8642500638961792,11.13406753540039,10.487887382507324,127872,5.940174242452026,1.5501037901117924,1.8433197331428528,11.21172637939453,10.259364650678634,27eb046843903e548e79a485a4c51dc6,2.2115330969681963,77.02780980919928
real_transition_bootstrap,2,7,875,0.041685307085514066,0.058235520683756994,0.4456304050334318,127872,5.932524658115888,1.5721534588980461,1.907402753829956,11.115100860595703,10.362950325012207,127872,5.940174242452026,1.5501037901117924,1.8433197331428528,11.21172637939453,10.259364650678634,27eb046843903e548e79a485a4c51dc6,2.5448074110317975,1.5642631626709942
real_transition_bootstrap,2,8,1000,0.032222633868455884,0.049037050771156096,0.3667559872155114,127872,5.934053740448302,1.5671911443304674,1.943168044090271,11.12557601928711,10.292885780334473,127872,5.940174242452026,1.5501037901117924,1.8433197331428528,11.21172637939453,10.259364650678634,27eb046843903e548e79a485a4c51dc6,2.8727879610378295,1.3642589447215183
real_transition_bootstrap,2,9,1125,0.026777290523052215,0.04270165423193777,0.3233285208944552,127872,5.935139426135564,1.563657978491533,1.9640032052993774,11.141097068786621,10.254528999328613,127872,5.940174242452026,1.5501037901117924,1.8433197331428528,11.21172637939453,10.259364650678634,27eb046843903e548e79a485a4c51dc6,3.1971508120186627,1.1958466428107837
real_transition_bootstrap,2,10,1250,0.023178287893533708,0.03783944293901106,0.2948659763640245,127872,5.93602054318911,1.5612490083172215,1.9792282581329346,11.148813247680664,10.239400863647461,127872,5.940174242452026,1.5501037901117924,1.8433197331428528,11.21172637939453,10.259364650678634,27eb046843903e548e79a485a4c51dc6,3.521009929012507,1.0567238355356732
real_transition_bootstrap,3,11,1375,0.4990024072229862,0.07067611287188717,17.26611223879122,127872,8.874567798740632,2.3463380675820042,3.028872013092041,16.7775821685791,15.338672637939453,127872,8.881318271081986,2.330053505793901,2.9249384427070617,16.983388538360593,15.33512178955078,86e3e5e60a9464ed799e52c43b4b1245,3.930163766955957,129.389822734741
real_transition_bootstrap,3,12,1500,0.040461043626070024,0.060730041683421165,0.4978064677786995,127872,8.874212393214604,2.3414662715002383,3.0618233680725098,16.779300689697266,15.349496841430664,127872,8.881318271081986,2.330053505793901,2.9249384427070617,16.983388538360593,15.33512178955078,86e3e5e60a9464ed799e52c43b4b1245,4.2444654610008,1.443438036120636
real_transition_bootstrap,3,13,1625,0.0348727622628212,0.05493881285993707,0.44524937218246463,127872,8.87475984495644,2.338550592628814,3.0810890197753906,16.77672004699707,15.350191116333008,127872,8.881318271081986,2.330053505793901,2.9249384427070617,16.983388538360593,15.33512178955078,86e3e5e60a9464ed799e52c43b4b1245,4.571945367963053,1.37522764882639
real_transition_bootstrap,3,14,1750,0.0313451136648655,0.05065941854026372,0.41868010826952645,127872,8.874924548719829,2.3361824632184858,3.0912632942199707,16.759721755981445,15.341512680053711,127872,8.881318271081986,2.330053505793901,2.9249384427070617,16.983388538360593,15.33512178955078,86e3e5e60a9464ed799e52c43b4b1245,4.882333014043979,1.3164577603044236
real_transition_bootstrap,3,15,1875,0.02866599056124687,0.04750644113703277,0.40122333237380753,127872,8.87497958831034,2.3341578692994327,3.0931925773620605,16.74650001525879,15.328094482421875,127872,8.881318271081986,2.330053505793901,2.9249384427070617,16.983388538360593,15.33512178955078,86e3e5e60a9464ed799e52c43b4b1245,5.192255579982884,1.260775198115382
real_transition_bootstrap,4,16,2000,0.46589311441779135,0.0864431547594816,21.702492367524925,127872,11.789995647459715,3.12413820633552,4.180671691894531,22.39114761352539,20.651229858398438,127872,11.794505179064188,3.113209969497697,4.0500980758667,22.72323137283325,20.699804438495637,720a3672e65d21221a47c48c3f515c99,5.592519138008356,181.43594424815728
real_transition_bootstrap,4,17,2125,0.04632646250724792,0.07812687853189422,0.643973286273394,127872,11.794270291999057,3.1233701129536176,4.2019500732421875,22.39238929748535,20.64112091064453,127872,11.794505179064188,3.113209969497697,4.0500980758667,22.72323137283325,20.699804438495637,720a3672e65d21221a47c48c3f515c99,5.908952779951505,1.5741316268134737
real_transition_bootstrap,4,18,2250,0.04194660475850105,0.07275907795813562,0.6013018574244012,127872,11.794820659861967,3.1217918540847505,4.208752632141113,22.37514305114746,20.61850929260254,127872,11.794505179064188,3.113209969497697,4.0500980758667,22.72323137283325,20.699804438495637,720a3672e65d21221a47c48c3f515c99,6.222610236960463,1.4586825247652486
real_transition_bootstrap,4,19,2375,0.03888270729780197,0.06879212260945997,0.5761123406501928,127872,11.795308173388928,3.1207042344607556,4.205206871032715,22.355714797973633,20.61347770690918,127872,11.794505179064188,3.113209969497697,4.0500980758667,22.72323137283325,20.699804438495637,720a3672e65d21221a47c48c3f515c99,6.564639784977771,1.4319665892653197
real_transition_bootstrap,4,20,2500,0.03641732700169086,0.0658477219067096,0.556845554217017,127872,11.79585765021759,3.1197087602816618,4.2008957862854,22.338329315185547,20.612133026123047,127872,11.794505179064188,3.113209969497697,4.0500980758667,22.72323137283325,20.699804438495637,720a3672e65d21221a47c48c3f515c99,6.8969663749448955,1.4090739840953566
real_transition_bootstrap,5,21,2625,0.4476680509746075,0.10691589305977452,25.396552436261082,127872,14.701855584427163,3.9078299387515854,5.332945346832275,27.9803524017334,26.008615493774414,127872,14.694931470577298,3.9018955312579955,5.176406471729279,28.42182861328125,26.09917500896454,f651def82f17f7360beb17f93b841e58,7.319485432002693,229.8175934857821
real_transition_bootstrap,5,22,2750,0.0524154606461525,0.10067693149610056,0.8807668986427882,127872,14.699645539191929,3.9062489588874785,5.349666118621826,27.95892333984375,25.994455337524414,127872,14.694931470577298,3.9018955312579955,5.176406471729279,28.42182861328125,26.09917500896454,f651def82f17f7360beb17f93b841e58,7.64056793297641,1.9770255673387347
real_transition_bootstrap,5,23,2875,0.04820765167474747,0.09683620258601518,0.8331473726597924,127872,14.700339837124696,3.9055715641967637,5.354311466217041,27.939273834228516,25.9884033203125,127872,14.694931470577298,3.9018955312579955,5.176406471729279,28.42182861328125,26.09917500896454,f651def82f17f7360beb17f93b841e58,7.953136258060113,1.7915314289730055
real_transition_bootstrap,5,24,3000,0.045149657279253005,0.0940042042878128,0.8075332160427148,127872,14.700724123659226,3.9051705523019895,5.355957508087158,27.94194221496582,25.981616973876953,127872,14.694931470577298,3.9018955312579955,5.176406471729279,28.42182861328125,26.09917500896454,f651def82f17f7360beb17f93b841e58,8.272334579960443,1.7033947959584232
real_transition_bootstrap,5,25,3125,0.042785243272781374,0.09186092844471208,0.7863401144586979,127872,14.701032978330588,3.9048342866926724,5.356841564178467,27.944067001342773,25.975868225097656,127872,14.694931470577298,3.9018955312579955,5.176406471729279,28.42182861328125,26.09917500896454,f651def82f17f7360beb17f93b841e58,8.592298645991832,1.711237908757883
real_transition_bootstrap,6,26,3250,0.43956295448541644,0.1491984918497413,29.220383893126435,127872,17.576598509937316,4.680510335696963,6.543138027191162,33.56428527832031,31.325162887573242,127872,17.57959097494956,4.680570947392993,6.368478147983551,34.060661945343014,31.4397269033432,9c722309c5606d3d4821c2943fa3904c,8.986402992042713,269.06684921955286
real_transition_bootstrap,6,27,3375,0.05826924553513527,0.1433358003749289,1.039780496863095,127872,17.57941344402007,4.6817054878196,6.555492401123047,33.5927848815918,31.308717727661133,127872,17.57959097494956,4.680570947392993,6.368478147983551,34.060661945343014,31.4397269033432,9c722309c5606d3d4821c2943fa3904c,9.288983021047898,2.7509456267834564
real_transition_bootstrap,6,28,3500,0.05440630683302879,0.14011529468530262,1.001471479171246,127872,17.5799436208655,4.681891754286188,6.556802272796631,33.604679107666016,31.298320770263672,127872,17.57959097494956,4.680570947392993,6.368478147983551,34.060661945343014,31.4397269033432,9c722309c5606d3d4821c2943fa3904c,9.60837769601494,2.572509428623478
real_transition_bootstrap,6,29,3625,0.05159483698010445,0.1378434638857277,0.9723171955496054,127872,17.58020065411985,4.68196548655463,6.555874347686768,33.61349868774414,31.294343948364258,127872,17.57959097494956,4.680570947392993,6.368478147983551,34.060661945343014,31.4397269033432,9c722309c5606d3d4821c2943fa3904c,9.935980141046457,2.4226457770812324
real_transition_bootstrap,6,30,3750,0.049272555321455004,0.1360311842469383,0.9476994176047608,127872,17.580447951493948,4.681846402938208,6.552471160888672,33.61899948120117,31.295377731323242,127872,17.57959097494956,4.680570947392993,6.368478147983551,34.060661945343014,31.4397269033432,9c722309c5606d3d4821c2943fa3904c,10.239419898018241,2.3281156266446965
real_transition_bootstrap,7,31,3875,0.4387402675747871,0.20351211831743996,33.414938567560576,127872,20.444544360463,5.452525970560746,7.7946457862854,39.20772933959961,36.620361328125,127872,20.441051273886,5.451374974742558,7.592675721645355,39.61994035720825,36.72234449634552,0e5f7f0d51946f22db9d93f3970e458d,10.650445993058383,302.8136480038307
real_transition_bootstrap,7,32,4000,0.06368828716874123,0.19787500383965403,1.222849915762802,127872,20.44567743171234,5.453478453967697,7.810027122497559,39.219791412353516,36.60365676879883,127872,20.441051273886,5.451374974742558,7.592675721645355,39.61994035720825,36.72234449634552,0e5f7f0d51946f22db9d93f3970e458d,10.969935726956464,2.5738951736114406
real_transition_bootstrap,7,33,4125,0.05974100461602211,0.1948676823007519,1.1997835411924909,127872,20.44537510287699,5.453788520783152,7.801514148712158,39.219573974609375,36.594722747802734,127872,20.441051273886,5.451374974742558,7.592675721645355,39.61994035720825,36.72234449634552,0e5f7f0d51946f22db9d93f3970e458d,11.279756432049908,2.6320397237593234
real_transition_bootstrap,7,34,4250,0.05650630870461464,0.1929717836214028,1.1765330417719482,127872,20.445123697846412,5.45399285060888,7.7971978187561035,39.21158981323242,36.589969635009766,127872,20.441051273886,5.451374974742558,7.592675721645355,39.61994035720825,36.72234449634552,0e5f7f0d51946f22db9d93f3970e458d,11.594687810982578,2.722820918918237
real_transition_bootstrap,7,35,4375,0.05382229959964752,0.19137801462616685,1.1563329789676902,127872,20.444912876478874,5.454214692366354,7.796104431152344,39.204063415527344,36.58837890625,127872,20.441051273886,5.451374974742558,7.592675721645355,39.61994035720825,36.72234449634552,0e5f7f0d51946f22db9d93f3970e458d,11.903762329020537,2.8450407325844074
real_transition_bootstrap,8,36,4500,0.433233720511198,0.27479558584144553,36.66246059067006,127872,23.284700353589802,6.213257622368194,9.096478462219238,44.715301513671875,41.83076095581055,127872,23.288094125344795,6.218066311588488,8.857687418460845,45.00494607925415,41.93654828109741,cd7b81e792fccb28d99ebbcaaa5e5bb2,12.30737491499167,335.25508332608706
real_transition_bootstrap,8,37,4625,0.06623814088106156,0.27058917492577955,1.3833482246038726,127872,23.27986929630553,6.211923168547091,9.101879119873047,44.71375274658203,41.80742645263672,127872,23.288094125344795,6.218066311588488,8.857687418460845,45.00494607925415,41.93654828109741,cd7b81e792fccb28d99ebbcaaa5e5bb2,12.633271578000858,3.5775064063326663
real_transition_bootstrap,8,38,4750,0.06254665848612785,0.2679120981340661,1.3954544450514954,127872,23.27877090487991,6.21152143486639,9.098448753356934,44.70513916015625,41.81211471557617,127872,23.288094125344795,6.218066311588488,8.857687418460845,45.00494607925415,41.93654828109741,cd7b81e792fccb28d99ebbcaaa5e5bb2,12.932671602000482,3.966763554189502
real_transition_bootstrap,8,39,4875,0.05971315565705299,0.2659708024485734,1.4001859578439568,127872,23.277521612176727,6.21082911153854,9.096358299255371,44.693870544433594,41.81096649169922,127872,23.288094125344795,6.218066311588488,8.857687418460845,45.00494607925415,41.93654828109741,cd7b81e792fccb28d99ebbcaaa5e5bb2,13.235594138968736,3.963158997164484
real_transition_bootstrap,8,40,5000,0.057429882496595384,0.2646863567168522,1.4123026933953269,127872,23.27684448260415,6.2102130317063855,9.095040321350098,44.68302917480469,41.80021667480469,127872,23.288094125344795,6.218066311588488,8.857687418460845,45.00494607925415,41.93654828109741,cd7b81e792fccb28d99ebbcaaa5e5bb2,13.572413707966916,3.995844739113728
real_transition_bootstrap,9,41,5125,0.4382563194036484,0.36851814559130763,40.7114327026446,127872,26.10653885249589,6.963836699126336,10.445425987243652,50.12725067138672,46.993167877197266,127872,26.099473303910234,6.970646202277218,10.157753999233245,50.27563562393188,47.14783725070953,183b0c9d234c6702cadb4c974cc1fb32,13.985378511948511,379.6037637881296
real_transition_bootstrap,9,42,5250,0.07139310583472253,0.3645498576732475,1.6142214416732608,127872,26.10758373312078,6.9666798237623695,10.428220748901367,50.132022857666016,46.98542022705078,127872,26.099473303910234,6.970646202277218,10.157753999233245,50.27563562393188,47.14783725070953,183b0c9d234c6702cadb4c974cc1fb32,14.298538023023866,3.3859134577346235
real_transition_bootstrap,9,43,5375,0.06769635337591172,0.3606202914744732,1.5952237060745065,127872,26.10885979312736,6.967802016046151,10.423101425170898,50.12486267089844,46.99457550048828,127872,26.099473303910234,6.970646202277218,10.157753999233245,50.27563562393188,47.14783725070953,183b0c9d234c6702cadb4c974cc1fb32,14.60953411902301,3.2687777987456825
real_transition_bootstrap,9,44,5500,0.06455907699465752,0.3578301418059999,1.564937634382061,127872,26.10999355175056,6.968163922749255,10.423295021057129,50.11248016357422,47.00577163696289,127872,26.099473303910234,6.970646202277218,10.157753999233245,50.27563562393188,47.14783725070953,183b0c9d234c6702cadb4c974cc1fb32,14.91905227501411,3.2721363672966057
real_transition_bootstrap,9,45,5625,0.06187799057364464,0.35449340037839455,1.5409528674548676,127872,26.110997543962032,6.968307471724657,10.419831275939941,50.103267669677734,47.01054763793945,127872,26.099473303910234,6.970646202277218,10.157753999233245,50.27563562393188,47.14783725070953,183b0c9d234c6702cadb4c974cc1fb32,15.239430957008153,3.154773523210609
real_transition_bootstrap,10,46,5750,0.4229821748137474,0.4889145162362376,42.63606254540151,127872,28.904417527091873,7.704185334610237,11.763175010681152,55.35914611816406,52.16513442993164,127872,28.91205806600556,7.720146846266111,11.497161376476289,55.477795886993405,52.33828916988372,ade870a7f21e11af8a2dec0162155474,15.665825244039297,401.59283163483866
real_transition_bootstrap,10,47,5875,0.07935582888126373,0.47960869922486393,1.8912029282022351,127872,28.906106319043552,7.707120686693557,11.741910934448242,55.33709716796875,52.16313552856445,127872,28.91205806600556,7.720146846266111,11.497161376476289,55.477795886993405,52.33828916988372,ade870a7f21e11af8a2dec0162155474,16.003384012030438,5.3262820853516795
real_transition_bootstrap,10,48,6000,0.07501955217123031,0.4726314200608219,1.8541930831519517,127872,28.90573816337027,7.7079090914613495,11.733551025390625,55.30463790893555,52.161319732666016,127872,28.91205806600556,7.720146846266111,11.497161376476289,55.477795886993405,52.33828916988372,ade870a7f21e11af8a2dec0162155474,16.330571074970067,5.102508349817681
real_transition_bootstrap,10,49,6125,0.07135771626234054,0.4682565623976568,1.817130797605359,127872,28.905273742481572,7.708578117845993,11.726840019226074,55.27498245239258,52.15827941894531,127872,28.91205806600556,7.720146846266111,11.497161376476289,55.477795886993405,52.33828916988372,ade870a7f21e11af8a2dec0162155474,16.651320278993808,4.902048518971863
real_transition_bootstrap,10,50,6250,0.06815623104572296,0.464162846073899,1.8128738248961815,127872,28.905138918020583,7.709252780725267,11.723490715026855,55.251583099365234,52.153831481933594,127872,28.91205806600556,7.720146846266111,11.497161376476289,55.477795886993405,52.33828916988372,ade870a7f21e11af8a2dec0162155474,16.974122024024837,5.0566123604367315
real_transition_bootstrap,11,51,6375,0.43714979392290115,0.6154658289769278,46.470599402341755,127872,31.69572216302932,8.438032152269015,13.084640502929688,60.45121383666992,57.311553955078125,127872,31.69015219367912,8.450785831166455,12.843895261287688,60.456720485687256,57.3982542722702,bc45fc450e0ca969858b3603282a928b,17.404743431019597,444.6564368246205
real_transition_bootstrap,11,52,6500,0.08973157113790511,0.6076351315247513,2.163478683480302,127872,31.691253934163708,8.439924516296871,13.066842079162598,60.415653228759766,57.297386169433594,127872,31.69015219367912,8.450785831166455,12.843895261287688,60.456720485687256,57.3982542722702,bc45fc450e0ca969858b3603282a928b,17.72859137400519,5.5638183457092
real_transition_bootstrap,11,53,6625,0.08513252085447312,0.6000889417520054,2.1371824778717716,127872,31.690176785693275,8.440692594269066,13.058541297912598,60.387168884277344,57.29524612426758,127872,31.69015219367912,8.450785831166455,12.843895261287688,60.456720485687256,57.3982542722702,bc45fc450e0ca969858b3603282a928b,18.062153878971003,5.786885559457736
real_transition_bootstrap,11,54,6750,0.08139977490901946,0.5932446843637549,2.109648113667,127872,31.689695041570758,8.44101277530129,13.05134391784668,60.36293411254883,57.296875,127872,31.69015219367912,8.450785831166455,12.843895261287688,60.456720485687256,57.3982542722702,bc45fc450e0ca969858b3603282a928b,18.40336248197127,6.0072660714838655
real_transition_bootstrap,11,55,6875,0.07828871756792069,0.5874327263169914,2.085983260405781,127872,31.690083314288962,8.441409253633058,13.047621726989746,60.341949462890625,57.29563522338867,127872,31.69015219367912,8.450785831166455,12.843895261287688,60.456720485687256,57.3982542722702,bc45fc450e0ca969858b3603282a928b,18.734941067988984,6.115448847500012
real_transition_bootstrap,12,56,7000,0.45558672899007796,0.7672265553994904,50.87397349983222,127872,34.46201642481862,9.157140918163611,14.466717720031738,65.45592498779297,62.39375305175781,127872,34.4614223068933,9.174775414023891,14.213438565731048,65.77799564361572,62.495971096611015,44535aba29e3082efdebabc3d37840b7,19.163153460947797,476.33601218264005
real_transition_bootstrap,12,57,7125,0.10234643441438675,0.7550663325066087,2.635527584347173,127872,34.459206171684315,9.15906562766683,14.457029342651367,65.4473648071289,62.40327835083008,127872,34.4614223068933,9.174775414023891,14.213438565731048,65.77799564361572,62.495971096611015,44535aba29e3082efdebabc3d37840b7,19.50740591296926,8.245190317943539
real_transition_bootstrap,12,58,7250,0.09719450420141221,0.7458712203399644,2.5623553956751044,127872,34.45918722564095,9.16036909727287,14.454116821289062,65.43892669677734,62.41633224487305,127872,34.4614223068933,9.174775414023891,14.213438565731048,65.77799564361572,62.495971096611015,44535aba29e3082efdebabc3d37840b7,19.831278591998853,8.396167381328704
real_transition_bootstrap,12,59,7375,0.09293043053150177,0.7391522097874162,2.4881133329604617,127872,34.45884250587708,9.161331207164597,14.451476097106934,65.4325180053711,62.42414474487305,127872,34.4614223068933,9.174775414023891,14.213438565731048,65.77799564361572,62.495971096611015,44535aba29e3082efdebabc3d37840b7,20.153964378056116,8.405456852172428
real_transition_bootstrap,12,60,7500,0.08902644073963165,0.7323144066548467,2.4329920167076224,127872,34.45896807489721,9.16213204406669,14.446650505065918,65.4228515625,62.428558349609375,127872,34.4614223068933,9.174775414023891,14.213438565731048,65.77799564361572,62.495971096611015,44535aba29e3082efdebabc3d37840b7,20.47360401903279,8.274482231321857
real_transition_bootstrap,13,61,7625,0.4531530099511146,0.9492224872511541,51.90571308920855,127872,37.209617043430505,9.868436063322177,15.885783195495605,70.5462875366211,67.46766662597656,127872,37.2119786850491,9.889800184629104,15.602701127529144,71.23690090179443,67.61280421028137,6598b59755973a9cd30d4992682c4bce,20.89483967598062,505.6505436131314
real_transition_bootstrap,13,62,7750,0.11548909759521485,0.9355600408272606,3.0207470263900293,127872,37.21004350574405,9.870680865609197,15.875171661376953,70.55680847167969,67.48259735107422,127872,37.2119786850491,9.889800184629104,15.602701127529144,71.23690090179443,67.61280421028137,6598b59755973a9cd30d4992682c4bce,21.233944745967165,7.253066890645249
real_transition_bootstrap,13,63,7875,0.10927509719133377,0.9253589839805559,2.9875245922617446,127872,37.20959759499874,9.871454752573278,15.86457633972168,70.56157684326172,67.48421478271484,127872,37.2119786850491,9.889800184629104,15.602701127529144,71.23690090179443,67.61280421028137,6598b59755973a9cd30d4992682c4bce,21.578383115003817,6.821073912934178
real_transition_bootstrap,13,64,8000,0.10425052750110626,0.9179949704764531,2.9399750135893283,127872,37.209215286682856,9.871621992855518,15.854697227478027,70.55895233154297,67.4815902709961,127872,37.2119786850491,9.889800184629104,15.602701127529144,71.23690090179443,67.61280421028137,6598b59755973a9cd30d4992682c4bce,21.905325948027894,6.469695318074298
real_transition_bootstrap,13,65,8125,0.09988121730089188,0.9110990353244461,2.9033050730685104,127872,37.209873979185915,9.872044015616776,15.849098205566406,70.55884552001953,67.48372650146484,127872,37.2119786850491,9.889800184629104,15.602701127529144,71.23690090179443,67.61280421028137,6598b59755973a9cd30d4992682c4bce,22.222026051953435,6.663763012732324
real_transition_bootstrap,14,66,8250,0.47173294323682785,1.181807088264774,55.53880804164627,127872,39.944283940904846,10.571762143790917,17.32304573059082,75.72355651855469,72.61032104492188,127872,39.94464672717902,10.589863603738687,17.043996999263765,76.55341510772705,72.82041336116791,865767b8082b2c3b435b09079bd315ae,22.637613406055607,522.5576407870442
real_transition_bootstrap,14,67,8375,0.13295738410949706,1.166116726050119,3.474199721013368,127872,39.94631289138092,10.57524323783825,17.314481735229492,75.7522201538086,72.64282989501953,127872,39.94464672717902,10.589863603738687,17.043996999263765,76.55341510772705,72.82041336116791,865767b8082b2c3b435b09079bd315ae,22.957934667007066,10.274229775146148
real_transition_bootstrap,14,68,8500,0.12511700004339218,1.1532560178136917,3.414430999615133,127872,39.94667926262151,10.576856663534716,17.317949295043945,75.76403045654297,72.66777038574219,127872,39.94464672717902,10.589863603738687,17.043996999263765,76.55341510772705,72.82041336116791,865767b8082b2c3b435b09079bd315ae,23.288736977032386,10.118636703829639
real_transition_bootstrap,14,69,8625,0.11880244529247284,1.1416008827331479,3.4078864754623064,127872,39.94783562338269,10.578144176423836,17.316587448120117,75.7640609741211,72.68437194824219,127872,39.94464672717902,10.589863603738687,17.043996999263765,76.55341510772705,72.82041336116791,865767b8082b2c3b435b09079bd315ae,23.63513895100914,10.018635793187322
real_transition_bootstrap,14,70,8750,0.11311789000034332,1.130586982350994,3.421713154444392,127872,39.949813950512265,10.578928922094835,17.315200805664062,75.7644271850586,72.68925476074219,127872,39.94464672717902,10.589863603738687,17.043996999263765,76.55341510772705,72.82041336116791,865767b8082b2c3b435b09079bd315ae,23.96971107099671,9.930998010772685
real_transition_bootstrap,15,71,8875,0.48939401531219484,1.4705552327547824,58.23024173864006,127872,42.670082979553094,11.25763851470304,18.787006378173828,80.8897705078125,77.46583557128906,127872,42.6644777831617,11.285666509736632,18.530339562892912,81.77179187774658,77.71802176799774,df3ec3dfb2c5fd4936bae2f53b588785,24.38421682897024,559.4729539066335
real_transition_bootstrap,15,72,9000,0.15175925874710083,1.4445974022124095,4.084476226581123,127872,42.67150376001755,11.261746215659988,18.776498794555664,80.89361572265625,77.49009704589844,127872,42.6644777831617,11.285666509736632,18.530339562892912,81.77179187774658,77.71802176799774,df3ec3dfb2c5fd4936bae2f53b588785,24.712290046038106,10.416873103909547
real_transition_bootstrap,15,73,9125,0.14309888708591462,1.420899958976223,3.9801362194002854,127872,42.67392640786844,11.265419631751485,18.761301040649414,80.91039276123047,77.51002502441406,127872,42.6644777831617,11.285666509736632,18.530339562892912,81.77179187774658,77.71802176799774,df3ec3dfb2c5fd4936bae2f53b588785,25.061567410011776,9.864873051464437
real_transition_bootstrap,15,74,9250,0.13617498481273652,1.403085274451385,3.925579761722024,127872,42.67719527121421,11.268603919483057,18.7486515045166,80.92579650878906,77.52069854736328,127872,42.6644777831617,11.285666509736632,18.530339562892912,81.77179187774658,77.71802176799774,df3ec3dfb2c5fd4936bae2f53b588785,25.423987188958563,9.527539392641858
real_transition_bootstrap,15,75,9375,0.1300494461655617,1.3865523303960987,3.885442249379418,127872,42.678421495808614,11.270637079327468,18.73389434814453,80.93756103515625,77.5277099609375,127872,42.6644777831617,11.285666509736632,18.530339562892912,81.77179187774658,77.71802176799774,df3ec3dfb2c5fd4936bae2f53b588785,25.76890414697118,10.046962006088927
real_transition_bootstrap,16,76,9500,0.5055396089553833,1.7536818257765892,59.4656177826286,127872,45.401498612460195,11.966314720743021,20.185029983520508,86.0741958618164,82.46121978759766,127872,45.37190199572431,11.968229928500854,19.99411643266678,86.91539295196533,82.63302352905274,ad1d7ec167467c81402f406968381ef3,26.206452512997203,589.8599355523407
real_transition_bootstrap,16,77,9625,0.1753706637620926,1.728613655012553,5.060667853992935,127872,45.400228058641495,11.968712959532068,20.180158615112305,86.12483215332031,82.47789001464844,127872,45.37190199572431,11.968229928500854,19.99411643266678,86.91539295196533,82.63302352905274,ad1d7ec167467c81402f406968381ef3,26.55372858501505,14.152596438409331
real_transition_bootstrap,16,78,9750,0.16514866113662718,1.711353656008873,5.038773706545532,127872,45.40038305313678,11.970515647007646,20.16922950744629,86.1623306274414,82.49517822265625,127872,45.37190199572431,11.968229928500854,19.99411643266678,86.91539295196533,82.63302352905274,ad1d7ec167467c81402f406968381ef3,26.908669071970508,14.390126553636502
real_transition_bootstrap,16,79,9875,0.15678102320432663,1.6986569256830917,5.056360944962665,127872,45.39827323884697,11.971001067927737,20.156007766723633,86.18779754638672,82.49655151367188,127872,45.37190199572431,11.968229928500854,19.99411643266678,86.91539295196533,82.63302352905274,ad1d7ec167467c81402f406968381ef3,27.253904212033376,14.201134630146544
real_transition_bootstrap,16,80,10000,0.14949275153875352,1.6885797484261231,5.096415231552184,127872,45.393858155256154,11.969905025951062,20.150684356689453,86.21571350097656,82.48818969726562,127872,45.37190199572431,11.968229928500854,19.99411643266678,86.91539295196533,82.63302352905274,ad1d7ec167467c81402f406968381ef3,27.619361678953283,14.080929282938257
real_transition_bootstrap,17,81,10125,0.5373340108394623,2.162990059332626,62.330152782789405,127872,48.07269081022885,12.634317504178952,21.643383026123047,91.11026000976562,87.15486907958984,127872,48.07089074202961,12.661507517295876,21.43514228105545,92.16246395111084,87.4625915102005,951a248dff65522dd22a6e7a28833b5d,28.077604138990864,621.2088078405195
real_transition_bootstrap,17,82,10250,0.20170108246803284,2.112019474365594,5.206480689116057,127872,48.07568039141737,12.64175410734207,21.63034439086914,91.16036224365234,87.17420959472656,127872,48.07089074202961,12.661507517295876,21.43514228105545,92.16246395111084,87.4625915102005,951a248dff65522dd22a6e7a28833b5d,28.418630284024402,11.67554392744535
real_transition_bootstrap,17,83,10375,0.18477656030654907,2.0671614323648857,5.028233911265087,127872,48.075870604710175,12.647029224143886,21.61619758605957,91.19933319091797,87.18627166748047,127872,48.07089074202961,12.661507517295876,21.43514228105545,92.16246395111084,87.4625915102005,951a248dff65522dd22a6e7a28833b5d,28.76223306998145,11.329479167394405
real_transition_bootstrap,17,84,10500,0.1696099897623062,2.032800251251181,4.894198937438271,127872,48.07455354238356,12.650620818723475,21.5970401763916,91.23661041259766,87.19715118408203,127872,48.07089074202961,12.661507517295876,21.43514228105545,92.16246395111084,87.4625915102005,951a248dff65522dd22a6e7a28833b5d,29.10316168703139,10.458658786322289
real_transition_bootstrap,17,85,10625,0.1562394899725914,2.001284878408609,4.719415044394392,127872,48.07768431701162,12.654755349013751,21.592086791992188,91.27375793457031,87.21156311035156,127872,48.07089074202961,12.661507517295876,21.43514228105545,92.16246395111084,87.4625915102005,951a248dff65522dd22a6e7a28833b5d,29.43733877595514,9.898545467896081
real_transition_bootstrap,18,86,10750,0.5722160280942917,2.6792425920548797,67.60695928807496,127872,50.73668908256967,13.301061675059204,23.11393165588379,95.94984436035156,91.75767517089844,127872,50.74400980754148,13.347013514323663,22.87106477499008,97.11903514862061,92.18062767562866,7c68c4354e95c2bfdab9642320b8eac7,29.85944903898053,634.4269162750606
real_transition_bootstrap,18,87,10875,0.22714748919010164,2.6334698065569357,6.437789689982206,127872,50.73938600483301,13.306666460993686,23.101314544677734,95.9577407836914,91.77823638916016,127872,50.74400980754148,13.347013514323663,22.87106477499008,97.11903514862061,92.18062767562866,7c68c4354e95c2bfdab9642320b8eac7,30.17515042098239,14.637399538115476
real_transition_bootstrap,18,88,11000,0.21089014506340026,2.6058492242701017,6.236236361519644,127872,50.7391433125442,13.309535441158935,23.08741569519043,95.94842529296875,91.79456329345703,127872,50.74400980754148,13.347013514323663,22.87106477499008,97.11903514862061,92.18062767562866,7c68c4354e95c2bfdab9642320b8eac7,30.512182915001176,13.979928560221879
real_transition_bootstrap,18,89,11125,0.19768355655670167,2.5837024219067612,6.096265989189761,127872,50.73761351722795,13.311894180987133,23.070497512817383,95.94344329833984,91.80673217773438,127872,50.74400980754148,13.347013514323663,22.87106477499008,97.11903514862061,92.18062767562866,7c68c4354e95c2bfdab9642320b8eac7,30.83476573904045,13.610154575719825
real_transition_bootstrap,18,90,11250,0.18615327262878417,2.5612912663184773,5.980726608484781,127872,50.73418699865704,13.312889610028693,23.055448532104492,95.95387268066406,91.80573272705078,127872,50.74400980754148,13.347013514323663,22.87106477499008,97.11903514862061,92.18062767562866,7c68c4354e95c2bfdab9642320b8eac7,31.15594865300227,13.108822943882174
real_transition_bootstrap,19,91,11375,0.6015926032066345,3.2467584284453532,67.87684995294391,127872,53.39162788694507,13.96092636735456,24.63584327697754,100.62792205810547,96.28739166259766,127872,53.38473577361056,14.008951474021446,24.340271241664887,101.80339260101319,96.64743326053618,c6e4c0413ec5b3f18fbf0fdc445c8080,31.573149623000063,645.4883307868713
real_transition_bootstrap,19,92,11500,0.2638696607351303,3.1739430703793454,7.061878780193866,127872,53.390516406258904,13.966895171697747,24.636327743530273,100.62822723388672,96.2808837890625,127872,53.38473577361056,14.008951474021446,24.340271241664887,101.80339260101319,96.64743326053618,c6e4c0413ec5b3f18fbf0fdc445c8080,31.89669959503226,22.556175302027615
real_transition_bootstrap,19,93,11625,0.2453723340034485,3.12156019296605,7.062584797257792,127872,53.38908259555682,13.969738935601683,24.639530181884766,100.6356201171875,96.28539276123047,127872,53.38473577361056,14.008951474021446,24.340271241664887,101.80339260101319,96.64743326053618,c6e4c0413ec5b3f18fbf0fdc445c8080,32.220965782995336,22.119998355504684
real_transition_bootstrap,19,94,11750,0.22970685172080993,3.0799469217645883,7.038982172026218,127872,53.38794202508929,13.972000160425061,24.641971588134766,100.64705657958984,96.3038558959961,127872,53.38473577361056,14.008951474021446,24.340271241664887,101.80339260101319,96.64743326053618,c6e4c0413ec5b3f18fbf0fdc445c8080,32.54415093094576,21.670855102994633
real_transition_bootstrap,19,95,11875,0.21572722482681275,3.0440995992097823,7.020158422846214,127872,53.38765393385479,13.973452549398884,24.64215087890625,100.66194915771484,96.32752990722656,127872,53.38473577361056,14.008951474021446,24.340271241664887,101.80339260101319,96.64743326053618,c6e4c0413ec5b3f18fbf0fdc445c8080,32.870315701002255,21.395556114976728
real_transition_bootstrap,20,96,12000,0.6388663898706436,3.8847247742462097,69.94418395495059,127872,56.031033086287486,14.595962618294434,26.2651309967041,105.18201446533203,100.5898208618164,127872,56.028055487398014,14.656725168659353,25.882635152339937,106.31524478912354,101.01861689205168,469d3c4d2b0daea832da63578834ab3f,33.274298066971824,683.2442541599453
real_transition_bootstrap,20,97,12125,0.3030885541439056,3.7957561696468622,7.832849852010479,127872,56.03023230080848,14.602942071319447,26.262351989746094,105.20323181152344,100.55367279052734,127872,56.028055487398014,14.656725168659353,25.882635152339937,106.31524478912354,101.01861689205168,469d3c4d2b0daea832da63578834ab3f,33.602771145058796,20.362879659085337
real_transition_bootstrap,20,98,12250,0.2811453573703766,3.7368545630503656,7.692002015188798,127872,56.031746706521666,14.608472988321742,26.257362365722656,105.23809051513672,100.54900360107422,127872,56.028055487398014,14.656725168659353,25.882635152339937,106.31524478912354,101.01861689205168,469d3c4d2b0daea832da63578834ab3f,33.932947486056946,19.802408739502187
real_transition_bootstrap,20,99,12375,0.26313420498371126,3.677348182972834,7.6792440186687125,127872,56.03475551687561,14.613908467283803,26.247535705566406,105.26679992675781,100.5652847290039,127872,56.028055487398014,14.656725168659353,25.882635152339937,106.31524478912354,101.01861689205168,469d3c4d2b0daea832da63578834ab3f,34.24909152195323,19.216906860243604
real_transition_bootstrap,20,100,12500,0.24774642395973206,3.623960408192827,7.705471703698511,127872,56.03924297753934,14.619960983318887,26.238431930541992,105.30337524414062,100.59041595458984,127872,56.028055487398014,14.656725168659353,25.882635152339937,106.31524478912354,101.01861689205168,469d3c4d2b0daea832da63578834ab3f,34.5690685310401,18.41644292130359
real_transition_bootstrap,21,101,12625,0.6919687869548797,4.572349408562794,71.768966066276,127872,58.68035608616558,15.23080139308389,27.836328506469727,109.72146606445312,104.67326354980469,127872,58.67141065349523,15.289292018333022,27.43955011129379,110.95253131866455,105.24060582580566,368a42f105f1aa88ec8b9962b2420bf2,34.983377992059104,695.4998692934572
real_transition_bootstrap,21,102,12750,0.34812936425209046,4.482596816877811,9.018556843669497,127872,58.675250554034065,15.238193312861046,27.81077766418457,109.81340789794922,104.63204956054688,127872,58.67141065349523,15.289292018333022,27.43955011129379,110.95253131866455,105.24060582580566,368a42f105f1aa88ec8b9962b2420bf2,35.30135235295165,20.650306844211645
real_transition_bootstrap,21,103,12875,0.32150679898262025,4.415902687452199,8.717447517980588,127872,58.67178535385354,15.24287091147227,27.788461685180664,109.86683654785156,104.64681243896484,127872,58.67141065349523,15.289292018333022,27.43955011129379,110.95253131866455,105.24060582580566,368a42f105f1aa88ec8b9962b2420bf2,35.62005875597242,19.757312961847152
real_transition_bootstrap,21,104,13000,0.2997474607229233,4.363230903805659,8.526292802332215,127872,58.669031635508524,15.247275612146874,27.769317626953125,109.90888977050781,104.65894317626953,127872,58.67141065349523,15.289292018333022,27.43955011129379,110.95253131866455,105.24060582580566,368a42f105f1aa88ec8b9962b2420bf2,35.93075483804569,19.46225669427627
real_transition_bootstrap,21,105,13125,0.2813205368518829,4.3114881120170105,8.436782138507674,127872,58.66786943631129,15.251907962637699,27.752668380737305,109.94436645507812,104.67310333251953,127872,58.67141065349523,15.289292018333022,27.43955011129379,110.95253131866455,105.24060582580566,368a42f105f1aa88ec8b9962b2420bf2,36.26439266395755,21.20341247021978
real_transition_bootstrap,22,106,13250,0.7519931328296662,5.349989805639695,75.6392564371321,127872,61.327711633644306,15.85351226079035,29.42681884765625,114.54459381103516,108.73246765136719,127872,61.29388773865466,15.911498864663193,28.90337877035141,115.66895168304443,109.17924404869079,6d6f0d2f4f78509bb95575c6755088a0,36.67757849895861,716.2985785722183
real_transition_bootstrap,22,107,13375,0.3985441892147064,5.249932425049423,8.775397834138985,127872,61.326314255416214,15.863661907533531,29.400394439697266,114.64571380615234,108.73795318603516,127872,61.29388773865466,15.911498864663193,28.90337877035141,115.66895168304443,109.17924404869079,6d6f0d2f4f78509bb95575c6755088a0,36.99103081796784,19.646154487046076
real_transition_bootstrap,22,108,13500,0.3679823503494263,5.181700058093686,8.494756283978951,127872,61.32770624655384,15.872424783436173,29.375431060791016,114.73841094970703,108.75393676757812,127872,61.29388773865466,15.911498864663193,28.90337877035141,115.66895168304443,109.17924404869079,6d6f0d2f4f78509bb95575c6755088a0,37.32026676496025,19.853465611683355
real_transition_bootstrap,22,109,13625,0.3428428392410278,5.12721137160763,8.310027536829649,127872,61.329909564824675,15.879981583483161,29.363134384155273,114.82481384277344,108.75994873046875,127872,61.29388773865466,15.911498864663193,28.90337877035141,115.66895168304443,109.17924404869079,6d6f0d2f4f78509bb95575c6755088a0,37.63613466802053,20.453685604293195
real_transition_bootstrap,22,110,13750,0.3210508030653,5.086999208723937,8.148505985648997,127872,61.33190563846159,15.886245946606266,29.348424911499023,114.90483856201172,108.7708969116211,127872,61.29388773865466,15.911498864663193,28.90337877035141,115.66895168304443,109.17924404869079,6d6f0d2f4f78509bb95575c6755088a0,37.95964877598453,21.194070808507906
real_transition_bootstrap,23,111,13875,0.8063858320713043,6.290291035805938,77.51974434547856,127872,63.989247195653846,16.465276278035738,31.032672882080078,119.51538848876953,112.8547134399414,127872,63.97169359897646,16.537505443942916,30.45414928197861,120.64166385650634,113.1796808031082,754197deb4dc2b93f4eec9f484f1cc91,38.37506296101492,737.4648042705054
real_transition_bootstrap,23,112,14000,0.44811318182945253,6.184504442469978,11.048271277142799,127872,63.988940717341066,16.475991962541134,31.01310157775879,119.63134002685547,112.8633041381836,127872,63.97169359897646,16.537505443942916,30.45414928197861,120.64166385650634,113.1796808031082,754197deb4dc2b93f4eec9f484f1cc91,38.70113589905668,26.450304386637267
real_transition_bootstrap,23,113,14125,0.41205862879753113,6.112362941726085,10.639818610776345,127872,63.98503445888365,16.481288956108827,31.007308959960938,119.7406234741211,112.83036041259766,127872,63.97169359897646,16.537505443942916,30.45414928197861,120.64166385650634,113.1796808031082,754197deb4dc2b93f4eec9f484f1cc91,39.02214263298083,25.92378150539335
real_transition_bootstrap,23,114,14250,0.38213764095306396,6.062951007451677,10.296420251465863,127872,63.983464307150804,16.485995127145404,31.008634567260742,119.83656311035156,112.79100799560547,127872,63.97169359897646,16.537505443942916,30.45414928197861,120.64166385650634,113.1796808031082,754197deb4dc2b93f4eec9f484f1cc91,39.3414829550311,25.471973829211308
real_transition_bootstrap,23,115,14375,0.35630226898193357,6.029515801641039,10.046296062288135,127872,63.98452062952566,16.490889212845293,31.006244659423828,119.9002456665039,112.77377319335938,127872,63.97169359897646,16.537505443942916,30.45414928197861,120.64166385650634,113.1796808031082,754197deb4dc2b93f4eec9f484f1cc91,39.658105044974945,24.263934088015414
real_transition_bootstrap,24,116,14500,0.8920649981498718,7.398153408411294,85.37739318026335,127872,66.6617500713399,17.050851348896188,32.79621124267578,124.58113861083984,116.73851013183594,127872,66.64064893166967,17.14896559921587,32.28245847463607,125.57213153839112,117.1982067211151,ea851278809f1b2091aa0507ad6fbee8,40.05701330397278,765.6681797345173
real_transition_bootstrap,24,117,14625,0.5061427779197692,7.275070603087732,13.51443220727971,127872,66.67184459688785,17.06689966244532,32.80122756958008,124.79421997070312,116.77693176269531,127872,66.64064893166967,17.14896559921587,32.28245847463607,125.57213153839112,117.1982067211151,ea851278809f1b2091aa0507ad6fbee8,40.37775706301909,31.470765476079436
real_transition_bootstrap,24,118,14750,0.4615329875946045,7.162702786685056,13.330199050799823,127872,66.67988011503482,17.079985252853767,32.79174041748047,124.92176055908203,116.84538269042969,127872,66.64064893166967,17.14896559921587,32.28245847463607,125.57213153839112,117.1982067211151,ea851278809f1b2091aa0507ad6fbee8,40.69629401003476,29.40283463141498
real_transition_bootstrap,24,119,14875,0.4221585409641266,7.086339383039388,13.198456113835107,127872,66.68634061877792,17.0916344209811,32.795589447021484,124.99202728271484,116.88580322265625,127872,66.64064893166967,17.14896559921587,32.28245847463607,125.57213153839112,117.1982067211151,ea851278809f1b2091aa0507ad6fbee8,41.02326473896392,28.937408296500724
real_transition_bootstrap,24,120,15000,0.38830944037437437,7.023666300570795,13.02358142841987,127872,66.69002586758292,17.10125258932982,32.79094696044922,125.04500579833984,116.92332458496094,127872,66.64064893166967,17.14896559921587,32.28245847463607,125.57213153839112,117.1982067211151,ea851278809f1b2091aa0507ad6fbee8,41.337955330032855,28.758850350066155
real_transition_bootstrap,25,121,15125,0.9467323586940766,8.647457647383455,88.32177962219211,127872,69.40041943668604,17.6886101092035,34.56903839111328,129.87948608398438,120.89627075195312,127872,69.3746576833316,17.768588004151756,34.166071622371675,130.49091077804565,121.36401928863525,b7971cbe65cd89600739c4608760db6d,41.75288029597141,815.4834772890467
real_transition_bootstrap,25,122,15250,0.5511154947280884,8.518280257868312,14.144113441862746,127872,69.40041342309048,17.699052822667262,34.56945037841797,130.01226806640625,120.97801208496094,127872,69.3746576833316,17.768588004151756,34.166071622371675,130.49091077804565,121.36401928863525,b7971cbe65cd89600739c4608760db6d,42.0679535230156,32.92954978181405
real_transition_bootstrap,25,123,15375,0.4992416467666626,8.423843352567573,13.052031753212358,127872,69.39944264352381,17.70718118408306,34.56692123413086,130.06829833984375,121.03795623779297,127872,69.3746576833316,17.768588004151756,34.166071622371675,130.49091077804565,121.36401928863525,b7971cbe65cd89600739c4608760db6d,42.391117466962896,28.19343539232049
real_transition_bootstrap,25,124,15500,0.4571272535324097,8.361825946597124,12.317174563196552,127872,69.39772950129228,17.71114213189924,34.582584381103516,130.1032257080078,121.0695571899414,127872,69.3746576833316,17.768588004151756,34.166071622371675,130.49091077804565,121.36401928863525,b7971cbe65cd89600739c4608760db6d,42.714312987052836,26.46334676520052
real_transition_bootstrap,25,125,15625,0.42272286891937255,8.311654444348598,11.829881842989316,127872,69.39792076144013,17.714994092651025,34.59333038330078,130.14346313476562,121.11634826660156,127872,69.3746576833316,17.768588004151756,34.166071622371675,130.49091077804565,121.36401928863525,b7971cbe65cd89600739c4608760db6d,43.03598577401135,26.549125731862887
real_transition_bootstrap,26,126,15750,1.0075965893268586,10.442258219601976,85.31827480957477,127872,72.11247680766566,18.296790611887157,36.429622650146484,135.0255584716797,125.08624267578125,127872,72.10525004864213,18.38904269643531,35.972499330043796,135.69663610458375,125.82210743446349,4beb4dc63a8076127bd5d6e07879c194,43.434749276028015,833.2343387557094
real_transition_bootstrap,26,127,15875,0.6004947474002839,10.330511490914926,15.99266320301563,127872,72.11145766561215,18.313172169244286,36.40718460083008,135.1985626220703,125.13883972167969,127872,72.10525004864213,18.38904269643531,35.972499330043796,135.69663610458375,125.82210743446349,4beb4dc63a8076127bd5d6e07879c194,43.75730351405218,45.91992426073079
real_transition_bootstrap,26,128,16000,0.5450370740890503,10.244718813294373,15.289843934975597,127872,72.10932968200386,18.325160885032233,36.3913459777832,135.25148010253906,125.1612319946289,127872,72.10525004864213,18.38904269643531,35.972499330043796,135.69663610458375,125.82210743446349,4beb4dc63a8076127bd5d6e07879c194,44.084030924947,44.08124237966757
real_transition_bootstrap,26,129,16125,0.5019478368759155,10.18425018720114,14.574835655868668,127872,72.10290945435429,18.33193833867045,36.37959289550781,135.2471923828125,125.15902709960938,127872,72.10525004864213,18.38904269643531,35.972499330043796,135.69663610458375,125.82210743446349,4beb4dc63a8076127bd5d6e07879c194,44.405101603944786,40.8683015361667
real_transition_bootstrap,26,130,16250,0.46566731262207034,10.132003752310203,13.786877269732182,127872,72.09749418867004,18.336193630443848,36.36832046508789,135.2194061279297,125.1640396118164,127872,72.10525004864213,18.38904269643531,35.972499330043796,135.69663610458375,125.82210743446349,4beb4dc63a8076127bd5d6e07879c194,44.73006291303318,37.76122054264361
real_transition_bootstrap,27,131,16375,1.0585581324100495,12.264450282095007,85.98846991359564,127872,74.89468574118209,18.94845774049686,38.28815841674805,140.36204528808594,129.443115234375,127872,74.84210238614536,19.03141742729008,37.824984109401704,140.80890691757202,132.84389162797925,c25b16e165ec998bb7256e749743cf80,45.124260275042616,858.540831197143
real_transition_bootstrap,27,132,16500,0.6553433341979981,12.130049523753893,19.52897803745341,127872,74.88703301256602,18.96261802977068,38.26609802246094,140.43006896972656,129.4230499267578,127872,74.84210238614536,19.03141742729008,37.824984109401704,140.80890691757202,132.84389162797925,c25b16e165ec998bb7256e749743cf80,45.441808269009925,71.74182696075486
real_transition_bootstrap,27,133,16625,0.5923418457508087,12.046385596363361,18.822058023201492,127872,74.88629819490053,18.974265720894838,38.2630615234375,140.44105529785156,129.41949462890625,127872,74.84210238614536,19.03141742729008,37.824984109401704,140.80890691757202,132.84389162797925,c25b16e165ec998bb7256e749743cf80,45.75800423405599,64.44088077027452
real_transition_bootstrap,27,134,16750,0.5435122091770173,11.988562561838858,18.462815167941447,127872,74.89106123786311,18.983552686470304,38.26279067993164,140.44407653808594,129.40200805664062,127872,74.84210238614536,19.03141742729008,37.824984109401704,140.80890691757202,132.84389162797925,c25b16e165ec998bb7256e749743cf80,46.06695263995789,54.95282459879503
real_transition_bootstrap,27,135,16875,0.5024346468448639,11.938621363112825,18.06137056345441,127872,74.89497503856042,18.990988418353968,38.269447326660156,140.44509887695312,129.41134643554688,127872,74.84210238614536,19.03141742729008,37.824984109401704,140.80890691757202,132.84389162797925,c25b16e165ec998bb7256e749743cf80,46.398129552952014,44.46148099079379
real_transition_bootstrap,28,136,17000,1.186585066318512,14.55307485490414,100.63611343758849,127872,77.72912139505954,19.640980636735918,40.271087646484375,145.59176635742188,136.0771484375,127872,77.67490096135391,19.723341708922735,39.815751054286956,148.2747790145874,141.5294341444969,3e181f80f4ec5e54fbb6bf3f8139186a,46.80532468005549,880.2407564977158
real_transition_bootstrap,28,137,17125,0.7080753526687622,14.386816395895503,18.41355539668766,127872,77.7107304641315,19.657813745984726,40.23454666137695,145.6827392578125,136.56430053710938,127872,77.67490096135391,19.723341708922735,39.815751054286956,148.2747790145874,141.5294341444969,3e181f80f4ec5e54fbb6bf3f8139186a,47.120612401049584,56.54016300959448
real_transition_bootstrap,28,138,17250,0.6383444697856903,14.289824809204896,17.609275552134832,127872,77.69787848401475,19.669299618366082,40.21112823486328,145.72702026367188,136.96609497070312,127872,77.67490096135391,19.723341708922735,39.815751054286956,148.2747790145874,141.5294341444969,3e181f80f4ec5e54fbb6bf3f8139186a,47.437932705972344,54.96075755550321
real_transition_bootstrap,28,139,17375,0.5834995896816254,14.23123354175838,17.15774483901102,127872,77.68517700831096,19.67677286102282,40.20575714111328,145.78504943847656,137.3085174560547,127872,77.67490096135391,19.723341708922735,39.815751054286956,148.2747790145874,141.5294341444969,3e181f80f4ec5e54fbb6bf3f8139186a,47.76883545599412,53.625798871256826
real_transition_bootstrap,28,140,17500,0.5392640855312347,14.155881411667199,16.910795268403714,127872,77.67727939505596,19.682942170443887,40.20035934448242,145.788818359375,137.61468505859375,127872,77.67490096135391,19.723341708922735,39.815751054286956,148.2747790145874,141.5294341444969,3e181f80f4ec5e54fbb6bf3f8139186a,48.10818245902192,51.2979955147666
real_transition_bootstrap,29,141,17625,1.2397074155807495,17.46227644810348,100.10637956595416,127872,80.49448457730186,20.305263459672307,42.40779113769531,151.33584594726562,144.98716735839844,127872,80.49431046389454,20.45328588827939,41.83920781850815,158.70299755096434,149.67429988422393,4f939c90a9ff4ba0eba6713546f0749f,48.537982131005265,885.0379031332235
real_transition_bootstrap,29,142,17750,0.7533474206924439,17.255142552298906,21.39941773112535,127872,80.48431418044073,20.333131179671,42.370731353759766,152.3581085205078,145.52224731445312,127872,80.49431046389454,20.45328588827939,41.83920781850815,158.70299755096434,149.67429988422393,4f939c90a9ff4ba0eba6713546f0749f,48.85969289497007,49.88762676667451
real_transition_bootstrap,29,143,17875,0.6781544537544251,17.108188057125236,20.434327134887365,127872,80.47127132023778,20.34933608223763,42.360382080078125,153.0876007080078,145.92808532714844,127872,80.49431046389454,20.45328588827939,41.83920781850815,158.70299755096434,149.67429988422393,4f939c90a9ff4ba0eba6713546f0749f,49.186870330013335,43.76861487172966
real_transition_bootstrap,29,144,18000,0.6199875903129578,16.977993564326045,19.843428337178405,127872,80.46465396925852,20.36302930808757,42.35686492919922,153.7174835205078,146.31106567382812,127872,80.49431046389454,20.45328588827939,41.83920781850815,158.70299755096434,149.67429988422393,4f939c90a9ff4ba0eba6713546f0749f,49.51975722005591,41.2069613039154
real_transition_bootstrap,29,145,18125,0.5685007297992706,16.83669963738005,19.109528077021647,127872,80.46994679787376,20.375913943283926,42.364967346191406,154.29722595214844,146.6422882080078,127872,80.49431046389454,20.45328588827939,41.83920781850815,158.70299755096434,149.67429988422393,4f939c90a9ff4ba0eba6713546f0749f,49.853923044051044,39.070729148371164
real_transition_bootstrap,30,146,18250,1.355210958480835,20.914929617427745,108.556882383676,127872,83.30967958630981,21.047102396016996,44.32797622680664,162.3749542236328,154.56088256835938,127872,83.31187742366117,21.18956238183323,43.50672872543335,169.9972546005249,155.4707796798706,b63b830f28c94437b504578bc36cc16c,50.261381529970095,976.9596513475329
real_transition_bootstrap,30,147,18375,0.7961961240768433,20.63343098526226,23.617018836364814,127872,83.31052031743157,21.07556985828501,44.35383987426758,163.54266357421875,154.73765563964844,127872,83.31187742366117,21.18956238183323,43.50672872543335,169.9972546005249,155.4707796798706,b63b830f28c94437b504578bc36cc16c,50.58519489003811,72.20625004189658
real_transition_bootstrap,30,148,18500,0.7109503135681152,20.488389033374933,22.461104900904097,127872,83.31362284816899,21.09541917798499,44.33916473388672,164.3712615966797,154.76748657226562,127872,83.31187742366117,21.18956238183323,43.50672872543335,169.9972546005249,155.4707796798706,b63b830f28c94437b504578bc36cc16c,50.91659747902304,60.88551045078813
real_transition_bootstrap,30,149,18625,0.6479978270530701,20.387093015261133,21.42710920512863,127872,83.3140961353008,21.106797105608454,44.342620849609375,165.01809692382812,154.80105590820312,127872,83.31187742366117,21.18956238183323,43.50672872543335,169.9972546005249,155.4707796798706,b63b830f28c94437b504578bc36cc16c,51.247418622951955,57.98180054126029
real_transition_bootstrap,30,150,18750,0.5974980018138886,20.265603448444168,20.310491429901287,127872,83.31623433797328,21.11632734350039,44.32720184326172,165.59100341796875,154.8345489501953,127872,83.31187742366117,21.18956238183323,43.50672872543335,169.9972546005249,155.4707796798706,b63b830f28c94437b504578bc36cc16c,51.581069672014564,54.056188664433236
real_transition_bootstrap,31,151,18875,1.4437392349243163,25.031872585718705,115.77396973039355,127872,86.1962326664526,21.850548680568096,45.14027786254883,174.2669219970703,160.2321319580078,127872,86.19707794325782,22.000750779188323,44.280506114959714,182.02639812469482,161.2630588779449,e8bec76732893b8e814f0bce04911fb3,52.035632124054246,1014.5737365301343
real_transition_bootstrap,31,152,19000,0.844071641921997,24.80740318407188,24.606652921354605,127872,86.15937394127474,21.880246339337138,45.16191101074219,175.44815063476562,160.267578125,127872,86.19707794325782,22.000750779188323,44.280506114959714,182.02639812469482,161.2630588779449,e8bec76732893b8e814f0bce04911fb3,52.45768365205731,78.25192332907972
real_transition_bootstrap,31,153,19125,0.7442631254196167,24.6223263182195,22.757389121130334,127872,86.13615977447908,21.899948537150728,45.188724517822266,176.37843322753906,160.2674560546875,127872,86.19707794325782,22.000750779188323,44.280506114959714,182.02639812469482,161.2630588779449,e8bec76732893b8e814f0bce04911fb3,52.85959663102403,68.71124495283242
real_transition_bootstrap,31,154,19250,0.6730167412757874,24.409972863937476,21.591861245608765,127872,86.12701853301313,21.917589859039285,45.212913513183594,177.13758850097656,160.26638793945312,127872,86.19707794325782,22.000750779188323,44.280506114959714,182.02639812469482,161.2630588779449,e8bec76732893b8e814f0bce04911fb3,53.264514215057716,58.09643029159729
real_transition_bootstrap,31,155,19375,0.6207779977321625,24.23261450853776,21.00732712546144,127872,86.12420034527898,21.93324652586132,45.201263427734375,177.73776245117188,160.29879760742188,127872,86.19707794325782,22.000750779188323,44.280506114959714,182.02639812469482,161.2630588779449,e8bec76732893b8e814f0bce04911fb3,53.68747206602711,49.1613181766265
real_transition_bootstrap,32,156,19500,1.5134707074165343,30.13257821255357,114.84176348413678,127872,88.9572833280962,22.741340202404075,45.86961364746094,186.78167724609375,167.45347595214844,127872,89.03795586821671,22.909349720680346,44.94222948074341,194.85023357391358,168.31117591075898,a85cba2444a3a3fed9681d3f64f853ca,54.24622172198724,1017.5117137142998
real_transition_bootstrap,32,157,19625,0.891286057472229,29.746270138540265,25.862450206892305,127872,88.95103075527572,22.776188811251135,45.900360107421875,188.09710693359375,167.87142944335938,127872,89.03795586821671,22.909349720680346,44.94222948074341,194.85023357391358,168.31117591075898,a85cba2444a3a3fed9681d3f64f853ca,54.734417036990635,52.253239196467575
real_transition_bootstrap,32,158,19750,0.7914378318786621,29.4854568202445,24.491919358498116,127872,88.94187750788899,22.79626617586114,45.89658737182617,189.04888916015625,167.9235382080078,127872,89.03795586821671,22.909349720680346,44.94222948074341,194.85023357391358,168.31117591075898,a85cba2444a3a3fed9681d3f64f853ca,55.14175899105612,50.668750366407
real_transition_bootstrap,32,159,19875,0.7220015587806702,29.237210066648704,23.791998244424853,127872,88.94409918462908,22.81272313079617,45.924129486083984,189.7916717529297,167.95916748046875,127872,89.03795586821671,22.909349720680346,44.94222948074341,194.85023357391358,168.31117591075898,a85cba2444a3a3fed9681d3f64f853ca,55.525343714049086,54.63296617565698
real_transition_bootstrap,32,160,20000,0.6701964135169983,29.02288968438427,23.15870930593893,127872,88.95584178472066,22.82881268759714,45.90990447998047,190.3956756591797,167.98680114746094,127872,89.03795586821671,22.909349720680346,44.94222948074341,194.85023357391358,168.31117591075898,a85cba2444a3a3fed9681d3f64f853ca,55.87988406000659,62.05194724557829
real_transition_bootstrap,33,161,20125,1.587524227142334,34.515280827940096,119.1221081207636,127872,91.86927855056567,23.746175562806865,46.46381378173828,200.4658660888672,173.67539978027344,127872,91.89909136907951,23.9015247268789,45.31621370315552,208.20402477264403,174.41639366111755,58d3492f089b949f65230e8463827357,56.386165744042955,1026.40064981056
real_transition_bootstrap,33,162,20250,0.9361136984825135,34.0573403918388,24.326990334995212,127872,91.85323412523971,23.785503498662187,46.43172836303711,201.83082580566406,173.89865112304688,127872,91.89909136907951,23.9015247268789,45.31621370315552,208.20402477264403,174.41639366111755,58d3492f089b949f65230e8463827357,56.81800987396855,55.75843649363282
real_transition_bootstrap,33,163,20375,0.8375716214179992,33.705232766877366,22.77331234654408,127872,91.8527133360699,23.809622494045165,46.445133209228516,202.7727813720703,174.03086853027344,127872,91.89909136907951,23.9015247268789,45.31621370315552,208.20402477264403,174.41639366111755,58d3492f089b949f65230e8463827357,57.24327831401024,56.17196493406098
real_transition_bootstrap,33,164,20500,0.7689786920547486,33.573431148847725,21.947702497687516,127872,91.85354492521739,23.828480670029972,46.43837356567383,203.48727416992188,174.1005401611328,127872,91.89909136907951,23.9015247268789,45.31621370315552,208.20402477264403,174.41639366111755,58d3492f089b949f65230e8463827357,57.601426310953684,53.3627898917656
real_transition_bootstrap,33,165,20625,0.7196578884124756,33.449845691423555,21.642868634866808,127872,91.86507735258944,23.842254710662043,46.409481048583984,204.04812622070312,174.1616668701172,127872,91.89909136907951,23.9015247268789,45.31621370315552,208.20402477264403,174.41639366111755,58d3492f089b949f65230e8463827357,57.98202141595539,49.57557026843162
real_transition_bootstrap,34,166,20750,1.7553613896369935,40.268812155229895,131.44416628899637,127872,94.93743982454679,24.83406861894188,46.8821907043457,214.8355255126953,180.1141815185547,127872,94.86109626266807,25.00521057401685,45.53609201431274,222.6060352706909,180.55644845008848,bb09f0a526c9eb498b1f3f00ca2de16b,58.508664311957546,1169.6151020072773
real_transition_bootstrap,34,167,20875,1.034160671234131,39.741031438985615,28.731215428057194,127872,94.94192021396067,24.873878080123184,46.94468307495117,216.24578857421875,180.28643798828125,127872,94.86109626266807,25.00521057401685,45.53609201431274,222.6060352706909,180.55644845008848,bb09f0a526c9eb498b1f3f00ca2de16b,58.89595875504892,57.876214607490716
real_transition_bootstrap,34,168,21000,0.9328089399337769,39.42810334142687,27.079082526228614,127872,94.94360099638905,24.899049116578226,46.91971206665039,217.1685028076172,180.35508728027344,127872,94.86109626266807,25.00521057401685,45.53609201431274,222.6060352706909,180.55644845008848,bb09f0a526c9eb498b1f3f00ca2de16b,59.33974601700902,53.12096925887629
real_transition_bootstrap,34,169,21125,0.8674017634391785,39.1869458402429,26.41758138320022,127872,94.94335635088466,24.916493388989135,46.89043045043945,217.8108673095703,180.41285705566406,127872,94.86109626266807,25.00521057401685,45.53609201431274,222.6060352706909,180.55644845008848,bb09f0a526c9eb498b1f3f00ca2de16b,59.77647537004668,49.125741908503706
real_transition_bootstrap,34,170,21250,0.8208430852890015,39.03834228630256,26.231347293360052,127872,94.93810964176605,24.926108403247024,46.86587142944336,218.2943878173828,180.4108123779297,127872,94.86109626266807,25.00521057401685,45.53609201431274,222.6060352706909,180.55644845008848,bb09f0a526c9eb498b1f3f00ca2de16b,60.2058448609896,49.04272586299048
real_transition_bootstrap,35,171,21375,1.913125756263733,46.400943145602746,134.00905968485966,127872,98.055098673752,26.06610190125509,47.637794494628906,229.73040771484375,185.9859619140625,127872,98.00584133817208,26.187825157140324,45.85599603652954,237.59818462371825,186.3445546602249,edd9abcbd8f10b159d72208b829334fd,60.77009874000214,1162.004101573952
real_transition_bootstrap,35,172,21500,1.155077610015869,45.73862864136169,29.566836993334427,127872,98.04488971930844,26.10380892420246,47.59866714477539,231.22325134277344,186.06179809570312,127872,98.00584133817208,26.187825157140324,45.85599603652954,237.59818462371825,186.3445546602249,edd9abcbd8f10b159d72208b829334fd,61.14877036400139,63.27315775054647
real_transition_bootstrap,35,173,21625,1.0510486340522767,45.28403616299946,27.646911112906974,127872,98.04504057448786,26.12699464671245,47.551429748535156,232.1331787109375,186.10443115234375,127872,98.00584133817208,26.187825157140324,45.85599603652954,237.59818462371825,186.3445546602249,edd9abcbd8f10b159d72208b829334fd,61.548257053946145,57.57400676654048
real_transition_bootstrap,35,174,21750,0.9839003024101257,44.96810740342015,26.628575967165816,127872,98.04485633709767,26.145137729720577,47.513675689697266,232.78094482421875,186.11032104492188,127872,98.00584133817208,26.187825157140324,45.85599603652954,237.59818462371825,186.3445546602249,edd9abcbd8f10b159d72208b829334fd,61.98757409804966,53.01776069284473
real_transition_bootstrap,35,175,21875,0.9358579759597778,44.641927668076555,26.006955276410764,127872,98.0400755821883,26.155587108228133,47.52308654785156,233.24298095703125,186.09237670898438,127872,98.00584133817208,26.187825157140324,45.85599603652954,237.59818462371825,186.3445546602249,edd9abcbd8f10b159d72208b829334fd,62.39767494995613,50.317116292710615
real_transition_bootstrap,36,176,22000,2.1120125417709352,53.51111504167955,142.39634461894872,127872,101.13842586807542,27.378474011149468,48.002933502197266,245.36123657226562,191.33767700195312,127872,101.17673516969899,27.542081159402766,46.208431262969974,253.44952682495116,192.42063780345916,2d48122c9b04df97b02a6f198944e884,62.930907765054144,1198.6746789810547
real_transition_bootstrap,36,177,22125,1.3012883949279785,52.7492294632499,33.06221045251473,127872,101.11889416904182,27.419653369292526,47.847450256347656,246.82177734375,191.35157775878906,127872,101.17673516969899,27.542081159402766,46.208431262969974,253.44952682495116,192.42063780345916,2d48122c9b04df97b02a6f198944e884,63.35271641903091,82.44895068626528
real_transition_bootstrap,36,178,22250,1.1982412943840026,52.346288535524195,32.03398858942461,127872,101.1209734545217,27.446744078714236,47.80126190185547,247.704345703125,191.34152221679688,127872,101.17673516969899,27.542081159402766,46.208431262969974,253.44952682495116,192.42063780345916,2d48122c9b04df97b02a6f198944e884,63.74933471996337,76.50900869594977
real_transition_bootstrap,36,179,22375,1.1314491200447083,52.05700123548302,30.954744824693936,127872,101.13323779921751,27.465093277051757,47.7542839050293,248.31126403808594,191.404541015625,127872,101.17673516969899,27.542081159402766,46.208431262969974,253.44952682495116,192.42063780345916,2d48122c9b04df97b02a6f198944e884,64.14940662204754,68.20838939270568
real_transition_bootstrap,36,180,22500,1.0802718877792359,51.761376373857914,29.898359188268323,127872,101.14748775783005,27.480172309200217,47.73949432373047,248.7640838623047,191.4333038330078,127872,101.17673516969899,27.542081159402766,46.208431262969974,253.44952682495116,192.42063780345916,2d48122c9b04df97b02a6f198944e884,64.5794100840576,63.43919023347529
real_transition_bootstrap,37,181,22625,2.360858991622925,61.23877068125303,159.00713592482913,127872,104.4795461547327,28.94477743515339,48.0747184753418,262.2099304199219,198.63401794433594,127872,104.36069908233047,29.04237679330748,46.34283128738403,270.10571487426756,198.91399549121854,ec8b6e60bb8a71122232a9e15335f8aa,65.13863915705588,1322.9518565513526
real_transition_bootstrap,37,182,22750,1.4979966869354249,60.635358482908366,39.49128598578335,127872,104.47123402079663,28.982755959282148,48.001312255859375,263.7323303222656,198.6308135986328,127872,104.36069908233047,29.04237679330748,46.34283128738403,270.10571487426756,198.91399549121854,ec8b6e60bb8a71122232a9e15335f8aa,65.55702769896016,92.99572096973458
real_transition_bootstrap,37,183,22875,1.3865808248519897,60.12952975407364,37.33960060654598,127872,104.45807808190136,29.001574093743063,47.9244499206543,264.6476135253906,198.61395263671875,127872,104.36069908233047,29.04237679330748,46.34283128738403,270.10571487426756,198.91399549121854,ec8b6e60bb8a71122232a9e15335f8aa,65.99847460596357,87.57076445798495
real_transition_bootstrap,37,184,23000,1.3135821342468261,59.80097636417459,36.18383438177067,127872,104.4497179370504,29.011331814706246,47.924320220947266,265.2170104980469,198.58375549316406,127872,104.36069908233047,29.04237679330748,46.34283128738403,270.10571487426756,198.91399549121854,ec8b6e60bb8a71122232a9e15335f8aa,66.40133373404387,85.23495231998687
real_transition_bootstrap,37,185,23125,1.258868953704834,59.53174337197788,35.528812785727595,127872,104.44906633206315,29.018337678924514,47.90856170654297,265.6240539550781,198.59039306640625,127872,104.36069908233047,29.04237679330748,46.34283128738403,270.10571487426756,198.91399549121854,ec8b6e60bb8a71122232a9e15335f8aa,66.83538530103397,80.65135774467922
real_transition_bootstrap,38,186,23250,2.6888419942855837,72.23685514909153,168.04790396165447,127872,107.66543446637847,30.610545270052064,48.1803092956543,279.6075439453125,205.66903686523438,127872,107.71015983790903,30.760743700219603,46.26879186630249,288.1041493225098,206.16855349845883,15459fae137ab1a82d9da3ebee5d5b69,67.31057153898291,1352.0390492886643
real_transition_bootstrap,38,187,23375,1.7292344646453857,71.51986838495442,46.090234908113885,127872,107.62149793470466,30.645978735729354,47.993064880371094,281.1536865234375,205.58482360839844,127872,107.71015983790903,30.760743700219603,46.26879186630249,288.1041493225098,206.16855349845883,15459fae137ab1a82d9da3ebee5d5b69,67.76980194495991,93.85043842250654
real_transition_bootstrap,38,188,23500,1.606753993988037,71.13823469647872,44.45253886787051,127872,107.60291118461926,30.662899301066563,47.9145393371582,282.08380126953125,205.5926055908203,127872,107.71015983790903,30.760743700219603,46.26879186630249,288.1041493225098,206.16855349845883,15459fae137ab1a82d9da3ebee5d5b69,68.23767520999536,95.50599819222475
real_transition_bootstrap,38,189,23625,1.528200860977173,70.72338520625829,42.74069628771554,127872,107.60794202030242,30.675577084614492,47.858699798583984,282.6841735839844,205.57591247558594,127872,107.71015983790903,30.760743700219603,46.26879186630249,288.1041493225098,206.16855349845883,15459fae137ab1a82d9da3ebee5d5b69,68.70621347997803,90.16991945525083
real_transition_bootstrap,38,190,23750,1.4702083387374878,70.18504193830968,41.04658662075328,127872,107.62141429563542,30.690768316241837,47.774864196777344,283.14984130859375,205.60739135742188,127872,107.71015983790903,30.760743700219603,46.26879186630249,288.1041493225098,206.16855349845883,15459fae137ab1a82d9da3ebee5d5b69,69.09681257104967,83.81899483723743
real_transition_bootstrap,39,191,23875,3.108113871574402,82.94129662597221,178.57732776507063,127872,110.99866897067628,32.519116454883594,48.49943161010742,298.47149658203125,212.95846557617188,127872,110.9451078882485,32.61888052474404,46.349893283844,307.0081098937988,212.96104194946287,80c0244db1984db92fe27dd46d8e99e6,69.53711706702597,1506.5887524044188
real_transition_bootstrap,39,192,24000,2.0370417947769166,82.32031737240547,48.78017578707057,127872,110.96171788544626,32.54984203655252,48.29038619995117,300.03839111328125,212.88002014160156,127872,110.9451078882485,32.61888052474404,46.349893283844,307.0081098937988,212.96104194946287,80c0244db1984db92fe27dd46d8e99e6,69.88290811795741,103.73634711471338
real_transition_bootstrap,39,193,24125,1.9003171062469482,81.82633186224075,46.40708163431952,127872,110.93714967733986,32.560443643889144,48.11198043823242,300.9231872558594,212.8443145751953,127872,110.9451078882485,32.61888052474404,46.349893283844,307.0081098937988,212.96104194946287,80c0244db1984db92fe27dd46d8e99e6,70.29661374399439,99.744233090593
real_transition_bootstrap,39,194,24250,1.8125595083236694,81.38769398004897,45.56614878831909,127872,110.91676325119055,32.55910338984183,48.04848098754883,301.4715881347656,212.76715087890625,127872,110.9451078882485,32.61888052474404,46.349893283844,307.0081098937988,212.96104194946287,80c0244db1984db92fe27dd46d8e99e6,70.71640422998462,95.60813960424169
real_transition_bootstrap,39,195,24375,1.7481813077926636,80.92980069390016,45.44811525616569,127872,110.90024658420064,32.556622470853796,48.013160705566406,301.8321838378906,212.7144317626953,127872,110.9451078882485,32.61888052474404,46.349893283844,307.0081098937988,212.96104194946287,80c0244db1984db92fe27dd46d8e99e6,71.15830815397203,91.36855395129753
real_transition_bootstrap,40,196,24500,3.555304273605347,96.77171140232159,182.85059692947254,127872,114.29647736333392,34.47444149898886,49.19577407836914,318.0123291015625,220.3920440673828,127872,114.29370775527723,34.64631229481252,47.372311191558836,327.1619273376465,220.5444631895065,22ca92b7e3980d5ac5652d1effecf32c,71.79022530303337,1448.7326370728256
real_transition_bootstrap,40,197,24625,2.4221930713653563,96.1097104445306,54.68924385470319,127872,114.27269866546473,34.51229287331833,48.96245193481445,319.70989990234375,220.40794372558594,127872,114.29370775527723,34.64631229481252,47.372311191558836,327.1619273376465,220.5444631895065,22ca92b7e3980d5ac5652d1effecf32c,72.2421817870345,122.57299366237577
real_transition_bootstrap,40,198,24750,2.2696576166152953,95.56471565883646,53.06432413768567,127872,114.25757845201053,34.52321091512379,48.88174819946289,320.64141845703125,220.4460906982422,127872,114.29370775527723,34.64631229481252,47.372311191558836,327.1619273376465,220.5444631895065,22ca92b7e3980d5ac5652d1effecf32c,72.6271899479907,109.40005556621026
real_transition_bootstrap,40,199,24875,2.1695553846359252,95.08316434789671,52.614909274537546,127872,114.24234161147842,34.52628639970215,48.783966064453125,321.21356201171875,220.41395568847656,127872,114.29370775527723,34.64631229481252,47.372311191558836,327.1619273376465,220.5444631895065,22ca92b7e3980d5ac5652d1effecf32c,73.02949598804116,100.40979782152266
real_transition_bootstrap,40,200,25000,2.0967000341415405,94.53525238033869,52.840082869215564,127872,114.21861916291225,34.5258238725527,48.71845626831055,321.6378173828125,220.37191772460938,127872,114.29370775527723,34.64631229481252,47.372311191558836,327.1619273376465,220.5444631895065,22ca92b7e3980d5ac5652d1effecf32c,73.39563527703285,96.99855961866137
full_aamas_frozen,0,0,0,28.789627509888923,29.18557672889699,10.675736228126448,127872,-5.8644899247073956e-08,5.2120563877682587e-08,-1.8704447768413957e-07,8.179172539257706e-08,5.68006868206794e-08,127872,5.356900201049982,0.3053639170565646,3.2493410879771267,5.5959422719134455,5.5465863153035535,06fb5ce17a7318df557bcc12f9a8dbca,0.0,
full_aamas_frozen,1,1,125,27.63597784423828,21.94881577214771,14.159921255621446,127872,0.7645642174061973,0.16300666530640678,0.4225059747695923,1.2212224006652832,1.146200180053711,127872,5.356900201049982,0.3053639170565646,3.2493410879771267,5.5959422719134455,5.5465863153035535,06fb5ce17a7318df557bcc12f9a8dbca,25.652764200931415,36.09515731138313
full_aamas_frozen,1,2,250,4.617475463390351,0.522783306682469,21.361066200530647,127872,5.273392308288971,0.6553812625444239,3.298480987548828,6.995294094085693,6.818758487701416,127872,5.356900201049982,0.3053639170565646,3.2493410879771267,5.5959422719134455,5.5465863153035535,06fb5ce17a7318df557bcc12f9a8dbca,25.975441535003483,57.81428820529654
full_aamas_frozen,1,3,375,0.41815790510177614,0.3827215749495485,1.4962959887711091,127872,5.300999441192494,0.5090059065361678,3.7338054180145264,6.652886867523193,6.533019065856934,127872,5.356900201049982,0.3053639170565646,3.2493410879771267,5.5959422719134455,5.5465863153035535,06fb5ce17a7318df557bcc12f9a8dbca,26.303528344957158,3.5439792332387694
full_aamas_frozen,1,4,500,0.2940303649902344,0.3189373988088059,1.0573191433269793,127872,5.3164717672174575,0.43847070180527753,3.9352686405181885,6.420163154602051,6.329375743865967,127872,5.356900201049982,0.3053639170565646,3.2493410879771267,5.5959422719134455,5.5465863153035535,06fb5ce17a7318df557bcc12f9a8dbca,26.646948023000732,2.5509121134068495
full_aamas_frozen,1,5,625,0.23196381664276122,0.2760676797437634,0.8627646006780864,127872,5.324926220268399,0.3865693512264225,4.096097946166992,6.278042793273926,6.197404861450195,127872,5.356900201049982,0.3053639170565646,3.2493410879771267,5.5959422719134455,5.5465863153035535,06fb5ce17a7318df557bcc12f9a8dbca,26.974924735957757,2.0715243097928306
full_aamas_frozen,2,6,750,2.250661061167717,0.3322228745254033,36.601790443769694,127872,10.823137357622176,0.7830623781342545,8.23418140411377,12.936074256896973,12.620800971984863,127872,10.846170265859273,0.5590295166080984,8.146019760352322,12.621781359920261,12.064362565666034,fffb80c06e08be2f03b2f7fa82b26734,40.60700661398005,213.15530888469894
full_aamas_frozen,2,7,875,0.22853488981723785,0.2751973019481745,1.4579766733352484,127872,10.833576030872605,0.728500645952071,8.44649600982666,12.728175163269043,12.606887817382812,127872,10.846170265859273,0.5590295166080984,8.146019760352322,12.621781359920261,12.064362565666034,fffb80c06e08be2f03b2f7fa82b26734,41.01690048491582,3.0756582462676523
full_aamas_frozen,2,8,1000,0.18950770473480225,0.23726723783154105,1.2524798406088777,127872,10.836310535453043,0.6896882155791075,8.617690086364746,12.69199275970459,12.461549758911133,127872,10.846170265859273,0.5590295166080984,8.146019760352322,12.621781359920261,12.064362565666034,fffb80c06e08be2f03b2f7fa82b26734,41.437461692956276,2.540401367156497
full_aamas_frozen,2,9,1125,0.1648999766111374,0.20993126257642744,1.122261173604947,127872,10.837553759945465,0.6594008738082173,8.759218215942383,12.662060737609863,12.33012580871582,127872,10.846170265859273,0.5590295166080984,8.146019760352322,12.621781359920261,12.064362565666034,fffb80c06e08be2f03b2f7fa82b26734,41.88817177794408,2.449146276261537
full_aamas_frozen,2,10,1250,0.14748703980445863,0.18957688327379743,1.0282569427918613,127872,10.838105619856128,0.6350658059962289,8.878483772277832,12.625381469726562,12.228145599365234,127872,10.846170265859273,0.5590295166080984,8.146019760352322,12.621781359920261,12.064362565666034,fffb80c06e08be2f03b2f7fa82b26734,42.33820516592823,2.340414939274896
full_aamas_frozen,3,11,1375,1.8001114101409912,0.2994800082060476,51.50180876125412,127872,16.410871852073704,0.9888714394068054,13.386066436767578,19.62409019470215,18.657052993774414,127872,16.43069434178943,0.8455684461331286,13.006875380087674,19.28607365437378,18.568710692032862,d2024c66c78ca6e15aeaf67bc8ead27a,56.46501964493655,380.5355426497772
full_aamas_frozen,3,12,1500,0.1974309412240982,0.2528794142093214,1.7334471534614195,127872,16.42050424091391,0.9569711841945765,13.526782989501953,19.585365295410156,18.56556510925293,127872,16.43069434178943,0.8455684461331286,13.006875380087674,19.28607365437378,18.568710692032862,d2024c66c78ca6e15aeaf67bc8ead27a,56.93096023402177,4.970530187624825
full_aamas_frozen,3,13,1625,0.17290024137496948,0.22405710996102537,1.567346003329232,127872,16.421096251451516,0.93371974801291,13.620218276977539,19.539043426513672,18.52294921875,127872,16.43069434178943,0.8455684461331286,13.006875380087674,19.28607365437378,18.568710692032862,d2024c66c78ca6e15aeaf67bc8ead27a,57.40812275593635,4.713645817429651
full_aamas_frozen,3,14,1750,0.1567479728460312,0.20197149206330964,1.4691878428635807,127872,16.420931690492786,0.9153704836049736,13.706721305847168,19.495691299438477,18.48886489868164,127872,16.43069434178943,0.8455684461331286,13.006875380087674,19.28607365437378,18.568710692032862,d2024c66c78ca6e15aeaf67bc8ead27a,57.88025242194999,4.4897716950252
full_aamas_frozen,3,15,1875,0.1448653582930565,0.18669221104443226,1.4011563330735226,127872,16.42022597982182,0.9002687809181241,13.776959419250488,19.436275482177734,18.47698211669922,127872,16.43069434178943,0.8455684461331286,13.006875380087674,19.28607365437378,18.568710692032862,d2024c66c78ca6e15aeaf67bc8ead27a,58.299078639014624,4.269801634396695
full_aamas_frozen,4,16,2000,1.7250996598005295,0.30610983833644256,66.78542112597054,127872,22.071114605939663,1.2834366289432197,18.49127769470215,26.700910568237305,25.112152099609375,127872,22.086881789351615,1.1877039328249868,17.877090245991454,26.4900885482713,25.387768865449488,d7386f76c2e0a9868280f7b76cf37ebe,71.78875182196498,541.4435739740551
full_aamas_frozen,4,17,2125,0.20474810576438904,0.2675181727670026,2.159446525394799,127872,22.068045522193533,1.2653364932675581,18.57434844970703,26.679149627685547,25.05733871459961,127872,22.086881789351615,1.1877039328249868,17.877090245991454,26.4900885482713,25.387768865449488,d7386f76c2e0a9868280f7b76cf37ebe,72.237135251984,4.712433905995033
full_aamas_frozen,4,18,2250,0.18665022373199464,0.24095730056025458,2.0459348996439517,127872,22.072305111257403,1.2510537543323086,18.648967742919922,26.6337833404541,25.0462589263916,127872,22.086881789351615,1.1877039328249868,17.877090245991454,26.4900885482713,25.387768865449488,d7386f76c2e0a9868280f7b76cf37ebe,72.70252735097893,4.52249691682095
full_aamas_frozen,4,19,2375,0.17352814650535583,0.2222880923077597,1.9515288756997926,127872,22.074586592786186,1.2392003382614791,18.717697143554688,26.592477798461914,25.033584594726562,127872,22.086881789351615,1.1877039328249868,17.877090245991454,26.4900885482713,25.387768865449488,d7386f76c2e0a9868280f7b76cf37ebe,73.08550049702171,4.430760530115878
full_aamas_frozen,4,20,2500,0.16309612941741944,0.20827105672253698,1.886737160480506,127872,22.077098972879135,1.2290540298647754,18.78641128540039,26.560388565063477,25.02206802368164,127872,22.086881789351615,1.1877039328249868,17.877090245991454,26.4900885482713,25.387768865449488,d7386f76c2e0a9868280f7b76cf37ebe,73.49754500691779,4.509260908441724
full_aamas_frozen,5,21,2625,1.718854887008667,0.31934802618337393,81.82276826664935,127872,27.827053682582157,1.6605497950975587,23.559080123901367,34.08893966674805,31.779993057250977,127872,27.83569321378777,1.6005040243034883,22.96300046663093,34.25372742798095,32.20662310058824,4be58f5fee688ed0e76dcdd2ba0436ce,87.60189420799725,703.8677375193297
full_aamas_frozen,5,22,2750,0.2258844014406204,0.28036676164841534,3.008881271278665,127872,27.83520704260221,1.6482119627782412,23.665496826171875,34.06161117553711,31.73038673400879,127872,27.83569321378777,1.6005040243034883,22.96300046663093,34.25372742798095,32.20662310058824,4be58f5fee688ed0e76dcdd2ba0436ce,88.01348699897062,9.15267236560589
full_aamas_frozen,5,23,2875,0.20764408338069915,0.2576035165213384,2.9550774537479936,127872,27.835334988924355,1.6379941552459916,23.75140953063965,34.044490814208984,31.714345932006836,127872,27.83569321378777,1.6005040243034883,22.96300046663093,34.25372742798095,32.20662310058824,4be58f5fee688ed0e76dcdd2ba0436ce,88.42874880402815,9.023169351546308
full_aamas_frozen,5,24,3000,0.19440345060825348,0.24097545904882064,2.898069506186547,127872,27.835258782118768,1.6292366503607447,23.822067260742188,34.04253005981445,31.724035263061523,127872,27.83569321378777,1.6005040243034883,22.96300046663093,34.25372742798095,32.20662310058824,4be58f5fee688ed0e76dcdd2ba0436ce,88.85215845995117,8.907744522133411
full_aamas_frozen,5,25,3125,0.1839066207408905,0.2279569002081778,2.8615561600409847,127872,27.83494009519065,1.621156675818893,23.89220428466797,34.040714263916016,31.7542724609375,127872,27.83569321378777,1.6005040243034883,22.96300046663093,34.25372742798095,32.20662310058824,4be58f5fee688ed0e76dcdd2ba0436ce,89.25568724202458,8.777337568055646
full_aamas_frozen,6,26,3250,1.7769296697378159,0.356416279279875,97.05780256443158,127872,33.703103154450204,2.106126086366813,28.80268669128418,42.23754119873047,38.81166458129883,127872,33.704066410959065,2.0697032752694926,28.08222156178526,43.015691624418146,39.300149527782814,4e393959dc4e59271cc10f93ce776a6a,102.70241718401667,865.6834074230838
full_aamas_frozen,6,27,3375,0.24561442399024963,0.3194174155390003,3.382934171228017,127872,33.70103381947056,2.0996900864448254,28.90029525756836,42.30404281616211,38.820369720458984,127872,33.704066410959065,2.0697032752694926,28.08222156178526,43.015691624418146,39.300149527782814,4e393959dc4e59271cc10f93ce776a6a,103.01910659496207,9.086698300129429
full_aamas_frozen,6,28,3500,0.2271012841463089,0.29184580067150606,3.2376169382774607,127872,33.70338877628336,2.0935763755332535,28.986358642578125,42.36308288574219,38.87008285522461,127872,33.704066410959065,2.0697032752694926,28.08222156178526,43.015691624418146,39.300149527782814,4e393959dc4e59271cc10f93ce776a6a,103.33143855002709,8.572219854274918
full_aamas_frozen,6,29,3625,0.21320021152496338,0.2701044909103259,3.142213471675603,127872,33.70532333082683,2.088229369553919,29.06385612487793,42.396942138671875,38.919593811035156,127872,33.704066410959065,2.0697032752694926,28.08222156178526,43.015691624418146,39.300149527782814,4e393959dc4e59271cc10f93ce776a6a,103.65657181001734,8.0157665610135
full_aamas_frozen,6,30,3750,0.20239116394519807,0.25235874077415177,3.0907385508923038,127872,33.70706781689768,2.083847465971169,29.128829956054688,42.41603469848633,38.962806701660156,127872,33.704066410959065,2.0697032752694926,28.08222156178526,43.015691624418146,39.300149527782814,4e393959dc4e59271cc10f93ce776a6a,103.98943715798669,8.047562527148918
full_aamas_frozen,7,31,3875,1.8301470724344253,0.3873673041208294,112.96534721186497,127872,39.70189877512219,2.6257961119909035,34.19371032714844,51.463958740234375,46.339988708496094,127872,39.69112571477178,2.6170222759645645,33.23344965634145,52.452248438477696,46.88855257361886,9a6c8075c7335c56aa3b6d770ee9f90e,117.9164653159678,1025.0878446988384
full_aamas_frozen,7,32,4000,0.26494962310791015,0.34756581240227014,4.08693013463209,127872,39.699122948421014,2.622787783854106,34.295326232910156,51.527732849121094,46.39503479003906,127872,39.69112571477178,2.6170222759645645,33.23344965634145,52.452248438477696,46.88855257361886,9a6c8075c7335c56aa3b6d770ee9f90e,118.23526519397274,10.066075229794336
full_aamas_frozen,7,33,4125,0.24707907569408416,0.31655483143133756,3.9539237377065284,127872,39.700773487190105,2.6196176041425403,34.37511444091797,51.5605583190918,46.45481872558594,127872,39.69112571477178,2.6170222759645645,33.23344965634145,52.452248438477696,46.88855257361886,9a6c8075c7335c56aa3b6d770ee9f90e,118.554886316997,9.926420165427244
full_aamas_frozen,7,34,4250,0.23380037534236908,0.29336549997078476,3.8575769709960377,127872,39.70096116234829,2.616427370854569,34.439674377441406,51.601898193359375,46.48950958251953,127872,39.69112571477178,2.6170222759645645,33.23344965634145,52.452248438477696,46.88855257361886,9a6c8075c7335c56aa3b6d770ee9f90e,118.87044468894601,9.68217277185926
full_aamas_frozen,7,35,4375,0.22334916985034942,0.2749075533585781,3.782806151035604,127872,39.70152555347921,2.6141107020984164,34.4926643371582,51.625118255615234,46.516849517822266,127872,39.69112571477178,2.6170222759645645,33.23344965634145,52.452248438477696,46.88855257361886,9a6c8075c7335c56aa3b6d770ee9f90e,119.2132273450261,9.449995175524975
full_aamas_frozen,8,36,4500,1.9030059838294984,0.42025053972766846,130.1627834073093,127872,45.77016813305763,3.2545234861225025,39.533878326416016,61.561336517333984,54.30504608154297,127872,45.796132905820784,3.2430604792350533,38.513273727549134,62.45899659750611,54.84962005188363,2739052d2a4f145d2a726cdeac35069f,132.69423089094926,1178.346351079827
full_aamas_frozen,8,37,4625,0.2809432575702667,0.3780433782855721,5.1234444333052345,127872,45.77362617358073,3.2547526436047827,39.62623596191406,61.59447479248047,54.37390899658203,127872,45.796132905820784,3.2430604792350533,38.513273727549134,62.45899659750611,54.84962005188363,2739052d2a4f145d2a726cdeac35069f,133.0127349459799,12.422181159067183
full_aamas_frozen,8,38,4750,0.26086422049999236,0.3466690032267178,4.860552465843608,127872,45.77227291837708,3.2531461910217865,39.70127868652344,61.58506393432617,54.42966079711914,127872,45.796132905820784,3.2430604792350533,38.513273727549134,62.45899659750611,54.84962005188363,2739052d2a4f145d2a726cdeac35069f,133.33816039201338,11.397268046532655
full_aamas_frozen,8,39,4875,0.24606241738796233,0.32275234847603174,4.708657578909521,127872,45.77138176745361,3.251460891955958,39.76670455932617,61.59048080444336,54.4792594909668,127872,45.796132905820784,3.2430604792350533,38.513273727549134,62.45899659750611,54.84962005188363,2739052d2a4f145d2a726cdeac35069f,133.6503331529675,11.161868544063553
full_aamas_frozen,8,40,5000,0.23457464170455933,0.30283358643375796,4.602129700352012,127872,45.77111084390808,3.2502042124594515,39.81712341308594,61.600467681884766,54.526893615722656,127872,45.796132905820784,3.2430604792350533,38.513273727549134,62.45899659750611,54.84962005188363,2739052d2a4f145d2a726cdeac35069f,133.96806487301365,10.831681211335505
full_aamas_frozen,9,41,5125,1.9597200589179993,0.42278148172489,146.12247189879426,127872,51.97053897917807,3.9638875200242882,44.929447174072266,72.16893768310547,62.72007369995117,127872,51.97434491366976,3.9883630024650403,43.767057167722214,73.1832189955638,63.2723947186408,f53585656a33aacd6da4d7b2a9e23754,148.00085589499213,1362.7712753646483
full_aamas_frozen,9,42,5250,0.29379747319221494,0.37720547887362127,5.51785246470801,127872,51.97585790433564,3.968234367275881,45.016048431396484,72.17694091796875,62.78981399536133,127872,51.97434491366976,3.9883630024650403,43.767057167722214,73.1832189955638,63.2723947186408,f53585656a33aacd6da4d7b2a9e23754,148.3310661970172,12.875083785197507
full_aamas_frozen,9,43,5375,0.27599541568756103,0.34698258713963404,5.409258048908136,127872,51.976860022013845,3.96934879959688,45.075035095214844,72.19710540771484,62.84601593017578,127872,51.97434491366976,3.9883630024650403,43.767057167722214,73.1832189955638,63.2723947186408,f53585656a33aacd6da4d7b2a9e23754,148.6549699259922,13.015078761988192
full_aamas_frozen,9,44,5500,0.2628968555927277,0.324176760681555,5.337085507190232,127872,51.97790640771568,3.970014287180665,45.10356903076172,72.210693359375,62.89468765258789,127872,51.97434491366976,3.9883630024650403,43.767057167722214,73.1832189955638,63.2723947186408,f53585656a33aacd6da4d7b2a9e23754,148.9809989669593,13.052068246879912
full_aamas_frozen,9,45,5625,0.25247927033901213,0.30872344849401445,5.271698647370841,127872,51.978631245749845,3.970401065827441,45.11048889160156,72.2229995727539,62.929847717285156,127872,51.97434491366976,3.9883630024650403,43.767057167722214,73.1832189955638,63.2723947186408,f53585656a33aacd6da4d7b2a9e23754,149.3251105559757,13.116618786052252
full_aamas_frozen,10,46,5750,2.0537299613952635,0.48500079003211294,162.42381136299082,127872,58.3241083152719,4.801803093512015,50.225852966308594,83.70962524414062,72.55998229980469,127872,58.311514736430844,4.833596530454746,48.99081305601057,84.88037487096649,73.10236674969921,59e683e98734963d12441c4bf03f2c0e,163.1622039299691,1528.336724653109
full_aamas_frozen,10,47,5875,0.32224510264396666,0.4365483022459203,6.243331690160465,127872,58.32054630954106,4.8090978509308755,50.299659729003906,83.69671630859375,72.73616027832031,127872,58.311514736430844,4.833596530454746,48.99081305601057,84.88037487096649,73.10236674969921,59e683e98734963d12441c4bf03f2c0e,163.58565858297516,14.21456690076997
full_aamas_frozen,10,48,6000,0.3041660270690918,0.40549499814185297,6.053658046042008,127872,58.32160767504164,4.812264680445481,50.32478332519531,83.71239471435547,72.83841705322266,127872,58.311514736430844,4.833596530454746,48.99081305601057,84.88037487096649,73.10236674969921,59e683e98734963d12441c4bf03f2c0e,163.99424935295247,13.440971856559388
full_aamas_frozen,10,49,6125,0.2914083296060562,0.38466608287819737,5.985849952263175,127872,58.323067993760944,4.813792368938366,50.33554458618164,83.73947143554688,72.91592407226562,127872,58.311514736430844,4.833596530454746,48.99081305601057,84.88037487096649,73.10236674969921,59e683e98734963d12441c4bf03f2c0e,164.40090857597534,12.920554318901239
full_aamas_frozen,10,50,6250,0.2816056922674179,0.3671385273857581,5.947651757737683,127872,58.324672228640864,4.814888249602602,50.34486389160156,83.74436950683594,72.96843719482422,127872,58.311514736430844,4.833596530454746,48.99081305601057,84.88037487096649,73.10236674969921,59e683e98734963d12441c4bf03f2c0e,164.7979858609615,12.722906754335133
full_aamas_frozen,11,51,6375,2.190601845264435,0.550757899906266,184.59062348415222,127872,64.83761254069326,5.780839761573028,55.599571228027344,96.1146240234375,83.60782623291016,127872,64.81957212188138,5.817578328668717,54.47262081149279,97.33938531788131,84.23833208476633,a066dfe6ba048e59bc762feea1a48565,179.04695719794836,1731.9337599458388
full_aamas_frozen,11,52,6500,0.35835962581634523,0.49590296454650395,8.091584700433653,127872,64.83329608365221,5.792388796249441,55.646148681640625,96.1238784790039,83.82347869873047,127872,64.81957212188138,5.817578328668717,54.47262081149279,97.33938531788131,84.23833208476633,a066dfe6ba048e59bc762feea1a48565,179.3871602899162,19.205633654551693
full_aamas_frozen,11,53,6625,0.3382530286312103,0.4642400076330993,7.804144985229768,127872,64.83174983341176,5.797306074327773,55.70451354980469,96.13147735595703,83.97747039794922,127872,64.81957212188138,5.817578328668717,54.47262081149279,97.33938531788131,84.23833208476633,a066dfe6ba048e59bc762feea1a48565,179.74057506292593,18.138901050259328
full_aamas_frozen,11,54,6750,0.3234688608646393,0.4442002592419832,7.685645939996157,127872,64.82847115161779,5.799539454554659,55.75408935546875,96.13552856445312,84.08871459960938,127872,64.81957212188138,5.817578328668717,54.47262081149279,97.33938531788131,84.23833208476633,a066dfe6ba048e59bc762feea1a48565,180.0751664090203,17.63688786180542
full_aamas_frozen,11,55,6875,0.31081547498703005,0.4280308519266618,7.623099033937334,127872,64.82313451525924,5.801666818747098,55.75076675415039,96.14910888671875,84.14537048339844,127872,64.81957212188138,5.817578328668717,54.47262081149279,97.33938531788131,84.23833208476633,a066dfe6ba048e59bc762feea1a48565,180.4008593269391,17.41744189288683
full_aamas_frozen,12,56,7000,2.3947233712673186,0.680638911145168,210.68154664856303,127872,71.50578949135823,6.924014624115457,60.8560905456543,109.50920867919922,95.72212219238281,127872,71.53174641885927,6.974131857971697,59.7579229197777,111.15960744264281,96.48803900926636,68bb6c3b24c042229ca03bf716c951a6,193.96797833102755,1931.3326682998152
full_aamas_frozen,12,57,7125,0.40479140329360963,0.6142427911992524,10.347628734667882,127872,71.49954222910874,6.933995685827738,60.85044479370117,109.52278137207031,95.9930648803711,127872,71.53174641885927,6.974131857971697,59.7579229197777,111.15960744264281,96.48803900926636,68bb6c3b24c042229ca03bf716c951a6,194.30972649599425,25.119964160833383
full_aamas_frozen,12,58,7250,0.38293957424163816,0.5719402620771982,10.09369714973894,127872,71.4990600161963,6.936501015779217,60.87260437011719,109.56220245361328,96.13432312011719,127872,71.53174641885927,6.974131857971697,59.7579229197777,111.15960744264281,96.48803900926636,68bb6c3b24c042229ca03bf716c951a6,194.64169184991624,26.574826150186464
full_aamas_frozen,12,59,7375,0.36771163868904116,0.5421357944395544,9.921242502515788,127872,71.50110182527068,6.935932863853875,60.8979377746582,109.57979583740234,96.21692657470703,127872,71.53174641885927,6.974131857971697,59.7579229197777,111.15960744264281,96.48803900926636,68bb6c3b24c042229ca03bf716c951a6,194.9816101519391,27.50222976832429
full_aamas_frozen,12,60,7500,0.35574812078475954,0.5176576997400862,9.80704764207326,127872,71.50609289886835,6.934661618220639,60.91742706298828,109.5858154296875,96.27114868164062,127872,71.53174641885927,6.974131857971697,59.7579229197777,111.15960744264281,96.48803900926636,68bb6c3b24c042229ca03bf716c951a6,195.3143793399213,28.14593061260492
full_aamas_frozen,13,61,7625,2.633684407711029,0.81455008765471,232.75865387864596,127872,78.51872157113807,8.25080893217193,66.03250885009766,124.36869049072266,109.09236145019531,127872,78.50260730479937,8.296739016586942,65.35379819426649,125.8662278328137,109.9375142633659,6468404b8784e81c912429c710cb619f,209.3195133409463,2224.8870393220263
full_aamas_frozen,13,62,7750,0.4789849691390991,0.7317731718694576,10.259831536894374,127872,78.52236420494897,8.259936017908217,66.02633666992188,124.39086151123047,109.4066390991211,127872,78.50260730479937,8.296739016586942,65.35379819426649,125.8662278328137,109.9375142633659,6468404b8784e81c912429c710cb619f,209.7942489059642,21.025435428572266
full_aamas_frozen,13,63,7875,0.45418976855278015,0.6786867215171136,10.062382594120736,127872,78.52463444664671,8.264461056226414,66.03799438476562,124.42474365234375,109.57316589355469,127872,78.50260730479937,8.296739016586942,65.35379819426649,125.8662278328137,109.9375142633659,6468404b8784e81c912429c710cb619f,210.24186102300882,19.755175055148783
full_aamas_frozen,13,64,8000,0.4381365146636963,0.6438292223636735,10.066032496148358,127872,78.52654149439242,8.265255081416132,66.04170227050781,124.46047973632812,109.68618774414062,127872,78.50260730479937,8.296739016586942,65.35379819426649,125.8662278328137,109.9375142633659,6468404b8784e81c912429c710cb619f,210.71459720900748,19.645578343461462
full_aamas_frozen,13,65,8125,0.42531658577919007,0.617995925317716,10.120454921591222,127872,78.52756436284001,8.265561538434078,66.04473114013672,124.4941635131836,109.76606750488281,127872,78.50260730479937,8.296739016586942,65.35379819426649,125.8662278328137,109.9375142633659,6468404b8784e81c912429c710cb619f,211.18636751000304,20.058013006172374
full_aamas_frozen,14,66,8250,3.0035563993453978,0.9920211470174426,263.97802279035415,127872,85.86558530053816,9.767771798052632,71.26467895507812,140.31063842773438,123.59373474121094,127872,85.86586337132607,9.860797231372805,70.75019950961078,142.29222506277947,124.67337647773094,3c89e4143ab3c3e8fc170cb72d90a836,225.01952901098412,2540.2870107505387
full_aamas_frozen,14,67,8375,0.582806155204773,0.8836580774015907,12.42294310751124,127872,85.87175826201806,9.780460019053644,71.24309539794922,140.3602752685547,123.87470245361328,127872,85.86586337132607,9.860797231372805,70.75019950961078,142.29222506277947,124.67337647773094,3c89e4143ab3c3e8fc170cb72d90a836,225.47200539591722,32.212141652484576
full_aamas_frozen,14,68,8500,0.5523675541877746,0.8157419088290967,12.201891815856028,127872,85.8729542007556,9.787414792711461,71.23377990722656,140.43235778808594,124.02377319335938,127872,85.86586337132607,9.860797231372805,70.75019950961078,142.29222506277947,124.67337647773094,3c89e4143ab3c3e8fc170cb72d90a836,225.88815257500391,32.380593187762926
full_aamas_frozen,14,69,8625,0.5319180943965912,0.7703904746527354,12.124232979603816,127872,85.87494702913143,9.791899608568665,71.23287963867188,140.46202087402344,124.12120819091797,127872,85.86586337132607,9.860797231372805,70.75019950961078,142.29222506277947,124.67337647773094,3c89e4143ab3c3e8fc170cb72d90a836,226.3184533099411,32.183279997574125
full_aamas_frozen,14,70,8750,0.5159951164722443,0.737604881166872,12.088865855403636,127872,85.87721623607106,9.796253454160885,71.23287963867188,140.49354553222656,124.21444702148438,127872,85.86586337132607,9.860797231372805,70.75019950961078,142.29222506277947,124.67337647773094,3c89e4143ab3c3e8fc170cb72d90a836,226.78840566799045,31.58628038618809
full_aamas_frozen,15,71,8875,3.4206255345344543,1.2652520174762998,297.20872631373607,127872,93.62028026986528,11.570544765928805,76.64479064941406,158.048828125,139.37139892578125,127872,93.61511844763046,11.642775874028402,76.16739239969188,160.68549080142307,140.54724314498577,6aec741901e002408df1a2c8016eb627,240.8901100140065,2818.3720434568895
full_aamas_frozen,15,72,9000,0.7178491048812866,1.166374124140008,15.17270565944197,127872,93.62320461854324,11.58949298103367,76.59434509277344,158.12754821777344,139.6976776123047,127872,93.61511844763046,11.642775874028402,76.16739239969188,160.68549080142307,140.54724314498577,6aec741901e002408df1a2c8016eb627,241.23758294491563,32.714855944178225
full_aamas_frozen,15,73,9125,0.6822138962745666,1.0805041090188603,14.694935933528148,127872,93.61995529716795,11.599417718497142,76.5808334350586,158.22076416015625,139.8551483154297,127872,93.61511844763046,11.642775874028402,76.16739239969188,160.68549080142307,140.54724314498577,6aec741901e002408df1a2c8016eb627,241.62646198295988,29.90750301452909
full_aamas_frozen,15,74,9250,0.6561828536987304,1.0176104871719016,14.32236494642408,127872,93.62036089257555,11.607380852511533,76.56722259521484,158.310302734375,139.97679138183594,127872,93.61511844763046,11.642775874028402,76.16739239969188,160.68549080142307,140.54724314498577,6aec741901e002408df1a2c8016eb627,242.04491455596872,27.99813619387324
full_aamas_frozen,15,75,9375,0.6355332374572754,0.9758241160997208,14.046028903719309,127872,93.62199184140405,11.613002852498875,76.55419921875,158.3655242919922,140.06993103027344,127872,93.61511844763046,11.642775874028402,76.16739239969188,160.68549080142307,140.54724314498577,6aec741901e002408df1a2c8016eb627,242.42845187196508,28.72414875228174
full_aamas_frozen,16,76,9500,3.9662446999549865,1.6508412312391418,340.0102457243441,127872,101.8200576382953,13.655960986163949,82.27274322509766,177.7467041015625,157.1938018798828,127872,101.83908188747692,13.757523596935965,81.79086457235749,180.7241726261268,157.88791754094908,02fa59e6ed0dd1ed569a3892c4e768c8,256.16534507193137,3330.1720391855793
full_aamas_frozen,16,77,9625,0.9093348832130432,1.5003207397379523,18.290330229705482,127872,101.8327126275073,13.672123570816504,82.22203826904297,177.89210510253906,157.62977600097656,127872,101.83908188747692,13.757523596935965,81.79086457235749,180.7241726261268,157.88791754094908,02fa59e6ed0dd1ed569a3892c4e768c8,256.5999674849445,46.881382934227325
full_aamas_frozen,16,78,9750,0.8644379048347474,1.3878732361547548,17.779592708533837,127872,101.83691440556977,13.680659468837923,82.19901275634766,177.9779052734375,157.8700714111328,127872,101.83908188747692,13.757523596935965,81.79086457235749,180.7241726261268,157.88791754094908,02fa59e6ed0dd1ed569a3892c4e768c8,257.0152461929247,44.78843984622487
full_aamas_frozen,16,79,9875,0.8316883735656738,1.3067816299357213,17.504964431472843,127872,101.8418097499016,13.686566348035676,82.18209838867188,178.04486083984375,158.03036499023438,127872,101.83908188747692,13.757523596935965,81.79086457235749,180.7241726261268,157.88791754094908,02fa59e6ed0dd1ed569a3892c4e768c8,257.4014357730048,42.374090485807876
full_aamas_frozen,16,80,10000,0.8043782463073731,1.2391104397212191,17.367941701514766,127872,101.8461629306232,13.691468436477725,82.17029571533203,178.09298706054688,158.00942993164062,127872,101.83908188747692,13.757523596935965,81.79086457235749,180.7241726261268,157.88791754094908,02fa59e6ed0dd1ed569a3892c4e768c8,257.8186142889317,39.5895270012917
full_aamas_frozen,17,81,10125,4.665293522357941,2.1491810102875353,383.36232918147624,127872,110.6506041065828,16.05313630830404,88.24662017822266,199.62789916992188,176.3003692626953,127872,110.639711546599,16.153554360972155,87.12767978715215,202.57062631565148,177.4608714601432,da2b54f52ee710bd9054225a414755ef,271.6285030459985,3756.024052979254
full_aamas_frozen,17,82,10250,1.1511674194335937,1.949231983152206,23.602502309823603,127872,110.65594741424641,16.067588843018193,88.2273941040039,199.76889038085938,176.52317810058594,127872,110.639711546599,16.153554360972155,87.12767978715215,202.57062631565148,177.4608714601432,da2b54f52ee710bd9054225a414755ef,271.9672530349344,62.12106607669126
full_aamas_frozen,17,83,10375,1.09302405834198,1.8050581617039227,23.107863938895047,127872,110.65224885343909,16.0737062376535,88.22407531738281,199.88180541992188,176.63710021972656,127872,110.639711546599,16.153554360972155,87.12767978715215,202.57062631565148,177.4608714601432,da2b54f52ee710bd9054225a414755ef,272.2949075369397,58.23378441466672
full_aamas_frozen,17,84,10500,1.050572376728058,1.6949995535869504,22.69607652061505,127872,110.64880369190459,16.076621851166603,88.22343444824219,199.95755004882812,176.82260131835938,127872,110.639711546599,16.153554360972155,87.12767978715215,202.57062631565148,177.4608714601432,da2b54f52ee710bd9054225a414755ef,272.6140701259719,56.473052900470115
full_aamas_frozen,17,85,10625,1.0153541946411133,1.6117073970108045,22.36191311033727,127872,110.6447693200202,16.078399402002294,88.22429656982422,199.99288940429688,176.98477172851562,127872,110.639711546599,16.153554360972155,87.12767978715215,202.57062631565148,177.4608714601432,da2b54f52ee710bd9054225a414755ef,272.9444373419974,55.998967545658765
full_aamas_frozen,18,86,10750,5.615496380805969,2.6840589214213733,443.37534018555107,127872,120.08952365885744,18.77115361705786,94.60896301269531,223.3373260498047,198.70242309570312,127872,120.1042910414644,18.895169728025614,93.20985207583418,227.71883214387026,199.15979788531908,3329878a3996d57d05dac62da0eaa6eb,286.75890900893137,4381.476256512833
full_aamas_frozen,18,87,10875,1.4787021436691283,2.494917113999522,30.00129813705524,127872,120.09376522949388,18.79742121132915,94.51660919189453,223.43125915527344,198.91653442382812,127872,120.1042910414644,18.895169728025614,93.20985207583418,227.71883214387026,199.15979788531908,3329878a3996d57d05dac62da0eaa6eb,287.1044261159841,90.57365068326203
full_aamas_frozen,18,88,11000,1.4041850528717041,2.358847951410795,29.284492009477336,127872,120.09016129783204,18.810299338217867,94.45391845703125,223.5716094970703,198.94317626953125,127872,120.1042910414644,18.895169728025614,93.20985207583418,227.71883214387026,199.15979788531908,3329878a3996d57d05dac62da0eaa6eb,287.46298720594496,88.27586610011484
full_aamas_frozen,18,89,11125,1.3503529853820802,2.2582600070442704,28.878324714224682,127872,120.08443962083803,18.820279054059878,94.41880798339844,223.6507568359375,198.9805908203125,127872,120.1042910414644,18.895169728025614,93.20985207583418,227.71883214387026,199.15979788531908,3329878a3996d57d05dac62da0eaa6eb,287.82105118001346,85.48493091577812
full_aamas_frozen,18,90,11250,1.3027921161651612,2.1678429429264923,28.72118889906071,127872,120.07768625301404,18.829474365572477,94.3878173828125,223.76695251464844,199.01451110839844,127872,120.1042910414644,18.895169728025614,93.20985207583418,227.71883214387026,199.15979788531908,3329878a3996d57d05dac62da0eaa6eb,288.18338635494,81.88978179426978
full_aamas_frozen,19,91,11375,6.9134027853012086,3.633299556773051,522.8412938294705,127872,130.38315705792442,21.857129652271485,100.72637939453125,249.5801239013672,223.35089111328125,127872,130.35275552952186,22.027971432457157,99.01084318501668,253.60347130878196,223.6197068176109,1b225c804716bdf3ec514bcf1e3deb23,301.9087452410022,5184.3476056707295
full_aamas_frozen,19,92,11500,1.9083411111831665,3.4473254641557083,32.75538683365976,127872,130.39293668219992,21.88037815526999,100.6053237915039,249.8125457763672,223.44168090820312,127872,130.35275552952186,22.027971432457157,99.01084318501668,253.60347130878196,223.6197068176109,1b225c804716bdf3ec514bcf1e3deb23,302.2273369099712,74.2257844783419
full_aamas_frozen,19,93,11625,1.8087935791015626,3.304277639948806,31.962998329964286,127872,130.3983928458588,21.89280073001528,100.52635192871094,250.02427673339844,223.48788452148438,127872,130.35275552952186,22.027971432457157,99.01084318501668,253.60347130878196,223.6197068176109,1b225c804716bdf3ec514bcf1e3deb23,302.5438164760126,71.158456074678
full_aamas_frozen,19,94,11750,1.7339381656646728,3.195533644230777,31.456011294176673,127872,130.40445296804947,21.903504075833155,100.46640014648438,250.19078063964844,223.5224609375,127872,130.35275552952186,22.027971432457157,99.01084318501668,253.60347130878196,223.6197068176109,1b225c804716bdf3ec514bcf1e3deb23,302.87214622693136,69.08483230249588
full_aamas_frozen,19,95,11875,1.668833830833435,3.1129750253970876,31.13194073590554,127872,130.4107819298605,21.912599600076856,100.41332244873047,250.362548828125,223.55783081054688,127872,130.35275552952186,22.027971432457157,99.01084318501668,253.60347130878196,223.6197068176109,1b225c804716bdf3ec514bcf1e3deb23,303.19643111294135,66.43566134498325
full_aamas_frozen,20,96,12000,8.402058124542236,5.223088423605624,618.560823207161,127872,141.67961235107245,25.31456813112276,107.24452209472656,278.5224304199219,249.8453826904297,127872,141.68186006973838,25.52611497066744,104.92415808988667,283.6014324544499,250.37606403858834,1fe0c6fec20c3bd3cd505c0e82552623,317.0743350710254,6031.424119606194
full_aamas_frozen,20,97,12125,2.4781721324920656,4.967430624317138,40.40500670571589,127872,141.68502474899168,25.349607499611505,107.0344467163086,278.7557678222656,249.98497009277344,127872,141.68186006973838,25.52611497066744,104.92415808988667,283.6014324544499,250.37606403858834,1fe0c6fec20c3bd3cd505c0e82552623,317.4023974679876,97.46697131538346
full_aamas_frozen,20,98,12250,2.3484462633132934,4.776397319545496,39.31334292907863,127872,141.68574626798983,25.370253422882087,106.88749694824219,278.9954833984375,250.04164123535156,127872,141.68186006973838,25.52611497066744,104.92415808988667,283.6014324544499,250.37606403858834,1fe0c6fec20c3bd3cd505c0e82552623,317.75509710703045,90.70531956515282
full_aamas_frozen,20,99,12375,2.2514456567764283,4.626901076672472,38.430030139282486,127872,141.68483596789585,25.384509239116976,106.76006317138672,279.1617126464844,250.0531005859375,127872,141.68186006973838,25.52611497066744,104.92415808988667,283.6014324544499,250.37606403858834,1fe0c6fec20c3bd3cd505c0e82552623,318.1120016910136,84.6077292345955
full_aamas_frozen,20,100,12500,2.171176139831543,4.476244888925996,37.87580933104302,127872,141.68109868715953,25.398060944702195,106.67195892333984,279.3238220214844,250.05007934570312,127872,141.68186006973838,25.52611497066744,104.92415808988667,283.6014324544499,250.37606403858834,1fe0c6fec20c3bd3cd505c0e82552623,318.43581046094187,80.99472400458471
full_aamas_frozen,21,101,12625,10.56173226928711,6.989540750604303,742.159110100845,127872,154.104366064012,29.29079284527885,114.0917739868164,310.1092224121094,278.9699401855469,127872,154.15494081468458,29.474976758152685,111.59528441508657,315.7862548346704,279.26853136796734,dbc1fe082fca075d1b5e92f9077972a2,332.4369810379576,7034.304884283872
full_aamas_frozen,21,102,12750,3.215151195526123,6.633518591485987,51.32085104721834,127872,154.10069732694654,29.311734929777675,113.9066162109375,310.3798828125,278.9727783203125,127872,154.15494081468458,29.474976758152685,111.59528441508657,315.7862548346704,279.26853136796734,dbc1fe082fca075d1b5e92f9077972a2,332.86272235098295,118.03554007991445
full_aamas_frozen,21,103,12875,3.0469901809692383,6.3853391738829135,49.61019379072694,127872,154.09827441191888,29.32209235427508,113.80105590820312,310.5452880859375,278.96209716796875,127872,154.15494081468458,29.474976758152685,111.59528441508657,315.7862548346704,279.26853136796734,dbc1fe082fca075d1b5e92f9077972a2,333.2736858029384,114.5339013116457
full_aamas_frozen,21,104,13000,2.923393545150757,6.127897339809143,48.46122990373659,127872,154.0968541308447,29.328023775461304,113.7244873046875,310.7523193359375,278.96282958984375,127872,154.15494081468458,29.474976758152685,111.59528441508657,315.7862548346704,279.26853136796734,dbc1fe082fca075d1b5e92f9077972a2,333.7502297440078,111.25255928281747
full_aamas_frozen,21,105,13125,2.8233214683532717,5.901384553083679,47.687131223308306,127872,154.0977442543189,29.334394137928935,113.65323638916016,310.94921875,278.9585876464844,127872,154.15494081468458,29.474976758152685,111.59528441508657,315.7862548346704,279.26853136796734,dbc1fe082fca075d1b5e92f9077972a2,334.17187288601417,111.9783857564509
full_aamas_frozen,22,106,13250,13.191003297805786,9.09520211964954,879.5083302138278,127872,167.93914716785497,33.638675201173776,122.12713623046875,344.6091003417969,311.02294921875,127872,167.88255093753472,33.892890408791025,119.67744335532907,351.00487350096887,311.09609810055434,5351287c6ffafd0e6e24428f15233740,348.4137840269832,7891.978807906391
full_aamas_frozen,22,107,13375,4.183630144119262,8.652259364167262,57.75216812293521,127872,167.92583348532696,33.673887362776696,121.98628997802734,344.9701232910156,311.0284423828125,127872,167.88255093753472,33.892890408791025,119.67744335532907,351.00487350096887,311.09609810055434,5351287c6ffafd0e6e24428f15233740,348.8432456039591,129.6129787964935
full_aamas_frozen,22,108,13500,3.9650782566070557,8.28920146095663,56.2724076313238,127872,167.92741967023196,33.6937306040098,121.88259887695312,345.2577209472656,311.0152893066406,127872,167.88255093753472,33.892890408791025,119.67744335532907,351.00487350096887,311.09609810055434,5351287c6ffafd0e6e24428f15233740,349.2540150479181,133.05103219099925
full_aamas_frozen,22,109,13625,3.801670352935791,7.981715553304023,55.56436963864836,127872,167.93248347274294,33.70671309859898,121.78312683105469,345.5214538574219,311.0350036621094,127872,167.88255093753472,33.892890408791025,119.67744335532907,351.00487350096887,311.09609810055434,5351287c6ffafd0e6e24428f15233740,349.6272296119714,135.8715193907982
full_aamas_frozen,22,110,13750,3.670164747238159,7.737460548398657,55.233333732392644,127872,167.93766324602447,33.71528558940788,121.70976257324219,345.763671875,311.0950622558594,127872,167.88255093753472,33.892890408791025,119.67744335532907,351.00487350096887,311.09609810055434,5351287c6ffafd0e6e24428f15233740,349.9959634389961,133.86361964197155
full_aamas_frozen,23,111,13875,16.380141567230226,12.501168912141097,1038.003863476596,127872,183.1638682100985,38.619354855808204,131.09991455078125,382.934814453125,346.16705322265625,127872,183.1344294473728,38.791894057963695,128.57891794918646,389.210770586152,346.1251903572218,2119058a61ef6285a499a2933b12219a,364.0566457930254,10081.131330082864
full_aamas_frozen,23,112,14000,5.3298222465515135,12.013304504290685,73.20864881714438,127872,183.14474170606536,38.65396045388119,130.9642791748047,383.2376403808594,346.204345703125,127872,183.1344294473728,38.791894057963695,128.57891794918646,389.210770586152,346.1251903572218,2119058a61ef6285a499a2933b12219a,364.3924180419417,202.76401901423682
full_aamas_frozen,23,113,14125,5.07240852355957,11.547145499873015,70.97142240719772,127872,183.14377311710362,38.67587350843618,130.87625122070312,383.60650634765625,346.13665771484375,127872,183.1344294473728,38.791894057963695,128.57891794918646,389.210770586152,346.1251903572218,2119058a61ef6285a499a2933b12219a,364.7321799240308,199.7962593890104
full_aamas_frozen,23,114,14250,4.877277877807617,11.172157558335693,69.63417825623081,127872,183.14385747826014,38.69068282849551,130.80319213867188,383.9347839355469,346.1208190917969,127872,183.1344294473728,38.791894057963695,128.57891794918646,389.210770586152,346.1251903572218,2119058a61ef6285a499a2933b12219a,365.0709973840276,200.46498494488966
full_aamas_frozen,23,115,14375,4.709111667633056,10.805790178007339,68.59758373394807,127872,183.1421826734199,38.702389516472316,130.72662353515625,384.1899108886719,346.1363220214844,127872,183.1344294473728,38.791894057963695,128.57891794918646,389.210770586152,346.1251903572218,2119058a61ef6285a499a2933b12219a,365.39477493299637,201.62291240124588
full_aamas_frozen,24,116,14500,20.492043170928955,16.358424246623482,1262.5071333414103,127872,199.9123801828266,44.016981756134555,141.2340850830078,424.1777648925781,384.0153503417969,127872,199.9798843707774,44.310684748372005,138.87458944071346,432.06640529257965,384.12305849357153,fd4f68bf6512ba57d1fcf96d0ecc8508,379.32647226494737,11777.143787020737
full_aamas_frozen,24,117,14625,6.845311840057373,15.754500858399336,93.69656391447376,127872,199.88721844300375,44.065270400453635,141.1858673095703,424.597900390625,383.7635803222656,127872,199.9798843707774,44.310684748372005,138.87458944071346,432.06640529257965,384.12305849357153,fd4f68bf6512ba57d1fcf96d0ecc8508,379.7722103599226,198.97680612954335
full_aamas_frozen,24,118,14750,6.517716598510742,15.1212069368199,91.68705616785608,127872,199.88157777230182,44.09409762652002,141.13742065429688,424.94097900390625,383.6894836425781,127872,199.9798843707774,44.310684748372005,138.87458944071346,432.06640529257965,384.12305849357153,fd4f68bf6512ba57d1fcf96d0ecc8508,380.22615455894265,200.62005399670204
full_aamas_frozen,24,119,14875,6.255866050720215,14.585598453085915,89.88250204432657,127872,199.87700682442946,44.11586093260954,141.1486358642578,425.2598876953125,383.69677734375,127872,199.9798843707774,44.310684748372005,138.87458944071346,432.06640529257965,384.12305849357153,fd4f68bf6512ba57d1fcf96d0ecc8508,380.68834332202096,204.19152067641116
full_aamas_frozen,24,120,15000,6.034253715515137,14.129485048873299,88.05393206622054,127872,199.88063644479823,44.133052064924726,141.16343688964844,425.59710693359375,383.7252502441406,127872,199.9798843707774,44.310684748372005,138.87458944071346,432.06640529257965,384.12305849357153,fd4f68bf6512ba57d1fcf96d0ecc8508,381.15243569691665,203.1150714955924
full_aamas_frozen,25,121,15125,25.184876647949217,21.934557175774785,1492.0231685736342,127872,218.503024531437,50.006367915720006,152.95089721679688,469.0129699707031,424.6647033691406,127872,218.4813144507463,50.255274542716634,150.23031782317605,476.75384264024655,424.413889267012,ba8f74bb400c9034ede8fbd88a8cef4b,395.26352964993566,13933.968459535798
full_aamas_frozen,25,122,15250,8.582656230926514,21.039553835484096,108.80452858287522,127872,218.48656488336005,50.03926371836106,153.00265502929688,469.3643493652344,424.5722351074219,127872,218.4813144507463,50.255274542716634,150.23031782317605,476.75384264024655,424.413889267012,ba8f74bb400c9034ede8fbd88a8cef4b,395.7468849129509,290.3782292074668
full_aamas_frozen,25,123,15375,8.195463825225831,20.26653842419692,107.56785603046781,127872,218.48744147067313,50.0566800069878,153.00808715820312,469.67852783203125,424.5589904785156,127872,218.4813144507463,50.255274542716634,150.23031782317605,476.75384264024655,424.413889267012,ba8f74bb400c9034ede8fbd88a8cef4b,396.2150494810194,279.6427056184895
full_aamas_frozen,25,124,15500,7.894993061065674,19.567985642046906,107.32459827510675,127872,218.48785840044985,50.06828063951214,153.00393676757812,469.9627990722656,424.5549011230469,127872,218.4813144507463,50.255274542716634,150.23031782317605,476.75384264024655,424.413889267012,ba8f74bb400c9034ede8fbd88a8cef4b,396.65612866799347,271.0442468235416
full_aamas_frozen,25,125,15625,7.637971221923828,18.905352536853925,107.5289219200332,127872,218.48637014884014,50.077058349564794,152.99819946289062,470.2421569824219,424.5449523925781,127872,218.4813144507463,50.255274542716634,150.23031782317605,476.75384264024655,424.413889267012,ba8f74bb400c9034ede8fbd88a8cef4b,397.086687840987,266.73916137301325
full_aamas_frozen,26,126,15750,30.903023963928224,28.2302296131189,1756.351370355068,127872,239.07141356031457,56.35108162605078,166.28797912597656,516.9307250976562,468.0831298828125,127872,239.04873816219367,56.73172789329923,160.18795767429185,526.736616859538,467.7528544053193,638f26502ea72655344b395b2055aa64,411.0826872049365,16605.392036154735
full_aamas_frozen,26,127,15875,10.940458305358886,27.020046219527607,135.28759796266718,127872,239.07128905724954,56.400102574419826,165.70127868652344,517.1998291015625,467.8567810058594,127872,239.04873816219367,56.73172789329923,160.18795767429185,526.736616859538,467.7528544053193,638f26502ea72655344b395b2055aa64,411.4957928159274,377.9827411285928
full_aamas_frozen,26,128,16000,10.484347061157226,26.02297335063351,133.46511769897242,127872,239.07140297801405,56.43142970738527,165.43191528320312,517.4786376953125,467.70904541015625,127872,239.04873816219367,56.73172789329923,160.18795767429185,526.736616859538,467.7528544053193,638f26502ea72655344b395b2055aa64,411.8733775229193,369.9961568902724
full_aamas_frozen,26,129,16125,10.119081893920898,25.072465028404586,132.618412575436,127872,239.07154113084107,56.45781120422973,165.25537109375,517.7303466796875,467.6473693847656,127872,239.04873816219367,56.73172789329923,160.18795767429185,526.736616859538,467.7528544053193,638f26502ea72655344b395b2055aa64,412.24383162893355,370.7096483572347
full_aamas_frozen,26,130,16250,9.794820148468018,24.191667716185904,131.7070077822322,127872,239.0701671882912,56.476026106176356,165.1203155517578,517.980712890625,467.6039123535156,127872,239.04873816219367,56.73172789329923,160.18795767429185,526.736616859538,467.7528544053193,638f26502ea72655344b395b2055aa64,412.6872757290257,377.5648358344433
full_aamas_frozen,27,131,16375,37.779402931213376,34.814139523637984,2111.8562348790456,127872,261.7561220207491,63.38865081100855,177.6572265625,569.000732421875,515.12939453125,127872,261.7087405956729,63.684097640445344,170.5440606594631,576.4304810586979,514.9880952577229,d994e819b1d8a14f414f7de56dbf9b69,426.7609154880047,19510.84865871226
full_aamas_frozen,27,132,16500,13.626094383239746,33.16323240162003,162.4453971000938,127872,261.7643138490043,63.446381841057004,177.0004119873047,569.0490112304688,515.0892333984375,127872,261.7087405956729,63.684097640445344,170.5440606594631,576.4304810586979,514.9880952577229,d994e819b1d8a14f414f7de56dbf9b69,427.2129593070131,388.5664878400756
full_aamas_frozen,27,133,16625,13.091841819763184,31.950434175163085,159.9642630493095,127872,261.76878104792223,63.47910928920521,176.68670654296875,569.2872314453125,515.061279296875,127872,261.7087405956729,63.684097640445344,170.5440606594631,576.4304810586979,514.9880952577229,d994e819b1d8a14f414f7de56dbf9b69,427.6249376080232,374.7171759313671
full_aamas_frozen,27,134,16750,12.644703620910645,30.955358037032365,157.73552602544822,127872,261.7708235794121,63.507453651427554,176.5055389404297,569.5003051757812,515.0980224609375,127872,261.7087405956729,63.684097640445344,170.5440606594631,576.4304810586979,514.9880952577229,d994e819b1d8a14f414f7de56dbf9b69,428.02211992791854,380.5089611655524
full_aamas_frozen,27,135,16875,12.244659843444824,29.981947852718612,156.0493100335451,127872,261.77108668815623,63.52784930688162,176.33993530273438,569.7138061523438,515.1377563476562,127872,261.7087405956729,63.684097640445344,170.5440606594631,576.4304810586979,514.9880952577229,d994e819b1d8a14f414f7de56dbf9b69,428.39122059196234,389.3320639988259
full_aamas_frozen,28,136,17000,46.74473970031738,44.49110291621799,2492.2366049410316,127872,286.7102818648975,70.88947589996594,189.89126586914062,625.19140625,566.4100341796875,127872,286.6458559376451,71.34719360058476,182.09771680377233,634.7626203231641,566.6525268600282,0841f7c0669bbfc1901a581b9755076e,442.32138140301686,23629.36840744921
full_aamas_frozen,28,137,17125,16.975792572021483,42.77831784500605,191.5167073980071,127872,286.7318191342168,70.93830246507757,189.25,625.1749267578125,566.407958984375,127872,286.6458559376451,71.34719360058476,182.09771680377233,634.7626203231641,566.6525268600282,0841f7c0669bbfc1901a581b9755076e,442.65987887291703,382.702418190314
full_aamas_frozen,28,138,17250,16.28652717590332,41.27214099081939,188.39941785640607,127872,286.72546202367965,70.97168647672427,188.8644256591797,625.3549194335938,566.381103515625,127872,286.6458559376451,71.34719360058476,182.09771680377233,634.7626203231641,566.6525268600282,0841f7c0669bbfc1901a581b9755076e,442.99529253400397,367.9121357275419
full_aamas_frozen,28,139,17375,15.713323989868163,39.85167481412995,186.68230763379393,127872,286.72564092496253,70.98901584393597,188.65345764160156,625.5047607421875,566.2890625,127872,286.6458559376451,71.34719360058476,182.09771680377233,634.7626203231641,566.6525268600282,0841f7c0669bbfc1901a581b9755076e,443.3044312709244,370.48283628068003
full_aamas_frozen,28,140,17500,15.18483457183838,38.681019829565,185.18565201080978,127872,286.72614304940623,71.01185976767363,188.5308837890625,625.6715698242188,566.2243041992188,127872,286.6458559376451,71.34719360058476,182.09771680377233,634.7626203231641,566.6525268600282,0841f7c0669bbfc1901a581b9755076e,443.63826450693887,374.3631507654827
full_aamas_frozen,29,141,17625,56.79204661560058,55.746471809842284,2901.0012340272287,127872,314.11463094306544,78.92833857903328,204.3922882080078,685.341064453125,622.3158569335938,127872,314.07116918958314,79.42075358975981,195.87240151492264,694.2728279833491,622.1103874526169,ce4cd81df4c01c9d241c470ae7705093,457.5727748069912,27670.22583593156
full_aamas_frozen,29,142,17750,21.195319076538087,53.03551013256412,211.95823066050747,127872,314.14060242063886,78.98811589022775,203.96859741210938,685.5291748046875,622.0975341796875,127872,314.07116918958314,79.42075358975981,195.87240151492264,694.2728279833491,622.1103874526169,ce4cd81df4c01c9d241c470ae7705093,457.8929764999775,439.61750378812036
full_aamas_frozen,29,143,17875,20.339835708618164,50.83049470430991,207.29525144162923,127872,314.1356276813093,79.02272548030847,203.73004150390625,685.7330322265625,621.8919067382812,127872,314.07116918958314,79.42075358975981,195.87240151492264,694.2728279833491,622.1103874526169,ce4cd81df4c01c9d241c470ae7705093,458.2159266169183,421.0857819167201
full_aamas_frozen,29,144,18000,19.63532371520996,49.11388771702919,203.9378892654779,127872,314.1346027222243,79.05466567108466,203.62185668945312,685.969482421875,621.7924194335938,127872,314.07116918958314,79.42075358975981,195.87240151492264,694.2728279833491,622.1103874526169,ce4cd81df4c01c9d241c470ae7705093,458.54121363395825,397.6144951382834
full_aamas_frozen,29,145,18125,18.99055015563965,47.62109340496621,201.19632747143245,127872,314.1344511489849,79.08146252320374,203.5563507080078,686.0939331054688,621.7863159179688,127872,314.07116918958314,79.42075358975981,195.87240151492264,694.2728279833491,622.1103874526169,ce4cd81df4c01c9d241c470ae7705093,458.85605930001475,392.92882118188464
full_aamas_frozen,30,146,18250,68.49476918029785,67.40988953733475,3424.382512309454,127872,343.92680313052597,87.65744498887575,220.01597595214844,749.717041015625,682.2943115234375,127872,344.11957134964683,88.14208070827466,210.80822989033246,763.3721143395782,682.8345983081406,1495d2558d24695e9a7ef208eef26b71,472.77373238792643,30899.270766046095
full_aamas_frozen,30,147,18375,26.121392715454103,64.03846226429266,298.6753140441998,127872,343.92788581518795,87.74082712915734,219.39256286621094,750.0796508789062,682.2538452148438,127872,344.11957134964683,88.14208070827466,210.80822989033246,763.3721143395782,682.8345983081406,1495d2558d24695e9a7ef208eef26b71,473.10922875395045,832.2119555079574
full_aamas_frozen,30,148,18500,24.915008224487305,61.18283910174732,290.0149184182703,127872,343.9145978290636,87.7787158470675,219.07138061523438,750.1738891601562,682.1079711914062,127872,344.11957134964683,88.14208070827466,210.80822989033246,763.3721143395782,682.8345983081406,1495d2558d24695e9a7ef208eef26b71,473.4567654610146,774.4855210409587
full_aamas_frozen,30,149,18625,23.882566024780274,58.72976390038291,285.28804205278396,127872,343.9074040773037,87.80890678891308,218.79649353027344,750.2459106445312,681.9710693359375,127872,344.11957134964683,88.14208070827466,210.80822989033246,763.3721143395782,682.8345983081406,1495d2558d24695e9a7ef208eef26b71,473.7770050850231,735.9310676267443
full_aamas_frozen,30,150,18750,22.959616958618163,56.427486924215415,280.77765689318863,127872,343.9088611290142,87.83437317565502,218.63868713378906,750.3599853515625,681.9715576171875,127872,344.11957134964683,88.14208070827466,210.80822989033246,763.3721143395782,682.8345983081406,1495d2558d24695e9a7ef208eef26b71,474.1038565739291,690.2588473448931
full_aamas_frozen,31,151,18875,82.86248236083985,80.26299016032495,3984.6328499055685,127872,376.97433237533073,96.8568110177385,237.43885803222656,821.7551879882812,748.2325439453125,127872,376.82042947510905,97.51229715349763,227.28611932350032,833.7311827886575,748.9932932726036,8004b8d30fc005e237ced3dec26abeef,487.9129296860192,38391.67108922232
full_aamas_frozen,31,152,19000,32.16660025024414,76.74200022229684,335.3623635917718,127872,376.97737267878915,96.93559825300937,237.09628295898438,821.8888549804688,748.354736328125,127872,376.82042947510905,97.51229715349763,227.28611932350032,833.7311827886575,748.9932932726036,8004b8d30fc005e237ced3dec26abeef,488.25193973095156,835.7252599028999
full_aamas_frozen,31,153,19125,30.868404998779297,74.01200493477135,329.58241282537915,127872,376.9354831835887,96.98335302317973,236.7704620361328,821.8051147460938,748.2836303710938,127872,376.82042947510905,97.51229715349763,227.28611932350032,833.7311827886575,748.9932932726036,8004b8d30fc005e237ced3dec26abeef,488.57469208096154,822.3779747424328
full_aamas_frozen,31,154,19250,29.767410400390624,71.42518375305211,325.6118666158876,127872,376.9068365589873,97.01875864942832,236.6817626953125,821.6663818359375,748.1959838867188,127872,376.82042947510905,97.51229715349763,227.28611932350032,833.7311827886575,748.9932932726036,8004b8d30fc005e237ced3dec26abeef,488.8962317330297,798.6343493260423
full_aamas_frozen,31,155,19375,28.76429397583008,69.01501454707618,321.7400445517679,127872,376.88289712105427,97.04741706624603,236.6409454345703,821.5726928710938,748.1176147460938,127872,376.82042947510905,97.51229715349763,227.28611932350032,833.7311827886575,748.9932932726036,8004b8d30fc005e237ced3dec26abeef,489.2195164610166,771.3953733347532
full_aamas_frozen,32,156,19500,101.7400192565918,99.16863705059197,4796.768220937679,127872,412.97107447494375,106.50266227839937,258.1253967285156,900.5751342773438,819.85693359375,127872,413.06035617252735,107.42781480543249,246.60479384833778,915.1311409541929,821.4642298560309,44918d4fb1039e156b8e715ddae8f9ac,503.3773494089255,44147.227828455834
full_aamas_frozen,32,157,19625,39.5275500793457,95.573781009861,431.26535986083655,127872,412.9279598939168,106.56878920139914,257.85150146484375,900.3475952148438,819.93798828125,127872,413.06035617252735,107.42781480543249,246.60479384833778,915.1311409541929,821.4642298560309,44918d4fb1039e156b8e715ddae8f9ac,503.82176369195804,956.7857871119223
full_aamas_frozen,32,158,19750,37.98864584350586,92.62849985757421,425.5192072228659,127872,412.8842313272936,106.60301482176082,257.59442138671875,900.0742797851562,819.7854614257812,127872,413.06035617252735,107.42781480543249,246.60479384833778,915.1311409541929,821.4642298560309,44918d4fb1039e156b8e715ddae8f9ac,504.1873018660117,953.5018459450827
full_aamas_frozen,32,159,19875,36.67229142761231,89.65613898203065,421.305140723873,127872,412.84666218676483,106.64434483059689,257.2966613769531,899.8384399414062,819.7584228515625,127872,413.06035617252735,107.42781480543249,246.60479384833778,915.1311409541929,821.4642298560309,44918d4fb1039e156b8e715ddae8f9ac,504.6447043690132,989.2643870988862
full_aamas_frozen,32,160,20000,35.48131196594238,86.63470405101009,417.6299107379232,127872,412.826914209026,106.67913639352184,257.16552734375,899.7318115234375,819.7683715820312,127872,413.06035617252735,107.42781480543249,246.60479384833778,915.1311409541929,821.4642298560309,44918d4fb1039e156b8e715ddae8f9ac,505.0669129820308,1021.8265867201563
full_aamas_frozen,33,161,20125,121.8053148803711,121.23607828763876,5533.780561046137,127872,452.47103899830694,116.98500810590618,281.23291015625,988.4902954101562,899.8963623046875,127872,452.4962271177971,117.8360703533169,266.2450988203223,997.715412994234,900.0493131321294,138cb18abffb3569bc13a4230b21c930,519.1818191229831,52867.78895624867
full_aamas_frozen,33,162,20250,48.50043157958984,116.40896691376933,474.6847812803361,127872,452.486193581983,117.06827948483414,280.2466125488281,988.3137817382812,900.0440063476562,127872,452.4962271177971,117.8360703533169,266.2450988203223,997.715412994234,900.0493131321294,138cb18abffb3569bc13a4230b21c930,519.5339602329768,1138.2562202032643
full_aamas_frozen,33,163,20375,46.54994555664062,112.13739357746582,462.7832439415044,127872,452.48987026281424,117.12928667310413,279.5047912597656,988.1556396484375,900.1495971679688,127872,452.4962271177971,117.8360703533169,266.2450988203223,997.715412994234,900.0493131321294,138cb18abffb3569bc13a4230b21c930,519.8836165609537,1073.8200715835974
full_aamas_frozen,33,164,20500,44.86641299438477,108.3926974357632,454.80380368493695,127872,452.4945339488315,117.17873087000696,279.09259033203125,987.972412109375,900.0906372070312,127872,452.4962271177971,117.8360703533169,266.2450988203223,997.715412994234,900.0493131321294,138cb18abffb3569bc13a4230b21c930,520.2276320479577,1015.176695911251
full_aamas_frozen,33,165,20625,43.34474005126953,105.3374113690132,447.3545293827599,127872,452.49505861122924,117.22952276273722,278.7548522949219,987.92236328125,900.125,127872,452.4962271177971,117.8360703533169,266.2450988203223,997.715412994234,900.0493131321294,138cb18abffb3569bc13a4230b21c930,520.629197262926,969.9472117911724
full_aamas_frozen,34,166,20750,148.6359190979004,146.9005637843328,6523.416014312091,127872,496.39959698110016,128.44270234474376,304.1374816894531,1086.536865234375,989.1763916015625,127872,496.3164337483751,129.40051692571745,290.64558943996303,1097.761783766594,988.5820034185081,92e3fb8adf791e0108c06ff83be7fc4b,534.5560470030177,61283.225531430544
full_aamas_frozen,34,167,20875,59.25472323608398,141.82067305577354,569.9216042088215,127872,496.4131542039705,128.5510906546415,303.2065124511719,1086.535888671875,989.2286987304688,127872,496.3164337483751,129.40051692571745,290.64558943996303,1097.761783766594,988.5820034185081,92e3fb8adf791e0108c06ff83be7fc4b,534.9035739279352,1366.5366869096522
full_aamas_frozen,34,168,21000,56.88675051879883,137.37046355623866,565.1388424361753,127872,496.4291436789153,128.6213880656344,302.57000732421875,1086.4384765625,989.1900634765625,127872,496.3164337483751,129.40051692571745,290.64558943996303,1097.761783766594,988.5820034185081,92e3fb8adf791e0108c06ff83be7fc4b,535.2610679949867,1301.4535984959039
full_aamas_frozen,34,169,21125,54.874844635009765,133.13758382114008,557.3139947385162,127872,496.43981274088344,128.67827327672038,302.1197204589844,1086.494384765625,989.0439453125,127872,496.3164337483751,129.40051692571745,290.64558943996303,1097.761783766594,988.5820034185081,92e3fb8adf791e0108c06ff83be7fc4b,535.608547123964,1239.3553121379716
full_aamas_frozen,34,170,21250,53.03833135986328,129.4072462556517,551.3907420486571,127872,496.43923181528083,128.72909977178034,301.8230285644531,1086.447021484375,988.95361328125,127872,496.3164337483751,129.40051692571745,290.64558943996303,1097.761783766594,988.5820034185081,92e3fb8adf791e0108c06ff83be7fc4b,535.9401120309485,1196.0702781012446
full_aamas_frozen,35,171,21375,181.09482928466798,174.15408479192328,7824.105235903029,127872,545.2244005916832,140.88567055989046,331.30731201171875,1195.394287109375,1088.017578125,127872,544.8101380689192,142.01167661855334,317.6606959037776,1211.5898716186468,1087.184715590571,ae03889f9d4ca190528fae0b2f3021c8,549.7680481129792,73211.60559274304
full_aamas_frozen,35,172,21500,71.5954349975586,169.00059528351957,669.1950129786998,127872,545.2001712000048,140.98215566410693,330.38482666015625,1194.9815673828125,1087.8768310546875,127872,544.8101380689192,142.01167661855334,317.6606959037776,1211.5898716186468,1087.184715590571,ae03889f9d4ca190528fae0b2f3021c8,550.1184683570173,1226.1838392224709
full_aamas_frozen,35,173,21625,68.77744784545898,164.56579453097285,659.0710571368544,127872,545.1980096866657,141.04992816455925,329.6751708984375,1194.7547607421875,1087.83740234375,127872,544.8101380689192,142.01167661855334,317.6606959037776,1211.5898716186468,1087.184715590571,ae03889f9d4ca190528fae0b2f3021c8,550.5037558469921,1198.439348386465
full_aamas_frozen,35,174,21750,66.36938842773438,160.4798975509697,654.1649658662959,127872,545.198707285586,141.0968625249795,329.120361328125,1194.6600341796875,1087.7322998046875,127872,544.8101380689192,142.01167661855334,317.6606959037776,1211.5898716186468,1087.184715590571,ae03889f9d4ca190528fae0b2f3021c8,550.8804053839995,1213.772812174584
full_aamas_frozen,35,175,21875,64.1738742980957,156.66442557306402,650.495110219892,127872,545.201313851474,141.14296764519509,328.6966247558594,1194.6444091796875,1087.602783203125,127872,544.8101380689192,142.01167661855334,317.6606959037776,1211.5898716186468,1087.184715590571,ae03889f9d4ca190528fae0b2f3021c8,551.2316120750038,1227.4055885642001
full_aamas_frozen,36,176,22000,216.9244026489258,216.9173210455299,9141.074563010348,127872,598.8738760590195,154.44714496852185,361.1262512207031,1313.634033203125,1196.643798828125,127872,598.4904552232279,155.5984672161131,346.06957560925997,1336.5321005447045,1196.1487027034623,5341b966f5949571250c535cf328e083,565.6515167650068,86033.6912538582
full_aamas_frozen,36,177,22125,85.46144158935547,210.99351975464052,799.945585302273,127872,598.8043094678923,154.5550663662059,360.0502624511719,1313.1112060546875,1196.47900390625,127872,598.4904552232279,155.5984672161131,346.06957560925997,1336.5321005447045,1196.1487027034623,5341b966f5949571250c535cf328e083,566.0513761829352,1823.5735371386518
full_aamas_frozen,36,178,22250,82.02299786376953,205.80671626840433,790.8923913231595,127872,598.7712955911596,154.5995371569835,359.37860107421875,1312.61328125,1196.1517333984375,127872,598.4904552232279,155.5984672161131,346.06957560925997,1336.5321005447045,1196.1487027034623,5341b966f5949571250c535cf328e083,566.4661808599485,1761.9751785327292
full_aamas_frozen,36,179,22375,78.91223944091797,200.43317324402634,786.5565637371825,127872,598.7506532566445,154.6533494351567,358.8141174316406,1312.29150390625,1195.781494140625,127872,598.4904552232279,155.5984672161131,346.06957560925997,1336.5321005447045,1196.1487027034623,5341b966f5949571250c535cf328e083,566.8831787499366,1775.9351076218868
full_aamas_frozen,36,180,22500,76.03997076416016,195.95044621709195,783.2328933044172,127872,598.7336406349777,154.68979852037518,358.2911376953125,1312.222412109375,1195.3721923828125,127872,598.4904552232279,155.5984672161131,346.06957560925997,1336.5321005447045,1196.1487027034623,5341b966f5949571250c535cf328e083,567.2389761399245,1799.595175502008
full_aamas_frozen,37,181,22625,265.35892022705076,268.1586570467964,11119.891642275026,127872,657.424361690506,169.13649043656812,395.2735900878906,1443.6075439453125,1316.05859375,127872,657.3917233126848,170.47586692535492,378.8234205622073,1460.4807728463766,1316.6181954061583,9fa4d2b68e3ebd8d59a93fda2e989724,581.7759562549181,105120.85024724972
full_aamas_frozen,37,182,22750,102.18202508544923,260.47972874814224,938.0655877833358,127872,657.4001129551812,169.28551421119076,394.3736572265625,1443.2115478515625,1315.873291015625,127872,657.3917233126848,170.47586692535492,378.8234205622073,1460.4807728463766,1316.6181954061583,9fa4d2b68e3ebd8d59a93fda2e989724,582.1103738419479,2252.1231542435003
full_aamas_frozen,37,183,22875,98.11739483642579,254.38942493459143,918.4833733411439,127872,657.4181206223963,169.3745133382517,393.8262634277344,1443.1751708984375,1315.8917236328125,127872,657.3917233126848,170.47586692535492,378.8234205622073,1460.4807728463766,1316.6181954061583,9fa4d2b68e3ebd8d59a93fda2e989724,582.4620736369397,2233.148070652261
full_aamas_frozen,37,184,23000,94.72007092285156,248.62816285761096,901.1891915575549,127872,657.4414560186254,169.44421212549392,393.33746337890625,1443.104736328125,1315.886474609375,127872,657.3917233126848,170.47586692535492,378.8234205622073,1460.4807728463766,1316.6181954061583,9fa4d2b68e3ebd8d59a93fda2e989724,582.794516007998,2207.8218753501383
full_aamas_frozen,37,185,23125,91.66486340332031,244.0558755430041,887.2166637229966,127872,657.4714349158653,169.4988001202971,392.9345397949219,1443.03173828125,1316.151123046875,127872,657.3917233126848,170.47586692535492,378.8234205622073,1460.4807728463766,1316.6181954061583,9fa4d2b68e3ebd8d59a93fda2e989724,583.1287231319584,2164.5954580692514
full_aamas_frozen,38,186,23250,313.2552336425781,320.39168175271965,12814.8773260506,127872,722.3617187095238,185.45582639986,434.3652038574219,1590.26611328125,1452.1253662109375,127872,721.9072749879824,186.81138912264518,415.9310690972856,1614.9876403402384,1452.771758926481,a12b6140d9e5c0e4734f1d688e9627b3,597.9004269440193,120765.05804122463
full_aamas_frozen,38,187,23375,120.32091986083984,311.90329538059075,1085.4668246894394,127872,722.2570691006081,185.62533731710212,433.4841003417969,1589.7821044921875,1452.203369140625,127872,721.9072749879824,186.81138912264518,415.9310690972856,1614.9876403402384,1452.771758926481,a12b6140d9e5c0e4734f1d688e9627b3,598.2810911309207,2795.5452017666594
full_aamas_frozen,38,188,23500,115.53853826904297,305.1666545776778,1064.974739078616,127872,722.2259260207206,185.740684560223,433.04473876953125,1589.620849609375,1452.5308837890625,127872,721.9072749879824,186.81138912264518,415.9310690972856,1614.9876403402384,1452.771758926481,a12b6140d9e5c0e4734f1d688e9627b3,598.6037234809482,2735.5707272058876
full_aamas_frozen,38,189,23625,111.56373071289063,299.5158823689836,1055.1927271682691,127872,722.1939985119664,185.82817478110985,432.4731750488281,1589.56005859375,1452.8092041015625,127872,721.9072749879824,186.81138912264518,415.9310690972856,1614.9876403402384,1452.771758926481,a12b6140d9e5c0e4734f1d688e9627b3,598.9297936150106,2671.4966223380334
full_aamas_frozen,38,190,23750,108.02318615722656,293.97908933782907,1047.8177231140567,127872,722.1558429421606,185.8988778980739,431.9582214355469,1589.568115234375,1452.8328857421875,127872,721.9072749879824,186.81138912264518,415.9310690972856,1614.9876403402384,1452.771758926481,a12b6140d9e5c0e4734f1d688e9627b3,599.2607054249384,2594.8791802549367
full_aamas_frozen,39,191,23875,378.1571993408203,398.9789204360223,15362.903216770219,127872,793.3709216311171,203.85128475416892,477.6257019042969,1754.568359375,1605.42431640625,127872,793.2858530249576,205.1635314558999,453.87122794520997,1775.4384724765507,1606.4699148982622,a6ec57013f2f9ab07f1a42170c6bcd74,613.8009050299879,148255.04144539553
full_aamas_frozen,39,192,24000,141.21182415771483,387.0483822932028,1284.3184064701836,127872,793.2558160410509,204.07163644371494,476.58697509765625,1754.005126953125,1605.480712890625,127872,793.2858530249576,205.1635314558999,453.87122794520997,1775.4384724765507,1606.4699148982622,a6ec57013f2f9ab07f1a42170c6bcd74,614.1416378390277,2562.961406123751
full_aamas_frozen,39,193,24125,135.72923114013673,377.9979464878264,1258.9537157487264,127872,793.2254797121187,204.23020337486244,475.6340026855469,1753.837646484375,1605.8436279296875,127872,793.2858530249576,205.1635314558999,453.87122794520997,1775.4384724765507,1606.4699148982622,a6ec57013f2f9ab07f1a42170c6bcd74,614.4767972240224,2535.0581629164194
full_aamas_frozen,39,194,24250,131.1842105102539,369.8172772201579,1243.307451023189,127872,793.2100508537617,204.33861127818165,474.8818359375,1753.6778564453125,1606.068115234375,127872,793.2858530249576,205.1635314558999,453.87122794520997,1775.4384724765507,1606.4699148982622,a6ec57013f2f9ab07f1a42170c6bcd74,614.8147483569337,2512.97965555608
full_aamas_frozen,39,195,24375,127.10557611083985,362.95230950356233,1229.0127366227166,127872,793.1959813135164,204.43774433238747,474.2688903808594,1753.6229248046875,1606.3599853515625,127872,793.2858530249576,205.1635314558999,453.87122794520997,1775.4384724765507,1606.4699148982622,a6ec57013f2f9ab07f1a42170c6bcd74,615.1510346609866,2488.579471745778
full_aamas_frozen,40,196,24500,455.9773640136719,476.7160786670992,18229.335196881155,127872,872.2824531183825,224.04467639478264,524.268310546875,1935.3961181640625,1774.949951171875,127872,871.8566790813312,225.70234923104596,496.0647554790994,1953.825374527011,1779.4540873507362,494da0cfb8cc681ab29df316862b571f,629.697921238956,171624.83333002753
full_aamas_frozen,40,197,24625,167.21681958007812,464.02746605464523,1509.7392246154752,127872,872.1986819158445,224.22565438718266,524.375732421875,1934.447021484375,1775.7296142578125,127872,871.8566790813312,225.70234923104596,496.0647554790994,1953.825374527011,1779.4540873507362,494da0cfb8cc681ab29df316862b571f,630.047843398992,2925.383927658781
full_aamas_frozen,40,198,24750,161.2829208984375,454.54371914370205,1485.2302812180255,127872,872.1908094665787,224.34127575760846,524.0012817382812,1933.64453125,1776.23046875,127872,871.8566790813312,225.70234923104596,496.0647554790994,1953.825374527011,1779.4540873507362,494da0cfb8cc681ab29df316862b571f,630.3768276519841,2834.218989934679
full_aamas_frozen,40,199,24875,156.37860510253907,444.8303190809103,1470.1763030870773,127872,872.1845626253504,224.42473825938583,523.4017333984375,1933.0570068359375,1776.6304931640625,127872,871.8566790813312,225.70234923104596,496.0647554790994,1953.825374527011,1779.4540873507362,494da0cfb8cc681ab29df316862b571f,630.7186640329892,2777.583796080676
full_aamas_frozen,40,200,25000,152.00205877685548,436.4873755671184,1458.3305140059026,127872,872.1633179767712,224.48867317736688,522.9140014648438,1932.3670654296875,1776.8525390625,127872,871.8566790813312,225.70234923104596,496.0647554790994,1953.825374527011,1779.4540873507362,494da0cfb8cc681ab29df316862b571f,631.0630767209223,2708.530269701491
