kappa,lambda_reward,condition,seed,method,left_mixture,right_mixture,prediction_mae
0.0,0.0,confounded,0,pooled_mlp,logger1_heavy,logger12_balanced,0.0134040122541857
0.0,0.0,confounded,0,pooled_mlp,logger1_heavy,logger2_heavy,0.012251331582306456
0.0,0.0,confounded,0,pooled_mlp,logger12_balanced,logger2_heavy,0.012771361128558078
0.0,0.0,confounded,0,source_balanced_pooled_mlp,logger1_heavy,logger12_balanced,0.0
0.0,0.0,confounded,0,source_balanced_pooled_mlp,logger1_heavy,logger2_heavy,0.0
0.0,0.0,confounded,0,source_balanced_pooled_mlp,logger12_balanced,logger2_heavy,0.0
0.0,0.0,confounded,0,source_conditioned_decoder,logger1_heavy,logger12_balanced,0.009983493375922296
0.0,0.0,confounded,0,source_conditioned_decoder,logger1_heavy,logger2_heavy,0.010262894748728338
0.0,0.0,confounded,0,source_conditioned_decoder,logger12_balanced,logger2_heavy,0.00771673528263252
0.0,0.0,confounded,0,per_source_models,logger1_heavy,logger12_balanced,0.004384405269272167
0.0,0.0,confounded,0,per_source_models,logger1_heavy,logger2_heavy,0.007650519930667463
0.0,0.0,confounded,0,per_source_models,logger12_balanced,logger2_heavy,0.0076555177499712575
0.0,0.0,confounded,0,mechanism_separated,logger1_heavy,logger12_balanced,0.007059769474578912
0.0,0.0,confounded,0,mechanism_separated,logger1_heavy,logger2_heavy,0.010182616260604566
0.0,0.0,confounded,0,mechanism_separated,logger12_balanced,logger2_heavy,0.009885897572035235
0.0,0.0,confounded,0,oracle_u_aware,logger1_heavy,logger12_balanced,0.008490153532795834
0.0,0.0,confounded,0,oracle_u_aware,logger1_heavy,logger2_heavy,0.010357694176663195
0.0,0.0,confounded,0,oracle_u_aware,logger12_balanced,logger2_heavy,0.010319311246802677
0.0,0.0,confounded,0,source_shuffle,logger1_heavy,logger12_balanced,0.008573981209981795
0.0,0.0,confounded,0,source_shuffle,logger1_heavy,logger2_heavy,0.006389681748949005
0.0,0.0,confounded,0,source_shuffle,logger12_balanced,logger2_heavy,0.008240027930166224
0.0,0.0,confounded,0,no_behavior,logger1_heavy,logger12_balanced,0.009513061494136218
0.0,0.0,confounded,0,no_behavior,logger1_heavy,logger2_heavy,0.006443795907342032
0.0,0.0,confounded,0,no_behavior,logger12_balanced,logger2_heavy,0.008527688392603157
0.0,0.0,confounded,0,source_dependent_reward,logger1_heavy,logger12_balanced,0.01189696902811497
0.0,0.0,confounded,0,source_dependent_reward,logger1_heavy,logger2_heavy,0.009591677755175823
0.0,0.0,confounded,0,source_dependent_reward,logger12_balanced,logger2_heavy,0.008414772140775757
0.0,0.0,confounded,1,pooled_mlp,logger1_heavy,logger12_balanced,0.009099096690268366
0.0,0.0,confounded,1,pooled_mlp,logger1_heavy,logger2_heavy,0.011349165098056908
0.0,0.0,confounded,1,pooled_mlp,logger12_balanced,logger2_heavy,0.006460819714967898
0.0,0.0,confounded,1,source_balanced_pooled_mlp,logger1_heavy,logger12_balanced,0.0
0.0,0.0,confounded,1,source_balanced_pooled_mlp,logger1_heavy,logger2_heavy,0.0
0.0,0.0,confounded,1,source_balanced_pooled_mlp,logger12_balanced,logger2_heavy,0.0
0.0,0.0,confounded,1,source_conditioned_decoder,logger1_heavy,logger12_balanced,0.011090202828219434
0.0,0.0,confounded,1,source_conditioned_decoder,logger1_heavy,logger2_heavy,0.012783793164199541
0.0,0.0,confounded,1,source_conditioned_decoder,logger12_balanced,logger2_heavy,0.006078282967785463
0.0,0.0,confounded,1,per_source_models,logger1_heavy,logger12_balanced,0.004820934049782182
0.0,0.0,confounded,1,per_source_models,logger1_heavy,logger2_heavy,0.005789567878726172
0.0,0.0,confounded,1,per_source_models,logger12_balanced,logger2_heavy,0.004510109871491438
0.0,0.0,confounded,1,mechanism_separated,logger1_heavy,logger12_balanced,0.010433908166732892
0.0,0.0,confounded,1,mechanism_separated,logger1_heavy,logger2_heavy,0.008365245815617948
0.0,0.0,confounded,1,mechanism_separated,logger12_balanced,logger2_heavy,0.010338057399270273
0.0,0.0,confounded,1,oracle_u_aware,logger1_heavy,logger12_balanced,0.014804132784598342
0.0,0.0,confounded,1,oracle_u_aware,logger1_heavy,logger2_heavy,0.0094395241136869
0.0,0.0,confounded,1,oracle_u_aware,logger12_balanced,logger2_heavy,0.008303151752081496
0.0,0.0,confounded,1,source_shuffle,logger1_heavy,logger12_balanced,0.007115124082436079
0.0,0.0,confounded,1,source_shuffle,logger1_heavy,logger2_heavy,0.008023370740272586
0.0,0.0,confounded,1,source_shuffle,logger12_balanced,logger2_heavy,0.008188309160103772
0.0,0.0,confounded,1,no_behavior,logger1_heavy,logger12_balanced,0.007387772864792808
0.0,0.0,confounded,1,no_behavior,logger1_heavy,logger2_heavy,0.0066744444268872945
0.0,0.0,confounded,1,no_behavior,logger12_balanced,logger2_heavy,0.005307433771763687
0.0,0.0,confounded,1,source_dependent_reward,logger1_heavy,logger12_balanced,0.00526278502488255
0.0,0.0,confounded,1,source_dependent_reward,logger1_heavy,logger2_heavy,0.008803647594196426
0.0,0.0,confounded,1,source_dependent_reward,logger12_balanced,logger2_heavy,0.006781585659150097
0.0,0.0,confounded,2,pooled_mlp,logger1_heavy,logger12_balanced,0.0062683460433535015
0.0,0.0,confounded,2,pooled_mlp,logger1_heavy,logger2_heavy,0.00630142569734818
0.0,0.0,confounded,2,pooled_mlp,logger12_balanced,logger2_heavy,0.00504719883280816
0.0,0.0,confounded,2,source_balanced_pooled_mlp,logger1_heavy,logger12_balanced,0.0
0.0,0.0,confounded,2,source_balanced_pooled_mlp,logger1_heavy,logger2_heavy,0.0
0.0,0.0,confounded,2,source_balanced_pooled_mlp,logger12_balanced,logger2_heavy,0.0
0.0,0.0,confounded,2,source_conditioned_decoder,logger1_heavy,logger12_balanced,0.008302410915642312
0.0,0.0,confounded,2,source_conditioned_decoder,logger1_heavy,logger2_heavy,0.007143869936897299
0.0,0.0,confounded,2,source_conditioned_decoder,logger12_balanced,logger2_heavy,0.006093418362340809
0.0,0.0,confounded,2,per_source_models,logger1_heavy,logger12_balanced,0.005971841968910063
0.0,0.0,confounded,2,per_source_models,logger1_heavy,logger2_heavy,0.007141141998599152
0.0,0.0,confounded,2,per_source_models,logger12_balanced,logger2_heavy,0.005840110447480831
0.0,0.0,confounded,2,mechanism_separated,logger1_heavy,logger12_balanced,0.00913573969303227
0.0,0.0,confounded,2,mechanism_separated,logger1_heavy,logger2_heavy,0.0064708953561612775
0.0,0.0,confounded,2,mechanism_separated,logger12_balanced,logger2_heavy,0.008082168012958992
0.0,0.0,confounded,2,oracle_u_aware,logger1_heavy,logger12_balanced,0.011902979014975817
0.0,0.0,confounded,2,oracle_u_aware,logger1_heavy,logger2_heavy,0.009247732810433257
0.0,0.0,confounded,2,oracle_u_aware,logger12_balanced,logger2_heavy,0.007919615320562528
0.0,0.0,confounded,2,source_shuffle,logger1_heavy,logger12_balanced,0.007752439673742209
0.0,0.0,confounded,2,source_shuffle,logger1_heavy,logger2_heavy,0.00960562465104435
0.0,0.0,confounded,2,source_shuffle,logger12_balanced,logger2_heavy,0.00799340835370873
0.0,0.0,confounded,2,no_behavior,logger1_heavy,logger12_balanced,0.008171940638700591
0.0,0.0,confounded,2,no_behavior,logger1_heavy,logger2_heavy,0.0073729895527749785
0.0,0.0,confounded,2,no_behavior,logger12_balanced,logger2_heavy,0.005714973065896157
0.0,0.0,confounded,2,source_dependent_reward,logger1_heavy,logger12_balanced,0.006541522966807892
0.0,0.0,confounded,2,source_dependent_reward,logger1_heavy,logger2_heavy,0.00922892266246713
0.0,0.0,confounded,2,source_dependent_reward,logger12_balanced,logger2_heavy,0.00700218623031994
0.0,0.0,confounded,3,pooled_mlp,logger1_heavy,logger12_balanced,0.009344109666216878
0.0,0.0,confounded,3,pooled_mlp,logger1_heavy,logger2_heavy,0.008782567421979295
0.0,0.0,confounded,3,pooled_mlp,logger12_balanced,logger2_heavy,0.006298255351052424
0.0,0.0,confounded,3,source_balanced_pooled_mlp,logger1_heavy,logger12_balanced,0.0
0.0,0.0,confounded,3,source_balanced_pooled_mlp,logger1_heavy,logger2_heavy,0.0
0.0,0.0,confounded,3,source_balanced_pooled_mlp,logger12_balanced,logger2_heavy,0.0
0.0,0.0,confounded,3,source_conditioned_decoder,logger1_heavy,logger12_balanced,0.010074889786153233
0.0,0.0,confounded,3,source_conditioned_decoder,logger1_heavy,logger2_heavy,0.01050077833323589
0.0,0.0,confounded,3,source_conditioned_decoder,logger12_balanced,logger2_heavy,0.009728993321091211
0.0,0.0,confounded,3,per_source_models,logger1_heavy,logger12_balanced,0.006878896340475266
0.0,0.0,confounded,3,per_source_models,logger1_heavy,logger2_heavy,0.005091460259148752
0.0,0.0,confounded,3,per_source_models,logger12_balanced,logger2_heavy,0.005831468582576823
0.0,0.0,confounded,3,mechanism_separated,logger1_heavy,logger12_balanced,0.010627622148138343
0.0,0.0,confounded,3,mechanism_separated,logger1_heavy,logger2_heavy,0.008458342696753123
0.0,0.0,confounded,3,mechanism_separated,logger12_balanced,logger2_heavy,0.008914405447458518
0.0,0.0,confounded,3,oracle_u_aware,logger1_heavy,logger12_balanced,0.006653978325611622
0.0,0.0,confounded,3,oracle_u_aware,logger1_heavy,logger2_heavy,0.011756055014998061
0.0,0.0,confounded,3,oracle_u_aware,logger12_balanced,logger2_heavy,0.010895926160821285
0.0,0.0,confounded,3,source_shuffle,logger1_heavy,logger12_balanced,0.008777022649210946
0.0,0.0,confounded,3,source_shuffle,logger1_heavy,logger2_heavy,0.008433447952425004
0.0,0.0,confounded,3,source_shuffle,logger12_balanced,logger2_heavy,0.009026744746412293
0.0,0.0,confounded,3,no_behavior,logger1_heavy,logger12_balanced,0.006108433779049992
0.0,0.0,confounded,3,no_behavior,logger1_heavy,logger2_heavy,0.0064272168793530335
0.0,0.0,confounded,3,no_behavior,logger12_balanced,logger2_heavy,0.005631128196943334
0.0,0.0,confounded,3,source_dependent_reward,logger1_heavy,logger12_balanced,0.00679576334342332
0.0,0.0,confounded,3,source_dependent_reward,logger1_heavy,logger2_heavy,0.013051730776539022
0.0,0.0,confounded,3,source_dependent_reward,logger12_balanced,logger2_heavy,0.016036583086896795
0.0,0.0,confounded,4,pooled_mlp,logger1_heavy,logger12_balanced,0.005497345200109294
0.0,0.0,confounded,4,pooled_mlp,logger1_heavy,logger2_heavy,0.010047469540060024
0.0,0.0,confounded,4,pooled_mlp,logger12_balanced,logger2_heavy,0.009431596364396158
0.0,0.0,confounded,4,source_balanced_pooled_mlp,logger1_heavy,logger12_balanced,0.0
0.0,0.0,confounded,4,source_balanced_pooled_mlp,logger1_heavy,logger2_heavy,0.0
0.0,0.0,confounded,4,source_balanced_pooled_mlp,logger12_balanced,logger2_heavy,0.0
0.0,0.0,confounded,4,source_conditioned_decoder,logger1_heavy,logger12_balanced,0.007606863030890785
0.0,0.0,confounded,4,source_conditioned_decoder,logger1_heavy,logger2_heavy,0.009130035564865272
0.0,0.0,confounded,4,source_conditioned_decoder,logger12_balanced,logger2_heavy,0.01175709514256073
0.0,0.0,confounded,4,per_source_models,logger1_heavy,logger12_balanced,0.005248863542175443
0.0,0.0,confounded,4,per_source_models,logger1_heavy,logger2_heavy,0.005102439643141743
0.0,0.0,confounded,4,per_source_models,logger12_balanced,logger2_heavy,0.005219977778163031
0.0,0.0,confounded,4,mechanism_separated,logger1_heavy,logger12_balanced,0.0085630758804502
0.0,0.0,confounded,4,mechanism_separated,logger1_heavy,logger2_heavy,0.0066496112032733935
0.0,0.0,confounded,4,mechanism_separated,logger12_balanced,logger2_heavy,0.00911704257913192
0.0,0.0,confounded,4,oracle_u_aware,logger1_heavy,logger12_balanced,0.010983516504972587
0.0,0.0,confounded,4,oracle_u_aware,logger1_heavy,logger2_heavy,0.009052692935771229
0.0,0.0,confounded,4,oracle_u_aware,logger12_balanced,logger2_heavy,0.0065633152366297845
0.0,0.0,confounded,4,source_shuffle,logger1_heavy,logger12_balanced,0.006760995175836842
0.0,0.0,confounded,4,source_shuffle,logger1_heavy,logger2_heavy,0.006956357377737694
0.0,0.0,confounded,4,source_shuffle,logger12_balanced,logger2_heavy,0.006447065390336356
0.0,0.0,confounded,4,no_behavior,logger1_heavy,logger12_balanced,0.008506771287036918
0.0,0.0,confounded,4,no_behavior,logger1_heavy,logger2_heavy,0.00907724938306217
0.0,0.0,confounded,4,no_behavior,logger12_balanced,logger2_heavy,0.008614714476058976
0.0,0.0,confounded,4,source_dependent_reward,logger1_heavy,logger12_balanced,0.010482392104987292
0.0,0.0,confounded,4,source_dependent_reward,logger1_heavy,logger2_heavy,0.008421524271214549
0.0,0.0,confounded,4,source_dependent_reward,logger12_balanced,logger2_heavy,0.005948042399213658
0.0,0.0,independent_latents,0,pooled_mlp,logger1_heavy,logger12_balanced,0.007864610468067612
0.0,0.0,independent_latents,0,pooled_mlp,logger1_heavy,logger2_heavy,0.0109572291156172
0.0,0.0,independent_latents,0,pooled_mlp,logger12_balanced,logger2_heavy,0.00746516581907235
0.0,0.0,independent_latents,0,source_balanced_pooled_mlp,logger1_heavy,logger12_balanced,0.0
0.0,0.0,independent_latents,0,source_balanced_pooled_mlp,logger1_heavy,logger2_heavy,0.0
0.0,0.0,independent_latents,0,source_balanced_pooled_mlp,logger12_balanced,logger2_heavy,0.0
0.0,0.0,independent_latents,0,source_conditioned_decoder,logger1_heavy,logger12_balanced,0.008445038736855188
0.0,0.0,independent_latents,0,source_conditioned_decoder,logger1_heavy,logger2_heavy,0.009303090316410561
0.0,0.0,independent_latents,0,source_conditioned_decoder,logger12_balanced,logger2_heavy,0.012589398746242295
0.0,0.0,independent_latents,0,per_source_models,logger1_heavy,logger12_balanced,0.004603283812329452
0.0,0.0,independent_latents,0,per_source_models,logger1_heavy,logger2_heavy,0.00470038894440733
0.0,0.0,independent_latents,0,per_source_models,logger12_balanced,logger2_heavy,0.0048032219503533514
0.0,0.0,independent_latents,0,mechanism_separated,logger1_heavy,logger12_balanced,0.009396837361723179
0.0,0.0,independent_latents,0,mechanism_separated,logger1_heavy,logger2_heavy,0.010443198795226321
0.0,0.0,independent_latents,0,mechanism_separated,logger12_balanced,logger2_heavy,0.010074824913473392
0.0,0.0,independent_latents,0,oracle_u_aware,logger1_heavy,logger12_balanced,0.007201583853305262
0.0,0.0,independent_latents,0,oracle_u_aware,logger1_heavy,logger2_heavy,0.009722643757979673
0.0,0.0,independent_latents,0,oracle_u_aware,logger12_balanced,logger2_heavy,0.009550289367859371
0.0,0.0,independent_latents,0,source_shuffle,logger1_heavy,logger12_balanced,0.010337418435779355
0.0,0.0,independent_latents,0,source_shuffle,logger1_heavy,logger2_heavy,0.008325138571364023
0.0,0.0,independent_latents,0,source_shuffle,logger12_balanced,logger2_heavy,0.010510859972737176
0.0,0.0,independent_latents,0,no_behavior,logger1_heavy,logger12_balanced,0.010470071253419217
0.0,0.0,independent_latents,0,no_behavior,logger1_heavy,logger2_heavy,0.009916282334906558
0.0,0.0,independent_latents,0,no_behavior,logger12_balanced,logger2_heavy,0.007633615234221248
0.0,0.0,independent_latents,0,source_dependent_reward,logger1_heavy,logger12_balanced,0.008295343005833558
0.0,0.0,independent_latents,0,source_dependent_reward,logger1_heavy,logger2_heavy,0.010177494642914396
0.0,0.0,independent_latents,0,source_dependent_reward,logger12_balanced,logger2_heavy,0.007014568832478789
0.0,0.0,independent_latents,1,pooled_mlp,logger1_heavy,logger12_balanced,0.006054247984675708
0.0,0.0,independent_latents,1,pooled_mlp,logger1_heavy,logger2_heavy,0.0067824695213495444
0.0,0.0,independent_latents,1,pooled_mlp,logger12_balanced,logger2_heavy,0.005396390439027295
0.0,0.0,independent_latents,1,source_balanced_pooled_mlp,logger1_heavy,logger12_balanced,0.0
0.0,0.0,independent_latents,1,source_balanced_pooled_mlp,logger1_heavy,logger2_heavy,0.0
0.0,0.0,independent_latents,1,source_balanced_pooled_mlp,logger12_balanced,logger2_heavy,0.0
0.0,0.0,independent_latents,1,source_conditioned_decoder,logger1_heavy,logger12_balanced,0.006941990010626943
0.0,0.0,independent_latents,1,source_conditioned_decoder,logger1_heavy,logger2_heavy,0.00774629050696335
0.0,0.0,independent_latents,1,source_conditioned_decoder,logger12_balanced,logger2_heavy,0.00872120697007867
0.0,0.0,independent_latents,1,per_source_models,logger1_heavy,logger12_balanced,0.0040881851648975
0.0,0.0,independent_latents,1,per_source_models,logger1_heavy,logger2_heavy,0.005239436865571009
0.0,0.0,independent_latents,1,per_source_models,logger12_balanced,logger2_heavy,0.004581072668475404
0.0,0.0,independent_latents,1,mechanism_separated,logger1_heavy,logger12_balanced,0.010496216889022466
0.0,0.0,independent_latents,1,mechanism_separated,logger1_heavy,logger2_heavy,0.007938094545566885
0.0,0.0,independent_latents,1,mechanism_separated,logger12_balanced,logger2_heavy,0.008771773146020827
0.0,0.0,independent_latents,1,oracle_u_aware,logger1_heavy,logger12_balanced,0.008702467962922216
0.0,0.0,independent_latents,1,oracle_u_aware,logger1_heavy,logger2_heavy,0.0094995463569937
0.0,0.0,independent_latents,1,oracle_u_aware,logger12_balanced,logger2_heavy,0.005609969229022902
0.0,0.0,independent_latents,1,source_shuffle,logger1_heavy,logger12_balanced,0.0053930763230295746
0.0,0.0,independent_latents,1,source_shuffle,logger1_heavy,logger2_heavy,0.00979940873553863
0.0,0.0,independent_latents,1,source_shuffle,logger12_balanced,logger2_heavy,0.008318336180688255
0.0,0.0,independent_latents,1,no_behavior,logger1_heavy,logger12_balanced,0.007386151742307315
0.0,0.0,independent_latents,1,no_behavior,logger1_heavy,logger2_heavy,0.007716115901585104
0.0,0.0,independent_latents,1,no_behavior,logger12_balanced,logger2_heavy,0.006831958527362515
0.0,0.0,independent_latents,1,source_dependent_reward,logger1_heavy,logger12_balanced,0.004849231857205114
0.0,0.0,independent_latents,1,source_dependent_reward,logger1_heavy,logger2_heavy,0.008340433865676901
0.0,0.0,independent_latents,1,source_dependent_reward,logger12_balanced,logger2_heavy,0.007370791063916931
0.0,0.0,independent_latents,2,pooled_mlp,logger1_heavy,logger12_balanced,0.007881774346296102
0.0,0.0,independent_latents,2,pooled_mlp,logger1_heavy,logger2_heavy,0.006736534456620412
0.0,0.0,independent_latents,2,pooled_mlp,logger12_balanced,logger2_heavy,0.011638468014959734
0.0,0.0,independent_latents,2,source_balanced_pooled_mlp,logger1_heavy,logger12_balanced,0.0
0.0,0.0,independent_latents,2,source_balanced_pooled_mlp,logger1_heavy,logger2_heavy,0.0
0.0,0.0,independent_latents,2,source_balanced_pooled_mlp,logger12_balanced,logger2_heavy,0.0
0.0,0.0,independent_latents,2,source_conditioned_decoder,logger1_heavy,logger12_balanced,0.00596106184839176
0.0,0.0,independent_latents,2,source_conditioned_decoder,logger1_heavy,logger2_heavy,0.00799353178079389
0.0,0.0,independent_latents,2,source_conditioned_decoder,logger12_balanced,logger2_heavy,0.007216761531073459
0.0,0.0,independent_latents,2,per_source_models,logger1_heavy,logger12_balanced,0.005834437746893043
0.0,0.0,independent_latents,2,per_source_models,logger1_heavy,logger2_heavy,0.009308891426043384
0.0,0.0,independent_latents,2,per_source_models,logger12_balanced,logger2_heavy,0.008740587029305724
0.0,0.0,independent_latents,2,mechanism_separated,logger1_heavy,logger12_balanced,0.007832565961540732
0.0,0.0,independent_latents,2,mechanism_separated,logger1_heavy,logger2_heavy,0.008430209274899212
0.0,0.0,independent_latents,2,mechanism_separated,logger12_balanced,logger2_heavy,0.009446117235885674
0.0,0.0,independent_latents,2,oracle_u_aware,logger1_heavy,logger12_balanced,0.006463393733443118
0.0,0.0,independent_latents,2,oracle_u_aware,logger1_heavy,logger2_heavy,0.008607989592653095
0.0,0.0,independent_latents,2,oracle_u_aware,logger12_balanced,logger2_heavy,0.007226256844361327
0.0,0.0,independent_latents,2,source_shuffle,logger1_heavy,logger12_balanced,0.006733955505112558
0.0,0.0,independent_latents,2,source_shuffle,logger1_heavy,logger2_heavy,0.005805667273564328
0.0,0.0,independent_latents,2,source_shuffle,logger12_balanced,logger2_heavy,0.007131805131098569
0.0,0.0,independent_latents,2,no_behavior,logger1_heavy,logger12_balanced,0.009866320880788947
0.0,0.0,independent_latents,2,no_behavior,logger1_heavy,logger2_heavy,0.006598743617118412
0.0,0.0,independent_latents,2,no_behavior,logger12_balanced,logger2_heavy,0.010664272007951746
0.0,0.0,independent_latents,2,source_dependent_reward,logger1_heavy,logger12_balanced,0.007136634855044848
0.0,0.0,independent_latents,2,source_dependent_reward,logger1_heavy,logger2_heavy,0.008308936729068747
0.0,0.0,independent_latents,2,source_dependent_reward,logger12_balanced,logger2_heavy,0.008707537262167005
0.0,0.0,independent_latents,3,pooled_mlp,logger1_heavy,logger12_balanced,0.010897790772163138
0.0,0.0,independent_latents,3,pooled_mlp,logger1_heavy,logger2_heavy,0.009472941980965264
0.0,0.0,independent_latents,3,pooled_mlp,logger12_balanced,logger2_heavy,0.006322529498164345
0.0,0.0,independent_latents,3,source_balanced_pooled_mlp,logger1_heavy,logger12_balanced,0.0
0.0,0.0,independent_latents,3,source_balanced_pooled_mlp,logger1_heavy,logger2_heavy,0.0
0.0,0.0,independent_latents,3,source_balanced_pooled_mlp,logger12_balanced,logger2_heavy,0.0
0.0,0.0,independent_latents,3,source_conditioned_decoder,logger1_heavy,logger12_balanced,0.008564150475178315
0.0,0.0,independent_latents,3,source_conditioned_decoder,logger1_heavy,logger2_heavy,0.008775245599342459
0.0,0.0,independent_latents,3,source_conditioned_decoder,logger12_balanced,logger2_heavy,0.0058920710777723454
0.0,0.0,independent_latents,3,per_source_models,logger1_heavy,logger12_balanced,0.006633216788883328
0.0,0.0,independent_latents,3,per_source_models,logger1_heavy,logger2_heavy,0.008827084895085406
0.0,0.0,independent_latents,3,per_source_models,logger12_balanced,logger2_heavy,0.006952401563504658
0.0,0.0,independent_latents,3,mechanism_separated,logger1_heavy,logger12_balanced,0.008075830725759568
0.0,0.0,independent_latents,3,mechanism_separated,logger1_heavy,logger2_heavy,0.008004459418171826
0.0,0.0,independent_latents,3,mechanism_separated,logger12_balanced,logger2_heavy,0.0064294777514854505
0.0,0.0,independent_latents,3,oracle_u_aware,logger1_heavy,logger12_balanced,0.010814685424076705
0.0,0.0,independent_latents,3,oracle_u_aware,logger1_heavy,logger2_heavy,0.010640741756168349
0.0,0.0,independent_latents,3,oracle_u_aware,logger12_balanced,logger2_heavy,0.004943770081585976
0.0,0.0,independent_latents,3,source_shuffle,logger1_heavy,logger12_balanced,0.010544740517175471
0.0,0.0,independent_latents,3,source_shuffle,logger1_heavy,logger2_heavy,0.006661119223676742
0.0,0.0,independent_latents,3,source_shuffle,logger12_balanced,logger2_heavy,0.009385946980157519
0.0,0.0,independent_latents,3,no_behavior,logger1_heavy,logger12_balanced,0.007315342465870065
0.0,0.0,independent_latents,3,no_behavior,logger1_heavy,logger2_heavy,0.008092157653147967
0.0,0.0,independent_latents,3,no_behavior,logger12_balanced,logger2_heavy,0.0048191526891604615
0.0,0.0,independent_latents,3,source_dependent_reward,logger1_heavy,logger12_balanced,0.008350519396798716
0.0,0.0,independent_latents,3,source_dependent_reward,logger1_heavy,logger2_heavy,0.007069663216530041
0.0,0.0,independent_latents,3,source_dependent_reward,logger12_balanced,logger2_heavy,0.007194153470479771
0.0,0.0,independent_latents,4,pooled_mlp,logger1_heavy,logger12_balanced,0.00981615219812629
0.0,0.0,independent_latents,4,pooled_mlp,logger1_heavy,logger2_heavy,0.008557088648593142
0.0,0.0,independent_latents,4,pooled_mlp,logger12_balanced,logger2_heavy,0.01012560756870287
0.0,0.0,independent_latents,4,source_balanced_pooled_mlp,logger1_heavy,logger12_balanced,0.0
0.0,0.0,independent_latents,4,source_balanced_pooled_mlp,logger1_heavy,logger2_heavy,0.0
0.0,0.0,independent_latents,4,source_balanced_pooled_mlp,logger12_balanced,logger2_heavy,0.0
0.0,0.0,independent_latents,4,source_conditioned_decoder,logger1_heavy,logger12_balanced,0.006135751950110741
0.0,0.0,independent_latents,4,source_conditioned_decoder,logger1_heavy,logger2_heavy,0.008853482746421233
0.0,0.0,independent_latents,4,source_conditioned_decoder,logger12_balanced,logger2_heavy,0.009161766182635103
0.0,0.0,independent_latents,4,per_source_models,logger1_heavy,logger12_balanced,0.0054555109048580784
0.0,0.0,independent_latents,4,per_source_models,logger1_heavy,logger2_heavy,0.004586964196231757
0.0,0.0,independent_latents,4,per_source_models,logger12_balanced,logger2_heavy,0.004878147238627914
0.0,0.0,independent_latents,4,mechanism_separated,logger1_heavy,logger12_balanced,0.006048761896536205
0.0,0.0,independent_latents,4,mechanism_separated,logger1_heavy,logger2_heavy,0.01110076641190656
0.0,0.0,independent_latents,4,mechanism_separated,logger12_balanced,logger2_heavy,0.008681505877932833
0.0,0.0,independent_latents,4,oracle_u_aware,logger1_heavy,logger12_balanced,0.008366232361050467
0.0,0.0,independent_latents,4,oracle_u_aware,logger1_heavy,logger2_heavy,0.007235181787808308
0.0,0.0,independent_latents,4,oracle_u_aware,logger12_balanced,logger2_heavy,0.00685200319633384
0.0,0.0,independent_latents,4,source_shuffle,logger1_heavy,logger12_balanced,0.005442814198376832
0.0,0.0,independent_latents,4,source_shuffle,logger1_heavy,logger2_heavy,0.0070204949914985685
0.0,0.0,independent_latents,4,source_shuffle,logger12_balanced,logger2_heavy,0.006965086793777308
0.0,0.0,independent_latents,4,no_behavior,logger1_heavy,logger12_balanced,0.012970516426735407
0.0,0.0,independent_latents,4,no_behavior,logger1_heavy,logger2_heavy,0.011398404028539318
0.0,0.0,independent_latents,4,no_behavior,logger12_balanced,logger2_heavy,0.007722872348311252
0.0,0.0,independent_latents,4,source_dependent_reward,logger1_heavy,logger12_balanced,0.007467817012592692
0.0,0.0,independent_latents,4,source_dependent_reward,logger1_heavy,logger2_heavy,0.008232320093640597
0.0,0.0,independent_latents,4,source_dependent_reward,logger12_balanced,logger2_heavy,0.007428262838231644
0.0,0.002,confounded,0,pooled_mlp,logger1_heavy,logger12_balanced,0.010307284248893149
0.0,0.002,confounded,0,pooled_mlp,logger1_heavy,logger2_heavy,0.007878165849787356
0.0,0.002,confounded,0,pooled_mlp,logger12_balanced,logger2_heavy,0.008228331481229083
0.0,0.002,confounded,0,source_balanced_pooled_mlp,logger1_heavy,logger12_balanced,0.0
0.0,0.002,confounded,0,source_balanced_pooled_mlp,logger1_heavy,logger2_heavy,0.0
0.0,0.002,confounded,0,source_balanced_pooled_mlp,logger12_balanced,logger2_heavy,0.0
0.0,0.002,confounded,0,source_conditioned_decoder,logger1_heavy,logger12_balanced,0.0060787627976344695
0.0,0.002,confounded,0,source_conditioned_decoder,logger1_heavy,logger2_heavy,0.009837974876997037
0.0,0.002,confounded,0,source_conditioned_decoder,logger12_balanced,logger2_heavy,0.008657921330538542
0.0,0.002,confounded,0,per_source_models,logger1_heavy,logger12_balanced,0.008341186234297561
0.0,0.002,confounded,0,per_source_models,logger1_heavy,logger2_heavy,0.006030042767698194
0.0,0.002,confounded,0,per_source_models,logger12_balanced,logger2_heavy,0.00634991121626726
0.0,0.002,confounded,0,mechanism_separated,logger1_heavy,logger12_balanced,0.009944377355929748
0.0,0.002,confounded,0,mechanism_separated,logger1_heavy,logger2_heavy,0.00908500777857233
0.0,0.002,confounded,0,mechanism_separated,logger12_balanced,logger2_heavy,0.010374083083500647
0.0,0.002,confounded,0,oracle_u_aware,logger1_heavy,logger12_balanced,0.010463434832418832
0.0,0.002,confounded,0,oracle_u_aware,logger1_heavy,logger2_heavy,0.009379698498250865
0.0,0.002,confounded,0,oracle_u_aware,logger12_balanced,logger2_heavy,0.01101805568099876
0.0,0.002,confounded,0,source_shuffle,logger1_heavy,logger12_balanced,0.005854532862382692
0.0,0.002,confounded,0,source_shuffle,logger1_heavy,logger2_heavy,0.011463120571800333
0.0,0.002,confounded,0,source_shuffle,logger12_balanced,logger2_heavy,0.011337969856825891
0.0,0.002,confounded,0,no_behavior,logger1_heavy,logger12_balanced,0.009775426845653905
0.0,0.002,confounded,0,no_behavior,logger1_heavy,logger2_heavy,0.009317689048934966
0.0,0.002,confounded,0,no_behavior,logger12_balanced,logger2_heavy,0.008055561077835897
0.0,0.002,confounded,0,source_dependent_reward,logger1_heavy,logger12_balanced,0.008118770554669441
0.0,0.002,confounded,0,source_dependent_reward,logger1_heavy,logger2_heavy,0.006944305665413872
0.0,0.002,confounded,0,source_dependent_reward,logger12_balanced,logger2_heavy,0.007392995738549887
0.0,0.002,confounded,1,pooled_mlp,logger1_heavy,logger12_balanced,0.011853037810324903
0.0,0.002,confounded,1,pooled_mlp,logger1_heavy,logger2_heavy,0.011307406250517746
0.0,0.002,confounded,1,pooled_mlp,logger12_balanced,logger2_heavy,0.011090074662952077
0.0,0.002,confounded,1,source_balanced_pooled_mlp,logger1_heavy,logger12_balanced,0.0
0.0,0.002,confounded,1,source_balanced_pooled_mlp,logger1_heavy,logger2_heavy,0.0
0.0,0.002,confounded,1,source_balanced_pooled_mlp,logger12_balanced,logger2_heavy,0.0
0.0,0.002,confounded,1,source_conditioned_decoder,logger1_heavy,logger12_balanced,0.005888019506582971
0.0,0.002,confounded,1,source_conditioned_decoder,logger1_heavy,logger2_heavy,0.011771875774312575
0.0,0.002,confounded,1,source_conditioned_decoder,logger12_balanced,logger2_heavy,0.010365286697837008
0.0,0.002,confounded,1,per_source_models,logger1_heavy,logger12_balanced,0.00570653462755677
0.0,0.002,confounded,1,per_source_models,logger1_heavy,logger2_heavy,0.004712900857236843
0.0,0.002,confounded,1,per_source_models,logger12_balanced,logger2_heavy,0.0059353599409797415
0.0,0.002,confounded,1,mechanism_separated,logger1_heavy,logger12_balanced,0.006448719928834062
0.0,0.002,confounded,1,mechanism_separated,logger1_heavy,logger2_heavy,0.007789171583496978
0.0,0.002,confounded,1,mechanism_separated,logger12_balanced,logger2_heavy,0.006418377657771631
0.0,0.002,confounded,1,oracle_u_aware,logger1_heavy,logger12_balanced,0.007779198227998389
0.0,0.002,confounded,1,oracle_u_aware,logger1_heavy,logger2_heavy,0.008292347645552587
0.0,0.002,confounded,1,oracle_u_aware,logger12_balanced,logger2_heavy,0.0055629939900379835
0.0,0.002,confounded,1,source_shuffle,logger1_heavy,logger12_balanced,0.008655252099831595
0.0,0.002,confounded,1,source_shuffle,logger1_heavy,logger2_heavy,0.00786469289179262
0.0,0.002,confounded,1,source_shuffle,logger12_balanced,logger2_heavy,0.0063901119417140995
0.0,0.002,confounded,1,no_behavior,logger1_heavy,logger12_balanced,0.0070903890536114554
0.0,0.002,confounded,1,no_behavior,logger1_heavy,logger2_heavy,0.008795043936799356
0.0,0.002,confounded,1,no_behavior,logger12_balanced,logger2_heavy,0.008358227812128772
0.0,0.002,confounded,1,source_dependent_reward,logger1_heavy,logger12_balanced,0.005653149119038792
0.0,0.002,confounded,1,source_dependent_reward,logger1_heavy,logger2_heavy,0.007721542170500748
0.0,0.002,confounded,1,source_dependent_reward,logger12_balanced,logger2_heavy,0.009204793599393878
0.0,0.002,confounded,2,pooled_mlp,logger1_heavy,logger12_balanced,0.004851095267077444
0.0,0.002,confounded,2,pooled_mlp,logger1_heavy,logger2_heavy,0.005742759861812514
0.0,0.002,confounded,2,pooled_mlp,logger12_balanced,logger2_heavy,0.0052863542379109184
0.0,0.002,confounded,2,source_balanced_pooled_mlp,logger1_heavy,logger12_balanced,0.0
0.0,0.002,confounded,2,source_balanced_pooled_mlp,logger1_heavy,logger2_heavy,0.0
0.0,0.002,confounded,2,source_balanced_pooled_mlp,logger12_balanced,logger2_heavy,0.0
0.0,0.002,confounded,2,source_conditioned_decoder,logger1_heavy,logger12_balanced,0.007471389655675026
0.0,0.002,confounded,2,source_conditioned_decoder,logger1_heavy,logger2_heavy,0.009152935384476413
0.0,0.002,confounded,2,source_conditioned_decoder,logger12_balanced,logger2_heavy,0.005581881923827728
0.0,0.002,confounded,2,per_source_models,logger1_heavy,logger12_balanced,0.006385223556729842
0.0,0.002,confounded,2,per_source_models,logger1_heavy,logger2_heavy,0.003691758340298466
0.0,0.002,confounded,2,per_source_models,logger12_balanced,logger2_heavy,0.0059963741408651065
0.0,0.002,confounded,2,mechanism_separated,logger1_heavy,logger12_balanced,0.005271334887582409
0.0,0.002,confounded,2,mechanism_separated,logger1_heavy,logger2_heavy,0.006824060133703602
0.0,0.002,confounded,2,mechanism_separated,logger12_balanced,logger2_heavy,0.006717150294947583
0.0,0.002,confounded,2,oracle_u_aware,logger1_heavy,logger12_balanced,0.013516058956957592
0.0,0.002,confounded,2,oracle_u_aware,logger1_heavy,logger2_heavy,0.006967195853276823
0.0,0.002,confounded,2,oracle_u_aware,logger12_balanced,logger2_heavy,0.01331507197288206
0.0,0.002,confounded,2,source_shuffle,logger1_heavy,logger12_balanced,0.007852210723364195
0.0,0.002,confounded,2,source_shuffle,logger1_heavy,logger2_heavy,0.006180078387298373
0.0,0.002,confounded,2,source_shuffle,logger12_balanced,logger2_heavy,0.006467291851620779
0.0,0.002,confounded,2,no_behavior,logger1_heavy,logger12_balanced,0.007611886854928346
0.0,0.002,confounded,2,no_behavior,logger1_heavy,logger2_heavy,0.006705299004823263
0.0,0.002,confounded,2,no_behavior,logger12_balanced,logger2_heavy,0.0047734243270097275
0.0,0.002,confounded,2,source_dependent_reward,logger1_heavy,logger12_balanced,0.008847732244974111
0.0,0.002,confounded,2,source_dependent_reward,logger1_heavy,logger2_heavy,0.00989556991419118
0.0,0.002,confounded,2,source_dependent_reward,logger12_balanced,logger2_heavy,0.007122613209892595
0.0,0.002,confounded,3,pooled_mlp,logger1_heavy,logger12_balanced,0.009638888886336777
0.0,0.002,confounded,3,pooled_mlp,logger1_heavy,logger2_heavy,0.008434954561854169
0.0,0.002,confounded,3,pooled_mlp,logger12_balanced,logger2_heavy,0.007335860183176492
0.0,0.002,confounded,3,source_balanced_pooled_mlp,logger1_heavy,logger12_balanced,0.0
0.0,0.002,confounded,3,source_balanced_pooled_mlp,logger1_heavy,logger2_heavy,0.0
0.0,0.002,confounded,3,source_balanced_pooled_mlp,logger12_balanced,logger2_heavy,0.0
0.0,0.002,confounded,3,source_conditioned_decoder,logger1_heavy,logger12_balanced,0.00769800784505268
0.0,0.002,confounded,3,source_conditioned_decoder,logger1_heavy,logger2_heavy,0.00998241912806629
0.0,0.002,confounded,3,source_conditioned_decoder,logger12_balanced,logger2_heavy,0.00731937797772909
0.0,0.002,confounded,3,per_source_models,logger1_heavy,logger12_balanced,0.0034343285163143506
0.0,0.002,confounded,3,per_source_models,logger1_heavy,logger2_heavy,0.004602704496912633
0.0,0.002,confounded,3,per_source_models,logger12_balanced,logger2_heavy,0.0048868078722815985
0.0,0.002,confounded,3,mechanism_separated,logger1_heavy,logger12_balanced,0.006518332406341005
0.0,0.002,confounded,3,mechanism_separated,logger1_heavy,logger2_heavy,0.006977281536615578
0.0,0.002,confounded,3,mechanism_separated,logger12_balanced,logger2_heavy,0.006136796579398102
0.0,0.002,confounded,3,oracle_u_aware,logger1_heavy,logger12_balanced,0.007197123609121572
0.0,0.002,confounded,3,oracle_u_aware,logger1_heavy,logger2_heavy,0.0075391180470575705
0.0,0.002,confounded,3,oracle_u_aware,logger12_balanced,logger2_heavy,0.008228391426033047
0.0,0.002,confounded,3,source_shuffle,logger1_heavy,logger12_balanced,0.008649295607977597
0.0,0.002,confounded,3,source_shuffle,logger1_heavy,logger2_heavy,0.009030624516825068
0.0,0.002,confounded,3,source_shuffle,logger12_balanced,logger2_heavy,0.011168087394799046
0.0,0.002,confounded,3,no_behavior,logger1_heavy,logger12_balanced,0.009310202871548228
0.0,0.002,confounded,3,no_behavior,logger1_heavy,logger2_heavy,0.008961368114421714
0.0,0.002,confounded,3,no_behavior,logger12_balanced,logger2_heavy,0.010558234923184901
0.0,0.002,confounded,3,source_dependent_reward,logger1_heavy,logger12_balanced,0.007419971802350633
0.0,0.002,confounded,3,source_dependent_reward,logger1_heavy,logger2_heavy,0.008342994067959374
0.0,0.002,confounded,3,source_dependent_reward,logger12_balanced,logger2_heavy,0.00628541421420218
0.0,0.002,confounded,4,pooled_mlp,logger1_heavy,logger12_balanced,0.007726578031063617
0.0,0.002,confounded,4,pooled_mlp,logger1_heavy,logger2_heavy,0.00789238538716751
0.0,0.002,confounded,4,pooled_mlp,logger12_balanced,logger2_heavy,0.007946137791728843
0.0,0.002,confounded,4,source_balanced_pooled_mlp,logger1_heavy,logger12_balanced,0.0
0.0,0.002,confounded,4,source_balanced_pooled_mlp,logger1_heavy,logger2_heavy,0.0
0.0,0.002,confounded,4,source_balanced_pooled_mlp,logger12_balanced,logger2_heavy,0.0
0.0,0.002,confounded,4,source_conditioned_decoder,logger1_heavy,logger12_balanced,0.010205399387424006
0.0,0.002,confounded,4,source_conditioned_decoder,logger1_heavy,logger2_heavy,0.006980807062446736
0.0,0.002,confounded,4,source_conditioned_decoder,logger12_balanced,logger2_heavy,0.00840943472782078
0.0,0.002,confounded,4,per_source_models,logger1_heavy,logger12_balanced,0.005228450443696278
0.0,0.002,confounded,4,per_source_models,logger1_heavy,logger2_heavy,0.005067552620802194
0.0,0.002,confounded,4,per_source_models,logger12_balanced,logger2_heavy,0.005225299770789798
0.0,0.002,confounded,4,mechanism_separated,logger1_heavy,logger12_balanced,0.006346895416535459
0.0,0.002,confounded,4,mechanism_separated,logger1_heavy,logger2_heavy,0.006980892864220583
0.0,0.002,confounded,4,mechanism_separated,logger12_balanced,logger2_heavy,0.006095138267861365
0.0,0.002,confounded,4,oracle_u_aware,logger1_heavy,logger12_balanced,0.007536077606421884
0.0,0.002,confounded,4,oracle_u_aware,logger1_heavy,logger2_heavy,0.009261830386876495
0.0,0.002,confounded,4,oracle_u_aware,logger12_balanced,logger2_heavy,0.007005996269530397
0.0,0.002,confounded,4,source_shuffle,logger1_heavy,logger12_balanced,0.005346296470683451
0.0,0.002,confounded,4,source_shuffle,logger1_heavy,logger2_heavy,0.006297192773374968
0.0,0.002,confounded,4,source_shuffle,logger12_balanced,logger2_heavy,0.00484954143357532
0.0,0.002,confounded,4,no_behavior,logger1_heavy,logger12_balanced,0.007583849650721088
0.0,0.002,confounded,4,no_behavior,logger1_heavy,logger2_heavy,0.0065513621388511795
0.0,0.002,confounded,4,no_behavior,logger12_balanced,logger2_heavy,0.006196669348736568
0.0,0.002,confounded,4,source_dependent_reward,logger1_heavy,logger12_balanced,0.005950026584044442
0.0,0.002,confounded,4,source_dependent_reward,logger1_heavy,logger2_heavy,0.00658958761539377
0.0,0.002,confounded,4,source_dependent_reward,logger12_balanced,logger2_heavy,0.007080326140181523
0.0,0.002,independent_latents,0,pooled_mlp,logger1_heavy,logger12_balanced,0.008256128368410404
0.0,0.002,independent_latents,0,pooled_mlp,logger1_heavy,logger2_heavy,0.00768033110580267
0.0,0.002,independent_latents,0,pooled_mlp,logger12_balanced,logger2_heavy,0.007397573567454607
0.0,0.002,independent_latents,0,source_balanced_pooled_mlp,logger1_heavy,logger12_balanced,0.0
0.0,0.002,independent_latents,0,source_balanced_pooled_mlp,logger1_heavy,logger2_heavy,0.0
0.0,0.002,independent_latents,0,source_balanced_pooled_mlp,logger12_balanced,logger2_heavy,0.0
0.0,0.002,independent_latents,0,source_conditioned_decoder,logger1_heavy,logger12_balanced,0.007238200502842465
0.0,0.002,independent_latents,0,source_conditioned_decoder,logger1_heavy,logger2_heavy,0.00703939956325045
0.0,0.002,independent_latents,0,source_conditioned_decoder,logger12_balanced,logger2_heavy,0.0069147982725562065
0.0,0.002,independent_latents,0,per_source_models,logger1_heavy,logger12_balanced,0.004792446080345747
0.0,0.002,independent_latents,0,per_source_models,logger1_heavy,logger2_heavy,0.0041662413461354296
0.0,0.002,independent_latents,0,per_source_models,logger12_balanced,logger2_heavy,0.005365786545919718
0.0,0.002,independent_latents,0,mechanism_separated,logger1_heavy,logger12_balanced,0.008402126093477942
0.0,0.002,independent_latents,0,mechanism_separated,logger1_heavy,logger2_heavy,0.007786998782523224
0.0,0.002,independent_latents,0,mechanism_separated,logger12_balanced,logger2_heavy,0.008048220360224258
0.0,0.002,independent_latents,0,oracle_u_aware,logger1_heavy,logger12_balanced,0.009064901364555017
0.0,0.002,independent_latents,0,oracle_u_aware,logger1_heavy,logger2_heavy,0.009013086616682755
0.0,0.002,independent_latents,0,oracle_u_aware,logger12_balanced,logger2_heavy,0.008463401020128873
0.0,0.002,independent_latents,0,source_shuffle,logger1_heavy,logger12_balanced,0.006283481278060938
0.0,0.002,independent_latents,0,source_shuffle,logger1_heavy,logger2_heavy,0.008184942092284687
0.0,0.002,independent_latents,0,source_shuffle,logger12_balanced,logger2_heavy,0.00755184779646128
0.0,0.002,independent_latents,0,no_behavior,logger1_heavy,logger12_balanced,0.012672218711713966
0.0,0.002,independent_latents,0,no_behavior,logger1_heavy,logger2_heavy,0.009673952938562349
0.0,0.002,independent_latents,0,no_behavior,logger12_balanced,logger2_heavy,0.009143346433235045
0.0,0.002,independent_latents,0,source_dependent_reward,logger1_heavy,logger12_balanced,0.010194611502157724
0.0,0.002,independent_latents,0,source_dependent_reward,logger1_heavy,logger2_heavy,0.010965447848702656
0.0,0.002,independent_latents,0,source_dependent_reward,logger12_balanced,logger2_heavy,0.008176361752619463
0.0,0.002,independent_latents,1,pooled_mlp,logger1_heavy,logger12_balanced,0.007057907455760942
0.0,0.002,independent_latents,1,pooled_mlp,logger1_heavy,logger2_heavy,0.008424084685891819
0.0,0.002,independent_latents,1,pooled_mlp,logger12_balanced,logger2_heavy,0.005869356377572953
0.0,0.002,independent_latents,1,source_balanced_pooled_mlp,logger1_heavy,logger12_balanced,0.0
0.0,0.002,independent_latents,1,source_balanced_pooled_mlp,logger1_heavy,logger2_heavy,0.0
0.0,0.002,independent_latents,1,source_balanced_pooled_mlp,logger12_balanced,logger2_heavy,0.0
0.0,0.002,independent_latents,1,source_conditioned_decoder,logger1_heavy,logger12_balanced,0.005989877058384895
0.0,0.002,independent_latents,1,source_conditioned_decoder,logger1_heavy,logger2_heavy,0.009621195407159692
0.0,0.002,independent_latents,1,source_conditioned_decoder,logger12_balanced,logger2_heavy,0.008573251590925693
0.0,0.002,independent_latents,1,per_source_models,logger1_heavy,logger12_balanced,0.0041617579776620965
0.0,0.002,independent_latents,1,per_source_models,logger1_heavy,logger2_heavy,0.006693659896259765
0.0,0.002,independent_latents,1,per_source_models,logger12_balanced,logger2_heavy,0.005613999335603461
0.0,0.002,independent_latents,1,mechanism_separated,logger1_heavy,logger12_balanced,0.010822176796998522
0.0,0.002,independent_latents,1,mechanism_separated,logger1_heavy,logger2_heavy,0.008323896621478949
0.0,0.002,independent_latents,1,mechanism_separated,logger12_balanced,logger2_heavy,0.011528779746864526
0.0,0.002,independent_latents,1,oracle_u_aware,logger1_heavy,logger12_balanced,0.008474481851668055
0.0,0.002,independent_latents,1,oracle_u_aware,logger1_heavy,logger2_heavy,0.012840764280573387
0.0,0.002,independent_latents,1,oracle_u_aware,logger12_balanced,logger2_heavy,0.010862291244632902
0.0,0.002,independent_latents,1,source_shuffle,logger1_heavy,logger12_balanced,0.010137003689750795
0.0,0.002,independent_latents,1,source_shuffle,logger1_heavy,logger2_heavy,0.007229373483031322
0.0,0.002,independent_latents,1,source_shuffle,logger12_balanced,logger2_heavy,0.009296285731874462
0.0,0.002,independent_latents,1,no_behavior,logger1_heavy,logger12_balanced,0.007667154848084543
0.0,0.002,independent_latents,1,no_behavior,logger1_heavy,logger2_heavy,0.00761673999262019
0.0,0.002,independent_latents,1,no_behavior,logger12_balanced,logger2_heavy,0.00669514445425139
0.0,0.002,independent_latents,1,source_dependent_reward,logger1_heavy,logger12_balanced,0.011405775531250495
0.0,0.002,independent_latents,1,source_dependent_reward,logger1_heavy,logger2_heavy,0.008572147758735887
0.0,0.002,independent_latents,1,source_dependent_reward,logger12_balanced,logger2_heavy,0.00946023122634088
0.0,0.002,independent_latents,2,pooled_mlp,logger1_heavy,logger12_balanced,0.007721475862887533
0.0,0.002,independent_latents,2,pooled_mlp,logger1_heavy,logger2_heavy,0.007011846195505269
0.0,0.002,independent_latents,2,pooled_mlp,logger12_balanced,logger2_heavy,0.009720872959213088
0.0,0.002,independent_latents,2,source_balanced_pooled_mlp,logger1_heavy,logger12_balanced,0.0
0.0,0.002,independent_latents,2,source_balanced_pooled_mlp,logger1_heavy,logger2_heavy,0.0
0.0,0.002,independent_latents,2,source_balanced_pooled_mlp,logger12_balanced,logger2_heavy,0.0
0.0,0.002,independent_latents,2,source_conditioned_decoder,logger1_heavy,logger12_balanced,0.0067792435024412075
0.0,0.002,independent_latents,2,source_conditioned_decoder,logger1_heavy,logger2_heavy,0.00894899194491056
0.0,0.002,independent_latents,2,source_conditioned_decoder,logger12_balanced,logger2_heavy,0.01004247658588974
0.0,0.002,independent_latents,2,per_source_models,logger1_heavy,logger12_balanced,0.006225957589095809
0.0,0.002,independent_latents,2,per_source_models,logger1_heavy,logger2_heavy,0.005772731538508624
0.0,0.002,independent_latents,2,per_source_models,logger12_balanced,logger2_heavy,0.0035267265862823764
0.0,0.002,independent_latents,2,mechanism_separated,logger1_heavy,logger12_balanced,0.0064308477685620065
0.0,0.002,independent_latents,2,mechanism_separated,logger1_heavy,logger2_heavy,0.006945171645084953
0.0,0.002,independent_latents,2,mechanism_separated,logger12_balanced,logger2_heavy,0.006357920309730588
0.0,0.002,independent_latents,2,oracle_u_aware,logger1_heavy,logger12_balanced,0.008602935848876435
0.0,0.002,independent_latents,2,oracle_u_aware,logger1_heavy,logger2_heavy,0.009029374055238728
0.0,0.002,independent_latents,2,oracle_u_aware,logger12_balanced,logger2_heavy,0.005991250219233784
0.0,0.002,independent_latents,2,source_shuffle,logger1_heavy,logger12_balanced,0.011155403273842257
0.0,0.002,independent_latents,2,source_shuffle,logger1_heavy,logger2_heavy,0.006251571357530203
0.0,0.002,independent_latents,2,source_shuffle,logger12_balanced,logger2_heavy,0.009341384722017452
0.0,0.002,independent_latents,2,no_behavior,logger1_heavy,logger12_balanced,0.006071958222089936
0.0,0.002,independent_latents,2,no_behavior,logger1_heavy,logger2_heavy,0.008221089675014814
0.0,0.002,independent_latents,2,no_behavior,logger12_balanced,logger2_heavy,0.00913937883228334
0.0,0.002,independent_latents,2,source_dependent_reward,logger1_heavy,logger12_balanced,0.006529016716234198
0.0,0.002,independent_latents,2,source_dependent_reward,logger1_heavy,logger2_heavy,0.008562076666135284
0.0,0.002,independent_latents,2,source_dependent_reward,logger12_balanced,logger2_heavy,0.0074517243440208715
0.0,0.002,independent_latents,3,pooled_mlp,logger1_heavy,logger12_balanced,0.009000161894657292
0.0,0.002,independent_latents,3,pooled_mlp,logger1_heavy,logger2_heavy,0.009619388768363182
0.0,0.002,independent_latents,3,pooled_mlp,logger12_balanced,logger2_heavy,0.008581321134755663
0.0,0.002,independent_latents,3,source_balanced_pooled_mlp,logger1_heavy,logger12_balanced,0.0
0.0,0.002,independent_latents,3,source_balanced_pooled_mlp,logger1_heavy,logger2_heavy,0.0
0.0,0.002,independent_latents,3,source_balanced_pooled_mlp,logger12_balanced,logger2_heavy,0.0
0.0,0.002,independent_latents,3,source_conditioned_decoder,logger1_heavy,logger12_balanced,0.005884300179304571
0.0,0.002,independent_latents,3,source_conditioned_decoder,logger1_heavy,logger2_heavy,0.007143028226747374
0.0,0.002,independent_latents,3,source_conditioned_decoder,logger12_balanced,logger2_heavy,0.006198570728330784
0.0,0.002,independent_latents,3,per_source_models,logger1_heavy,logger12_balanced,0.0058645592230775175
0.0,0.002,independent_latents,3,per_source_models,logger1_heavy,logger2_heavy,0.0073878570878147505
0.0,0.002,independent_latents,3,per_source_models,logger12_balanced,logger2_heavy,0.005251941191977443
0.0,0.002,independent_latents,3,mechanism_separated,logger1_heavy,logger12_balanced,0.007583309788864881
0.0,0.002,independent_latents,3,mechanism_separated,logger1_heavy,logger2_heavy,0.007913393930175816
0.0,0.002,independent_latents,3,mechanism_separated,logger12_balanced,logger2_heavy,0.005065963147849579
0.0,0.002,independent_latents,3,oracle_u_aware,logger1_heavy,logger12_balanced,0.006552983678446373
0.0,0.002,independent_latents,3,oracle_u_aware,logger1_heavy,logger2_heavy,0.006771500236183191
0.0,0.002,independent_latents,3,oracle_u_aware,logger12_balanced,logger2_heavy,0.007075402669979943
0.0,0.002,independent_latents,3,source_shuffle,logger1_heavy,logger12_balanced,0.010484919106498835
0.0,0.002,independent_latents,3,source_shuffle,logger1_heavy,logger2_heavy,0.011064129341128716
0.0,0.002,independent_latents,3,source_shuffle,logger12_balanced,logger2_heavy,0.00445870709177601
0.0,0.002,independent_latents,3,no_behavior,logger1_heavy,logger12_balanced,0.009954909434113245
0.0,0.002,independent_latents,3,no_behavior,logger1_heavy,logger2_heavy,0.010239132220498605
0.0,0.002,independent_latents,3,no_behavior,logger12_balanced,logger2_heavy,0.004943801818309584
0.0,0.002,independent_latents,3,source_dependent_reward,logger1_heavy,logger12_balanced,0.007608889044316273
0.0,0.002,independent_latents,3,source_dependent_reward,logger1_heavy,logger2_heavy,0.008106500473532693
0.0,0.002,independent_latents,3,source_dependent_reward,logger12_balanced,logger2_heavy,0.00830243949875676
0.0,0.002,independent_latents,4,pooled_mlp,logger1_heavy,logger12_balanced,0.008535979999663655
0.0,0.002,independent_latents,4,pooled_mlp,logger1_heavy,logger2_heavy,0.006571270241007435
0.0,0.002,independent_latents,4,pooled_mlp,logger12_balanced,logger2_heavy,0.009547738389749857
0.0,0.002,independent_latents,4,source_balanced_pooled_mlp,logger1_heavy,logger12_balanced,0.0
0.0,0.002,independent_latents,4,source_balanced_pooled_mlp,logger1_heavy,logger2_heavy,0.0
0.0,0.002,independent_latents,4,source_balanced_pooled_mlp,logger12_balanced,logger2_heavy,0.0
0.0,0.002,independent_latents,4,source_conditioned_decoder,logger1_heavy,logger12_balanced,0.006338536397494496
0.0,0.002,independent_latents,4,source_conditioned_decoder,logger1_heavy,logger2_heavy,0.007951244738107467
0.0,0.002,independent_latents,4,source_conditioned_decoder,logger12_balanced,logger2_heavy,0.005677319904639412
0.0,0.002,independent_latents,4,per_source_models,logger1_heavy,logger12_balanced,0.0066261853309304035
0.0,0.002,independent_latents,4,per_source_models,logger1_heavy,logger2_heavy,0.008798641289728446
0.0,0.002,independent_latents,4,per_source_models,logger12_balanced,logger2_heavy,0.005335888293601351
0.0,0.002,independent_latents,4,mechanism_separated,logger1_heavy,logger12_balanced,0.006544810810669129
0.0,0.002,independent_latents,4,mechanism_separated,logger1_heavy,logger2_heavy,0.010830298068805188
0.0,0.002,independent_latents,4,mechanism_separated,logger12_balanced,logger2_heavy,0.008912194416977473
0.0,0.002,independent_latents,4,oracle_u_aware,logger1_heavy,logger12_balanced,0.0060886558611187155
0.0,0.002,independent_latents,4,oracle_u_aware,logger1_heavy,logger2_heavy,0.004924710828041332
0.0,0.002,independent_latents,4,oracle_u_aware,logger12_balanced,logger2_heavy,0.0066389052885317025
0.0,0.002,independent_latents,4,source_shuffle,logger1_heavy,logger12_balanced,0.004913482636794463
0.0,0.002,independent_latents,4,source_shuffle,logger1_heavy,logger2_heavy,0.007291114018947236
0.0,0.002,independent_latents,4,source_shuffle,logger12_balanced,logger2_heavy,0.006164157151764932
0.0,0.002,independent_latents,4,no_behavior,logger1_heavy,logger12_balanced,0.005493043611653549
0.0,0.002,independent_latents,4,no_behavior,logger1_heavy,logger2_heavy,0.008347636770306944
0.0,0.002,independent_latents,4,no_behavior,logger12_balanced,logger2_heavy,0.008286146012836183
0.0,0.002,independent_latents,4,source_dependent_reward,logger1_heavy,logger12_balanced,0.010800582601224755
0.0,0.002,independent_latents,4,source_dependent_reward,logger1_heavy,logger2_heavy,0.008950391778899983
0.0,0.002,independent_latents,4,source_dependent_reward,logger12_balanced,logger2_heavy,0.009124216041547596
0.0,0.005,confounded,0,pooled_mlp,logger1_heavy,logger12_balanced,0.01105293748242672
0.0,0.005,confounded,0,pooled_mlp,logger1_heavy,logger2_heavy,0.009621943306487522
0.0,0.005,confounded,0,pooled_mlp,logger12_balanced,logger2_heavy,0.010427703094051164
0.0,0.005,confounded,0,source_balanced_pooled_mlp,logger1_heavy,logger12_balanced,0.0
0.0,0.005,confounded,0,source_balanced_pooled_mlp,logger1_heavy,logger2_heavy,0.0
0.0,0.005,confounded,0,source_balanced_pooled_mlp,logger12_balanced,logger2_heavy,0.0
0.0,0.005,confounded,0,source_conditioned_decoder,logger1_heavy,logger12_balanced,0.008827086554006474
0.0,0.005,confounded,0,source_conditioned_decoder,logger1_heavy,logger2_heavy,0.008097582691401702
0.0,0.005,confounded,0,source_conditioned_decoder,logger12_balanced,logger2_heavy,0.010034182604678166
0.0,0.005,confounded,0,per_source_models,logger1_heavy,logger12_balanced,0.010228163419855779
0.0,0.005,confounded,0,per_source_models,logger1_heavy,logger2_heavy,0.009228263114684037
0.0,0.005,confounded,0,per_source_models,logger12_balanced,logger2_heavy,0.004429754530181159
0.0,0.005,confounded,0,mechanism_separated,logger1_heavy,logger12_balanced,0.008047744143582714
0.0,0.005,confounded,0,mechanism_separated,logger1_heavy,logger2_heavy,0.0073509576911184845
0.0,0.005,confounded,0,mechanism_separated,logger12_balanced,logger2_heavy,0.008517088975859411
0.0,0.005,confounded,0,oracle_u_aware,logger1_heavy,logger12_balanced,0.010510677738287249
0.0,0.005,confounded,0,oracle_u_aware,logger1_heavy,logger2_heavy,0.009683570074114323
0.0,0.005,confounded,0,oracle_u_aware,logger12_balanced,logger2_heavy,0.008229328863453178
0.0,0.005,confounded,0,source_shuffle,logger1_heavy,logger12_balanced,0.008680114383515684
0.0,0.005,confounded,0,source_shuffle,logger1_heavy,logger2_heavy,0.008657508148427855
0.0,0.005,confounded,0,source_shuffle,logger12_balanced,logger2_heavy,0.006209103191489931
0.0,0.005,confounded,0,no_behavior,logger1_heavy,logger12_balanced,0.007741472859399554
0.0,0.005,confounded,0,no_behavior,logger1_heavy,logger2_heavy,0.007463898499856649
0.0,0.005,confounded,0,no_behavior,logger12_balanced,logger2_heavy,0.0089471569339654
0.0,0.005,confounded,0,source_dependent_reward,logger1_heavy,logger12_balanced,0.007567467833021548
0.0,0.005,confounded,0,source_dependent_reward,logger1_heavy,logger2_heavy,0.011508137239089089
0.0,0.005,confounded,0,source_dependent_reward,logger12_balanced,logger2_heavy,0.00801454727791833
0.0,0.005,confounded,1,pooled_mlp,logger1_heavy,logger12_balanced,0.007197019895243532
0.0,0.005,confounded,1,pooled_mlp,logger1_heavy,logger2_heavy,0.011615294851067774
0.0,0.005,confounded,1,pooled_mlp,logger12_balanced,logger2_heavy,0.008286198201787335
0.0,0.005,confounded,1,source_balanced_pooled_mlp,logger1_heavy,logger12_balanced,0.0
0.0,0.005,confounded,1,source_balanced_pooled_mlp,logger1_heavy,logger2_heavy,0.0
0.0,0.005,confounded,1,source_balanced_pooled_mlp,logger12_balanced,logger2_heavy,0.0
0.0,0.005,confounded,1,source_conditioned_decoder,logger1_heavy,logger12_balanced,0.008199273990731606
0.0,0.005,confounded,1,source_conditioned_decoder,logger1_heavy,logger2_heavy,0.00976846099171807
0.0,0.005,confounded,1,source_conditioned_decoder,logger12_balanced,logger2_heavy,0.007377918578115808
0.0,0.005,confounded,1,per_source_models,logger1_heavy,logger12_balanced,0.007777536917732313
0.0,0.005,confounded,1,per_source_models,logger1_heavy,logger2_heavy,0.008538521791250907
0.0,0.005,confounded,1,per_source_models,logger12_balanced,logger2_heavy,0.004865926226383603
0.0,0.005,confounded,1,mechanism_separated,logger1_heavy,logger12_balanced,0.005637870299732156
0.0,0.005,confounded,1,mechanism_separated,logger1_heavy,logger2_heavy,0.007079828263775042
0.0,0.005,confounded,1,mechanism_separated,logger12_balanced,logger2_heavy,0.006992880214548643
0.0,0.005,confounded,1,oracle_u_aware,logger1_heavy,logger12_balanced,0.007305378298416384
0.0,0.005,confounded,1,oracle_u_aware,logger1_heavy,logger2_heavy,0.00633136173601877
0.0,0.005,confounded,1,oracle_u_aware,logger12_balanced,logger2_heavy,0.006929760511061242
0.0,0.005,confounded,1,source_shuffle,logger1_heavy,logger12_balanced,0.006687093794549182
0.0,0.005,confounded,1,source_shuffle,logger1_heavy,logger2_heavy,0.008805324467382684
0.0,0.005,confounded,1,source_shuffle,logger12_balanced,logger2_heavy,0.007585562532811729
0.0,0.005,confounded,1,no_behavior,logger1_heavy,logger12_balanced,0.0071838705606220715
0.0,0.005,confounded,1,no_behavior,logger1_heavy,logger2_heavy,0.011549175546135673
0.0,0.005,confounded,1,no_behavior,logger12_balanced,logger2_heavy,0.010623953974186074
0.0,0.005,confounded,1,source_dependent_reward,logger1_heavy,logger12_balanced,0.007702915946807817
0.0,0.005,confounded,1,source_dependent_reward,logger1_heavy,logger2_heavy,0.007394892393003138
0.0,0.005,confounded,1,source_dependent_reward,logger12_balanced,logger2_heavy,0.007949149742325549
0.0,0.005,confounded,2,pooled_mlp,logger1_heavy,logger12_balanced,0.007472835456343825
0.0,0.005,confounded,2,pooled_mlp,logger1_heavy,logger2_heavy,0.008404866052410582
0.0,0.005,confounded,2,pooled_mlp,logger12_balanced,logger2_heavy,0.00928532472260704
0.0,0.005,confounded,2,source_balanced_pooled_mlp,logger1_heavy,logger12_balanced,0.0
0.0,0.005,confounded,2,source_balanced_pooled_mlp,logger1_heavy,logger2_heavy,0.0
0.0,0.005,confounded,2,source_balanced_pooled_mlp,logger12_balanced,logger2_heavy,0.0
0.0,0.005,confounded,2,source_conditioned_decoder,logger1_heavy,logger12_balanced,0.010287318002702788
0.0,0.005,confounded,2,source_conditioned_decoder,logger1_heavy,logger2_heavy,0.008956419200123173
0.0,0.005,confounded,2,source_conditioned_decoder,logger12_balanced,logger2_heavy,0.009836956982633977
0.0,0.005,confounded,2,per_source_models,logger1_heavy,logger12_balanced,0.007269930167386889
0.0,0.005,confounded,2,per_source_models,logger1_heavy,logger2_heavy,0.007831535557874638
0.0,0.005,confounded,2,per_source_models,logger12_balanced,logger2_heavy,0.005546153246242799
0.0,0.005,confounded,2,mechanism_separated,logger1_heavy,logger12_balanced,0.01164403005311662
0.0,0.005,confounded,2,mechanism_separated,logger1_heavy,logger2_heavy,0.010637594802932788
0.0,0.005,confounded,2,mechanism_separated,logger12_balanced,logger2_heavy,0.009189031985770743
0.0,0.005,confounded,2,oracle_u_aware,logger1_heavy,logger12_balanced,0.007284181014055935
0.0,0.005,confounded,2,oracle_u_aware,logger1_heavy,logger2_heavy,0.0070879930207650346
0.0,0.005,confounded,2,oracle_u_aware,logger12_balanced,logger2_heavy,0.008615308800250677
0.0,0.005,confounded,2,source_shuffle,logger1_heavy,logger12_balanced,0.007180362565231503
0.0,0.005,confounded,2,source_shuffle,logger1_heavy,logger2_heavy,0.010033088033537401
0.0,0.005,confounded,2,source_shuffle,logger12_balanced,logger2_heavy,0.0080061829932691
0.0,0.005,confounded,2,no_behavior,logger1_heavy,logger12_balanced,0.006825879300564772
0.0,0.005,confounded,2,no_behavior,logger1_heavy,logger2_heavy,0.005777407097740854
0.0,0.005,confounded,2,no_behavior,logger12_balanced,logger2_heavy,0.006995038835578809
0.0,0.005,confounded,2,source_dependent_reward,logger1_heavy,logger12_balanced,0.010257255119417993
0.0,0.005,confounded,2,source_dependent_reward,logger1_heavy,logger2_heavy,0.008271205617579342
0.0,0.005,confounded,2,source_dependent_reward,logger12_balanced,logger2_heavy,0.010489205251716267
0.0,0.005,confounded,3,pooled_mlp,logger1_heavy,logger12_balanced,0.007100499259390758
0.0,0.005,confounded,3,pooled_mlp,logger1_heavy,logger2_heavy,0.010260684449268158
0.0,0.005,confounded,3,pooled_mlp,logger12_balanced,logger2_heavy,0.0077227578335446806
0.0,0.005,confounded,3,source_balanced_pooled_mlp,logger1_heavy,logger12_balanced,0.0
0.0,0.005,confounded,3,source_balanced_pooled_mlp,logger1_heavy,logger2_heavy,0.0
0.0,0.005,confounded,3,source_balanced_pooled_mlp,logger12_balanced,logger2_heavy,0.0
0.0,0.005,confounded,3,source_conditioned_decoder,logger1_heavy,logger12_balanced,0.005834025753181403
0.0,0.005,confounded,3,source_conditioned_decoder,logger1_heavy,logger2_heavy,0.010117139297633582
0.0,0.005,confounded,3,source_conditioned_decoder,logger12_balanced,logger2_heavy,0.007935306374155198
0.0,0.005,confounded,3,per_source_models,logger1_heavy,logger12_balanced,0.0046949734940009945
0.0,0.005,confounded,3,per_source_models,logger1_heavy,logger2_heavy,0.005799218673745936
0.0,0.005,confounded,3,per_source_models,logger12_balanced,logger2_heavy,0.004646463274075218
0.0,0.005,confounded,3,mechanism_separated,logger1_heavy,logger12_balanced,0.007953761831035707
0.0,0.005,confounded,3,mechanism_separated,logger1_heavy,logger2_heavy,0.006731336681352844
0.0,0.005,confounded,3,mechanism_separated,logger12_balanced,logger2_heavy,0.0075169661658204216
0.0,0.005,confounded,3,oracle_u_aware,logger1_heavy,logger12_balanced,0.0052295500613769134
0.0,0.005,confounded,3,oracle_u_aware,logger1_heavy,logger2_heavy,0.007310129913726216
0.0,0.005,confounded,3,oracle_u_aware,logger12_balanced,logger2_heavy,0.006471489796907724
0.0,0.005,confounded,3,source_shuffle,logger1_heavy,logger12_balanced,0.007738753223130892
0.0,0.005,confounded,3,source_shuffle,logger1_heavy,logger2_heavy,0.009502008404436579
0.0,0.005,confounded,3,source_shuffle,logger12_balanced,logger2_heavy,0.007419745891207196
0.0,0.005,confounded,3,no_behavior,logger1_heavy,logger12_balanced,0.005641148934685619
0.0,0.005,confounded,3,no_behavior,logger1_heavy,logger2_heavy,0.006967522320574473
0.0,0.005,confounded,3,no_behavior,logger12_balanced,logger2_heavy,0.006464723614974768
0.0,0.005,confounded,3,source_dependent_reward,logger1_heavy,logger12_balanced,0.008951740318924697
0.0,0.005,confounded,3,source_dependent_reward,logger1_heavy,logger2_heavy,0.007917456882819607
0.0,0.005,confounded,3,source_dependent_reward,logger12_balanced,logger2_heavy,0.006679657175748765
0.0,0.005,confounded,4,pooled_mlp,logger1_heavy,logger12_balanced,0.014226103817162702
0.0,0.005,confounded,4,pooled_mlp,logger1_heavy,logger2_heavy,0.011402327500469763
0.0,0.005,confounded,4,pooled_mlp,logger12_balanced,logger2_heavy,0.007451999795338104
0.0,0.005,confounded,4,source_balanced_pooled_mlp,logger1_heavy,logger12_balanced,0.0
0.0,0.005,confounded,4,source_balanced_pooled_mlp,logger1_heavy,logger2_heavy,0.0
0.0,0.005,confounded,4,source_balanced_pooled_mlp,logger12_balanced,logger2_heavy,0.0
0.0,0.005,confounded,4,source_conditioned_decoder,logger1_heavy,logger12_balanced,0.008267485438148208
0.0,0.005,confounded,4,source_conditioned_decoder,logger1_heavy,logger2_heavy,0.011088503591616894
0.0,0.005,confounded,4,source_conditioned_decoder,logger12_balanced,logger2_heavy,0.01053926964066878
0.0,0.005,confounded,4,per_source_models,logger1_heavy,logger12_balanced,0.004570400961118916
0.0,0.005,confounded,4,per_source_models,logger1_heavy,logger2_heavy,0.008526032442218652
0.0,0.005,confounded,4,per_source_models,logger12_balanced,logger2_heavy,0.00812102460115778
0.0,0.005,confounded,4,mechanism_separated,logger1_heavy,logger12_balanced,0.011001814070751827
0.0,0.005,confounded,4,mechanism_separated,logger1_heavy,logger2_heavy,0.013588924765690864
0.0,0.005,confounded,4,mechanism_separated,logger12_balanced,logger2_heavy,0.005808676942160741
0.0,0.005,confounded,4,oracle_u_aware,logger1_heavy,logger12_balanced,0.006386645159395139
0.0,0.005,confounded,4,oracle_u_aware,logger1_heavy,logger2_heavy,0.009796920037420368
0.0,0.005,confounded,4,oracle_u_aware,logger12_balanced,logger2_heavy,0.008990328400144527
0.0,0.005,confounded,4,source_shuffle,logger1_heavy,logger12_balanced,0.008392607120543983
0.0,0.005,confounded,4,source_shuffle,logger1_heavy,logger2_heavy,0.00979817106216527
0.0,0.005,confounded,4,source_shuffle,logger12_balanced,logger2_heavy,0.008835950913983995
0.0,0.005,confounded,4,no_behavior,logger1_heavy,logger12_balanced,0.007044217655125585
0.0,0.005,confounded,4,no_behavior,logger1_heavy,logger2_heavy,0.009312239307553602
0.0,0.005,confounded,4,no_behavior,logger12_balanced,logger2_heavy,0.007034458802560426
0.0,0.005,confounded,4,source_dependent_reward,logger1_heavy,logger12_balanced,0.005848220294789618
0.0,0.005,confounded,4,source_dependent_reward,logger1_heavy,logger2_heavy,0.007880987684542302
0.0,0.005,confounded,4,source_dependent_reward,logger12_balanced,logger2_heavy,0.006507734700377473
0.0,0.005,independent_latents,0,pooled_mlp,logger1_heavy,logger12_balanced,0.009624074421911197
0.0,0.005,independent_latents,0,pooled_mlp,logger1_heavy,logger2_heavy,0.010387267536767417
0.0,0.005,independent_latents,0,pooled_mlp,logger12_balanced,logger2_heavy,0.008601889115500359
0.0,0.005,independent_latents,0,source_balanced_pooled_mlp,logger1_heavy,logger12_balanced,0.0
0.0,0.005,independent_latents,0,source_balanced_pooled_mlp,logger1_heavy,logger2_heavy,0.0
0.0,0.005,independent_latents,0,source_balanced_pooled_mlp,logger12_balanced,logger2_heavy,0.0
0.0,0.005,independent_latents,0,source_conditioned_decoder,logger1_heavy,logger12_balanced,0.008169056177997886
0.0,0.005,independent_latents,0,source_conditioned_decoder,logger1_heavy,logger2_heavy,0.00819892104707239
0.0,0.005,independent_latents,0,source_conditioned_decoder,logger12_balanced,logger2_heavy,0.007376655018977185
0.0,0.005,independent_latents,0,per_source_models,logger1_heavy,logger12_balanced,0.004707353138033249
0.0,0.005,independent_latents,0,per_source_models,logger1_heavy,logger2_heavy,0.005055561917138887
0.0,0.005,independent_latents,0,per_source_models,logger12_balanced,logger2_heavy,0.005519970399872229
0.0,0.005,independent_latents,0,mechanism_separated,logger1_heavy,logger12_balanced,0.007267470115919344
0.0,0.005,independent_latents,0,mechanism_separated,logger1_heavy,logger2_heavy,0.010216037429041017
0.0,0.005,independent_latents,0,mechanism_separated,logger12_balanced,logger2_heavy,0.007489680871725486
0.0,0.005,independent_latents,0,oracle_u_aware,logger1_heavy,logger12_balanced,0.006934579006622447
0.0,0.005,independent_latents,0,oracle_u_aware,logger1_heavy,logger2_heavy,0.010464783246391754
0.0,0.005,independent_latents,0,oracle_u_aware,logger12_balanced,logger2_heavy,0.007056414711215362
0.0,0.005,independent_latents,0,source_shuffle,logger1_heavy,logger12_balanced,0.009004488531820988
0.0,0.005,independent_latents,0,source_shuffle,logger1_heavy,logger2_heavy,0.011647122935923097
0.0,0.005,independent_latents,0,source_shuffle,logger12_balanced,logger2_heavy,0.010201038249765638
0.0,0.005,independent_latents,0,no_behavior,logger1_heavy,logger12_balanced,0.010242743388560464
0.0,0.005,independent_latents,0,no_behavior,logger1_heavy,logger2_heavy,0.011789567240426886
0.0,0.005,independent_latents,0,no_behavior,logger12_balanced,logger2_heavy,0.007959749411774015
0.0,0.005,independent_latents,0,source_dependent_reward,logger1_heavy,logger12_balanced,0.0090524143787106
0.0,0.005,independent_latents,0,source_dependent_reward,logger1_heavy,logger2_heavy,0.012127469838767665
0.0,0.005,independent_latents,0,source_dependent_reward,logger12_balanced,logger2_heavy,0.007180607450159837
0.0,0.005,independent_latents,1,pooled_mlp,logger1_heavy,logger12_balanced,0.007375373322374225
0.0,0.005,independent_latents,1,pooled_mlp,logger1_heavy,logger2_heavy,0.008897867692545096
0.0,0.005,independent_latents,1,pooled_mlp,logger12_balanced,logger2_heavy,0.010341594087585487
0.0,0.005,independent_latents,1,source_balanced_pooled_mlp,logger1_heavy,logger12_balanced,0.0
0.0,0.005,independent_latents,1,source_balanced_pooled_mlp,logger1_heavy,logger2_heavy,0.0
0.0,0.005,independent_latents,1,source_balanced_pooled_mlp,logger12_balanced,logger2_heavy,0.0
0.0,0.005,independent_latents,1,source_conditioned_decoder,logger1_heavy,logger12_balanced,0.012147694342248442
0.0,0.005,independent_latents,1,source_conditioned_decoder,logger1_heavy,logger2_heavy,0.010612155838129862
0.0,0.005,independent_latents,1,source_conditioned_decoder,logger12_balanced,logger2_heavy,0.006796191294550643
0.0,0.005,independent_latents,1,per_source_models,logger1_heavy,logger12_balanced,0.0044758054736635895
0.0,0.005,independent_latents,1,per_source_models,logger1_heavy,logger2_heavy,0.0037480169505839005
0.0,0.005,independent_latents,1,per_source_models,logger12_balanced,logger2_heavy,0.005447922868563744
0.0,0.005,independent_latents,1,mechanism_separated,logger1_heavy,logger12_balanced,0.011164785155167846
0.0,0.005,independent_latents,1,mechanism_separated,logger1_heavy,logger2_heavy,0.008115341471840632
0.0,0.005,independent_latents,1,mechanism_separated,logger12_balanced,logger2_heavy,0.008959579608560617
0.0,0.005,independent_latents,1,oracle_u_aware,logger1_heavy,logger12_balanced,0.007709534262585184
0.0,0.005,independent_latents,1,oracle_u_aware,logger1_heavy,logger2_heavy,0.009086024381522905
0.0,0.005,independent_latents,1,oracle_u_aware,logger12_balanced,logger2_heavy,0.005201886215229666
0.0,0.005,independent_latents,1,source_shuffle,logger1_heavy,logger12_balanced,0.008133828346755493
0.0,0.005,independent_latents,1,source_shuffle,logger1_heavy,logger2_heavy,0.01152834650305104
0.0,0.005,independent_latents,1,source_shuffle,logger12_balanced,logger2_heavy,0.009230427747809588
0.0,0.005,independent_latents,1,no_behavior,logger1_heavy,logger12_balanced,0.007558614423953453
0.0,0.005,independent_latents,1,no_behavior,logger1_heavy,logger2_heavy,0.007997760026547836
0.0,0.005,independent_latents,1,no_behavior,logger12_balanced,logger2_heavy,0.007890767867847369
0.0,0.005,independent_latents,1,source_dependent_reward,logger1_heavy,logger12_balanced,0.009191713176280493
0.0,0.005,independent_latents,1,source_dependent_reward,logger1_heavy,logger2_heavy,0.009386937436786709
0.0,0.005,independent_latents,1,source_dependent_reward,logger12_balanced,logger2_heavy,0.0073010512272479065
0.0,0.005,independent_latents,2,pooled_mlp,logger1_heavy,logger12_balanced,0.010173246475245494
0.0,0.005,independent_latents,2,pooled_mlp,logger1_heavy,logger2_heavy,0.013219701487020166
0.0,0.005,independent_latents,2,pooled_mlp,logger12_balanced,logger2_heavy,0.008464227035653577
0.0,0.005,independent_latents,2,source_balanced_pooled_mlp,logger1_heavy,logger12_balanced,0.0
0.0,0.005,independent_latents,2,source_balanced_pooled_mlp,logger1_heavy,logger2_heavy,0.0
0.0,0.005,independent_latents,2,source_balanced_pooled_mlp,logger12_balanced,logger2_heavy,0.0
0.0,0.005,independent_latents,2,source_conditioned_decoder,logger1_heavy,logger12_balanced,0.010501287348796351
0.0,0.005,independent_latents,2,source_conditioned_decoder,logger1_heavy,logger2_heavy,0.007734203045870131
0.0,0.005,independent_latents,2,source_conditioned_decoder,logger12_balanced,logger2_heavy,0.008699221623038407
0.0,0.005,independent_latents,2,per_source_models,logger1_heavy,logger12_balanced,0.0033550516425938323
0.0,0.005,independent_latents,2,per_source_models,logger1_heavy,logger2_heavy,0.003772589313884172
0.0,0.005,independent_latents,2,per_source_models,logger12_balanced,logger2_heavy,0.003364004642848037
0.0,0.005,independent_latents,2,mechanism_separated,logger1_heavy,logger12_balanced,0.009082437842067073
0.0,0.005,independent_latents,2,mechanism_separated,logger1_heavy,logger2_heavy,0.012682344495220429
0.0,0.005,independent_latents,2,mechanism_separated,logger12_balanced,logger2_heavy,0.0074622636270136955
0.0,0.005,independent_latents,2,oracle_u_aware,logger1_heavy,logger12_balanced,0.014414426553731702
0.0,0.005,independent_latents,2,oracle_u_aware,logger1_heavy,logger2_heavy,0.011092985434038386
0.0,0.005,independent_latents,2,oracle_u_aware,logger12_balanced,logger2_heavy,0.006567812502744101
0.0,0.005,independent_latents,2,source_shuffle,logger1_heavy,logger12_balanced,0.010789520033248692
0.0,0.005,independent_latents,2,source_shuffle,logger1_heavy,logger2_heavy,0.009582838717361559
0.0,0.005,independent_latents,2,source_shuffle,logger12_balanced,logger2_heavy,0.007361073120569346
0.0,0.005,independent_latents,2,no_behavior,logger1_heavy,logger12_balanced,0.010078160933466042
0.0,0.005,independent_latents,2,no_behavior,logger1_heavy,logger2_heavy,0.00925175441868182
0.0,0.005,independent_latents,2,no_behavior,logger12_balanced,logger2_heavy,0.01263450254595264
0.0,0.005,independent_latents,2,source_dependent_reward,logger1_heavy,logger12_balanced,0.008073160555601349
0.0,0.005,independent_latents,2,source_dependent_reward,logger1_heavy,logger2_heavy,0.00838993529106504
0.0,0.005,independent_latents,2,source_dependent_reward,logger12_balanced,logger2_heavy,0.009281962170414677
0.0,0.005,independent_latents,3,pooled_mlp,logger1_heavy,logger12_balanced,0.007675561719488213
0.0,0.005,independent_latents,3,pooled_mlp,logger1_heavy,logger2_heavy,0.009750079668801075
0.0,0.005,independent_latents,3,pooled_mlp,logger12_balanced,logger2_heavy,0.006791906873010644
0.0,0.005,independent_latents,3,source_balanced_pooled_mlp,logger1_heavy,logger12_balanced,0.0
0.0,0.005,independent_latents,3,source_balanced_pooled_mlp,logger1_heavy,logger2_heavy,0.0
0.0,0.005,independent_latents,3,source_balanced_pooled_mlp,logger12_balanced,logger2_heavy,0.0
0.0,0.005,independent_latents,3,source_conditioned_decoder,logger1_heavy,logger12_balanced,0.007996006016729932
0.0,0.005,independent_latents,3,source_conditioned_decoder,logger1_heavy,logger2_heavy,0.011673621389932397
0.0,0.005,independent_latents,3,source_conditioned_decoder,logger12_balanced,logger2_heavy,0.008084600668892713
0.0,0.005,independent_latents,3,per_source_models,logger1_heavy,logger12_balanced,0.007894401180289973
0.0,0.005,independent_latents,3,per_source_models,logger1_heavy,logger2_heavy,0.00607818996447761
0.0,0.005,independent_latents,3,per_source_models,logger12_balanced,logger2_heavy,0.005079208215009633
0.0,0.005,independent_latents,3,mechanism_separated,logger1_heavy,logger12_balanced,0.007367801831149434
0.0,0.005,independent_latents,3,mechanism_separated,logger1_heavy,logger2_heavy,0.008210228246329465
0.0,0.005,independent_latents,3,mechanism_separated,logger12_balanced,logger2_heavy,0.007798680363893455
0.0,0.005,independent_latents,3,oracle_u_aware,logger1_heavy,logger12_balanced,0.0066108888497237546
0.0,0.005,independent_latents,3,oracle_u_aware,logger1_heavy,logger2_heavy,0.0060768643570998215
0.0,0.005,independent_latents,3,oracle_u_aware,logger12_balanced,logger2_heavy,0.005121131100497063
0.0,0.005,independent_latents,3,source_shuffle,logger1_heavy,logger12_balanced,0.006631302428721493
0.0,0.005,independent_latents,3,source_shuffle,logger1_heavy,logger2_heavy,0.006525158666999925
0.0,0.005,independent_latents,3,source_shuffle,logger12_balanced,logger2_heavy,0.0068718332753314884
0.0,0.005,independent_latents,3,no_behavior,logger1_heavy,logger12_balanced,0.006593129052318706
0.0,0.005,independent_latents,3,no_behavior,logger1_heavy,logger2_heavy,0.008166282124572754
0.0,0.005,independent_latents,3,no_behavior,logger12_balanced,logger2_heavy,0.006141549687403337
0.0,0.005,independent_latents,3,source_dependent_reward,logger1_heavy,logger12_balanced,0.01039452530306286
0.0,0.005,independent_latents,3,source_dependent_reward,logger1_heavy,logger2_heavy,0.011533800096587658
0.0,0.005,independent_latents,3,source_dependent_reward,logger12_balanced,logger2_heavy,0.005126005133500852
0.0,0.005,independent_latents,4,pooled_mlp,logger1_heavy,logger12_balanced,0.013145075018034885
0.0,0.005,independent_latents,4,pooled_mlp,logger1_heavy,logger2_heavy,0.015679702472047505
0.0,0.005,independent_latents,4,pooled_mlp,logger12_balanced,logger2_heavy,0.00831270839763512
0.0,0.005,independent_latents,4,source_balanced_pooled_mlp,logger1_heavy,logger12_balanced,0.0
0.0,0.005,independent_latents,4,source_balanced_pooled_mlp,logger1_heavy,logger2_heavy,0.0
0.0,0.005,independent_latents,4,source_balanced_pooled_mlp,logger12_balanced,logger2_heavy,0.0
0.0,0.005,independent_latents,4,source_conditioned_decoder,logger1_heavy,logger12_balanced,0.009679588453922144
0.0,0.005,independent_latents,4,source_conditioned_decoder,logger1_heavy,logger2_heavy,0.009034808649797126
0.0,0.005,independent_latents,4,source_conditioned_decoder,logger12_balanced,logger2_heavy,0.0070164591604922645
0.0,0.005,independent_latents,4,per_source_models,logger1_heavy,logger12_balanced,0.005843377853151806
0.0,0.005,independent_latents,4,per_source_models,logger1_heavy,logger2_heavy,0.005245916597512194
0.0,0.005,independent_latents,4,per_source_models,logger12_balanced,logger2_heavy,0.004069907186540279
0.0,0.005,independent_latents,4,mechanism_separated,logger1_heavy,logger12_balanced,0.00637170670498597
0.0,0.005,independent_latents,4,mechanism_separated,logger1_heavy,logger2_heavy,0.008123866506286216
0.0,0.005,independent_latents,4,mechanism_separated,logger12_balanced,logger2_heavy,0.005733177119657468
0.0,0.005,independent_latents,4,oracle_u_aware,logger1_heavy,logger12_balanced,0.006065788751060016
0.0,0.005,independent_latents,4,oracle_u_aware,logger1_heavy,logger2_heavy,0.009378211348236217
0.0,0.005,independent_latents,4,oracle_u_aware,logger12_balanced,logger2_heavy,0.007043583599334741
0.0,0.005,independent_latents,4,source_shuffle,logger1_heavy,logger12_balanced,0.01332556928355707
0.0,0.005,independent_latents,4,source_shuffle,logger1_heavy,logger2_heavy,0.015178326553639853
0.0,0.005,independent_latents,4,source_shuffle,logger12_balanced,logger2_heavy,0.009753825329578136
0.0,0.005,independent_latents,4,no_behavior,logger1_heavy,logger12_balanced,0.008306772491310602
0.0,0.005,independent_latents,4,no_behavior,logger1_heavy,logger2_heavy,0.009854248241571465
0.0,0.005,independent_latents,4,no_behavior,logger12_balanced,logger2_heavy,0.007200896649571111
0.0,0.005,independent_latents,4,source_dependent_reward,logger1_heavy,logger12_balanced,0.008816043090669155
0.0,0.005,independent_latents,4,source_dependent_reward,logger1_heavy,logger2_heavy,0.009959689454272525
0.0,0.005,independent_latents,4,source_dependent_reward,logger12_balanced,logger2_heavy,0.007707625515337836
0.0,0.01,confounded,0,pooled_mlp,logger1_heavy,logger12_balanced,0.012516659428953114
0.0,0.01,confounded,0,pooled_mlp,logger1_heavy,logger2_heavy,0.01566337807459116
0.0,0.01,confounded,0,pooled_mlp,logger12_balanced,logger2_heavy,0.01102073401400042
0.0,0.01,confounded,0,source_balanced_pooled_mlp,logger1_heavy,logger12_balanced,0.0
0.0,0.01,confounded,0,source_balanced_pooled_mlp,logger1_heavy,logger2_heavy,0.0
0.0,0.01,confounded,0,source_balanced_pooled_mlp,logger12_balanced,logger2_heavy,0.0
0.0,0.01,confounded,0,source_conditioned_decoder,logger1_heavy,logger12_balanced,0.010724934044120974
0.0,0.01,confounded,0,source_conditioned_decoder,logger1_heavy,logger2_heavy,0.013347016800197925
0.0,0.01,confounded,0,source_conditioned_decoder,logger12_balanced,logger2_heavy,0.007415594042931342
0.0,0.01,confounded,0,per_source_models,logger1_heavy,logger12_balanced,0.00689953416303848
0.0,0.01,confounded,0,per_source_models,logger1_heavy,logger2_heavy,0.005627135360745232
0.0,0.01,confounded,0,per_source_models,logger12_balanced,logger2_heavy,0.0064456169362681545
0.0,0.01,confounded,0,mechanism_separated,logger1_heavy,logger12_balanced,0.010321583638002813
0.0,0.01,confounded,0,mechanism_separated,logger1_heavy,logger2_heavy,0.009924879209396614
0.0,0.01,confounded,0,mechanism_separated,logger12_balanced,logger2_heavy,0.009152133796006108
0.0,0.01,confounded,0,oracle_u_aware,logger1_heavy,logger12_balanced,0.01033596406462706
0.0,0.01,confounded,0,oracle_u_aware,logger1_heavy,logger2_heavy,0.00949976625894731
0.0,0.01,confounded,0,oracle_u_aware,logger12_balanced,logger2_heavy,0.0077085548718166105
0.0,0.01,confounded,0,source_shuffle,logger1_heavy,logger12_balanced,0.011649110033770381
0.0,0.01,confounded,0,source_shuffle,logger1_heavy,logger2_heavy,0.013539316600941492
0.0,0.01,confounded,0,source_shuffle,logger12_balanced,logger2_heavy,0.008357886168257056
0.0,0.01,confounded,0,no_behavior,logger1_heavy,logger12_balanced,0.011616313728037616
0.0,0.01,confounded,0,no_behavior,logger1_heavy,logger2_heavy,0.012623946199033304
0.0,0.01,confounded,0,no_behavior,logger12_balanced,logger2_heavy,0.010842276491301138
0.0,0.01,confounded,0,source_dependent_reward,logger1_heavy,logger12_balanced,0.011587755056142835
0.0,0.01,confounded,0,source_dependent_reward,logger1_heavy,logger2_heavy,0.01306798027652369
0.0,0.01,confounded,0,source_dependent_reward,logger12_balanced,logger2_heavy,0.008373187871916734
0.0,0.01,confounded,1,pooled_mlp,logger1_heavy,logger12_balanced,0.01019301135339637
0.0,0.01,confounded,1,pooled_mlp,logger1_heavy,logger2_heavy,0.009385055898921737
0.0,0.01,confounded,1,pooled_mlp,logger12_balanced,logger2_heavy,0.009192909877700038
0.0,0.01,confounded,1,source_balanced_pooled_mlp,logger1_heavy,logger12_balanced,0.0
0.0,0.01,confounded,1,source_balanced_pooled_mlp,logger1_heavy,logger2_heavy,0.0
0.0,0.01,confounded,1,source_balanced_pooled_mlp,logger12_balanced,logger2_heavy,0.0
0.0,0.01,confounded,1,source_conditioned_decoder,logger1_heavy,logger12_balanced,0.0076697525223089185
0.0,0.01,confounded,1,source_conditioned_decoder,logger1_heavy,logger2_heavy,0.007991379817673304
0.0,0.01,confounded,1,source_conditioned_decoder,logger12_balanced,logger2_heavy,0.005519675521604028
0.0,0.01,confounded,1,per_source_models,logger1_heavy,logger12_balanced,0.005680442985427664
0.0,0.01,confounded,1,per_source_models,logger1_heavy,logger2_heavy,0.006870670407792782
0.0,0.01,confounded,1,per_source_models,logger12_balanced,logger2_heavy,0.006915570616316552
0.0,0.01,confounded,1,mechanism_separated,logger1_heavy,logger12_balanced,0.007256294542697699
0.0,0.01,confounded,1,mechanism_separated,logger1_heavy,logger2_heavy,0.008038933512266117
0.0,0.01,confounded,1,mechanism_separated,logger12_balanced,logger2_heavy,0.010243403219637718
0.0,0.01,confounded,1,oracle_u_aware,logger1_heavy,logger12_balanced,0.007368778332806158
0.0,0.01,confounded,1,oracle_u_aware,logger1_heavy,logger2_heavy,0.006279350731540128
0.0,0.01,confounded,1,oracle_u_aware,logger12_balanced,logger2_heavy,0.006803288420572661
0.0,0.01,confounded,1,source_shuffle,logger1_heavy,logger12_balanced,0.009160416159236255
0.0,0.01,confounded,1,source_shuffle,logger1_heavy,logger2_heavy,0.010432233058393633
0.0,0.01,confounded,1,source_shuffle,logger12_balanced,logger2_heavy,0.0054530889031669545
0.0,0.01,confounded,1,no_behavior,logger1_heavy,logger12_balanced,0.008362815674132386
0.0,0.01,confounded,1,no_behavior,logger1_heavy,logger2_heavy,0.009135977500188758
0.0,0.01,confounded,1,no_behavior,logger12_balanced,logger2_heavy,0.0095716155980902
0.0,0.01,confounded,1,source_dependent_reward,logger1_heavy,logger12_balanced,0.0108133931024364
0.0,0.01,confounded,1,source_dependent_reward,logger1_heavy,logger2_heavy,0.009051524311787273
0.0,0.01,confounded,1,source_dependent_reward,logger12_balanced,logger2_heavy,0.009018594555517418
0.0,0.01,confounded,2,pooled_mlp,logger1_heavy,logger12_balanced,0.007561819339107846
0.0,0.01,confounded,2,pooled_mlp,logger1_heavy,logger2_heavy,0.007753410401334677
0.0,0.01,confounded,2,pooled_mlp,logger12_balanced,logger2_heavy,0.007191377417749293
0.0,0.01,confounded,2,source_balanced_pooled_mlp,logger1_heavy,logger12_balanced,0.0
0.0,0.01,confounded,2,source_balanced_pooled_mlp,logger1_heavy,logger2_heavy,0.0
0.0,0.01,confounded,2,source_balanced_pooled_mlp,logger12_balanced,logger2_heavy,0.0
0.0,0.01,confounded,2,source_conditioned_decoder,logger1_heavy,logger12_balanced,0.008899599940104865
0.0,0.01,confounded,2,source_conditioned_decoder,logger1_heavy,logger2_heavy,0.008866962012743045
0.0,0.01,confounded,2,source_conditioned_decoder,logger12_balanced,logger2_heavy,0.006099827132420469
0.0,0.01,confounded,2,per_source_models,logger1_heavy,logger12_balanced,0.004501057495382914
0.0,0.01,confounded,2,per_source_models,logger1_heavy,logger2_heavy,0.005975303076394257
0.0,0.01,confounded,2,per_source_models,logger12_balanced,logger2_heavy,0.006048909384554283
0.0,0.01,confounded,2,mechanism_separated,logger1_heavy,logger12_balanced,0.013271545837499281
0.0,0.01,confounded,2,mechanism_separated,logger1_heavy,logger2_heavy,0.01031834593395977
0.0,0.01,confounded,2,mechanism_separated,logger12_balanced,logger2_heavy,0.007537248598327053
0.0,0.01,confounded,2,oracle_u_aware,logger1_heavy,logger12_balanced,0.007008115177255209
0.0,0.01,confounded,2,oracle_u_aware,logger1_heavy,logger2_heavy,0.007667380211366906
0.0,0.01,confounded,2,oracle_u_aware,logger12_balanced,logger2_heavy,0.007988523479136953
0.0,0.01,confounded,2,source_shuffle,logger1_heavy,logger12_balanced,0.008224500101041055
0.0,0.01,confounded,2,source_shuffle,logger1_heavy,logger2_heavy,0.008464735508227917
0.0,0.01,confounded,2,source_shuffle,logger12_balanced,logger2_heavy,0.0064442451545185945
0.0,0.01,confounded,2,no_behavior,logger1_heavy,logger12_balanced,0.009666882527936209
0.0,0.01,confounded,2,no_behavior,logger1_heavy,logger2_heavy,0.009157778096824384
0.0,0.01,confounded,2,no_behavior,logger12_balanced,logger2_heavy,0.005968105479914309
0.0,0.01,confounded,2,source_dependent_reward,logger1_heavy,logger12_balanced,0.00630077699962066
0.0,0.01,confounded,2,source_dependent_reward,logger1_heavy,logger2_heavy,0.01025236222968199
0.0,0.01,confounded,2,source_dependent_reward,logger12_balanced,logger2_heavy,0.008706332706394372
0.0,0.01,confounded,3,pooled_mlp,logger1_heavy,logger12_balanced,0.008360344589565446
0.0,0.01,confounded,3,pooled_mlp,logger1_heavy,logger2_heavy,0.010356841018726332
0.0,0.01,confounded,3,pooled_mlp,logger12_balanced,logger2_heavy,0.00681515087594517
0.0,0.01,confounded,3,source_balanced_pooled_mlp,logger1_heavy,logger12_balanced,0.0
0.0,0.01,confounded,3,source_balanced_pooled_mlp,logger1_heavy,logger2_heavy,0.0
0.0,0.01,confounded,3,source_balanced_pooled_mlp,logger12_balanced,logger2_heavy,0.0
0.0,0.01,confounded,3,source_conditioned_decoder,logger1_heavy,logger12_balanced,0.006550427844699244
0.0,0.01,confounded,3,source_conditioned_decoder,logger1_heavy,logger2_heavy,0.008252626948268414
0.0,0.01,confounded,3,source_conditioned_decoder,logger12_balanced,logger2_heavy,0.008400125683994918
0.0,0.01,confounded,3,per_source_models,logger1_heavy,logger12_balanced,0.0071701084929552536
0.0,0.01,confounded,3,per_source_models,logger1_heavy,logger2_heavy,0.006179301353268975
0.0,0.01,confounded,3,per_source_models,logger12_balanced,logger2_heavy,0.008807518305657553
0.0,0.01,confounded,3,mechanism_separated,logger1_heavy,logger12_balanced,0.00913828147710462
0.0,0.01,confounded,3,mechanism_separated,logger1_heavy,logger2_heavy,0.008772273333373116
0.0,0.01,confounded,3,mechanism_separated,logger12_balanced,logger2_heavy,0.0071486557246670905
0.0,0.01,confounded,3,oracle_u_aware,logger1_heavy,logger12_balanced,0.00733500404662113
0.0,0.01,confounded,3,oracle_u_aware,logger1_heavy,logger2_heavy,0.006915812539480738
0.0,0.01,confounded,3,oracle_u_aware,logger12_balanced,logger2_heavy,0.006150420356459706
0.0,0.01,confounded,3,source_shuffle,logger1_heavy,logger12_balanced,0.007468832938767415
0.0,0.01,confounded,3,source_shuffle,logger1_heavy,logger2_heavy,0.010392767202304712
0.0,0.01,confounded,3,source_shuffle,logger12_balanced,logger2_heavy,0.008810356454282553
0.0,0.01,confounded,3,no_behavior,logger1_heavy,logger12_balanced,0.006252393704538958
0.0,0.01,confounded,3,no_behavior,logger1_heavy,logger2_heavy,0.007097500838334325
0.0,0.01,confounded,3,no_behavior,logger12_balanced,logger2_heavy,0.007137677878292688
0.0,0.01,confounded,3,source_dependent_reward,logger1_heavy,logger12_balanced,0.00872957701850031
0.0,0.01,confounded,3,source_dependent_reward,logger1_heavy,logger2_heavy,0.008788308199976265
0.0,0.01,confounded,3,source_dependent_reward,logger12_balanced,logger2_heavy,0.00693150548148791
0.0,0.01,confounded,4,pooled_mlp,logger1_heavy,logger12_balanced,0.006518556762455101
0.0,0.01,confounded,4,pooled_mlp,logger1_heavy,logger2_heavy,0.007620671526286955
0.0,0.01,confounded,4,pooled_mlp,logger12_balanced,logger2_heavy,0.00770877146436813
0.0,0.01,confounded,4,source_balanced_pooled_mlp,logger1_heavy,logger12_balanced,0.0
0.0,0.01,confounded,4,source_balanced_pooled_mlp,logger1_heavy,logger2_heavy,0.0
0.0,0.01,confounded,4,source_balanced_pooled_mlp,logger12_balanced,logger2_heavy,0.0
0.0,0.01,confounded,4,source_conditioned_decoder,logger1_heavy,logger12_balanced,0.0110165839044609
0.0,0.01,confounded,4,source_conditioned_decoder,logger1_heavy,logger2_heavy,0.009921828067062374
0.0,0.01,confounded,4,source_conditioned_decoder,logger12_balanced,logger2_heavy,0.008866600116170789
0.0,0.01,confounded,4,per_source_models,logger1_heavy,logger12_balanced,0.006109570040330976
0.0,0.01,confounded,4,per_source_models,logger1_heavy,logger2_heavy,0.0064580374579698415
0.0,0.01,confounded,4,per_source_models,logger12_balanced,logger2_heavy,0.004830130975269587
0.0,0.01,confounded,4,mechanism_separated,logger1_heavy,logger12_balanced,0.010269453639196015
0.0,0.01,confounded,4,mechanism_separated,logger1_heavy,logger2_heavy,0.008055303861217882
0.0,0.01,confounded,4,mechanism_separated,logger12_balanced,logger2_heavy,0.011519173903810865
0.0,0.01,confounded,4,oracle_u_aware,logger1_heavy,logger12_balanced,0.006820031184835848
0.0,0.01,confounded,4,oracle_u_aware,logger1_heavy,logger2_heavy,0.008093421655774126
0.0,0.01,confounded,4,oracle_u_aware,logger12_balanced,logger2_heavy,0.009373011880402233
0.0,0.01,confounded,4,source_shuffle,logger1_heavy,logger12_balanced,0.0056491692384554315
0.0,0.01,confounded,4,source_shuffle,logger1_heavy,logger2_heavy,0.00896861692469151
0.0,0.01,confounded,4,source_shuffle,logger12_balanced,logger2_heavy,0.008344571781348365
0.0,0.01,confounded,4,no_behavior,logger1_heavy,logger12_balanced,0.008640472539853783
0.0,0.01,confounded,4,no_behavior,logger1_heavy,logger2_heavy,0.009070619537527896
0.0,0.01,confounded,4,no_behavior,logger12_balanced,logger2_heavy,0.010261101662794871
0.0,0.01,confounded,4,source_dependent_reward,logger1_heavy,logger12_balanced,0.009089532745246424
0.0,0.01,confounded,4,source_dependent_reward,logger1_heavy,logger2_heavy,0.009893109941509586
0.0,0.01,confounded,4,source_dependent_reward,logger12_balanced,logger2_heavy,0.008641650703201399
0.0,0.01,independent_latents,0,pooled_mlp,logger1_heavy,logger12_balanced,0.014997068590215523
0.0,0.01,independent_latents,0,pooled_mlp,logger1_heavy,logger2_heavy,0.01032632345438456
0.0,0.01,independent_latents,0,pooled_mlp,logger12_balanced,logger2_heavy,0.009707584735845615
0.0,0.01,independent_latents,0,source_balanced_pooled_mlp,logger1_heavy,logger12_balanced,0.0
0.0,0.01,independent_latents,0,source_balanced_pooled_mlp,logger1_heavy,logger2_heavy,0.0
0.0,0.01,independent_latents,0,source_balanced_pooled_mlp,logger12_balanced,logger2_heavy,0.0
0.0,0.01,independent_latents,0,source_conditioned_decoder,logger1_heavy,logger12_balanced,0.008313744288817844
0.0,0.01,independent_latents,0,source_conditioned_decoder,logger1_heavy,logger2_heavy,0.00862415434919887
0.0,0.01,independent_latents,0,source_conditioned_decoder,logger12_balanced,logger2_heavy,0.007066667448829179
0.0,0.01,independent_latents,0,per_source_models,logger1_heavy,logger12_balanced,0.008236576190593892
0.0,0.01,independent_latents,0,per_source_models,logger1_heavy,logger2_heavy,0.00424660317030781
0.0,0.01,independent_latents,0,per_source_models,logger12_balanced,logger2_heavy,0.006976328406145785
0.0,0.01,independent_latents,0,mechanism_separated,logger1_heavy,logger12_balanced,0.011322413277829482
0.0,0.01,independent_latents,0,mechanism_separated,logger1_heavy,logger2_heavy,0.010334026591536118
0.0,0.01,independent_latents,0,mechanism_separated,logger12_balanced,logger2_heavy,0.00926319528414611
0.0,0.01,independent_latents,0,oracle_u_aware,logger1_heavy,logger12_balanced,0.009464585041533686
0.0,0.01,independent_latents,0,oracle_u_aware,logger1_heavy,logger2_heavy,0.009318334920647472
0.0,0.01,independent_latents,0,oracle_u_aware,logger12_balanced,logger2_heavy,0.008875203193741889
0.0,0.01,independent_latents,0,source_shuffle,logger1_heavy,logger12_balanced,0.009516782744471685
0.0,0.01,independent_latents,0,source_shuffle,logger1_heavy,logger2_heavy,0.010914083211512198
0.0,0.01,independent_latents,0,source_shuffle,logger12_balanced,logger2_heavy,0.007483574068692604
0.0,0.01,independent_latents,0,no_behavior,logger1_heavy,logger12_balanced,0.009639053885973695
0.0,0.01,independent_latents,0,no_behavior,logger1_heavy,logger2_heavy,0.010727986929531039
0.0,0.01,independent_latents,0,no_behavior,logger12_balanced,logger2_heavy,0.006091034495740769
0.0,0.01,independent_latents,0,source_dependent_reward,logger1_heavy,logger12_balanced,0.009327023951746534
0.0,0.01,independent_latents,0,source_dependent_reward,logger1_heavy,logger2_heavy,0.009529834272854767
0.0,0.01,independent_latents,0,source_dependent_reward,logger12_balanced,logger2_heavy,0.00634695723953577
0.0,0.01,independent_latents,1,pooled_mlp,logger1_heavy,logger12_balanced,0.0077389707879951565
0.0,0.01,independent_latents,1,pooled_mlp,logger1_heavy,logger2_heavy,0.014819228710995263
0.0,0.01,independent_latents,1,pooled_mlp,logger12_balanced,logger2_heavy,0.011881284579217164
0.0,0.01,independent_latents,1,source_balanced_pooled_mlp,logger1_heavy,logger12_balanced,0.0
0.0,0.01,independent_latents,1,source_balanced_pooled_mlp,logger1_heavy,logger2_heavy,0.0
0.0,0.01,independent_latents,1,source_balanced_pooled_mlp,logger12_balanced,logger2_heavy,0.0
0.0,0.01,independent_latents,1,source_conditioned_decoder,logger1_heavy,logger12_balanced,0.009960593854497112
0.0,0.01,independent_latents,1,source_conditioned_decoder,logger1_heavy,logger2_heavy,0.012457029136556679
0.0,0.01,independent_latents,1,source_conditioned_decoder,logger12_balanced,logger2_heavy,0.010183710802232487
0.0,0.01,independent_latents,1,per_source_models,logger1_heavy,logger12_balanced,0.003359385485480044
0.0,0.01,independent_latents,1,per_source_models,logger1_heavy,logger2_heavy,0.004093057330410355
0.0,0.01,independent_latents,1,per_source_models,logger12_balanced,logger2_heavy,0.003678310129188689
0.0,0.01,independent_latents,1,mechanism_separated,logger1_heavy,logger12_balanced,0.013690867259902421
0.0,0.01,independent_latents,1,mechanism_separated,logger1_heavy,logger2_heavy,0.010992948316288984
0.0,0.01,independent_latents,1,mechanism_separated,logger12_balanced,logger2_heavy,0.008854201086349881
0.0,0.01,independent_latents,1,oracle_u_aware,logger1_heavy,logger12_balanced,0.006089176282882287
0.0,0.01,independent_latents,1,oracle_u_aware,logger1_heavy,logger2_heavy,0.008704792414945269
0.0,0.01,independent_latents,1,oracle_u_aware,logger12_balanced,logger2_heavy,0.006151117256288631
0.0,0.01,independent_latents,1,source_shuffle,logger1_heavy,logger12_balanced,0.01096994662156275
0.0,0.01,independent_latents,1,source_shuffle,logger1_heavy,logger2_heavy,0.010143551663369227
0.0,0.01,independent_latents,1,source_shuffle,logger12_balanced,logger2_heavy,0.009141528928412941
0.0,0.01,independent_latents,1,no_behavior,logger1_heavy,logger12_balanced,0.008223470968403791
0.0,0.01,independent_latents,1,no_behavior,logger1_heavy,logger2_heavy,0.009752615675341554
0.0,0.01,independent_latents,1,no_behavior,logger12_balanced,logger2_heavy,0.00777290983954497
0.0,0.01,independent_latents,1,source_dependent_reward,logger1_heavy,logger12_balanced,0.012436660283466227
0.0,0.01,independent_latents,1,source_dependent_reward,logger1_heavy,logger2_heavy,0.015137875838298011
0.0,0.01,independent_latents,1,source_dependent_reward,logger12_balanced,logger2_heavy,0.008841186700871362
0.0,0.01,independent_latents,2,pooled_mlp,logger1_heavy,logger12_balanced,0.009650853999191186
0.0,0.01,independent_latents,2,pooled_mlp,logger1_heavy,logger2_heavy,0.007500151057952291
0.0,0.01,independent_latents,2,pooled_mlp,logger12_balanced,logger2_heavy,0.006654490148346398
0.0,0.01,independent_latents,2,source_balanced_pooled_mlp,logger1_heavy,logger12_balanced,0.0
0.0,0.01,independent_latents,2,source_balanced_pooled_mlp,logger1_heavy,logger2_heavy,0.0
0.0,0.01,independent_latents,2,source_balanced_pooled_mlp,logger12_balanced,logger2_heavy,0.0
0.0,0.01,independent_latents,2,source_conditioned_decoder,logger1_heavy,logger12_balanced,0.010778091813609707
0.0,0.01,independent_latents,2,source_conditioned_decoder,logger1_heavy,logger2_heavy,0.014614179168507395
0.0,0.01,independent_latents,2,source_conditioned_decoder,logger12_balanced,logger2_heavy,0.009615867971670373
0.0,0.01,independent_latents,2,per_source_models,logger1_heavy,logger12_balanced,0.0058909568331818145
0.0,0.01,independent_latents,2,per_source_models,logger1_heavy,logger2_heavy,0.006198623271490863
0.0,0.01,independent_latents,2,per_source_models,logger12_balanced,logger2_heavy,0.0036974724668445325
0.0,0.01,independent_latents,2,mechanism_separated,logger1_heavy,logger12_balanced,0.01122250112087738
0.0,0.01,independent_latents,2,mechanism_separated,logger1_heavy,logger2_heavy,0.01259872510193882
0.0,0.01,independent_latents,2,mechanism_separated,logger12_balanced,logger2_heavy,0.0077838458241654114
0.0,0.01,independent_latents,2,oracle_u_aware,logger1_heavy,logger12_balanced,0.00821963754365123
0.0,0.01,independent_latents,2,oracle_u_aware,logger1_heavy,logger2_heavy,0.006080798267173969
0.0,0.01,independent_latents,2,oracle_u_aware,logger12_balanced,logger2_heavy,0.0069957083704546025
0.0,0.01,independent_latents,2,source_shuffle,logger1_heavy,logger12_balanced,0.011404966348712454
0.0,0.01,independent_latents,2,source_shuffle,logger1_heavy,logger2_heavy,0.011284408842167888
0.0,0.01,independent_latents,2,source_shuffle,logger12_balanced,logger2_heavy,0.008192172197475884
0.0,0.01,independent_latents,2,no_behavior,logger1_heavy,logger12_balanced,0.007954630630342723
0.0,0.01,independent_latents,2,no_behavior,logger1_heavy,logger2_heavy,0.00984899946540906
0.0,0.01,independent_latents,2,no_behavior,logger12_balanced,logger2_heavy,0.007271404501010504
0.0,0.01,independent_latents,2,source_dependent_reward,logger1_heavy,logger12_balanced,0.010208332326217442
0.0,0.01,independent_latents,2,source_dependent_reward,logger1_heavy,logger2_heavy,0.00926590194210041
0.0,0.01,independent_latents,2,source_dependent_reward,logger12_balanced,logger2_heavy,0.01004858055818937
0.0,0.01,independent_latents,3,pooled_mlp,logger1_heavy,logger12_balanced,0.0071435246726639715
0.0,0.01,independent_latents,3,pooled_mlp,logger1_heavy,logger2_heavy,0.010176503373408136
0.0,0.01,independent_latents,3,pooled_mlp,logger12_balanced,logger2_heavy,0.010255281290529243
0.0,0.01,independent_latents,3,source_balanced_pooled_mlp,logger1_heavy,logger12_balanced,0.0
0.0,0.01,independent_latents,3,source_balanced_pooled_mlp,logger1_heavy,logger2_heavy,0.0
0.0,0.01,independent_latents,3,source_balanced_pooled_mlp,logger12_balanced,logger2_heavy,0.0
0.0,0.01,independent_latents,3,source_conditioned_decoder,logger1_heavy,logger12_balanced,0.007737623447634657
0.0,0.01,independent_latents,3,source_conditioned_decoder,logger1_heavy,logger2_heavy,0.008804202419847498
0.0,0.01,independent_latents,3,source_conditioned_decoder,logger12_balanced,logger2_heavy,0.005039645054292253
0.0,0.01,independent_latents,3,per_source_models,logger1_heavy,logger12_balanced,0.006927433596065525
0.0,0.01,independent_latents,3,per_source_models,logger1_heavy,logger2_heavy,0.005747456781521735
0.0,0.01,independent_latents,3,per_source_models,logger12_balanced,logger2_heavy,0.002576303703924835
0.0,0.01,independent_latents,3,mechanism_separated,logger1_heavy,logger12_balanced,0.010275318672263764
0.0,0.01,independent_latents,3,mechanism_separated,logger1_heavy,logger2_heavy,0.011071252131935726
0.0,0.01,independent_latents,3,mechanism_separated,logger12_balanced,logger2_heavy,0.006339517526444125
0.0,0.01,independent_latents,3,oracle_u_aware,logger1_heavy,logger12_balanced,0.006798380231800458
0.0,0.01,independent_latents,3,oracle_u_aware,logger1_heavy,logger2_heavy,0.005491251598440804
0.0,0.01,independent_latents,3,oracle_u_aware,logger12_balanced,logger2_heavy,0.0056997849554667095
0.0,0.01,independent_latents,3,source_shuffle,logger1_heavy,logger12_balanced,0.011694461909323472
0.0,0.01,independent_latents,3,source_shuffle,logger1_heavy,logger2_heavy,0.008353015762951044
0.0,0.01,independent_latents,3,source_shuffle,logger12_balanced,logger2_heavy,0.008091025236538854
0.0,0.01,independent_latents,3,no_behavior,logger1_heavy,logger12_balanced,0.007973176768881115
0.0,0.01,independent_latents,3,no_behavior,logger1_heavy,logger2_heavy,0.008521778837894225
0.0,0.01,independent_latents,3,no_behavior,logger12_balanced,logger2_heavy,0.006609359028103452
0.0,0.01,independent_latents,3,source_dependent_reward,logger1_heavy,logger12_balanced,0.00908261858515761
0.0,0.01,independent_latents,3,source_dependent_reward,logger1_heavy,logger2_heavy,0.00877909741954119
0.0,0.01,independent_latents,3,source_dependent_reward,logger12_balanced,logger2_heavy,0.00796388180825968
0.0,0.01,independent_latents,4,pooled_mlp,logger1_heavy,logger12_balanced,0.007522693724583957
0.0,0.01,independent_latents,4,pooled_mlp,logger1_heavy,logger2_heavy,0.008889061960302891
0.0,0.01,independent_latents,4,pooled_mlp,logger12_balanced,logger2_heavy,0.006454260670600767
0.0,0.01,independent_latents,4,source_balanced_pooled_mlp,logger1_heavy,logger12_balanced,0.0
0.0,0.01,independent_latents,4,source_balanced_pooled_mlp,logger1_heavy,logger2_heavy,0.0
0.0,0.01,independent_latents,4,source_balanced_pooled_mlp,logger12_balanced,logger2_heavy,0.0
0.0,0.01,independent_latents,4,source_conditioned_decoder,logger1_heavy,logger12_balanced,0.006202375734996526
0.0,0.01,independent_latents,4,source_conditioned_decoder,logger1_heavy,logger2_heavy,0.012096529080336054
0.0,0.01,independent_latents,4,source_conditioned_decoder,logger12_balanced,logger2_heavy,0.009734272768595374
0.0,0.01,independent_latents,4,per_source_models,logger1_heavy,logger12_balanced,0.003608078167533829
0.0,0.01,independent_latents,4,per_source_models,logger1_heavy,logger2_heavy,0.007016777717753944
0.0,0.01,independent_latents,4,per_source_models,logger12_balanced,logger2_heavy,0.006806594715661698
0.0,0.01,independent_latents,4,mechanism_separated,logger1_heavy,logger12_balanced,0.009221632510256619
0.0,0.01,independent_latents,4,mechanism_separated,logger1_heavy,logger2_heavy,0.009862276182428527
0.0,0.01,independent_latents,4,mechanism_separated,logger12_balanced,logger2_heavy,0.010462203169337594
0.0,0.01,independent_latents,4,oracle_u_aware,logger1_heavy,logger12_balanced,0.010328272816492713
0.0,0.01,independent_latents,4,oracle_u_aware,logger1_heavy,logger2_heavy,0.00823907121657789
0.0,0.01,independent_latents,4,oracle_u_aware,logger12_balanced,logger2_heavy,0.008814794206698383
0.0,0.01,independent_latents,4,source_shuffle,logger1_heavy,logger12_balanced,0.007946143103118605
0.0,0.01,independent_latents,4,source_shuffle,logger1_heavy,logger2_heavy,0.009657015364260085
0.0,0.01,independent_latents,4,source_shuffle,logger12_balanced,logger2_heavy,0.009469394267217214
0.0,0.01,independent_latents,4,no_behavior,logger1_heavy,logger12_balanced,0.009692763559997555
0.0,0.01,independent_latents,4,no_behavior,logger1_heavy,logger2_heavy,0.011801768391216967
0.0,0.01,independent_latents,4,no_behavior,logger12_balanced,logger2_heavy,0.011311794473042288
0.0,0.01,independent_latents,4,source_dependent_reward,logger1_heavy,logger12_balanced,0.010146875017732353
0.0,0.01,independent_latents,4,source_dependent_reward,logger1_heavy,logger2_heavy,0.0074394922386823445
0.0,0.01,independent_latents,4,source_dependent_reward,logger12_balanced,logger2_heavy,0.01183086234592178
0.0,0.02,confounded,0,pooled_mlp,logger1_heavy,logger12_balanced,0.010351578457107968
0.0,0.02,confounded,0,pooled_mlp,logger1_heavy,logger2_heavy,0.010845601207671373
0.0,0.02,confounded,0,pooled_mlp,logger12_balanced,logger2_heavy,0.013111910447210015
0.0,0.02,confounded,0,source_balanced_pooled_mlp,logger1_heavy,logger12_balanced,0.0
0.0,0.02,confounded,0,source_balanced_pooled_mlp,logger1_heavy,logger2_heavy,0.0
0.0,0.02,confounded,0,source_balanced_pooled_mlp,logger12_balanced,logger2_heavy,0.0
0.0,0.02,confounded,0,source_conditioned_decoder,logger1_heavy,logger12_balanced,0.010942707051468527
0.0,0.02,confounded,0,source_conditioned_decoder,logger1_heavy,logger2_heavy,0.01263914986798352
0.0,0.02,confounded,0,source_conditioned_decoder,logger12_balanced,logger2_heavy,0.009402963044812683
0.0,0.02,confounded,0,per_source_models,logger1_heavy,logger12_balanced,0.002546949533200739
0.0,0.02,confounded,0,per_source_models,logger1_heavy,logger2_heavy,0.009321594205334918
0.0,0.02,confounded,0,per_source_models,logger12_balanced,logger2_heavy,0.008607356067037579
0.0,0.02,confounded,0,mechanism_separated,logger1_heavy,logger12_balanced,0.014205445404157344
0.0,0.02,confounded,0,mechanism_separated,logger1_heavy,logger2_heavy,0.013968988945133543
0.0,0.02,confounded,0,mechanism_separated,logger12_balanced,logger2_heavy,0.011010636276582476
0.0,0.02,confounded,0,oracle_u_aware,logger1_heavy,logger12_balanced,0.0067657697735638315
0.0,0.02,confounded,0,oracle_u_aware,logger1_heavy,logger2_heavy,0.008133145632928758
0.0,0.02,confounded,0,oracle_u_aware,logger12_balanced,logger2_heavy,0.008973297335018377
0.0,0.02,confounded,0,source_shuffle,logger1_heavy,logger12_balanced,0.00974834154298827
0.0,0.02,confounded,0,source_shuffle,logger1_heavy,logger2_heavy,0.01697054035079677
0.0,0.02,confounded,0,source_shuffle,logger12_balanced,logger2_heavy,0.013015439613279632
0.0,0.02,confounded,0,no_behavior,logger1_heavy,logger12_balanced,0.009595922191156849
0.0,0.02,confounded,0,no_behavior,logger1_heavy,logger2_heavy,0.015155112605204066
0.0,0.02,confounded,0,no_behavior,logger12_balanced,logger2_heavy,0.010975586939047632
0.0,0.02,confounded,0,source_dependent_reward,logger1_heavy,logger12_balanced,0.011916177234493208
0.0,0.02,confounded,0,source_dependent_reward,logger1_heavy,logger2_heavy,0.01484887812292028
0.0,0.02,confounded,0,source_dependent_reward,logger12_balanced,logger2_heavy,0.00993891272101047
0.0,0.02,confounded,1,pooled_mlp,logger1_heavy,logger12_balanced,0.011050557153777573
0.0,0.02,confounded,1,pooled_mlp,logger1_heavy,logger2_heavy,0.013213365317102209
0.0,0.02,confounded,1,pooled_mlp,logger12_balanced,logger2_heavy,0.011635833009482302
0.0,0.02,confounded,1,source_balanced_pooled_mlp,logger1_heavy,logger12_balanced,0.0
0.0,0.02,confounded,1,source_balanced_pooled_mlp,logger1_heavy,logger2_heavy,0.0
0.0,0.02,confounded,1,source_balanced_pooled_mlp,logger12_balanced,logger2_heavy,0.0
0.0,0.02,confounded,1,source_conditioned_decoder,logger1_heavy,logger12_balanced,0.009349186630653419
0.0,0.02,confounded,1,source_conditioned_decoder,logger1_heavy,logger2_heavy,0.012783079084144387
0.0,0.02,confounded,1,source_conditioned_decoder,logger12_balanced,logger2_heavy,0.010714522815253136
0.0,0.02,confounded,1,per_source_models,logger1_heavy,logger12_balanced,0.0061791374838067285
0.0,0.02,confounded,1,per_source_models,logger1_heavy,logger2_heavy,0.007175910492161047
0.0,0.02,confounded,1,per_source_models,logger12_balanced,logger2_heavy,0.0032747431068335725
0.0,0.02,confounded,1,mechanism_separated,logger1_heavy,logger12_balanced,0.006587785363218865
0.0,0.02,confounded,1,mechanism_separated,logger1_heavy,logger2_heavy,0.010864838552767354
0.0,0.02,confounded,1,mechanism_separated,logger12_balanced,logger2_heavy,0.009441666828091133
0.0,0.02,confounded,1,oracle_u_aware,logger1_heavy,logger12_balanced,0.0063662952371530595
0.0,0.02,confounded,1,oracle_u_aware,logger1_heavy,logger2_heavy,0.007771445693213063
0.0,0.02,confounded,1,oracle_u_aware,logger12_balanced,logger2_heavy,0.004826794829685065
0.0,0.02,confounded,1,source_shuffle,logger1_heavy,logger12_balanced,0.009643634448916884
0.0,0.02,confounded,1,source_shuffle,logger1_heavy,logger2_heavy,0.008932603673752138
0.0,0.02,confounded,1,source_shuffle,logger12_balanced,logger2_heavy,0.011919049000788466
0.0,0.02,confounded,1,no_behavior,logger1_heavy,logger12_balanced,0.005646633126035106
0.0,0.02,confounded,1,no_behavior,logger1_heavy,logger2_heavy,0.011689678904638887
0.0,0.02,confounded,1,no_behavior,logger12_balanced,logger2_heavy,0.010365650291732581
0.0,0.02,confounded,1,source_dependent_reward,logger1_heavy,logger12_balanced,0.008014268248743874
0.0,0.02,confounded,1,source_dependent_reward,logger1_heavy,logger2_heavy,0.010139123920754098
0.0,0.02,confounded,1,source_dependent_reward,logger12_balanced,logger2_heavy,0.008811987813607947
0.0,0.02,confounded,2,pooled_mlp,logger1_heavy,logger12_balanced,0.010528507446739806
0.0,0.02,confounded,2,pooled_mlp,logger1_heavy,logger2_heavy,0.012237484437584384
0.0,0.02,confounded,2,pooled_mlp,logger12_balanced,logger2_heavy,0.009720916370007628
0.0,0.02,confounded,2,source_balanced_pooled_mlp,logger1_heavy,logger12_balanced,0.0
0.0,0.02,confounded,2,source_balanced_pooled_mlp,logger1_heavy,logger2_heavy,0.0
0.0,0.02,confounded,2,source_balanced_pooled_mlp,logger12_balanced,logger2_heavy,0.0
0.0,0.02,confounded,2,source_conditioned_decoder,logger1_heavy,logger12_balanced,0.008189503633206318
0.0,0.02,confounded,2,source_conditioned_decoder,logger1_heavy,logger2_heavy,0.011512389745584866
0.0,0.02,confounded,2,source_conditioned_decoder,logger12_balanced,logger2_heavy,0.010317087031843608
0.0,0.02,confounded,2,per_source_models,logger1_heavy,logger12_balanced,0.008403450067217825
0.0,0.02,confounded,2,per_source_models,logger1_heavy,logger2_heavy,0.00573772319483575
0.0,0.02,confounded,2,per_source_models,logger12_balanced,logger2_heavy,0.007382755988163231
0.0,0.02,confounded,2,mechanism_separated,logger1_heavy,logger12_balanced,0.00883103197186203
0.0,0.02,confounded,2,mechanism_separated,logger1_heavy,logger2_heavy,0.011402581312507685
0.0,0.02,confounded,2,mechanism_separated,logger12_balanced,logger2_heavy,0.008009962843191458
0.0,0.02,confounded,2,oracle_u_aware,logger1_heavy,logger12_balanced,0.010590900398030116
0.0,0.02,confounded,2,oracle_u_aware,logger1_heavy,logger2_heavy,0.011177128374383762
0.0,0.02,confounded,2,oracle_u_aware,logger12_balanced,logger2_heavy,0.008694814019409039
0.0,0.02,confounded,2,source_shuffle,logger1_heavy,logger12_balanced,0.011235220305841162
0.0,0.02,confounded,2,source_shuffle,logger1_heavy,logger2_heavy,0.012841908325589554
0.0,0.02,confounded,2,source_shuffle,logger12_balanced,logger2_heavy,0.010545795533210386
0.0,0.02,confounded,2,no_behavior,logger1_heavy,logger12_balanced,0.008818336979771732
0.0,0.02,confounded,2,no_behavior,logger1_heavy,logger2_heavy,0.010823845407887878
0.0,0.02,confounded,2,no_behavior,logger12_balanced,logger2_heavy,0.008153121170504169
0.0,0.02,confounded,2,source_dependent_reward,logger1_heavy,logger12_balanced,0.00992094817671744
0.0,0.02,confounded,2,source_dependent_reward,logger1_heavy,logger2_heavy,0.012578921197554094
0.0,0.02,confounded,2,source_dependent_reward,logger12_balanced,logger2_heavy,0.01274416135707389
0.0,0.02,confounded,3,pooled_mlp,logger1_heavy,logger12_balanced,0.009538410746451058
0.0,0.02,confounded,3,pooled_mlp,logger1_heavy,logger2_heavy,0.009243663865719022
0.0,0.02,confounded,3,pooled_mlp,logger12_balanced,logger2_heavy,0.009052925549809968
0.0,0.02,confounded,3,source_balanced_pooled_mlp,logger1_heavy,logger12_balanced,0.0
0.0,0.02,confounded,3,source_balanced_pooled_mlp,logger1_heavy,logger2_heavy,0.0
0.0,0.02,confounded,3,source_balanced_pooled_mlp,logger12_balanced,logger2_heavy,0.0
0.0,0.02,confounded,3,source_conditioned_decoder,logger1_heavy,logger12_balanced,0.008272371486642465
0.0,0.02,confounded,3,source_conditioned_decoder,logger1_heavy,logger2_heavy,0.010905340692128654
0.0,0.02,confounded,3,source_conditioned_decoder,logger12_balanced,logger2_heavy,0.010409595203707924
0.0,0.02,confounded,3,per_source_models,logger1_heavy,logger12_balanced,0.011514904635639383
0.0,0.02,confounded,3,per_source_models,logger1_heavy,logger2_heavy,0.011870784237944512
0.0,0.02,confounded,3,per_source_models,logger12_balanced,logger2_heavy,0.0036179827025513483
0.0,0.02,confounded,3,mechanism_separated,logger1_heavy,logger12_balanced,0.010552315532067256
0.0,0.02,confounded,3,mechanism_separated,logger1_heavy,logger2_heavy,0.009829343016471337
0.0,0.02,confounded,3,mechanism_separated,logger12_balanced,logger2_heavy,0.011046370243344258
0.0,0.02,confounded,3,oracle_u_aware,logger1_heavy,logger12_balanced,0.008411337695752585
0.0,0.02,confounded,3,oracle_u_aware,logger1_heavy,logger2_heavy,0.008111126411581472
0.0,0.02,confounded,3,oracle_u_aware,logger12_balanced,logger2_heavy,0.00946234749886009
0.0,0.02,confounded,3,source_shuffle,logger1_heavy,logger12_balanced,0.01184728813076441
0.0,0.02,confounded,3,source_shuffle,logger1_heavy,logger2_heavy,0.010449944192794259
0.0,0.02,confounded,3,source_shuffle,logger12_balanced,logger2_heavy,0.011495162971054396
0.0,0.02,confounded,3,no_behavior,logger1_heavy,logger12_balanced,0.0065389580480173844
0.0,0.02,confounded,3,no_behavior,logger1_heavy,logger2_heavy,0.010558326039926557
0.0,0.02,confounded,3,no_behavior,logger12_balanced,logger2_heavy,0.009779086993436563
0.0,0.02,confounded,3,source_dependent_reward,logger1_heavy,logger12_balanced,0.008976080343345785
0.0,0.02,confounded,3,source_dependent_reward,logger1_heavy,logger2_heavy,0.010114838926125374
0.0,0.02,confounded,3,source_dependent_reward,logger12_balanced,logger2_heavy,0.009676343720614319
0.0,0.02,confounded,4,pooled_mlp,logger1_heavy,logger12_balanced,0.008478973980900495
0.0,0.02,confounded,4,pooled_mlp,logger1_heavy,logger2_heavy,0.010635007844807823
0.0,0.02,confounded,4,pooled_mlp,logger12_balanced,logger2_heavy,0.010824977444743552
0.0,0.02,confounded,4,source_balanced_pooled_mlp,logger1_heavy,logger12_balanced,0.0
0.0,0.02,confounded,4,source_balanced_pooled_mlp,logger1_heavy,logger2_heavy,0.0
0.0,0.02,confounded,4,source_balanced_pooled_mlp,logger12_balanced,logger2_heavy,0.0
0.0,0.02,confounded,4,source_conditioned_decoder,logger1_heavy,logger12_balanced,0.009729259463932887
0.0,0.02,confounded,4,source_conditioned_decoder,logger1_heavy,logger2_heavy,0.012168892443582307
0.0,0.02,confounded,4,source_conditioned_decoder,logger12_balanced,logger2_heavy,0.014308717159789005
0.0,0.02,confounded,4,per_source_models,logger1_heavy,logger12_balanced,0.003866023888971356
0.0,0.02,confounded,4,per_source_models,logger1_heavy,logger2_heavy,0.0032799990454246233
0.0,0.02,confounded,4,per_source_models,logger12_balanced,logger2_heavy,0.0033827309096408744
0.0,0.02,confounded,4,mechanism_separated,logger1_heavy,logger12_balanced,0.007198299759020325
0.0,0.02,confounded,4,mechanism_separated,logger1_heavy,logger2_heavy,0.011281268078320517
0.0,0.02,confounded,4,mechanism_separated,logger12_balanced,logger2_heavy,0.011846022764537141
0.0,0.02,confounded,4,oracle_u_aware,logger1_heavy,logger12_balanced,0.005640064595240912
0.0,0.02,confounded,4,oracle_u_aware,logger1_heavy,logger2_heavy,0.006090054720767596
0.0,0.02,confounded,4,oracle_u_aware,logger12_balanced,logger2_heavy,0.006054780272812667
0.0,0.02,confounded,4,source_shuffle,logger1_heavy,logger12_balanced,0.010146406793080903
0.0,0.02,confounded,4,source_shuffle,logger1_heavy,logger2_heavy,0.010804532795105062
0.0,0.02,confounded,4,source_shuffle,logger12_balanced,logger2_heavy,0.009529327843283576
0.0,0.02,confounded,4,no_behavior,logger1_heavy,logger12_balanced,0.01011453600332459
0.0,0.02,confounded,4,no_behavior,logger1_heavy,logger2_heavy,0.010793308886535471
0.0,0.02,confounded,4,no_behavior,logger12_balanced,logger2_heavy,0.010607359739031843
0.0,0.02,confounded,4,source_dependent_reward,logger1_heavy,logger12_balanced,0.007707104121762742
0.0,0.02,confounded,4,source_dependent_reward,logger1_heavy,logger2_heavy,0.012800838710451894
0.0,0.02,confounded,4,source_dependent_reward,logger12_balanced,logger2_heavy,0.01074489210296825
0.0,0.02,independent_latents,0,pooled_mlp,logger1_heavy,logger12_balanced,0.010493647068365707
0.0,0.02,independent_latents,0,pooled_mlp,logger1_heavy,logger2_heavy,0.013453206180248065
0.0,0.02,independent_latents,0,pooled_mlp,logger12_balanced,logger2_heavy,0.009717579693927352
0.0,0.02,independent_latents,0,source_balanced_pooled_mlp,logger1_heavy,logger12_balanced,0.0
0.0,0.02,independent_latents,0,source_balanced_pooled_mlp,logger1_heavy,logger2_heavy,0.0
0.0,0.02,independent_latents,0,source_balanced_pooled_mlp,logger12_balanced,logger2_heavy,0.0
0.0,0.02,independent_latents,0,source_conditioned_decoder,logger1_heavy,logger12_balanced,0.009267322549459452
0.0,0.02,independent_latents,0,source_conditioned_decoder,logger1_heavy,logger2_heavy,0.009287351678687368
0.0,0.02,independent_latents,0,source_conditioned_decoder,logger12_balanced,logger2_heavy,0.010070422990539993
0.0,0.02,independent_latents,0,per_source_models,logger1_heavy,logger12_balanced,0.004366905279078614
0.0,0.02,independent_latents,0,per_source_models,logger1_heavy,logger2_heavy,0.00630043382129655
0.0,0.02,independent_latents,0,per_source_models,logger12_balanced,logger2_heavy,0.003698935766271832
0.0,0.02,independent_latents,0,mechanism_separated,logger1_heavy,logger12_balanced,0.009019324056537319
0.0,0.02,independent_latents,0,mechanism_separated,logger1_heavy,logger2_heavy,0.010976441547807338
0.0,0.02,independent_latents,0,mechanism_separated,logger12_balanced,logger2_heavy,0.011909952313538395
0.0,0.02,independent_latents,0,oracle_u_aware,logger1_heavy,logger12_balanced,0.005273077502988259
0.0,0.02,independent_latents,0,oracle_u_aware,logger1_heavy,logger2_heavy,0.00591764827003452
0.0,0.02,independent_latents,0,oracle_u_aware,logger12_balanced,logger2_heavy,0.006422228599212486
0.0,0.02,independent_latents,0,source_shuffle,logger1_heavy,logger12_balanced,0.008576996252351218
0.0,0.02,independent_latents,0,source_shuffle,logger1_heavy,logger2_heavy,0.017229720867047816
0.0,0.02,independent_latents,0,source_shuffle,logger12_balanced,logger2_heavy,0.015852482349337654
0.0,0.02,independent_latents,0,no_behavior,logger1_heavy,logger12_balanced,0.009342640711646122
0.0,0.02,independent_latents,0,no_behavior,logger1_heavy,logger2_heavy,0.011494947209629318
0.0,0.02,independent_latents,0,no_behavior,logger12_balanced,logger2_heavy,0.00897970191353938
0.0,0.02,independent_latents,0,source_dependent_reward,logger1_heavy,logger12_balanced,0.012013072928200096
0.0,0.02,independent_latents,0,source_dependent_reward,logger1_heavy,logger2_heavy,0.011898386195546156
0.0,0.02,independent_latents,0,source_dependent_reward,logger12_balanced,logger2_heavy,0.007352656794276703
0.0,0.02,independent_latents,1,pooled_mlp,logger1_heavy,logger12_balanced,0.01319801652021219
0.0,0.02,independent_latents,1,pooled_mlp,logger1_heavy,logger2_heavy,0.009489737177904982
0.0,0.02,independent_latents,1,pooled_mlp,logger12_balanced,logger2_heavy,0.0101394969523
0.0,0.02,independent_latents,1,source_balanced_pooled_mlp,logger1_heavy,logger12_balanced,0.0
0.0,0.02,independent_latents,1,source_balanced_pooled_mlp,logger1_heavy,logger2_heavy,0.0
0.0,0.02,independent_latents,1,source_balanced_pooled_mlp,logger12_balanced,logger2_heavy,0.0
0.0,0.02,independent_latents,1,source_conditioned_decoder,logger1_heavy,logger12_balanced,0.00996871661394052
0.0,0.02,independent_latents,1,source_conditioned_decoder,logger1_heavy,logger2_heavy,0.010685055524787544
0.0,0.02,independent_latents,1,source_conditioned_decoder,logger12_balanced,logger2_heavy,0.010966626587794244
0.0,0.02,independent_latents,1,per_source_models,logger1_heavy,logger12_balanced,0.008011666784781489
0.0,0.02,independent_latents,1,per_source_models,logger1_heavy,logger2_heavy,0.008050004851649447
0.0,0.02,independent_latents,1,per_source_models,logger12_balanced,logger2_heavy,0.003079482794756521
0.0,0.02,independent_latents,1,mechanism_separated,logger1_heavy,logger12_balanced,0.013187859631720441
0.0,0.02,independent_latents,1,mechanism_separated,logger1_heavy,logger2_heavy,0.0126108346715455
0.0,0.02,independent_latents,1,mechanism_separated,logger12_balanced,logger2_heavy,0.008247594999104314
0.0,0.02,independent_latents,1,oracle_u_aware,logger1_heavy,logger12_balanced,0.006652712948618449
0.0,0.02,independent_latents,1,oracle_u_aware,logger1_heavy,logger2_heavy,0.00717607379811943
0.0,0.02,independent_latents,1,oracle_u_aware,logger12_balanced,logger2_heavy,0.007355324114019488
0.0,0.02,independent_latents,1,source_shuffle,logger1_heavy,logger12_balanced,0.011192529818041762
0.0,0.02,independent_latents,1,source_shuffle,logger1_heavy,logger2_heavy,0.010664827338609286
0.0,0.02,independent_latents,1,source_shuffle,logger12_balanced,logger2_heavy,0.008611689487061279
0.0,0.02,independent_latents,1,no_behavior,logger1_heavy,logger12_balanced,0.01122173105039392
0.0,0.02,independent_latents,1,no_behavior,logger1_heavy,logger2_heavy,0.00982520736715116
0.0,0.02,independent_latents,1,no_behavior,logger12_balanced,logger2_heavy,0.008475439558173958
0.0,0.02,independent_latents,1,source_dependent_reward,logger1_heavy,logger12_balanced,0.013519099271100525
0.0,0.02,independent_latents,1,source_dependent_reward,logger1_heavy,logger2_heavy,0.010751976053450423
0.0,0.02,independent_latents,1,source_dependent_reward,logger12_balanced,logger2_heavy,0.008138396714868037
0.0,0.02,independent_latents,2,pooled_mlp,logger1_heavy,logger12_balanced,0.010469965658192882
0.0,0.02,independent_latents,2,pooled_mlp,logger1_heavy,logger2_heavy,0.011585090482470934
0.0,0.02,independent_latents,2,pooled_mlp,logger12_balanced,logger2_heavy,0.008556817773701653
0.0,0.02,independent_latents,2,source_balanced_pooled_mlp,logger1_heavy,logger12_balanced,0.0
0.0,0.02,independent_latents,2,source_balanced_pooled_mlp,logger1_heavy,logger2_heavy,0.0
0.0,0.02,independent_latents,2,source_balanced_pooled_mlp,logger12_balanced,logger2_heavy,0.0
0.0,0.02,independent_latents,2,source_conditioned_decoder,logger1_heavy,logger12_balanced,0.009015866107292856
0.0,0.02,independent_latents,2,source_conditioned_decoder,logger1_heavy,logger2_heavy,0.012515280104973311
0.0,0.02,independent_latents,2,source_conditioned_decoder,logger12_balanced,logger2_heavy,0.011525840390881316
0.0,0.02,independent_latents,2,per_source_models,logger1_heavy,logger12_balanced,0.004204258681921898
0.0,0.02,independent_latents,2,per_source_models,logger1_heavy,logger2_heavy,0.004863192214412158
0.0,0.02,independent_latents,2,per_source_models,logger12_balanced,logger2_heavy,0.002453620344064083
0.0,0.02,independent_latents,2,mechanism_separated,logger1_heavy,logger12_balanced,0.012382212509011581
0.0,0.02,independent_latents,2,mechanism_separated,logger1_heavy,logger2_heavy,0.009762692513022093
0.0,0.02,independent_latents,2,mechanism_separated,logger12_balanced,logger2_heavy,0.008791303122652673
0.0,0.02,independent_latents,2,oracle_u_aware,logger1_heavy,logger12_balanced,0.0109329440259972
0.0,0.02,independent_latents,2,oracle_u_aware,logger1_heavy,logger2_heavy,0.006904856027622856
0.0,0.02,independent_latents,2,oracle_u_aware,logger12_balanced,logger2_heavy,0.009056253947256936
0.0,0.02,independent_latents,2,source_shuffle,logger1_heavy,logger12_balanced,0.011412151865841439
0.0,0.02,independent_latents,2,source_shuffle,logger1_heavy,logger2_heavy,0.008619007904074008
0.0,0.02,independent_latents,2,source_shuffle,logger12_balanced,logger2_heavy,0.007507040570129558
0.0,0.02,independent_latents,2,no_behavior,logger1_heavy,logger12_balanced,0.01086452027603314
0.0,0.02,independent_latents,2,no_behavior,logger1_heavy,logger2_heavy,0.008125396127760328
0.0,0.02,independent_latents,2,no_behavior,logger12_balanced,logger2_heavy,0.008762427781585569
0.0,0.02,independent_latents,2,source_dependent_reward,logger1_heavy,logger12_balanced,0.011589352148337109
0.0,0.02,independent_latents,2,source_dependent_reward,logger1_heavy,logger2_heavy,0.011235090340859703
0.0,0.02,independent_latents,2,source_dependent_reward,logger12_balanced,logger2_heavy,0.008883777922759756
0.0,0.02,independent_latents,3,pooled_mlp,logger1_heavy,logger12_balanced,0.010986922691187555
0.0,0.02,independent_latents,3,pooled_mlp,logger1_heavy,logger2_heavy,0.01185932531292263
0.0,0.02,independent_latents,3,pooled_mlp,logger12_balanced,logger2_heavy,0.01122585037244039
0.0,0.02,independent_latents,3,source_balanced_pooled_mlp,logger1_heavy,logger12_balanced,0.0
0.0,0.02,independent_latents,3,source_balanced_pooled_mlp,logger1_heavy,logger2_heavy,0.0
0.0,0.02,independent_latents,3,source_balanced_pooled_mlp,logger12_balanced,logger2_heavy,0.0
0.0,0.02,independent_latents,3,source_conditioned_decoder,logger1_heavy,logger12_balanced,0.0129886524870492
0.0,0.02,independent_latents,3,source_conditioned_decoder,logger1_heavy,logger2_heavy,0.01208830017560272
0.0,0.02,independent_latents,3,source_conditioned_decoder,logger12_balanced,logger2_heavy,0.01676103857723686
0.0,0.02,independent_latents,3,per_source_models,logger1_heavy,logger12_balanced,0.0030147914232620007
0.0,0.02,independent_latents,3,per_source_models,logger1_heavy,logger2_heavy,0.003142655966434357
0.0,0.02,independent_latents,3,per_source_models,logger12_balanced,logger2_heavy,0.0021948026802143254
0.0,0.02,independent_latents,3,mechanism_separated,logger1_heavy,logger12_balanced,0.011819559868321365
0.0,0.02,independent_latents,3,mechanism_separated,logger1_heavy,logger2_heavy,0.010783957025319675
0.0,0.02,independent_latents,3,mechanism_separated,logger12_balanced,logger2_heavy,0.015539702168755188
0.0,0.02,independent_latents,3,oracle_u_aware,logger1_heavy,logger12_balanced,0.006309612740867615
0.0,0.02,independent_latents,3,oracle_u_aware,logger1_heavy,logger2_heavy,0.007745154697098095
0.0,0.02,independent_latents,3,oracle_u_aware,logger12_balanced,logger2_heavy,0.005759064911841737
0.0,0.02,independent_latents,3,source_shuffle,logger1_heavy,logger12_balanced,0.010440928544024768
0.0,0.02,independent_latents,3,source_shuffle,logger1_heavy,logger2_heavy,0.010674128615562276
0.0,0.02,independent_latents,3,source_shuffle,logger12_balanced,logger2_heavy,0.011232780778489396
0.0,0.02,independent_latents,3,no_behavior,logger1_heavy,logger12_balanced,0.013842126710934549
0.0,0.02,independent_latents,3,no_behavior,logger1_heavy,logger2_heavy,0.010201694692982455
0.0,0.02,independent_latents,3,no_behavior,logger12_balanced,logger2_heavy,0.017227054053444008
0.0,0.02,independent_latents,3,source_dependent_reward,logger1_heavy,logger12_balanced,0.012552663625903
0.0,0.02,independent_latents,3,source_dependent_reward,logger1_heavy,logger2_heavy,0.012032690369163995
0.0,0.02,independent_latents,3,source_dependent_reward,logger12_balanced,logger2_heavy,0.012771598967461122
0.0,0.02,independent_latents,4,pooled_mlp,logger1_heavy,logger12_balanced,0.008899143545712446
0.0,0.02,independent_latents,4,pooled_mlp,logger1_heavy,logger2_heavy,0.009643648195419149
0.0,0.02,independent_latents,4,pooled_mlp,logger12_balanced,logger2_heavy,0.008449699347017147
0.0,0.02,independent_latents,4,source_balanced_pooled_mlp,logger1_heavy,logger12_balanced,0.0
0.0,0.02,independent_latents,4,source_balanced_pooled_mlp,logger1_heavy,logger2_heavy,0.0
0.0,0.02,independent_latents,4,source_balanced_pooled_mlp,logger12_balanced,logger2_heavy,0.0
0.0,0.02,independent_latents,4,source_conditioned_decoder,logger1_heavy,logger12_balanced,0.00839714991439349
0.0,0.02,independent_latents,4,source_conditioned_decoder,logger1_heavy,logger2_heavy,0.009036527392762497
0.0,0.02,independent_latents,4,source_conditioned_decoder,logger12_balanced,logger2_heavy,0.009640972575221073
0.0,0.02,independent_latents,4,per_source_models,logger1_heavy,logger12_balanced,0.00264600386775952
0.0,0.02,independent_latents,4,per_source_models,logger1_heavy,logger2_heavy,0.007438377166353859
0.0,0.02,independent_latents,4,per_source_models,logger12_balanced,logger2_heavy,0.0076232776715593155
0.0,0.02,independent_latents,4,mechanism_separated,logger1_heavy,logger12_balanced,0.008838134589401374
0.0,0.02,independent_latents,4,mechanism_separated,logger1_heavy,logger2_heavy,0.011991673335638076
0.0,0.02,independent_latents,4,mechanism_separated,logger12_balanced,logger2_heavy,0.012558589950422003
0.0,0.02,independent_latents,4,oracle_u_aware,logger1_heavy,logger12_balanced,0.0061792114778711875
0.0,0.02,independent_latents,4,oracle_u_aware,logger1_heavy,logger2_heavy,0.00682226417292411
0.0,0.02,independent_latents,4,oracle_u_aware,logger12_balanced,logger2_heavy,0.005342637782457905
0.0,0.02,independent_latents,4,source_shuffle,logger1_heavy,logger12_balanced,0.008778835922090843
0.0,0.02,independent_latents,4,source_shuffle,logger1_heavy,logger2_heavy,0.012441400329447906
0.0,0.02,independent_latents,4,source_shuffle,logger12_balanced,logger2_heavy,0.012337792295962298
0.0,0.02,independent_latents,4,no_behavior,logger1_heavy,logger12_balanced,0.009164918291533413
0.0,0.02,independent_latents,4,no_behavior,logger1_heavy,logger2_heavy,0.011833558151683406
0.0,0.02,independent_latents,4,no_behavior,logger12_balanced,logger2_heavy,0.010318417259861152
0.0,0.02,independent_latents,4,source_dependent_reward,logger1_heavy,logger12_balanced,0.01054168674192698
0.0,0.02,independent_latents,4,source_dependent_reward,logger1_heavy,logger2_heavy,0.011301411677537196
0.0,0.02,independent_latents,4,source_dependent_reward,logger12_balanced,logger2_heavy,0.012164663336159799
0.0,0.05,confounded,0,pooled_mlp,logger1_heavy,logger12_balanced,0.01798957198742668
0.0,0.05,confounded,0,pooled_mlp,logger1_heavy,logger2_heavy,0.017520867689798495
0.0,0.05,confounded,0,pooled_mlp,logger12_balanced,logger2_heavy,0.01610139854768384
0.0,0.05,confounded,0,source_balanced_pooled_mlp,logger1_heavy,logger12_balanced,0.0
0.0,0.05,confounded,0,source_balanced_pooled_mlp,logger1_heavy,logger2_heavy,0.0
0.0,0.05,confounded,0,source_balanced_pooled_mlp,logger12_balanced,logger2_heavy,0.0
0.0,0.05,confounded,0,source_conditioned_decoder,logger1_heavy,logger12_balanced,0.011998048351747026
0.0,0.05,confounded,0,source_conditioned_decoder,logger1_heavy,logger2_heavy,0.01462302483151356
0.0,0.05,confounded,0,source_conditioned_decoder,logger12_balanced,logger2_heavy,0.014903202444562719
0.0,0.05,confounded,0,per_source_models,logger1_heavy,logger12_balanced,0.007713052918480619
0.0,0.05,confounded,0,per_source_models,logger1_heavy,logger2_heavy,0.013136972847415381
0.0,0.05,confounded,0,per_source_models,logger12_balanced,logger2_heavy,0.013815010750168161
0.0,0.05,confounded,0,mechanism_separated,logger1_heavy,logger12_balanced,0.013818675339729471
0.0,0.05,confounded,0,mechanism_separated,logger1_heavy,logger2_heavy,0.016428174614682895
0.0,0.05,confounded,0,mechanism_separated,logger12_balanced,logger2_heavy,0.01264855148508509
0.0,0.05,confounded,0,oracle_u_aware,logger1_heavy,logger12_balanced,0.007818890309576918
0.0,0.05,confounded,0,oracle_u_aware,logger1_heavy,logger2_heavy,0.010673191633893183
0.0,0.05,confounded,0,oracle_u_aware,logger12_balanced,logger2_heavy,0.011155105935842726
0.0,0.05,confounded,0,source_shuffle,logger1_heavy,logger12_balanced,0.01643666700732296
0.0,0.05,confounded,0,source_shuffle,logger1_heavy,logger2_heavy,0.018274270058996806
0.0,0.05,confounded,0,source_shuffle,logger12_balanced,logger2_heavy,0.013319141203469548
0.0,0.05,confounded,0,no_behavior,logger1_heavy,logger12_balanced,0.015016475281354339
0.0,0.05,confounded,0,no_behavior,logger1_heavy,logger2_heavy,0.01594351274179155
0.0,0.05,confounded,0,no_behavior,logger12_balanced,logger2_heavy,0.012921154233626869
0.0,0.05,confounded,0,source_dependent_reward,logger1_heavy,logger12_balanced,0.016395005003977503
0.0,0.05,confounded,0,source_dependent_reward,logger1_heavy,logger2_heavy,0.01624615533085529
0.0,0.05,confounded,0,source_dependent_reward,logger12_balanced,logger2_heavy,0.015512672237263821
0.0,0.05,confounded,1,pooled_mlp,logger1_heavy,logger12_balanced,0.01713297097636892
0.0,0.05,confounded,1,pooled_mlp,logger1_heavy,logger2_heavy,0.018342387750731926
0.0,0.05,confounded,1,pooled_mlp,logger12_balanced,logger2_heavy,0.011893649649644256
0.0,0.05,confounded,1,source_balanced_pooled_mlp,logger1_heavy,logger12_balanced,0.0
0.0,0.05,confounded,1,source_balanced_pooled_mlp,logger1_heavy,logger2_heavy,0.0
0.0,0.05,confounded,1,source_balanced_pooled_mlp,logger12_balanced,logger2_heavy,0.0
0.0,0.05,confounded,1,source_conditioned_decoder,logger1_heavy,logger12_balanced,0.014659835352985
0.0,0.05,confounded,1,source_conditioned_decoder,logger1_heavy,logger2_heavy,0.015792392307154537
0.0,0.05,confounded,1,source_conditioned_decoder,logger12_balanced,logger2_heavy,0.013773580915652072
0.0,0.05,confounded,1,per_source_models,logger1_heavy,logger12_balanced,0.007649373503448775
0.0,0.05,confounded,1,per_source_models,logger1_heavy,logger2_heavy,0.007715691060686078
0.0,0.05,confounded,1,per_source_models,logger12_balanced,logger2_heavy,0.003487101804473885
0.0,0.05,confounded,1,mechanism_separated,logger1_heavy,logger12_balanced,0.010806684816590379
0.0,0.05,confounded,1,mechanism_separated,logger1_heavy,logger2_heavy,0.017204894361933627
0.0,0.05,confounded,1,mechanism_separated,logger12_balanced,logger2_heavy,0.013811684257402245
0.0,0.05,confounded,1,oracle_u_aware,logger1_heavy,logger12_balanced,0.01245779790274531
0.0,0.05,confounded,1,oracle_u_aware,logger1_heavy,logger2_heavy,0.010722101735156803
0.0,0.05,confounded,1,oracle_u_aware,logger12_balanced,logger2_heavy,0.00444521192091614
0.0,0.05,confounded,1,source_shuffle,logger1_heavy,logger12_balanced,0.011178559918169894
0.0,0.05,confounded,1,source_shuffle,logger1_heavy,logger2_heavy,0.016787279976016683
0.0,0.05,confounded,1,source_shuffle,logger12_balanced,logger2_heavy,0.013286807857148112
0.0,0.05,confounded,1,no_behavior,logger1_heavy,logger12_balanced,0.012008834689578732
0.0,0.05,confounded,1,no_behavior,logger1_heavy,logger2_heavy,0.017654324607850325
0.0,0.05,confounded,1,no_behavior,logger12_balanced,logger2_heavy,0.01469685560765902
0.0,0.05,confounded,1,source_dependent_reward,logger1_heavy,logger12_balanced,0.013083356860729244
0.0,0.05,confounded,1,source_dependent_reward,logger1_heavy,logger2_heavy,0.013663884098240965
0.0,0.05,confounded,1,source_dependent_reward,logger12_balanced,logger2_heavy,0.013184238692290788
0.0,0.05,confounded,2,pooled_mlp,logger1_heavy,logger12_balanced,0.012221283160449849
0.0,0.05,confounded,2,pooled_mlp,logger1_heavy,logger2_heavy,0.018176160099602524
0.0,0.05,confounded,2,pooled_mlp,logger12_balanced,logger2_heavy,0.012732728910466057
0.0,0.05,confounded,2,source_balanced_pooled_mlp,logger1_heavy,logger12_balanced,0.0
0.0,0.05,confounded,2,source_balanced_pooled_mlp,logger1_heavy,logger2_heavy,0.0
0.0,0.05,confounded,2,source_balanced_pooled_mlp,logger12_balanced,logger2_heavy,0.0
0.0,0.05,confounded,2,source_conditioned_decoder,logger1_heavy,logger12_balanced,0.010196909077236641
0.0,0.05,confounded,2,source_conditioned_decoder,logger1_heavy,logger2_heavy,0.01578043430604173
0.0,0.05,confounded,2,source_conditioned_decoder,logger12_balanced,logger2_heavy,0.013071310125019261
0.0,0.05,confounded,2,per_source_models,logger1_heavy,logger12_balanced,0.012535546331832159
0.0,0.05,confounded,2,per_source_models,logger1_heavy,logger2_heavy,0.01151946410581639
0.0,0.05,confounded,2,per_source_models,logger12_balanced,logger2_heavy,0.0037228934168356143
0.0,0.05,confounded,2,mechanism_separated,logger1_heavy,logger12_balanced,0.013300945521854337
0.0,0.05,confounded,2,mechanism_separated,logger1_heavy,logger2_heavy,0.017898551527116408
0.0,0.05,confounded,2,mechanism_separated,logger12_balanced,logger2_heavy,0.013823122597260084
0.0,0.05,confounded,2,oracle_u_aware,logger1_heavy,logger12_balanced,0.009116361985755769
0.0,0.05,confounded,2,oracle_u_aware,logger1_heavy,logger2_heavy,0.011749393419795928
0.0,0.05,confounded,2,oracle_u_aware,logger12_balanced,logger2_heavy,0.006212957165005421
0.0,0.05,confounded,2,source_shuffle,logger1_heavy,logger12_balanced,0.013109654948431826
0.0,0.05,confounded,2,source_shuffle,logger1_heavy,logger2_heavy,0.01690274256567488
0.0,0.05,confounded,2,source_shuffle,logger12_balanced,logger2_heavy,0.0139012878942193
0.0,0.05,confounded,2,no_behavior,logger1_heavy,logger12_balanced,0.01091392870632091
0.0,0.05,confounded,2,no_behavior,logger1_heavy,logger2_heavy,0.01806829891979395
0.0,0.05,confounded,2,no_behavior,logger12_balanced,logger2_heavy,0.01378100029119078
0.0,0.05,confounded,2,source_dependent_reward,logger1_heavy,logger12_balanced,0.011176224956173233
0.0,0.05,confounded,2,source_dependent_reward,logger1_heavy,logger2_heavy,0.015035828209804161
0.0,0.05,confounded,2,source_dependent_reward,logger12_balanced,logger2_heavy,0.01417333575593438
0.0,0.05,confounded,3,pooled_mlp,logger1_heavy,logger12_balanced,0.011985274335932765
0.0,0.05,confounded,3,pooled_mlp,logger1_heavy,logger2_heavy,0.019456311379266233
0.0,0.05,confounded,3,pooled_mlp,logger12_balanced,logger2_heavy,0.015638742002808712
0.0,0.05,confounded,3,source_balanced_pooled_mlp,logger1_heavy,logger12_balanced,0.0
0.0,0.05,confounded,3,source_balanced_pooled_mlp,logger1_heavy,logger2_heavy,0.0
0.0,0.05,confounded,3,source_balanced_pooled_mlp,logger12_balanced,logger2_heavy,0.0
0.0,0.05,confounded,3,source_conditioned_decoder,logger1_heavy,logger12_balanced,0.00969186014774415
0.0,0.05,confounded,3,source_conditioned_decoder,logger1_heavy,logger2_heavy,0.018274083103134112
0.0,0.05,confounded,3,source_conditioned_decoder,logger12_balanced,logger2_heavy,0.014671290916887214
0.0,0.05,confounded,3,per_source_models,logger1_heavy,logger12_balanced,0.002806536865387564
0.0,0.05,confounded,3,per_source_models,logger1_heavy,logger2_heavy,0.011155212244662246
0.0,0.05,confounded,3,per_source_models,logger12_balanced,logger2_heavy,0.010675319708637832
0.0,0.05,confounded,3,mechanism_separated,logger1_heavy,logger12_balanced,0.010753901899384122
0.0,0.05,confounded,3,mechanism_separated,logger1_heavy,logger2_heavy,0.016727974799259544
0.0,0.05,confounded,3,mechanism_separated,logger12_balanced,logger2_heavy,0.013717334156985691
0.0,0.05,confounded,3,oracle_u_aware,logger1_heavy,logger12_balanced,0.0064491959519554064
0.0,0.05,confounded,3,oracle_u_aware,logger1_heavy,logger2_heavy,0.006896999783809172
0.0,0.05,confounded,3,oracle_u_aware,logger12_balanced,logger2_heavy,0.00889688984068167
0.0,0.05,confounded,3,source_shuffle,logger1_heavy,logger12_balanced,0.011195997711845599
0.0,0.05,confounded,3,source_shuffle,logger1_heavy,logger2_heavy,0.016945006320366024
0.0,0.05,confounded,3,source_shuffle,logger12_balanced,logger2_heavy,0.013871749718772369
0.0,0.05,confounded,3,no_behavior,logger1_heavy,logger12_balanced,0.010749368062365613
0.0,0.05,confounded,3,no_behavior,logger1_heavy,logger2_heavy,0.017509671482911486
0.0,0.05,confounded,3,no_behavior,logger12_balanced,logger2_heavy,0.014161838248199601
0.0,0.05,confounded,3,source_dependent_reward,logger1_heavy,logger12_balanced,0.009434407521973198
0.0,0.05,confounded,3,source_dependent_reward,logger1_heavy,logger2_heavy,0.01340036368346509
0.0,0.05,confounded,3,source_dependent_reward,logger12_balanced,logger2_heavy,0.012561866890990323
0.0,0.05,confounded,4,pooled_mlp,logger1_heavy,logger12_balanced,0.014538526584204224
0.0,0.05,confounded,4,pooled_mlp,logger1_heavy,logger2_heavy,0.01921317101127453
0.0,0.05,confounded,4,pooled_mlp,logger12_balanced,logger2_heavy,0.011731970967098066
0.0,0.05,confounded,4,source_balanced_pooled_mlp,logger1_heavy,logger12_balanced,0.0
0.0,0.05,confounded,4,source_balanced_pooled_mlp,logger1_heavy,logger2_heavy,0.0
0.0,0.05,confounded,4,source_balanced_pooled_mlp,logger12_balanced,logger2_heavy,0.0
0.0,0.05,confounded,4,source_conditioned_decoder,logger1_heavy,logger12_balanced,0.009551372591774385
0.0,0.05,confounded,4,source_conditioned_decoder,logger1_heavy,logger2_heavy,0.01610177774427457
0.0,0.05,confounded,4,source_conditioned_decoder,logger12_balanced,logger2_heavy,0.014915999625554207
0.0,0.05,confounded,4,per_source_models,logger1_heavy,logger12_balanced,0.0082996530393748
0.0,0.05,confounded,4,per_source_models,logger1_heavy,logger2_heavy,0.004849002703181506
0.0,0.05,confounded,4,per_source_models,logger12_balanced,logger2_heavy,0.009120024961906703
0.0,0.05,confounded,4,mechanism_separated,logger1_heavy,logger12_balanced,0.014196392752109674
0.0,0.05,confounded,4,mechanism_separated,logger1_heavy,logger2_heavy,0.018248079550723783
0.0,0.05,confounded,4,mechanism_separated,logger12_balanced,logger2_heavy,0.011784011299432335
0.0,0.05,confounded,4,oracle_u_aware,logger1_heavy,logger12_balanced,0.0083050680471676
0.0,0.05,confounded,4,oracle_u_aware,logger1_heavy,logger2_heavy,0.0071367145375288415
0.0,0.05,confounded,4,oracle_u_aware,logger12_balanced,logger2_heavy,0.007097720482943933
0.0,0.05,confounded,4,source_shuffle,logger1_heavy,logger12_balanced,0.013800820168989925
0.0,0.05,confounded,4,source_shuffle,logger1_heavy,logger2_heavy,0.018513845278613293
0.0,0.05,confounded,4,source_shuffle,logger12_balanced,logger2_heavy,0.011518563016168463
0.0,0.05,confounded,4,no_behavior,logger1_heavy,logger12_balanced,0.014317259172288346
0.0,0.05,confounded,4,no_behavior,logger1_heavy,logger2_heavy,0.017785121514146993
0.0,0.05,confounded,4,no_behavior,logger12_balanced,logger2_heavy,0.01248087125885826
0.0,0.05,confounded,4,source_dependent_reward,logger1_heavy,logger12_balanced,0.010944624042100866
0.0,0.05,confounded,4,source_dependent_reward,logger1_heavy,logger2_heavy,0.014393465282594662
0.0,0.05,confounded,4,source_dependent_reward,logger12_balanced,logger2_heavy,0.014468362787287555
0.0,0.05,independent_latents,0,pooled_mlp,logger1_heavy,logger12_balanced,0.01259814681792388
0.0,0.05,independent_latents,0,pooled_mlp,logger1_heavy,logger2_heavy,0.009855329685645179
0.0,0.05,independent_latents,0,pooled_mlp,logger12_balanced,logger2_heavy,0.009263928146169295
0.0,0.05,independent_latents,0,source_balanced_pooled_mlp,logger1_heavy,logger12_balanced,0.0
0.0,0.05,independent_latents,0,source_balanced_pooled_mlp,logger1_heavy,logger2_heavy,0.0
0.0,0.05,independent_latents,0,source_balanced_pooled_mlp,logger12_balanced,logger2_heavy,0.0
0.0,0.05,independent_latents,0,source_conditioned_decoder,logger1_heavy,logger12_balanced,0.00830729424996351
0.0,0.05,independent_latents,0,source_conditioned_decoder,logger1_heavy,logger2_heavy,0.012387431913972444
0.0,0.05,independent_latents,0,source_conditioned_decoder,logger12_balanced,logger2_heavy,0.011504610030847566
0.0,0.05,independent_latents,0,per_source_models,logger1_heavy,logger12_balanced,0.011207465789874693
0.0,0.05,independent_latents,0,per_source_models,logger1_heavy,logger2_heavy,0.011953047554310325
0.0,0.05,independent_latents,0,per_source_models,logger12_balanced,logger2_heavy,0.002429403800009688
0.0,0.05,independent_latents,0,mechanism_separated,logger1_heavy,logger12_balanced,0.012248258677648496
0.0,0.05,independent_latents,0,mechanism_separated,logger1_heavy,logger2_heavy,0.013801429967158215
0.0,0.05,independent_latents,0,mechanism_separated,logger12_balanced,logger2_heavy,0.00981694218429227
0.0,0.05,independent_latents,0,oracle_u_aware,logger1_heavy,logger12_balanced,0.010539923257318841
0.0,0.05,independent_latents,0,oracle_u_aware,logger1_heavy,logger2_heavy,0.010142301338888018
0.0,0.05,independent_latents,0,oracle_u_aware,logger12_balanced,logger2_heavy,0.011734935067481897
0.0,0.05,independent_latents,0,source_shuffle,logger1_heavy,logger12_balanced,0.008114343216988423
0.0,0.05,independent_latents,0,source_shuffle,logger1_heavy,logger2_heavy,0.01203159692299935
0.0,0.05,independent_latents,0,source_shuffle,logger12_balanced,logger2_heavy,0.009903753396119682
0.0,0.05,independent_latents,0,no_behavior,logger1_heavy,logger12_balanced,0.007990335263949828
0.0,0.05,independent_latents,0,no_behavior,logger1_heavy,logger2_heavy,0.011768427392300763
0.0,0.05,independent_latents,0,no_behavior,logger12_balanced,logger2_heavy,0.009426820615592083
0.0,0.05,independent_latents,0,source_dependent_reward,logger1_heavy,logger12_balanced,0.009019165293487279
0.0,0.05,independent_latents,0,source_dependent_reward,logger1_heavy,logger2_heavy,0.013066076587238986
0.0,0.05,independent_latents,0,source_dependent_reward,logger12_balanced,logger2_heavy,0.010068987507066515
0.0,0.05,independent_latents,1,pooled_mlp,logger1_heavy,logger12_balanced,0.0114767921157247
0.0,0.05,independent_latents,1,pooled_mlp,logger1_heavy,logger2_heavy,0.010848667809520797
0.0,0.05,independent_latents,1,pooled_mlp,logger12_balanced,logger2_heavy,0.012931688825564232
0.0,0.05,independent_latents,1,source_balanced_pooled_mlp,logger1_heavy,logger12_balanced,0.0
0.0,0.05,independent_latents,1,source_balanced_pooled_mlp,logger1_heavy,logger2_heavy,0.0
0.0,0.05,independent_latents,1,source_balanced_pooled_mlp,logger12_balanced,logger2_heavy,0.0
0.0,0.05,independent_latents,1,source_conditioned_decoder,logger1_heavy,logger12_balanced,0.01007526774785875
0.0,0.05,independent_latents,1,source_conditioned_decoder,logger1_heavy,logger2_heavy,0.011513321888147248
0.0,0.05,independent_latents,1,source_conditioned_decoder,logger12_balanced,logger2_heavy,0.014420119138238284
0.0,0.05,independent_latents,1,per_source_models,logger1_heavy,logger12_balanced,0.002210130570894779
0.0,0.05,independent_latents,1,per_source_models,logger1_heavy,logger2_heavy,0.011091332206634327
0.0,0.05,independent_latents,1,per_source_models,logger12_balanced,logger2_heavy,0.011474499478218306
0.0,0.05,independent_latents,1,mechanism_separated,logger1_heavy,logger12_balanced,0.013541513601026125
0.0,0.05,independent_latents,1,mechanism_separated,logger1_heavy,logger2_heavy,0.016630262928589584
0.0,0.05,independent_latents,1,mechanism_separated,logger12_balanced,logger2_heavy,0.012988941735153163
0.0,0.05,independent_latents,1,oracle_u_aware,logger1_heavy,logger12_balanced,0.0053543871473008256
0.0,0.05,independent_latents,1,oracle_u_aware,logger1_heavy,logger2_heavy,0.005782394399208842
0.0,0.05,independent_latents,1,oracle_u_aware,logger12_balanced,logger2_heavy,0.005556535343111883
0.0,0.05,independent_latents,1,source_shuffle,logger1_heavy,logger12_balanced,0.013704652131673933
0.0,0.05,independent_latents,1,source_shuffle,logger1_heavy,logger2_heavy,0.011002437848536098
0.0,0.05,independent_latents,1,source_shuffle,logger12_balanced,logger2_heavy,0.014203979653279849
0.0,0.05,independent_latents,1,no_behavior,logger1_heavy,logger12_balanced,0.013334427556901663
0.0,0.05,independent_latents,1,no_behavior,logger1_heavy,logger2_heavy,0.010629106822683265
0.0,0.05,independent_latents,1,no_behavior,logger12_balanced,logger2_heavy,0.014335128163386567
0.0,0.05,independent_latents,1,source_dependent_reward,logger1_heavy,logger12_balanced,0.009230799436596594
0.0,0.05,independent_latents,1,source_dependent_reward,logger1_heavy,logger2_heavy,0.01622964811974199
0.0,0.05,independent_latents,1,source_dependent_reward,logger12_balanced,logger2_heavy,0.016362299241936485
0.0,0.05,independent_latents,2,pooled_mlp,logger1_heavy,logger12_balanced,0.01507524722645238
0.0,0.05,independent_latents,2,pooled_mlp,logger1_heavy,logger2_heavy,0.014130360601377167
0.0,0.05,independent_latents,2,pooled_mlp,logger12_balanced,logger2_heavy,0.006927269631949462
0.0,0.05,independent_latents,2,source_balanced_pooled_mlp,logger1_heavy,logger12_balanced,0.0
0.0,0.05,independent_latents,2,source_balanced_pooled_mlp,logger1_heavy,logger2_heavy,0.0
0.0,0.05,independent_latents,2,source_balanced_pooled_mlp,logger12_balanced,logger2_heavy,0.0
0.0,0.05,independent_latents,2,source_conditioned_decoder,logger1_heavy,logger12_balanced,0.012467225743889717
0.0,0.05,independent_latents,2,source_conditioned_decoder,logger1_heavy,logger2_heavy,0.013851762093718323
0.0,0.05,independent_latents,2,source_conditioned_decoder,logger12_balanced,logger2_heavy,0.00954246837817315
0.0,0.05,independent_latents,2,per_source_models,logger1_heavy,logger12_balanced,0.0023505071300639886
0.0,0.05,independent_latents,2,per_source_models,logger1_heavy,logger2_heavy,0.002662454057338362
0.0,0.05,independent_latents,2,per_source_models,logger12_balanced,logger2_heavy,0.0019772203631140306
0.0,0.05,independent_latents,2,mechanism_separated,logger1_heavy,logger12_balanced,0.013729256815277069
0.0,0.05,independent_latents,2,mechanism_separated,logger1_heavy,logger2_heavy,0.014620373335510679
0.0,0.05,independent_latents,2,mechanism_separated,logger12_balanced,logger2_heavy,0.007618274194558074
0.0,0.05,independent_latents,2,oracle_u_aware,logger1_heavy,logger12_balanced,0.008691329494868946
0.0,0.05,independent_latents,2,oracle_u_aware,logger1_heavy,logger2_heavy,0.01181986019952769
0.0,0.05,independent_latents,2,oracle_u_aware,logger12_balanced,logger2_heavy,0.006610654714602401
0.0,0.05,independent_latents,2,source_shuffle,logger1_heavy,logger12_balanced,0.013547241871059145
0.0,0.05,independent_latents,2,source_shuffle,logger1_heavy,logger2_heavy,0.014383779278748161
0.0,0.05,independent_latents,2,source_shuffle,logger12_balanced,logger2_heavy,0.008379472199022062
0.0,0.05,independent_latents,2,no_behavior,logger1_heavy,logger12_balanced,0.013643080870457692
0.0,0.05,independent_latents,2,no_behavior,logger1_heavy,logger2_heavy,0.014703257788237492
0.0,0.05,independent_latents,2,no_behavior,logger12_balanced,logger2_heavy,0.008515679890633723
0.0,0.05,independent_latents,2,source_dependent_reward,logger1_heavy,logger12_balanced,0.014428061159409821
0.0,0.05,independent_latents,2,source_dependent_reward,logger1_heavy,logger2_heavy,0.014305847221039805
0.0,0.05,independent_latents,2,source_dependent_reward,logger12_balanced,logger2_heavy,0.011098391111749541
0.0,0.05,independent_latents,3,pooled_mlp,logger1_heavy,logger12_balanced,0.013458265944100796
0.0,0.05,independent_latents,3,pooled_mlp,logger1_heavy,logger2_heavy,0.01385781267104471
0.0,0.05,independent_latents,3,pooled_mlp,logger12_balanced,logger2_heavy,0.010054847301678629
0.0,0.05,independent_latents,3,source_balanced_pooled_mlp,logger1_heavy,logger12_balanced,0.0
0.0,0.05,independent_latents,3,source_balanced_pooled_mlp,logger1_heavy,logger2_heavy,0.0
0.0,0.05,independent_latents,3,source_balanced_pooled_mlp,logger12_balanced,logger2_heavy,0.0
0.0,0.05,independent_latents,3,source_conditioned_decoder,logger1_heavy,logger12_balanced,0.014927447988869665
0.0,0.05,independent_latents,3,source_conditioned_decoder,logger1_heavy,logger2_heavy,0.013093271699679776
0.0,0.05,independent_latents,3,source_conditioned_decoder,logger12_balanced,logger2_heavy,0.009954337719304679
0.0,0.05,independent_latents,3,per_source_models,logger1_heavy,logger12_balanced,0.014041943091672315
0.0,0.05,independent_latents,3,per_source_models,logger1_heavy,logger2_heavy,0.01463620790219297
0.0,0.05,independent_latents,3,per_source_models,logger12_balanced,logger2_heavy,0.002254779212887792
0.0,0.05,independent_latents,3,mechanism_separated,logger1_heavy,logger12_balanced,0.013435578429741022
0.0,0.05,independent_latents,3,mechanism_separated,logger1_heavy,logger2_heavy,0.013979229786805613
0.0,0.05,independent_latents,3,mechanism_separated,logger12_balanced,logger2_heavy,0.01050605107053964
0.0,0.05,independent_latents,3,oracle_u_aware,logger1_heavy,logger12_balanced,0.009112198083033358
0.0,0.05,independent_latents,3,oracle_u_aware,logger1_heavy,logger2_heavy,0.0070771169184092
0.0,0.05,independent_latents,3,oracle_u_aware,logger12_balanced,logger2_heavy,0.00677242737395706
0.0,0.05,independent_latents,3,source_shuffle,logger1_heavy,logger12_balanced,0.013435905900725456
0.0,0.05,independent_latents,3,source_shuffle,logger1_heavy,logger2_heavy,0.013667730386746003
0.0,0.05,independent_latents,3,source_shuffle,logger12_balanced,logger2_heavy,0.010400601760014972
0.0,0.05,independent_latents,3,no_behavior,logger1_heavy,logger12_balanced,0.013225765427158732
0.0,0.05,independent_latents,3,no_behavior,logger1_heavy,logger2_heavy,0.013824127808278696
0.0,0.05,independent_latents,3,no_behavior,logger12_balanced,logger2_heavy,0.0107061246512778
0.0,0.05,independent_latents,3,source_dependent_reward,logger1_heavy,logger12_balanced,0.014295409058321776
0.0,0.05,independent_latents,3,source_dependent_reward,logger1_heavy,logger2_heavy,0.013342947774279712
0.0,0.05,independent_latents,3,source_dependent_reward,logger12_balanced,logger2_heavy,0.009880595527185461
0.0,0.05,independent_latents,4,pooled_mlp,logger1_heavy,logger12_balanced,0.012335596294303764
0.0,0.05,independent_latents,4,pooled_mlp,logger1_heavy,logger2_heavy,0.012755741141639151
0.0,0.05,independent_latents,4,pooled_mlp,logger12_balanced,logger2_heavy,0.013917887876651488
0.0,0.05,independent_latents,4,source_balanced_pooled_mlp,logger1_heavy,logger12_balanced,0.0
0.0,0.05,independent_latents,4,source_balanced_pooled_mlp,logger1_heavy,logger2_heavy,0.0
0.0,0.05,independent_latents,4,source_balanced_pooled_mlp,logger12_balanced,logger2_heavy,0.0
0.0,0.05,independent_latents,4,source_conditioned_decoder,logger1_heavy,logger12_balanced,0.011124706843663599
0.0,0.05,independent_latents,4,source_conditioned_decoder,logger1_heavy,logger2_heavy,0.016942717568674586
0.0,0.05,independent_latents,4,source_conditioned_decoder,logger12_balanced,logger2_heavy,0.014361016676364856
0.0,0.05,independent_latents,4,per_source_models,logger1_heavy,logger12_balanced,0.01207421852861623
0.0,0.05,independent_latents,4,per_source_models,logger1_heavy,logger2_heavy,0.01188973717467306
0.0,0.05,independent_latents,4,per_source_models,logger12_balanced,logger2_heavy,0.0024696348936258383
0.0,0.05,independent_latents,4,mechanism_separated,logger1_heavy,logger12_balanced,0.015408831394244354
0.0,0.05,independent_latents,4,mechanism_separated,logger1_heavy,logger2_heavy,0.018000953236990764
0.0,0.05,independent_latents,4,mechanism_separated,logger12_balanced,logger2_heavy,0.012660686942412845
0.0,0.05,independent_latents,4,oracle_u_aware,logger1_heavy,logger12_balanced,0.0074676584335720345
0.0,0.05,independent_latents,4,oracle_u_aware,logger1_heavy,logger2_heavy,0.006368662859856691
0.0,0.05,independent_latents,4,oracle_u_aware,logger12_balanced,logger2_heavy,0.0055109662957217595
0.0,0.05,independent_latents,4,source_shuffle,logger1_heavy,logger12_balanced,0.014851801138575142
0.0,0.05,independent_latents,4,source_shuffle,logger1_heavy,logger2_heavy,0.0168113961595804
0.0,0.05,independent_latents,4,source_shuffle,logger12_balanced,logger2_heavy,0.012630337061403075
0.0,0.05,independent_latents,4,no_behavior,logger1_heavy,logger12_balanced,0.014506310574397123
0.0,0.05,independent_latents,4,no_behavior,logger1_heavy,logger2_heavy,0.018834859649821168
0.0,0.05,independent_latents,4,no_behavior,logger12_balanced,logger2_heavy,0.013884747034125256
0.0,0.05,independent_latents,4,source_dependent_reward,logger1_heavy,logger12_balanced,0.01597330838487385
0.0,0.05,independent_latents,4,source_dependent_reward,logger1_heavy,logger2_heavy,0.014540012070363808
0.0,0.05,independent_latents,4,source_dependent_reward,logger12_balanced,logger2_heavy,0.012428669699076248
0.0,0.1,confounded,0,pooled_mlp,logger1_heavy,logger12_balanced,0.02298496874832878
0.0,0.1,confounded,0,pooled_mlp,logger1_heavy,logger2_heavy,0.031773262900710815
0.0,0.1,confounded,0,pooled_mlp,logger12_balanced,logger2_heavy,0.02339537082029979
0.0,0.1,confounded,0,source_balanced_pooled_mlp,logger1_heavy,logger12_balanced,0.0
0.0,0.1,confounded,0,source_balanced_pooled_mlp,logger1_heavy,logger2_heavy,0.0
0.0,0.1,confounded,0,source_balanced_pooled_mlp,logger12_balanced,logger2_heavy,0.0
0.0,0.1,confounded,0,source_conditioned_decoder,logger1_heavy,logger12_balanced,0.01378878126692696
0.0,0.1,confounded,0,source_conditioned_decoder,logger1_heavy,logger2_heavy,0.0218204335293041
0.0,0.1,confounded,0,source_conditioned_decoder,logger12_balanced,logger2_heavy,0.01899427130864818
0.0,0.1,confounded,0,per_source_models,logger1_heavy,logger12_balanced,0.01398578337051322
0.0,0.1,confounded,0,per_source_models,logger1_heavy,logger2_heavy,0.013678644210471044
0.0,0.1,confounded,0,per_source_models,logger12_balanced,logger2_heavy,0.005862904632593637
0.0,0.1,confounded,0,mechanism_separated,logger1_heavy,logger12_balanced,0.021729432905206722
0.0,0.1,confounded,0,mechanism_separated,logger1_heavy,logger2_heavy,0.03091338910189988
0.0,0.1,confounded,0,mechanism_separated,logger12_balanced,logger2_heavy,0.021711460148752824
0.0,0.1,confounded,0,oracle_u_aware,logger1_heavy,logger12_balanced,0.011213948223186686
0.0,0.1,confounded,0,oracle_u_aware,logger1_heavy,logger2_heavy,0.009668208368708556
0.0,0.1,confounded,0,oracle_u_aware,logger12_balanced,logger2_heavy,0.0122637312701044
0.0,0.1,confounded,0,source_shuffle,logger1_heavy,logger12_balanced,0.020702226954077738
0.0,0.1,confounded,0,source_shuffle,logger1_heavy,logger2_heavy,0.03075462694840225
0.0,0.1,confounded,0,source_shuffle,logger12_balanced,logger2_heavy,0.021543300048738577
0.0,0.1,confounded,0,no_behavior,logger1_heavy,logger12_balanced,0.021704963212551498
0.0,0.1,confounded,0,no_behavior,logger1_heavy,logger2_heavy,0.03210389871923049
0.0,0.1,confounded,0,no_behavior,logger12_balanced,logger2_heavy,0.023644761767233437
0.0,0.1,confounded,0,source_dependent_reward,logger1_heavy,logger12_balanced,0.01685001435329103
0.0,0.1,confounded,0,source_dependent_reward,logger1_heavy,logger2_heavy,0.020857807621741154
0.0,0.1,confounded,0,source_dependent_reward,logger12_balanced,logger2_heavy,0.018038598481745754
0.0,0.1,confounded,1,pooled_mlp,logger1_heavy,logger12_balanced,0.02023750560515364
0.0,0.1,confounded,1,pooled_mlp,logger1_heavy,logger2_heavy,0.032256609952685956
0.0,0.1,confounded,1,pooled_mlp,logger12_balanced,logger2_heavy,0.027496698312479476
0.0,0.1,confounded,1,source_balanced_pooled_mlp,logger1_heavy,logger12_balanced,0.0
0.0,0.1,confounded,1,source_balanced_pooled_mlp,logger1_heavy,logger2_heavy,0.0
0.0,0.1,confounded,1,source_balanced_pooled_mlp,logger12_balanced,logger2_heavy,0.0
0.0,0.1,confounded,1,source_conditioned_decoder,logger1_heavy,logger12_balanced,0.013876086279212474
0.0,0.1,confounded,1,source_conditioned_decoder,logger1_heavy,logger2_heavy,0.022455286303089517
0.0,0.1,confounded,1,source_conditioned_decoder,logger12_balanced,logger2_heavy,0.021468659920144587
0.0,0.1,confounded,1,per_source_models,logger1_heavy,logger12_balanced,0.004391288437699731
0.0,0.1,confounded,1,per_source_models,logger1_heavy,logger2_heavy,0.016257295953951915
0.0,0.1,confounded,1,per_source_models,logger12_balanced,logger2_heavy,0.015337519967761656
0.0,0.1,confounded,1,mechanism_separated,logger1_heavy,logger12_balanced,0.018576874285252443
0.0,0.1,confounded,1,mechanism_separated,logger1_heavy,logger2_heavy,0.033609295702685
0.0,0.1,confounded,1,mechanism_separated,logger12_balanced,logger2_heavy,0.02242485522273918
0.0,0.1,confounded,1,oracle_u_aware,logger1_heavy,logger12_balanced,0.008487008730839584
0.0,0.1,confounded,1,oracle_u_aware,logger1_heavy,logger2_heavy,0.007441822277124979
0.0,0.1,confounded,1,oracle_u_aware,logger12_balanced,logger2_heavy,0.008230654468220376
0.0,0.1,confounded,1,source_shuffle,logger1_heavy,logger12_balanced,0.025787726247351008
0.0,0.1,confounded,1,source_shuffle,logger1_heavy,logger2_heavy,0.031188279845161367
0.0,0.1,confounded,1,source_shuffle,logger12_balanced,logger2_heavy,0.022166392098012723
0.0,0.1,confounded,1,no_behavior,logger1_heavy,logger12_balanced,0.020298374190250393
0.0,0.1,confounded,1,no_behavior,logger1_heavy,logger2_heavy,0.0326673388914913
0.0,0.1,confounded,1,no_behavior,logger12_balanced,logger2_heavy,0.023767462385528883
0.0,0.1,confounded,1,source_dependent_reward,logger1_heavy,logger12_balanced,0.014134900682299346
0.0,0.1,confounded,1,source_dependent_reward,logger1_heavy,logger2_heavy,0.022130968535151497
0.0,0.1,confounded,1,source_dependent_reward,logger12_balanced,logger2_heavy,0.02006999484894749
0.0,0.1,confounded,2,pooled_mlp,logger1_heavy,logger12_balanced,0.018773284609371783
0.0,0.1,confounded,2,pooled_mlp,logger1_heavy,logger2_heavy,0.029682501002474597
0.0,0.1,confounded,2,pooled_mlp,logger12_balanced,logger2_heavy,0.021780192625058595
0.0,0.1,confounded,2,source_balanced_pooled_mlp,logger1_heavy,logger12_balanced,0.0
0.0,0.1,confounded,2,source_balanced_pooled_mlp,logger1_heavy,logger2_heavy,0.0
0.0,0.1,confounded,2,source_balanced_pooled_mlp,logger12_balanced,logger2_heavy,0.0
0.0,0.1,confounded,2,source_conditioned_decoder,logger1_heavy,logger12_balanced,0.011689562102683262
0.0,0.1,confounded,2,source_conditioned_decoder,logger1_heavy,logger2_heavy,0.02009927264366676
0.0,0.1,confounded,2,source_conditioned_decoder,logger12_balanced,logger2_heavy,0.018214739050652302
0.0,0.1,confounded,2,per_source_models,logger1_heavy,logger12_balanced,0.005003413041083637
0.0,0.1,confounded,2,per_source_models,logger1_heavy,logger2_heavy,0.005744766524972047
0.0,0.1,confounded,2,per_source_models,logger12_balanced,logger2_heavy,0.005095479210751666
0.0,0.1,confounded,2,mechanism_separated,logger1_heavy,logger12_balanced,0.015375516503766787
0.0,0.1,confounded,2,mechanism_separated,logger1_heavy,logger2_heavy,0.03078542536670629
0.0,0.1,confounded,2,mechanism_separated,logger12_balanced,logger2_heavy,0.022589455885005365
0.0,0.1,confounded,2,oracle_u_aware,logger1_heavy,logger12_balanced,0.010116454269951041
0.0,0.1,confounded,2,oracle_u_aware,logger1_heavy,logger2_heavy,0.011835510073064891
0.0,0.1,confounded,2,oracle_u_aware,logger12_balanced,logger2_heavy,0.008053339265068255
0.0,0.1,confounded,2,source_shuffle,logger1_heavy,logger12_balanced,0.020525696669841335
0.0,0.1,confounded,2,source_shuffle,logger1_heavy,logger2_heavy,0.03048689487371745
0.0,0.1,confounded,2,source_shuffle,logger12_balanced,logger2_heavy,0.022736878149987077
0.0,0.1,confounded,2,no_behavior,logger1_heavy,logger12_balanced,0.02130879161424861
0.0,0.1,confounded,2,no_behavior,logger1_heavy,logger2_heavy,0.03182815391789202
0.0,0.1,confounded,2,no_behavior,logger12_balanced,logger2_heavy,0.024855825593376756
0.0,0.1,confounded,2,source_dependent_reward,logger1_heavy,logger12_balanced,0.016080986059412522
0.0,0.1,confounded,2,source_dependent_reward,logger1_heavy,logger2_heavy,0.02570495380026104
0.0,0.1,confounded,2,source_dependent_reward,logger12_balanced,logger2_heavy,0.01941303868354302
0.0,0.1,confounded,3,pooled_mlp,logger1_heavy,logger12_balanced,0.02227648257437298
0.0,0.1,confounded,3,pooled_mlp,logger1_heavy,logger2_heavy,0.03626228783094752
0.0,0.1,confounded,3,pooled_mlp,logger12_balanced,logger2_heavy,0.024790147882259705
0.0,0.1,confounded,3,source_balanced_pooled_mlp,logger1_heavy,logger12_balanced,0.0
0.0,0.1,confounded,3,source_balanced_pooled_mlp,logger1_heavy,logger2_heavy,0.0
0.0,0.1,confounded,3,source_balanced_pooled_mlp,logger12_balanced,logger2_heavy,0.0
0.0,0.1,confounded,3,source_conditioned_decoder,logger1_heavy,logger12_balanced,0.01910155541104167
0.0,0.1,confounded,3,source_conditioned_decoder,logger1_heavy,logger2_heavy,0.02328790827241821
0.0,0.1,confounded,3,source_conditioned_decoder,logger12_balanced,logger2_heavy,0.02097143202120627
0.0,0.1,confounded,3,per_source_models,logger1_heavy,logger12_balanced,0.013308958471881294
0.0,0.1,confounded,3,per_source_models,logger1_heavy,logger2_heavy,0.012938676647678877
0.0,0.1,confounded,3,per_source_models,logger12_balanced,logger2_heavy,0.017314845909255982
0.0,0.1,confounded,3,mechanism_separated,logger1_heavy,logger12_balanced,0.018803715897204382
0.0,0.1,confounded,3,mechanism_separated,logger1_heavy,logger2_heavy,0.03410968627290727
0.0,0.1,confounded,3,mechanism_separated,logger12_balanced,logger2_heavy,0.024934273008956738
0.0,0.1,confounded,3,oracle_u_aware,logger1_heavy,logger12_balanced,0.009432002807406024
0.0,0.1,confounded,3,oracle_u_aware,logger1_heavy,logger2_heavy,0.007736321979363891
0.0,0.1,confounded,3,oracle_u_aware,logger12_balanced,logger2_heavy,0.008871686743015849
0.0,0.1,confounded,3,source_shuffle,logger1_heavy,logger12_balanced,0.02486033514816624
0.0,0.1,confounded,3,source_shuffle,logger1_heavy,logger2_heavy,0.033839150428222005
0.0,0.1,confounded,3,source_shuffle,logger12_balanced,logger2_heavy,0.025410196078934046
0.0,0.1,confounded,3,no_behavior,logger1_heavy,logger12_balanced,0.020077492511092
0.0,0.1,confounded,3,no_behavior,logger1_heavy,logger2_heavy,0.03731346857227888
0.0,0.1,confounded,3,no_behavior,logger12_balanced,logger2_heavy,0.026296603402997006
0.0,0.1,confounded,3,source_dependent_reward,logger1_heavy,logger12_balanced,0.014255185617530239
0.0,0.1,confounded,3,source_dependent_reward,logger1_heavy,logger2_heavy,0.021784283541012514
0.0,0.1,confounded,3,source_dependent_reward,logger12_balanced,logger2_heavy,0.022620606647623172
0.0,0.1,confounded,4,pooled_mlp,logger1_heavy,logger12_balanced,0.016444775724266756
0.0,0.1,confounded,4,pooled_mlp,logger1_heavy,logger2_heavy,0.031050908765909813
0.0,0.1,confounded,4,pooled_mlp,logger12_balanced,logger2_heavy,0.0235578326571836
0.0,0.1,confounded,4,source_balanced_pooled_mlp,logger1_heavy,logger12_balanced,0.0
0.0,0.1,confounded,4,source_balanced_pooled_mlp,logger1_heavy,logger2_heavy,0.0
0.0,0.1,confounded,4,source_balanced_pooled_mlp,logger12_balanced,logger2_heavy,0.0
0.0,0.1,confounded,4,source_conditioned_decoder,logger1_heavy,logger12_balanced,0.02166041429315907
0.0,0.1,confounded,4,source_conditioned_decoder,logger1_heavy,logger2_heavy,0.025932279066480005
0.0,0.1,confounded,4,source_conditioned_decoder,logger12_balanced,logger2_heavy,0.018978817791607584
0.0,0.1,confounded,4,per_source_models,logger1_heavy,logger12_balanced,0.017610590863405755
0.0,0.1,confounded,4,per_source_models,logger1_heavy,logger2_heavy,0.010548853076787327
0.0,0.1,confounded,4,per_source_models,logger12_balanced,logger2_heavy,0.015887768062193806
0.0,0.1,confounded,4,mechanism_separated,logger1_heavy,logger12_balanced,0.016619569858504945
0.0,0.1,confounded,4,mechanism_separated,logger1_heavy,logger2_heavy,0.028428246892249112
0.0,0.1,confounded,4,mechanism_separated,logger12_balanced,logger2_heavy,0.02147423736462084
0.0,0.1,confounded,4,oracle_u_aware,logger1_heavy,logger12_balanced,0.007380906041531392
0.0,0.1,confounded,4,oracle_u_aware,logger1_heavy,logger2_heavy,0.008467157202615745
0.0,0.1,confounded,4,oracle_u_aware,logger12_balanced,logger2_heavy,0.006174309410501207
0.0,0.1,confounded,4,source_shuffle,logger1_heavy,logger12_balanced,0.018297673005184464
0.0,0.1,confounded,4,source_shuffle,logger1_heavy,logger2_heavy,0.0297657982036504
0.0,0.1,confounded,4,source_shuffle,logger12_balanced,logger2_heavy,0.02196543655435746
0.0,0.1,confounded,4,no_behavior,logger1_heavy,logger12_balanced,0.018522350268081158
0.0,0.1,confounded,4,no_behavior,logger1_heavy,logger2_heavy,0.029818965032612558
0.0,0.1,confounded,4,no_behavior,logger12_balanced,logger2_heavy,0.021003266109644366
0.0,0.1,confounded,4,source_dependent_reward,logger1_heavy,logger12_balanced,0.02044995227053872
0.0,0.1,confounded,4,source_dependent_reward,logger1_heavy,logger2_heavy,0.024736135681068406
0.0,0.1,confounded,4,source_dependent_reward,logger12_balanced,logger2_heavy,0.019569645710877777
0.0,0.1,independent_latents,0,pooled_mlp,logger1_heavy,logger12_balanced,0.016993477186617777
0.0,0.1,independent_latents,0,pooled_mlp,logger1_heavy,logger2_heavy,0.017301265695864283
0.0,0.1,independent_latents,0,pooled_mlp,logger12_balanced,logger2_heavy,0.00885258473252483
0.0,0.1,independent_latents,0,source_balanced_pooled_mlp,logger1_heavy,logger12_balanced,0.0
0.0,0.1,independent_latents,0,source_balanced_pooled_mlp,logger1_heavy,logger2_heavy,0.0
0.0,0.1,independent_latents,0,source_balanced_pooled_mlp,logger12_balanced,logger2_heavy,0.0
0.0,0.1,independent_latents,0,source_conditioned_decoder,logger1_heavy,logger12_balanced,0.014061026999216854
0.0,0.1,independent_latents,0,source_conditioned_decoder,logger1_heavy,logger2_heavy,0.013937915946634384
0.0,0.1,independent_latents,0,source_conditioned_decoder,logger12_balanced,logger2_heavy,0.011503970520041188
0.0,0.1,independent_latents,0,per_source_models,logger1_heavy,logger12_balanced,0.0026273882462878985
0.0,0.1,independent_latents,0,per_source_models,logger1_heavy,logger2_heavy,0.0023678494548635383
0.0,0.1,independent_latents,0,per_source_models,logger12_balanced,logger2_heavy,0.0021239883793420893
0.0,0.1,independent_latents,0,mechanism_separated,logger1_heavy,logger12_balanced,0.015074820955669605
0.0,0.1,independent_latents,0,mechanism_separated,logger1_heavy,logger2_heavy,0.013784221892881268
0.0,0.1,independent_latents,0,mechanism_separated,logger12_balanced,logger2_heavy,0.00905501612169437
0.0,0.1,independent_latents,0,oracle_u_aware,logger1_heavy,logger12_balanced,0.01025916512353589
0.0,0.1,independent_latents,0,oracle_u_aware,logger1_heavy,logger2_heavy,0.00979238218227184
0.0,0.1,independent_latents,0,oracle_u_aware,logger12_balanced,logger2_heavy,0.010354202930544681
0.0,0.1,independent_latents,0,source_shuffle,logger1_heavy,logger12_balanced,0.0160518442164684
0.0,0.1,independent_latents,0,source_shuffle,logger1_heavy,logger2_heavy,0.013983058580494739
0.0,0.1,independent_latents,0,source_shuffle,logger12_balanced,logger2_heavy,0.011528254307550391
0.0,0.1,independent_latents,0,no_behavior,logger1_heavy,logger12_balanced,0.014909132161048375
0.0,0.1,independent_latents,0,no_behavior,logger1_heavy,logger2_heavy,0.013298995681552598
0.0,0.1,independent_latents,0,no_behavior,logger12_balanced,logger2_heavy,0.009520319659770227
0.0,0.1,independent_latents,0,source_dependent_reward,logger1_heavy,logger12_balanced,0.01668219858823699
0.0,0.1,independent_latents,0,source_dependent_reward,logger1_heavy,logger2_heavy,0.017527800857495626
0.0,0.1,independent_latents,0,source_dependent_reward,logger12_balanced,logger2_heavy,0.020989611881050325
0.0,0.1,independent_latents,1,pooled_mlp,logger1_heavy,logger12_balanced,0.0157874582658579
0.0,0.1,independent_latents,1,pooled_mlp,logger1_heavy,logger2_heavy,0.019176732889788252
0.0,0.1,independent_latents,1,pooled_mlp,logger12_balanced,logger2_heavy,0.01088899702881382
0.0,0.1,independent_latents,1,source_balanced_pooled_mlp,logger1_heavy,logger12_balanced,0.0
0.0,0.1,independent_latents,1,source_balanced_pooled_mlp,logger1_heavy,logger2_heavy,0.0
0.0,0.1,independent_latents,1,source_balanced_pooled_mlp,logger12_balanced,logger2_heavy,0.0
0.0,0.1,independent_latents,1,source_conditioned_decoder,logger1_heavy,logger12_balanced,0.013817657333213369
0.0,0.1,independent_latents,1,source_conditioned_decoder,logger1_heavy,logger2_heavy,0.013168037348074082
0.0,0.1,independent_latents,1,source_conditioned_decoder,logger12_balanced,logger2_heavy,0.00925370500204622
0.0,0.1,independent_latents,1,per_source_models,logger1_heavy,logger12_balanced,0.009523725356513243
0.0,0.1,independent_latents,1,per_source_models,logger1_heavy,logger2_heavy,0.009333337986987468
0.0,0.1,independent_latents,1,per_source_models,logger12_balanced,logger2_heavy,0.0025879474107515107
0.0,0.1,independent_latents,1,mechanism_separated,logger1_heavy,logger12_balanced,0.015122124892163826
0.0,0.1,independent_latents,1,mechanism_separated,logger1_heavy,logger2_heavy,0.01475458360257396
0.0,0.1,independent_latents,1,mechanism_separated,logger12_balanced,logger2_heavy,0.009517461975014236
0.0,0.1,independent_latents,1,oracle_u_aware,logger1_heavy,logger12_balanced,0.0059956095174557595
0.0,0.1,independent_latents,1,oracle_u_aware,logger1_heavy,logger2_heavy,0.00782097182674261
0.0,0.1,independent_latents,1,oracle_u_aware,logger12_balanced,logger2_heavy,0.00840449841892863
0.0,0.1,independent_latents,1,source_shuffle,logger1_heavy,logger12_balanced,0.014898667455789391
0.0,0.1,independent_latents,1,source_shuffle,logger1_heavy,logger2_heavy,0.014336712485045014
0.0,0.1,independent_latents,1,source_shuffle,logger12_balanced,logger2_heavy,0.0104424466275482
0.0,0.1,independent_latents,1,no_behavior,logger1_heavy,logger12_balanced,0.01374185132272604
0.0,0.1,independent_latents,1,no_behavior,logger1_heavy,logger2_heavy,0.013280699921119379
0.0,0.1,independent_latents,1,no_behavior,logger12_balanced,logger2_heavy,0.008910911023421734
0.0,0.1,independent_latents,1,source_dependent_reward,logger1_heavy,logger12_balanced,0.01660792390976738
0.0,0.1,independent_latents,1,source_dependent_reward,logger1_heavy,logger2_heavy,0.014564748011600672
0.0,0.1,independent_latents,1,source_dependent_reward,logger12_balanced,logger2_heavy,0.012462916515519949
0.0,0.1,independent_latents,2,pooled_mlp,logger1_heavy,logger12_balanced,0.020133779016769653
0.0,0.1,independent_latents,2,pooled_mlp,logger1_heavy,logger2_heavy,0.019639098157616178
0.0,0.1,independent_latents,2,pooled_mlp,logger12_balanced,logger2_heavy,0.019694991603233795
0.0,0.1,independent_latents,2,source_balanced_pooled_mlp,logger1_heavy,logger12_balanced,0.0
0.0,0.1,independent_latents,2,source_balanced_pooled_mlp,logger1_heavy,logger2_heavy,0.0
0.0,0.1,independent_latents,2,source_balanced_pooled_mlp,logger12_balanced,logger2_heavy,0.0
0.0,0.1,independent_latents,2,source_conditioned_decoder,logger1_heavy,logger12_balanced,0.015694842519056798
0.0,0.1,independent_latents,2,source_conditioned_decoder,logger1_heavy,logger2_heavy,0.01928300506382679
0.0,0.1,independent_latents,2,source_conditioned_decoder,logger12_balanced,logger2_heavy,0.017498565327175693
0.0,0.1,independent_latents,2,per_source_models,logger1_heavy,logger12_balanced,0.014027431522311534
0.0,0.1,independent_latents,2,per_source_models,logger1_heavy,logger2_heavy,0.015244317221736612
0.0,0.1,independent_latents,2,per_source_models,logger12_balanced,logger2_heavy,0.0030193204819382157
0.0,0.1,independent_latents,2,mechanism_separated,logger1_heavy,logger12_balanced,0.019395581603847835
0.0,0.1,independent_latents,2,mechanism_separated,logger1_heavy,logger2_heavy,0.017620976681527782
0.0,0.1,independent_latents,2,mechanism_separated,logger12_balanced,logger2_heavy,0.017066472234076244
0.0,0.1,independent_latents,2,oracle_u_aware,logger1_heavy,logger12_balanced,0.008087333464067365
0.0,0.1,independent_latents,2,oracle_u_aware,logger1_heavy,logger2_heavy,0.009165816950278646
0.0,0.1,independent_latents,2,oracle_u_aware,logger12_balanced,logger2_heavy,0.012589306070221448
0.0,0.1,independent_latents,2,source_shuffle,logger1_heavy,logger12_balanced,0.017807042999543856
0.0,0.1,independent_latents,2,source_shuffle,logger1_heavy,logger2_heavy,0.022974061914721736
0.0,0.1,independent_latents,2,source_shuffle,logger12_balanced,logger2_heavy,0.018251622247500918
0.0,0.1,independent_latents,2,no_behavior,logger1_heavy,logger12_balanced,0.01727703320896839
0.0,0.1,independent_latents,2,no_behavior,logger1_heavy,logger2_heavy,0.0231682648455031
0.0,0.1,independent_latents,2,no_behavior,logger12_balanced,logger2_heavy,0.01801807724867656
0.0,0.1,independent_latents,2,source_dependent_reward,logger1_heavy,logger12_balanced,0.018642951839877797
0.0,0.1,independent_latents,2,source_dependent_reward,logger1_heavy,logger2_heavy,0.020053022164679475
0.0,0.1,independent_latents,2,source_dependent_reward,logger12_balanced,logger2_heavy,0.016179580849100445
0.0,0.1,independent_latents,3,pooled_mlp,logger1_heavy,logger12_balanced,0.01824498612960491
0.0,0.1,independent_latents,3,pooled_mlp,logger1_heavy,logger2_heavy,0.018171908348453465
0.0,0.1,independent_latents,3,pooled_mlp,logger12_balanced,logger2_heavy,0.014534494289141815
0.0,0.1,independent_latents,3,source_balanced_pooled_mlp,logger1_heavy,logger12_balanced,0.0
0.0,0.1,independent_latents,3,source_balanced_pooled_mlp,logger1_heavy,logger2_heavy,0.0
0.0,0.1,independent_latents,3,source_balanced_pooled_mlp,logger12_balanced,logger2_heavy,0.0
0.0,0.1,independent_latents,3,source_conditioned_decoder,logger1_heavy,logger12_balanced,0.01474131183062183
0.0,0.1,independent_latents,3,source_conditioned_decoder,logger1_heavy,logger2_heavy,0.016399711059144763
0.0,0.1,independent_latents,3,source_conditioned_decoder,logger12_balanced,logger2_heavy,0.009258205456440197
0.0,0.1,independent_latents,3,per_source_models,logger1_heavy,logger12_balanced,0.002406941937551924
0.0,0.1,independent_latents,3,per_source_models,logger1_heavy,logger2_heavy,0.01129592070693267
0.0,0.1,independent_latents,3,per_source_models,logger12_balanced,logger2_heavy,0.011192896743624468
0.0,0.1,independent_latents,3,mechanism_separated,logger1_heavy,logger12_balanced,0.01562969845529891
0.0,0.1,independent_latents,3,mechanism_separated,logger1_heavy,logger2_heavy,0.017214103943118737
0.0,0.1,independent_latents,3,mechanism_separated,logger12_balanced,logger2_heavy,0.00862495854873451
0.0,0.1,independent_latents,3,oracle_u_aware,logger1_heavy,logger12_balanced,0.008409367626675228
0.0,0.1,independent_latents,3,oracle_u_aware,logger1_heavy,logger2_heavy,0.008284962675879408
0.0,0.1,independent_latents,3,oracle_u_aware,logger12_balanced,logger2_heavy,0.006408493786741419
0.0,0.1,independent_latents,3,source_shuffle,logger1_heavy,logger12_balanced,0.01369693112395746
0.0,0.1,independent_latents,3,source_shuffle,logger1_heavy,logger2_heavy,0.016097847837026048
0.0,0.1,independent_latents,3,source_shuffle,logger12_balanced,logger2_heavy,0.014893631444607428
0.0,0.1,independent_latents,3,no_behavior,logger1_heavy,logger12_balanced,0.015783362829558212
0.0,0.1,independent_latents,3,no_behavior,logger1_heavy,logger2_heavy,0.01704406404478544
0.0,0.1,independent_latents,3,no_behavior,logger12_balanced,logger2_heavy,0.00713733381919674
0.0,0.1,independent_latents,3,source_dependent_reward,logger1_heavy,logger12_balanced,0.01265546290152104
0.0,0.1,independent_latents,3,source_dependent_reward,logger1_heavy,logger2_heavy,0.013243307141523688
0.0,0.1,independent_latents,3,source_dependent_reward,logger12_balanced,logger2_heavy,0.013545018247863388
0.0,0.1,independent_latents,4,pooled_mlp,logger1_heavy,logger12_balanced,0.01443816944886654
0.0,0.1,independent_latents,4,pooled_mlp,logger1_heavy,logger2_heavy,0.019441240516029842
0.0,0.1,independent_latents,4,pooled_mlp,logger12_balanced,logger2_heavy,0.010307819872732953
0.0,0.1,independent_latents,4,source_balanced_pooled_mlp,logger1_heavy,logger12_balanced,0.0
0.0,0.1,independent_latents,4,source_balanced_pooled_mlp,logger1_heavy,logger2_heavy,0.0
0.0,0.1,independent_latents,4,source_balanced_pooled_mlp,logger12_balanced,logger2_heavy,0.0
0.0,0.1,independent_latents,4,source_conditioned_decoder,logger1_heavy,logger12_balanced,0.017196030841089387
0.0,0.1,independent_latents,4,source_conditioned_decoder,logger1_heavy,logger2_heavy,0.015209454286476404
0.0,0.1,independent_latents,4,source_conditioned_decoder,logger12_balanced,logger2_heavy,0.0087389808127306
0.0,0.1,independent_latents,4,per_source_models,logger1_heavy,logger12_balanced,0.013516564606261404
0.0,0.1,independent_latents,4,per_source_models,logger1_heavy,logger2_heavy,0.012458412749788381
0.0,0.1,independent_latents,4,per_source_models,logger12_balanced,logger2_heavy,0.012290957704892951
0.0,0.1,independent_latents,4,mechanism_separated,logger1_heavy,logger12_balanced,0.018028881168605293
0.0,0.1,independent_latents,4,mechanism_separated,logger1_heavy,logger2_heavy,0.015212024631647655
0.0,0.1,independent_latents,4,mechanism_separated,logger12_balanced,logger2_heavy,0.012306732464104297
0.0,0.1,independent_latents,4,oracle_u_aware,logger1_heavy,logger12_balanced,0.007368127968250776
0.0,0.1,independent_latents,4,oracle_u_aware,logger1_heavy,logger2_heavy,0.007315522150499431
0.0,0.1,independent_latents,4,oracle_u_aware,logger12_balanced,logger2_heavy,0.0054659615415492
0.0,0.1,independent_latents,4,source_shuffle,logger1_heavy,logger12_balanced,0.017551634348703736
0.0,0.1,independent_latents,4,source_shuffle,logger1_heavy,logger2_heavy,0.015019193865278438
0.0,0.1,independent_latents,4,source_shuffle,logger12_balanced,logger2_heavy,0.012566823161522002
0.0,0.1,independent_latents,4,no_behavior,logger1_heavy,logger12_balanced,0.017979511008192953
0.0,0.1,independent_latents,4,no_behavior,logger1_heavy,logger2_heavy,0.015068915262401844
0.0,0.1,independent_latents,4,no_behavior,logger12_balanced,logger2_heavy,0.013054615315064166
0.0,0.1,independent_latents,4,source_dependent_reward,logger1_heavy,logger12_balanced,0.016663691893196175
0.0,0.1,independent_latents,4,source_dependent_reward,logger1_heavy,logger2_heavy,0.014050589550466128
0.0,0.1,independent_latents,4,source_dependent_reward,logger12_balanced,logger2_heavy,0.010410890663704897
0.3,0.0,confounded,0,pooled_mlp,logger1_heavy,logger12_balanced,0.011771464369237707
0.3,0.0,confounded,0,pooled_mlp,logger1_heavy,logger2_heavy,0.008486055933001392
0.3,0.0,confounded,0,pooled_mlp,logger12_balanced,logger2_heavy,0.007782263826574363
0.3,0.0,confounded,0,source_balanced_pooled_mlp,logger1_heavy,logger12_balanced,0.0
0.3,0.0,confounded,0,source_balanced_pooled_mlp,logger1_heavy,logger2_heavy,0.0
0.3,0.0,confounded,0,source_balanced_pooled_mlp,logger12_balanced,logger2_heavy,0.0
0.3,0.0,confounded,0,source_conditioned_decoder,logger1_heavy,logger12_balanced,0.009755197740173355
0.3,0.0,confounded,0,source_conditioned_decoder,logger1_heavy,logger2_heavy,0.008476372510543766
0.3,0.0,confounded,0,source_conditioned_decoder,logger12_balanced,logger2_heavy,0.008195008011433316
0.3,0.0,confounded,0,per_source_models,logger1_heavy,logger12_balanced,0.006153192440603834
0.3,0.0,confounded,0,per_source_models,logger1_heavy,logger2_heavy,0.009320983616773847
0.3,0.0,confounded,0,per_source_models,logger12_balanced,logger2_heavy,0.010309301411052227
0.3,0.0,confounded,0,mechanism_separated,logger1_heavy,logger12_balanced,0.0072931072412958054
0.3,0.0,confounded,0,mechanism_separated,logger1_heavy,logger2_heavy,0.00802225471365575
0.3,0.0,confounded,0,mechanism_separated,logger12_balanced,logger2_heavy,0.01034916003270812
0.3,0.0,confounded,0,oracle_u_aware,logger1_heavy,logger12_balanced,0.006548670319356305
0.3,0.0,confounded,0,oracle_u_aware,logger1_heavy,logger2_heavy,0.008112818257121306
0.3,0.0,confounded,0,oracle_u_aware,logger12_balanced,logger2_heavy,0.006631484380744075
0.3,0.0,confounded,0,source_shuffle,logger1_heavy,logger12_balanced,0.010070102620295085
0.3,0.0,confounded,0,source_shuffle,logger1_heavy,logger2_heavy,0.010819979174232835
0.3,0.0,confounded,0,source_shuffle,logger12_balanced,logger2_heavy,0.009492447092727221
0.3,0.0,confounded,0,no_behavior,logger1_heavy,logger12_balanced,0.007026699367882771
0.3,0.0,confounded,0,no_behavior,logger1_heavy,logger2_heavy,0.009022823564170173
0.3,0.0,confounded,0,no_behavior,logger12_balanced,logger2_heavy,0.0087636307325958
0.3,0.0,confounded,0,source_dependent_reward,logger1_heavy,logger12_balanced,0.010232232156176834
0.3,0.0,confounded,0,source_dependent_reward,logger1_heavy,logger2_heavy,0.013940727842815847
0.3,0.0,confounded,0,source_dependent_reward,logger12_balanced,logger2_heavy,0.010277701245797745
0.3,0.0,confounded,1,pooled_mlp,logger1_heavy,logger12_balanced,0.0076127538436223515
0.3,0.0,confounded,1,pooled_mlp,logger1_heavy,logger2_heavy,0.007595960939358493
0.3,0.0,confounded,1,pooled_mlp,logger12_balanced,logger2_heavy,0.007542620617154184
0.3,0.0,confounded,1,source_balanced_pooled_mlp,logger1_heavy,logger12_balanced,0.0
0.3,0.0,confounded,1,source_balanced_pooled_mlp,logger1_heavy,logger2_heavy,0.0
0.3,0.0,confounded,1,source_balanced_pooled_mlp,logger12_balanced,logger2_heavy,0.0
0.3,0.0,confounded,1,source_conditioned_decoder,logger1_heavy,logger12_balanced,0.007704704004085653
0.3,0.0,confounded,1,source_conditioned_decoder,logger1_heavy,logger2_heavy,0.008104368281430486
0.3,0.0,confounded,1,source_conditioned_decoder,logger12_balanced,logger2_heavy,0.006284949868774871
0.3,0.0,confounded,1,per_source_models,logger1_heavy,logger12_balanced,0.0062152679056182505
0.3,0.0,confounded,1,per_source_models,logger1_heavy,logger2_heavy,0.006429070004490175
0.3,0.0,confounded,1,per_source_models,logger12_balanced,logger2_heavy,0.0065229697039214
0.3,0.0,confounded,1,mechanism_separated,logger1_heavy,logger12_balanced,0.00806485875082879
0.3,0.0,confounded,1,mechanism_separated,logger1_heavy,logger2_heavy,0.009403149191476605
0.3,0.0,confounded,1,mechanism_separated,logger12_balanced,logger2_heavy,0.007612684816632197
0.3,0.0,confounded,1,oracle_u_aware,logger1_heavy,logger12_balanced,0.006099420135921393
0.3,0.0,confounded,1,oracle_u_aware,logger1_heavy,logger2_heavy,0.007308156739226466
0.3,0.0,confounded,1,oracle_u_aware,logger12_balanced,logger2_heavy,0.0065742456455945945
0.3,0.0,confounded,1,source_shuffle,logger1_heavy,logger12_balanced,0.006885613265566714
0.3,0.0,confounded,1,source_shuffle,logger1_heavy,logger2_heavy,0.007047278827125245
0.3,0.0,confounded,1,source_shuffle,logger12_balanced,logger2_heavy,0.006251986454421944
0.3,0.0,confounded,1,no_behavior,logger1_heavy,logger12_balanced,0.008303959409375072
0.3,0.0,confounded,1,no_behavior,logger1_heavy,logger2_heavy,0.008167187067110056
0.3,0.0,confounded,1,no_behavior,logger12_balanced,logger2_heavy,0.0068079874181767655
0.3,0.0,confounded,1,source_dependent_reward,logger1_heavy,logger12_balanced,0.006132633296870137
0.3,0.0,confounded,1,source_dependent_reward,logger1_heavy,logger2_heavy,0.007186770528318976
0.3,0.0,confounded,1,source_dependent_reward,logger12_balanced,logger2_heavy,0.007789311104829022
0.3,0.0,confounded,2,pooled_mlp,logger1_heavy,logger12_balanced,0.00864724123711959
0.3,0.0,confounded,2,pooled_mlp,logger1_heavy,logger2_heavy,0.00831166057579215
0.3,0.0,confounded,2,pooled_mlp,logger12_balanced,logger2_heavy,0.006159150231019223
0.3,0.0,confounded,2,source_balanced_pooled_mlp,logger1_heavy,logger12_balanced,0.0
0.3,0.0,confounded,2,source_balanced_pooled_mlp,logger1_heavy,logger2_heavy,0.0
0.3,0.0,confounded,2,source_balanced_pooled_mlp,logger12_balanced,logger2_heavy,0.0
0.3,0.0,confounded,2,source_conditioned_decoder,logger1_heavy,logger12_balanced,0.009404719411494138
0.3,0.0,confounded,2,source_conditioned_decoder,logger1_heavy,logger2_heavy,0.008531589478454572
0.3,0.0,confounded,2,source_conditioned_decoder,logger12_balanced,logger2_heavy,0.006852064350649921
0.3,0.0,confounded,2,per_source_models,logger1_heavy,logger12_balanced,0.003847917371564894
0.3,0.0,confounded,2,per_source_models,logger1_heavy,logger2_heavy,0.0028738024453611637
0.3,0.0,confounded,2,per_source_models,logger12_balanced,logger2_heavy,0.0035510594557948702
0.3,0.0,confounded,2,mechanism_separated,logger1_heavy,logger12_balanced,0.008659240659492282
0.3,0.0,confounded,2,mechanism_separated,logger1_heavy,logger2_heavy,0.007406595624973704
0.3,0.0,confounded,2,mechanism_separated,logger12_balanced,logger2_heavy,0.006934376469997256
0.3,0.0,confounded,2,oracle_u_aware,logger1_heavy,logger12_balanced,0.009692654900395541
0.3,0.0,confounded,2,oracle_u_aware,logger1_heavy,logger2_heavy,0.005942312359889085
0.3,0.0,confounded,2,oracle_u_aware,logger12_balanced,logger2_heavy,0.008784645808169714
0.3,0.0,confounded,2,source_shuffle,logger1_heavy,logger12_balanced,0.007550682065236981
0.3,0.0,confounded,2,source_shuffle,logger1_heavy,logger2_heavy,0.008712395172900744
0.3,0.0,confounded,2,source_shuffle,logger12_balanced,logger2_heavy,0.007795797529744627
0.3,0.0,confounded,2,no_behavior,logger1_heavy,logger12_balanced,0.006294161709810754
0.3,0.0,confounded,2,no_behavior,logger1_heavy,logger2_heavy,0.006400904611127872
0.3,0.0,confounded,2,no_behavior,logger12_balanced,logger2_heavy,0.008949136099726324
0.3,0.0,confounded,2,source_dependent_reward,logger1_heavy,logger12_balanced,0.010279621203517355
0.3,0.0,confounded,2,source_dependent_reward,logger1_heavy,logger2_heavy,0.009194536709545573
0.3,0.0,confounded,2,source_dependent_reward,logger12_balanced,logger2_heavy,0.009182656417334905
0.3,0.0,confounded,3,pooled_mlp,logger1_heavy,logger12_balanced,0.008427393517342537
0.3,0.0,confounded,3,pooled_mlp,logger1_heavy,logger2_heavy,0.0100259137723639
0.3,0.0,confounded,3,pooled_mlp,logger12_balanced,logger2_heavy,0.007335100705042723
0.3,0.0,confounded,3,source_balanced_pooled_mlp,logger1_heavy,logger12_balanced,0.0
0.3,0.0,confounded,3,source_balanced_pooled_mlp,logger1_heavy,logger2_heavy,0.0
0.3,0.0,confounded,3,source_balanced_pooled_mlp,logger12_balanced,logger2_heavy,0.0
0.3,0.0,confounded,3,source_conditioned_decoder,logger1_heavy,logger12_balanced,0.01038535709316528
0.3,0.0,confounded,3,source_conditioned_decoder,logger1_heavy,logger2_heavy,0.010395287053858926
0.3,0.0,confounded,3,source_conditioned_decoder,logger12_balanced,logger2_heavy,0.0065086363802861775
0.3,0.0,confounded,3,per_source_models,logger1_heavy,logger12_balanced,0.006659165249852776
0.3,0.0,confounded,3,per_source_models,logger1_heavy,logger2_heavy,0.008231028152171036
0.3,0.0,confounded,3,per_source_models,logger12_balanced,logger2_heavy,0.004676914780738295
0.3,0.0,confounded,3,mechanism_separated,logger1_heavy,logger12_balanced,0.007470603460097924
0.3,0.0,confounded,3,mechanism_separated,logger1_heavy,logger2_heavy,0.008609914330888884
0.3,0.0,confounded,3,mechanism_separated,logger12_balanced,logger2_heavy,0.007562684999483828
0.3,0.0,confounded,3,oracle_u_aware,logger1_heavy,logger12_balanced,0.008325835422067718
0.3,0.0,confounded,3,oracle_u_aware,logger1_heavy,logger2_heavy,0.008132452425637501
0.3,0.0,confounded,3,oracle_u_aware,logger12_balanced,logger2_heavy,0.00706532860112795
0.3,0.0,confounded,3,source_shuffle,logger1_heavy,logger12_balanced,0.007165252136332969
0.3,0.0,confounded,3,source_shuffle,logger1_heavy,logger2_heavy,0.00781717817279236
0.3,0.0,confounded,3,source_shuffle,logger12_balanced,logger2_heavy,0.006797042239247391
0.3,0.0,confounded,3,no_behavior,logger1_heavy,logger12_balanced,0.008157774827462038
0.3,0.0,confounded,3,no_behavior,logger1_heavy,logger2_heavy,0.009505229314639077
0.3,0.0,confounded,3,no_behavior,logger12_balanced,logger2_heavy,0.00912118806290657
0.3,0.0,confounded,3,source_dependent_reward,logger1_heavy,logger12_balanced,0.00771346737646292
0.3,0.0,confounded,3,source_dependent_reward,logger1_heavy,logger2_heavy,0.006920375928248885
0.3,0.0,confounded,3,source_dependent_reward,logger12_balanced,logger2_heavy,0.005377665082744556
0.3,0.0,confounded,4,pooled_mlp,logger1_heavy,logger12_balanced,0.012031000994888626
0.3,0.0,confounded,4,pooled_mlp,logger1_heavy,logger2_heavy,0.008560310805955023
0.3,0.0,confounded,4,pooled_mlp,logger12_balanced,logger2_heavy,0.008526073424511137
0.3,0.0,confounded,4,source_balanced_pooled_mlp,logger1_heavy,logger12_balanced,0.0
0.3,0.0,confounded,4,source_balanced_pooled_mlp,logger1_heavy,logger2_heavy,0.0
0.3,0.0,confounded,4,source_balanced_pooled_mlp,logger12_balanced,logger2_heavy,0.0
0.3,0.0,confounded,4,source_conditioned_decoder,logger1_heavy,logger12_balanced,0.010215749323659819
0.3,0.0,confounded,4,source_conditioned_decoder,logger1_heavy,logger2_heavy,0.007457000867851799
0.3,0.0,confounded,4,source_conditioned_decoder,logger12_balanced,logger2_heavy,0.007884079047597786
0.3,0.0,confounded,4,per_source_models,logger1_heavy,logger12_balanced,0.0056269046313062576
0.3,0.0,confounded,4,per_source_models,logger1_heavy,logger2_heavy,0.0043737006761414895
0.3,0.0,confounded,4,per_source_models,logger12_balanced,logger2_heavy,0.007562257686868292
0.3,0.0,confounded,4,mechanism_separated,logger1_heavy,logger12_balanced,0.005243054506900334
0.3,0.0,confounded,4,mechanism_separated,logger1_heavy,logger2_heavy,0.008799555134493577
0.3,0.0,confounded,4,mechanism_separated,logger12_balanced,logger2_heavy,0.00795006825078547
0.3,0.0,confounded,4,oracle_u_aware,logger1_heavy,logger12_balanced,0.009423087743972615
0.3,0.0,confounded,4,oracle_u_aware,logger1_heavy,logger2_heavy,0.012143513401312814
0.3,0.0,confounded,4,oracle_u_aware,logger12_balanced,logger2_heavy,0.008757656275126115
0.3,0.0,confounded,4,source_shuffle,logger1_heavy,logger12_balanced,0.006443039715462059
0.3,0.0,confounded,4,source_shuffle,logger1_heavy,logger2_heavy,0.011080807860501094
0.3,0.0,confounded,4,source_shuffle,logger12_balanced,logger2_heavy,0.008095131950993248
0.3,0.0,confounded,4,no_behavior,logger1_heavy,logger12_balanced,0.008643351496794564
0.3,0.0,confounded,4,no_behavior,logger1_heavy,logger2_heavy,0.015131652512843458
0.3,0.0,confounded,4,no_behavior,logger12_balanced,logger2_heavy,0.0092055610823549
0.3,0.0,confounded,4,source_dependent_reward,logger1_heavy,logger12_balanced,0.0084816068523705
0.3,0.0,confounded,4,source_dependent_reward,logger1_heavy,logger2_heavy,0.009612366150543365
0.3,0.0,confounded,4,source_dependent_reward,logger12_balanced,logger2_heavy,0.008508090070809673
0.3,0.0,independent_latents,0,pooled_mlp,logger1_heavy,logger12_balanced,0.00880661566315951
0.3,0.0,independent_latents,0,pooled_mlp,logger1_heavy,logger2_heavy,0.007937720448901796
0.3,0.0,independent_latents,0,pooled_mlp,logger12_balanced,logger2_heavy,0.010005331979340754
0.3,0.0,independent_latents,0,source_balanced_pooled_mlp,logger1_heavy,logger12_balanced,0.0
0.3,0.0,independent_latents,0,source_balanced_pooled_mlp,logger1_heavy,logger2_heavy,0.0
0.3,0.0,independent_latents,0,source_balanced_pooled_mlp,logger12_balanced,logger2_heavy,0.0
0.3,0.0,independent_latents,0,source_conditioned_decoder,logger1_heavy,logger12_balanced,0.007345926800374819
0.3,0.0,independent_latents,0,source_conditioned_decoder,logger1_heavy,logger2_heavy,0.007326975044055376
0.3,0.0,independent_latents,0,source_conditioned_decoder,logger12_balanced,logger2_heavy,0.006432384851997718
0.3,0.0,independent_latents,0,per_source_models,logger1_heavy,logger12_balanced,0.007249581588339099
0.3,0.0,independent_latents,0,per_source_models,logger1_heavy,logger2_heavy,0.009811519996773512
0.3,0.0,independent_latents,0,per_source_models,logger12_balanced,logger2_heavy,0.007584435659047849
0.3,0.0,independent_latents,0,mechanism_separated,logger1_heavy,logger12_balanced,0.008752107379792769
0.3,0.0,independent_latents,0,mechanism_separated,logger1_heavy,logger2_heavy,0.00754017317866933
0.3,0.0,independent_latents,0,mechanism_separated,logger12_balanced,logger2_heavy,0.006423271329086952
0.3,0.0,independent_latents,0,oracle_u_aware,logger1_heavy,logger12_balanced,0.007233526537602607
0.3,0.0,independent_latents,0,oracle_u_aware,logger1_heavy,logger2_heavy,0.010019961147941073
0.3,0.0,independent_latents,0,oracle_u_aware,logger12_balanced,logger2_heavy,0.008992155614253363
0.3,0.0,independent_latents,0,source_shuffle,logger1_heavy,logger12_balanced,0.00915033014628479
0.3,0.0,independent_latents,0,source_shuffle,logger1_heavy,logger2_heavy,0.00876391350720737
0.3,0.0,independent_latents,0,source_shuffle,logger12_balanced,logger2_heavy,0.007619398047167621
0.3,0.0,independent_latents,0,no_behavior,logger1_heavy,logger12_balanced,0.009875017808447933
0.3,0.0,independent_latents,0,no_behavior,logger1_heavy,logger2_heavy,0.010309423514292149
0.3,0.0,independent_latents,0,no_behavior,logger12_balanced,logger2_heavy,0.008619158314036892
0.3,0.0,independent_latents,0,source_dependent_reward,logger1_heavy,logger12_balanced,0.009376162246620634
0.3,0.0,independent_latents,0,source_dependent_reward,logger1_heavy,logger2_heavy,0.011024122373476575
0.3,0.0,independent_latents,0,source_dependent_reward,logger12_balanced,logger2_heavy,0.009115239125928452
0.3,0.0,independent_latents,1,pooled_mlp,logger1_heavy,logger12_balanced,0.006913861439485289
0.3,0.0,independent_latents,1,pooled_mlp,logger1_heavy,logger2_heavy,0.008511727607216893
0.3,0.0,independent_latents,1,pooled_mlp,logger12_balanced,logger2_heavy,0.00719144667247542
0.3,0.0,independent_latents,1,source_balanced_pooled_mlp,logger1_heavy,logger12_balanced,0.0
0.3,0.0,independent_latents,1,source_balanced_pooled_mlp,logger1_heavy,logger2_heavy,0.0
0.3,0.0,independent_latents,1,source_balanced_pooled_mlp,logger12_balanced,logger2_heavy,0.0
0.3,0.0,independent_latents,1,source_conditioned_decoder,logger1_heavy,logger12_balanced,0.008912024573715089
0.3,0.0,independent_latents,1,source_conditioned_decoder,logger1_heavy,logger2_heavy,0.01066343997261064
0.3,0.0,independent_latents,1,source_conditioned_decoder,logger12_balanced,logger2_heavy,0.006647063754653514
0.3,0.0,independent_latents,1,per_source_models,logger1_heavy,logger12_balanced,0.003466746755228313
0.3,0.0,independent_latents,1,per_source_models,logger1_heavy,logger2_heavy,0.005378800286937199
0.3,0.0,independent_latents,1,per_source_models,logger12_balanced,logger2_heavy,0.006692331788645059
0.3,0.0,independent_latents,1,mechanism_separated,logger1_heavy,logger12_balanced,0.008881807700913655
0.3,0.0,independent_latents,1,mechanism_separated,logger1_heavy,logger2_heavy,0.013659196306512873
0.3,0.0,independent_latents,1,mechanism_separated,logger12_balanced,logger2_heavy,0.008858764461606486
0.3,0.0,independent_latents,1,oracle_u_aware,logger1_heavy,logger12_balanced,0.0063435439399882505
0.3,0.0,independent_latents,1,oracle_u_aware,logger1_heavy,logger2_heavy,0.0076050928017851755
0.3,0.0,independent_latents,1,oracle_u_aware,logger12_balanced,logger2_heavy,0.006186930565667323
0.3,0.0,independent_latents,1,source_shuffle,logger1_heavy,logger12_balanced,0.010386252117851946
0.3,0.0,independent_latents,1,source_shuffle,logger1_heavy,logger2_heavy,0.012074865806053561
0.3,0.0,independent_latents,1,source_shuffle,logger12_balanced,logger2_heavy,0.006600797682766979
0.3,0.0,independent_latents,1,no_behavior,logger1_heavy,logger12_balanced,0.008449562853369808
0.3,0.0,independent_latents,1,no_behavior,logger1_heavy,logger2_heavy,0.008164945804714144
0.3,0.0,independent_latents,1,no_behavior,logger12_balanced,logger2_heavy,0.010994653119224942
0.3,0.0,independent_latents,1,source_dependent_reward,logger1_heavy,logger12_balanced,0.009003832573397678
0.3,0.0,independent_latents,1,source_dependent_reward,logger1_heavy,logger2_heavy,0.010378883208031915
0.3,0.0,independent_latents,1,source_dependent_reward,logger12_balanced,logger2_heavy,0.009056228794444237
0.3,0.0,independent_latents,2,pooled_mlp,logger1_heavy,logger12_balanced,0.008939742792256674
0.3,0.0,independent_latents,2,pooled_mlp,logger1_heavy,logger2_heavy,0.010932407549215638
0.3,0.0,independent_latents,2,pooled_mlp,logger12_balanced,logger2_heavy,0.006154834849104581
0.3,0.0,independent_latents,2,source_balanced_pooled_mlp,logger1_heavy,logger12_balanced,0.0
0.3,0.0,independent_latents,2,source_balanced_pooled_mlp,logger1_heavy,logger2_heavy,0.0
0.3,0.0,independent_latents,2,source_balanced_pooled_mlp,logger12_balanced,logger2_heavy,0.0
0.3,0.0,independent_latents,2,source_conditioned_decoder,logger1_heavy,logger12_balanced,0.0071608247810197355
0.3,0.0,independent_latents,2,source_conditioned_decoder,logger1_heavy,logger2_heavy,0.008942456374422548
0.3,0.0,independent_latents,2,source_conditioned_decoder,logger12_balanced,logger2_heavy,0.007199768456545346
0.3,0.0,independent_latents,2,per_source_models,logger1_heavy,logger12_balanced,0.003936095175119558
0.3,0.0,independent_latents,2,per_source_models,logger1_heavy,logger2_heavy,0.00447598208819271
0.3,0.0,independent_latents,2,per_source_models,logger12_balanced,logger2_heavy,0.003245026834718441
0.3,0.0,independent_latents,2,mechanism_separated,logger1_heavy,logger12_balanced,0.010407922978704161
0.3,0.0,independent_latents,2,mechanism_separated,logger1_heavy,logger2_heavy,0.017022214013296226
0.3,0.0,independent_latents,2,mechanism_separated,logger12_balanced,logger2_heavy,0.011245783668330851
0.3,0.0,independent_latents,2,oracle_u_aware,logger1_heavy,logger12_balanced,0.010066097199654938
0.3,0.0,independent_latents,2,oracle_u_aware,logger1_heavy,logger2_heavy,0.00739693958862458
0.3,0.0,independent_latents,2,oracle_u_aware,logger12_balanced,logger2_heavy,0.00890202775613265
0.3,0.0,independent_latents,2,source_shuffle,logger1_heavy,logger12_balanced,0.011763955916107327
0.3,0.0,independent_latents,2,source_shuffle,logger1_heavy,logger2_heavy,0.013818767246354093
0.3,0.0,independent_latents,2,source_shuffle,logger12_balanced,logger2_heavy,0.005398234790139987
0.3,0.0,independent_latents,2,no_behavior,logger1_heavy,logger12_balanced,0.009480389261870134
0.3,0.0,independent_latents,2,no_behavior,logger1_heavy,logger2_heavy,0.010114110507661854
0.3,0.0,independent_latents,2,no_behavior,logger12_balanced,logger2_heavy,0.005471776681306273
0.3,0.0,independent_latents,2,source_dependent_reward,logger1_heavy,logger12_balanced,0.010632752640139086
0.3,0.0,independent_latents,2,source_dependent_reward,logger1_heavy,logger2_heavy,0.008731714190360439
0.3,0.0,independent_latents,2,source_dependent_reward,logger12_balanced,logger2_heavy,0.00762098511522408
0.3,0.0,independent_latents,3,pooled_mlp,logger1_heavy,logger12_balanced,0.009582856982864431
0.3,0.0,independent_latents,3,pooled_mlp,logger1_heavy,logger2_heavy,0.00957029661946406
0.3,0.0,independent_latents,3,pooled_mlp,logger12_balanced,logger2_heavy,0.009265449033765132
0.3,0.0,independent_latents,3,source_balanced_pooled_mlp,logger1_heavy,logger12_balanced,0.0
0.3,0.0,independent_latents,3,source_balanced_pooled_mlp,logger1_heavy,logger2_heavy,0.0
0.3,0.0,independent_latents,3,source_balanced_pooled_mlp,logger12_balanced,logger2_heavy,0.0
0.3,0.0,independent_latents,3,source_conditioned_decoder,logger1_heavy,logger12_balanced,0.009797688065803707
0.3,0.0,independent_latents,3,source_conditioned_decoder,logger1_heavy,logger2_heavy,0.008814610538401515
0.3,0.0,independent_latents,3,source_conditioned_decoder,logger12_balanced,logger2_heavy,0.009040179800647221
0.3,0.0,independent_latents,3,per_source_models,logger1_heavy,logger12_balanced,0.007621906566834014
0.3,0.0,independent_latents,3,per_source_models,logger1_heavy,logger2_heavy,0.010985547828160632
0.3,0.0,independent_latents,3,per_source_models,logger12_balanced,logger2_heavy,0.007914259115508216
0.3,0.0,independent_latents,3,mechanism_separated,logger1_heavy,logger12_balanced,0.008496532027063164
0.3,0.0,independent_latents,3,mechanism_separated,logger1_heavy,logger2_heavy,0.00883702625961981
0.3,0.0,independent_latents,3,mechanism_separated,logger12_balanced,logger2_heavy,0.007849091457182865
0.3,0.0,independent_latents,3,oracle_u_aware,logger1_heavy,logger12_balanced,0.009423665485566638
0.3,0.0,independent_latents,3,oracle_u_aware,logger1_heavy,logger2_heavy,0.011265163299641515
0.3,0.0,independent_latents,3,oracle_u_aware,logger12_balanced,logger2_heavy,0.006183223191990436
0.3,0.0,independent_latents,3,source_shuffle,logger1_heavy,logger12_balanced,0.008190027437295244
0.3,0.0,independent_latents,3,source_shuffle,logger1_heavy,logger2_heavy,0.008649250880716691
0.3,0.0,independent_latents,3,source_shuffle,logger12_balanced,logger2_heavy,0.0064744820250936
0.3,0.0,independent_latents,3,no_behavior,logger1_heavy,logger12_balanced,0.007530387654665418
0.3,0.0,independent_latents,3,no_behavior,logger1_heavy,logger2_heavy,0.010058254294272272
0.3,0.0,independent_latents,3,no_behavior,logger12_balanced,logger2_heavy,0.008515487968554312
0.3,0.0,independent_latents,3,source_dependent_reward,logger1_heavy,logger12_balanced,0.007946325342004252
0.3,0.0,independent_latents,3,source_dependent_reward,logger1_heavy,logger2_heavy,0.008309379856582687
0.3,0.0,independent_latents,3,source_dependent_reward,logger12_balanced,logger2_heavy,0.005315956935636635
0.3,0.0,independent_latents,4,pooled_mlp,logger1_heavy,logger12_balanced,0.008207246725684266
0.3,0.0,independent_latents,4,pooled_mlp,logger1_heavy,logger2_heavy,0.009339319414209762
0.3,0.0,independent_latents,4,pooled_mlp,logger12_balanced,logger2_heavy,0.007970931112368886
0.3,0.0,independent_latents,4,source_balanced_pooled_mlp,logger1_heavy,logger12_balanced,0.0
0.3,0.0,independent_latents,4,source_balanced_pooled_mlp,logger1_heavy,logger2_heavy,0.0
0.3,0.0,independent_latents,4,source_balanced_pooled_mlp,logger12_balanced,logger2_heavy,0.0
0.3,0.0,independent_latents,4,source_conditioned_decoder,logger1_heavy,logger12_balanced,0.01107280145955591
0.3,0.0,independent_latents,4,source_conditioned_decoder,logger1_heavy,logger2_heavy,0.009080913612367613
0.3,0.0,independent_latents,4,source_conditioned_decoder,logger12_balanced,logger2_heavy,0.007514949155299182
0.3,0.0,independent_latents,4,per_source_models,logger1_heavy,logger12_balanced,0.003349374891614919
0.3,0.0,independent_latents,4,per_source_models,logger1_heavy,logger2_heavy,0.0037176834004477794
0.3,0.0,independent_latents,4,per_source_models,logger12_balanced,logger2_heavy,0.003787364393529197
0.3,0.0,independent_latents,4,mechanism_separated,logger1_heavy,logger12_balanced,0.007361102319567571
0.3,0.0,independent_latents,4,mechanism_separated,logger1_heavy,logger2_heavy,0.009899517009876223
0.3,0.0,independent_latents,4,mechanism_separated,logger12_balanced,logger2_heavy,0.005697803280250804
0.3,0.0,independent_latents,4,oracle_u_aware,logger1_heavy,logger12_balanced,0.007984470207905754
0.3,0.0,independent_latents,4,oracle_u_aware,logger1_heavy,logger2_heavy,0.009369915782199405
0.3,0.0,independent_latents,4,oracle_u_aware,logger12_balanced,logger2_heavy,0.005667052627448218
0.3,0.0,independent_latents,4,source_shuffle,logger1_heavy,logger12_balanced,0.0072016747556236955
0.3,0.0,independent_latents,4,source_shuffle,logger1_heavy,logger2_heavy,0.009518475798901613
0.3,0.0,independent_latents,4,source_shuffle,logger12_balanced,logger2_heavy,0.007177524972453797
0.3,0.0,independent_latents,4,no_behavior,logger1_heavy,logger12_balanced,0.009975067939758029
0.3,0.0,independent_latents,4,no_behavior,logger1_heavy,logger2_heavy,0.010588559101809506
0.3,0.0,independent_latents,4,no_behavior,logger12_balanced,logger2_heavy,0.007515646678286529
0.3,0.0,independent_latents,4,source_dependent_reward,logger1_heavy,logger12_balanced,0.008119226687551037
0.3,0.0,independent_latents,4,source_dependent_reward,logger1_heavy,logger2_heavy,0.009204988448842329
0.3,0.0,independent_latents,4,source_dependent_reward,logger12_balanced,logger2_heavy,0.009541920675332318
0.3,0.002,confounded,0,pooled_mlp,logger1_heavy,logger12_balanced,0.0089576256867056
0.3,0.002,confounded,0,pooled_mlp,logger1_heavy,logger2_heavy,0.011821081971752766
0.3,0.002,confounded,0,pooled_mlp,logger12_balanced,logger2_heavy,0.008085006640244223
0.3,0.002,confounded,0,source_balanced_pooled_mlp,logger1_heavy,logger12_balanced,0.0
0.3,0.002,confounded,0,source_balanced_pooled_mlp,logger1_heavy,logger2_heavy,0.0
0.3,0.002,confounded,0,source_balanced_pooled_mlp,logger12_balanced,logger2_heavy,0.0
0.3,0.002,confounded,0,source_conditioned_decoder,logger1_heavy,logger12_balanced,0.007219085231860574
0.3,0.002,confounded,0,source_conditioned_decoder,logger1_heavy,logger2_heavy,0.008717388690393436
0.3,0.002,confounded,0,source_conditioned_decoder,logger12_balanced,logger2_heavy,0.007179903826454816
0.3,0.002,confounded,0,per_source_models,logger1_heavy,logger12_balanced,0.0064698668893499
0.3,0.002,confounded,0,per_source_models,logger1_heavy,logger2_heavy,0.005330811298363465
0.3,0.002,confounded,0,per_source_models,logger12_balanced,logger2_heavy,0.0077396391686361836
0.3,0.002,confounded,0,mechanism_separated,logger1_heavy,logger12_balanced,0.010084788286079494
0.3,0.002,confounded,0,mechanism_separated,logger1_heavy,logger2_heavy,0.009160516160505476
0.3,0.002,confounded,0,mechanism_separated,logger12_balanced,logger2_heavy,0.007024195442828778
0.3,0.002,confounded,0,oracle_u_aware,logger1_heavy,logger12_balanced,0.0072365363086162055
0.3,0.002,confounded,0,oracle_u_aware,logger1_heavy,logger2_heavy,0.007803474463977723
0.3,0.002,confounded,0,oracle_u_aware,logger12_balanced,logger2_heavy,0.00942413923116948
0.3,0.002,confounded,0,source_shuffle,logger1_heavy,logger12_balanced,0.010064651359834881
0.3,0.002,confounded,0,source_shuffle,logger1_heavy,logger2_heavy,0.009842225672576517
0.3,0.002,confounded,0,source_shuffle,logger12_balanced,logger2_heavy,0.010077602308738172
0.3,0.002,confounded,0,no_behavior,logger1_heavy,logger12_balanced,0.009308326835942068
0.3,0.002,confounded,0,no_behavior,logger1_heavy,logger2_heavy,0.007409128462140687
0.3,0.002,confounded,0,no_behavior,logger12_balanced,logger2_heavy,0.00791410098338887
0.3,0.002,confounded,0,source_dependent_reward,logger1_heavy,logger12_balanced,0.007382568302847662
0.3,0.002,confounded,0,source_dependent_reward,logger1_heavy,logger2_heavy,0.009719324948732108
0.3,0.002,confounded,0,source_dependent_reward,logger12_balanced,logger2_heavy,0.007805783501836082
0.3,0.002,confounded,1,pooled_mlp,logger1_heavy,logger12_balanced,0.007895651071608303
0.3,0.002,confounded,1,pooled_mlp,logger1_heavy,logger2_heavy,0.012574162117082711
0.3,0.002,confounded,1,pooled_mlp,logger12_balanced,logger2_heavy,0.00831877553791436
0.3,0.002,confounded,1,source_balanced_pooled_mlp,logger1_heavy,logger12_balanced,0.0
0.3,0.002,confounded,1,source_balanced_pooled_mlp,logger1_heavy,logger2_heavy,0.0
0.3,0.002,confounded,1,source_balanced_pooled_mlp,logger12_balanced,logger2_heavy,0.0
0.3,0.002,confounded,1,source_conditioned_decoder,logger1_heavy,logger12_balanced,0.009509711907271495
0.3,0.002,confounded,1,source_conditioned_decoder,logger1_heavy,logger2_heavy,0.010702726229039018
0.3,0.002,confounded,1,source_conditioned_decoder,logger12_balanced,logger2_heavy,0.005749701323728707
0.3,0.002,confounded,1,per_source_models,logger1_heavy,logger12_balanced,0.006002326996749961
0.3,0.002,confounded,1,per_source_models,logger1_heavy,logger2_heavy,0.0050529195476352266
0.3,0.002,confounded,1,per_source_models,logger12_balanced,logger2_heavy,0.007402628558543698
0.3,0.002,confounded,1,mechanism_separated,logger1_heavy,logger12_balanced,0.007194997195157215
0.3,0.002,confounded,1,mechanism_separated,logger1_heavy,logger2_heavy,0.010250397798394902
0.3,0.002,confounded,1,mechanism_separated,logger12_balanced,logger2_heavy,0.00880242402662952
0.3,0.002,confounded,1,oracle_u_aware,logger1_heavy,logger12_balanced,0.006535487568316037
0.3,0.002,confounded,1,oracle_u_aware,logger1_heavy,logger2_heavy,0.007261296577548606
0.3,0.002,confounded,1,oracle_u_aware,logger12_balanced,logger2_heavy,0.00570704228197797
0.3,0.002,confounded,1,source_shuffle,logger1_heavy,logger12_balanced,0.005689309285525447
0.3,0.002,confounded,1,source_shuffle,logger1_heavy,logger2_heavy,0.008252089650425927
0.3,0.002,confounded,1,source_shuffle,logger12_balanced,logger2_heavy,0.006472441772460344
0.3,0.002,confounded,1,no_behavior,logger1_heavy,logger12_balanced,0.007972985533883694
0.3,0.002,confounded,1,no_behavior,logger1_heavy,logger2_heavy,0.013642021777425784
0.3,0.002,confounded,1,no_behavior,logger12_balanced,logger2_heavy,0.01010731432179853
0.3,0.002,confounded,1,source_dependent_reward,logger1_heavy,logger12_balanced,0.011807460369952373
0.3,0.002,confounded,1,source_dependent_reward,logger1_heavy,logger2_heavy,0.00881468791720777
0.3,0.002,confounded,1,source_dependent_reward,logger12_balanced,logger2_heavy,0.007540315271994066
0.3,0.002,confounded,2,pooled_mlp,logger1_heavy,logger12_balanced,0.009535435425472387
0.3,0.002,confounded,2,pooled_mlp,logger1_heavy,logger2_heavy,0.006931312832572128
0.3,0.002,confounded,2,pooled_mlp,logger12_balanced,logger2_heavy,0.007290908817061505
0.3,0.002,confounded,2,source_balanced_pooled_mlp,logger1_heavy,logger12_balanced,0.0
0.3,0.002,confounded,2,source_balanced_pooled_mlp,logger1_heavy,logger2_heavy,0.0
0.3,0.002,confounded,2,source_balanced_pooled_mlp,logger12_balanced,logger2_heavy,0.0
0.3,0.002,confounded,2,source_conditioned_decoder,logger1_heavy,logger12_balanced,0.007912678306146823
0.3,0.002,confounded,2,source_conditioned_decoder,logger1_heavy,logger2_heavy,0.007821011797739922
0.3,0.002,confounded,2,source_conditioned_decoder,logger12_balanced,logger2_heavy,0.0058938115649685395
0.3,0.002,confounded,2,per_source_models,logger1_heavy,logger12_balanced,0.0040457894066773465
0.3,0.002,confounded,2,per_source_models,logger1_heavy,logger2_heavy,0.007001793354779458
0.3,0.002,confounded,2,per_source_models,logger12_balanced,logger2_heavy,0.006596422795930914
0.3,0.002,confounded,2,mechanism_separated,logger1_heavy,logger12_balanced,0.009835581844208512
0.3,0.002,confounded,2,mechanism_separated,logger1_heavy,logger2_heavy,0.012450735421901246
0.3,0.002,confounded,2,mechanism_separated,logger12_balanced,logger2_heavy,0.00857893204456001
0.3,0.002,confounded,2,oracle_u_aware,logger1_heavy,logger12_balanced,0.011764828076376393
0.3,0.002,confounded,2,oracle_u_aware,logger1_heavy,logger2_heavy,0.011078749600617733
0.3,0.002,confounded,2,oracle_u_aware,logger12_balanced,logger2_heavy,0.006712315196887752
0.3,0.002,confounded,2,source_shuffle,logger1_heavy,logger12_balanced,0.0058069926582976425
0.3,0.002,confounded,2,source_shuffle,logger1_heavy,logger2_heavy,0.009013231517488387
0.3,0.002,confounded,2,source_shuffle,logger12_balanced,logger2_heavy,0.0062224077266872495
0.3,0.002,confounded,2,no_behavior,logger1_heavy,logger12_balanced,0.007246131728887993
0.3,0.002,confounded,2,no_behavior,logger1_heavy,logger2_heavy,0.0072517414051354485
0.3,0.002,confounded,2,no_behavior,logger12_balanced,logger2_heavy,0.010748873480595653
0.3,0.002,confounded,2,source_dependent_reward,logger1_heavy,logger12_balanced,0.007322573837064598
0.3,0.002,confounded,2,source_dependent_reward,logger1_heavy,logger2_heavy,0.0076795454560891095
0.3,0.002,confounded,2,source_dependent_reward,logger12_balanced,logger2_heavy,0.005993888346491145
0.3,0.002,confounded,3,pooled_mlp,logger1_heavy,logger12_balanced,0.00553294882043255
0.3,0.002,confounded,3,pooled_mlp,logger1_heavy,logger2_heavy,0.008657393134115047
0.3,0.002,confounded,3,pooled_mlp,logger12_balanced,logger2_heavy,0.007130509420305652
0.3,0.002,confounded,3,source_balanced_pooled_mlp,logger1_heavy,logger12_balanced,0.0
0.3,0.002,confounded,3,source_balanced_pooled_mlp,logger1_heavy,logger2_heavy,0.0
0.3,0.002,confounded,3,source_balanced_pooled_mlp,logger12_balanced,logger2_heavy,0.0
0.3,0.002,confounded,3,source_conditioned_decoder,logger1_heavy,logger12_balanced,0.009498614248063796
0.3,0.002,confounded,3,source_conditioned_decoder,logger1_heavy,logger2_heavy,0.01017660517294134
0.3,0.002,confounded,3,source_conditioned_decoder,logger12_balanced,logger2_heavy,0.0075568500742675526
0.3,0.002,confounded,3,per_source_models,logger1_heavy,logger12_balanced,0.007070170862600175
0.3,0.002,confounded,3,per_source_models,logger1_heavy,logger2_heavy,0.00526174555679587
0.3,0.002,confounded,3,per_source_models,logger12_balanced,logger2_heavy,0.009122683284916222
0.3,0.002,confounded,3,mechanism_separated,logger1_heavy,logger12_balanced,0.007859160976027596
0.3,0.002,confounded,3,mechanism_separated,logger1_heavy,logger2_heavy,0.009150548722522881
0.3,0.002,confounded,3,mechanism_separated,logger12_balanced,logger2_heavy,0.011349521667689683
0.3,0.002,confounded,3,oracle_u_aware,logger1_heavy,logger12_balanced,0.010131884168542037
0.3,0.002,confounded,3,oracle_u_aware,logger1_heavy,logger2_heavy,0.009994796644369384
0.3,0.002,confounded,3,oracle_u_aware,logger12_balanced,logger2_heavy,0.005959614690935588
0.3,0.002,confounded,3,source_shuffle,logger1_heavy,logger12_balanced,0.00867919946931068
0.3,0.002,confounded,3,source_shuffle,logger1_heavy,logger2_heavy,0.009888859037618164
0.3,0.002,confounded,3,source_shuffle,logger12_balanced,logger2_heavy,0.008358727271466014
0.3,0.002,confounded,3,no_behavior,logger1_heavy,logger12_balanced,0.008428025205647807
0.3,0.002,confounded,3,no_behavior,logger1_heavy,logger2_heavy,0.006929616496870414
0.3,0.002,confounded,3,no_behavior,logger12_balanced,logger2_heavy,0.009689983596617387
0.3,0.002,confounded,3,source_dependent_reward,logger1_heavy,logger12_balanced,0.006343642582037431
0.3,0.002,confounded,3,source_dependent_reward,logger1_heavy,logger2_heavy,0.00829291148717641
0.3,0.002,confounded,3,source_dependent_reward,logger12_balanced,logger2_heavy,0.009225769627126665
0.3,0.002,confounded,4,pooled_mlp,logger1_heavy,logger12_balanced,0.012005118505188258
0.3,0.002,confounded,4,pooled_mlp,logger1_heavy,logger2_heavy,0.009825744226909065
0.3,0.002,confounded,4,pooled_mlp,logger12_balanced,logger2_heavy,0.010924302272925946
0.3,0.002,confounded,4,source_balanced_pooled_mlp,logger1_heavy,logger12_balanced,0.0
0.3,0.002,confounded,4,source_balanced_pooled_mlp,logger1_heavy,logger2_heavy,0.0
0.3,0.002,confounded,4,source_balanced_pooled_mlp,logger12_balanced,logger2_heavy,0.0
0.3,0.002,confounded,4,source_conditioned_decoder,logger1_heavy,logger12_balanced,0.0076878680733593295
0.3,0.002,confounded,4,source_conditioned_decoder,logger1_heavy,logger2_heavy,0.010898903173342243
0.3,0.002,confounded,4,source_conditioned_decoder,logger12_balanced,logger2_heavy,0.007886712628409138
0.3,0.002,confounded,4,per_source_models,logger1_heavy,logger12_balanced,0.004941592713725757
0.3,0.002,confounded,4,per_source_models,logger1_heavy,logger2_heavy,0.004064148690561066
0.3,0.002,confounded,4,per_source_models,logger12_balanced,logger2_heavy,0.006826866695074948
0.3,0.002,confounded,4,mechanism_separated,logger1_heavy,logger12_balanced,0.010930313018723702
0.3,0.002,confounded,4,mechanism_separated,logger1_heavy,logger2_heavy,0.014901558496158467
0.3,0.002,confounded,4,mechanism_separated,logger12_balanced,logger2_heavy,0.01096675112495757
0.3,0.002,confounded,4,oracle_u_aware,logger1_heavy,logger12_balanced,0.006616363461643451
0.3,0.002,confounded,4,oracle_u_aware,logger1_heavy,logger2_heavy,0.008305864031484807
0.3,0.002,confounded,4,oracle_u_aware,logger12_balanced,logger2_heavy,0.006565412818066462
0.3,0.002,confounded,4,source_shuffle,logger1_heavy,logger12_balanced,0.009751290817656208
0.3,0.002,confounded,4,source_shuffle,logger1_heavy,logger2_heavy,0.006753392369611377
0.3,0.002,confounded,4,source_shuffle,logger12_balanced,logger2_heavy,0.008530844077224379
0.3,0.002,confounded,4,no_behavior,logger1_heavy,logger12_balanced,0.009717176879903321
0.3,0.002,confounded,4,no_behavior,logger1_heavy,logger2_heavy,0.007103693733157838
0.3,0.002,confounded,4,no_behavior,logger12_balanced,logger2_heavy,0.008133071912144069
0.3,0.002,confounded,4,source_dependent_reward,logger1_heavy,logger12_balanced,0.010866255454594206
0.3,0.002,confounded,4,source_dependent_reward,logger1_heavy,logger2_heavy,0.011387477312028837
0.3,0.002,confounded,4,source_dependent_reward,logger12_balanced,logger2_heavy,0.0077358887313677405
0.3,0.002,independent_latents,0,pooled_mlp,logger1_heavy,logger12_balanced,0.011616545362118168
0.3,0.002,independent_latents,0,pooled_mlp,logger1_heavy,logger2_heavy,0.009628782166508202
0.3,0.002,independent_latents,0,pooled_mlp,logger12_balanced,logger2_heavy,0.012025147501663142
0.3,0.002,independent_latents,0,source_balanced_pooled_mlp,logger1_heavy,logger12_balanced,0.0
0.3,0.002,independent_latents,0,source_balanced_pooled_mlp,logger1_heavy,logger2_heavy,0.0
0.3,0.002,independent_latents,0,source_balanced_pooled_mlp,logger12_balanced,logger2_heavy,0.0
0.3,0.002,independent_latents,0,source_conditioned_decoder,logger1_heavy,logger12_balanced,0.010692682146450559
0.3,0.002,independent_latents,0,source_conditioned_decoder,logger1_heavy,logger2_heavy,0.011841798096963507
0.3,0.002,independent_latents,0,source_conditioned_decoder,logger12_balanced,logger2_heavy,0.010453562668489952
0.3,0.002,independent_latents,0,per_source_models,logger1_heavy,logger12_balanced,0.006119971858494412
0.3,0.002,independent_latents,0,per_source_models,logger1_heavy,logger2_heavy,0.009129579792696659
0.3,0.002,independent_latents,0,per_source_models,logger12_balanced,logger2_heavy,0.008256064151118283
0.3,0.002,independent_latents,0,mechanism_separated,logger1_heavy,logger12_balanced,0.009922736606241007
0.3,0.002,independent_latents,0,mechanism_separated,logger1_heavy,logger2_heavy,0.010542220921001268
0.3,0.002,independent_latents,0,mechanism_separated,logger12_balanced,logger2_heavy,0.008323449907382251
0.3,0.002,independent_latents,0,oracle_u_aware,logger1_heavy,logger12_balanced,0.017082864116105486
0.3,0.002,independent_latents,0,oracle_u_aware,logger1_heavy,logger2_heavy,0.012953396595373954
0.3,0.002,independent_latents,0,oracle_u_aware,logger12_balanced,logger2_heavy,0.013915452002073286
0.3,0.002,independent_latents,0,source_shuffle,logger1_heavy,logger12_balanced,0.007441719258430476
0.3,0.002,independent_latents,0,source_shuffle,logger1_heavy,logger2_heavy,0.007420810423653943
0.3,0.002,independent_latents,0,source_shuffle,logger12_balanced,logger2_heavy,0.006716366264402771
0.3,0.002,independent_latents,0,no_behavior,logger1_heavy,logger12_balanced,0.008355551323145048
0.3,0.002,independent_latents,0,no_behavior,logger1_heavy,logger2_heavy,0.012327578103263513
0.3,0.002,independent_latents,0,no_behavior,logger12_balanced,logger2_heavy,0.00959483834704926
0.3,0.002,independent_latents,0,source_dependent_reward,logger1_heavy,logger12_balanced,0.014003547513349288
0.3,0.002,independent_latents,0,source_dependent_reward,logger1_heavy,logger2_heavy,0.012422948699470736
0.3,0.002,independent_latents,0,source_dependent_reward,logger12_balanced,logger2_heavy,0.008024667545151071
0.3,0.002,independent_latents,1,pooled_mlp,logger1_heavy,logger12_balanced,0.008069200519741469
0.3,0.002,independent_latents,1,pooled_mlp,logger1_heavy,logger2_heavy,0.009847256740396399
0.3,0.002,independent_latents,1,pooled_mlp,logger12_balanced,logger2_heavy,0.006404134419144132
0.3,0.002,independent_latents,1,source_balanced_pooled_mlp,logger1_heavy,logger12_balanced,0.0
0.3,0.002,independent_latents,1,source_balanced_pooled_mlp,logger1_heavy,logger2_heavy,0.0
0.3,0.002,independent_latents,1,source_balanced_pooled_mlp,logger12_balanced,logger2_heavy,0.0
0.3,0.002,independent_latents,1,source_conditioned_decoder,logger1_heavy,logger12_balanced,0.008450431492944733
0.3,0.002,independent_latents,1,source_conditioned_decoder,logger1_heavy,logger2_heavy,0.009102613137284546
0.3,0.002,independent_latents,1,source_conditioned_decoder,logger12_balanced,logger2_heavy,0.00610295220122537
0.3,0.002,independent_latents,1,per_source_models,logger1_heavy,logger12_balanced,0.004204502810668256
0.3,0.002,independent_latents,1,per_source_models,logger1_heavy,logger2_heavy,0.006490160049146991
0.3,0.002,independent_latents,1,per_source_models,logger12_balanced,logger2_heavy,0.007887772401110249
0.3,0.002,independent_latents,1,mechanism_separated,logger1_heavy,logger12_balanced,0.008935493915784482
0.3,0.002,independent_latents,1,mechanism_separated,logger1_heavy,logger2_heavy,0.010249331730090024
0.3,0.002,independent_latents,1,mechanism_separated,logger12_balanced,logger2_heavy,0.008755717335217178
0.3,0.002,independent_latents,1,oracle_u_aware,logger1_heavy,logger12_balanced,0.006287533046501925
0.3,0.002,independent_latents,1,oracle_u_aware,logger1_heavy,logger2_heavy,0.011370784226876943
0.3,0.002,independent_latents,1,oracle_u_aware,logger12_balanced,logger2_heavy,0.00822424289088732
0.3,0.002,independent_latents,1,source_shuffle,logger1_heavy,logger12_balanced,0.010917114546563945
0.3,0.002,independent_latents,1,source_shuffle,logger1_heavy,logger2_heavy,0.010977646959837802
0.3,0.002,independent_latents,1,source_shuffle,logger12_balanced,logger2_heavy,0.01081446639549416
0.3,0.002,independent_latents,1,no_behavior,logger1_heavy,logger12_balanced,0.008708930784248434
0.3,0.002,independent_latents,1,no_behavior,logger1_heavy,logger2_heavy,0.007348264059153591
0.3,0.002,independent_latents,1,no_behavior,logger12_balanced,logger2_heavy,0.0056879379116063925
0.3,0.002,independent_latents,1,source_dependent_reward,logger1_heavy,logger12_balanced,0.007895193757735269
0.3,0.002,independent_latents,1,source_dependent_reward,logger1_heavy,logger2_heavy,0.009937132202577923
0.3,0.002,independent_latents,1,source_dependent_reward,logger12_balanced,logger2_heavy,0.005587360697801117
0.3,0.002,independent_latents,2,pooled_mlp,logger1_heavy,logger12_balanced,0.009236201182997283
0.3,0.002,independent_latents,2,pooled_mlp,logger1_heavy,logger2_heavy,0.013306527670301707
0.3,0.002,independent_latents,2,pooled_mlp,logger12_balanced,logger2_heavy,0.007030838462288144
0.3,0.002,independent_latents,2,source_balanced_pooled_mlp,logger1_heavy,logger12_balanced,0.0
0.3,0.002,independent_latents,2,source_balanced_pooled_mlp,logger1_heavy,logger2_heavy,0.0
0.3,0.002,independent_latents,2,source_balanced_pooled_mlp,logger12_balanced,logger2_heavy,0.0
0.3,0.002,independent_latents,2,source_conditioned_decoder,logger1_heavy,logger12_balanced,0.012386317925267835
0.3,0.002,independent_latents,2,source_conditioned_decoder,logger1_heavy,logger2_heavy,0.00931160975549248
0.3,0.002,independent_latents,2,source_conditioned_decoder,logger12_balanced,logger2_heavy,0.008727387492665481
0.3,0.002,independent_latents,2,per_source_models,logger1_heavy,logger12_balanced,0.006362859398708669
0.3,0.002,independent_latents,2,per_source_models,logger1_heavy,logger2_heavy,0.0062930091902711136
0.3,0.002,independent_latents,2,per_source_models,logger12_balanced,logger2_heavy,0.003252271101443788
0.3,0.002,independent_latents,2,mechanism_separated,logger1_heavy,logger12_balanced,0.008734132379815433
0.3,0.002,independent_latents,2,mechanism_separated,logger1_heavy,logger2_heavy,0.009901533966390702
0.3,0.002,independent_latents,2,mechanism_separated,logger12_balanced,logger2_heavy,0.009175265651096689
0.3,0.002,independent_latents,2,oracle_u_aware,logger1_heavy,logger12_balanced,0.005845532297832731
0.3,0.002,independent_latents,2,oracle_u_aware,logger1_heavy,logger2_heavy,0.007570192152981863
0.3,0.002,independent_latents,2,oracle_u_aware,logger12_balanced,logger2_heavy,0.00715727172070249
0.3,0.002,independent_latents,2,source_shuffle,logger1_heavy,logger12_balanced,0.011206732128014176
0.3,0.002,independent_latents,2,source_shuffle,logger1_heavy,logger2_heavy,0.009048200117002228
0.3,0.002,independent_latents,2,source_shuffle,logger12_balanced,logger2_heavy,0.007671345043327578
0.3,0.002,independent_latents,2,no_behavior,logger1_heavy,logger12_balanced,0.008290854517073662
0.3,0.002,independent_latents,2,no_behavior,logger1_heavy,logger2_heavy,0.009286436739313501
0.3,0.002,independent_latents,2,no_behavior,logger12_balanced,logger2_heavy,0.007263761528770453
0.3,0.002,independent_latents,2,source_dependent_reward,logger1_heavy,logger12_balanced,0.011367245869388974
0.3,0.002,independent_latents,2,source_dependent_reward,logger1_heavy,logger2_heavy,0.007743901630359484
0.3,0.002,independent_latents,2,source_dependent_reward,logger12_balanced,logger2_heavy,0.010017017271935102
0.3,0.002,independent_latents,3,pooled_mlp,logger1_heavy,logger12_balanced,0.0076156824507327345
0.3,0.002,independent_latents,3,pooled_mlp,logger1_heavy,logger2_heavy,0.00831472283004479
0.3,0.002,independent_latents,3,pooled_mlp,logger12_balanced,logger2_heavy,0.006201104470213518
0.3,0.002,independent_latents,3,source_balanced_pooled_mlp,logger1_heavy,logger12_balanced,0.0
0.3,0.002,independent_latents,3,source_balanced_pooled_mlp,logger1_heavy,logger2_heavy,0.0
0.3,0.002,independent_latents,3,source_balanced_pooled_mlp,logger12_balanced,logger2_heavy,0.0
0.3,0.002,independent_latents,3,source_conditioned_decoder,logger1_heavy,logger12_balanced,0.008698342908768135
0.3,0.002,independent_latents,3,source_conditioned_decoder,logger1_heavy,logger2_heavy,0.008493614368507905
0.3,0.002,independent_latents,3,source_conditioned_decoder,logger12_balanced,logger2_heavy,0.006616375897505936
0.3,0.002,independent_latents,3,per_source_models,logger1_heavy,logger12_balanced,0.006639171177951482
0.3,0.002,independent_latents,3,per_source_models,logger1_heavy,logger2_heavy,0.0084493906217057
0.3,0.002,independent_latents,3,per_source_models,logger12_balanced,logger2_heavy,0.005437251882507256
0.3,0.002,independent_latents,3,mechanism_separated,logger1_heavy,logger12_balanced,0.006796245262415445
0.3,0.002,independent_latents,3,mechanism_separated,logger1_heavy,logger2_heavy,0.012861628212426944
0.3,0.002,independent_latents,3,mechanism_separated,logger12_balanced,logger2_heavy,0.009359208569028853
0.3,0.002,independent_latents,3,oracle_u_aware,logger1_heavy,logger12_balanced,0.011465301889976699
0.3,0.002,independent_latents,3,oracle_u_aware,logger1_heavy,logger2_heavy,0.008937679814007459
0.3,0.002,independent_latents,3,oracle_u_aware,logger12_balanced,logger2_heavy,0.007094820136267988
0.3,0.002,independent_latents,3,source_shuffle,logger1_heavy,logger12_balanced,0.010347347802277902
0.3,0.002,independent_latents,3,source_shuffle,logger1_heavy,logger2_heavy,0.014336634023630454
0.3,0.002,independent_latents,3,source_shuffle,logger12_balanced,logger2_heavy,0.007624896084287716
0.3,0.002,independent_latents,3,no_behavior,logger1_heavy,logger12_balanced,0.007221820651019426
0.3,0.002,independent_latents,3,no_behavior,logger1_heavy,logger2_heavy,0.013399597477670881
0.3,0.002,independent_latents,3,no_behavior,logger12_balanced,logger2_heavy,0.009061992040347229
0.3,0.002,independent_latents,3,source_dependent_reward,logger1_heavy,logger12_balanced,0.009015219528537292
0.3,0.002,independent_latents,3,source_dependent_reward,logger1_heavy,logger2_heavy,0.00916143386168289
0.3,0.002,independent_latents,3,source_dependent_reward,logger12_balanced,logger2_heavy,0.010359794826845002
0.3,0.002,independent_latents,4,pooled_mlp,logger1_heavy,logger12_balanced,0.009818814035995823
0.3,0.002,independent_latents,4,pooled_mlp,logger1_heavy,logger2_heavy,0.010240407560467043
0.3,0.002,independent_latents,4,pooled_mlp,logger12_balanced,logger2_heavy,0.007841128254467877
0.3,0.002,independent_latents,4,source_balanced_pooled_mlp,logger1_heavy,logger12_balanced,0.0
0.3,0.002,independent_latents,4,source_balanced_pooled_mlp,logger1_heavy,logger2_heavy,0.0
0.3,0.002,independent_latents,4,source_balanced_pooled_mlp,logger12_balanced,logger2_heavy,0.0
0.3,0.002,independent_latents,4,source_conditioned_decoder,logger1_heavy,logger12_balanced,0.01162364245357381
0.3,0.002,independent_latents,4,source_conditioned_decoder,logger1_heavy,logger2_heavy,0.012286368247661687
0.3,0.002,independent_latents,4,source_conditioned_decoder,logger12_balanced,logger2_heavy,0.006114148983474788
0.3,0.002,independent_latents,4,per_source_models,logger1_heavy,logger12_balanced,0.00412874770662909
0.3,0.002,independent_latents,4,per_source_models,logger1_heavy,logger2_heavy,0.00488382783877823
0.3,0.002,independent_latents,4,per_source_models,logger12_balanced,logger2_heavy,0.004018188280780865
0.3,0.002,independent_latents,4,mechanism_separated,logger1_heavy,logger12_balanced,0.008341805781643796
0.3,0.002,independent_latents,4,mechanism_separated,logger1_heavy,logger2_heavy,0.013551574206610736
0.3,0.002,independent_latents,4,mechanism_separated,logger12_balanced,logger2_heavy,0.009105790339594598
0.3,0.002,independent_latents,4,oracle_u_aware,logger1_heavy,logger12_balanced,0.00848544227960633
0.3,0.002,independent_latents,4,oracle_u_aware,logger1_heavy,logger2_heavy,0.006318891035855582
0.3,0.002,independent_latents,4,oracle_u_aware,logger12_balanced,logger2_heavy,0.008437917584797665
0.3,0.002,independent_latents,4,source_shuffle,logger1_heavy,logger12_balanced,0.00912669960981356
0.3,0.002,independent_latents,4,source_shuffle,logger1_heavy,logger2_heavy,0.01116031166246706
0.3,0.002,independent_latents,4,source_shuffle,logger12_balanced,logger2_heavy,0.007589354992520063
0.3,0.002,independent_latents,4,no_behavior,logger1_heavy,logger12_balanced,0.007839639430220594
0.3,0.002,independent_latents,4,no_behavior,logger1_heavy,logger2_heavy,0.008900904200879049
0.3,0.002,independent_latents,4,no_behavior,logger12_balanced,logger2_heavy,0.006264388788401531
0.3,0.002,independent_latents,4,source_dependent_reward,logger1_heavy,logger12_balanced,0.010642084679244216
0.3,0.002,independent_latents,4,source_dependent_reward,logger1_heavy,logger2_heavy,0.00791164681999428
0.3,0.002,independent_latents,4,source_dependent_reward,logger12_balanced,logger2_heavy,0.007846384904778987
0.3,0.005,confounded,0,pooled_mlp,logger1_heavy,logger12_balanced,0.015038483885176049
0.3,0.005,confounded,0,pooled_mlp,logger1_heavy,logger2_heavy,0.014339798993662087
0.3,0.005,confounded,0,pooled_mlp,logger12_balanced,logger2_heavy,0.00816135436078873
0.3,0.005,confounded,0,source_balanced_pooled_mlp,logger1_heavy,logger12_balanced,0.0
0.3,0.005,confounded,0,source_balanced_pooled_mlp,logger1_heavy,logger2_heavy,0.0
0.3,0.005,confounded,0,source_balanced_pooled_mlp,logger12_balanced,logger2_heavy,0.0
0.3,0.005,confounded,0,source_conditioned_decoder,logger1_heavy,logger12_balanced,0.006638307060941045
0.3,0.005,confounded,0,source_conditioned_decoder,logger1_heavy,logger2_heavy,0.012447461331723721
0.3,0.005,confounded,0,source_conditioned_decoder,logger12_balanced,logger2_heavy,0.012165821682014221
0.3,0.005,confounded,0,per_source_models,logger1_heavy,logger12_balanced,0.009687735693660634
0.3,0.005,confounded,0,per_source_models,logger1_heavy,logger2_heavy,0.00968728590940009
0.3,0.005,confounded,0,per_source_models,logger12_balanced,logger2_heavy,0.008479176771588609
0.3,0.005,confounded,0,mechanism_separated,logger1_heavy,logger12_balanced,0.010105899229474967
0.3,0.005,confounded,0,mechanism_separated,logger1_heavy,logger2_heavy,0.007561915887834775
0.3,0.005,confounded,0,mechanism_separated,logger12_balanced,logger2_heavy,0.009400167398428175
0.3,0.005,confounded,0,oracle_u_aware,logger1_heavy,logger12_balanced,0.00738530106119401
0.3,0.005,confounded,0,oracle_u_aware,logger1_heavy,logger2_heavy,0.00851189637977843
0.3,0.005,confounded,0,oracle_u_aware,logger12_balanced,logger2_heavy,0.005586437609614699
0.3,0.005,confounded,0,source_shuffle,logger1_heavy,logger12_balanced,0.006340985680602094
0.3,0.005,confounded,0,source_shuffle,logger1_heavy,logger2_heavy,0.008306997420217432
0.3,0.005,confounded,0,source_shuffle,logger12_balanced,logger2_heavy,0.009101225051606083
0.3,0.005,confounded,0,no_behavior,logger1_heavy,logger12_balanced,0.0101686494163187
0.3,0.005,confounded,0,no_behavior,logger1_heavy,logger2_heavy,0.017265526952996844
0.3,0.005,confounded,0,no_behavior,logger12_balanced,logger2_heavy,0.010427069139301897
0.3,0.005,confounded,0,source_dependent_reward,logger1_heavy,logger12_balanced,0.006693691753426685
0.3,0.005,confounded,0,source_dependent_reward,logger1_heavy,logger2_heavy,0.008591297387282268
0.3,0.005,confounded,0,source_dependent_reward,logger12_balanced,logger2_heavy,0.007687757191770492
0.3,0.005,confounded,1,pooled_mlp,logger1_heavy,logger12_balanced,0.0077598969158930555
0.3,0.005,confounded,1,pooled_mlp,logger1_heavy,logger2_heavy,0.007652994992450244
0.3,0.005,confounded,1,pooled_mlp,logger12_balanced,logger2_heavy,0.007196848260139557
0.3,0.005,confounded,1,source_balanced_pooled_mlp,logger1_heavy,logger12_balanced,0.0
0.3,0.005,confounded,1,source_balanced_pooled_mlp,logger1_heavy,logger2_heavy,0.0
0.3,0.005,confounded,1,source_balanced_pooled_mlp,logger12_balanced,logger2_heavy,0.0
0.3,0.005,confounded,1,source_conditioned_decoder,logger1_heavy,logger12_balanced,0.009468156563289754
0.3,0.005,confounded,1,source_conditioned_decoder,logger1_heavy,logger2_heavy,0.008232678697903222
0.3,0.005,confounded,1,source_conditioned_decoder,logger12_balanced,logger2_heavy,0.008687540291514981
0.3,0.005,confounded,1,per_source_models,logger1_heavy,logger12_balanced,0.0033445068417634876
0.3,0.005,confounded,1,per_source_models,logger1_heavy,logger2_heavy,0.006240499156837771
0.3,0.005,confounded,1,per_source_models,logger12_balanced,logger2_heavy,0.005634126640679123
0.3,0.005,confounded,1,mechanism_separated,logger1_heavy,logger12_balanced,0.01082040622392957
0.3,0.005,confounded,1,mechanism_separated,logger1_heavy,logger2_heavy,0.006852338322518959
0.3,0.005,confounded,1,mechanism_separated,logger12_balanced,logger2_heavy,0.009195521094986753
0.3,0.005,confounded,1,oracle_u_aware,logger1_heavy,logger12_balanced,0.0070058873892680585
0.3,0.005,confounded,1,oracle_u_aware,logger1_heavy,logger2_heavy,0.005922099609390283
0.3,0.005,confounded,1,oracle_u_aware,logger12_balanced,logger2_heavy,0.005226648173287942
0.3,0.005,confounded,1,source_shuffle,logger1_heavy,logger12_balanced,0.012090795974758668
0.3,0.005,confounded,1,source_shuffle,logger1_heavy,logger2_heavy,0.015992504566023986
0.3,0.005,confounded,1,source_shuffle,logger12_balanced,logger2_heavy,0.009350667842462456
0.3,0.005,confounded,1,no_behavior,logger1_heavy,logger12_balanced,0.007638574435272971
0.3,0.005,confounded,1,no_behavior,logger1_heavy,logger2_heavy,0.007602825272464825
0.3,0.005,confounded,1,no_behavior,logger12_balanced,logger2_heavy,0.007125722074585597
0.3,0.005,confounded,1,source_dependent_reward,logger1_heavy,logger12_balanced,0.0075429052619125836
0.3,0.005,confounded,1,source_dependent_reward,logger1_heavy,logger2_heavy,0.007419681419341133
0.3,0.005,confounded,1,source_dependent_reward,logger12_balanced,logger2_heavy,0.0055756168759639796
0.3,0.005,confounded,2,pooled_mlp,logger1_heavy,logger12_balanced,0.009850776261468262
0.3,0.005,confounded,2,pooled_mlp,logger1_heavy,logger2_heavy,0.008019992007481313
0.3,0.005,confounded,2,pooled_mlp,logger12_balanced,logger2_heavy,0.006377637998980764
0.3,0.005,confounded,2,source_balanced_pooled_mlp,logger1_heavy,logger12_balanced,0.0
0.3,0.005,confounded,2,source_balanced_pooled_mlp,logger1_heavy,logger2_heavy,0.0
0.3,0.005,confounded,2,source_balanced_pooled_mlp,logger12_balanced,logger2_heavy,0.0
0.3,0.005,confounded,2,source_conditioned_decoder,logger1_heavy,logger12_balanced,0.007740680590527638
0.3,0.005,confounded,2,source_conditioned_decoder,logger1_heavy,logger2_heavy,0.008591865521880156
0.3,0.005,confounded,2,source_conditioned_decoder,logger12_balanced,logger2_heavy,0.005684267761359652
0.3,0.005,confounded,2,per_source_models,logger1_heavy,logger12_balanced,0.005260893019763585
0.3,0.005,confounded,2,per_source_models,logger1_heavy,logger2_heavy,0.004226781922556639
0.3,0.005,confounded,2,per_source_models,logger12_balanced,logger2_heavy,0.004129237555853564
0.3,0.005,confounded,2,mechanism_separated,logger1_heavy,logger12_balanced,0.007197944929371371
0.3,0.005,confounded,2,mechanism_separated,logger1_heavy,logger2_heavy,0.005579158706931931
0.3,0.005,confounded,2,mechanism_separated,logger12_balanced,logger2_heavy,0.0058210321683454845
0.3,0.005,confounded,2,oracle_u_aware,logger1_heavy,logger12_balanced,0.006489787238210436
0.3,0.005,confounded,2,oracle_u_aware,logger1_heavy,logger2_heavy,0.00878422343214357
0.3,0.005,confounded,2,oracle_u_aware,logger12_balanced,logger2_heavy,0.008546805457730063
0.3,0.005,confounded,2,source_shuffle,logger1_heavy,logger12_balanced,0.006236877999472842
0.3,0.005,confounded,2,source_shuffle,logger1_heavy,logger2_heavy,0.00787517185978597
0.3,0.005,confounded,2,source_shuffle,logger12_balanced,logger2_heavy,0.006899884374382717
0.3,0.005,confounded,2,no_behavior,logger1_heavy,logger12_balanced,0.007528783099033883
0.3,0.005,confounded,2,no_behavior,logger1_heavy,logger2_heavy,0.007307590343561004
0.3,0.005,confounded,2,no_behavior,logger12_balanced,logger2_heavy,0.006597297544356493
0.3,0.005,confounded,2,source_dependent_reward,logger1_heavy,logger12_balanced,0.0061027101700656195
0.3,0.005,confounded,2,source_dependent_reward,logger1_heavy,logger2_heavy,0.007552014727306839
0.3,0.005,confounded,2,source_dependent_reward,logger12_balanced,logger2_heavy,0.005814467361761734
0.3,0.005,confounded,3,pooled_mlp,logger1_heavy,logger12_balanced,0.009551761605947107
0.3,0.005,confounded,3,pooled_mlp,logger1_heavy,logger2_heavy,0.007845704419123552
0.3,0.005,confounded,3,pooled_mlp,logger12_balanced,logger2_heavy,0.0076864931487053475
0.3,0.005,confounded,3,source_balanced_pooled_mlp,logger1_heavy,logger12_balanced,0.0
0.3,0.005,confounded,3,source_balanced_pooled_mlp,logger1_heavy,logger2_heavy,0.0
0.3,0.005,confounded,3,source_balanced_pooled_mlp,logger12_balanced,logger2_heavy,0.0
0.3,0.005,confounded,3,source_conditioned_decoder,logger1_heavy,logger12_balanced,0.006076125661427666
0.3,0.005,confounded,3,source_conditioned_decoder,logger1_heavy,logger2_heavy,0.0069863946937807385
0.3,0.005,confounded,3,source_conditioned_decoder,logger12_balanced,logger2_heavy,0.008273416048761337
0.3,0.005,confounded,3,per_source_models,logger1_heavy,logger12_balanced,0.008327124576910903
0.3,0.005,confounded,3,per_source_models,logger1_heavy,logger2_heavy,0.007965013097483296
0.3,0.005,confounded,3,per_source_models,logger12_balanced,logger2_heavy,0.004533515243182597
0.3,0.005,confounded,3,mechanism_separated,logger1_heavy,logger12_balanced,0.008583975915884126
0.3,0.005,confounded,3,mechanism_separated,logger1_heavy,logger2_heavy,0.007246836311382482
0.3,0.005,confounded,3,mechanism_separated,logger12_balanced,logger2_heavy,0.00860404342625778
0.3,0.005,confounded,3,oracle_u_aware,logger1_heavy,logger12_balanced,0.009418387898827534
0.3,0.005,confounded,3,oracle_u_aware,logger1_heavy,logger2_heavy,0.009566559435095597
0.3,0.005,confounded,3,oracle_u_aware,logger12_balanced,logger2_heavy,0.005454160429838084
0.3,0.005,confounded,3,source_shuffle,logger1_heavy,logger12_balanced,0.00944009243726916
0.3,0.005,confounded,3,source_shuffle,logger1_heavy,logger2_heavy,0.011180113291224553
0.3,0.005,confounded,3,source_shuffle,logger12_balanced,logger2_heavy,0.009130441016722175
0.3,0.005,confounded,3,no_behavior,logger1_heavy,logger12_balanced,0.009498591354399802
0.3,0.005,confounded,3,no_behavior,logger1_heavy,logger2_heavy,0.00861402153900734
0.3,0.005,confounded,3,no_behavior,logger12_balanced,logger2_heavy,0.00974121539091928
0.3,0.005,confounded,3,source_dependent_reward,logger1_heavy,logger12_balanced,0.00948432080269994
0.3,0.005,confounded,3,source_dependent_reward,logger1_heavy,logger2_heavy,0.007500368951201788
0.3,0.005,confounded,3,source_dependent_reward,logger12_balanced,logger2_heavy,0.006853322547833108
0.3,0.005,confounded,4,pooled_mlp,logger1_heavy,logger12_balanced,0.010774418036109758
0.3,0.005,confounded,4,pooled_mlp,logger1_heavy,logger2_heavy,0.011191673959684189
0.3,0.005,confounded,4,pooled_mlp,logger12_balanced,logger2_heavy,0.009628918433193082
0.3,0.005,confounded,4,source_balanced_pooled_mlp,logger1_heavy,logger12_balanced,0.0
0.3,0.005,confounded,4,source_balanced_pooled_mlp,logger1_heavy,logger2_heavy,0.0
0.3,0.005,confounded,4,source_balanced_pooled_mlp,logger12_balanced,logger2_heavy,0.0
0.3,0.005,confounded,4,source_conditioned_decoder,logger1_heavy,logger12_balanced,0.005874127210364744
0.3,0.005,confounded,4,source_conditioned_decoder,logger1_heavy,logger2_heavy,0.007892241401419522
0.3,0.005,confounded,4,source_conditioned_decoder,logger12_balanced,logger2_heavy,0.008070256380195689
0.3,0.005,confounded,4,per_source_models,logger1_heavy,logger12_balanced,0.0055387379574090125
0.3,0.005,confounded,4,per_source_models,logger1_heavy,logger2_heavy,0.004409604123099695
0.3,0.005,confounded,4,per_source_models,logger12_balanced,logger2_heavy,0.004025606742808722
0.3,0.005,confounded,4,mechanism_separated,logger1_heavy,logger12_balanced,0.008855434667568572
0.3,0.005,confounded,4,mechanism_separated,logger1_heavy,logger2_heavy,0.00826968574796097
0.3,0.005,confounded,4,mechanism_separated,logger12_balanced,logger2_heavy,0.011031453216635541
0.3,0.005,confounded,4,oracle_u_aware,logger1_heavy,logger12_balanced,0.006073929396420639
0.3,0.005,confounded,4,oracle_u_aware,logger1_heavy,logger2_heavy,0.008374070850482583
0.3,0.005,confounded,4,oracle_u_aware,logger12_balanced,logger2_heavy,0.0074553513840146
0.3,0.005,confounded,4,source_shuffle,logger1_heavy,logger12_balanced,0.007715490094038954
0.3,0.005,confounded,4,source_shuffle,logger1_heavy,logger2_heavy,0.008612369501410944
0.3,0.005,confounded,4,source_shuffle,logger12_balanced,logger2_heavy,0.0067863546350557385
0.3,0.005,confounded,4,no_behavior,logger1_heavy,logger12_balanced,0.005702813942497623
0.3,0.005,confounded,4,no_behavior,logger1_heavy,logger2_heavy,0.007002620964501005
0.3,0.005,confounded,4,no_behavior,logger12_balanced,logger2_heavy,0.006615240704757548
0.3,0.005,confounded,4,source_dependent_reward,logger1_heavy,logger12_balanced,0.007776871807996732
0.3,0.005,confounded,4,source_dependent_reward,logger1_heavy,logger2_heavy,0.01181507725333717
0.3,0.005,confounded,4,source_dependent_reward,logger12_balanced,logger2_heavy,0.00687156507839775
0.3,0.005,independent_latents,0,pooled_mlp,logger1_heavy,logger12_balanced,0.011318137327424765
0.3,0.005,independent_latents,0,pooled_mlp,logger1_heavy,logger2_heavy,0.01087250812974332
0.3,0.005,independent_latents,0,pooled_mlp,logger12_balanced,logger2_heavy,0.008345391399930556
0.3,0.005,independent_latents,0,source_balanced_pooled_mlp,logger1_heavy,logger12_balanced,0.0
0.3,0.005,independent_latents,0,source_balanced_pooled_mlp,logger1_heavy,logger2_heavy,0.0
0.3,0.005,independent_latents,0,source_balanced_pooled_mlp,logger12_balanced,logger2_heavy,0.0
0.3,0.005,independent_latents,0,source_conditioned_decoder,logger1_heavy,logger12_balanced,0.008397406764518863
0.3,0.005,independent_latents,0,source_conditioned_decoder,logger1_heavy,logger2_heavy,0.008425191785478793
0.3,0.005,independent_latents,0,source_conditioned_decoder,logger12_balanced,logger2_heavy,0.0091173716125446
0.3,0.005,independent_latents,0,per_source_models,logger1_heavy,logger12_balanced,0.006381318587068241
0.3,0.005,independent_latents,0,per_source_models,logger1_heavy,logger2_heavy,0.004346045564348756
0.3,0.005,independent_latents,0,per_source_models,logger12_balanced,logger2_heavy,0.008865318354494068
0.3,0.005,independent_latents,0,mechanism_separated,logger1_heavy,logger12_balanced,0.010917097261000775
0.3,0.005,independent_latents,0,mechanism_separated,logger1_heavy,logger2_heavy,0.008752866591179666
0.3,0.005,independent_latents,0,mechanism_separated,logger12_balanced,logger2_heavy,0.012994874240613383
0.3,0.005,independent_latents,0,oracle_u_aware,logger1_heavy,logger12_balanced,0.00821731068194236
0.3,0.005,independent_latents,0,oracle_u_aware,logger1_heavy,logger2_heavy,0.009632068248555706
0.3,0.005,independent_latents,0,oracle_u_aware,logger12_balanced,logger2_heavy,0.009197435735555549
0.3,0.005,independent_latents,0,source_shuffle,logger1_heavy,logger12_balanced,0.01198240229474917
0.3,0.005,independent_latents,0,source_shuffle,logger1_heavy,logger2_heavy,0.008197993053915678
0.3,0.005,independent_latents,0,source_shuffle,logger12_balanced,logger2_heavy,0.01152352974299343
0.3,0.005,independent_latents,0,no_behavior,logger1_heavy,logger12_balanced,0.008091699440120413
0.3,0.005,independent_latents,0,no_behavior,logger1_heavy,logger2_heavy,0.011910637535376176
0.3,0.005,independent_latents,0,no_behavior,logger12_balanced,logger2_heavy,0.01241560138664601
0.3,0.005,independent_latents,0,source_dependent_reward,logger1_heavy,logger12_balanced,0.01369165450886003
0.3,0.005,independent_latents,0,source_dependent_reward,logger1_heavy,logger2_heavy,0.010162568118353591
0.3,0.005,independent_latents,0,source_dependent_reward,logger12_balanced,logger2_heavy,0.010521655274677957
0.3,0.005,independent_latents,1,pooled_mlp,logger1_heavy,logger12_balanced,0.009488381945355728
0.3,0.005,independent_latents,1,pooled_mlp,logger1_heavy,logger2_heavy,0.008940488875789313
0.3,0.005,independent_latents,1,pooled_mlp,logger12_balanced,logger2_heavy,0.00957664400298072
0.3,0.005,independent_latents,1,source_balanced_pooled_mlp,logger1_heavy,logger12_balanced,0.0
0.3,0.005,independent_latents,1,source_balanced_pooled_mlp,logger1_heavy,logger2_heavy,0.0
0.3,0.005,independent_latents,1,source_balanced_pooled_mlp,logger12_balanced,logger2_heavy,0.0
0.3,0.005,independent_latents,1,source_conditioned_decoder,logger1_heavy,logger12_balanced,0.006894995047499817
0.3,0.005,independent_latents,1,source_conditioned_decoder,logger1_heavy,logger2_heavy,0.008715349107982271
0.3,0.005,independent_latents,1,source_conditioned_decoder,logger12_balanced,logger2_heavy,0.006076160459560333
0.3,0.005,independent_latents,1,per_source_models,logger1_heavy,logger12_balanced,0.0037960220741147035
0.3,0.005,independent_latents,1,per_source_models,logger1_heavy,logger2_heavy,0.005840345709682191
0.3,0.005,independent_latents,1,per_source_models,logger12_balanced,logger2_heavy,0.005768607167979374
0.3,0.005,independent_latents,1,mechanism_separated,logger1_heavy,logger12_balanced,0.010441010613583632
0.3,0.005,independent_latents,1,mechanism_separated,logger1_heavy,logger2_heavy,0.009617323136482885
0.3,0.005,independent_latents,1,mechanism_separated,logger12_balanced,logger2_heavy,0.011000786076230252
0.3,0.005,independent_latents,1,oracle_u_aware,logger1_heavy,logger12_balanced,0.008733569349100417
0.3,0.005,independent_latents,1,oracle_u_aware,logger1_heavy,logger2_heavy,0.009190519605488804
0.3,0.005,independent_latents,1,oracle_u_aware,logger12_balanced,logger2_heavy,0.006237000314162394
0.3,0.005,independent_latents,1,source_shuffle,logger1_heavy,logger12_balanced,0.009577127683179896
0.3,0.005,independent_latents,1,source_shuffle,logger1_heavy,logger2_heavy,0.009030609173430224
0.3,0.005,independent_latents,1,source_shuffle,logger12_balanced,logger2_heavy,0.008766926142235466
0.3,0.005,independent_latents,1,no_behavior,logger1_heavy,logger12_balanced,0.006807887116735085
0.3,0.005,independent_latents,1,no_behavior,logger1_heavy,logger2_heavy,0.010504030915424492
0.3,0.005,independent_latents,1,no_behavior,logger12_balanced,logger2_heavy,0.008836388381208045
0.3,0.005,independent_latents,1,source_dependent_reward,logger1_heavy,logger12_balanced,0.007653505514289226
0.3,0.005,independent_latents,1,source_dependent_reward,logger1_heavy,logger2_heavy,0.009298040593186766
0.3,0.005,independent_latents,1,source_dependent_reward,logger12_balanced,logger2_heavy,0.006107107452819727
0.3,0.005,independent_latents,2,pooled_mlp,logger1_heavy,logger12_balanced,0.009339229533549721
0.3,0.005,independent_latents,2,pooled_mlp,logger1_heavy,logger2_heavy,0.010264856939167918
0.3,0.005,independent_latents,2,pooled_mlp,logger12_balanced,logger2_heavy,0.010202671121667754
0.3,0.005,independent_latents,2,source_balanced_pooled_mlp,logger1_heavy,logger12_balanced,0.0
0.3,0.005,independent_latents,2,source_balanced_pooled_mlp,logger1_heavy,logger2_heavy,0.0
0.3,0.005,independent_latents,2,source_balanced_pooled_mlp,logger12_balanced,logger2_heavy,0.0
0.3,0.005,independent_latents,2,source_conditioned_decoder,logger1_heavy,logger12_balanced,0.01126277900359689
0.3,0.005,independent_latents,2,source_conditioned_decoder,logger1_heavy,logger2_heavy,0.015170283782191636
0.3,0.005,independent_latents,2,source_conditioned_decoder,logger12_balanced,logger2_heavy,0.008518206628068186
0.3,0.005,independent_latents,2,per_source_models,logger1_heavy,logger12_balanced,0.004107944914639395
0.3,0.005,independent_latents,2,per_source_models,logger1_heavy,logger2_heavy,0.006722949552260753
0.3,0.005,independent_latents,2,per_source_models,logger12_balanced,logger2_heavy,0.008789843276554873
0.3,0.005,independent_latents,2,mechanism_separated,logger1_heavy,logger12_balanced,0.00869244949712324
0.3,0.005,independent_latents,2,mechanism_separated,logger1_heavy,logger2_heavy,0.006353660286113038
0.3,0.005,independent_latents,2,mechanism_separated,logger12_balanced,logger2_heavy,0.008064323452896786
0.3,0.005,independent_latents,2,oracle_u_aware,logger1_heavy,logger12_balanced,0.007177699844707723
0.3,0.005,independent_latents,2,oracle_u_aware,logger1_heavy,logger2_heavy,0.009296203697531119
0.3,0.005,independent_latents,2,oracle_u_aware,logger12_balanced,logger2_heavy,0.0062256603026443124
0.3,0.005,independent_latents,2,source_shuffle,logger1_heavy,logger12_balanced,0.009485219442766871
0.3,0.005,independent_latents,2,source_shuffle,logger1_heavy,logger2_heavy,0.01069007479301841
0.3,0.005,independent_latents,2,source_shuffle,logger12_balanced,logger2_heavy,0.0074079616972635475
0.3,0.005,independent_latents,2,no_behavior,logger1_heavy,logger12_balanced,0.008846707900531431
0.3,0.005,independent_latents,2,no_behavior,logger1_heavy,logger2_heavy,0.007545224770767277
0.3,0.005,independent_latents,2,no_behavior,logger12_balanced,logger2_heavy,0.0095971233721723
0.3,0.005,independent_latents,2,source_dependent_reward,logger1_heavy,logger12_balanced,0.0072645952696280556
0.3,0.005,independent_latents,2,source_dependent_reward,logger1_heavy,logger2_heavy,0.007347093884246775
0.3,0.005,independent_latents,2,source_dependent_reward,logger12_balanced,logger2_heavy,0.007109591939948696
0.3,0.005,independent_latents,3,pooled_mlp,logger1_heavy,logger12_balanced,0.00841650630017694
0.3,0.005,independent_latents,3,pooled_mlp,logger1_heavy,logger2_heavy,0.008256742558034437
0.3,0.005,independent_latents,3,pooled_mlp,logger12_balanced,logger2_heavy,0.005494690830870769
0.3,0.005,independent_latents,3,source_balanced_pooled_mlp,logger1_heavy,logger12_balanced,0.0
0.3,0.005,independent_latents,3,source_balanced_pooled_mlp,logger1_heavy,logger2_heavy,0.0
0.3,0.005,independent_latents,3,source_balanced_pooled_mlp,logger12_balanced,logger2_heavy,0.0
0.3,0.005,independent_latents,3,source_conditioned_decoder,logger1_heavy,logger12_balanced,0.009490201489340546
0.3,0.005,independent_latents,3,source_conditioned_decoder,logger1_heavy,logger2_heavy,0.00791858719545958
0.3,0.005,independent_latents,3,source_conditioned_decoder,logger12_balanced,logger2_heavy,0.010720470535207492
0.3,0.005,independent_latents,3,per_source_models,logger1_heavy,logger12_balanced,0.004534944546110449
0.3,0.005,independent_latents,3,per_source_models,logger1_heavy,logger2_heavy,0.0058511447347638105
0.3,0.005,independent_latents,3,per_source_models,logger12_balanced,logger2_heavy,0.00477984687395554
0.3,0.005,independent_latents,3,mechanism_separated,logger1_heavy,logger12_balanced,0.01094773689589743
0.3,0.005,independent_latents,3,mechanism_separated,logger1_heavy,logger2_heavy,0.010674709645109812
0.3,0.005,independent_latents,3,mechanism_separated,logger12_balanced,logger2_heavy,0.005484013292855031
0.3,0.005,independent_latents,3,oracle_u_aware,logger1_heavy,logger12_balanced,0.007311133416673026
0.3,0.005,independent_latents,3,oracle_u_aware,logger1_heavy,logger2_heavy,0.005736432617980967
0.3,0.005,independent_latents,3,oracle_u_aware,logger12_balanced,logger2_heavy,0.00555544309709724
0.3,0.005,independent_latents,3,source_shuffle,logger1_heavy,logger12_balanced,0.01041094208433053
0.3,0.005,independent_latents,3,source_shuffle,logger1_heavy,logger2_heavy,0.008682917985516535
0.3,0.005,independent_latents,3,source_shuffle,logger12_balanced,logger2_heavy,0.009198363170609425
0.3,0.005,independent_latents,3,no_behavior,logger1_heavy,logger12_balanced,0.0066909920807628875
0.3,0.005,independent_latents,3,no_behavior,logger1_heavy,logger2_heavy,0.012588979018590884
0.3,0.005,independent_latents,3,no_behavior,logger12_balanced,logger2_heavy,0.009759009901816421
0.3,0.005,independent_latents,3,source_dependent_reward,logger1_heavy,logger12_balanced,0.008054313467375816
0.3,0.005,independent_latents,3,source_dependent_reward,logger1_heavy,logger2_heavy,0.008721461189397775
0.3,0.005,independent_latents,3,source_dependent_reward,logger12_balanced,logger2_heavy,0.006974372141025447
0.3,0.005,independent_latents,4,pooled_mlp,logger1_heavy,logger12_balanced,0.009373619021115285
0.3,0.005,independent_latents,4,pooled_mlp,logger1_heavy,logger2_heavy,0.008583564644524208
0.3,0.005,independent_latents,4,pooled_mlp,logger12_balanced,logger2_heavy,0.008369181336253124
0.3,0.005,independent_latents,4,source_balanced_pooled_mlp,logger1_heavy,logger12_balanced,0.0
0.3,0.005,independent_latents,4,source_balanced_pooled_mlp,logger1_heavy,logger2_heavy,0.0
0.3,0.005,independent_latents,4,source_balanced_pooled_mlp,logger12_balanced,logger2_heavy,0.0
0.3,0.005,independent_latents,4,source_conditioned_decoder,logger1_heavy,logger12_balanced,0.00895576708641472
0.3,0.005,independent_latents,4,source_conditioned_decoder,logger1_heavy,logger2_heavy,0.00966728778631112
0.3,0.005,independent_latents,4,source_conditioned_decoder,logger12_balanced,logger2_heavy,0.007864166216195565
0.3,0.005,independent_latents,4,per_source_models,logger1_heavy,logger12_balanced,0.0059613183272477065
0.3,0.005,independent_latents,4,per_source_models,logger1_heavy,logger2_heavy,0.00537640958146555
0.3,0.005,independent_latents,4,per_source_models,logger12_balanced,logger2_heavy,0.005362733070400003
0.3,0.005,independent_latents,4,mechanism_separated,logger1_heavy,logger12_balanced,0.006808049633955708
0.3,0.005,independent_latents,4,mechanism_separated,logger1_heavy,logger2_heavy,0.010624798094247486
0.3,0.005,independent_latents,4,mechanism_separated,logger12_balanced,logger2_heavy,0.008230683631459134
0.3,0.005,independent_latents,4,oracle_u_aware,logger1_heavy,logger12_balanced,0.013200224308826771
0.3,0.005,independent_latents,4,oracle_u_aware,logger1_heavy,logger2_heavy,0.009428828905607667
0.3,0.005,independent_latents,4,oracle_u_aware,logger12_balanced,logger2_heavy,0.009544594448362054
0.3,0.005,independent_latents,4,source_shuffle,logger1_heavy,logger12_balanced,0.011223094845569158
0.3,0.005,independent_latents,4,source_shuffle,logger1_heavy,logger2_heavy,0.009462074549686502
0.3,0.005,independent_latents,4,source_shuffle,logger12_balanced,logger2_heavy,0.009497985416801094
0.3,0.005,independent_latents,4,no_behavior,logger1_heavy,logger12_balanced,0.008315479503675473
0.3,0.005,independent_latents,4,no_behavior,logger1_heavy,logger2_heavy,0.007672255804297588
0.3,0.005,independent_latents,4,no_behavior,logger12_balanced,logger2_heavy,0.006910619464561633
0.3,0.005,independent_latents,4,source_dependent_reward,logger1_heavy,logger12_balanced,0.008983577997117265
0.3,0.005,independent_latents,4,source_dependent_reward,logger1_heavy,logger2_heavy,0.008352280789542404
0.3,0.005,independent_latents,4,source_dependent_reward,logger12_balanced,logger2_heavy,0.0076869482704550445
0.3,0.01,confounded,0,pooled_mlp,logger1_heavy,logger12_balanced,0.009914734105393619
0.3,0.01,confounded,0,pooled_mlp,logger1_heavy,logger2_heavy,0.00851071429315179
0.3,0.01,confounded,0,pooled_mlp,logger12_balanced,logger2_heavy,0.0099688451252229
0.3,0.01,confounded,0,source_balanced_pooled_mlp,logger1_heavy,logger12_balanced,0.0
0.3,0.01,confounded,0,source_balanced_pooled_mlp,logger1_heavy,logger2_heavy,0.0
0.3,0.01,confounded,0,source_balanced_pooled_mlp,logger12_balanced,logger2_heavy,0.0
0.3,0.01,confounded,0,source_conditioned_decoder,logger1_heavy,logger12_balanced,0.007904506923667395
0.3,0.01,confounded,0,source_conditioned_decoder,logger1_heavy,logger2_heavy,0.009263449132250058
0.3,0.01,confounded,0,source_conditioned_decoder,logger12_balanced,logger2_heavy,0.010625376740206357
0.3,0.01,confounded,0,per_source_models,logger1_heavy,logger12_balanced,0.007341040274454762
0.3,0.01,confounded,0,per_source_models,logger1_heavy,logger2_heavy,0.005864502735484653
0.3,0.01,confounded,0,per_source_models,logger12_balanced,logger2_heavy,0.004969497415572439
0.3,0.01,confounded,0,mechanism_separated,logger1_heavy,logger12_balanced,0.010959542835737348
0.3,0.01,confounded,0,mechanism_separated,logger1_heavy,logger2_heavy,0.010802491069034257
0.3,0.01,confounded,0,mechanism_separated,logger12_balanced,logger2_heavy,0.011465484435926957
0.3,0.01,confounded,0,oracle_u_aware,logger1_heavy,logger12_balanced,0.014125615875228476
0.3,0.01,confounded,0,oracle_u_aware,logger1_heavy,logger2_heavy,0.008223710465687591
0.3,0.01,confounded,0,oracle_u_aware,logger12_balanced,logger2_heavy,0.011150096738167865
0.3,0.01,confounded,0,source_shuffle,logger1_heavy,logger12_balanced,0.014145236575101795
0.3,0.01,confounded,0,source_shuffle,logger1_heavy,logger2_heavy,0.013995702112987942
0.3,0.01,confounded,0,source_shuffle,logger12_balanced,logger2_heavy,0.012428843901176505
0.3,0.01,confounded,0,no_behavior,logger1_heavy,logger12_balanced,0.008940388354684048
0.3,0.01,confounded,0,no_behavior,logger1_heavy,logger2_heavy,0.00977536340027739
0.3,0.01,confounded,0,no_behavior,logger12_balanced,logger2_heavy,0.009320950801802027
0.3,0.01,confounded,0,source_dependent_reward,logger1_heavy,logger12_balanced,0.008336492939119686
0.3,0.01,confounded,0,source_dependent_reward,logger1_heavy,logger2_heavy,0.01358816209938845
0.3,0.01,confounded,0,source_dependent_reward,logger12_balanced,logger2_heavy,0.00939759610266596
0.3,0.01,confounded,1,pooled_mlp,logger1_heavy,logger12_balanced,0.007158459137812918
0.3,0.01,confounded,1,pooled_mlp,logger1_heavy,logger2_heavy,0.00812289676758773
0.3,0.01,confounded,1,pooled_mlp,logger12_balanced,logger2_heavy,0.006744011554286537
0.3,0.01,confounded,1,source_balanced_pooled_mlp,logger1_heavy,logger12_balanced,0.0
0.3,0.01,confounded,1,source_balanced_pooled_mlp,logger1_heavy,logger2_heavy,0.0
0.3,0.01,confounded,1,source_balanced_pooled_mlp,logger12_balanced,logger2_heavy,0.0
0.3,0.01,confounded,1,source_conditioned_decoder,logger1_heavy,logger12_balanced,0.006875864794347704
0.3,0.01,confounded,1,source_conditioned_decoder,logger1_heavy,logger2_heavy,0.00839637213125982
0.3,0.01,confounded,1,source_conditioned_decoder,logger12_balanced,logger2_heavy,0.005784544680820205
0.3,0.01,confounded,1,per_source_models,logger1_heavy,logger12_balanced,0.00395482808746185
0.3,0.01,confounded,1,per_source_models,logger1_heavy,logger2_heavy,0.0032496343326238377
0.3,0.01,confounded,1,per_source_models,logger12_balanced,logger2_heavy,0.0037254222109972747
0.3,0.01,confounded,1,mechanism_separated,logger1_heavy,logger12_balanced,0.008962672019482197
0.3,0.01,confounded,1,mechanism_separated,logger1_heavy,logger2_heavy,0.007334594126790554
0.3,0.01,confounded,1,mechanism_separated,logger12_balanced,logger2_heavy,0.007546463711393923
0.3,0.01,confounded,1,oracle_u_aware,logger1_heavy,logger12_balanced,0.005964114926326416
0.3,0.01,confounded,1,oracle_u_aware,logger1_heavy,logger2_heavy,0.010079361213821162
0.3,0.01,confounded,1,oracle_u_aware,logger12_balanced,logger2_heavy,0.010930395859904291
0.3,0.01,confounded,1,source_shuffle,logger1_heavy,logger12_balanced,0.007455253837317346
0.3,0.01,confounded,1,source_shuffle,logger1_heavy,logger2_heavy,0.010025055030456403
0.3,0.01,confounded,1,source_shuffle,logger12_balanced,logger2_heavy,0.007180083559357701
0.3,0.01,confounded,1,no_behavior,logger1_heavy,logger12_balanced,0.0074126900320204804
0.3,0.01,confounded,1,no_behavior,logger1_heavy,logger2_heavy,0.007569315643449148
0.3,0.01,confounded,1,no_behavior,logger12_balanced,logger2_heavy,0.007514213038082392
0.3,0.01,confounded,1,source_dependent_reward,logger1_heavy,logger12_balanced,0.007375553315934246
0.3,0.01,confounded,1,source_dependent_reward,logger1_heavy,logger2_heavy,0.008720157176208453
0.3,0.01,confounded,1,source_dependent_reward,logger12_balanced,logger2_heavy,0.008258300753344286
0.3,0.01,confounded,2,pooled_mlp,logger1_heavy,logger12_balanced,0.0106892688299116
0.3,0.01,confounded,2,pooled_mlp,logger1_heavy,logger2_heavy,0.007757526225660439
0.3,0.01,confounded,2,pooled_mlp,logger12_balanced,logger2_heavy,0.00979747571825173
0.3,0.01,confounded,2,source_balanced_pooled_mlp,logger1_heavy,logger12_balanced,0.0
0.3,0.01,confounded,2,source_balanced_pooled_mlp,logger1_heavy,logger2_heavy,0.0
0.3,0.01,confounded,2,source_balanced_pooled_mlp,logger12_balanced,logger2_heavy,0.0
0.3,0.01,confounded,2,source_conditioned_decoder,logger1_heavy,logger12_balanced,0.009111323115019573
0.3,0.01,confounded,2,source_conditioned_decoder,logger1_heavy,logger2_heavy,0.00818242831729895
0.3,0.01,confounded,2,source_conditioned_decoder,logger12_balanced,logger2_heavy,0.008294571693356347
0.3,0.01,confounded,2,per_source_models,logger1_heavy,logger12_balanced,0.005559144293681696
0.3,0.01,confounded,2,per_source_models,logger1_heavy,logger2_heavy,0.004704922378532744
0.3,0.01,confounded,2,per_source_models,logger12_balanced,logger2_heavy,0.005944182834413596
0.3,0.01,confounded,2,mechanism_separated,logger1_heavy,logger12_balanced,0.007326571141699796
0.3,0.01,confounded,2,mechanism_separated,logger1_heavy,logger2_heavy,0.007347121641477556
0.3,0.01,confounded,2,mechanism_separated,logger12_balanced,logger2_heavy,0.006159250770265416
0.3,0.01,confounded,2,oracle_u_aware,logger1_heavy,logger12_balanced,0.009185999375786652
0.3,0.01,confounded,2,oracle_u_aware,logger1_heavy,logger2_heavy,0.013671750740964456
0.3,0.01,confounded,2,oracle_u_aware,logger12_balanced,logger2_heavy,0.009725990996163687
0.3,0.01,confounded,2,source_shuffle,logger1_heavy,logger12_balanced,0.006577723780720776
0.3,0.01,confounded,2,source_shuffle,logger1_heavy,logger2_heavy,0.007838993947679465
0.3,0.01,confounded,2,source_shuffle,logger12_balanced,logger2_heavy,0.007193736597747936
0.3,0.01,confounded,2,no_behavior,logger1_heavy,logger12_balanced,0.014223786685528478
0.3,0.01,confounded,2,no_behavior,logger1_heavy,logger2_heavy,0.007823535161829152
0.3,0.01,confounded,2,no_behavior,logger12_balanced,logger2_heavy,0.010490343259230482
0.3,0.01,confounded,2,source_dependent_reward,logger1_heavy,logger12_balanced,0.00883665383589661
0.3,0.01,confounded,2,source_dependent_reward,logger1_heavy,logger2_heavy,0.011897662465285685
0.3,0.01,confounded,2,source_dependent_reward,logger12_balanced,logger2_heavy,0.008296070024424186
0.3,0.01,confounded,3,pooled_mlp,logger1_heavy,logger12_balanced,0.008618872159229716
0.3,0.01,confounded,3,pooled_mlp,logger1_heavy,logger2_heavy,0.009566407386584834
0.3,0.01,confounded,3,pooled_mlp,logger12_balanced,logger2_heavy,0.006165479362951403
0.3,0.01,confounded,3,source_balanced_pooled_mlp,logger1_heavy,logger12_balanced,0.0
0.3,0.01,confounded,3,source_balanced_pooled_mlp,logger1_heavy,logger2_heavy,0.0
0.3,0.01,confounded,3,source_balanced_pooled_mlp,logger12_balanced,logger2_heavy,0.0
0.3,0.01,confounded,3,source_conditioned_decoder,logger1_heavy,logger12_balanced,0.00843715929544666
0.3,0.01,confounded,3,source_conditioned_decoder,logger1_heavy,logger2_heavy,0.008865521719494023
0.3,0.01,confounded,3,source_conditioned_decoder,logger12_balanced,logger2_heavy,0.008063703841784712
0.3,0.01,confounded,3,per_source_models,logger1_heavy,logger12_balanced,0.004226558637839484
0.3,0.01,confounded,3,per_source_models,logger1_heavy,logger2_heavy,0.009020918696692025
0.3,0.01,confounded,3,per_source_models,logger12_balanced,logger2_heavy,0.009373056130633614
0.3,0.01,confounded,3,mechanism_separated,logger1_heavy,logger12_balanced,0.008814772120806152
0.3,0.01,confounded,3,mechanism_separated,logger1_heavy,logger2_heavy,0.007641643188521597
0.3,0.01,confounded,3,mechanism_separated,logger12_balanced,logger2_heavy,0.00846321198021956
0.3,0.01,confounded,3,oracle_u_aware,logger1_heavy,logger12_balanced,0.01129836947112442
0.3,0.01,confounded,3,oracle_u_aware,logger1_heavy,logger2_heavy,0.010658544903520036
0.3,0.01,confounded,3,oracle_u_aware,logger12_balanced,logger2_heavy,0.006432531646359929
0.3,0.01,confounded,3,source_shuffle,logger1_heavy,logger12_balanced,0.006233131758913863
0.3,0.01,confounded,3,source_shuffle,logger1_heavy,logger2_heavy,0.0073769168551716
0.3,0.01,confounded,3,source_shuffle,logger12_balanced,logger2_heavy,0.0076022835116969735
0.3,0.01,confounded,3,no_behavior,logger1_heavy,logger12_balanced,0.007359618420620302
0.3,0.01,confounded,3,no_behavior,logger1_heavy,logger2_heavy,0.009089893174897591
0.3,0.01,confounded,3,no_behavior,logger12_balanced,logger2_heavy,0.007239517346588947
0.3,0.01,confounded,3,source_dependent_reward,logger1_heavy,logger12_balanced,0.007786450853434315
0.3,0.01,confounded,3,source_dependent_reward,logger1_heavy,logger2_heavy,0.01010226924510662
0.3,0.01,confounded,3,source_dependent_reward,logger12_balanced,logger2_heavy,0.008751537110987908
0.3,0.01,confounded,4,pooled_mlp,logger1_heavy,logger12_balanced,0.007592280925270646
0.3,0.01,confounded,4,pooled_mlp,logger1_heavy,logger2_heavy,0.00782986904392305
0.3,0.01,confounded,4,pooled_mlp,logger12_balanced,logger2_heavy,0.008567245320514524
0.3,0.01,confounded,4,source_balanced_pooled_mlp,logger1_heavy,logger12_balanced,0.0
0.3,0.01,confounded,4,source_balanced_pooled_mlp,logger1_heavy,logger2_heavy,0.0
0.3,0.01,confounded,4,source_balanced_pooled_mlp,logger12_balanced,logger2_heavy,0.0
0.3,0.01,confounded,4,source_conditioned_decoder,logger1_heavy,logger12_balanced,0.010146835889269356
0.3,0.01,confounded,4,source_conditioned_decoder,logger1_heavy,logger2_heavy,0.008654819257318523
0.3,0.01,confounded,4,source_conditioned_decoder,logger12_balanced,logger2_heavy,0.00855146436579874
0.3,0.01,confounded,4,per_source_models,logger1_heavy,logger12_balanced,0.002959341174112517
0.3,0.01,confounded,4,per_source_models,logger1_heavy,logger2_heavy,0.004304669116972392
0.3,0.01,confounded,4,per_source_models,logger12_balanced,logger2_heavy,0.004696775893171271
0.3,0.01,confounded,4,mechanism_separated,logger1_heavy,logger12_balanced,0.010427536225291993
0.3,0.01,confounded,4,mechanism_separated,logger1_heavy,logger2_heavy,0.00832815732843601
0.3,0.01,confounded,4,mechanism_separated,logger12_balanced,logger2_heavy,0.01052765706699663
0.3,0.01,confounded,4,oracle_u_aware,logger1_heavy,logger12_balanced,0.010922106419588738
0.3,0.01,confounded,4,oracle_u_aware,logger1_heavy,logger2_heavy,0.009843692564429886
0.3,0.01,confounded,4,oracle_u_aware,logger12_balanced,logger2_heavy,0.00823229306397227
0.3,0.01,confounded,4,source_shuffle,logger1_heavy,logger12_balanced,0.012975620149026609
0.3,0.01,confounded,4,source_shuffle,logger1_heavy,logger2_heavy,0.008938086943267379
0.3,0.01,confounded,4,source_shuffle,logger12_balanced,logger2_heavy,0.011685347132912765
0.3,0.01,confounded,4,no_behavior,logger1_heavy,logger12_balanced,0.012245495435421996
0.3,0.01,confounded,4,no_behavior,logger1_heavy,logger2_heavy,0.00984494120716464
0.3,0.01,confounded,4,no_behavior,logger12_balanced,logger2_heavy,0.012248388118266494
0.3,0.01,confounded,4,source_dependent_reward,logger1_heavy,logger12_balanced,0.007120618110455455
0.3,0.01,confounded,4,source_dependent_reward,logger1_heavy,logger2_heavy,0.008880116263613989
0.3,0.01,confounded,4,source_dependent_reward,logger12_balanced,logger2_heavy,0.008047311435269407
0.3,0.01,independent_latents,0,pooled_mlp,logger1_heavy,logger12_balanced,0.012093792444910888
0.3,0.01,independent_latents,0,pooled_mlp,logger1_heavy,logger2_heavy,0.011086807873968731
0.3,0.01,independent_latents,0,pooled_mlp,logger12_balanced,logger2_heavy,0.009044811310395943
0.3,0.01,independent_latents,0,source_balanced_pooled_mlp,logger1_heavy,logger12_balanced,0.0
0.3,0.01,independent_latents,0,source_balanced_pooled_mlp,logger1_heavy,logger2_heavy,0.0
0.3,0.01,independent_latents,0,source_balanced_pooled_mlp,logger12_balanced,logger2_heavy,0.0
0.3,0.01,independent_latents,0,source_conditioned_decoder,logger1_heavy,logger12_balanced,0.010305550295660462
0.3,0.01,independent_latents,0,source_conditioned_decoder,logger1_heavy,logger2_heavy,0.009311760026233568
0.3,0.01,independent_latents,0,source_conditioned_decoder,logger12_balanced,logger2_heavy,0.006768067487417369
0.3,0.01,independent_latents,0,per_source_models,logger1_heavy,logger12_balanced,0.0029207420984261145
0.3,0.01,independent_latents,0,per_source_models,logger1_heavy,logger2_heavy,0.006300431555720977
0.3,0.01,independent_latents,0,per_source_models,logger12_balanced,logger2_heavy,0.005259596546213172
0.3,0.01,independent_latents,0,mechanism_separated,logger1_heavy,logger12_balanced,0.00943894176674111
0.3,0.01,independent_latents,0,mechanism_separated,logger1_heavy,logger2_heavy,0.009994139953359972
0.3,0.01,independent_latents,0,mechanism_separated,logger12_balanced,logger2_heavy,0.011939368105860635
0.3,0.01,independent_latents,0,oracle_u_aware,logger1_heavy,logger12_balanced,0.00740711807398242
0.3,0.01,independent_latents,0,oracle_u_aware,logger1_heavy,logger2_heavy,0.006797853261500829
0.3,0.01,independent_latents,0,oracle_u_aware,logger12_balanced,logger2_heavy,0.008780213524093493
0.3,0.01,independent_latents,0,source_shuffle,logger1_heavy,logger12_balanced,0.012273107322975327
0.3,0.01,independent_latents,0,source_shuffle,logger1_heavy,logger2_heavy,0.010957528370700322
0.3,0.01,independent_latents,0,source_shuffle,logger12_balanced,logger2_heavy,0.009186169013003875
0.3,0.01,independent_latents,0,no_behavior,logger1_heavy,logger12_balanced,0.009099166092980955
0.3,0.01,independent_latents,0,no_behavior,logger1_heavy,logger2_heavy,0.007566462284268737
0.3,0.01,independent_latents,0,no_behavior,logger12_balanced,logger2_heavy,0.010536250630164962
0.3,0.01,independent_latents,0,source_dependent_reward,logger1_heavy,logger12_balanced,0.008660818315705006
0.3,0.01,independent_latents,0,source_dependent_reward,logger1_heavy,logger2_heavy,0.010471582936312344
0.3,0.01,independent_latents,0,source_dependent_reward,logger12_balanced,logger2_heavy,0.009063077996609374
0.3,0.01,independent_latents,1,pooled_mlp,logger1_heavy,logger12_balanced,0.010232758396976651
0.3,0.01,independent_latents,1,pooled_mlp,logger1_heavy,logger2_heavy,0.011799694501119912
0.3,0.01,independent_latents,1,pooled_mlp,logger12_balanced,logger2_heavy,0.009376211707868409
0.3,0.01,independent_latents,1,source_balanced_pooled_mlp,logger1_heavy,logger12_balanced,0.0
0.3,0.01,independent_latents,1,source_balanced_pooled_mlp,logger1_heavy,logger2_heavy,0.0
0.3,0.01,independent_latents,1,source_balanced_pooled_mlp,logger12_balanced,logger2_heavy,0.0
0.3,0.01,independent_latents,1,source_conditioned_decoder,logger1_heavy,logger12_balanced,0.01018761894636331
0.3,0.01,independent_latents,1,source_conditioned_decoder,logger1_heavy,logger2_heavy,0.010748157329230814
0.3,0.01,independent_latents,1,source_conditioned_decoder,logger12_balanced,logger2_heavy,0.007039425099090962
0.3,0.01,independent_latents,1,per_source_models,logger1_heavy,logger12_balanced,0.004430879628514034
0.3,0.01,independent_latents,1,per_source_models,logger1_heavy,logger2_heavy,0.0042254195246395
0.3,0.01,independent_latents,1,per_source_models,logger12_balanced,logger2_heavy,0.003012778774387895
0.3,0.01,independent_latents,1,mechanism_separated,logger1_heavy,logger12_balanced,0.009779388499535364
0.3,0.01,independent_latents,1,mechanism_separated,logger1_heavy,logger2_heavy,0.010451891119138313
0.3,0.01,independent_latents,1,mechanism_separated,logger12_balanced,logger2_heavy,0.005986555274505129
0.3,0.01,independent_latents,1,oracle_u_aware,logger1_heavy,logger12_balanced,0.00761205871227529
0.3,0.01,independent_latents,1,oracle_u_aware,logger1_heavy,logger2_heavy,0.00808621369833308
0.3,0.01,independent_latents,1,oracle_u_aware,logger12_balanced,logger2_heavy,0.007295397252302144
0.3,0.01,independent_latents,1,source_shuffle,logger1_heavy,logger12_balanced,0.012231991029584393
0.3,0.01,independent_latents,1,source_shuffle,logger1_heavy,logger2_heavy,0.013734090744048645
0.3,0.01,independent_latents,1,source_shuffle,logger12_balanced,logger2_heavy,0.006396692504358044
0.3,0.01,independent_latents,1,no_behavior,logger1_heavy,logger12_balanced,0.008565098752461035
0.3,0.01,independent_latents,1,no_behavior,logger1_heavy,logger2_heavy,0.008429276584664996
0.3,0.01,independent_latents,1,no_behavior,logger12_balanced,logger2_heavy,0.010321873515136817
0.3,0.01,independent_latents,1,source_dependent_reward,logger1_heavy,logger12_balanced,0.01384493214897446
0.3,0.01,independent_latents,1,source_dependent_reward,logger1_heavy,logger2_heavy,0.014295394047881512
0.3,0.01,independent_latents,1,source_dependent_reward,logger12_balanced,logger2_heavy,0.006831297489831575
0.3,0.01,independent_latents,2,pooled_mlp,logger1_heavy,logger12_balanced,0.009956653067412573
0.3,0.01,independent_latents,2,pooled_mlp,logger1_heavy,logger2_heavy,0.011888629358605152
0.3,0.01,independent_latents,2,pooled_mlp,logger12_balanced,logger2_heavy,0.007236985325905146
0.3,0.01,independent_latents,2,source_balanced_pooled_mlp,logger1_heavy,logger12_balanced,0.0
0.3,0.01,independent_latents,2,source_balanced_pooled_mlp,logger1_heavy,logger2_heavy,0.0
0.3,0.01,independent_latents,2,source_balanced_pooled_mlp,logger12_balanced,logger2_heavy,0.0
0.3,0.01,independent_latents,2,source_conditioned_decoder,logger1_heavy,logger12_balanced,0.008973179570252156
0.3,0.01,independent_latents,2,source_conditioned_decoder,logger1_heavy,logger2_heavy,0.009877964804916525
0.3,0.01,independent_latents,2,source_conditioned_decoder,logger12_balanced,logger2_heavy,0.006326772596130177
0.3,0.01,independent_latents,2,per_source_models,logger1_heavy,logger12_balanced,0.00703604272437161
0.3,0.01,independent_latents,2,per_source_models,logger1_heavy,logger2_heavy,0.005467108900116806
0.3,0.01,independent_latents,2,per_source_models,logger12_balanced,logger2_heavy,0.010005573138444085
0.3,0.01,independent_latents,2,mechanism_separated,logger1_heavy,logger12_balanced,0.012676411676530436
0.3,0.01,independent_latents,2,mechanism_separated,logger1_heavy,logger2_heavy,0.010097424854535185
0.3,0.01,independent_latents,2,mechanism_separated,logger12_balanced,logger2_heavy,0.00947752154826352
0.3,0.01,independent_latents,2,oracle_u_aware,logger1_heavy,logger12_balanced,0.00784764985804524
0.3,0.01,independent_latents,2,oracle_u_aware,logger1_heavy,logger2_heavy,0.006170231358377108
0.3,0.01,independent_latents,2,oracle_u_aware,logger12_balanced,logger2_heavy,0.007160132992653994
0.3,0.01,independent_latents,2,source_shuffle,logger1_heavy,logger12_balanced,0.008925833302170665
0.3,0.01,independent_latents,2,source_shuffle,logger1_heavy,logger2_heavy,0.009492886238930118
0.3,0.01,independent_latents,2,source_shuffle,logger12_balanced,logger2_heavy,0.006222106580537023
0.3,0.01,independent_latents,2,no_behavior,logger1_heavy,logger12_balanced,0.007664747499797606
0.3,0.01,independent_latents,2,no_behavior,logger1_heavy,logger2_heavy,0.011044889077531017
0.3,0.01,independent_latents,2,no_behavior,logger12_balanced,logger2_heavy,0.0073705114332122176
0.3,0.01,independent_latents,2,source_dependent_reward,logger1_heavy,logger12_balanced,0.00952350523501827
0.3,0.01,independent_latents,2,source_dependent_reward,logger1_heavy,logger2_heavy,0.01090292945916267
0.3,0.01,independent_latents,2,source_dependent_reward,logger12_balanced,logger2_heavy,0.008568095647869546
0.3,0.01,independent_latents,3,pooled_mlp,logger1_heavy,logger12_balanced,0.007924493893786183
0.3,0.01,independent_latents,3,pooled_mlp,logger1_heavy,logger2_heavy,0.00852651212382125
0.3,0.01,independent_latents,3,pooled_mlp,logger12_balanced,logger2_heavy,0.009224521184304762
0.3,0.01,independent_latents,3,source_balanced_pooled_mlp,logger1_heavy,logger12_balanced,0.0
0.3,0.01,independent_latents,3,source_balanced_pooled_mlp,logger1_heavy,logger2_heavy,0.0
0.3,0.01,independent_latents,3,source_balanced_pooled_mlp,logger12_balanced,logger2_heavy,0.0
0.3,0.01,independent_latents,3,source_conditioned_decoder,logger1_heavy,logger12_balanced,0.006356381534077032
0.3,0.01,independent_latents,3,source_conditioned_decoder,logger1_heavy,logger2_heavy,0.008840240196406512
0.3,0.01,independent_latents,3,source_conditioned_decoder,logger12_balanced,logger2_heavy,0.009602860008381552
0.3,0.01,independent_latents,3,per_source_models,logger1_heavy,logger12_balanced,0.00520449596335409
0.3,0.01,independent_latents,3,per_source_models,logger1_heavy,logger2_heavy,0.009767902040251578
0.3,0.01,independent_latents,3,per_source_models,logger12_balanced,logger2_heavy,0.0066205378902578
0.3,0.01,independent_latents,3,mechanism_separated,logger1_heavy,logger12_balanced,0.007070214546959452
0.3,0.01,independent_latents,3,mechanism_separated,logger1_heavy,logger2_heavy,0.00949791519632397
0.3,0.01,independent_latents,3,mechanism_separated,logger12_balanced,logger2_heavy,0.009187423427299727
0.3,0.01,independent_latents,3,oracle_u_aware,logger1_heavy,logger12_balanced,0.010262975647257866
0.3,0.01,independent_latents,3,oracle_u_aware,logger1_heavy,logger2_heavy,0.012140316236750454
0.3,0.01,independent_latents,3,oracle_u_aware,logger12_balanced,logger2_heavy,0.0065704593208081976
0.3,0.01,independent_latents,3,source_shuffle,logger1_heavy,logger12_balanced,0.012007561434997486
0.3,0.01,independent_latents,3,source_shuffle,logger1_heavy,logger2_heavy,0.00865533281298398
0.3,0.01,independent_latents,3,source_shuffle,logger12_balanced,logger2_heavy,0.007587031395402763
0.3,0.01,independent_latents,3,no_behavior,logger1_heavy,logger12_balanced,0.006237518602499758
0.3,0.01,independent_latents,3,no_behavior,logger1_heavy,logger2_heavy,0.0086094676194125
0.3,0.01,independent_latents,3,no_behavior,logger12_balanced,logger2_heavy,0.008183750649904791
0.3,0.01,independent_latents,3,source_dependent_reward,logger1_heavy,logger12_balanced,0.007732092609025131
0.3,0.01,independent_latents,3,source_dependent_reward,logger1_heavy,logger2_heavy,0.009631326793739707
0.3,0.01,independent_latents,3,source_dependent_reward,logger12_balanced,logger2_heavy,0.006934430231007996
0.3,0.01,independent_latents,4,pooled_mlp,logger1_heavy,logger12_balanced,0.008120618349034924
0.3,0.01,independent_latents,4,pooled_mlp,logger1_heavy,logger2_heavy,0.011017689407866387
0.3,0.01,independent_latents,4,pooled_mlp,logger12_balanced,logger2_heavy,0.00632048858065564
0.3,0.01,independent_latents,4,source_balanced_pooled_mlp,logger1_heavy,logger12_balanced,0.0
0.3,0.01,independent_latents,4,source_balanced_pooled_mlp,logger1_heavy,logger2_heavy,0.0
0.3,0.01,independent_latents,4,source_balanced_pooled_mlp,logger12_balanced,logger2_heavy,0.0
0.3,0.01,independent_latents,4,source_conditioned_decoder,logger1_heavy,logger12_balanced,0.007954888352651112
0.3,0.01,independent_latents,4,source_conditioned_decoder,logger1_heavy,logger2_heavy,0.009903592742400099
0.3,0.01,independent_latents,4,source_conditioned_decoder,logger12_balanced,logger2_heavy,0.009448346614786598
0.3,0.01,independent_latents,4,per_source_models,logger1_heavy,logger12_balanced,0.003426355066512603
0.3,0.01,independent_latents,4,per_source_models,logger1_heavy,logger2_heavy,0.007519025830154824
0.3,0.01,independent_latents,4,per_source_models,logger12_balanced,logger2_heavy,0.007445540617243818
0.3,0.01,independent_latents,4,mechanism_separated,logger1_heavy,logger12_balanced,0.005227063672346951
0.3,0.01,independent_latents,4,mechanism_separated,logger1_heavy,logger2_heavy,0.009102075477141829
0.3,0.01,independent_latents,4,mechanism_separated,logger12_balanced,logger2_heavy,0.009954054805525176
0.3,0.01,independent_latents,4,oracle_u_aware,logger1_heavy,logger12_balanced,0.008859380517683462
0.3,0.01,independent_latents,4,oracle_u_aware,logger1_heavy,logger2_heavy,0.00832708659419971
0.3,0.01,independent_latents,4,oracle_u_aware,logger12_balanced,logger2_heavy,0.007614065071139889
0.3,0.01,independent_latents,4,source_shuffle,logger1_heavy,logger12_balanced,0.006952619460849263
0.3,0.01,independent_latents,4,source_shuffle,logger1_heavy,logger2_heavy,0.013068590192594055
0.3,0.01,independent_latents,4,source_shuffle,logger12_balanced,logger2_heavy,0.010395884889518772
0.3,0.01,independent_latents,4,no_behavior,logger1_heavy,logger12_balanced,0.006163610135657976
0.3,0.01,independent_latents,4,no_behavior,logger1_heavy,logger2_heavy,0.010436670893038997
0.3,0.01,independent_latents,4,no_behavior,logger12_balanced,logger2_heavy,0.008330931860098095
0.3,0.01,independent_latents,4,source_dependent_reward,logger1_heavy,logger12_balanced,0.00639198680048868
0.3,0.01,independent_latents,4,source_dependent_reward,logger1_heavy,logger2_heavy,0.008179355737853045
0.3,0.01,independent_latents,4,source_dependent_reward,logger12_balanced,logger2_heavy,0.00764571894146676
0.3,0.02,confounded,0,pooled_mlp,logger1_heavy,logger12_balanced,0.009466871431633413
0.3,0.02,confounded,0,pooled_mlp,logger1_heavy,logger2_heavy,0.014228059653372921
0.3,0.02,confounded,0,pooled_mlp,logger12_balanced,logger2_heavy,0.010697366254267992
0.3,0.02,confounded,0,source_balanced_pooled_mlp,logger1_heavy,logger12_balanced,0.0
0.3,0.02,confounded,0,source_balanced_pooled_mlp,logger1_heavy,logger2_heavy,0.0
0.3,0.02,confounded,0,source_balanced_pooled_mlp,logger12_balanced,logger2_heavy,0.0
0.3,0.02,confounded,0,source_conditioned_decoder,logger1_heavy,logger12_balanced,0.007893806606972824
0.3,0.02,confounded,0,source_conditioned_decoder,logger1_heavy,logger2_heavy,0.010491527729022192
0.3,0.02,confounded,0,source_conditioned_decoder,logger12_balanced,logger2_heavy,0.00860334971927915
0.3,0.02,confounded,0,per_source_models,logger1_heavy,logger12_balanced,0.006638633097928752
0.3,0.02,confounded,0,per_source_models,logger1_heavy,logger2_heavy,0.011508404578688944
0.3,0.02,confounded,0,per_source_models,logger12_balanced,logger2_heavy,0.012644040054397458
0.3,0.02,confounded,0,mechanism_separated,logger1_heavy,logger12_balanced,0.011113947673379254
0.3,0.02,confounded,0,mechanism_separated,logger1_heavy,logger2_heavy,0.01314451434435245
0.3,0.02,confounded,0,mechanism_separated,logger12_balanced,logger2_heavy,0.014140724571334922
0.3,0.02,confounded,0,oracle_u_aware,logger1_heavy,logger12_balanced,0.0065211249184107135
0.3,0.02,confounded,0,oracle_u_aware,logger1_heavy,logger2_heavy,0.011958444163077096
0.3,0.02,confounded,0,oracle_u_aware,logger12_balanced,logger2_heavy,0.008964591050305799
0.3,0.02,confounded,0,source_shuffle,logger1_heavy,logger12_balanced,0.007394402946452908
0.3,0.02,confounded,0,source_shuffle,logger1_heavy,logger2_heavy,0.014045574577285197
0.3,0.02,confounded,0,source_shuffle,logger12_balanced,logger2_heavy,0.010900510562044484
0.3,0.02,confounded,0,no_behavior,logger1_heavy,logger12_balanced,0.009462752054275813
0.3,0.02,confounded,0,no_behavior,logger1_heavy,logger2_heavy,0.015112541290164264
0.3,0.02,confounded,0,no_behavior,logger12_balanced,logger2_heavy,0.011407232350333057
0.3,0.02,confounded,0,source_dependent_reward,logger1_heavy,logger12_balanced,0.017444828137263335
0.3,0.02,confounded,0,source_dependent_reward,logger1_heavy,logger2_heavy,0.015717251831121794
0.3,0.02,confounded,0,source_dependent_reward,logger12_balanced,logger2_heavy,0.011042510824577535
0.3,0.02,confounded,1,pooled_mlp,logger1_heavy,logger12_balanced,0.00904548062224725
0.3,0.02,confounded,1,pooled_mlp,logger1_heavy,logger2_heavy,0.011177655825430127
0.3,0.02,confounded,1,pooled_mlp,logger12_balanced,logger2_heavy,0.012025811227707022
0.3,0.02,confounded,1,source_balanced_pooled_mlp,logger1_heavy,logger12_balanced,0.0
0.3,0.02,confounded,1,source_balanced_pooled_mlp,logger1_heavy,logger2_heavy,0.0
0.3,0.02,confounded,1,source_balanced_pooled_mlp,logger12_balanced,logger2_heavy,0.0
0.3,0.02,confounded,1,source_conditioned_decoder,logger1_heavy,logger12_balanced,0.0069134814614707244
0.3,0.02,confounded,1,source_conditioned_decoder,logger1_heavy,logger2_heavy,0.010062731786090177
0.3,0.02,confounded,1,source_conditioned_decoder,logger12_balanced,logger2_heavy,0.007371933207660316
0.3,0.02,confounded,1,per_source_models,logger1_heavy,logger12_balanced,0.0032406149637783203
0.3,0.02,confounded,1,per_source_models,logger1_heavy,logger2_heavy,0.0036333656934435725
0.3,0.02,confounded,1,per_source_models,logger12_balanced,logger2_heavy,0.003321466418528124
0.3,0.02,confounded,1,mechanism_separated,logger1_heavy,logger12_balanced,0.008594512469655587
0.3,0.02,confounded,1,mechanism_separated,logger1_heavy,logger2_heavy,0.01120279726654695
0.3,0.02,confounded,1,mechanism_separated,logger12_balanced,logger2_heavy,0.010613785707258506
0.3,0.02,confounded,1,oracle_u_aware,logger1_heavy,logger12_balanced,0.010400293494322694
0.3,0.02,confounded,1,oracle_u_aware,logger1_heavy,logger2_heavy,0.009390142665021061
0.3,0.02,confounded,1,oracle_u_aware,logger12_balanced,logger2_heavy,0.005880476830207502
0.3,0.02,confounded,1,source_shuffle,logger1_heavy,logger12_balanced,0.006911398901443934
0.3,0.02,confounded,1,source_shuffle,logger1_heavy,logger2_heavy,0.009491870498384503
0.3,0.02,confounded,1,source_shuffle,logger12_balanced,logger2_heavy,0.007374766741387352
0.3,0.02,confounded,1,no_behavior,logger1_heavy,logger12_balanced,0.007876305059235372
0.3,0.02,confounded,1,no_behavior,logger1_heavy,logger2_heavy,0.011550075192379104
0.3,0.02,confounded,1,no_behavior,logger12_balanced,logger2_heavy,0.008100847799182534
0.3,0.02,confounded,1,source_dependent_reward,logger1_heavy,logger12_balanced,0.007104971263137121
0.3,0.02,confounded,1,source_dependent_reward,logger1_heavy,logger2_heavy,0.012816303427205567
0.3,0.02,confounded,1,source_dependent_reward,logger12_balanced,logger2_heavy,0.010675872100445802
0.3,0.02,confounded,2,pooled_mlp,logger1_heavy,logger12_balanced,0.006852513060231122
0.3,0.02,confounded,2,pooled_mlp,logger1_heavy,logger2_heavy,0.010563428937832933
0.3,0.02,confounded,2,pooled_mlp,logger12_balanced,logger2_heavy,0.007497407446089336
0.3,0.02,confounded,2,source_balanced_pooled_mlp,logger1_heavy,logger12_balanced,0.0
0.3,0.02,confounded,2,source_balanced_pooled_mlp,logger1_heavy,logger2_heavy,0.0
0.3,0.02,confounded,2,source_balanced_pooled_mlp,logger12_balanced,logger2_heavy,0.0
0.3,0.02,confounded,2,source_conditioned_decoder,logger1_heavy,logger12_balanced,0.006492659411444351
0.3,0.02,confounded,2,source_conditioned_decoder,logger1_heavy,logger2_heavy,0.00928913683277942
0.3,0.02,confounded,2,source_conditioned_decoder,logger12_balanced,logger2_heavy,0.006903965534358296
0.3,0.02,confounded,2,per_source_models,logger1_heavy,logger12_balanced,0.004986044929219162
0.3,0.02,confounded,2,per_source_models,logger1_heavy,logger2_heavy,0.008509830705410632
0.3,0.02,confounded,2,per_source_models,logger12_balanced,logger2_heavy,0.007650468409556736
0.3,0.02,confounded,2,mechanism_separated,logger1_heavy,logger12_balanced,0.007784874634259781
0.3,0.02,confounded,2,mechanism_separated,logger1_heavy,logger2_heavy,0.009262310235138753
0.3,0.02,confounded,2,mechanism_separated,logger12_balanced,logger2_heavy,0.008746217533093889
0.3,0.02,confounded,2,oracle_u_aware,logger1_heavy,logger12_balanced,0.010152377539253462
0.3,0.02,confounded,2,oracle_u_aware,logger1_heavy,logger2_heavy,0.008356066493125378
0.3,0.02,confounded,2,oracle_u_aware,logger12_balanced,logger2_heavy,0.007800343879726967
0.3,0.02,confounded,2,source_shuffle,logger1_heavy,logger12_balanced,0.0066012439613317014
0.3,0.02,confounded,2,source_shuffle,logger1_heavy,logger2_heavy,0.009104818964467526
0.3,0.02,confounded,2,source_shuffle,logger12_balanced,logger2_heavy,0.008076561856741321
0.3,0.02,confounded,2,no_behavior,logger1_heavy,logger12_balanced,0.007349704895422176
0.3,0.02,confounded,2,no_behavior,logger1_heavy,logger2_heavy,0.008931553979248887
0.3,0.02,confounded,2,no_behavior,logger12_balanced,logger2_heavy,0.00847073776755245
0.3,0.02,confounded,2,source_dependent_reward,logger1_heavy,logger12_balanced,0.010063310605024915
0.3,0.02,confounded,2,source_dependent_reward,logger1_heavy,logger2_heavy,0.01347125734280421
0.3,0.02,confounded,2,source_dependent_reward,logger12_balanced,logger2_heavy,0.00826686046444867
0.3,0.02,confounded,3,pooled_mlp,logger1_heavy,logger12_balanced,0.010820060958542526
0.3,0.02,confounded,3,pooled_mlp,logger1_heavy,logger2_heavy,0.009880788645615313
0.3,0.02,confounded,3,pooled_mlp,logger12_balanced,logger2_heavy,0.008938013343941285
0.3,0.02,confounded,3,source_balanced_pooled_mlp,logger1_heavy,logger12_balanced,0.0
0.3,0.02,confounded,3,source_balanced_pooled_mlp,logger1_heavy,logger2_heavy,0.0
0.3,0.02,confounded,3,source_balanced_pooled_mlp,logger12_balanced,logger2_heavy,0.0
0.3,0.02,confounded,3,source_conditioned_decoder,logger1_heavy,logger12_balanced,0.007029561928507712
0.3,0.02,confounded,3,source_conditioned_decoder,logger1_heavy,logger2_heavy,0.010381699494913674
0.3,0.02,confounded,3,source_conditioned_decoder,logger12_balanced,logger2_heavy,0.010187514373085195
0.3,0.02,confounded,3,per_source_models,logger1_heavy,logger12_balanced,0.007286683974833635
0.3,0.02,confounded,3,per_source_models,logger1_heavy,logger2_heavy,0.007633360447543539
0.3,0.02,confounded,3,per_source_models,logger12_balanced,logger2_heavy,0.0035877340680598472
0.3,0.02,confounded,3,mechanism_separated,logger1_heavy,logger12_balanced,0.008028387403079701
0.3,0.02,confounded,3,mechanism_separated,logger1_heavy,logger2_heavy,0.009918550111373261
0.3,0.02,confounded,3,mechanism_separated,logger12_balanced,logger2_heavy,0.008175860254978233
0.3,0.02,confounded,3,oracle_u_aware,logger1_heavy,logger12_balanced,0.006075910969341603
0.3,0.02,confounded,3,oracle_u_aware,logger1_heavy,logger2_heavy,0.007295114478695388
0.3,0.02,confounded,3,oracle_u_aware,logger12_balanced,logger2_heavy,0.008373726296651788
0.3,0.02,confounded,3,source_shuffle,logger1_heavy,logger12_balanced,0.011538682596109077
0.3,0.02,confounded,3,source_shuffle,logger1_heavy,logger2_heavy,0.009316418522234084
0.3,0.02,confounded,3,source_shuffle,logger12_balanced,logger2_heavy,0.009626053904396225
0.3,0.02,confounded,3,no_behavior,logger1_heavy,logger12_balanced,0.010106950846392874
0.3,0.02,confounded,3,no_behavior,logger1_heavy,logger2_heavy,0.009098394680155115
0.3,0.02,confounded,3,no_behavior,logger12_balanced,logger2_heavy,0.009063683778647235
0.3,0.02,confounded,3,source_dependent_reward,logger1_heavy,logger12_balanced,0.00890932848888831
0.3,0.02,confounded,3,source_dependent_reward,logger1_heavy,logger2_heavy,0.00933784751133736
0.3,0.02,confounded,3,source_dependent_reward,logger12_balanced,logger2_heavy,0.009854986514466906
0.3,0.02,confounded,4,pooled_mlp,logger1_heavy,logger12_balanced,0.007640091714722738
0.3,0.02,confounded,4,pooled_mlp,logger1_heavy,logger2_heavy,0.009294649716024346
0.3,0.02,confounded,4,pooled_mlp,logger12_balanced,logger2_heavy,0.010247928163612953
0.3,0.02,confounded,4,source_balanced_pooled_mlp,logger1_heavy,logger12_balanced,0.0
0.3,0.02,confounded,4,source_balanced_pooled_mlp,logger1_heavy,logger2_heavy,0.0
0.3,0.02,confounded,4,source_balanced_pooled_mlp,logger12_balanced,logger2_heavy,0.0
0.3,0.02,confounded,4,source_conditioned_decoder,logger1_heavy,logger12_balanced,0.007812522405781305
0.3,0.02,confounded,4,source_conditioned_decoder,logger1_heavy,logger2_heavy,0.012422745976689433
0.3,0.02,confounded,4,source_conditioned_decoder,logger12_balanced,logger2_heavy,0.013777244368924656
0.3,0.02,confounded,4,per_source_models,logger1_heavy,logger12_balanced,0.0024324102473973846
0.3,0.02,confounded,4,per_source_models,logger1_heavy,logger2_heavy,0.003277904253380064
0.3,0.02,confounded,4,per_source_models,logger12_balanced,logger2_heavy,0.0033876985488732634
0.3,0.02,confounded,4,mechanism_separated,logger1_heavy,logger12_balanced,0.007561140671188947
0.3,0.02,confounded,4,mechanism_separated,logger1_heavy,logger2_heavy,0.009282390727661304
0.3,0.02,confounded,4,mechanism_separated,logger12_balanced,logger2_heavy,0.008133741813825724
0.3,0.02,confounded,4,oracle_u_aware,logger1_heavy,logger12_balanced,0.0058731005782311115
0.3,0.02,confounded,4,oracle_u_aware,logger1_heavy,logger2_heavy,0.006702532847931599
0.3,0.02,confounded,4,oracle_u_aware,logger12_balanced,logger2_heavy,0.007140068107028511
0.3,0.02,confounded,4,source_shuffle,logger1_heavy,logger12_balanced,0.010223867128138166
0.3,0.02,confounded,4,source_shuffle,logger1_heavy,logger2_heavy,0.007883041361937185
0.3,0.02,confounded,4,source_shuffle,logger12_balanced,logger2_heavy,0.010451790188184006
0.3,0.02,confounded,4,no_behavior,logger1_heavy,logger12_balanced,0.007332361747549147
0.3,0.02,confounded,4,no_behavior,logger1_heavy,logger2_heavy,0.008161068917940448
0.3,0.02,confounded,4,no_behavior,logger12_balanced,logger2_heavy,0.008462480641060574
0.3,0.02,confounded,4,source_dependent_reward,logger1_heavy,logger12_balanced,0.00953339182499795
0.3,0.02,confounded,4,source_dependent_reward,logger1_heavy,logger2_heavy,0.008999415206453091
0.3,0.02,confounded,4,source_dependent_reward,logger12_balanced,logger2_heavy,0.007744309531305188
0.3,0.02,independent_latents,0,pooled_mlp,logger1_heavy,logger12_balanced,0.011547945324960113
0.3,0.02,independent_latents,0,pooled_mlp,logger1_heavy,logger2_heavy,0.011525177850560248
0.3,0.02,independent_latents,0,pooled_mlp,logger12_balanced,logger2_heavy,0.01327027082491498
0.3,0.02,independent_latents,0,source_balanced_pooled_mlp,logger1_heavy,logger12_balanced,0.0
0.3,0.02,independent_latents,0,source_balanced_pooled_mlp,logger1_heavy,logger2_heavy,0.0
0.3,0.02,independent_latents,0,source_balanced_pooled_mlp,logger12_balanced,logger2_heavy,0.0
0.3,0.02,independent_latents,0,source_conditioned_decoder,logger1_heavy,logger12_balanced,0.014641079581304088
0.3,0.02,independent_latents,0,source_conditioned_decoder,logger1_heavy,logger2_heavy,0.008444210507920708
0.3,0.02,independent_latents,0,source_conditioned_decoder,logger12_balanced,logger2_heavy,0.014092087716120161
0.3,0.02,independent_latents,0,per_source_models,logger1_heavy,logger12_balanced,0.003426380446961406
0.3,0.02,independent_latents,0,per_source_models,logger1_heavy,logger2_heavy,0.008844345711125103
0.3,0.02,independent_latents,0,per_source_models,logger12_balanced,logger2_heavy,0.009162072676542938
0.3,0.02,independent_latents,0,mechanism_separated,logger1_heavy,logger12_balanced,0.009673989308363969
0.3,0.02,independent_latents,0,mechanism_separated,logger1_heavy,logger2_heavy,0.01137680006862381
0.3,0.02,independent_latents,0,mechanism_separated,logger12_balanced,logger2_heavy,0.009410686944169173
0.3,0.02,independent_latents,0,oracle_u_aware,logger1_heavy,logger12_balanced,0.009616369787628297
0.3,0.02,independent_latents,0,oracle_u_aware,logger1_heavy,logger2_heavy,0.011097095287145009
0.3,0.02,independent_latents,0,oracle_u_aware,logger12_balanced,logger2_heavy,0.007243265868493232
0.3,0.02,independent_latents,0,source_shuffle,logger1_heavy,logger12_balanced,0.009308996577637462
0.3,0.02,independent_latents,0,source_shuffle,logger1_heavy,logger2_heavy,0.012126298691582193
0.3,0.02,independent_latents,0,source_shuffle,logger12_balanced,logger2_heavy,0.008618887511793329
0.3,0.02,independent_latents,0,no_behavior,logger1_heavy,logger12_balanced,0.010452178245103578
0.3,0.02,independent_latents,0,no_behavior,logger1_heavy,logger2_heavy,0.011619825332461142
0.3,0.02,independent_latents,0,no_behavior,logger12_balanced,logger2_heavy,0.010037256069970186
0.3,0.02,independent_latents,0,source_dependent_reward,logger1_heavy,logger12_balanced,0.009380744247293822
0.3,0.02,independent_latents,0,source_dependent_reward,logger1_heavy,logger2_heavy,0.013920659031555274
0.3,0.02,independent_latents,0,source_dependent_reward,logger12_balanced,logger2_heavy,0.014215953574070598
0.3,0.02,independent_latents,1,pooled_mlp,logger1_heavy,logger12_balanced,0.013343417316539406
0.3,0.02,independent_latents,1,pooled_mlp,logger1_heavy,logger2_heavy,0.014112819055929112
0.3,0.02,independent_latents,1,pooled_mlp,logger12_balanced,logger2_heavy,0.01264093978565652
0.3,0.02,independent_latents,1,source_balanced_pooled_mlp,logger1_heavy,logger12_balanced,0.0
0.3,0.02,independent_latents,1,source_balanced_pooled_mlp,logger1_heavy,logger2_heavy,0.0
0.3,0.02,independent_latents,1,source_balanced_pooled_mlp,logger12_balanced,logger2_heavy,0.0
0.3,0.02,independent_latents,1,source_conditioned_decoder,logger1_heavy,logger12_balanced,0.009024897181421118
0.3,0.02,independent_latents,1,source_conditioned_decoder,logger1_heavy,logger2_heavy,0.015120905410348698
0.3,0.02,independent_latents,1,source_conditioned_decoder,logger12_balanced,logger2_heavy,0.015210899062998585
0.3,0.02,independent_latents,1,per_source_models,logger1_heavy,logger12_balanced,0.0027543376024761535
0.3,0.02,independent_latents,1,per_source_models,logger1_heavy,logger2_heavy,0.0030876741896480207
0.3,0.02,independent_latents,1,per_source_models,logger12_balanced,logger2_heavy,0.0023578216455934554
0.3,0.02,independent_latents,1,mechanism_separated,logger1_heavy,logger12_balanced,0.008441333902374622
0.3,0.02,independent_latents,1,mechanism_separated,logger1_heavy,logger2_heavy,0.011720692698486032
0.3,0.02,independent_latents,1,mechanism_separated,logger12_balanced,logger2_heavy,0.012361344158342218
0.3,0.02,independent_latents,1,oracle_u_aware,logger1_heavy,logger12_balanced,0.007354012809551311
0.3,0.02,independent_latents,1,oracle_u_aware,logger1_heavy,logger2_heavy,0.008427387039315287
0.3,0.02,independent_latents,1,oracle_u_aware,logger12_balanced,logger2_heavy,0.0066364201722443426
0.3,0.02,independent_latents,1,source_shuffle,logger1_heavy,logger12_balanced,0.008588736987028986
0.3,0.02,independent_latents,1,source_shuffle,logger1_heavy,logger2_heavy,0.012547598332478583
0.3,0.02,independent_latents,1,source_shuffle,logger12_balanced,logger2_heavy,0.013145673200910618
0.3,0.02,independent_latents,1,no_behavior,logger1_heavy,logger12_balanced,0.008804714596912228
0.3,0.02,independent_latents,1,no_behavior,logger1_heavy,logger2_heavy,0.012328978570556422
0.3,0.02,independent_latents,1,no_behavior,logger12_balanced,logger2_heavy,0.013074128811019835
0.3,0.02,independent_latents,1,source_dependent_reward,logger1_heavy,logger12_balanced,0.009034531214720774
0.3,0.02,independent_latents,1,source_dependent_reward,logger1_heavy,logger2_heavy,0.008569410832499806
0.3,0.02,independent_latents,1,source_dependent_reward,logger12_balanced,logger2_heavy,0.011800340237457923
0.3,0.02,independent_latents,2,pooled_mlp,logger1_heavy,logger12_balanced,0.011423365531541
0.3,0.02,independent_latents,2,pooled_mlp,logger1_heavy,logger2_heavy,0.011845317437539611
0.3,0.02,independent_latents,2,pooled_mlp,logger12_balanced,logger2_heavy,0.007877300771674466
0.3,0.02,independent_latents,2,source_balanced_pooled_mlp,logger1_heavy,logger12_balanced,0.0
0.3,0.02,independent_latents,2,source_balanced_pooled_mlp,logger1_heavy,logger2_heavy,0.0
0.3,0.02,independent_latents,2,source_balanced_pooled_mlp,logger12_balanced,logger2_heavy,0.0
0.3,0.02,independent_latents,2,source_conditioned_decoder,logger1_heavy,logger12_balanced,0.011443875643573739
0.3,0.02,independent_latents,2,source_conditioned_decoder,logger1_heavy,logger2_heavy,0.012724425381331719
0.3,0.02,independent_latents,2,source_conditioned_decoder,logger12_balanced,logger2_heavy,0.009702864706737863
0.3,0.02,independent_latents,2,per_source_models,logger1_heavy,logger12_balanced,0.003984704935038837
0.3,0.02,independent_latents,2,per_source_models,logger1_heavy,logger2_heavy,0.005750718875541327
0.3,0.02,independent_latents,2,per_source_models,logger12_balanced,logger2_heavy,0.0027365994310032185
0.3,0.02,independent_latents,2,mechanism_separated,logger1_heavy,logger12_balanced,0.009869948028591357
0.3,0.02,independent_latents,2,mechanism_separated,logger1_heavy,logger2_heavy,0.011476497686105888
0.3,0.02,independent_latents,2,mechanism_separated,logger12_balanced,logger2_heavy,0.013150320598981016
0.3,0.02,independent_latents,2,oracle_u_aware,logger1_heavy,logger12_balanced,0.006720987127238237
0.3,0.02,independent_latents,2,oracle_u_aware,logger1_heavy,logger2_heavy,0.0075190985540207235
0.3,0.02,independent_latents,2,oracle_u_aware,logger12_balanced,logger2_heavy,0.01077168424046876
0.3,0.02,independent_latents,2,source_shuffle,logger1_heavy,logger12_balanced,0.010455542802050582
0.3,0.02,independent_latents,2,source_shuffle,logger1_heavy,logger2_heavy,0.01089968051299249
0.3,0.02,independent_latents,2,source_shuffle,logger12_balanced,logger2_heavy,0.011807905710825314
0.3,0.02,independent_latents,2,no_behavior,logger1_heavy,logger12_balanced,0.010678519310660514
0.3,0.02,independent_latents,2,no_behavior,logger1_heavy,logger2_heavy,0.011630665664086012
0.3,0.02,independent_latents,2,no_behavior,logger12_balanced,logger2_heavy,0.012068108037652937
0.3,0.02,independent_latents,2,source_dependent_reward,logger1_heavy,logger12_balanced,0.01183984430454368
0.3,0.02,independent_latents,2,source_dependent_reward,logger1_heavy,logger2_heavy,0.009541029293993903
0.3,0.02,independent_latents,2,source_dependent_reward,logger12_balanced,logger2_heavy,0.011964657489526716
0.3,0.02,independent_latents,3,pooled_mlp,logger1_heavy,logger12_balanced,0.008520259603680594
0.3,0.02,independent_latents,3,pooled_mlp,logger1_heavy,logger2_heavy,0.010020443267032574
0.3,0.02,independent_latents,3,pooled_mlp,logger12_balanced,logger2_heavy,0.012283715948007999
0.3,0.02,independent_latents,3,source_balanced_pooled_mlp,logger1_heavy,logger12_balanced,0.0
0.3,0.02,independent_latents,3,source_balanced_pooled_mlp,logger1_heavy,logger2_heavy,0.0
0.3,0.02,independent_latents,3,source_balanced_pooled_mlp,logger12_balanced,logger2_heavy,0.0
0.3,0.02,independent_latents,3,source_conditioned_decoder,logger1_heavy,logger12_balanced,0.008451553181500164
0.3,0.02,independent_latents,3,source_conditioned_decoder,logger1_heavy,logger2_heavy,0.013307654035093066
0.3,0.02,independent_latents,3,source_conditioned_decoder,logger12_balanced,logger2_heavy,0.017191795062359953
0.3,0.02,independent_latents,3,per_source_models,logger1_heavy,logger12_balanced,0.008893695590298832
0.3,0.02,independent_latents,3,per_source_models,logger1_heavy,logger2_heavy,0.009907403579581081
0.3,0.02,independent_latents,3,per_source_models,logger12_balanced,logger2_heavy,0.002516383131444833
0.3,0.02,independent_latents,3,mechanism_separated,logger1_heavy,logger12_balanced,0.012666858465118306
0.3,0.02,independent_latents,3,mechanism_separated,logger1_heavy,logger2_heavy,0.012388269671494727
0.3,0.02,independent_latents,3,mechanism_separated,logger12_balanced,logger2_heavy,0.018321595363534934
0.3,0.02,independent_latents,3,oracle_u_aware,logger1_heavy,logger12_balanced,0.009469257687611641
0.3,0.02,independent_latents,3,oracle_u_aware,logger1_heavy,logger2_heavy,0.009481782931952898
0.3,0.02,independent_latents,3,oracle_u_aware,logger12_balanced,logger2_heavy,0.005493760406477941
0.3,0.02,independent_latents,3,source_shuffle,logger1_heavy,logger12_balanced,0.012815059036138905
0.3,0.02,independent_latents,3,source_shuffle,logger1_heavy,logger2_heavy,0.012560744071886395
0.3,0.02,independent_latents,3,source_shuffle,logger12_balanced,logger2_heavy,0.018248384873394814
0.3,0.02,independent_latents,3,no_behavior,logger1_heavy,logger12_balanced,0.012818949208952045
0.3,0.02,independent_latents,3,no_behavior,logger1_heavy,logger2_heavy,0.010581692097307228
0.3,0.02,independent_latents,3,no_behavior,logger12_balanced,logger2_heavy,0.01588386871510531
0.3,0.02,independent_latents,3,source_dependent_reward,logger1_heavy,logger12_balanced,0.009847283940336364
0.3,0.02,independent_latents,3,source_dependent_reward,logger1_heavy,logger2_heavy,0.0152590968575374
0.3,0.02,independent_latents,3,source_dependent_reward,logger12_balanced,logger2_heavy,0.018861651982427396
0.3,0.02,independent_latents,4,pooled_mlp,logger1_heavy,logger12_balanced,0.00693882870957755
0.3,0.02,independent_latents,4,pooled_mlp,logger1_heavy,logger2_heavy,0.009302645363737691
0.3,0.02,independent_latents,4,pooled_mlp,logger12_balanced,logger2_heavy,0.00921165979875695
0.3,0.02,independent_latents,4,source_balanced_pooled_mlp,logger1_heavy,logger12_balanced,0.0
0.3,0.02,independent_latents,4,source_balanced_pooled_mlp,logger1_heavy,logger2_heavy,0.0
0.3,0.02,independent_latents,4,source_balanced_pooled_mlp,logger12_balanced,logger2_heavy,0.0
0.3,0.02,independent_latents,4,source_conditioned_decoder,logger1_heavy,logger12_balanced,0.007882851412225373
0.3,0.02,independent_latents,4,source_conditioned_decoder,logger1_heavy,logger2_heavy,0.009016684162662485
0.3,0.02,independent_latents,4,source_conditioned_decoder,logger12_balanced,logger2_heavy,0.00810049592014126
0.3,0.02,independent_latents,4,per_source_models,logger1_heavy,logger12_balanced,0.008154013016296846
0.3,0.02,independent_latents,4,per_source_models,logger1_heavy,logger2_heavy,0.00735734040578806
0.3,0.02,independent_latents,4,per_source_models,logger12_balanced,logger2_heavy,0.0033436880240918865
0.3,0.02,independent_latents,4,mechanism_separated,logger1_heavy,logger12_balanced,0.012289765721829762
0.3,0.02,independent_latents,4,mechanism_separated,logger1_heavy,logger2_heavy,0.00885772698467226
0.3,0.02,independent_latents,4,mechanism_separated,logger12_balanced,logger2_heavy,0.01202086344449241
0.3,0.02,independent_latents,4,oracle_u_aware,logger1_heavy,logger12_balanced,0.007589631405492416
0.3,0.02,independent_latents,4,oracle_u_aware,logger1_heavy,logger2_heavy,0.008875580716911321
0.3,0.02,independent_latents,4,oracle_u_aware,logger12_balanced,logger2_heavy,0.009546476410331609
0.3,0.02,independent_latents,4,source_shuffle,logger1_heavy,logger12_balanced,0.010742170907846153
0.3,0.02,independent_latents,4,source_shuffle,logger1_heavy,logger2_heavy,0.009348739195407678
0.3,0.02,independent_latents,4,source_shuffle,logger12_balanced,logger2_heavy,0.009704418329536236
0.3,0.02,independent_latents,4,no_behavior,logger1_heavy,logger12_balanced,0.010298610046296815
0.3,0.02,independent_latents,4,no_behavior,logger1_heavy,logger2_heavy,0.008576657615377762
0.3,0.02,independent_latents,4,no_behavior,logger12_balanced,logger2_heavy,0.010122480645154117
0.3,0.02,independent_latents,4,source_dependent_reward,logger1_heavy,logger12_balanced,0.011167598590096929
0.3,0.02,independent_latents,4,source_dependent_reward,logger1_heavy,logger2_heavy,0.012144710009543225
0.3,0.02,independent_latents,4,source_dependent_reward,logger12_balanced,logger2_heavy,0.014848322765872961
0.3,0.05,confounded,0,pooled_mlp,logger1_heavy,logger12_balanced,0.013710991134670215
0.3,0.05,confounded,0,pooled_mlp,logger1_heavy,logger2_heavy,0.0163595947196851
0.3,0.05,confounded,0,pooled_mlp,logger12_balanced,logger2_heavy,0.01586375299347475
0.3,0.05,confounded,0,source_balanced_pooled_mlp,logger1_heavy,logger12_balanced,0.0
0.3,0.05,confounded,0,source_balanced_pooled_mlp,logger1_heavy,logger2_heavy,0.0
0.3,0.05,confounded,0,source_balanced_pooled_mlp,logger12_balanced,logger2_heavy,0.0
0.3,0.05,confounded,0,source_conditioned_decoder,logger1_heavy,logger12_balanced,0.012666860531991037
0.3,0.05,confounded,0,source_conditioned_decoder,logger1_heavy,logger2_heavy,0.016599494028243292
0.3,0.05,confounded,0,source_conditioned_decoder,logger12_balanced,logger2_heavy,0.014184874804055395
0.3,0.05,confounded,0,per_source_models,logger1_heavy,logger12_balanced,0.008068143324884501
0.3,0.05,confounded,0,per_source_models,logger1_heavy,logger2_heavy,0.01092584161839146
0.3,0.05,confounded,0,per_source_models,logger12_balanced,logger2_heavy,0.00606835667342175
0.3,0.05,confounded,0,mechanism_separated,logger1_heavy,logger12_balanced,0.01466885667048695
0.3,0.05,confounded,0,mechanism_separated,logger1_heavy,logger2_heavy,0.017217760004930603
0.3,0.05,confounded,0,mechanism_separated,logger12_balanced,logger2_heavy,0.01163147063925174
0.3,0.05,confounded,0,oracle_u_aware,logger1_heavy,logger12_balanced,0.006306061792288348
0.3,0.05,confounded,0,oracle_u_aware,logger1_heavy,logger2_heavy,0.009478596917247846
0.3,0.05,confounded,0,oracle_u_aware,logger12_balanced,logger2_heavy,0.00698466765664745
0.3,0.05,confounded,0,source_shuffle,logger1_heavy,logger12_balanced,0.01399140570336612
0.3,0.05,confounded,0,source_shuffle,logger1_heavy,logger2_heavy,0.017467300984264605
0.3,0.05,confounded,0,source_shuffle,logger12_balanced,logger2_heavy,0.0113976764407751
0.3,0.05,confounded,0,no_behavior,logger1_heavy,logger12_balanced,0.01570583352130324
0.3,0.05,confounded,0,no_behavior,logger1_heavy,logger2_heavy,0.01634820861351491
0.3,0.05,confounded,0,no_behavior,logger12_balanced,logger2_heavy,0.015414399603511826
0.3,0.05,confounded,0,source_dependent_reward,logger1_heavy,logger12_balanced,0.012810805686464725
0.3,0.05,confounded,0,source_dependent_reward,logger1_heavy,logger2_heavy,0.015235824444232817
0.3,0.05,confounded,0,source_dependent_reward,logger12_balanced,logger2_heavy,0.0145825606577123
0.3,0.05,confounded,1,pooled_mlp,logger1_heavy,logger12_balanced,0.014208484275126842
0.3,0.05,confounded,1,pooled_mlp,logger1_heavy,logger2_heavy,0.01711497302278211
0.3,0.05,confounded,1,pooled_mlp,logger12_balanced,logger2_heavy,0.014189433537037036
0.3,0.05,confounded,1,source_balanced_pooled_mlp,logger1_heavy,logger12_balanced,0.0
0.3,0.05,confounded,1,source_balanced_pooled_mlp,logger1_heavy,logger2_heavy,0.0
0.3,0.05,confounded,1,source_balanced_pooled_mlp,logger12_balanced,logger2_heavy,0.0
0.3,0.05,confounded,1,source_conditioned_decoder,logger1_heavy,logger12_balanced,0.011113335762695414
0.3,0.05,confounded,1,source_conditioned_decoder,logger1_heavy,logger2_heavy,0.013265313724478176
0.3,0.05,confounded,1,source_conditioned_decoder,logger12_balanced,logger2_heavy,0.012480229753115068
0.3,0.05,confounded,1,per_source_models,logger1_heavy,logger12_balanced,0.003388423416934731
0.3,0.05,confounded,1,per_source_models,logger1_heavy,logger2_heavy,0.0033869394312855713
0.3,0.05,confounded,1,per_source_models,logger12_balanced,logger2_heavy,0.0031157053423517544
0.3,0.05,confounded,1,mechanism_separated,logger1_heavy,logger12_balanced,0.010176523729779416
0.3,0.05,confounded,1,mechanism_separated,logger1_heavy,logger2_heavy,0.01668168496834286
0.3,0.05,confounded,1,mechanism_separated,logger12_balanced,logger2_heavy,0.01438128270199206
0.3,0.05,confounded,1,oracle_u_aware,logger1_heavy,logger12_balanced,0.00946093346985043
0.3,0.05,confounded,1,oracle_u_aware,logger1_heavy,logger2_heavy,0.008534068502000142
0.3,0.05,confounded,1,oracle_u_aware,logger12_balanced,logger2_heavy,0.0073581101691089735
0.3,0.05,confounded,1,source_shuffle,logger1_heavy,logger12_balanced,0.012019469549284133
0.3,0.05,confounded,1,source_shuffle,logger1_heavy,logger2_heavy,0.01600802509567867
0.3,0.05,confounded,1,source_shuffle,logger12_balanced,logger2_heavy,0.012546736903619186
0.3,0.05,confounded,1,no_behavior,logger1_heavy,logger12_balanced,0.014553189689680938
0.3,0.05,confounded,1,no_behavior,logger1_heavy,logger2_heavy,0.017043959966531425
0.3,0.05,confounded,1,no_behavior,logger12_balanced,logger2_heavy,0.01450551370140007
0.3,0.05,confounded,1,source_dependent_reward,logger1_heavy,logger12_balanced,0.01027231300962983
0.3,0.05,confounded,1,source_dependent_reward,logger1_heavy,logger2_heavy,0.012305942096298542
0.3,0.05,confounded,1,source_dependent_reward,logger12_balanced,logger2_heavy,0.014991369363717765
0.3,0.05,confounded,2,pooled_mlp,logger1_heavy,logger12_balanced,0.0101079422872202
0.3,0.05,confounded,2,pooled_mlp,logger1_heavy,logger2_heavy,0.016487438906319114
0.3,0.05,confounded,2,pooled_mlp,logger12_balanced,logger2_heavy,0.011499112431758218
0.3,0.05,confounded,2,source_balanced_pooled_mlp,logger1_heavy,logger12_balanced,0.0
0.3,0.05,confounded,2,source_balanced_pooled_mlp,logger1_heavy,logger2_heavy,0.0
0.3,0.05,confounded,2,source_balanced_pooled_mlp,logger12_balanced,logger2_heavy,0.0
0.3,0.05,confounded,2,source_conditioned_decoder,logger1_heavy,logger12_balanced,0.011028832899139616
0.3,0.05,confounded,2,source_conditioned_decoder,logger1_heavy,logger2_heavy,0.016599580920949826
0.3,0.05,confounded,2,source_conditioned_decoder,logger12_balanced,logger2_heavy,0.013359819120785942
0.3,0.05,confounded,2,per_source_models,logger1_heavy,logger12_balanced,0.007860571913611893
0.3,0.05,confounded,2,per_source_models,logger1_heavy,logger2_heavy,0.009082841336952474
0.3,0.05,confounded,2,per_source_models,logger12_balanced,logger2_heavy,0.003473687338084264
0.3,0.05,confounded,2,mechanism_separated,logger1_heavy,logger12_balanced,0.011206286265629679
0.3,0.05,confounded,2,mechanism_separated,logger1_heavy,logger2_heavy,0.018206834609751362
0.3,0.05,confounded,2,mechanism_separated,logger12_balanced,logger2_heavy,0.013120170905103116
0.3,0.05,confounded,2,oracle_u_aware,logger1_heavy,logger12_balanced,0.00987553561114867
0.3,0.05,confounded,2,oracle_u_aware,logger1_heavy,logger2_heavy,0.008838776197503576
0.3,0.05,confounded,2,oracle_u_aware,logger12_balanced,logger2_heavy,0.005575654165153664
0.3,0.05,confounded,2,source_shuffle,logger1_heavy,logger12_balanced,0.010754391742321677
0.3,0.05,confounded,2,source_shuffle,logger1_heavy,logger2_heavy,0.017304458999099073
0.3,0.05,confounded,2,source_shuffle,logger12_balanced,logger2_heavy,0.012879917118590824
0.3,0.05,confounded,2,no_behavior,logger1_heavy,logger12_balanced,0.011891917137009005
0.3,0.05,confounded,2,no_behavior,logger1_heavy,logger2_heavy,0.018338073674489683
0.3,0.05,confounded,2,no_behavior,logger12_balanced,logger2_heavy,0.012779373913960687
0.3,0.05,confounded,2,source_dependent_reward,logger1_heavy,logger12_balanced,0.011796550045840612
0.3,0.05,confounded,2,source_dependent_reward,logger1_heavy,logger2_heavy,0.015306111903223524
0.3,0.05,confounded,2,source_dependent_reward,logger12_balanced,logger2_heavy,0.011747980025617886
0.3,0.05,confounded,3,pooled_mlp,logger1_heavy,logger12_balanced,0.01576162021742282
0.3,0.05,confounded,3,pooled_mlp,logger1_heavy,logger2_heavy,0.01505935744650277
0.3,0.05,confounded,3,pooled_mlp,logger12_balanced,logger2_heavy,0.016426651486305437
0.3,0.05,confounded,3,source_balanced_pooled_mlp,logger1_heavy,logger12_balanced,0.0
0.3,0.05,confounded,3,source_balanced_pooled_mlp,logger1_heavy,logger2_heavy,0.0
0.3,0.05,confounded,3,source_balanced_pooled_mlp,logger12_balanced,logger2_heavy,0.0
0.3,0.05,confounded,3,source_conditioned_decoder,logger1_heavy,logger12_balanced,0.011558794297637943
0.3,0.05,confounded,3,source_conditioned_decoder,logger1_heavy,logger2_heavy,0.015351551980577907
0.3,0.05,confounded,3,source_conditioned_decoder,logger12_balanced,logger2_heavy,0.013221588794834663
0.3,0.05,confounded,3,per_source_models,logger1_heavy,logger12_balanced,0.009833132176393459
0.3,0.05,confounded,3,per_source_models,logger1_heavy,logger2_heavy,0.010010657712960737
0.3,0.05,confounded,3,per_source_models,logger12_balanced,logger2_heavy,0.009656489609754659
0.3,0.05,confounded,3,mechanism_separated,logger1_heavy,logger12_balanced,0.010205427200888717
0.3,0.05,confounded,3,mechanism_separated,logger1_heavy,logger2_heavy,0.016124338671242657
0.3,0.05,confounded,3,mechanism_separated,logger12_balanced,logger2_heavy,0.014184933597238146
0.3,0.05,confounded,3,oracle_u_aware,logger1_heavy,logger12_balanced,0.010091128274539469
0.3,0.05,confounded,3,oracle_u_aware,logger1_heavy,logger2_heavy,0.012030173857490254
0.3,0.05,confounded,3,oracle_u_aware,logger12_balanced,logger2_heavy,0.007291570295274795
0.3,0.05,confounded,3,source_shuffle,logger1_heavy,logger12_balanced,0.009664648513036608
0.3,0.05,confounded,3,source_shuffle,logger1_heavy,logger2_heavy,0.01672542217294785
0.3,0.05,confounded,3,source_shuffle,logger12_balanced,logger2_heavy,0.014569208925113182
0.3,0.05,confounded,3,no_behavior,logger1_heavy,logger12_balanced,0.00890045787131747
0.3,0.05,confounded,3,no_behavior,logger1_heavy,logger2_heavy,0.01764255355464471
0.3,0.05,confounded,3,no_behavior,logger12_balanced,logger2_heavy,0.015368885179481468
0.3,0.05,confounded,3,source_dependent_reward,logger1_heavy,logger12_balanced,0.011024381949918335
0.3,0.05,confounded,3,source_dependent_reward,logger1_heavy,logger2_heavy,0.013955248252461734
0.3,0.05,confounded,3,source_dependent_reward,logger12_balanced,logger2_heavy,0.011901020972338453
0.3,0.05,confounded,4,pooled_mlp,logger1_heavy,logger12_balanced,0.012333644352151526
0.3,0.05,confounded,4,pooled_mlp,logger1_heavy,logger2_heavy,0.018388965587887104
0.3,0.05,confounded,4,pooled_mlp,logger12_balanced,logger2_heavy,0.010874521462501601
0.3,0.05,confounded,4,source_balanced_pooled_mlp,logger1_heavy,logger12_balanced,0.0
0.3,0.05,confounded,4,source_balanced_pooled_mlp,logger1_heavy,logger2_heavy,0.0
0.3,0.05,confounded,4,source_balanced_pooled_mlp,logger12_balanced,logger2_heavy,0.0
0.3,0.05,confounded,4,source_conditioned_decoder,logger1_heavy,logger12_balanced,0.011882581939542147
0.3,0.05,confounded,4,source_conditioned_decoder,logger1_heavy,logger2_heavy,0.014686656628074895
0.3,0.05,confounded,4,source_conditioned_decoder,logger12_balanced,logger2_heavy,0.014023682950941519
0.3,0.05,confounded,4,per_source_models,logger1_heavy,logger12_balanced,0.007748124272989661
0.3,0.05,confounded,4,per_source_models,logger1_heavy,logger2_heavy,0.004584292687712548
0.3,0.05,confounded,4,per_source_models,logger12_balanced,logger2_heavy,0.008103715851734476
0.3,0.05,confounded,4,mechanism_separated,logger1_heavy,logger12_balanced,0.014368093732392943
0.3,0.05,confounded,4,mechanism_separated,logger1_heavy,logger2_heavy,0.0197202483240039
0.3,0.05,confounded,4,mechanism_separated,logger12_balanced,logger2_heavy,0.011484213339442962
0.3,0.05,confounded,4,oracle_u_aware,logger1_heavy,logger12_balanced,0.006213394301286203
0.3,0.05,confounded,4,oracle_u_aware,logger1_heavy,logger2_heavy,0.006178236667939099
0.3,0.05,confounded,4,oracle_u_aware,logger12_balanced,logger2_heavy,0.0073752585891339135
0.3,0.05,confounded,4,source_shuffle,logger1_heavy,logger12_balanced,0.015587758298966747
0.3,0.05,confounded,4,source_shuffle,logger1_heavy,logger2_heavy,0.020674619994010487
0.3,0.05,confounded,4,source_shuffle,logger12_balanced,logger2_heavy,0.012271220755352955
0.3,0.05,confounded,4,no_behavior,logger1_heavy,logger12_balanced,0.014357248570348067
0.3,0.05,confounded,4,no_behavior,logger1_heavy,logger2_heavy,0.0190276503913699
0.3,0.05,confounded,4,no_behavior,logger12_balanced,logger2_heavy,0.011754054018991746
0.3,0.05,confounded,4,source_dependent_reward,logger1_heavy,logger12_balanced,0.009494882349736555
0.3,0.05,confounded,4,source_dependent_reward,logger1_heavy,logger2_heavy,0.014394041035244335
0.3,0.05,confounded,4,source_dependent_reward,logger12_balanced,logger2_heavy,0.013038362235594058
0.3,0.05,independent_latents,0,pooled_mlp,logger1_heavy,logger12_balanced,0.011357179457877785
0.3,0.05,independent_latents,0,pooled_mlp,logger1_heavy,logger2_heavy,0.010732590715379608
0.3,0.05,independent_latents,0,pooled_mlp,logger12_balanced,logger2_heavy,0.008214903269196515
0.3,0.05,independent_latents,0,source_balanced_pooled_mlp,logger1_heavy,logger12_balanced,0.0
0.3,0.05,independent_latents,0,source_balanced_pooled_mlp,logger1_heavy,logger2_heavy,0.0
0.3,0.05,independent_latents,0,source_balanced_pooled_mlp,logger12_balanced,logger2_heavy,0.0
0.3,0.05,independent_latents,0,source_conditioned_decoder,logger1_heavy,logger12_balanced,0.008232416513344096
0.3,0.05,independent_latents,0,source_conditioned_decoder,logger1_heavy,logger2_heavy,0.012921986650959462
0.3,0.05,independent_latents,0,source_conditioned_decoder,logger12_balanced,logger2_heavy,0.012229331760349429
0.3,0.05,independent_latents,0,per_source_models,logger1_heavy,logger12_balanced,0.013284875745852154
0.3,0.05,independent_latents,0,per_source_models,logger1_heavy,logger2_heavy,0.015024054225100869
0.3,0.05,independent_latents,0,per_source_models,logger12_balanced,logger2_heavy,0.0028090740814166785
0.3,0.05,independent_latents,0,mechanism_separated,logger1_heavy,logger12_balanced,0.008865263318054702
0.3,0.05,independent_latents,0,mechanism_separated,logger1_heavy,logger2_heavy,0.011255744338395421
0.3,0.05,independent_latents,0,mechanism_separated,logger12_balanced,logger2_heavy,0.011365792463391066
0.3,0.05,independent_latents,0,oracle_u_aware,logger1_heavy,logger12_balanced,0.005937173996145786
0.3,0.05,independent_latents,0,oracle_u_aware,logger1_heavy,logger2_heavy,0.007640540555127266
0.3,0.05,independent_latents,0,oracle_u_aware,logger12_balanced,logger2_heavy,0.007243341426562707
0.3,0.05,independent_latents,0,source_shuffle,logger1_heavy,logger12_balanced,0.009182691631798386
0.3,0.05,independent_latents,0,source_shuffle,logger1_heavy,logger2_heavy,0.010869612861788638
0.3,0.05,independent_latents,0,source_shuffle,logger12_balanced,logger2_heavy,0.008985867179005522
0.3,0.05,independent_latents,0,no_behavior,logger1_heavy,logger12_balanced,0.008264841673157488
0.3,0.05,independent_latents,0,no_behavior,logger1_heavy,logger2_heavy,0.010254786882375211
0.3,0.05,independent_latents,0,no_behavior,logger12_balanced,logger2_heavy,0.008463834689067461
0.3,0.05,independent_latents,0,source_dependent_reward,logger1_heavy,logger12_balanced,0.01054260358841333
0.3,0.05,independent_latents,0,source_dependent_reward,logger1_heavy,logger2_heavy,0.013015547364826335
0.3,0.05,independent_latents,0,source_dependent_reward,logger12_balanced,logger2_heavy,0.009111697592596092
0.3,0.05,independent_latents,1,pooled_mlp,logger1_heavy,logger12_balanced,0.01253758800801999
0.3,0.05,independent_latents,1,pooled_mlp,logger1_heavy,logger2_heavy,0.013172773669540153
0.3,0.05,independent_latents,1,pooled_mlp,logger12_balanced,logger2_heavy,0.01377234653296058
0.3,0.05,independent_latents,1,source_balanced_pooled_mlp,logger1_heavy,logger12_balanced,0.0
0.3,0.05,independent_latents,1,source_balanced_pooled_mlp,logger1_heavy,logger2_heavy,0.0
0.3,0.05,independent_latents,1,source_balanced_pooled_mlp,logger12_balanced,logger2_heavy,0.0
0.3,0.05,independent_latents,1,source_conditioned_decoder,logger1_heavy,logger12_balanced,0.01185148884688855
0.3,0.05,independent_latents,1,source_conditioned_decoder,logger1_heavy,logger2_heavy,0.014552244440038059
0.3,0.05,independent_latents,1,source_conditioned_decoder,logger12_balanced,logger2_heavy,0.012896655403300813
0.3,0.05,independent_latents,1,per_source_models,logger1_heavy,logger12_balanced,0.01240332209085875
0.3,0.05,independent_latents,1,per_source_models,logger1_heavy,logger2_heavy,0.008453419723395512
0.3,0.05,independent_latents,1,per_source_models,logger12_balanced,logger2_heavy,0.011580216519751971
0.3,0.05,independent_latents,1,mechanism_separated,logger1_heavy,logger12_balanced,0.011652431617642305
0.3,0.05,independent_latents,1,mechanism_separated,logger1_heavy,logger2_heavy,0.013756334138042942
0.3,0.05,independent_latents,1,mechanism_separated,logger12_balanced,logger2_heavy,0.013337592362281683
0.3,0.05,independent_latents,1,oracle_u_aware,logger1_heavy,logger12_balanced,0.007166169106580152
0.3,0.05,independent_latents,1,oracle_u_aware,logger1_heavy,logger2_heavy,0.006600873466849298
0.3,0.05,independent_latents,1,oracle_u_aware,logger12_balanced,logger2_heavy,0.0067039218086478
0.3,0.05,independent_latents,1,source_shuffle,logger1_heavy,logger12_balanced,0.011791783964065954
0.3,0.05,independent_latents,1,source_shuffle,logger1_heavy,logger2_heavy,0.013552446860572234
0.3,0.05,independent_latents,1,source_shuffle,logger12_balanced,logger2_heavy,0.013054331098168944
0.3,0.05,independent_latents,1,no_behavior,logger1_heavy,logger12_balanced,0.010136298178544676
0.3,0.05,independent_latents,1,no_behavior,logger1_heavy,logger2_heavy,0.013750914605858026
0.3,0.05,independent_latents,1,no_behavior,logger12_balanced,logger2_heavy,0.01357622165367709
0.3,0.05,independent_latents,1,source_dependent_reward,logger1_heavy,logger12_balanced,0.011417696431103325
0.3,0.05,independent_latents,1,source_dependent_reward,logger1_heavy,logger2_heavy,0.014260259744454759
0.3,0.05,independent_latents,1,source_dependent_reward,logger12_balanced,logger2_heavy,0.013789453600771875
0.3,0.05,independent_latents,2,pooled_mlp,logger1_heavy,logger12_balanced,0.016351796466900072
0.3,0.05,independent_latents,2,pooled_mlp,logger1_heavy,logger2_heavy,0.013632111523371676
0.3,0.05,independent_latents,2,pooled_mlp,logger12_balanced,logger2_heavy,0.010034202601520104
0.3,0.05,independent_latents,2,source_balanced_pooled_mlp,logger1_heavy,logger12_balanced,0.0
0.3,0.05,independent_latents,2,source_balanced_pooled_mlp,logger1_heavy,logger2_heavy,0.0
0.3,0.05,independent_latents,2,source_balanced_pooled_mlp,logger12_balanced,logger2_heavy,0.0
0.3,0.05,independent_latents,2,source_conditioned_decoder,logger1_heavy,logger12_balanced,0.013459815201016852
0.3,0.05,independent_latents,2,source_conditioned_decoder,logger1_heavy,logger2_heavy,0.012469333048725504
0.3,0.05,independent_latents,2,source_conditioned_decoder,logger12_balanced,logger2_heavy,0.013519521401066414
0.3,0.05,independent_latents,2,per_source_models,logger1_heavy,logger12_balanced,0.002152129177794777
0.3,0.05,independent_latents,2,per_source_models,logger1_heavy,logger2_heavy,0.0024901548893259116
0.3,0.05,independent_latents,2,per_source_models,logger12_balanced,logger2_heavy,0.0025664027510658733
0.3,0.05,independent_latents,2,mechanism_separated,logger1_heavy,logger12_balanced,0.01394198388505728
0.3,0.05,independent_latents,2,mechanism_separated,logger1_heavy,logger2_heavy,0.01303057587848769
0.3,0.05,independent_latents,2,mechanism_separated,logger12_balanced,logger2_heavy,0.010056551339816755
0.3,0.05,independent_latents,2,oracle_u_aware,logger1_heavy,logger12_balanced,0.009605916933917664
0.3,0.05,independent_latents,2,oracle_u_aware,logger1_heavy,logger2_heavy,0.010272668515954033
0.3,0.05,independent_latents,2,oracle_u_aware,logger12_balanced,logger2_heavy,0.010109991542296786
0.3,0.05,independent_latents,2,source_shuffle,logger1_heavy,logger12_balanced,0.014406790062062089
0.3,0.05,independent_latents,2,source_shuffle,logger1_heavy,logger2_heavy,0.013830924560302384
0.3,0.05,independent_latents,2,source_shuffle,logger12_balanced,logger2_heavy,0.010391108182942685
0.3,0.05,independent_latents,2,no_behavior,logger1_heavy,logger12_balanced,0.015731233661986664
0.3,0.05,independent_latents,2,no_behavior,logger1_heavy,logger2_heavy,0.013929874313528916
0.3,0.05,independent_latents,2,no_behavior,logger12_balanced,logger2_heavy,0.012600767784777771
0.3,0.05,independent_latents,2,source_dependent_reward,logger1_heavy,logger12_balanced,0.015246889783893875
0.3,0.05,independent_latents,2,source_dependent_reward,logger1_heavy,logger2_heavy,0.012211580447840842
0.3,0.05,independent_latents,2,source_dependent_reward,logger12_balanced,logger2_heavy,0.013843019218033005
0.3,0.05,independent_latents,3,pooled_mlp,logger1_heavy,logger12_balanced,0.014326919314548733
0.3,0.05,independent_latents,3,pooled_mlp,logger1_heavy,logger2_heavy,0.014167942667691802
0.3,0.05,independent_latents,3,pooled_mlp,logger12_balanced,logger2_heavy,0.010420363167130148
0.3,0.05,independent_latents,3,source_balanced_pooled_mlp,logger1_heavy,logger12_balanced,0.0
0.3,0.05,independent_latents,3,source_balanced_pooled_mlp,logger1_heavy,logger2_heavy,0.0
0.3,0.05,independent_latents,3,source_balanced_pooled_mlp,logger12_balanced,logger2_heavy,0.0
0.3,0.05,independent_latents,3,source_conditioned_decoder,logger1_heavy,logger12_balanced,0.014384214273874011
0.3,0.05,independent_latents,3,source_conditioned_decoder,logger1_heavy,logger2_heavy,0.01387359084124491
0.3,0.05,independent_latents,3,source_conditioned_decoder,logger12_balanced,logger2_heavy,0.010085822421853158
0.3,0.05,independent_latents,3,per_source_models,logger1_heavy,logger12_balanced,0.013481359486187049
0.3,0.05,independent_latents,3,per_source_models,logger1_heavy,logger2_heavy,0.013375148922443132
0.3,0.05,independent_latents,3,per_source_models,logger12_balanced,logger2_heavy,0.002250471722879496
0.3,0.05,independent_latents,3,mechanism_separated,logger1_heavy,logger12_balanced,0.013874118659295389
0.3,0.05,independent_latents,3,mechanism_separated,logger1_heavy,logger2_heavy,0.013190804727557263
0.3,0.05,independent_latents,3,mechanism_separated,logger12_balanced,logger2_heavy,0.010972008138865464
0.3,0.05,independent_latents,3,oracle_u_aware,logger1_heavy,logger12_balanced,0.006687065401024281
0.3,0.05,independent_latents,3,oracle_u_aware,logger1_heavy,logger2_heavy,0.007295119716103968
0.3,0.05,independent_latents,3,oracle_u_aware,logger12_balanced,logger2_heavy,0.006013388135988236
0.3,0.05,independent_latents,3,source_shuffle,logger1_heavy,logger12_balanced,0.014134083818821837
0.3,0.05,independent_latents,3,source_shuffle,logger1_heavy,logger2_heavy,0.013273702628111039
0.3,0.05,independent_latents,3,source_shuffle,logger12_balanced,logger2_heavy,0.01081621344634767
0.3,0.05,independent_latents,3,no_behavior,logger1_heavy,logger12_balanced,0.013911374594977594
0.3,0.05,independent_latents,3,no_behavior,logger1_heavy,logger2_heavy,0.013526312628619133
0.3,0.05,independent_latents,3,no_behavior,logger12_balanced,logger2_heavy,0.010066496156456413
0.3,0.05,independent_latents,3,source_dependent_reward,logger1_heavy,logger12_balanced,0.012838391578662896
0.3,0.05,independent_latents,3,source_dependent_reward,logger1_heavy,logger2_heavy,0.010912940739795887
0.3,0.05,independent_latents,3,source_dependent_reward,logger12_balanced,logger2_heavy,0.01056944383420666
0.3,0.05,independent_latents,4,pooled_mlp,logger1_heavy,logger12_balanced,0.01246219198033365
0.3,0.05,independent_latents,4,pooled_mlp,logger1_heavy,logger2_heavy,0.016365922846329276
0.3,0.05,independent_latents,4,pooled_mlp,logger12_balanced,logger2_heavy,0.01439222394731238
0.3,0.05,independent_latents,4,source_balanced_pooled_mlp,logger1_heavy,logger12_balanced,0.0
0.3,0.05,independent_latents,4,source_balanced_pooled_mlp,logger1_heavy,logger2_heavy,0.0
0.3,0.05,independent_latents,4,source_balanced_pooled_mlp,logger12_balanced,logger2_heavy,0.0
0.3,0.05,independent_latents,4,source_conditioned_decoder,logger1_heavy,logger12_balanced,0.010872677927433868
0.3,0.05,independent_latents,4,source_conditioned_decoder,logger1_heavy,logger2_heavy,0.015607009301882913
0.3,0.05,independent_latents,4,source_conditioned_decoder,logger12_balanced,logger2_heavy,0.0134360779666774
0.3,0.05,independent_latents,4,per_source_models,logger1_heavy,logger12_balanced,0.01173446298222355
0.3,0.05,independent_latents,4,per_source_models,logger1_heavy,logger2_heavy,0.011001605024819727
0.3,0.05,independent_latents,4,per_source_models,logger12_balanced,logger2_heavy,0.002984288863536891
0.3,0.05,independent_latents,4,mechanism_separated,logger1_heavy,logger12_balanced,0.015608660691048461
0.3,0.05,independent_latents,4,mechanism_separated,logger1_heavy,logger2_heavy,0.013489011879645647
0.3,0.05,independent_latents,4,mechanism_separated,logger12_balanced,logger2_heavy,0.01397237263978717
0.3,0.05,independent_latents,4,oracle_u_aware,logger1_heavy,logger12_balanced,0.010499115784467217
0.3,0.05,independent_latents,4,oracle_u_aware,logger1_heavy,logger2_heavy,0.009715804168039554
0.3,0.05,independent_latents,4,oracle_u_aware,logger12_balanced,logger2_heavy,0.006507320148553771
0.3,0.05,independent_latents,4,source_shuffle,logger1_heavy,logger12_balanced,0.015170958407618583
0.3,0.05,independent_latents,4,source_shuffle,logger1_heavy,logger2_heavy,0.017501052777733974
0.3,0.05,independent_latents,4,source_shuffle,logger12_balanced,logger2_heavy,0.015323561705509832
0.3,0.05,independent_latents,4,no_behavior,logger1_heavy,logger12_balanced,0.015184377694868365
0.3,0.05,independent_latents,4,no_behavior,logger1_heavy,logger2_heavy,0.01377485716419629
0.3,0.05,independent_latents,4,no_behavior,logger12_balanced,logger2_heavy,0.013988416158552291
0.3,0.05,independent_latents,4,source_dependent_reward,logger1_heavy,logger12_balanced,0.011498827696096968
0.3,0.05,independent_latents,4,source_dependent_reward,logger1_heavy,logger2_heavy,0.011783113600886066
0.3,0.05,independent_latents,4,source_dependent_reward,logger12_balanced,logger2_heavy,0.013656324099582505
0.3,0.1,confounded,0,pooled_mlp,logger1_heavy,logger12_balanced,0.021170184395947478
0.3,0.1,confounded,0,pooled_mlp,logger1_heavy,logger2_heavy,0.03270591271707461
0.3,0.1,confounded,0,pooled_mlp,logger12_balanced,logger2_heavy,0.023302914974639877
0.3,0.1,confounded,0,source_balanced_pooled_mlp,logger1_heavy,logger12_balanced,0.0
0.3,0.1,confounded,0,source_balanced_pooled_mlp,logger1_heavy,logger2_heavy,0.0
0.3,0.1,confounded,0,source_balanced_pooled_mlp,logger12_balanced,logger2_heavy,0.0
0.3,0.1,confounded,0,source_conditioned_decoder,logger1_heavy,logger12_balanced,0.019086201241312436
0.3,0.1,confounded,0,source_conditioned_decoder,logger1_heavy,logger2_heavy,0.01970042739863148
0.3,0.1,confounded,0,source_conditioned_decoder,logger12_balanced,logger2_heavy,0.018167052100384846
0.3,0.1,confounded,0,per_source_models,logger1_heavy,logger12_balanced,0.013843932499182235
0.3,0.1,confounded,0,per_source_models,logger1_heavy,logger2_heavy,0.013528027913883458
0.3,0.1,confounded,0,per_source_models,logger12_balanced,logger2_heavy,0.006709981942029358
0.3,0.1,confounded,0,mechanism_separated,logger1_heavy,logger12_balanced,0.021076043361710248
0.3,0.1,confounded,0,mechanism_separated,logger1_heavy,logger2_heavy,0.029373438381828428
0.3,0.1,confounded,0,mechanism_separated,logger12_balanced,logger2_heavy,0.02095210366839572
0.3,0.1,confounded,0,oracle_u_aware,logger1_heavy,logger12_balanced,0.006276022559847066
0.3,0.1,confounded,0,oracle_u_aware,logger1_heavy,logger2_heavy,0.007883122757181445
0.3,0.1,confounded,0,oracle_u_aware,logger12_balanced,logger2_heavy,0.008234307608702519
0.3,0.1,confounded,0,source_shuffle,logger1_heavy,logger12_balanced,0.020089629895353567
0.3,0.1,confounded,0,source_shuffle,logger1_heavy,logger2_heavy,0.030022438176530216
0.3,0.1,confounded,0,source_shuffle,logger12_balanced,logger2_heavy,0.0204188493281652
0.3,0.1,confounded,0,no_behavior,logger1_heavy,logger12_balanced,0.020691968269443237
0.3,0.1,confounded,0,no_behavior,logger1_heavy,logger2_heavy,0.030883850189571502
0.3,0.1,confounded,0,no_behavior,logger12_balanced,logger2_heavy,0.022141774981716548
0.3,0.1,confounded,0,source_dependent_reward,logger1_heavy,logger12_balanced,0.01602510275635783
0.3,0.1,confounded,0,source_dependent_reward,logger1_heavy,logger2_heavy,0.019310691489740676
0.3,0.1,confounded,0,source_dependent_reward,logger12_balanced,logger2_heavy,0.018542199308691706
0.3,0.1,confounded,1,pooled_mlp,logger1_heavy,logger12_balanced,0.017348501772305965
0.3,0.1,confounded,1,pooled_mlp,logger1_heavy,logger2_heavy,0.030716315722935726
0.3,0.1,confounded,1,pooled_mlp,logger12_balanced,logger2_heavy,0.022260229216253896
0.3,0.1,confounded,1,source_balanced_pooled_mlp,logger1_heavy,logger12_balanced,0.0
0.3,0.1,confounded,1,source_balanced_pooled_mlp,logger1_heavy,logger2_heavy,0.0
0.3,0.1,confounded,1,source_balanced_pooled_mlp,logger12_balanced,logger2_heavy,0.0
0.3,0.1,confounded,1,source_conditioned_decoder,logger1_heavy,logger12_balanced,0.013168863487664524
0.3,0.1,confounded,1,source_conditioned_decoder,logger1_heavy,logger2_heavy,0.02222692622160247
0.3,0.1,confounded,1,source_conditioned_decoder,logger12_balanced,logger2_heavy,0.02215631722520702
0.3,0.1,confounded,1,per_source_models,logger1_heavy,logger12_balanced,0.0056977372426071995
0.3,0.1,confounded,1,per_source_models,logger1_heavy,logger2_heavy,0.0061955611615867115
0.3,0.1,confounded,1,per_source_models,logger12_balanced,logger2_heavy,0.00427509764315802
0.3,0.1,confounded,1,mechanism_separated,logger1_heavy,logger12_balanced,0.017645647755528196
0.3,0.1,confounded,1,mechanism_separated,logger1_heavy,logger2_heavy,0.03366145050896271
0.3,0.1,confounded,1,mechanism_separated,logger12_balanced,logger2_heavy,0.022432420807830672
0.3,0.1,confounded,1,oracle_u_aware,logger1_heavy,logger12_balanced,0.007171524615222344
0.3,0.1,confounded,1,oracle_u_aware,logger1_heavy,logger2_heavy,0.010262760648751756
0.3,0.1,confounded,1,oracle_u_aware,logger12_balanced,logger2_heavy,0.012970877650783703
0.3,0.1,confounded,1,source_shuffle,logger1_heavy,logger12_balanced,0.01753058664190419
0.3,0.1,confounded,1,source_shuffle,logger1_heavy,logger2_heavy,0.029637456815127545
0.3,0.1,confounded,1,source_shuffle,logger12_balanced,logger2_heavy,0.022111852869328864
0.3,0.1,confounded,1,no_behavior,logger1_heavy,logger12_balanced,0.016787213919359306
0.3,0.1,confounded,1,no_behavior,logger1_heavy,logger2_heavy,0.03233961544451899
0.3,0.1,confounded,1,no_behavior,logger12_balanced,logger2_heavy,0.023255733351150054
0.3,0.1,confounded,1,source_dependent_reward,logger1_heavy,logger12_balanced,0.01475890049647256
0.3,0.1,confounded,1,source_dependent_reward,logger1_heavy,logger2_heavy,0.02140936347136148
0.3,0.1,confounded,1,source_dependent_reward,logger12_balanced,logger2_heavy,0.01944517628106958
0.3,0.1,confounded,2,pooled_mlp,logger1_heavy,logger12_balanced,0.018230878099329096
0.3,0.1,confounded,2,pooled_mlp,logger1_heavy,logger2_heavy,0.031114815405914088
0.3,0.1,confounded,2,pooled_mlp,logger12_balanced,logger2_heavy,0.02112277378994967
0.3,0.1,confounded,2,source_balanced_pooled_mlp,logger1_heavy,logger12_balanced,0.0
0.3,0.1,confounded,2,source_balanced_pooled_mlp,logger1_heavy,logger2_heavy,0.0
0.3,0.1,confounded,2,source_balanced_pooled_mlp,logger12_balanced,logger2_heavy,0.0
0.3,0.1,confounded,2,source_conditioned_decoder,logger1_heavy,logger12_balanced,0.01863129035183497
0.3,0.1,confounded,2,source_conditioned_decoder,logger1_heavy,logger2_heavy,0.0237843841305294
0.3,0.1,confounded,2,source_conditioned_decoder,logger12_balanced,logger2_heavy,0.016946020513043676
0.3,0.1,confounded,2,per_source_models,logger1_heavy,logger12_balanced,0.005429181327006902
0.3,0.1,confounded,2,per_source_models,logger1_heavy,logger2_heavy,0.005937411353861132
0.3,0.1,confounded,2,per_source_models,logger12_balanced,logger2_heavy,0.004688355253527551
0.3,0.1,confounded,2,mechanism_separated,logger1_heavy,logger12_balanced,0.014580871459651002
0.3,0.1,confounded,2,mechanism_separated,logger1_heavy,logger2_heavy,0.029603932825217644
0.3,0.1,confounded,2,mechanism_separated,logger12_balanced,logger2_heavy,0.022364876446084078
0.3,0.1,confounded,2,oracle_u_aware,logger1_heavy,logger12_balanced,0.011207172745410157
0.3,0.1,confounded,2,oracle_u_aware,logger1_heavy,logger2_heavy,0.008560922816028726
0.3,0.1,confounded,2,oracle_u_aware,logger12_balanced,logger2_heavy,0.010648888521006348
0.3,0.1,confounded,2,source_shuffle,logger1_heavy,logger12_balanced,0.020397017447417683
0.3,0.1,confounded,2,source_shuffle,logger1_heavy,logger2_heavy,0.028732367642862792
0.3,0.1,confounded,2,source_shuffle,logger12_balanced,logger2_heavy,0.021651908744388423
0.3,0.1,confounded,2,no_behavior,logger1_heavy,logger12_balanced,0.022734775042558587
0.3,0.1,confounded,2,no_behavior,logger1_heavy,logger2_heavy,0.0315340233374681
0.3,0.1,confounded,2,no_behavior,logger12_balanced,logger2_heavy,0.02353370278884566
0.3,0.1,confounded,2,source_dependent_reward,logger1_heavy,logger12_balanced,0.017412920366481684
0.3,0.1,confounded,2,source_dependent_reward,logger1_heavy,logger2_heavy,0.02320709201771637
0.3,0.1,confounded,2,source_dependent_reward,logger12_balanced,logger2_heavy,0.02495371451086477
0.3,0.1,confounded,3,pooled_mlp,logger1_heavy,logger12_balanced,0.023215803491296753
0.3,0.1,confounded,3,pooled_mlp,logger1_heavy,logger2_heavy,0.034086301267023354
0.3,0.1,confounded,3,pooled_mlp,logger12_balanced,logger2_heavy,0.023068227162342258
0.3,0.1,confounded,3,source_balanced_pooled_mlp,logger1_heavy,logger12_balanced,0.0
0.3,0.1,confounded,3,source_balanced_pooled_mlp,logger1_heavy,logger2_heavy,0.0
0.3,0.1,confounded,3,source_balanced_pooled_mlp,logger12_balanced,logger2_heavy,0.0
0.3,0.1,confounded,3,source_conditioned_decoder,logger1_heavy,logger12_balanced,0.01801582193424997
0.3,0.1,confounded,3,source_conditioned_decoder,logger1_heavy,logger2_heavy,0.023273239396844666
0.3,0.1,confounded,3,source_conditioned_decoder,logger12_balanced,logger2_heavy,0.019455770210104705
0.3,0.1,confounded,3,per_source_models,logger1_heavy,logger12_balanced,0.012803725248930477
0.3,0.1,confounded,3,per_source_models,logger1_heavy,logger2_heavy,0.012637364789889105
0.3,0.1,confounded,3,per_source_models,logger12_balanced,logger2_heavy,0.01769695613959858
0.3,0.1,confounded,3,mechanism_separated,logger1_heavy,logger12_balanced,0.020212802651079487
0.3,0.1,confounded,3,mechanism_separated,logger1_heavy,logger2_heavy,0.0316545543600357
0.3,0.1,confounded,3,mechanism_separated,logger12_balanced,logger2_heavy,0.023098658029604556
0.3,0.1,confounded,3,oracle_u_aware,logger1_heavy,logger12_balanced,0.007066340165545789
0.3,0.1,confounded,3,oracle_u_aware,logger1_heavy,logger2_heavy,0.00826367119300771
0.3,0.1,confounded,3,oracle_u_aware,logger12_balanced,logger2_heavy,0.008288368518483932
0.3,0.1,confounded,3,source_shuffle,logger1_heavy,logger12_balanced,0.020808014496098114
0.3,0.1,confounded,3,source_shuffle,logger1_heavy,logger2_heavy,0.03254103103749984
0.3,0.1,confounded,3,source_shuffle,logger12_balanced,logger2_heavy,0.024167275797396044
0.3,0.1,confounded,3,no_behavior,logger1_heavy,logger12_balanced,0.018579926725471683
0.3,0.1,confounded,3,no_behavior,logger1_heavy,logger2_heavy,0.033548891949490095
0.3,0.1,confounded,3,no_behavior,logger12_balanced,logger2_heavy,0.023570493846717302
0.3,0.1,confounded,3,source_dependent_reward,logger1_heavy,logger12_balanced,0.01554176896940206
0.3,0.1,confounded,3,source_dependent_reward,logger1_heavy,logger2_heavy,0.019580141431337756
0.3,0.1,confounded,3,source_dependent_reward,logger12_balanced,logger2_heavy,0.01920094072105331
0.3,0.1,confounded,4,pooled_mlp,logger1_heavy,logger12_balanced,0.0215292756696753
0.3,0.1,confounded,4,pooled_mlp,logger1_heavy,logger2_heavy,0.03217778954323543
0.3,0.1,confounded,4,pooled_mlp,logger12_balanced,logger2_heavy,0.02252199224636335
0.3,0.1,confounded,4,source_balanced_pooled_mlp,logger1_heavy,logger12_balanced,0.0
0.3,0.1,confounded,4,source_balanced_pooled_mlp,logger1_heavy,logger2_heavy,0.0
0.3,0.1,confounded,4,source_balanced_pooled_mlp,logger12_balanced,logger2_heavy,0.0
0.3,0.1,confounded,4,source_conditioned_decoder,logger1_heavy,logger12_balanced,0.019095821398537806
0.3,0.1,confounded,4,source_conditioned_decoder,logger1_heavy,logger2_heavy,0.02547258460361343
0.3,0.1,confounded,4,source_conditioned_decoder,logger12_balanced,logger2_heavy,0.022543531480740932
0.3,0.1,confounded,4,per_source_models,logger1_heavy,logger12_balanced,0.007152463120890485
0.3,0.1,confounded,4,per_source_models,logger1_heavy,logger2_heavy,0.012164589720503856
0.3,0.1,confounded,4,per_source_models,logger12_balanced,logger2_heavy,0.010926233693543876
0.3,0.1,confounded,4,mechanism_separated,logger1_heavy,logger12_balanced,0.01795293224610517
0.3,0.1,confounded,4,mechanism_separated,logger1_heavy,logger2_heavy,0.027994440404230943
0.3,0.1,confounded,4,mechanism_separated,logger12_balanced,logger2_heavy,0.01988482230455709
0.3,0.1,confounded,4,oracle_u_aware,logger1_heavy,logger12_balanced,0.009595710043306789
0.3,0.1,confounded,4,oracle_u_aware,logger1_heavy,logger2_heavy,0.009916786363917978
0.3,0.1,confounded,4,oracle_u_aware,logger12_balanced,logger2_heavy,0.006378723808433327
0.3,0.1,confounded,4,source_shuffle,logger1_heavy,logger12_balanced,0.016917799101956257
0.3,0.1,confounded,4,source_shuffle,logger1_heavy,logger2_heavy,0.02861581821875186
0.3,0.1,confounded,4,source_shuffle,logger12_balanced,logger2_heavy,0.020220116270699955
0.3,0.1,confounded,4,no_behavior,logger1_heavy,logger12_balanced,0.01657343348218848
0.3,0.1,confounded,4,no_behavior,logger1_heavy,logger2_heavy,0.028187438785488718
0.3,0.1,confounded,4,no_behavior,logger12_balanced,logger2_heavy,0.019853531548823446
0.3,0.1,confounded,4,source_dependent_reward,logger1_heavy,logger12_balanced,0.018603391367555292
0.3,0.1,confounded,4,source_dependent_reward,logger1_heavy,logger2_heavy,0.025372152651573412
0.3,0.1,confounded,4,source_dependent_reward,logger12_balanced,logger2_heavy,0.019653582544478087
0.3,0.1,independent_latents,0,pooled_mlp,logger1_heavy,logger12_balanced,0.01694771356997772
0.3,0.1,independent_latents,0,pooled_mlp,logger1_heavy,logger2_heavy,0.017055648206034977
0.3,0.1,independent_latents,0,pooled_mlp,logger12_balanced,logger2_heavy,0.012419119781041803
0.3,0.1,independent_latents,0,source_balanced_pooled_mlp,logger1_heavy,logger12_balanced,0.0
0.3,0.1,independent_latents,0,source_balanced_pooled_mlp,logger1_heavy,logger2_heavy,0.0
0.3,0.1,independent_latents,0,source_balanced_pooled_mlp,logger12_balanced,logger2_heavy,0.0
0.3,0.1,independent_latents,0,source_conditioned_decoder,logger1_heavy,logger12_balanced,0.015287793110015992
0.3,0.1,independent_latents,0,source_conditioned_decoder,logger1_heavy,logger2_heavy,0.016713565474001976
0.3,0.1,independent_latents,0,source_conditioned_decoder,logger12_balanced,logger2_heavy,0.01203224840978116
0.3,0.1,independent_latents,0,per_source_models,logger1_heavy,logger12_balanced,0.0023575918702706173
0.3,0.1,independent_latents,0,per_source_models,logger1_heavy,logger2_heavy,0.002677666628618059
0.3,0.1,independent_latents,0,per_source_models,logger12_balanced,logger2_heavy,0.0024353834885218477
0.3,0.1,independent_latents,0,mechanism_separated,logger1_heavy,logger12_balanced,0.01813492413412666
0.3,0.1,independent_latents,0,mechanism_separated,logger1_heavy,logger2_heavy,0.01770118027870294
0.3,0.1,independent_latents,0,mechanism_separated,logger12_balanced,logger2_heavy,0.020988472049843887
0.3,0.1,independent_latents,0,oracle_u_aware,logger1_heavy,logger12_balanced,0.01115410022319923
0.3,0.1,independent_latents,0,oracle_u_aware,logger1_heavy,logger2_heavy,0.011174655434673017
0.3,0.1,independent_latents,0,oracle_u_aware,logger12_balanced,logger2_heavy,0.009934286732582205
0.3,0.1,independent_latents,0,source_shuffle,logger1_heavy,logger12_balanced,0.016991776619006284
0.3,0.1,independent_latents,0,source_shuffle,logger1_heavy,logger2_heavy,0.013686140292954063
0.3,0.1,independent_latents,0,source_shuffle,logger12_balanced,logger2_heavy,0.012226045133886086
0.3,0.1,independent_latents,0,no_behavior,logger1_heavy,logger12_balanced,0.01837771056253347
0.3,0.1,independent_latents,0,no_behavior,logger1_heavy,logger2_heavy,0.016732244432228194
0.3,0.1,independent_latents,0,no_behavior,logger12_balanced,logger2_heavy,0.011995433302002844
0.3,0.1,independent_latents,0,source_dependent_reward,logger1_heavy,logger12_balanced,0.017937446318905044
0.3,0.1,independent_latents,0,source_dependent_reward,logger1_heavy,logger2_heavy,0.01722444109652562
0.3,0.1,independent_latents,0,source_dependent_reward,logger12_balanced,logger2_heavy,0.021117884684834685
0.3,0.1,independent_latents,1,pooled_mlp,logger1_heavy,logger12_balanced,0.013759063257193402
0.3,0.1,independent_latents,1,pooled_mlp,logger1_heavy,logger2_heavy,0.014152031365958245
0.3,0.1,independent_latents,1,pooled_mlp,logger12_balanced,logger2_heavy,0.010108446100178642
0.3,0.1,independent_latents,1,source_balanced_pooled_mlp,logger1_heavy,logger12_balanced,0.0
0.3,0.1,independent_latents,1,source_balanced_pooled_mlp,logger1_heavy,logger2_heavy,0.0
0.3,0.1,independent_latents,1,source_balanced_pooled_mlp,logger12_balanced,logger2_heavy,0.0
0.3,0.1,independent_latents,1,source_conditioned_decoder,logger1_heavy,logger12_balanced,0.012927001120066327
0.3,0.1,independent_latents,1,source_conditioned_decoder,logger1_heavy,logger2_heavy,0.013317635517934743
0.3,0.1,independent_latents,1,source_conditioned_decoder,logger12_balanced,logger2_heavy,0.008593424514451395
0.3,0.1,independent_latents,1,per_source_models,logger1_heavy,logger12_balanced,0.0026547511014148512
0.3,0.1,independent_latents,1,per_source_models,logger1_heavy,logger2_heavy,0.01348506231872323
0.3,0.1,independent_latents,1,per_source_models,logger12_balanced,logger2_heavy,0.013064631626239984
0.3,0.1,independent_latents,1,mechanism_separated,logger1_heavy,logger12_balanced,0.013106106674690242
0.3,0.1,independent_latents,1,mechanism_separated,logger1_heavy,logger2_heavy,0.013949388265213187
0.3,0.1,independent_latents,1,mechanism_separated,logger12_balanced,logger2_heavy,0.008731949720337872
0.3,0.1,independent_latents,1,oracle_u_aware,logger1_heavy,logger12_balanced,0.010644245659315574
0.3,0.1,independent_latents,1,oracle_u_aware,logger1_heavy,logger2_heavy,0.009838636272768403
0.3,0.1,independent_latents,1,oracle_u_aware,logger12_balanced,logger2_heavy,0.007750065830744855
0.3,0.1,independent_latents,1,source_shuffle,logger1_heavy,logger12_balanced,0.013788627104964557
0.3,0.1,independent_latents,1,source_shuffle,logger1_heavy,logger2_heavy,0.014360401965025959
0.3,0.1,independent_latents,1,source_shuffle,logger12_balanced,logger2_heavy,0.009202328203626759
0.3,0.1,independent_latents,1,no_behavior,logger1_heavy,logger12_balanced,0.013146674623618501
0.3,0.1,independent_latents,1,no_behavior,logger1_heavy,logger2_heavy,0.013170800196085327
0.3,0.1,independent_latents,1,no_behavior,logger12_balanced,logger2_heavy,0.00900233063837174
0.3,0.1,independent_latents,1,source_dependent_reward,logger1_heavy,logger12_balanced,0.015868721803552165
0.3,0.1,independent_latents,1,source_dependent_reward,logger1_heavy,logger2_heavy,0.01370161286822894
0.3,0.1,independent_latents,1,source_dependent_reward,logger12_balanced,logger2_heavy,0.011900088151134166
0.3,0.1,independent_latents,2,pooled_mlp,logger1_heavy,logger12_balanced,0.0167423326190604
0.3,0.1,independent_latents,2,pooled_mlp,logger1_heavy,logger2_heavy,0.016202336914833276
0.3,0.1,independent_latents,2,pooled_mlp,logger12_balanced,logger2_heavy,0.016782625958147872
0.3,0.1,independent_latents,2,source_balanced_pooled_mlp,logger1_heavy,logger12_balanced,0.0
0.3,0.1,independent_latents,2,source_balanced_pooled_mlp,logger1_heavy,logger2_heavy,0.0
0.3,0.1,independent_latents,2,source_balanced_pooled_mlp,logger12_balanced,logger2_heavy,0.0
0.3,0.1,independent_latents,2,source_conditioned_decoder,logger1_heavy,logger12_balanced,0.011495819270717196
0.3,0.1,independent_latents,2,source_conditioned_decoder,logger1_heavy,logger2_heavy,0.01736628231155072
0.3,0.1,independent_latents,2,source_conditioned_decoder,logger12_balanced,logger2_heavy,0.016673882339401057
0.3,0.1,independent_latents,2,per_source_models,logger1_heavy,logger12_balanced,0.002612051159684209
0.3,0.1,independent_latents,2,per_source_models,logger1_heavy,logger2_heavy,0.00388639822524693
0.3,0.1,independent_latents,2,per_source_models,logger12_balanced,logger2_heavy,0.0028201888248045527
0.3,0.1,independent_latents,2,mechanism_separated,logger1_heavy,logger12_balanced,0.017940353693446837
0.3,0.1,independent_latents,2,mechanism_separated,logger1_heavy,logger2_heavy,0.018772423763858553
0.3,0.1,independent_latents,2,mechanism_separated,logger12_balanced,logger2_heavy,0.009724635048186187
0.3,0.1,independent_latents,2,oracle_u_aware,logger1_heavy,logger12_balanced,0.0063560354555141085
0.3,0.1,independent_latents,2,oracle_u_aware,logger1_heavy,logger2_heavy,0.008231799283186698
0.3,0.1,independent_latents,2,oracle_u_aware,logger12_balanced,logger2_heavy,0.009264244928246984
0.3,0.1,independent_latents,2,source_shuffle,logger1_heavy,logger12_balanced,0.01709539228384363
0.3,0.1,independent_latents,2,source_shuffle,logger1_heavy,logger2_heavy,0.023670433487292718
0.3,0.1,independent_latents,2,source_shuffle,logger12_balanced,logger2_heavy,0.018051945281733442
0.3,0.1,independent_latents,2,no_behavior,logger1_heavy,logger12_balanced,0.013442089533159582
0.3,0.1,independent_latents,2,no_behavior,logger1_heavy,logger2_heavy,0.015108982679370862
0.3,0.1,independent_latents,2,no_behavior,logger12_balanced,logger2_heavy,0.013498889825132452
0.3,0.1,independent_latents,2,source_dependent_reward,logger1_heavy,logger12_balanced,0.0157460696465847
0.3,0.1,independent_latents,2,source_dependent_reward,logger1_heavy,logger2_heavy,0.0173590140689743
0.3,0.1,independent_latents,2,source_dependent_reward,logger12_balanced,logger2_heavy,0.016338352253770824
0.3,0.1,independent_latents,3,pooled_mlp,logger1_heavy,logger12_balanced,0.011858217259942789
0.3,0.1,independent_latents,3,pooled_mlp,logger1_heavy,logger2_heavy,0.014600140513001916
0.3,0.1,independent_latents,3,pooled_mlp,logger12_balanced,logger2_heavy,0.01095844522036141
0.3,0.1,independent_latents,3,source_balanced_pooled_mlp,logger1_heavy,logger12_balanced,0.0
0.3,0.1,independent_latents,3,source_balanced_pooled_mlp,logger1_heavy,logger2_heavy,0.0
0.3,0.1,independent_latents,3,source_balanced_pooled_mlp,logger12_balanced,logger2_heavy,0.0
0.3,0.1,independent_latents,3,source_conditioned_decoder,logger1_heavy,logger12_balanced,0.015146233384802596
0.3,0.1,independent_latents,3,source_conditioned_decoder,logger1_heavy,logger2_heavy,0.015832069362110422
0.3,0.1,independent_latents,3,source_conditioned_decoder,logger12_balanced,logger2_heavy,0.008927653343982732
0.3,0.1,independent_latents,3,per_source_models,logger1_heavy,logger12_balanced,0.002530819559893772
0.3,0.1,independent_latents,3,per_source_models,logger1_heavy,logger2_heavy,0.011161178841967524
0.3,0.1,independent_latents,3,per_source_models,logger12_balanced,logger2_heavy,0.010937618622031691
0.3,0.1,independent_latents,3,mechanism_separated,logger1_heavy,logger12_balanced,0.015646537214951153
0.3,0.1,independent_latents,3,mechanism_separated,logger1_heavy,logger2_heavy,0.017076920326040843
0.3,0.1,independent_latents,3,mechanism_separated,logger12_balanced,logger2_heavy,0.00938333512532462
0.3,0.1,independent_latents,3,oracle_u_aware,logger1_heavy,logger12_balanced,0.009211588274607418
0.3,0.1,independent_latents,3,oracle_u_aware,logger1_heavy,logger2_heavy,0.012835066562125519
0.3,0.1,independent_latents,3,oracle_u_aware,logger12_balanced,logger2_heavy,0.008144135818266236
0.3,0.1,independent_latents,3,source_shuffle,logger1_heavy,logger12_balanced,0.013297734612485025
0.3,0.1,independent_latents,3,source_shuffle,logger1_heavy,logger2_heavy,0.015551867022535403
0.3,0.1,independent_latents,3,source_shuffle,logger12_balanced,logger2_heavy,0.014051366500272623
0.3,0.1,independent_latents,3,no_behavior,logger1_heavy,logger12_balanced,0.009864706500359612
0.3,0.1,independent_latents,3,no_behavior,logger1_heavy,logger2_heavy,0.014980424092716767
0.3,0.1,independent_latents,3,no_behavior,logger12_balanced,logger2_heavy,0.012963456141538864
0.3,0.1,independent_latents,3,source_dependent_reward,logger1_heavy,logger12_balanced,0.02063460549682311
0.3,0.1,independent_latents,3,source_dependent_reward,logger1_heavy,logger2_heavy,0.01648034621858256
0.3,0.1,independent_latents,3,source_dependent_reward,logger12_balanced,logger2_heavy,0.01346446806013874
0.3,0.1,independent_latents,4,pooled_mlp,logger1_heavy,logger12_balanced,0.014227794831551427
0.3,0.1,independent_latents,4,pooled_mlp,logger1_heavy,logger2_heavy,0.018534203190429466
0.3,0.1,independent_latents,4,pooled_mlp,logger12_balanced,logger2_heavy,0.009594749813243545
0.3,0.1,independent_latents,4,source_balanced_pooled_mlp,logger1_heavy,logger12_balanced,0.0
0.3,0.1,independent_latents,4,source_balanced_pooled_mlp,logger1_heavy,logger2_heavy,0.0
0.3,0.1,independent_latents,4,source_balanced_pooled_mlp,logger12_balanced,logger2_heavy,0.0
0.3,0.1,independent_latents,4,source_conditioned_decoder,logger1_heavy,logger12_balanced,0.01474705288632594
0.3,0.1,independent_latents,4,source_conditioned_decoder,logger1_heavy,logger2_heavy,0.01970240445402185
0.3,0.1,independent_latents,4,source_conditioned_decoder,logger12_balanced,logger2_heavy,0.00855893587086337
0.3,0.1,independent_latents,4,per_source_models,logger1_heavy,logger12_balanced,0.012820179138650111
0.3,0.1,independent_latents,4,per_source_models,logger1_heavy,logger2_heavy,0.013237976048550051
0.3,0.1,independent_latents,4,per_source_models,logger12_balanced,logger2_heavy,0.012521562746884565
0.3,0.1,independent_latents,4,mechanism_separated,logger1_heavy,logger12_balanced,0.014407260248990663
0.3,0.1,independent_latents,4,mechanism_separated,logger1_heavy,logger2_heavy,0.015914544371935038
0.3,0.1,independent_latents,4,mechanism_separated,logger12_balanced,logger2_heavy,0.012448674286448436
0.3,0.1,independent_latents,4,oracle_u_aware,logger1_heavy,logger12_balanced,0.0070637284420304895
0.3,0.1,independent_latents,4,oracle_u_aware,logger1_heavy,logger2_heavy,0.011885325275786247
0.3,0.1,independent_latents,4,oracle_u_aware,logger12_balanced,logger2_heavy,0.009070554545127275
0.3,0.1,independent_latents,4,source_shuffle,logger1_heavy,logger12_balanced,0.014112929118519805
0.3,0.1,independent_latents,4,source_shuffle,logger1_heavy,logger2_heavy,0.015726645318586426
0.3,0.1,independent_latents,4,source_shuffle,logger12_balanced,logger2_heavy,0.012352931109294269
0.3,0.1,independent_latents,4,no_behavior,logger1_heavy,logger12_balanced,0.017200268322138963
0.3,0.1,independent_latents,4,no_behavior,logger1_heavy,logger2_heavy,0.015010141875439554
0.3,0.1,independent_latents,4,no_behavior,logger12_balanced,logger2_heavy,0.012938699526426557
0.3,0.1,independent_latents,4,source_dependent_reward,logger1_heavy,logger12_balanced,0.015031821841447626
0.3,0.1,independent_latents,4,source_dependent_reward,logger1_heavy,logger2_heavy,0.02024114518461817
0.3,0.1,independent_latents,4,source_dependent_reward,logger12_balanced,logger2_heavy,0.009411302922160471
