kappa,lambda_reward,condition,mixture,seed,method,top_set_disagreement,strict_flip,predicted_top_fraction_minus,predicted_top_fraction_base,predicted_top_fraction_plus,do_top_fraction_minus,do_top_fraction_base,do_top_fraction_plus,estimated_first_nonzero_grid_dose
0.0,0.0,confounded,logger1_heavy,0,pooled_mlp,0.24919093851132687,0.24919093851132687,0.6731391585760518,0.11650485436893204,0.21035598705501618,0.9029126213592233,0.006472491909385114,0.09061488673139159,
0.0,0.0,confounded,logger1_heavy,0,source_balanced_pooled_mlp,0.24271844660194175,0.23948220064724918,0.6796116504854369,0.11650485436893204,0.20711974110032363,0.9029126213592233,0.006472491909385114,0.09061488673139159,
0.0,0.0,confounded,logger1_heavy,0,source_conditioned_decoder,0.1715210355987055,0.1715210355987055,0.7443365695792881,0.04854368932038835,0.20711974110032363,0.9029126213592233,0.006472491909385114,0.09061488673139159,
0.0,0.0,confounded,logger1_heavy,0,per_source_models,0.24919093851132687,0.24919093851132687,0.6601941747572816,0.061488673139158574,0.2783171521035599,0.9029126213592233,0.006472491909385114,0.09061488673139159,
0.0,0.0,confounded,logger1_heavy,0,mechanism_separated,0.22330097087378642,0.22006472491909385,0.6925566343042071,0.0970873786407767,0.21359223300970873,0.9029126213592233,0.006472491909385114,0.09061488673139159,
0.0,0.0,confounded,logger1_heavy,0,oracle_u_aware,0.22006472491909385,0.22006472491909385,0.6925566343042071,0.07119741100323625,0.23624595469255663,0.9029126213592233,0.006472491909385114,0.09061488673139159,
0.0,0.0,confounded,logger1_heavy,0,source_shuffle,0.2783171521035599,0.2783171521035599,0.6343042071197411,0.10355987055016182,0.2621359223300971,0.9029126213592233,0.006472491909385114,0.09061488673139159,
0.0,0.0,confounded,logger1_heavy,0,no_behavior,0.21035598705501618,0.21035598705501618,0.6990291262135923,0.07119741100323625,0.2297734627831715,0.9029126213592233,0.006472491909385114,0.09061488673139159,
0.0,0.0,confounded,logger1_heavy,0,source_dependent_reward,0.2459546925566343,0.2459546925566343,0.6666666666666666,0.05825242718446602,0.2750809061488673,0.9029126213592233,0.006472491909385114,0.09061488673139159,
0.0,0.0,confounded,logger1_heavy,1,pooled_mlp,0.27184466019417475,0.27184466019417475,0.6407766990291263,0.08090614886731391,0.2783171521035599,0.9029126213592233,0.006472491909385114,0.09061488673139159,
0.0,0.0,confounded,logger1_heavy,1,source_balanced_pooled_mlp,0.2168284789644013,0.2168284789644013,0.6957928802588996,0.08737864077669903,0.2168284789644013,0.9029126213592233,0.006472491909385114,0.09061488673139159,
0.0,0.0,confounded,logger1_heavy,1,source_conditioned_decoder,0.2815533980582524,0.2815533980582524,0.627831715210356,0.0744336569579288,0.2977346278317152,0.9029126213592233,0.006472491909385114,0.09061488673139159,
0.0,0.0,confounded,logger1_heavy,1,per_source_models,0.18770226537216828,0.18770226537216828,0.7249190938511327,0.061488673139158574,0.21359223300970873,0.9029126213592233,0.006472491909385114,0.09061488673139159,
0.0,0.0,confounded,logger1_heavy,1,mechanism_separated,0.19093851132686085,0.19093851132686085,0.7346278317152104,0.07766990291262135,0.18770226537216828,0.9029126213592233,0.006472491909385114,0.09061488673139159,
0.0,0.0,confounded,logger1_heavy,1,oracle_u_aware,0.2588996763754045,0.2588996763754045,0.6796116504854369,0.07766990291262135,0.24271844660194175,0.9029126213592233,0.006472491909385114,0.09061488673139159,
0.0,0.0,confounded,logger1_heavy,1,source_shuffle,0.23300970873786409,0.23300970873786409,0.6796116504854369,0.08737864077669903,0.23300970873786409,0.9029126213592233,0.006472491909385114,0.09061488673139159,
0.0,0.0,confounded,logger1_heavy,1,no_behavior,0.20388349514563106,0.20388349514563106,0.7119741100323624,0.05825242718446602,0.2297734627831715,0.9029126213592233,0.006472491909385114,0.09061488673139159,
0.0,0.0,confounded,logger1_heavy,1,source_dependent_reward,0.18770226537216828,0.18770226537216828,0.7378640776699029,0.06796116504854369,0.1941747572815534,0.9029126213592233,0.006472491909385114,0.09061488673139159,
0.0,0.0,confounded,logger1_heavy,2,pooled_mlp,0.23948220064724918,0.23948220064724918,0.6763754045307443,0.08090614886731391,0.24271844660194175,0.9029126213592233,0.006472491909385114,0.09061488673139159,
0.0,0.0,confounded,logger1_heavy,2,source_balanced_pooled_mlp,0.23300970873786409,0.23300970873786409,0.6763754045307443,0.0970873786407767,0.22653721682847897,0.9029126213592233,0.006472491909385114,0.09061488673139159,
0.0,0.0,confounded,logger1_heavy,2,source_conditioned_decoder,0.19741100323624594,0.19741100323624594,0.7119741100323624,0.05825242718446602,0.2297734627831715,0.9029126213592233,0.006472491909385114,0.09061488673139159,
0.0,0.0,confounded,logger1_heavy,2,per_source_models,0.2621359223300971,0.2621359223300971,0.6472491909385113,0.08737864077669903,0.26537216828478966,0.9029126213592233,0.006472491909385114,0.09061488673139159,
0.0,0.0,confounded,logger1_heavy,2,mechanism_separated,0.1779935275080906,0.1779935275080906,0.7346278317152104,0.061488673139158574,0.20388349514563106,0.9029126213592233,0.006472491909385114,0.09061488673139159,
0.0,0.0,confounded,logger1_heavy,2,oracle_u_aware,0.2524271844660194,0.2524271844660194,0.656957928802589,0.06796116504854369,0.2750809061488673,0.9029126213592233,0.006472491909385114,0.09061488673139159,
0.0,0.0,confounded,logger1_heavy,2,source_shuffle,0.22006472491909385,0.22006472491909385,0.7152103559870551,0.09061488673139159,0.1941747572815534,0.9029126213592233,0.006472491909385114,0.09061488673139159,
0.0,0.0,confounded,logger1_heavy,2,no_behavior,0.20711974110032363,0.20711974110032363,0.7022653721682848,0.061488673139158574,0.23624595469255663,0.9029126213592233,0.006472491909385114,0.09061488673139159,
0.0,0.0,confounded,logger1_heavy,2,source_dependent_reward,0.2297734627831715,0.2297734627831715,0.6796116504854369,0.061488673139158574,0.2588996763754045,0.9029126213592233,0.006472491909385114,0.09061488673139159,
0.0,0.0,confounded,logger1_heavy,3,pooled_mlp,0.23624595469255663,0.23624595469255663,0.6990291262135923,0.08414239482200647,0.2168284789644013,0.9029126213592233,0.006472491909385114,0.09061488673139159,
0.0,0.0,confounded,logger1_heavy,3,source_balanced_pooled_mlp,0.1941747572815534,0.1941747572815534,0.7119741100323624,0.06796116504854369,0.22006472491909385,0.9029126213592233,0.006472491909385114,0.09061488673139159,
0.0,0.0,confounded,logger1_heavy,3,source_conditioned_decoder,0.2524271844660194,0.2524271844660194,0.6666666666666666,0.0744336569579288,0.2588996763754045,0.9029126213592233,0.006472491909385114,0.09061488673139159,
0.0,0.0,confounded,logger1_heavy,3,per_source_models,0.22330097087378642,0.22330097087378642,0.686084142394822,0.07119741100323625,0.24271844660194175,0.9029126213592233,0.006472491909385114,0.09061488673139159,
0.0,0.0,confounded,logger1_heavy,3,mechanism_separated,0.21359223300970873,0.21359223300970873,0.7022653721682848,0.061488673139158574,0.23624595469255663,0.9029126213592233,0.006472491909385114,0.09061488673139159,
0.0,0.0,confounded,logger1_heavy,3,oracle_u_aware,0.26537216828478966,0.26537216828478966,0.6504854368932039,0.06796116504854369,0.2815533980582524,0.9029126213592233,0.006472491909385114,0.09061488673139159,
0.0,0.0,confounded,logger1_heavy,3,source_shuffle,0.255663430420712,0.255663430420712,0.6601941747572816,0.07766990291262135,0.2621359223300971,0.9029126213592233,0.006472491909385114,0.09061488673139159,
0.0,0.0,confounded,logger1_heavy,3,no_behavior,0.1779935275080906,0.1779935275080906,0.7281553398058253,0.05825242718446602,0.21359223300970873,0.9029126213592233,0.006472491909385114,0.09061488673139159,
0.0,0.0,confounded,logger1_heavy,3,source_dependent_reward,0.22330097087378642,0.22330097087378642,0.686084142394822,0.06472491909385113,0.24919093851132687,0.9029126213592233,0.006472491909385114,0.09061488673139159,
0.0,0.0,confounded,logger1_heavy,4,pooled_mlp,0.2750809061488673,0.2750809061488673,0.6343042071197411,0.10032362459546926,0.26537216828478966,0.9029126213592233,0.006472491909385114,0.09061488673139159,
0.0,0.0,confounded,logger1_heavy,4,source_balanced_pooled_mlp,0.2524271844660194,0.2524271844660194,0.6601941747572816,0.10679611650485436,0.23300970873786409,0.9029126213592233,0.006472491909385114,0.09061488673139159,
0.0,0.0,confounded,logger1_heavy,4,source_conditioned_decoder,0.19093851132686085,0.19093851132686085,0.7152103559870551,0.061488673139158574,0.22330097087378642,0.9029126213592233,0.006472491909385114,0.09061488673139159,
0.0,0.0,confounded,logger1_heavy,4,per_source_models,0.18446601941747573,0.18446601941747573,0.7249190938511327,0.045307443365695796,0.2297734627831715,0.9029126213592233,0.006472491909385114,0.09061488673139159,
0.0,0.0,confounded,logger1_heavy,4,mechanism_separated,0.24919093851132687,0.24919093851132687,0.6828478964401294,0.08090614886731391,0.23624595469255663,0.9029126213592233,0.006472491909385114,0.09061488673139159,
0.0,0.0,confounded,logger1_heavy,4,oracle_u_aware,0.2297734627831715,0.2297734627831715,0.7152103559870551,0.05177993527508091,0.23300970873786409,0.9029126213592233,0.006472491909385114,0.09061488673139159,
0.0,0.0,confounded,logger1_heavy,4,source_shuffle,0.2588996763754045,0.2588996763754045,0.656957928802589,0.09385113268608414,0.24919093851132687,0.9029126213592233,0.006472491909385114,0.09061488673139159,
0.0,0.0,confounded,logger1_heavy,4,no_behavior,0.24919093851132687,0.24919093851132687,0.6601941747572816,0.05501618122977346,0.284789644012945,0.9029126213592233,0.006472491909385114,0.09061488673139159,
0.0,0.0,confounded,logger1_heavy,4,source_dependent_reward,0.16181229773462782,0.16181229773462782,0.7475728155339806,0.06796116504854369,0.18446601941747573,0.9029126213592233,0.006472491909385114,0.09061488673139159,
0.0,0.0,confounded,logger12_balanced,0,pooled_mlp,0.24271844660194175,0.23948220064724918,0.6796116504854369,0.11650485436893204,0.20711974110032363,0.9029126213592233,0.006472491909385114,0.09061488673139159,0.0
0.0,0.0,confounded,logger12_balanced,0,source_balanced_pooled_mlp,0.24271844660194175,0.23948220064724918,0.6796116504854369,0.11650485436893204,0.20711974110032363,0.9029126213592233,0.006472491909385114,0.09061488673139159,0.0
0.0,0.0,confounded,logger12_balanced,0,source_conditioned_decoder,0.17475728155339806,0.17475728155339806,0.7540453074433657,0.06472491909385113,0.18122977346278318,0.9029126213592233,0.006472491909385114,0.09061488673139159,0.0
0.0,0.0,confounded,logger12_balanced,0,per_source_models,0.22330097087378642,0.22330097087378642,0.686084142394822,0.06796116504854369,0.2459546925566343,0.9029126213592233,0.006472491909385114,0.09061488673139159,0.0
0.0,0.0,confounded,logger12_balanced,0,mechanism_separated,0.2459546925566343,0.2459546925566343,0.6634304207119741,0.1262135922330097,0.21035598705501618,0.9029126213592233,0.006472491909385114,0.09061488673139159,0.0
0.0,0.0,confounded,logger12_balanced,0,oracle_u_aware,0.2297734627831715,0.2297734627831715,0.6828478964401294,0.08090614886731391,0.23624595469255663,0.9029126213592233,0.006472491909385114,0.09061488673139159,0.0
0.0,0.0,confounded,logger12_balanced,0,source_shuffle,0.18122977346278318,0.18122977346278318,0.7313915857605178,0.07766990291262135,0.19093851132686085,0.9029126213592233,0.006472491909385114,0.09061488673139159,0.0
0.0,0.0,confounded,logger12_balanced,0,no_behavior,0.20711974110032363,0.20711974110032363,0.7022653721682848,0.07119741100323625,0.22653721682847897,0.9029126213592233,0.006472491909385114,0.09061488673139159,0.0
0.0,0.0,confounded,logger12_balanced,0,source_dependent_reward,0.16828478964401294,0.16828478964401294,0.7508090614886731,0.038834951456310676,0.21035598705501618,0.9029126213592233,0.006472491909385114,0.09061488673139159,0.0
0.0,0.0,confounded,logger12_balanced,1,pooled_mlp,0.2168284789644013,0.2168284789644013,0.6957928802588996,0.08737864077669903,0.2168284789644013,0.9029126213592233,0.006472491909385114,0.09061488673139159,0.0
0.0,0.0,confounded,logger12_balanced,1,source_balanced_pooled_mlp,0.2168284789644013,0.2168284789644013,0.6957928802588996,0.08737864077669903,0.2168284789644013,0.9029126213592233,0.006472491909385114,0.09061488673139159,0.0
0.0,0.0,confounded,logger12_balanced,1,source_conditioned_decoder,0.19741100323624594,0.19741100323624594,0.7184466019417476,0.06796116504854369,0.21359223300970873,0.9029126213592233,0.006472491909385114,0.09061488673139159,0.0
0.0,0.0,confounded,logger12_balanced,1,per_source_models,0.16181229773462782,0.16181229773462782,0.7443365695792881,0.05501618122977346,0.20064724919093851,0.9029126213592233,0.006472491909385114,0.09061488673139159,0.0
0.0,0.0,confounded,logger12_balanced,1,mechanism_separated,0.2686084142394822,0.2686084142394822,0.6440129449838188,0.09385113268608414,0.2621359223300971,0.9029126213592233,0.006472491909385114,0.09061488673139159,0.0
0.0,0.0,confounded,logger12_balanced,1,oracle_u_aware,0.2621359223300971,0.2621359223300971,0.6440129449838188,0.11326860841423948,0.24271844660194175,0.9029126213592233,0.006472491909385114,0.09061488673139159,0.0
0.0,0.0,confounded,logger12_balanced,1,source_shuffle,0.2912621359223301,0.2912621359223301,0.6310679611650486,0.11650485436893204,0.2524271844660194,0.9029126213592233,0.006472491909385114,0.09061488673139159,0.0
0.0,0.0,confounded,logger12_balanced,1,no_behavior,0.24271844660194175,0.24271844660194175,0.6666666666666666,0.08737864077669903,0.2459546925566343,0.9029126213592233,0.006472491909385114,0.09061488673139159,0.0
0.0,0.0,confounded,logger12_balanced,1,source_dependent_reward,0.1650485436893204,0.1650485436893204,0.7540453074433657,0.05501618122977346,0.19093851132686085,0.9029126213592233,0.006472491909385114,0.09061488673139159,0.0
0.0,0.0,confounded,logger12_balanced,2,pooled_mlp,0.23300970873786409,0.23300970873786409,0.6763754045307443,0.0970873786407767,0.22653721682847897,0.9029126213592233,0.006472491909385114,0.09061488673139159,0.0
0.0,0.0,confounded,logger12_balanced,2,source_balanced_pooled_mlp,0.23300970873786409,0.23300970873786409,0.6763754045307443,0.0970873786407767,0.22653721682847897,0.9029126213592233,0.006472491909385114,0.09061488673139159,0.0
0.0,0.0,confounded,logger12_balanced,2,source_conditioned_decoder,0.1650485436893204,0.1650485436893204,0.7411003236245954,0.05825242718446602,0.20064724919093851,0.9029126213592233,0.006472491909385114,0.09061488673139159,0.0
0.0,0.0,confounded,logger12_balanced,2,per_source_models,0.16181229773462782,0.16181229773462782,0.7475728155339806,0.05177993527508091,0.20064724919093851,0.9029126213592233,0.006472491909385114,0.09061488673139159,0.0
0.0,0.0,confounded,logger12_balanced,2,mechanism_separated,0.23624595469255663,0.23624595469255663,0.6763754045307443,0.09385113268608414,0.2297734627831715,0.9029126213592233,0.006472491909385114,0.09061488673139159,0.0
0.0,0.0,confounded,logger12_balanced,2,oracle_u_aware,0.30097087378640774,0.30097087378640774,0.6116504854368932,0.10679611650485436,0.2815533980582524,0.9029126213592233,0.006472491909385114,0.09061488673139159,0.0
0.0,0.0,confounded,logger12_balanced,2,source_shuffle,0.26537216828478966,0.26537216828478966,0.6440129449838188,0.09061488673139159,0.26537216828478966,0.9029126213592233,0.006472491909385114,0.09061488673139159,0.0
0.0,0.0,confounded,logger12_balanced,2,no_behavior,0.17475728155339806,0.17475728155339806,0.7411003236245954,0.05177993527508091,0.20711974110032363,0.9029126213592233,0.006472491909385114,0.09061488673139159,0.0
0.0,0.0,confounded,logger12_balanced,2,source_dependent_reward,0.1941747572815534,0.1941747572815534,0.7119741100323624,0.07119741100323625,0.2168284789644013,0.9029126213592233,0.006472491909385114,0.09061488673139159,0.0
0.0,0.0,confounded,logger12_balanced,3,pooled_mlp,0.1941747572815534,0.1941747572815534,0.7119741100323624,0.06796116504854369,0.22006472491909385,0.9029126213592233,0.006472491909385114,0.09061488673139159,0.0
0.0,0.0,confounded,logger12_balanced,3,source_balanced_pooled_mlp,0.1941747572815534,0.1941747572815534,0.7119741100323624,0.06796116504854369,0.22006472491909385,0.9029126213592233,0.006472491909385114,0.09061488673139159,0.0
0.0,0.0,confounded,logger12_balanced,3,source_conditioned_decoder,0.22653721682847897,0.22653721682847897,0.6957928802588996,0.08090614886731391,0.22330097087378642,0.9029126213592233,0.006472491909385114,0.09061488673139159,0.0
0.0,0.0,confounded,logger12_balanced,3,per_source_models,0.21359223300970873,0.21359223300970873,0.6957928802588996,0.0744336569579288,0.2297734627831715,0.9029126213592233,0.006472491909385114,0.09061488673139159,0.0
0.0,0.0,confounded,logger12_balanced,3,mechanism_separated,0.24919093851132687,0.24919093851132687,0.6634304207119741,0.08414239482200647,0.2524271844660194,0.9029126213592233,0.006472491909385114,0.09061488673139159,0.0
0.0,0.0,confounded,logger12_balanced,3,oracle_u_aware,0.23300970873786409,0.23300970873786409,0.6828478964401294,0.0744336569579288,0.24271844660194175,0.9029126213592233,0.006472491909385114,0.09061488673139159,0.0
0.0,0.0,confounded,logger12_balanced,3,source_shuffle,0.18770226537216828,0.18770226537216828,0.7281553398058253,0.06472491909385113,0.20711974110032363,0.9029126213592233,0.006472491909385114,0.09061488673139159,0.0
0.0,0.0,confounded,logger12_balanced,3,no_behavior,0.20064724919093851,0.20064724919093851,0.7152103559870551,0.05501618122977346,0.2297734627831715,0.9029126213592233,0.006472491909385114,0.09061488673139159,0.0
0.0,0.0,confounded,logger12_balanced,3,source_dependent_reward,0.20388349514563106,0.20388349514563106,0.7055016181229773,0.06796116504854369,0.22653721682847897,0.9029126213592233,0.006472491909385114,0.09061488673139159,0.0
0.0,0.0,confounded,logger12_balanced,4,pooled_mlp,0.2524271844660194,0.2524271844660194,0.6601941747572816,0.10679611650485436,0.23300970873786409,0.9029126213592233,0.006472491909385114,0.09061488673139159,0.0
0.0,0.0,confounded,logger12_balanced,4,source_balanced_pooled_mlp,0.2524271844660194,0.2524271844660194,0.6601941747572816,0.10679611650485436,0.23300970873786409,0.9029126213592233,0.006472491909385114,0.09061488673139159,0.0
0.0,0.0,confounded,logger12_balanced,4,source_conditioned_decoder,0.13592233009708737,0.13592233009708737,0.7799352750809061,0.05825242718446602,0.16181229773462782,0.9029126213592233,0.006472491909385114,0.09061488673139159,0.0
0.0,0.0,confounded,logger12_balanced,4,per_source_models,0.19741100323624594,0.19741100323624594,0.7119741100323624,0.04854368932038835,0.23948220064724918,0.9029126213592233,0.006472491909385114,0.09061488673139159,0.0
0.0,0.0,confounded,logger12_balanced,4,mechanism_separated,0.20064724919093851,0.20064724919093851,0.7249190938511327,0.07766990291262135,0.19741100323624594,0.9029126213592233,0.006472491909385114,0.09061488673139159,0.0
0.0,0.0,confounded,logger12_balanced,4,oracle_u_aware,0.2686084142394822,0.2686084142394822,0.6375404530744336,0.061488673139158574,0.30097087378640774,0.9029126213592233,0.006472491909385114,0.09061488673139159,0.0
0.0,0.0,confounded,logger12_balanced,4,source_shuffle,0.2686084142394822,0.2686084142394822,0.6472491909385113,0.08090614886731391,0.27184466019417475,0.9029126213592233,0.006472491909385114,0.09061488673139159,0.0
0.0,0.0,confounded,logger12_balanced,4,no_behavior,0.21359223300970873,0.21359223300970873,0.7022653721682848,0.05825242718446602,0.23948220064724918,0.9029126213592233,0.006472491909385114,0.09061488673139159,0.0
0.0,0.0,confounded,logger12_balanced,4,source_dependent_reward,0.22653721682847897,0.22653721682847897,0.6796116504854369,0.08737864077669903,0.23300970873786409,0.9029126213592233,0.006472491909385114,0.09061488673139159,0.0
0.0,0.0,confounded,logger2_heavy,0,pooled_mlp,0.2297734627831715,0.2297734627831715,0.6893203883495146,0.12944983818770225,0.18122977346278318,0.9029126213592233,0.006472491909385114,0.09061488673139159,
0.0,0.0,confounded,logger2_heavy,0,source_balanced_pooled_mlp,0.24271844660194175,0.23948220064724918,0.6796116504854369,0.11650485436893204,0.20711974110032363,0.9029126213592233,0.006472491909385114,0.09061488673139159,
0.0,0.0,confounded,logger2_heavy,0,source_conditioned_decoder,0.18446601941747573,0.18446601941747573,0.7313915857605178,0.061488673139158574,0.20711974110032363,0.9029126213592233,0.006472491909385114,0.09061488673139159,
0.0,0.0,confounded,logger2_heavy,0,per_source_models,0.1488673139158576,0.1488673139158576,0.7605177993527508,0.05825242718446602,0.18122977346278318,0.9029126213592233,0.006472491909385114,0.09061488673139159,
0.0,0.0,confounded,logger2_heavy,0,mechanism_separated,0.22330097087378642,0.22330097087378642,0.6925566343042071,0.09385113268608414,0.21359223300970873,0.9029126213592233,0.006472491909385114,0.09061488673139159,
0.0,0.0,confounded,logger2_heavy,0,oracle_u_aware,0.19741100323624594,0.19741100323624594,0.7152103559870551,0.06472491909385113,0.22006472491909385,0.9029126213592233,0.006472491909385114,0.09061488673139159,
0.0,0.0,confounded,logger2_heavy,0,source_shuffle,0.23300970873786409,0.23300970873786409,0.6796116504854369,0.07119741100323625,0.24919093851132687,0.9029126213592233,0.006472491909385114,0.09061488673139159,
0.0,0.0,confounded,logger2_heavy,0,no_behavior,0.1941747572815534,0.1941747572815534,0.7152103559870551,0.07119741100323625,0.21359223300970873,0.9029126213592233,0.006472491909385114,0.09061488673139159,
0.0,0.0,confounded,logger2_heavy,0,source_dependent_reward,0.17475728155339806,0.17475728155339806,0.7411003236245954,0.05177993527508091,0.20711974110032363,0.9029126213592233,0.006472491909385114,0.09061488673139159,
0.0,0.0,confounded,logger2_heavy,1,pooled_mlp,0.19741100323624594,0.19741100323624594,0.7152103559870551,0.08737864077669903,0.19741100323624594,0.9029126213592233,0.006472491909385114,0.09061488673139159,
0.0,0.0,confounded,logger2_heavy,1,source_balanced_pooled_mlp,0.2168284789644013,0.2168284789644013,0.6957928802588996,0.08737864077669903,0.2168284789644013,0.9029126213592233,0.006472491909385114,0.09061488673139159,
0.0,0.0,confounded,logger2_heavy,1,source_conditioned_decoder,0.16181229773462782,0.16181229773462782,0.7475728155339806,0.04854368932038835,0.20388349514563106,0.9029126213592233,0.006472491909385114,0.09061488673139159,
0.0,0.0,confounded,logger2_heavy,1,per_source_models,0.15210355987055016,0.15210355987055016,0.7540453074433657,0.07119741100323625,0.17475728155339806,0.9029126213592233,0.006472491909385114,0.09061488673139159,
0.0,0.0,confounded,logger2_heavy,1,mechanism_separated,0.2750809061488673,0.2750809061488673,0.6310679611650486,0.0970873786407767,0.27184466019417475,0.9029126213592233,0.006472491909385114,0.09061488673139159,
0.0,0.0,confounded,logger2_heavy,1,oracle_u_aware,0.23624595469255663,0.23624595469255663,0.6699029126213593,0.09385113268608414,0.23624595469255663,0.9029126213592233,0.006472491909385114,0.09061488673139159,
0.0,0.0,confounded,logger2_heavy,1,source_shuffle,0.2524271844660194,0.2524271844660194,0.6731391585760518,0.07766990291262135,0.24919093851132687,0.9029126213592233,0.006472491909385114,0.09061488673139159,
0.0,0.0,confounded,logger2_heavy,1,no_behavior,0.22006472491909385,0.22006472491909385,0.6957928802588996,0.07119741100323625,0.23300970873786409,0.9029126213592233,0.006472491909385114,0.09061488673139159,
0.0,0.0,confounded,logger2_heavy,1,source_dependent_reward,0.20388349514563106,0.20388349514563106,0.7087378640776699,0.05825242718446602,0.23300970873786409,0.9029126213592233,0.006472491909385114,0.09061488673139159,
0.0,0.0,confounded,logger2_heavy,2,pooled_mlp,0.1650485436893204,0.1650485436893204,0.7508090614886731,0.06796116504854369,0.18122977346278318,0.9029126213592233,0.006472491909385114,0.09061488673139159,
0.0,0.0,confounded,logger2_heavy,2,source_balanced_pooled_mlp,0.23300970873786409,0.23300970873786409,0.6763754045307443,0.0970873786407767,0.22653721682847897,0.9029126213592233,0.006472491909385114,0.09061488673139159,
0.0,0.0,confounded,logger2_heavy,2,source_conditioned_decoder,0.1941747572815534,0.1941747572815534,0.7184466019417476,0.08414239482200647,0.19741100323624594,0.9029126213592233,0.006472491909385114,0.09061488673139159,
0.0,0.0,confounded,logger2_heavy,2,per_source_models,0.1553398058252427,0.1553398058252427,0.7540453074433657,0.05177993527508091,0.1941747572815534,0.9029126213592233,0.006472491909385114,0.09061488673139159,
0.0,0.0,confounded,logger2_heavy,2,mechanism_separated,0.2524271844660194,0.2524271844660194,0.6763754045307443,0.09385113268608414,0.2297734627831715,0.9029126213592233,0.006472491909385114,0.09061488673139159,
0.0,0.0,confounded,logger2_heavy,2,oracle_u_aware,0.2168284789644013,0.2168284789644013,0.6925566343042071,0.06796116504854369,0.23948220064724918,0.9029126213592233,0.006472491909385114,0.09061488673139159,
0.0,0.0,confounded,logger2_heavy,2,source_shuffle,0.24271844660194175,0.24271844660194175,0.6699029126213593,0.08737864077669903,0.24271844660194175,0.9029126213592233,0.006472491909385114,0.09061488673139159,
0.0,0.0,confounded,logger2_heavy,2,no_behavior,0.19093851132686085,0.19093851132686085,0.7249190938511327,0.09061488673139159,0.18446601941747573,0.9029126213592233,0.006472491909385114,0.09061488673139159,
0.0,0.0,confounded,logger2_heavy,2,source_dependent_reward,0.2588996763754045,0.255663430420712,0.6537216828478964,0.05825242718446602,0.2912621359223301,0.9029126213592233,0.006472491909385114,0.09061488673139159,
0.0,0.0,confounded,logger2_heavy,3,pooled_mlp,0.2750809061488673,0.2750809061488673,0.6310679611650486,0.08090614886731391,0.28802588996763756,0.9029126213592233,0.006472491909385114,0.09061488673139159,
0.0,0.0,confounded,logger2_heavy,3,source_balanced_pooled_mlp,0.1941747572815534,0.1941747572815534,0.7119741100323624,0.06796116504854369,0.22006472491909385,0.9029126213592233,0.006472491909385114,0.09061488673139159,
0.0,0.0,confounded,logger2_heavy,3,source_conditioned_decoder,0.2815533980582524,0.2815533980582524,0.6310679611650486,0.09385113268608414,0.2750809061488673,0.9029126213592233,0.006472491909385114,0.09061488673139159,
0.0,0.0,confounded,logger2_heavy,3,per_source_models,0.20388349514563106,0.20388349514563106,0.7087378640776699,0.06796116504854369,0.22330097087378642,0.9029126213592233,0.006472491909385114,0.09061488673139159,
0.0,0.0,confounded,logger2_heavy,3,mechanism_separated,0.22330097087378642,0.22330097087378642,0.6925566343042071,0.0744336569579288,0.23300970873786409,0.9029126213592233,0.006472491909385114,0.09061488673139159,
0.0,0.0,confounded,logger2_heavy,3,oracle_u_aware,0.24271844660194175,0.23948220064724918,0.6763754045307443,0.08090614886731391,0.2459546925566343,0.9029126213592233,0.006472491909385114,0.09061488673139159,
0.0,0.0,confounded,logger2_heavy,3,source_shuffle,0.2297734627831715,0.2297734627831715,0.686084142394822,0.08414239482200647,0.2297734627831715,0.9029126213592233,0.006472491909385114,0.09061488673139159,
0.0,0.0,confounded,logger2_heavy,3,no_behavior,0.1553398058252427,0.1553398058252427,0.7605177993527508,0.05177993527508091,0.18770226537216828,0.9029126213592233,0.006472491909385114,0.09061488673139159,
0.0,0.0,confounded,logger2_heavy,3,source_dependent_reward,0.2168284789644013,0.2168284789644013,0.6957928802588996,0.08090614886731391,0.22330097087378642,0.9029126213592233,0.006472491909385114,0.09061488673139159,
0.0,0.0,confounded,logger2_heavy,4,pooled_mlp,0.28802588996763756,0.28802588996763756,0.627831715210356,0.10679611650485436,0.26537216828478966,0.9029126213592233,0.006472491909385114,0.09061488673139159,
0.0,0.0,confounded,logger2_heavy,4,source_balanced_pooled_mlp,0.2524271844660194,0.2524271844660194,0.6601941747572816,0.10679611650485436,0.23300970873786409,0.9029126213592233,0.006472491909385114,0.09061488673139159,
0.0,0.0,confounded,logger2_heavy,4,source_conditioned_decoder,0.19741100323624594,0.19741100323624594,0.7184466019417476,0.06796116504854369,0.21359223300970873,0.9029126213592233,0.006472491909385114,0.09061488673139159,
0.0,0.0,confounded,logger2_heavy,4,per_source_models,0.20711974110032363,0.20711974110032363,0.7152103559870551,0.05177993527508091,0.23300970873786409,0.9029126213592233,0.006472491909385114,0.09061488673139159,
0.0,0.0,confounded,logger2_heavy,4,mechanism_separated,0.22330097087378642,0.22330097087378642,0.6893203883495146,0.08414239482200647,0.22653721682847897,0.9029126213592233,0.006472491909385114,0.09061488673139159,
0.0,0.0,confounded,logger2_heavy,4,oracle_u_aware,0.20711974110032363,0.20711974110032363,0.7022653721682848,0.06472491909385113,0.23300970873786409,0.9029126213592233,0.006472491909385114,0.09061488673139159,
0.0,0.0,confounded,logger2_heavy,4,source_shuffle,0.2621359223300971,0.2621359223300971,0.6504854368932039,0.08414239482200647,0.26537216828478966,0.9029126213592233,0.006472491909385114,0.09061488673139159,
0.0,0.0,confounded,logger2_heavy,4,no_behavior,0.255663430420712,0.255663430420712,0.6504854368932039,0.10355987055016182,0.2459546925566343,0.9029126213592233,0.006472491909385114,0.09061488673139159,
0.0,0.0,confounded,logger2_heavy,4,source_dependent_reward,0.20388349514563106,0.20388349514563106,0.7087378640776699,0.06472491909385113,0.22653721682847897,0.9029126213592233,0.006472491909385114,0.09061488673139159,
0.0,0.0,independent_latents,logger1_heavy,0,pooled_mlp,0.23948220064724918,0.23948220064724918,0.6731391585760518,0.10355987055016182,0.22330097087378642,0.9029126213592233,0.006472491909385114,0.09061488673139159,
0.0,0.0,independent_latents,logger1_heavy,0,source_balanced_pooled_mlp,0.22006472491909385,0.22006472491909385,0.6990291262135923,0.12297734627831715,0.1779935275080906,0.9029126213592233,0.006472491909385114,0.09061488673139159,
0.0,0.0,independent_latents,logger1_heavy,0,source_conditioned_decoder,0.22330097087378642,0.22330097087378642,0.6893203883495146,0.07119741100323625,0.23948220064724918,0.9029126213592233,0.006472491909385114,0.09061488673139159,
0.0,0.0,independent_latents,logger1_heavy,0,per_source_models,0.2297734627831715,0.2297734627831715,0.6796116504854369,0.08737864077669903,0.23300970873786409,0.9029126213592233,0.006472491909385114,0.09061488673139159,
0.0,0.0,independent_latents,logger1_heavy,0,mechanism_separated,0.255663430420712,0.255663430420712,0.6537216828478964,0.05501618122977346,0.2912621359223301,0.9029126213592233,0.006472491909385114,0.09061488673139159,
0.0,0.0,independent_latents,logger1_heavy,0,oracle_u_aware,0.16828478964401294,0.16828478964401294,0.7475728155339806,0.06472491909385113,0.18770226537216828,0.9029126213592233,0.006472491909385114,0.09061488673139159,
0.0,0.0,independent_latents,logger1_heavy,0,source_shuffle,0.284789644012945,0.284789644012945,0.6245954692556634,0.10355987055016182,0.27184466019417475,0.9029126213592233,0.006472491909385114,0.09061488673139159,
0.0,0.0,independent_latents,logger1_heavy,0,no_behavior,0.20711974110032363,0.20711974110032363,0.7022653721682848,0.08090614886731391,0.2168284789644013,0.9029126213592233,0.006472491909385114,0.09061488673139159,
0.0,0.0,independent_latents,logger1_heavy,0,source_dependent_reward,0.21359223300970873,0.21359223300970873,0.6990291262135923,0.04854368932038835,0.2524271844660194,0.9029126213592233,0.006472491909385114,0.09061488673139159,
0.0,0.0,independent_latents,logger1_heavy,1,pooled_mlp,0.19093851132686085,0.19093851132686085,0.7152103559870551,0.0744336569579288,0.21035598705501618,0.9029126213592233,0.006472491909385114,0.09061488673139159,
0.0,0.0,independent_latents,logger1_heavy,1,source_balanced_pooled_mlp,0.20711974110032363,0.20711974110032363,0.7087378640776699,0.0744336569579288,0.2168284789644013,0.9029126213592233,0.006472491909385114,0.09061488673139159,
0.0,0.0,independent_latents,logger1_heavy,1,source_conditioned_decoder,0.19741100323624594,0.19741100323624594,0.7216828478964401,0.045307443365695796,0.23300970873786409,0.9029126213592233,0.006472491909385114,0.09061488673139159,
0.0,0.0,independent_latents,logger1_heavy,1,per_source_models,0.1779935275080906,0.1779935275080906,0.7281553398058253,0.06472491909385113,0.20711974110032363,0.9029126213592233,0.006472491909385114,0.09061488673139159,
0.0,0.0,independent_latents,logger1_heavy,1,mechanism_separated,0.23624595469255663,0.23624595469255663,0.6763754045307443,0.07766990291262135,0.2459546925566343,0.9029126213592233,0.006472491909385114,0.09061488673139159,
0.0,0.0,independent_latents,logger1_heavy,1,oracle_u_aware,0.1779935275080906,0.1779935275080906,0.7313915857605178,0.05825242718446602,0.21035598705501618,0.9029126213592233,0.006472491909385114,0.09061488673139159,
0.0,0.0,independent_latents,logger1_heavy,1,source_shuffle,0.2168284789644013,0.2168284789644013,0.7022653721682848,0.061488673139158574,0.23624595469255663,0.9029126213592233,0.006472491909385114,0.09061488673139159,
0.0,0.0,independent_latents,logger1_heavy,1,no_behavior,0.19741100323624594,0.19741100323624594,0.7087378640776699,0.07766990291262135,0.21359223300970873,0.9029126213592233,0.006472491909385114,0.09061488673139159,
0.0,0.0,independent_latents,logger1_heavy,1,source_dependent_reward,0.1650485436893204,0.1650485436893204,0.7572815533980582,0.0744336569579288,0.16828478964401294,0.9029126213592233,0.006472491909385114,0.09061488673139159,
0.0,0.0,independent_latents,logger1_heavy,2,pooled_mlp,0.23624595469255663,0.23624595469255663,0.6763754045307443,0.09385113268608414,0.2297734627831715,0.9029126213592233,0.006472491909385114,0.09061488673139159,
0.0,0.0,independent_latents,logger1_heavy,2,source_balanced_pooled_mlp,0.2297734627831715,0.2297734627831715,0.6828478964401294,0.08090614886731391,0.23624595469255663,0.9029126213592233,0.006472491909385114,0.09061488673139159,
0.0,0.0,independent_latents,logger1_heavy,2,source_conditioned_decoder,0.18446601941747573,0.18446601941747573,0.7281553398058253,0.04854368932038835,0.22330097087378642,0.9029126213592233,0.006472491909385114,0.09061488673139159,
0.0,0.0,independent_latents,logger1_heavy,2,per_source_models,0.18122977346278318,0.18122977346278318,0.7313915857605178,0.05825242718446602,0.21035598705501618,0.9029126213592233,0.006472491909385114,0.09061488673139159,
0.0,0.0,independent_latents,logger1_heavy,2,mechanism_separated,0.20064724919093851,0.20064724919093851,0.7216828478964401,0.06796116504854369,0.21035598705501618,0.9029126213592233,0.006472491909385114,0.09061488673139159,
0.0,0.0,independent_latents,logger1_heavy,2,oracle_u_aware,0.1715210355987055,0.1715210355987055,0.7378640776699029,0.05825242718446602,0.20388349514563106,0.9029126213592233,0.006472491909385114,0.09061488673139159,
0.0,0.0,independent_latents,logger1_heavy,2,source_shuffle,0.19741100323624594,0.19741100323624594,0.7119741100323624,0.07766990291262135,0.21035598705501618,0.9029126213592233,0.006472491909385114,0.09061488673139159,
0.0,0.0,independent_latents,logger1_heavy,2,no_behavior,0.24271844660194175,0.24271844660194175,0.6731391585760518,0.0744336569579288,0.2524271844660194,0.9029126213592233,0.006472491909385114,0.09061488673139159,
0.0,0.0,independent_latents,logger1_heavy,2,source_dependent_reward,0.2168284789644013,0.2168284789644013,0.6925566343042071,0.07766990291262135,0.2297734627831715,0.9029126213592233,0.006472491909385114,0.09061488673139159,
0.0,0.0,independent_latents,logger1_heavy,3,pooled_mlp,0.24271844660194175,0.24271844660194175,0.6666666666666666,0.09061488673139159,0.24271844660194175,0.9029126213592233,0.006472491909385114,0.09061488673139159,
0.0,0.0,independent_latents,logger1_heavy,3,source_balanced_pooled_mlp,0.19093851132686085,0.19093851132686085,0.7184466019417476,0.0744336569579288,0.20711974110032363,0.9029126213592233,0.006472491909385114,0.09061488673139159,
0.0,0.0,independent_latents,logger1_heavy,3,source_conditioned_decoder,0.19741100323624594,0.19741100323624594,0.7313915857605178,0.05501618122977346,0.21359223300970873,0.9029126213592233,0.006472491909385114,0.09061488673139159,
0.0,0.0,independent_latents,logger1_heavy,3,per_source_models,0.22653721682847897,0.22653721682847897,0.6796116504854369,0.08414239482200647,0.23624595469255663,0.9029126213592233,0.006472491909385114,0.09061488673139159,
0.0,0.0,independent_latents,logger1_heavy,3,mechanism_separated,0.22006472491909385,0.22006472491909385,0.6957928802588996,0.08737864077669903,0.2168284789644013,0.9029126213592233,0.006472491909385114,0.09061488673139159,
0.0,0.0,independent_latents,logger1_heavy,3,oracle_u_aware,0.2783171521035599,0.2783171521035599,0.6375404530744336,0.0744336569579288,0.28802588996763756,0.9029126213592233,0.006472491909385114,0.09061488673139159,
0.0,0.0,independent_latents,logger1_heavy,3,source_shuffle,0.2297734627831715,0.2297734627831715,0.686084142394822,0.07766990291262135,0.23624595469255663,0.9029126213592233,0.006472491909385114,0.09061488673139159,
0.0,0.0,independent_latents,logger1_heavy,3,no_behavior,0.21035598705501618,0.21035598705501618,0.7055016181229773,0.05501618122977346,0.23948220064724918,0.9029126213592233,0.006472491909385114,0.09061488673139159,
0.0,0.0,independent_latents,logger1_heavy,3,source_dependent_reward,0.16181229773462782,0.16181229773462782,0.7540453074433657,0.042071197411003236,0.20388349514563106,0.9029126213592233,0.006472491909385114,0.09061488673139159,
0.0,0.0,independent_latents,logger1_heavy,4,pooled_mlp,0.23624595469255663,0.23624595469255663,0.6763754045307443,0.10032362459546926,0.22330097087378642,0.9029126213592233,0.006472491909385114,0.09061488673139159,
0.0,0.0,independent_latents,logger1_heavy,4,source_balanced_pooled_mlp,0.19741100323624594,0.19741100323624594,0.7184466019417476,0.10679611650485436,0.17475728155339806,0.9029126213592233,0.006472491909385114,0.09061488673139159,
0.0,0.0,independent_latents,logger1_heavy,4,source_conditioned_decoder,0.23624595469255663,0.23624595469255663,0.6699029126213593,0.08414239482200647,0.2459546925566343,0.9029126213592233,0.006472491909385114,0.09061488673139159,
0.0,0.0,independent_latents,logger1_heavy,4,per_source_models,0.1650485436893204,0.1650485436893204,0.7443365695792881,0.03559870550161812,0.22006472491909385,0.9029126213592233,0.006472491909385114,0.09061488673139159,
0.0,0.0,independent_latents,logger1_heavy,4,mechanism_separated,0.255663430420712,0.255663430420712,0.6666666666666666,0.07119741100323625,0.2621359223300971,0.9029126213592233,0.006472491909385114,0.09061488673139159,
0.0,0.0,independent_latents,logger1_heavy,4,oracle_u_aware,0.27184466019417475,0.27184466019417475,0.6407766990291263,0.0744336569579288,0.284789644012945,0.9029126213592233,0.006472491909385114,0.09061488673139159,
0.0,0.0,independent_latents,logger1_heavy,4,source_shuffle,0.23300970873786409,0.2297734627831715,0.686084142394822,0.05501618122977346,0.2621359223300971,0.9029126213592233,0.006472491909385114,0.09061488673139159,
0.0,0.0,independent_latents,logger1_heavy,4,no_behavior,0.23948220064724918,0.23948220064724918,0.6828478964401294,0.061488673139158574,0.255663430420712,0.9029126213592233,0.006472491909385114,0.09061488673139159,
0.0,0.0,independent_latents,logger1_heavy,4,source_dependent_reward,0.22653721682847897,0.22653721682847897,0.6828478964401294,0.08414239482200647,0.23300970873786409,0.9029126213592233,0.006472491909385114,0.09061488673139159,
0.0,0.0,independent_latents,logger12_balanced,0,pooled_mlp,0.22006472491909385,0.22006472491909385,0.6990291262135923,0.12297734627831715,0.1779935275080906,0.9029126213592233,0.006472491909385114,0.09061488673139159,
0.0,0.0,independent_latents,logger12_balanced,0,source_balanced_pooled_mlp,0.22006472491909385,0.22006472491909385,0.6990291262135923,0.12297734627831715,0.1779935275080906,0.9029126213592233,0.006472491909385114,0.09061488673139159,
0.0,0.0,independent_latents,logger12_balanced,0,source_conditioned_decoder,0.22006472491909385,0.22006472491909385,0.6925566343042071,0.06796116504854369,0.23948220064724918,0.9029126213592233,0.006472491909385114,0.09061488673139159,
0.0,0.0,independent_latents,logger12_balanced,0,per_source_models,0.18770226537216828,0.18770226537216828,0.7249190938511327,0.07766990291262135,0.19741100323624594,0.9029126213592233,0.006472491909385114,0.09061488673139159,
0.0,0.0,independent_latents,logger12_balanced,0,mechanism_separated,0.1553398058252427,0.1553398058252427,0.7702265372168284,0.07119741100323625,0.15857605177993528,0.9029126213592233,0.006472491909385114,0.09061488673139159,
0.0,0.0,independent_latents,logger12_balanced,0,oracle_u_aware,0.12944983818770225,0.12944983818770225,0.7864077669902912,0.06796116504854369,0.14563106796116504,0.9029126213592233,0.006472491909385114,0.09061488673139159,
0.0,0.0,independent_latents,logger12_balanced,0,source_shuffle,0.18122977346278318,0.18122977346278318,0.7378640776699029,0.08090614886731391,0.18122977346278318,0.9029126213592233,0.006472491909385114,0.09061488673139159,
0.0,0.0,independent_latents,logger12_balanced,0,no_behavior,0.22006472491909385,0.22006472491909385,0.6893203883495146,0.08090614886731391,0.2297734627831715,0.9029126213592233,0.006472491909385114,0.09061488673139159,
0.0,0.0,independent_latents,logger12_balanced,0,source_dependent_reward,0.20064724919093851,0.20064724919093851,0.7087378640776699,0.07766990291262135,0.21359223300970873,0.9029126213592233,0.006472491909385114,0.09061488673139159,
0.0,0.0,independent_latents,logger12_balanced,1,pooled_mlp,0.20711974110032363,0.20711974110032363,0.7087378640776699,0.0744336569579288,0.2168284789644013,0.9029126213592233,0.006472491909385114,0.09061488673139159,
0.0,0.0,independent_latents,logger12_balanced,1,source_balanced_pooled_mlp,0.20711974110032363,0.20711974110032363,0.7087378640776699,0.0744336569579288,0.2168284789644013,0.9029126213592233,0.006472491909385114,0.09061488673139159,
0.0,0.0,independent_latents,logger12_balanced,1,source_conditioned_decoder,0.19093851132686085,0.19093851132686085,0.7249190938511327,0.045307443365695796,0.2297734627831715,0.9029126213592233,0.006472491909385114,0.09061488673139159,
0.0,0.0,independent_latents,logger12_balanced,1,per_source_models,0.17475728155339806,0.17475728155339806,0.7378640776699029,0.06796116504854369,0.1941747572815534,0.9029126213592233,0.006472491909385114,0.09061488673139159,
0.0,0.0,independent_latents,logger12_balanced,1,mechanism_separated,0.20711974110032363,0.20711974110032363,0.7087378640776699,0.08414239482200647,0.20711974110032363,0.9029126213592233,0.006472491909385114,0.09061488673139159,
0.0,0.0,independent_latents,logger12_balanced,1,oracle_u_aware,0.18122977346278318,0.18122977346278318,0.7281553398058253,0.07766990291262135,0.1941747572815534,0.9029126213592233,0.006472491909385114,0.09061488673139159,
0.0,0.0,independent_latents,logger12_balanced,1,source_shuffle,0.22330097087378642,0.22330097087378642,0.686084142394822,0.06472491909385113,0.24919093851132687,0.9029126213592233,0.006472491909385114,0.09061488673139159,
0.0,0.0,independent_latents,logger12_balanced,1,no_behavior,0.20711974110032363,0.20711974110032363,0.7055016181229773,0.11003236245954692,0.18446601941747573,0.9029126213592233,0.006472491909385114,0.09061488673139159,
0.0,0.0,independent_latents,logger12_balanced,1,source_dependent_reward,0.18122977346278318,0.18122977346278318,0.7475728155339806,0.061488673139158574,0.19093851132686085,0.9029126213592233,0.006472491909385114,0.09061488673139159,
0.0,0.0,independent_latents,logger12_balanced,2,pooled_mlp,0.2297734627831715,0.2297734627831715,0.6828478964401294,0.08090614886731391,0.23624595469255663,0.9029126213592233,0.006472491909385114,0.09061488673139159,
0.0,0.0,independent_latents,logger12_balanced,2,source_balanced_pooled_mlp,0.2297734627831715,0.2297734627831715,0.6828478964401294,0.08090614886731391,0.23624595469255663,0.9029126213592233,0.006472491909385114,0.09061488673139159,
0.0,0.0,independent_latents,logger12_balanced,2,source_conditioned_decoder,0.17475728155339806,0.17475728155339806,0.7378640776699029,0.05501618122977346,0.20711974110032363,0.9029126213592233,0.006472491909385114,0.09061488673139159,
0.0,0.0,independent_latents,logger12_balanced,2,per_source_models,0.1553398058252427,0.1553398058252427,0.7508090614886731,0.05177993527508091,0.19741100323624594,0.9029126213592233,0.006472491909385114,0.09061488673139159,
0.0,0.0,independent_latents,logger12_balanced,2,mechanism_separated,0.1779935275080906,0.1779935275080906,0.7346278317152104,0.06796116504854369,0.19741100323624594,0.9029126213592233,0.006472491909385114,0.09061488673139159,
0.0,0.0,independent_latents,logger12_balanced,2,oracle_u_aware,0.15857605177993528,0.15857605177993528,0.7508090614886731,0.042071197411003236,0.20711974110032363,0.9029126213592233,0.006472491909385114,0.09061488673139159,
0.0,0.0,independent_latents,logger12_balanced,2,source_shuffle,0.2912621359223301,0.2912621359223301,0.6407766990291263,0.09385113268608414,0.26537216828478966,0.9029126213592233,0.006472491909385114,0.09061488673139159,
0.0,0.0,independent_latents,logger12_balanced,2,no_behavior,0.21359223300970873,0.21359223300970873,0.6990291262135923,0.061488673139158574,0.23948220064724918,0.9029126213592233,0.006472491909385114,0.09061488673139159,
0.0,0.0,independent_latents,logger12_balanced,2,source_dependent_reward,0.20388349514563106,0.20388349514563106,0.7152103559870551,0.09385113268608414,0.19093851132686085,0.9029126213592233,0.006472491909385114,0.09061488673139159,
0.0,0.0,independent_latents,logger12_balanced,3,pooled_mlp,0.19093851132686085,0.19093851132686085,0.7184466019417476,0.0744336569579288,0.20711974110032363,0.9029126213592233,0.006472491909385114,0.09061488673139159,
0.0,0.0,independent_latents,logger12_balanced,3,source_balanced_pooled_mlp,0.19093851132686085,0.19093851132686085,0.7184466019417476,0.0744336569579288,0.20711974110032363,0.9029126213592233,0.006472491909385114,0.09061488673139159,
0.0,0.0,independent_latents,logger12_balanced,3,source_conditioned_decoder,0.16828478964401294,0.16828478964401294,0.7540453074433657,0.05825242718446602,0.18770226537216828,0.9029126213592233,0.006472491909385114,0.09061488673139159,
0.0,0.0,independent_latents,logger12_balanced,3,per_source_models,0.19093851132686085,0.19093851132686085,0.7152103559870551,0.061488673139158574,0.22330097087378642,0.9029126213592233,0.006472491909385114,0.09061488673139159,
0.0,0.0,independent_latents,logger12_balanced,3,mechanism_separated,0.22330097087378642,0.22330097087378642,0.6925566343042071,0.08737864077669903,0.22006472491909385,0.9029126213592233,0.006472491909385114,0.09061488673139159,
0.0,0.0,independent_latents,logger12_balanced,3,oracle_u_aware,0.23948220064724918,0.23948220064724918,0.6763754045307443,0.08737864077669903,0.23624595469255663,0.9029126213592233,0.006472491909385114,0.09061488673139159,
0.0,0.0,independent_latents,logger12_balanced,3,source_shuffle,0.284789644012945,0.284789644012945,0.6343042071197411,0.09385113268608414,0.27184466019417475,0.9029126213592233,0.006472491909385114,0.09061488673139159,
0.0,0.0,independent_latents,logger12_balanced,3,no_behavior,0.21359223300970873,0.21359223300970873,0.7022653721682848,0.08737864077669903,0.21035598705501618,0.9029126213592233,0.006472491909385114,0.09061488673139159,
0.0,0.0,independent_latents,logger12_balanced,3,source_dependent_reward,0.22330097087378642,0.22330097087378642,0.686084142394822,0.08414239482200647,0.2297734627831715,0.9029126213592233,0.006472491909385114,0.09061488673139159,
0.0,0.0,independent_latents,logger12_balanced,4,pooled_mlp,0.19741100323624594,0.19741100323624594,0.7184466019417476,0.10679611650485436,0.17475728155339806,0.9029126213592233,0.006472491909385114,0.09061488673139159,
0.0,0.0,independent_latents,logger12_balanced,4,source_balanced_pooled_mlp,0.19741100323624594,0.19741100323624594,0.7184466019417476,0.10679611650485436,0.17475728155339806,0.9029126213592233,0.006472491909385114,0.09061488673139159,
0.0,0.0,independent_latents,logger12_balanced,4,source_conditioned_decoder,0.1779935275080906,0.1779935275080906,0.7346278317152104,0.0744336569579288,0.19093851132686085,0.9029126213592233,0.006472491909385114,0.09061488673139159,
0.0,0.0,independent_latents,logger12_balanced,4,per_source_models,0.17475728155339806,0.17475728155339806,0.7475728155339806,0.061488673139158574,0.19093851132686085,0.9029126213592233,0.006472491909385114,0.09061488673139159,
0.0,0.0,independent_latents,logger12_balanced,4,mechanism_separated,0.23300970873786409,0.23300970873786409,0.6763754045307443,0.0744336569579288,0.24919093851132687,0.9029126213592233,0.006472491909385114,0.09061488673139159,
0.0,0.0,independent_latents,logger12_balanced,4,oracle_u_aware,0.16828478964401294,0.16828478964401294,0.7508090614886731,0.05177993527508091,0.19741100323624594,0.9029126213592233,0.006472491909385114,0.09061488673139159,
0.0,0.0,independent_latents,logger12_balanced,4,source_shuffle,0.22006472491909385,0.22006472491909385,0.6893203883495146,0.07119741100323625,0.23948220064724918,0.9029126213592233,0.006472491909385114,0.09061488673139159,
0.0,0.0,independent_latents,logger12_balanced,4,no_behavior,0.23300970873786409,0.23300970873786409,0.6796116504854369,0.08737864077669903,0.23624595469255663,0.9029126213592233,0.006472491909385114,0.09061488673139159,
0.0,0.0,independent_latents,logger12_balanced,4,source_dependent_reward,0.1715210355987055,0.1715210355987055,0.7378640776699029,0.061488673139158574,0.20064724919093851,0.9029126213592233,0.006472491909385114,0.09061488673139159,
0.0,0.0,independent_latents,logger2_heavy,0,pooled_mlp,0.22006472491909385,0.22006472491909385,0.6990291262135923,0.0744336569579288,0.22653721682847897,0.9029126213592233,0.006472491909385114,0.09061488673139159,
0.0,0.0,independent_latents,logger2_heavy,0,source_balanced_pooled_mlp,0.22006472491909385,0.22006472491909385,0.6990291262135923,0.12297734627831715,0.1779935275080906,0.9029126213592233,0.006472491909385114,0.09061488673139159,
0.0,0.0,independent_latents,logger2_heavy,0,source_conditioned_decoder,0.2168284789644013,0.2168284789644013,0.6990291262135923,0.04854368932038835,0.2524271844660194,0.9029126213592233,0.006472491909385114,0.09061488673139159,
0.0,0.0,independent_latents,logger2_heavy,0,per_source_models,0.18446601941747573,0.18446601941747573,0.7249190938511327,0.05825242718446602,0.2168284789644013,0.9029126213592233,0.006472491909385114,0.09061488673139159,
0.0,0.0,independent_latents,logger2_heavy,0,mechanism_separated,0.24271844660194175,0.24271844660194175,0.6666666666666666,0.10032362459546926,0.23300970873786409,0.9029126213592233,0.006472491909385114,0.09061488673139159,
0.0,0.0,independent_latents,logger2_heavy,0,oracle_u_aware,0.20064724919093851,0.20064724919093851,0.7281553398058253,0.08090614886731391,0.19093851132686085,0.9029126213592233,0.006472491909385114,0.09061488673139159,
0.0,0.0,independent_latents,logger2_heavy,0,source_shuffle,0.21035598705501618,0.21035598705501618,0.6990291262135923,0.08737864077669903,0.21359223300970873,0.9029126213592233,0.006472491909385114,0.09061488673139159,
0.0,0.0,independent_latents,logger2_heavy,0,no_behavior,0.2297734627831715,0.2297734627831715,0.686084142394822,0.07766990291262135,0.23624595469255663,0.9029126213592233,0.006472491909385114,0.09061488673139159,
0.0,0.0,independent_latents,logger2_heavy,0,source_dependent_reward,0.18770226537216828,0.18770226537216828,0.7249190938511327,0.06796116504854369,0.20711974110032363,0.9029126213592233,0.006472491909385114,0.09061488673139159,
0.0,0.0,independent_latents,logger2_heavy,1,pooled_mlp,0.2297734627831715,0.2297734627831715,0.6796116504854369,0.10679611650485436,0.21359223300970873,0.9029126213592233,0.006472491909385114,0.09061488673139159,
0.0,0.0,independent_latents,logger2_heavy,1,source_balanced_pooled_mlp,0.20711974110032363,0.20711974110032363,0.7087378640776699,0.0744336569579288,0.2168284789644013,0.9029126213592233,0.006472491909385114,0.09061488673139159,
0.0,0.0,independent_latents,logger2_heavy,1,source_conditioned_decoder,0.2459546925566343,0.2459546925566343,0.6666666666666666,0.07119741100323625,0.2621359223300971,0.9029126213592233,0.006472491909385114,0.09061488673139159,
0.0,0.0,independent_latents,logger2_heavy,1,per_source_models,0.1779935275080906,0.1779935275080906,0.7346278317152104,0.06796116504854369,0.19741100323624594,0.9029126213592233,0.006472491909385114,0.09061488673139159,
0.0,0.0,independent_latents,logger2_heavy,1,mechanism_separated,0.24919093851132687,0.24919093851132687,0.6699029126213593,0.07766990291262135,0.2524271844660194,0.9029126213592233,0.006472491909385114,0.09061488673139159,
0.0,0.0,independent_latents,logger2_heavy,1,oracle_u_aware,0.20711974110032363,0.20711974110032363,0.6990291262135923,0.06472491909385113,0.23624595469255663,0.9029126213592233,0.006472491909385114,0.09061488673139159,
0.0,0.0,independent_latents,logger2_heavy,1,source_shuffle,0.2297734627831715,0.2297734627831715,0.6957928802588996,0.0970873786407767,0.20711974110032363,0.9029126213592233,0.006472491909385114,0.09061488673139159,
0.0,0.0,independent_latents,logger2_heavy,1,no_behavior,0.24271844660194175,0.24271844660194175,0.6699029126213593,0.07119741100323625,0.2588996763754045,0.9029126213592233,0.006472491909385114,0.09061488673139159,
0.0,0.0,independent_latents,logger2_heavy,1,source_dependent_reward,0.20388349514563106,0.20388349514563106,0.7184466019417476,0.06796116504854369,0.21359223300970873,0.9029126213592233,0.006472491909385114,0.09061488673139159,
0.0,0.0,independent_latents,logger2_heavy,2,pooled_mlp,0.23624595469255663,0.23624595469255663,0.6796116504854369,0.11003236245954692,0.21035598705501618,0.9029126213592233,0.006472491909385114,0.09061488673139159,
0.0,0.0,independent_latents,logger2_heavy,2,source_balanced_pooled_mlp,0.2297734627831715,0.2297734627831715,0.6828478964401294,0.08090614886731391,0.23624595469255663,0.9029126213592233,0.006472491909385114,0.09061488673139159,
0.0,0.0,independent_latents,logger2_heavy,2,source_conditioned_decoder,0.19093851132686085,0.19093851132686085,0.7184466019417476,0.05825242718446602,0.22330097087378642,0.9029126213592233,0.006472491909385114,0.09061488673139159,
0.0,0.0,independent_latents,logger2_heavy,2,per_source_models,0.1262135922330097,0.1262135922330097,0.7864077669902912,0.038834951456310676,0.17475728155339806,0.9029126213592233,0.006472491909385114,0.09061488673139159,
0.0,0.0,independent_latents,logger2_heavy,2,mechanism_separated,0.20711974110032363,0.20711974110032363,0.7249190938511327,0.10032362459546926,0.17475728155339806,0.9029126213592233,0.006472491909385114,0.09061488673139159,
0.0,0.0,independent_latents,logger2_heavy,2,oracle_u_aware,0.19093851132686085,0.19093851132686085,0.7281553398058253,0.045307443365695796,0.22653721682847897,0.9029126213592233,0.006472491909385114,0.09061488673139159,
0.0,0.0,independent_latents,logger2_heavy,2,source_shuffle,0.21035598705501618,0.21035598705501618,0.7055016181229773,0.07766990291262135,0.2168284789644013,0.9029126213592233,0.006472491909385114,0.09061488673139159,
0.0,0.0,independent_latents,logger2_heavy,2,no_behavior,0.23300970873786409,0.23300970873786409,0.6796116504854369,0.07119741100323625,0.24919093851132687,0.9029126213592233,0.006472491909385114,0.09061488673139159,
0.0,0.0,independent_latents,logger2_heavy,2,source_dependent_reward,0.1941747572815534,0.1941747572815534,0.7184466019417476,0.06472491909385113,0.2168284789644013,0.9029126213592233,0.006472491909385114,0.09061488673139159,
0.0,0.0,independent_latents,logger2_heavy,3,pooled_mlp,0.255663430420712,0.255663430420712,0.656957928802589,0.08090614886731391,0.2621359223300971,0.9029126213592233,0.006472491909385114,0.09061488673139159,
0.0,0.0,independent_latents,logger2_heavy,3,source_balanced_pooled_mlp,0.19093851132686085,0.19093851132686085,0.7184466019417476,0.0744336569579288,0.20711974110032363,0.9029126213592233,0.006472491909385114,0.09061488673139159,
0.0,0.0,independent_latents,logger2_heavy,3,source_conditioned_decoder,0.2686084142394822,0.2686084142394822,0.6407766990291263,0.06472491909385113,0.29449838187702265,0.9029126213592233,0.006472491909385114,0.09061488673139159,
0.0,0.0,independent_latents,logger2_heavy,3,per_source_models,0.23300970873786409,0.23300970873786409,0.6763754045307443,0.0744336569579288,0.24919093851132687,0.9029126213592233,0.006472491909385114,0.09061488673139159,
0.0,0.0,independent_latents,logger2_heavy,3,mechanism_separated,0.22330097087378642,0.22330097087378642,0.6893203883495146,0.09061488673139159,0.22006472491909385,0.9029126213592233,0.006472491909385114,0.09061488673139159,
0.0,0.0,independent_latents,logger2_heavy,3,oracle_u_aware,0.22006472491909385,0.22006472491909385,0.6925566343042071,0.06796116504854369,0.23948220064724918,0.9029126213592233,0.006472491909385114,0.09061488673139159,
0.0,0.0,independent_latents,logger2_heavy,3,source_shuffle,0.23300970873786409,0.23300970873786409,0.686084142394822,0.08414239482200647,0.2297734627831715,0.9029126213592233,0.006472491909385114,0.09061488673139159,
0.0,0.0,independent_latents,logger2_heavy,3,no_behavior,0.20711974110032363,0.20711974110032363,0.7087378640776699,0.08737864077669903,0.20388349514563106,0.9029126213592233,0.006472491909385114,0.09061488673139159,
0.0,0.0,independent_latents,logger2_heavy,3,source_dependent_reward,0.20064724919093851,0.20064724919093851,0.7119741100323624,0.07119741100323625,0.2168284789644013,0.9029126213592233,0.006472491909385114,0.09061488673139159,
0.0,0.0,independent_latents,logger2_heavy,4,pooled_mlp,0.21359223300970873,0.21359223300970873,0.7572815533980582,0.07766990291262135,0.1650485436893204,0.9029126213592233,0.006472491909385114,0.09061488673139159,
0.0,0.0,independent_latents,logger2_heavy,4,source_balanced_pooled_mlp,0.19741100323624594,0.19741100323624594,0.7184466019417476,0.10679611650485436,0.17475728155339806,0.9029126213592233,0.006472491909385114,0.09061488673139159,
0.0,0.0,independent_latents,logger2_heavy,4,source_conditioned_decoder,0.15857605177993528,0.15857605177993528,0.7605177993527508,0.06472491909385113,0.17475728155339806,0.9029126213592233,0.006472491909385114,0.09061488673139159,
0.0,0.0,independent_latents,logger2_heavy,4,per_source_models,0.1488673139158576,0.1488673139158576,0.7799352750809061,0.05177993527508091,0.16828478964401294,0.9029126213592233,0.006472491909385114,0.09061488673139159,
0.0,0.0,independent_latents,logger2_heavy,4,mechanism_separated,0.19741100323624594,0.19741100323624594,0.7216828478964401,0.061488673139158574,0.2168284789644013,0.9029126213592233,0.006472491909385114,0.09061488673139159,
0.0,0.0,independent_latents,logger2_heavy,4,oracle_u_aware,0.1941747572815534,0.1941747572815534,0.7152103559870551,0.045307443365695796,0.23948220064724918,0.9029126213592233,0.006472491909385114,0.09061488673139159,
0.0,0.0,independent_latents,logger2_heavy,4,source_shuffle,0.20711974110032363,0.20711974110032363,0.7540453074433657,0.05501618122977346,0.19093851132686085,0.9029126213592233,0.006472491909385114,0.09061488673139159,
0.0,0.0,independent_latents,logger2_heavy,4,no_behavior,0.27184466019417475,0.27184466019417475,0.6666666666666666,0.0744336569579288,0.2588996763754045,0.9029126213592233,0.006472491909385114,0.09061488673139159,
0.0,0.0,independent_latents,logger2_heavy,4,source_dependent_reward,0.21359223300970873,0.21359223300970873,0.6957928802588996,0.061488673139158574,0.24271844660194175,0.9029126213592233,0.006472491909385114,0.09061488673139159,
0.0,0.002,confounded,logger1_heavy,0,pooled_mlp,0.32362459546925565,0.32362459546925565,0.5954692556634305,0.12944983818770225,0.2750809061488673,0.9029126213592233,0.006472491909385114,0.09061488673139159,
0.0,0.002,confounded,logger1_heavy,0,source_balanced_pooled_mlp,0.28802588996763756,0.28802588996763756,0.6375404530744336,0.11326860841423948,0.24919093851132687,0.9029126213592233,0.006472491909385114,0.09061488673139159,
0.0,0.002,confounded,logger1_heavy,0,source_conditioned_decoder,0.32038834951456313,0.32038834951456313,0.5889967637540453,0.06472491909385113,0.34627831715210355,0.9029126213592233,0.006472491909385114,0.09061488673139159,
0.0,0.002,confounded,logger1_heavy,0,per_source_models,0.284789644012945,0.284789644012945,0.6245954692556634,0.05501618122977346,0.32038834951456313,0.9029126213592233,0.006472491909385114,0.09061488673139159,
0.0,0.002,confounded,logger1_heavy,0,mechanism_separated,0.4174757281553398,0.4174757281553398,0.4919093851132686,0.12944983818770225,0.3786407766990291,0.9029126213592233,0.006472491909385114,0.09061488673139159,
0.0,0.002,confounded,logger1_heavy,0,oracle_u_aware,0.23948220064724918,0.23948220064724918,0.6731391585760518,0.06472491909385113,0.2621359223300971,0.9029126213592233,0.006472491909385114,0.09061488673139159,
0.0,0.002,confounded,logger1_heavy,0,source_shuffle,0.343042071197411,0.343042071197411,0.5663430420711975,0.1262135922330097,0.3074433656957929,0.9029126213592233,0.006472491909385114,0.09061488673139159,
0.0,0.002,confounded,logger1_heavy,0,no_behavior,0.27184466019417475,0.27184466019417475,0.6375404530744336,0.10355987055016182,0.2588996763754045,0.9029126213592233,0.006472491909385114,0.09061488673139159,
0.0,0.002,confounded,logger1_heavy,0,source_dependent_reward,0.255663430420712,0.255663430420712,0.656957928802589,0.06796116504854369,0.2750809061488673,0.9029126213592233,0.006472491909385114,0.09061488673139159,
0.0,0.002,confounded,logger1_heavy,1,pooled_mlp,0.24271844660194175,0.24271844660194175,0.6634304207119741,0.05825242718446602,0.2783171521035599,0.9029126213592233,0.006472491909385114,0.09061488673139159,
0.0,0.002,confounded,logger1_heavy,1,source_balanced_pooled_mlp,0.2912621359223301,0.2912621359223301,0.6148867313915858,0.10679611650485436,0.2783171521035599,0.9029126213592233,0.006472491909385114,0.09061488673139159,
0.0,0.002,confounded,logger1_heavy,1,source_conditioned_decoder,0.2783171521035599,0.2783171521035599,0.6310679611650486,0.06472491909385113,0.3042071197411003,0.9029126213592233,0.006472491909385114,0.09061488673139159,
0.0,0.002,confounded,logger1_heavy,1,per_source_models,0.2815533980582524,0.2815533980582524,0.627831715210356,0.08737864077669903,0.284789644012945,0.9029126213592233,0.006472491909385114,0.09061488673139159,
0.0,0.002,confounded,logger1_heavy,1,mechanism_separated,0.37216828478964403,0.37216828478964403,0.5372168284789643,0.10032362459546926,0.36245954692556637,0.9029126213592233,0.006472491909385114,0.09061488673139159,
0.0,0.002,confounded,logger1_heavy,1,oracle_u_aware,0.28802588996763756,0.28802588996763756,0.6213592233009708,0.09385113268608414,0.284789644012945,0.9029126213592233,0.006472491909385114,0.09061488673139159,
0.0,0.002,confounded,logger1_heavy,1,source_shuffle,0.28802588996763756,0.28802588996763756,0.6213592233009708,0.10032362459546926,0.2783171521035599,0.9029126213592233,0.006472491909385114,0.09061488673139159,
0.0,0.002,confounded,logger1_heavy,1,no_behavior,0.2783171521035599,0.2783171521035599,0.6310679611650486,0.09061488673139159,0.2783171521035599,0.9029126213592233,0.006472491909385114,0.09061488673139159,
0.0,0.002,confounded,logger1_heavy,1,source_dependent_reward,0.24919093851132687,0.24919093851132687,0.6666666666666666,0.06472491909385113,0.2686084142394822,0.9029126213592233,0.006472491909385114,0.09061488673139159,
0.0,0.002,confounded,logger1_heavy,2,pooled_mlp,0.3656957928802589,0.3656957928802589,0.5469255663430421,0.12944983818770225,0.32362459546925565,0.9029126213592233,0.006472491909385114,0.09061488673139159,
0.0,0.002,confounded,logger1_heavy,2,source_balanced_pooled_mlp,0.2686084142394822,0.2686084142394822,0.6440129449838188,0.08414239482200647,0.27184466019417475,0.9029126213592233,0.006472491909385114,0.09061488673139159,
0.0,0.002,confounded,logger1_heavy,2,source_conditioned_decoder,0.26537216828478966,0.26537216828478966,0.6504854368932039,0.08414239482200647,0.26537216828478966,0.9029126213592233,0.006472491909385114,0.09061488673139159,
0.0,0.002,confounded,logger1_heavy,2,per_source_models,0.28802588996763756,0.28802588996763756,0.6213592233009708,0.10032362459546926,0.2783171521035599,0.9029126213592233,0.006472491909385114,0.09061488673139159,
0.0,0.002,confounded,logger1_heavy,2,mechanism_separated,0.3300970873786408,0.3300970873786408,0.5792880258899676,0.08737864077669903,0.3333333333333333,0.9029126213592233,0.006472491909385114,0.09061488673139159,
0.0,0.002,confounded,logger1_heavy,2,oracle_u_aware,0.3106796116504854,0.3106796116504854,0.6084142394822006,0.08090614886731391,0.3106796116504854,0.9029126213592233,0.006472491909385114,0.09061488673139159,
0.0,0.002,confounded,logger1_heavy,2,source_shuffle,0.32362459546925565,0.32362459546925565,0.5889967637540453,0.10032362459546926,0.3106796116504854,0.9029126213592233,0.006472491909385114,0.09061488673139159,
0.0,0.002,confounded,logger1_heavy,2,no_behavior,0.3333333333333333,0.3333333333333333,0.5760517799352751,0.06796116504854369,0.3559870550161812,0.9029126213592233,0.006472491909385114,0.09061488673139159,
0.0,0.002,confounded,logger1_heavy,2,source_dependent_reward,0.30097087378640774,0.30097087378640774,0.6051779935275081,0.09385113268608414,0.30097087378640774,0.9029126213592233,0.006472491909385114,0.09061488673139159,
0.0,0.002,confounded,logger1_heavy,3,pooled_mlp,0.3883495145631068,0.3883495145631068,0.5210355987055016,0.10032362459546926,0.3786407766990291,0.9029126213592233,0.006472491909385114,0.09061488673139159,
0.0,0.002,confounded,logger1_heavy,3,source_balanced_pooled_mlp,0.2621359223300971,0.2621359223300971,0.6440129449838188,0.09061488673139159,0.26537216828478966,0.9029126213592233,0.006472491909385114,0.09061488673139159,
0.0,0.002,confounded,logger1_heavy,3,source_conditioned_decoder,0.3268608414239482,0.3268608414239482,0.5922330097087378,0.09061488673139159,0.31715210355987056,0.9029126213592233,0.006472491909385114,0.09061488673139159,
0.0,0.002,confounded,logger1_heavy,3,per_source_models,0.2297734627831715,0.2297734627831715,0.6763754045307443,0.061488673139158574,0.2621359223300971,0.9029126213592233,0.006472491909385114,0.09061488673139159,
0.0,0.002,confounded,logger1_heavy,3,mechanism_separated,0.32038834951456313,0.32038834951456313,0.5954692556634305,0.0970873786407767,0.3074433656957929,0.9029126213592233,0.006472491909385114,0.09061488673139159,
0.0,0.002,confounded,logger1_heavy,3,oracle_u_aware,0.2297734627831715,0.2297734627831715,0.6796116504854369,0.08090614886731391,0.23948220064724918,0.9029126213592233,0.006472491909385114,0.09061488673139159,
0.0,0.002,confounded,logger1_heavy,3,source_shuffle,0.255663430420712,0.255663430420712,0.656957928802589,0.08414239482200647,0.2588996763754045,0.9029126213592233,0.006472491909385114,0.09061488673139159,
0.0,0.002,confounded,logger1_heavy,3,no_behavior,0.3300970873786408,0.3300970873786408,0.5825242718446602,0.07119741100323625,0.34627831715210355,0.9029126213592233,0.006472491909385114,0.09061488673139159,
0.0,0.002,confounded,logger1_heavy,3,source_dependent_reward,0.2168284789644013,0.2168284789644013,0.6925566343042071,0.05501618122977346,0.2524271844660194,0.9029126213592233,0.006472491909385114,0.09061488673139159,
0.0,0.002,confounded,logger1_heavy,4,pooled_mlp,0.343042071197411,0.343042071197411,0.5663430420711975,0.11326860841423948,0.32038834951456313,0.9029126213592233,0.006472491909385114,0.09061488673139159,
0.0,0.002,confounded,logger1_heavy,4,source_balanced_pooled_mlp,0.32362459546925565,0.32362459546925565,0.5857605177993528,0.11650485436893204,0.2977346278317152,0.9029126213592233,0.006472491909385114,0.09061488673139159,
0.0,0.002,confounded,logger1_heavy,4,source_conditioned_decoder,0.2686084142394822,0.2686084142394822,0.6375404530744336,0.09061488673139159,0.27184466019417475,0.9029126213592233,0.006472491909385114,0.09061488673139159,
0.0,0.002,confounded,logger1_heavy,4,per_source_models,0.3042071197411003,0.3042071197411003,0.6051779935275081,0.0970873786407767,0.2977346278317152,0.9029126213592233,0.006472491909385114,0.09061488673139159,
0.0,0.002,confounded,logger1_heavy,4,mechanism_separated,0.34951456310679613,0.34951456310679613,0.5598705501618123,0.08737864077669903,0.35275080906148865,0.9029126213592233,0.006472491909385114,0.09061488673139159,
0.0,0.002,confounded,logger1_heavy,4,oracle_u_aware,0.2459546925566343,0.2459546925566343,0.6893203883495146,0.045307443365695796,0.26537216828478966,0.9029126213592233,0.006472491909385114,0.09061488673139159,
0.0,0.002,confounded,logger1_heavy,4,source_shuffle,0.34951456310679613,0.34951456310679613,0.5598705501618123,0.08090614886731391,0.3592233009708738,0.9029126213592233,0.006472491909385114,0.09061488673139159,
0.0,0.002,confounded,logger1_heavy,4,no_behavior,0.32362459546925565,0.32362459546925565,0.5889967637540453,0.08414239482200647,0.3268608414239482,0.9029126213592233,0.006472491909385114,0.09061488673139159,
0.0,0.002,confounded,logger1_heavy,4,source_dependent_reward,0.2912621359223301,0.2912621359223301,0.6181229773462783,0.07766990291262135,0.3042071197411003,0.9029126213592233,0.006472491909385114,0.09061488673139159,
0.0,0.002,confounded,logger12_balanced,0,pooled_mlp,0.28802588996763756,0.28802588996763756,0.6375404530744336,0.11326860841423948,0.24919093851132687,0.9029126213592233,0.006472491909385114,0.09061488673139159,0.0
0.0,0.002,confounded,logger12_balanced,0,source_balanced_pooled_mlp,0.28802588996763756,0.28802588996763756,0.6375404530744336,0.11326860841423948,0.24919093851132687,0.9029126213592233,0.006472491909385114,0.09061488673139159,0.0
0.0,0.002,confounded,logger12_balanced,0,source_conditioned_decoder,0.23624595469255663,0.23624595469255663,0.686084142394822,0.08414239482200647,0.2297734627831715,0.9029126213592233,0.006472491909385114,0.09061488673139159,0.0
0.0,0.002,confounded,logger12_balanced,0,per_source_models,0.2588996763754045,0.2588996763754045,0.6537216828478964,0.08414239482200647,0.2621359223300971,0.9029126213592233,0.006472491909385114,0.09061488673139159,0.0
0.0,0.002,confounded,logger12_balanced,0,mechanism_separated,0.33980582524271846,0.33980582524271846,0.56957928802589,0.11650485436893204,0.313915857605178,0.9029126213592233,0.006472491909385114,0.09061488673139159,0.0
0.0,0.002,confounded,logger12_balanced,0,oracle_u_aware,0.18122977346278318,0.18122977346278318,0.7346278317152104,0.07119741100323625,0.1941747572815534,0.9029126213592233,0.006472491909385114,0.09061488673139159,0.0
0.0,0.002,confounded,logger12_balanced,0,source_shuffle,0.35275080906148865,0.35275080906148865,0.5566343042071198,0.12297734627831715,0.32038834951456313,0.9029126213592233,0.006472491909385114,0.09061488673139159,0.0
0.0,0.002,confounded,logger12_balanced,0,no_behavior,0.23948220064724918,0.23948220064724918,0.6699029126213593,0.06796116504854369,0.2621359223300971,0.9029126213592233,0.006472491909385114,0.09061488673139159,0.0
0.0,0.002,confounded,logger12_balanced,0,source_dependent_reward,0.27184466019417475,0.27184466019417475,0.6375404530744336,0.06796116504854369,0.29449838187702265,0.9029126213592233,0.006472491909385114,0.09061488673139159,0.0
0.0,0.002,confounded,logger12_balanced,1,pooled_mlp,0.2912621359223301,0.2912621359223301,0.6148867313915858,0.10679611650485436,0.2783171521035599,0.9029126213592233,0.006472491909385114,0.09061488673139159,0.0
0.0,0.002,confounded,logger12_balanced,1,source_balanced_pooled_mlp,0.2912621359223301,0.2912621359223301,0.6148867313915858,0.10679611650485436,0.2783171521035599,0.9029126213592233,0.006472491909385114,0.09061488673139159,0.0
0.0,0.002,confounded,logger12_balanced,1,source_conditioned_decoder,0.2524271844660194,0.2524271844660194,0.656957928802589,0.06796116504854369,0.2750809061488673,0.9029126213592233,0.006472491909385114,0.09061488673139159,0.0
0.0,0.002,confounded,logger12_balanced,1,per_source_models,0.2459546925566343,0.2459546925566343,0.6634304207119741,0.08414239482200647,0.2524271844660194,0.9029126213592233,0.006472491909385114,0.09061488673139159,0.0
0.0,0.002,confounded,logger12_balanced,1,mechanism_separated,0.36245954692556637,0.36245954692556637,0.5469255663430421,0.13268608414239483,0.32038834951456313,0.9029126213592233,0.006472491909385114,0.09061488673139159,0.0
0.0,0.002,confounded,logger12_balanced,1,oracle_u_aware,0.2524271844660194,0.2524271844660194,0.6537216828478964,0.10679611650485436,0.23948220064724918,0.9029126213592233,0.006472491909385114,0.09061488673139159,0.0
0.0,0.002,confounded,logger12_balanced,1,source_shuffle,0.3365695792880259,0.3365695792880259,0.56957928802589,0.10679611650485436,0.32362459546925565,0.9029126213592233,0.006472491909385114,0.09061488673139159,0.0
0.0,0.002,confounded,logger12_balanced,1,no_behavior,0.2750809061488673,0.2750809061488673,0.6343042071197411,0.11650485436893204,0.24919093851132687,0.9029126213592233,0.006472491909385114,0.09061488673139159,0.0
0.0,0.002,confounded,logger12_balanced,1,source_dependent_reward,0.2686084142394822,0.2686084142394822,0.6504854368932039,0.05501618122977346,0.29449838187702265,0.9029126213592233,0.006472491909385114,0.09061488673139159,0.0
0.0,0.002,confounded,logger12_balanced,2,pooled_mlp,0.2686084142394822,0.2686084142394822,0.6440129449838188,0.08414239482200647,0.27184466019417475,0.9029126213592233,0.006472491909385114,0.09061488673139159,0.0
0.0,0.002,confounded,logger12_balanced,2,source_balanced_pooled_mlp,0.2686084142394822,0.2686084142394822,0.6440129449838188,0.08414239482200647,0.27184466019417475,0.9029126213592233,0.006472491909385114,0.09061488673139159,0.0
0.0,0.002,confounded,logger12_balanced,2,source_conditioned_decoder,0.2459546925566343,0.2459546925566343,0.6634304207119741,0.061488673139158574,0.2750809061488673,0.9029126213592233,0.006472491909385114,0.09061488673139159,0.0
0.0,0.002,confounded,logger12_balanced,2,per_source_models,0.24919093851132687,0.24919093851132687,0.6601941747572816,0.08414239482200647,0.255663430420712,0.9029126213592233,0.006472491909385114,0.09061488673139159,0.0
0.0,0.002,confounded,logger12_balanced,2,mechanism_separated,0.32362459546925565,0.32362459546925565,0.5825242718446602,0.12297734627831715,0.2977346278317152,0.9029126213592233,0.006472491909385114,0.09061488673139159,0.0
0.0,0.002,confounded,logger12_balanced,2,oracle_u_aware,0.1941747572815534,0.1941747572815534,0.7249190938511327,0.08414239482200647,0.19093851132686085,0.9029126213592233,0.006472491909385114,0.09061488673139159,0.0
0.0,0.002,confounded,logger12_balanced,2,source_shuffle,0.2588996763754045,0.2588996763754045,0.6472491909385113,0.09061488673139159,0.2621359223300971,0.9029126213592233,0.006472491909385114,0.09061488673139159,0.0
0.0,0.002,confounded,logger12_balanced,2,no_behavior,0.313915857605178,0.313915857605178,0.5954692556634305,0.11003236245954692,0.29449838187702265,0.9029126213592233,0.006472491909385114,0.09061488673139159,0.0
0.0,0.002,confounded,logger12_balanced,2,source_dependent_reward,0.28802588996763756,0.28802588996763756,0.6213592233009708,0.0744336569579288,0.3042071197411003,0.9029126213592233,0.006472491909385114,0.09061488673139159,0.0
0.0,0.002,confounded,logger12_balanced,3,pooled_mlp,0.2621359223300971,0.2621359223300971,0.6440129449838188,0.09061488673139159,0.26537216828478966,0.9029126213592233,0.006472491909385114,0.09061488673139159,0.0
0.0,0.002,confounded,logger12_balanced,3,source_balanced_pooled_mlp,0.2621359223300971,0.2621359223300971,0.6440129449838188,0.09061488673139159,0.26537216828478966,0.9029126213592233,0.006472491909385114,0.09061488673139159,0.0
0.0,0.002,confounded,logger12_balanced,3,source_conditioned_decoder,0.2815533980582524,0.2815533980582524,0.6407766990291263,0.08737864077669903,0.27184466019417475,0.9029126213592233,0.006472491909385114,0.09061488673139159,0.0
0.0,0.002,confounded,logger12_balanced,3,per_source_models,0.284789644012945,0.284789644012945,0.6245954692556634,0.07119741100323625,0.3042071197411003,0.9029126213592233,0.006472491909385114,0.09061488673139159,0.0
0.0,0.002,confounded,logger12_balanced,3,mechanism_separated,0.26537216828478966,0.26537216828478966,0.6504854368932039,0.07766990291262135,0.27184466019417475,0.9029126213592233,0.006472491909385114,0.09061488673139159,0.0
0.0,0.002,confounded,logger12_balanced,3,oracle_u_aware,0.1715210355987055,0.1715210355987055,0.7411003236245954,0.02912621359223301,0.2297734627831715,0.9029126213592233,0.006472491909385114,0.09061488673139159,0.0
0.0,0.002,confounded,logger12_balanced,3,source_shuffle,0.2686084142394822,0.2686084142394822,0.6472491909385113,0.0970873786407767,0.255663430420712,0.9029126213592233,0.006472491909385114,0.09061488673139159,0.0
0.0,0.002,confounded,logger12_balanced,3,no_behavior,0.28802588996763756,0.28802588996763756,0.6245954692556634,0.08414239482200647,0.2912621359223301,0.9029126213592233,0.006472491909385114,0.09061488673139159,0.0
0.0,0.002,confounded,logger12_balanced,3,source_dependent_reward,0.2783171521035599,0.2783171521035599,0.6310679611650486,0.05177993527508091,0.31715210355987056,0.9029126213592233,0.006472491909385114,0.09061488673139159,0.0
0.0,0.002,confounded,logger12_balanced,4,pooled_mlp,0.32362459546925565,0.32362459546925565,0.5857605177993528,0.11650485436893204,0.2977346278317152,0.9029126213592233,0.006472491909385114,0.09061488673139159,0.0
0.0,0.002,confounded,logger12_balanced,4,source_balanced_pooled_mlp,0.32362459546925565,0.32362459546925565,0.5857605177993528,0.11650485436893204,0.2977346278317152,0.9029126213592233,0.006472491909385114,0.09061488673139159,0.0
0.0,0.002,confounded,logger12_balanced,4,source_conditioned_decoder,0.20064724919093851,0.20064724919093851,0.7055016181229773,0.061488673139158574,0.23300970873786409,0.9029126213592233,0.006472491909385114,0.09061488673139159,0.0
0.0,0.002,confounded,logger12_balanced,4,per_source_models,0.3592233009708738,0.3592233009708738,0.5501618122977346,0.10679611650485436,0.343042071197411,0.9029126213592233,0.006472491909385114,0.09061488673139159,0.0
0.0,0.002,confounded,logger12_balanced,4,mechanism_separated,0.3106796116504854,0.3106796116504854,0.6019417475728155,0.10032362459546926,0.2977346278317152,0.9029126213592233,0.006472491909385114,0.09061488673139159,0.0
0.0,0.002,confounded,logger12_balanced,4,oracle_u_aware,0.23300970873786409,0.23300970873786409,0.6763754045307443,0.06796116504854369,0.255663430420712,0.9029126213592233,0.006472491909385114,0.09061488673139159,0.0
0.0,0.002,confounded,logger12_balanced,4,source_shuffle,0.3042071197411003,0.3042071197411003,0.6051779935275081,0.0744336569579288,0.32038834951456313,0.9029126213592233,0.006472491909385114,0.09061488673139159,0.0
0.0,0.002,confounded,logger12_balanced,4,no_behavior,0.343042071197411,0.343042071197411,0.56957928802589,0.0970873786407767,0.3333333333333333,0.9029126213592233,0.006472491909385114,0.09061488673139159,0.0
0.0,0.002,confounded,logger12_balanced,4,source_dependent_reward,0.32362459546925565,0.32362459546925565,0.5857605177993528,0.0970873786407767,0.31715210355987056,0.9029126213592233,0.006472491909385114,0.09061488673139159,0.0
0.0,0.002,confounded,logger2_heavy,0,pooled_mlp,0.27184466019417475,0.27184466019417475,0.6472491909385113,0.10032362459546926,0.2524271844660194,0.9029126213592233,0.006472491909385114,0.09061488673139159,
0.0,0.002,confounded,logger2_heavy,0,source_balanced_pooled_mlp,0.28802588996763756,0.28802588996763756,0.6375404530744336,0.11326860841423948,0.24919093851132687,0.9029126213592233,0.006472491909385114,0.09061488673139159,
0.0,0.002,confounded,logger2_heavy,0,source_conditioned_decoder,0.18122977346278318,0.18122977346278318,0.7346278317152104,0.045307443365695796,0.22006472491909385,0.9029126213592233,0.006472491909385114,0.09061488673139159,
0.0,0.002,confounded,logger2_heavy,0,per_source_models,0.2912621359223301,0.2912621359223301,0.6181229773462783,0.08090614886731391,0.30097087378640774,0.9029126213592233,0.006472491909385114,0.09061488673139159,
0.0,0.002,confounded,logger2_heavy,0,mechanism_separated,0.2686084142394822,0.2686084142394822,0.6407766990291263,0.1262135922330097,0.23300970873786409,0.9029126213592233,0.006472491909385114,0.09061488673139159,
0.0,0.002,confounded,logger2_heavy,0,oracle_u_aware,0.20388349514563106,0.20388349514563106,0.7055016181229773,0.09061488673139159,0.20388349514563106,0.9029126213592233,0.006472491909385114,0.09061488673139159,
0.0,0.002,confounded,logger2_heavy,0,source_shuffle,0.2977346278317152,0.2977346278317152,0.6181229773462783,0.10679611650485436,0.2750809061488673,0.9029126213592233,0.006472491909385114,0.09061488673139159,
0.0,0.002,confounded,logger2_heavy,0,no_behavior,0.23624595469255663,0.23624595469255663,0.6763754045307443,0.10032362459546926,0.22330097087378642,0.9029126213592233,0.006472491909385114,0.09061488673139159,
0.0,0.002,confounded,logger2_heavy,0,source_dependent_reward,0.23624595469255663,0.23624595469255663,0.6731391585760518,0.05825242718446602,0.2686084142394822,0.9029126213592233,0.006472491909385114,0.09061488673139159,
0.0,0.002,confounded,logger2_heavy,1,pooled_mlp,0.2459546925566343,0.2459546925566343,0.6666666666666666,0.07119741100323625,0.2621359223300971,0.9029126213592233,0.006472491909385114,0.09061488673139159,
0.0,0.002,confounded,logger2_heavy,1,source_balanced_pooled_mlp,0.2912621359223301,0.2912621359223301,0.6148867313915858,0.10679611650485436,0.2783171521035599,0.9029126213592233,0.006472491909385114,0.09061488673139159,
0.0,0.002,confounded,logger2_heavy,1,source_conditioned_decoder,0.23300970873786409,0.23300970873786409,0.6763754045307443,0.06796116504854369,0.255663430420712,0.9029126213592233,0.006472491909385114,0.09061488673139159,
0.0,0.002,confounded,logger2_heavy,1,per_source_models,0.2621359223300971,0.2621359223300971,0.6472491909385113,0.06796116504854369,0.284789644012945,0.9029126213592233,0.006472491909385114,0.09061488673139159,
0.0,0.002,confounded,logger2_heavy,1,mechanism_separated,0.27184466019417475,0.27184466019417475,0.6472491909385113,0.09385113268608414,0.2588996763754045,0.9029126213592233,0.006472491909385114,0.09061488673139159,
0.0,0.002,confounded,logger2_heavy,1,oracle_u_aware,0.23300970873786409,0.23300970873786409,0.7087378640776699,0.09385113268608414,0.19741100323624594,0.9029126213592233,0.006472491909385114,0.09061488673139159,
0.0,0.002,confounded,logger2_heavy,1,source_shuffle,0.2815533980582524,0.2815533980582524,0.6310679611650486,0.10032362459546926,0.2686084142394822,0.9029126213592233,0.006472491909385114,0.09061488673139159,
0.0,0.002,confounded,logger2_heavy,1,no_behavior,0.2686084142394822,0.2686084142394822,0.6440129449838188,0.09061488673139159,0.26537216828478966,0.9029126213592233,0.006472491909385114,0.09061488673139159,
0.0,0.002,confounded,logger2_heavy,1,source_dependent_reward,0.2297734627831715,0.2297734627831715,0.6925566343042071,0.08090614886731391,0.22653721682847897,0.9029126213592233,0.006472491909385114,0.09061488673139159,
0.0,0.002,confounded,logger2_heavy,2,pooled_mlp,0.2750809061488673,0.2750809061488673,0.6375404530744336,0.12944983818770225,0.23300970873786409,0.9029126213592233,0.006472491909385114,0.09061488673139159,
0.0,0.002,confounded,logger2_heavy,2,source_balanced_pooled_mlp,0.2686084142394822,0.2686084142394822,0.6440129449838188,0.08414239482200647,0.27184466019417475,0.9029126213592233,0.006472491909385114,0.09061488673139159,
0.0,0.002,confounded,logger2_heavy,2,source_conditioned_decoder,0.19093851132686085,0.19093851132686085,0.7152103559870551,0.045307443365695796,0.23948220064724918,0.9029126213592233,0.006472491909385114,0.09061488673139159,
0.0,0.002,confounded,logger2_heavy,2,per_source_models,0.2783171521035599,0.2783171521035599,0.6310679611650486,0.09385113268608414,0.2750809061488673,0.9029126213592233,0.006472491909385114,0.09061488673139159,
0.0,0.002,confounded,logger2_heavy,2,mechanism_separated,0.313915857605178,0.313915857605178,0.6019417475728155,0.13592233009708737,0.2621359223300971,0.9029126213592233,0.006472491909385114,0.09061488673139159,
0.0,0.002,confounded,logger2_heavy,2,oracle_u_aware,0.2168284789644013,0.2168284789644013,0.6957928802588996,0.05177993527508091,0.2524271844660194,0.9029126213592233,0.006472491909385114,0.09061488673139159,
0.0,0.002,confounded,logger2_heavy,2,source_shuffle,0.2750809061488673,0.2750809061488673,0.6375404530744336,0.08414239482200647,0.2783171521035599,0.9029126213592233,0.006472491909385114,0.09061488673139159,
0.0,0.002,confounded,logger2_heavy,2,no_behavior,0.30097087378640774,0.30097087378640774,0.6116504854368932,0.12297734627831715,0.26537216828478966,0.9029126213592233,0.006472491909385114,0.09061488673139159,
0.0,0.002,confounded,logger2_heavy,2,source_dependent_reward,0.2912621359223301,0.2912621359223301,0.6181229773462783,0.0744336569579288,0.3074433656957929,0.9029126213592233,0.006472491909385114,0.09061488673139159,
0.0,0.002,confounded,logger2_heavy,3,pooled_mlp,0.23624595469255663,0.23624595469255663,0.6699029126213593,0.06796116504854369,0.2621359223300971,0.9029126213592233,0.006472491909385114,0.09061488673139159,
0.0,0.002,confounded,logger2_heavy,3,source_balanced_pooled_mlp,0.2621359223300971,0.2621359223300971,0.6440129449838188,0.09061488673139159,0.26537216828478966,0.9029126213592233,0.006472491909385114,0.09061488673139159,
0.0,0.002,confounded,logger2_heavy,3,source_conditioned_decoder,0.2588996763754045,0.2588996763754045,0.6601941747572816,0.07119741100323625,0.2686084142394822,0.9029126213592233,0.006472491909385114,0.09061488673139159,
0.0,0.002,confounded,logger2_heavy,3,per_source_models,0.28802588996763756,0.28802588996763756,0.6213592233009708,0.09061488673139159,0.28802588996763756,0.9029126213592233,0.006472491909385114,0.09061488673139159,
0.0,0.002,confounded,logger2_heavy,3,mechanism_separated,0.30097087378640774,0.30097087378640774,0.6148867313915858,0.0970873786407767,0.28802588996763756,0.9029126213592233,0.006472491909385114,0.09061488673139159,
0.0,0.002,confounded,logger2_heavy,3,oracle_u_aware,0.23300970873786409,0.23300970873786409,0.6828478964401294,0.0744336569579288,0.24271844660194175,0.9029126213592233,0.006472491909385114,0.09061488673139159,
0.0,0.002,confounded,logger2_heavy,3,source_shuffle,0.28802588996763756,0.28802588996763756,0.627831715210356,0.10032362459546926,0.27184466019417475,0.9029126213592233,0.006472491909385114,0.09061488673139159,
0.0,0.002,confounded,logger2_heavy,3,no_behavior,0.28802588996763756,0.28802588996763756,0.627831715210356,0.08737864077669903,0.284789644012945,0.9029126213592233,0.006472491909385114,0.09061488673139159,
0.0,0.002,confounded,logger2_heavy,3,source_dependent_reward,0.255663430420712,0.255663430420712,0.6601941747572816,0.06796116504854369,0.27184466019417475,0.9029126213592233,0.006472491909385114,0.09061488673139159,
0.0,0.002,confounded,logger2_heavy,4,pooled_mlp,0.32038834951456313,0.32038834951456313,0.5922330097087378,0.13268608414239483,0.2750809061488673,0.9029126213592233,0.006472491909385114,0.09061488673139159,
0.0,0.002,confounded,logger2_heavy,4,source_balanced_pooled_mlp,0.32362459546925565,0.32362459546925565,0.5857605177993528,0.11650485436893204,0.2977346278317152,0.9029126213592233,0.006472491909385114,0.09061488673139159,
0.0,0.002,confounded,logger2_heavy,4,source_conditioned_decoder,0.20388349514563106,0.20388349514563106,0.7152103559870551,0.06796116504854369,0.2168284789644013,0.9029126213592233,0.006472491909385114,0.09061488673139159,
0.0,0.002,confounded,logger2_heavy,4,per_source_models,0.23624595469255663,0.23624595469255663,0.6731391585760518,0.061488673139158574,0.26537216828478966,0.9029126213592233,0.006472491909385114,0.09061488673139159,
0.0,0.002,confounded,logger2_heavy,4,mechanism_separated,0.2750809061488673,0.2750809061488673,0.6310679611650486,0.07119741100323625,0.2977346278317152,0.9029126213592233,0.006472491909385114,0.09061488673139159,
0.0,0.002,confounded,logger2_heavy,4,oracle_u_aware,0.20388349514563106,0.20388349514563106,0.7152103559870551,0.05825242718446602,0.22653721682847897,0.9029126213592233,0.006472491909385114,0.09061488673139159,
0.0,0.002,confounded,logger2_heavy,4,source_shuffle,0.2815533980582524,0.2815533980582524,0.6310679611650486,0.0744336569579288,0.29449838187702265,0.9029126213592233,0.006472491909385114,0.09061488673139159,
0.0,0.002,confounded,logger2_heavy,4,no_behavior,0.313915857605178,0.313915857605178,0.6148867313915858,0.08090614886731391,0.3042071197411003,0.9029126213592233,0.006472491909385114,0.09061488673139159,
0.0,0.002,confounded,logger2_heavy,4,source_dependent_reward,0.2686084142394822,0.2686084142394822,0.6407766990291263,0.0970873786407767,0.2621359223300971,0.9029126213592233,0.006472491909385114,0.09061488673139159,
0.0,0.002,independent_latents,logger1_heavy,0,pooled_mlp,0.1941747572815534,0.1941747572815534,0.7216828478964401,0.08414239482200647,0.1941747572815534,0.9029126213592233,0.006472491909385114,0.09061488673139159,
0.0,0.002,independent_latents,logger1_heavy,0,source_balanced_pooled_mlp,0.23948220064724918,0.23948220064724918,0.6796116504854369,0.0970873786407767,0.22330097087378642,0.9029126213592233,0.006472491909385114,0.09061488673139159,
0.0,0.002,independent_latents,logger1_heavy,0,source_conditioned_decoder,0.16181229773462782,0.16181229773462782,0.7637540453074434,0.02912621359223301,0.20711974110032363,0.9029126213592233,0.006472491909385114,0.09061488673139159,
0.0,0.002,independent_latents,logger1_heavy,0,per_source_models,0.22006472491909385,0.22006472491909385,0.6893203883495146,0.07119741100323625,0.23948220064724918,0.9029126213592233,0.006472491909385114,0.09061488673139159,
0.0,0.002,independent_latents,logger1_heavy,0,mechanism_separated,0.2297734627831715,0.2297734627831715,0.6763754045307443,0.08090614886731391,0.24271844660194175,0.9029126213592233,0.006472491909385114,0.09061488673139159,
0.0,0.002,independent_latents,logger1_heavy,0,oracle_u_aware,0.18122977346278318,0.18122977346278318,0.7313915857605178,0.061488673139158574,0.20711974110032363,0.9029126213592233,0.006472491909385114,0.09061488673139159,
0.0,0.002,independent_latents,logger1_heavy,0,source_shuffle,0.27184466019417475,0.27184466019417475,0.6375404530744336,0.09385113268608414,0.2686084142394822,0.9029126213592233,0.006472491909385114,0.09061488673139159,
0.0,0.002,independent_latents,logger1_heavy,0,no_behavior,0.19093851132686085,0.19093851132686085,0.7184466019417476,0.05825242718446602,0.22330097087378642,0.9029126213592233,0.006472491909385114,0.09061488673139159,
0.0,0.002,independent_latents,logger1_heavy,0,source_dependent_reward,0.23300970873786409,0.23300970873786409,0.6796116504854369,0.06472491909385113,0.255663430420712,0.9029126213592233,0.006472491909385114,0.09061488673139159,
0.0,0.002,independent_latents,logger1_heavy,1,pooled_mlp,0.2168284789644013,0.2168284789644013,0.6957928802588996,0.09385113268608414,0.21035598705501618,0.9029126213592233,0.006472491909385114,0.09061488673139159,
0.0,0.002,independent_latents,logger1_heavy,1,source_balanced_pooled_mlp,0.2750809061488673,0.2750809061488673,0.6375404530744336,0.1262135922330097,0.23624595469255663,0.9029126213592233,0.006472491909385114,0.09061488673139159,
0.0,0.002,independent_latents,logger1_heavy,1,source_conditioned_decoder,0.16828478964401294,0.16828478964401294,0.7540453074433657,0.06796116504854369,0.1779935275080906,0.9029126213592233,0.006472491909385114,0.09061488673139159,
0.0,0.002,independent_latents,logger1_heavy,1,per_source_models,0.15857605177993528,0.15857605177993528,0.7540453074433657,0.05177993527508091,0.1941747572815534,0.9029126213592233,0.006472491909385114,0.09061488673139159,
0.0,0.002,independent_latents,logger1_heavy,1,mechanism_separated,0.24271844660194175,0.24271844660194175,0.6699029126213593,0.09061488673139159,0.23948220064724918,0.9029126213592233,0.006472491909385114,0.09061488673139159,
0.0,0.002,independent_latents,logger1_heavy,1,oracle_u_aware,0.15210355987055016,0.15210355987055016,0.7702265372168284,0.06796116504854369,0.16181229773462782,0.9029126213592233,0.006472491909385114,0.09061488673139159,
0.0,0.002,independent_latents,logger1_heavy,1,source_shuffle,0.21359223300970873,0.21359223300970873,0.6957928802588996,0.06472491909385113,0.23948220064724918,0.9029126213592233,0.006472491909385114,0.09061488673139159,
0.0,0.002,independent_latents,logger1_heavy,1,no_behavior,0.24919093851132687,0.24919093851132687,0.6634304207119741,0.09061488673139159,0.2459546925566343,0.9029126213592233,0.006472491909385114,0.09061488673139159,
0.0,0.002,independent_latents,logger1_heavy,1,source_dependent_reward,0.15857605177993528,0.15857605177993528,0.7637540453074434,0.03559870550161812,0.20064724919093851,0.9029126213592233,0.006472491909385114,0.09061488673139159,
0.0,0.002,independent_latents,logger1_heavy,2,pooled_mlp,0.26537216828478966,0.26537216828478966,0.6537216828478964,0.11326860841423948,0.23300970873786409,0.9029126213592233,0.006472491909385114,0.09061488673139159,
0.0,0.002,independent_latents,logger1_heavy,2,source_balanced_pooled_mlp,0.18122977346278318,0.18122977346278318,0.7346278317152104,0.061488673139158574,0.20388349514563106,0.9029126213592233,0.006472491909385114,0.09061488673139159,
0.0,0.002,independent_latents,logger1_heavy,2,source_conditioned_decoder,0.20711974110032363,0.20711974110032363,0.7022653721682848,0.04854368932038835,0.24919093851132687,0.9029126213592233,0.006472491909385114,0.09061488673139159,
0.0,0.002,independent_latents,logger1_heavy,2,per_source_models,0.18770226537216828,0.18770226537216828,0.7249190938511327,0.05177993527508091,0.22330097087378642,0.9029126213592233,0.006472491909385114,0.09061488673139159,
0.0,0.002,independent_latents,logger1_heavy,2,mechanism_separated,0.26537216828478966,0.26537216828478966,0.6601941747572816,0.10679611650485436,0.23300970873786409,0.9029126213592233,0.006472491909385114,0.09061488673139159,
0.0,0.002,independent_latents,logger1_heavy,2,oracle_u_aware,0.2621359223300971,0.2621359223300971,0.6472491909385113,0.07119741100323625,0.2815533980582524,0.9029126213592233,0.006472491909385114,0.09061488673139159,
0.0,0.002,independent_latents,logger1_heavy,2,source_shuffle,0.21035598705501618,0.21035598705501618,0.7055016181229773,0.09061488673139159,0.20388349514563106,0.9029126213592233,0.006472491909385114,0.09061488673139159,
0.0,0.002,independent_latents,logger1_heavy,2,no_behavior,0.26537216828478966,0.26537216828478966,0.6440129449838188,0.07766990291262135,0.2783171521035599,0.9029126213592233,0.006472491909385114,0.09061488673139159,
0.0,0.002,independent_latents,logger1_heavy,2,source_dependent_reward,0.20064724919093851,0.20064724919093851,0.7152103559870551,0.06472491909385113,0.22006472491909385,0.9029126213592233,0.006472491909385114,0.09061488673139159,
0.0,0.002,independent_latents,logger1_heavy,3,pooled_mlp,0.2524271844660194,0.2524271844660194,0.6537216828478964,0.0970873786407767,0.24919093851132687,0.9029126213592233,0.006472491909385114,0.09061488673139159,
0.0,0.002,independent_latents,logger1_heavy,3,source_balanced_pooled_mlp,0.20711974110032363,0.20711974110032363,0.6990291262135923,0.10032362459546926,0.20064724919093851,0.9029126213592233,0.006472491909385114,0.09061488673139159,
0.0,0.002,independent_latents,logger1_heavy,3,source_conditioned_decoder,0.2297734627831715,0.2297734627831715,0.6925566343042071,0.06796116504854369,0.23948220064724918,0.9029126213592233,0.006472491909385114,0.09061488673139159,
0.0,0.002,independent_latents,logger1_heavy,3,per_source_models,0.20711974110032363,0.20711974110032363,0.7022653721682848,0.05501618122977346,0.24271844660194175,0.9029126213592233,0.006472491909385114,0.09061488673139159,
0.0,0.002,independent_latents,logger1_heavy,3,mechanism_separated,0.22330097087378642,0.22330097087378642,0.6925566343042071,0.06796116504854369,0.23948220064724918,0.9029126213592233,0.006472491909385114,0.09061488673139159,
0.0,0.002,independent_latents,logger1_heavy,3,oracle_u_aware,0.24271844660194175,0.24271844660194175,0.6763754045307443,0.08737864077669903,0.23624595469255663,0.9029126213592233,0.006472491909385114,0.09061488673139159,
0.0,0.002,independent_latents,logger1_heavy,3,source_shuffle,0.3042071197411003,0.3042071197411003,0.6116504854368932,0.09061488673139159,0.2977346278317152,0.9029126213592233,0.006472491909385114,0.09061488673139159,
0.0,0.002,independent_latents,logger1_heavy,3,no_behavior,0.22653721682847897,0.22653721682847897,0.686084142394822,0.06472491909385113,0.24919093851132687,0.9029126213592233,0.006472491909385114,0.09061488673139159,
0.0,0.002,independent_latents,logger1_heavy,3,source_dependent_reward,0.16181229773462782,0.16181229773462782,0.7475728155339806,0.05825242718446602,0.1941747572815534,0.9029126213592233,0.006472491909385114,0.09061488673139159,
0.0,0.002,independent_latents,logger1_heavy,4,pooled_mlp,0.23948220064724918,0.23948220064724918,0.6699029126213593,0.10679611650485436,0.22330097087378642,0.9029126213592233,0.006472491909385114,0.09061488673139159,
0.0,0.002,independent_latents,logger1_heavy,4,source_balanced_pooled_mlp,0.20064724919093851,0.20064724919093851,0.7087378640776699,0.10679611650485436,0.18446601941747573,0.9029126213592233,0.006472491909385114,0.09061488673139159,
0.0,0.002,independent_latents,logger1_heavy,4,source_conditioned_decoder,0.20388349514563106,0.20388349514563106,0.7022653721682848,0.06796116504854369,0.2297734627831715,0.9029126213592233,0.006472491909385114,0.09061488673139159,
0.0,0.002,independent_latents,logger1_heavy,4,per_source_models,0.1553398058252427,0.1553398058252427,0.7637540453074434,0.032362459546925564,0.20388349514563106,0.9029126213592233,0.006472491909385114,0.09061488673139159,
0.0,0.002,independent_latents,logger1_heavy,4,mechanism_separated,0.21035598705501618,0.21035598705501618,0.7022653721682848,0.045307443365695796,0.2524271844660194,0.9029126213592233,0.006472491909385114,0.09061488673139159,
0.0,0.002,independent_latents,logger1_heavy,4,oracle_u_aware,0.255663430420712,0.255663430420712,0.6634304207119741,0.06796116504854369,0.2686084142394822,0.9029126213592233,0.006472491909385114,0.09061488673139159,
0.0,0.002,independent_latents,logger1_heavy,4,source_shuffle,0.22006472491909385,0.22006472491909385,0.6957928802588996,0.045307443365695796,0.2588996763754045,0.9029126213592233,0.006472491909385114,0.09061488673139159,
0.0,0.002,independent_latents,logger1_heavy,4,no_behavior,0.2459546925566343,0.2459546925566343,0.6699029126213593,0.05825242718446602,0.27184466019417475,0.9029126213592233,0.006472491909385114,0.09061488673139159,
0.0,0.002,independent_latents,logger1_heavy,4,source_dependent_reward,0.16181229773462782,0.16181229773462782,0.7443365695792881,0.042071197411003236,0.21359223300970873,0.9029126213592233,0.006472491909385114,0.09061488673139159,
0.0,0.002,independent_latents,logger12_balanced,0,pooled_mlp,0.23948220064724918,0.23948220064724918,0.6796116504854369,0.0970873786407767,0.22330097087378642,0.9029126213592233,0.006472491909385114,0.09061488673139159,
0.0,0.002,independent_latents,logger12_balanced,0,source_balanced_pooled_mlp,0.23948220064724918,0.23948220064724918,0.6796116504854369,0.0970873786407767,0.22330097087378642,0.9029126213592233,0.006472491909385114,0.09061488673139159,
0.0,0.002,independent_latents,logger12_balanced,0,source_conditioned_decoder,0.1715210355987055,0.1715210355987055,0.7508090614886731,0.08090614886731391,0.16828478964401294,0.9029126213592233,0.006472491909385114,0.09061488673139159,
0.0,0.002,independent_latents,logger12_balanced,0,per_source_models,0.1779935275080906,0.1779935275080906,0.7313915857605178,0.061488673139158574,0.20711974110032363,0.9029126213592233,0.006472491909385114,0.09061488673139159,
0.0,0.002,independent_latents,logger12_balanced,0,mechanism_separated,0.255663430420712,0.255663430420712,0.656957928802589,0.11650485436893204,0.22653721682847897,0.9029126213592233,0.006472491909385114,0.09061488673139159,
0.0,0.002,independent_latents,logger12_balanced,0,oracle_u_aware,0.21359223300970873,0.21359223300970873,0.6990291262135923,0.08414239482200647,0.2168284789644013,0.9029126213592233,0.006472491909385114,0.09061488673139159,
0.0,0.002,independent_latents,logger12_balanced,0,source_shuffle,0.19741100323624594,0.19741100323624594,0.7152103559870551,0.08090614886731391,0.20388349514563106,0.9029126213592233,0.006472491909385114,0.09061488673139159,
0.0,0.002,independent_latents,logger12_balanced,0,no_behavior,0.2588996763754045,0.2588996763754045,0.6504854368932039,0.09385113268608414,0.255663430420712,0.9029126213592233,0.006472491909385114,0.09061488673139159,
0.0,0.002,independent_latents,logger12_balanced,0,source_dependent_reward,0.1650485436893204,0.1650485436893204,0.7508090614886731,0.042071197411003236,0.20711974110032363,0.9029126213592233,0.006472491909385114,0.09061488673139159,
0.0,0.002,independent_latents,logger12_balanced,1,pooled_mlp,0.2750809061488673,0.2750809061488673,0.6375404530744336,0.1262135922330097,0.23624595469255663,0.9029126213592233,0.006472491909385114,0.09061488673139159,
0.0,0.002,independent_latents,logger12_balanced,1,source_balanced_pooled_mlp,0.2750809061488673,0.2750809061488673,0.6375404530744336,0.1262135922330097,0.23624595469255663,0.9029126213592233,0.006472491909385114,0.09061488673139159,
0.0,0.002,independent_latents,logger12_balanced,1,source_conditioned_decoder,0.255663430420712,0.255663430420712,0.6601941747572816,0.11326860841423948,0.22653721682847897,0.9029126213592233,0.006472491909385114,0.09061488673139159,
0.0,0.002,independent_latents,logger12_balanced,1,per_source_models,0.1488673139158576,0.1488673139158576,0.7637540453074434,0.05825242718446602,0.1779935275080906,0.9029126213592233,0.006472491909385114,0.09061488673139159,
0.0,0.002,independent_latents,logger12_balanced,1,mechanism_separated,0.24271844660194175,0.24271844660194175,0.6731391585760518,0.08737864077669903,0.23948220064724918,0.9029126213592233,0.006472491909385114,0.09061488673139159,
0.0,0.002,independent_latents,logger12_balanced,1,oracle_u_aware,0.20388349514563106,0.20388349514563106,0.7022653721682848,0.0744336569579288,0.22330097087378642,0.9029126213592233,0.006472491909385114,0.09061488673139159,
0.0,0.002,independent_latents,logger12_balanced,1,source_shuffle,0.21035598705501618,0.21035598705501618,0.7022653721682848,0.09061488673139159,0.20711974110032363,0.9029126213592233,0.006472491909385114,0.09061488673139159,
0.0,0.002,independent_latents,logger12_balanced,1,no_behavior,0.24919093851132687,0.24919093851132687,0.6634304207119741,0.0970873786407767,0.23948220064724918,0.9029126213592233,0.006472491909385114,0.09061488673139159,
0.0,0.002,independent_latents,logger12_balanced,1,source_dependent_reward,0.2297734627831715,0.2297734627831715,0.6925566343042071,0.05825242718446602,0.24919093851132687,0.9029126213592233,0.006472491909385114,0.09061488673139159,
0.0,0.002,independent_latents,logger12_balanced,2,pooled_mlp,0.18122977346278318,0.18122977346278318,0.7346278317152104,0.061488673139158574,0.20388349514563106,0.9029126213592233,0.006472491909385114,0.09061488673139159,
0.0,0.002,independent_latents,logger12_balanced,2,source_balanced_pooled_mlp,0.18122977346278318,0.18122977346278318,0.7346278317152104,0.061488673139158574,0.20388349514563106,0.9029126213592233,0.006472491909385114,0.09061488673139159,
0.0,0.002,independent_latents,logger12_balanced,2,source_conditioned_decoder,0.13915857605177995,0.13915857605177995,0.7669902912621359,0.06472491909385113,0.16828478964401294,0.9029126213592233,0.006472491909385114,0.09061488673139159,
0.0,0.002,independent_latents,logger12_balanced,2,per_source_models,0.1650485436893204,0.1650485436893204,0.7443365695792881,0.05177993527508091,0.20388349514563106,0.9029126213592233,0.006472491909385114,0.09061488673139159,
0.0,0.002,independent_latents,logger12_balanced,2,mechanism_separated,0.22653721682847897,0.22653721682847897,0.6828478964401294,0.08090614886731391,0.23624595469255663,0.9029126213592233,0.006472491909385114,0.09061488673139159,
0.0,0.002,independent_latents,logger12_balanced,2,oracle_u_aware,0.1941747572815534,0.1941747572815534,0.7152103559870551,0.05825242718446602,0.22653721682847897,0.9029126213592233,0.006472491909385114,0.09061488673139159,
0.0,0.002,independent_latents,logger12_balanced,2,source_shuffle,0.18770226537216828,0.18770226537216828,0.7378640776699029,0.05825242718446602,0.20388349514563106,0.9029126213592233,0.006472491909385114,0.09061488673139159,
0.0,0.002,independent_latents,logger12_balanced,2,no_behavior,0.24919093851132687,0.24919093851132687,0.6601941747572816,0.08414239482200647,0.255663430420712,0.9029126213592233,0.006472491909385114,0.09061488673139159,
0.0,0.002,independent_latents,logger12_balanced,2,source_dependent_reward,0.1941747572815534,0.1941747572815534,0.7216828478964401,0.05501618122977346,0.22330097087378642,0.9029126213592233,0.006472491909385114,0.09061488673139159,
0.0,0.002,independent_latents,logger12_balanced,3,pooled_mlp,0.20711974110032363,0.20711974110032363,0.6990291262135923,0.10032362459546926,0.20064724919093851,0.9029126213592233,0.006472491909385114,0.09061488673139159,
0.0,0.002,independent_latents,logger12_balanced,3,source_balanced_pooled_mlp,0.20711974110032363,0.20711974110032363,0.6990291262135923,0.10032362459546926,0.20064724919093851,0.9029126213592233,0.006472491909385114,0.09061488673139159,
0.0,0.002,independent_latents,logger12_balanced,3,source_conditioned_decoder,0.1715210355987055,0.1715210355987055,0.7572815533980582,0.061488673139158574,0.18122977346278318,0.9029126213592233,0.006472491909385114,0.09061488673139159,
0.0,0.002,independent_latents,logger12_balanced,3,per_source_models,0.20064724919093851,0.20064724919093851,0.7087378640776699,0.08414239482200647,0.20711974110032363,0.9029126213592233,0.006472491909385114,0.09061488673139159,
0.0,0.002,independent_latents,logger12_balanced,3,mechanism_separated,0.23624595469255663,0.23624595469255663,0.6828478964401294,0.09385113268608414,0.22330097087378642,0.9029126213592233,0.006472491909385114,0.09061488673139159,
0.0,0.002,independent_latents,logger12_balanced,3,oracle_u_aware,0.17475728155339806,0.17475728155339806,0.7443365695792881,0.05501618122977346,0.20064724919093851,0.9029126213592233,0.006472491909385114,0.09061488673139159,
0.0,0.002,independent_latents,logger12_balanced,3,source_shuffle,0.22006472491909385,0.22006472491909385,0.6990291262135923,0.08414239482200647,0.2168284789644013,0.9029126213592233,0.006472491909385114,0.09061488673139159,
0.0,0.002,independent_latents,logger12_balanced,3,no_behavior,0.23300970873786409,0.23300970873786409,0.6925566343042071,0.08737864077669903,0.22006472491909385,0.9029126213592233,0.006472491909385114,0.09061488673139159,
0.0,0.002,independent_latents,logger12_balanced,3,source_dependent_reward,0.1553398058252427,0.1553398058252427,0.7508090614886731,0.061488673139158574,0.18770226537216828,0.9029126213592233,0.006472491909385114,0.09061488673139159,
0.0,0.002,independent_latents,logger12_balanced,4,pooled_mlp,0.20064724919093851,0.20064724919093851,0.7087378640776699,0.10679611650485436,0.18446601941747573,0.9029126213592233,0.006472491909385114,0.09061488673139159,
0.0,0.002,independent_latents,logger12_balanced,4,source_balanced_pooled_mlp,0.20064724919093851,0.20064724919093851,0.7087378640776699,0.10679611650485436,0.18446601941747573,0.9029126213592233,0.006472491909385114,0.09061488673139159,
0.0,0.002,independent_latents,logger12_balanced,4,source_conditioned_decoder,0.1715210355987055,0.1715210355987055,0.7443365695792881,0.06472491909385113,0.19093851132686085,0.9029126213592233,0.006472491909385114,0.09061488673139159,
0.0,0.002,independent_latents,logger12_balanced,4,per_source_models,0.12944983818770225,0.12944983818770225,0.7831715210355987,0.042071197411003236,0.17475728155339806,0.9029126213592233,0.006472491909385114,0.09061488673139159,
0.0,0.002,independent_latents,logger12_balanced,4,mechanism_separated,0.18770226537216828,0.18770226537216828,0.7313915857605178,0.05501618122977346,0.21359223300970873,0.9029126213592233,0.006472491909385114,0.09061488673139159,
0.0,0.002,independent_latents,logger12_balanced,4,oracle_u_aware,0.18122977346278318,0.18122977346278318,0.7281553398058253,0.045307443365695796,0.22653721682847897,0.9029126213592233,0.006472491909385114,0.09061488673139159,
0.0,0.002,independent_latents,logger12_balanced,4,source_shuffle,0.22006472491909385,0.22006472491909385,0.7055016181229773,0.0744336569579288,0.22006472491909385,0.9029126213592233,0.006472491909385114,0.09061488673139159,
0.0,0.002,independent_latents,logger12_balanced,4,no_behavior,0.2524271844660194,0.2524271844660194,0.6634304207119741,0.08090614886731391,0.255663430420712,0.9029126213592233,0.006472491909385114,0.09061488673139159,
0.0,0.002,independent_latents,logger12_balanced,4,source_dependent_reward,0.15210355987055016,0.15210355987055016,0.7572815533980582,0.038834951456310676,0.20388349514563106,0.9029126213592233,0.006472491909385114,0.09061488673139159,
0.0,0.002,independent_latents,logger2_heavy,0,pooled_mlp,0.2524271844660194,0.2524271844660194,0.6828478964401294,0.10679611650485436,0.21035598705501618,0.9029126213592233,0.006472491909385114,0.09061488673139159,
0.0,0.002,independent_latents,logger2_heavy,0,source_balanced_pooled_mlp,0.23948220064724918,0.23948220064724918,0.6796116504854369,0.0970873786407767,0.22330097087378642,0.9029126213592233,0.006472491909385114,0.09061488673139159,
0.0,0.002,independent_latents,logger2_heavy,0,source_conditioned_decoder,0.2297734627831715,0.2297734627831715,0.6925566343042071,0.06472491909385113,0.24271844660194175,0.9029126213592233,0.006472491909385114,0.09061488673139159,
0.0,0.002,independent_latents,logger2_heavy,0,per_source_models,0.15857605177993528,0.15857605177993528,0.7540453074433657,0.06472491909385113,0.18122977346278318,0.9029126213592233,0.006472491909385114,0.09061488673139159,
0.0,0.002,independent_latents,logger2_heavy,0,mechanism_separated,0.19741100323624594,0.19741100323624594,0.7184466019417476,0.08414239482200647,0.19741100323624594,0.9029126213592233,0.006472491909385114,0.09061488673139159,
0.0,0.002,independent_latents,logger2_heavy,0,oracle_u_aware,0.17475728155339806,0.17475728155339806,0.7378640776699029,0.08090614886731391,0.18122977346278318,0.9029126213592233,0.006472491909385114,0.09061488673139159,
0.0,0.002,independent_latents,logger2_heavy,0,source_shuffle,0.23300970873786409,0.23300970873786409,0.6893203883495146,0.07119741100323625,0.24271844660194175,0.9029126213592233,0.006472491909385114,0.09061488673139159,
0.0,0.002,independent_latents,logger2_heavy,0,no_behavior,0.20388349514563106,0.20388349514563106,0.7055016181229773,0.08414239482200647,0.21035598705501618,0.9029126213592233,0.006472491909385114,0.09061488673139159,
0.0,0.002,independent_latents,logger2_heavy,0,source_dependent_reward,0.2168284789644013,0.2168284789644013,0.6957928802588996,0.07766990291262135,0.22653721682847897,0.9029126213592233,0.006472491909385114,0.09061488673139159,
0.0,0.002,independent_latents,logger2_heavy,1,pooled_mlp,0.19741100323624594,0.19741100323624594,0.7152103559870551,0.05501618122977346,0.2297734627831715,0.9029126213592233,0.006472491909385114,0.09061488673139159,
0.0,0.002,independent_latents,logger2_heavy,1,source_balanced_pooled_mlp,0.2750809061488673,0.2750809061488673,0.6375404530744336,0.1262135922330097,0.23624595469255663,0.9029126213592233,0.006472491909385114,0.09061488673139159,
0.0,0.002,independent_latents,logger2_heavy,1,source_conditioned_decoder,0.3074433656957929,0.3074433656957929,0.6019417475728155,0.10032362459546926,0.2977346278317152,0.9029126213592233,0.006472491909385114,0.09061488673139159,
0.0,0.002,independent_latents,logger2_heavy,1,per_source_models,0.13915857605177995,0.13915857605177995,0.7669902912621359,0.05177993527508091,0.18122977346278318,0.9029126213592233,0.006472491909385114,0.09061488673139159,
0.0,0.002,independent_latents,logger2_heavy,1,mechanism_separated,0.3042071197411003,0.3042071197411003,0.6019417475728155,0.11326860841423948,0.284789644012945,0.9029126213592233,0.006472491909385114,0.09061488673139159,
0.0,0.002,independent_latents,logger2_heavy,1,oracle_u_aware,0.11650485436893204,0.11650485436893204,0.8058252427184466,0.05177993527508091,0.1423948220064725,0.9029126213592233,0.006472491909385114,0.09061488673139159,
0.0,0.002,independent_latents,logger2_heavy,1,source_shuffle,0.22653721682847897,0.22653721682847897,0.6796116504854369,0.0970873786407767,0.22330097087378642,0.9029126213592233,0.006472491909385114,0.09061488673139159,
0.0,0.002,independent_latents,logger2_heavy,1,no_behavior,0.19093851132686085,0.19093851132686085,0.7281553398058253,0.07119741100323625,0.20064724919093851,0.9029126213592233,0.006472491909385114,0.09061488673139159,
0.0,0.002,independent_latents,logger2_heavy,1,source_dependent_reward,0.16828478964401294,0.16828478964401294,0.7508090614886731,0.05825242718446602,0.19093851132686085,0.9029126213592233,0.006472491909385114,0.09061488673139159,
0.0,0.002,independent_latents,logger2_heavy,2,pooled_mlp,0.16828478964401294,0.16828478964401294,0.7475728155339806,0.0744336569579288,0.1779935275080906,0.9029126213592233,0.006472491909385114,0.09061488673139159,
0.0,0.002,independent_latents,logger2_heavy,2,source_balanced_pooled_mlp,0.18122977346278318,0.18122977346278318,0.7346278317152104,0.061488673139158574,0.20388349514563106,0.9029126213592233,0.006472491909385114,0.09061488673139159,
0.0,0.002,independent_latents,logger2_heavy,2,source_conditioned_decoder,0.15210355987055016,0.15210355987055016,0.7572815533980582,0.06796116504854369,0.17475728155339806,0.9029126213592233,0.006472491909385114,0.09061488673139159,
0.0,0.002,independent_latents,logger2_heavy,2,per_source_models,0.1779935275080906,0.1779935275080906,0.7313915857605178,0.045307443365695796,0.22330097087378642,0.9029126213592233,0.006472491909385114,0.09061488673139159,
0.0,0.002,independent_latents,logger2_heavy,2,mechanism_separated,0.2686084142394822,0.2686084142394822,0.6472491909385113,0.11326860841423948,0.23948220064724918,0.9029126213592233,0.006472491909385114,0.09061488673139159,
0.0,0.002,independent_latents,logger2_heavy,2,oracle_u_aware,0.1715210355987055,0.1715210355987055,0.7443365695792881,0.05825242718446602,0.19741100323624594,0.9029126213592233,0.006472491909385114,0.09061488673139159,
0.0,0.002,independent_latents,logger2_heavy,2,source_shuffle,0.20711974110032363,0.20711974110032363,0.7184466019417476,0.08090614886731391,0.20064724919093851,0.9029126213592233,0.006472491909385114,0.09061488673139159,
0.0,0.002,independent_latents,logger2_heavy,2,no_behavior,0.18122977346278318,0.18122977346278318,0.7411003236245954,0.05501618122977346,0.20388349514563106,0.9029126213592233,0.006472491909385114,0.09061488673139159,
0.0,0.002,independent_latents,logger2_heavy,2,source_dependent_reward,0.18770226537216828,0.18770226537216828,0.7184466019417476,0.06796116504854369,0.21359223300970873,0.9029126213592233,0.006472491909385114,0.09061488673139159,
0.0,0.002,independent_latents,logger2_heavy,3,pooled_mlp,0.2524271844660194,0.2524271844660194,0.6666666666666666,0.07766990291262135,0.255663430420712,0.9029126213592233,0.006472491909385114,0.09061488673139159,
0.0,0.002,independent_latents,logger2_heavy,3,source_balanced_pooled_mlp,0.20711974110032363,0.20711974110032363,0.6990291262135923,0.10032362459546926,0.20064724919093851,0.9029126213592233,0.006472491909385114,0.09061488673139159,
0.0,0.002,independent_latents,logger2_heavy,3,source_conditioned_decoder,0.2168284789644013,0.2168284789644013,0.6990291262135923,0.07766990291262135,0.22330097087378642,0.9029126213592233,0.006472491909385114,0.09061488673139159,
0.0,0.002,independent_latents,logger2_heavy,3,per_source_models,0.20711974110032363,0.20711974110032363,0.7055016181229773,0.06796116504854369,0.22653721682847897,0.9029126213592233,0.006472491909385114,0.09061488673139159,
0.0,0.002,independent_latents,logger2_heavy,3,mechanism_separated,0.20711974110032363,0.20711974110032363,0.7087378640776699,0.07766990291262135,0.21359223300970873,0.9029126213592233,0.006472491909385114,0.09061488673139159,
0.0,0.002,independent_latents,logger2_heavy,3,oracle_u_aware,0.2297734627831715,0.2297734627831715,0.6828478964401294,0.08414239482200647,0.23300970873786409,0.9029126213592233,0.006472491909385114,0.09061488673139159,
0.0,0.002,independent_latents,logger2_heavy,3,source_shuffle,0.20388349514563106,0.20388349514563106,0.7087378640776699,0.0744336569579288,0.2168284789644013,0.9029126213592233,0.006472491909385114,0.09061488673139159,
0.0,0.002,independent_latents,logger2_heavy,3,no_behavior,0.2168284789644013,0.2168284789644013,0.6990291262135923,0.07119741100323625,0.2297734627831715,0.9029126213592233,0.006472491909385114,0.09061488673139159,
0.0,0.002,independent_latents,logger2_heavy,3,source_dependent_reward,0.20064724919093851,0.20064724919093851,0.7087378640776699,0.061488673139158574,0.2297734627831715,0.9029126213592233,0.006472491909385114,0.09061488673139159,
0.0,0.002,independent_latents,logger2_heavy,4,pooled_mlp,0.19093851132686085,0.19093851132686085,0.7216828478964401,0.06796116504854369,0.21035598705501618,0.9029126213592233,0.006472491909385114,0.09061488673139159,
0.0,0.002,independent_latents,logger2_heavy,4,source_balanced_pooled_mlp,0.20064724919093851,0.20064724919093851,0.7087378640776699,0.10679611650485436,0.18446601941747573,0.9029126213592233,0.006472491909385114,0.09061488673139159,
0.0,0.002,independent_latents,logger2_heavy,4,source_conditioned_decoder,0.16828478964401294,0.16828478964401294,0.7572815533980582,0.04854368932038835,0.1941747572815534,0.9029126213592233,0.006472491909385114,0.09061488673139159,
0.0,0.002,independent_latents,logger2_heavy,4,per_source_models,0.13268608414239483,0.13268608414239483,0.7766990291262136,0.038834951456310676,0.18446601941747573,0.9029126213592233,0.006472491909385114,0.09061488673139159,
0.0,0.002,independent_latents,logger2_heavy,4,mechanism_separated,0.23300970873786409,0.23300970873786409,0.6796116504854369,0.06796116504854369,0.2524271844660194,0.9029126213592233,0.006472491909385114,0.09061488673139159,
0.0,0.002,independent_latents,logger2_heavy,4,oracle_u_aware,0.21359223300970873,0.21359223300970873,0.6957928802588996,0.05825242718446602,0.2459546925566343,0.9029126213592233,0.006472491909385114,0.09061488673139159,
0.0,0.002,independent_latents,logger2_heavy,4,source_shuffle,0.18122977346278318,0.18122977346278318,0.7313915857605178,0.042071197411003236,0.22653721682847897,0.9029126213592233,0.006472491909385114,0.09061488673139159,
0.0,0.002,independent_latents,logger2_heavy,4,no_behavior,0.2297734627831715,0.2297734627831715,0.686084142394822,0.06472491909385113,0.24919093851132687,0.9029126213592233,0.006472491909385114,0.09061488673139159,
0.0,0.002,independent_latents,logger2_heavy,4,source_dependent_reward,0.2297734627831715,0.2297734627831715,0.6796116504854369,0.08737864077669903,0.23300970873786409,0.9029126213592233,0.006472491909385114,0.09061488673139159,
0.0,0.005,confounded,logger1_heavy,0,pooled_mlp,0.49514563106796117,0.49514563106796117,0.4174757281553398,0.1262135922330097,0.4563106796116505,0.9029126213592233,0.006472491909385114,0.09061488673139159,
0.0,0.005,confounded,logger1_heavy,0,source_balanced_pooled_mlp,0.43042071197411,0.43042071197411,0.47572815533980584,0.11974110032362459,0.4045307443365696,0.9029126213592233,0.006472491909385114,0.09061488673139159,
0.0,0.005,confounded,logger1_heavy,0,source_conditioned_decoder,0.47572815533980584,0.47572815533980584,0.4401294498381877,0.10679611650485436,0.45307443365695793,0.9029126213592233,0.006472491909385114,0.09061488673139159,
0.0,0.005,confounded,logger1_heavy,0,per_source_models,0.34951456310679613,0.34951456310679613,0.5598705501618123,0.061488673139158574,0.3786407766990291,0.9029126213592233,0.006472491909385114,0.09061488673139159,
0.0,0.005,confounded,logger1_heavy,0,mechanism_separated,0.517799352750809,0.517799352750809,0.39158576051779936,0.10355987055016182,0.5048543689320388,0.9029126213592233,0.006472491909385114,0.09061488673139159,
0.0,0.005,confounded,logger1_heavy,0,oracle_u_aware,0.30097087378640774,0.30097087378640774,0.6084142394822006,0.10355987055016182,0.28802588996763756,0.9029126213592233,0.006472491909385114,0.09061488673139159,
0.0,0.005,confounded,logger1_heavy,0,source_shuffle,0.5242718446601942,0.5242718446601942,0.3851132686084142,0.10355987055016182,0.511326860841424,0.9029126213592233,0.006472491909385114,0.09061488673139159,
0.0,0.005,confounded,logger1_heavy,0,no_behavior,0.5436893203883495,0.5436893203883495,0.3656957928802589,0.0744336569579288,0.5598705501618123,0.9029126213592233,0.006472491909385114,0.09061488673139159,
0.0,0.005,confounded,logger1_heavy,0,source_dependent_reward,0.49514563106796117,0.49514563106796117,0.41423948220064727,0.10355987055016182,0.48220064724919093,0.9029126213592233,0.006472491909385114,0.09061488673139159,
0.0,0.005,confounded,logger1_heavy,1,pooled_mlp,0.42071197411003236,0.42071197411003236,0.4854368932038835,0.10679611650485436,0.4077669902912621,0.9029126213592233,0.006472491909385114,0.09061488673139159,
0.0,0.005,confounded,logger1_heavy,1,source_balanced_pooled_mlp,0.4336569579288026,0.4336569579288026,0.47572815533980584,0.08414239482200647,0.4401294498381877,0.9029126213592233,0.006472491909385114,0.09061488673139159,
0.0,0.005,confounded,logger1_heavy,1,source_conditioned_decoder,0.4368932038834951,0.4368932038834951,0.47249190938511326,0.09061488673139159,0.4368932038834951,0.9029126213592233,0.006472491909385114,0.09061488673139159,
0.0,0.005,confounded,logger1_heavy,1,per_source_models,0.3365695792880259,0.3365695792880259,0.5728155339805825,0.08090614886731391,0.34627831715210355,0.9029126213592233,0.006472491909385114,0.09061488673139159,
0.0,0.005,confounded,logger1_heavy,1,mechanism_separated,0.44660194174757284,0.44660194174757284,0.4627831715210356,0.12944983818770225,0.4077669902912621,0.9029126213592233,0.006472491909385114,0.09061488673139159,
0.0,0.005,confounded,logger1_heavy,1,oracle_u_aware,0.313915857605178,0.313915857605178,0.5922330097087378,0.11974110032362459,0.28802588996763756,0.9029126213592233,0.006472491909385114,0.09061488673139159,
0.0,0.005,confounded,logger1_heavy,1,source_shuffle,0.49514563106796117,0.49514563106796117,0.41423948220064727,0.1262135922330097,0.459546925566343,0.9029126213592233,0.006472491909385114,0.09061488673139159,
0.0,0.005,confounded,logger1_heavy,1,no_behavior,0.459546925566343,0.459546925566343,0.44983818770226536,0.10032362459546926,0.44983818770226536,0.9029126213592233,0.006472491909385114,0.09061488673139159,
0.0,0.005,confounded,logger1_heavy,1,source_dependent_reward,0.3883495145631068,0.3883495145631068,0.5275080906148867,0.08414239482200647,0.3883495145631068,0.9029126213592233,0.006472491909385114,0.09061488673139159,
0.0,0.005,confounded,logger1_heavy,2,pooled_mlp,0.5566343042071198,0.5566343042071198,0.3559870550161812,0.1553398058252427,0.4886731391585761,0.9029126213592233,0.006472491909385114,0.09061488673139159,
0.0,0.005,confounded,logger1_heavy,2,source_balanced_pooled_mlp,0.48220064724919093,0.48220064724919093,0.42718446601941745,0.1423948220064725,0.43042071197411,0.9029126213592233,0.006472491909385114,0.09061488673139159,
0.0,0.005,confounded,logger1_heavy,2,source_conditioned_decoder,0.47572815533980584,0.47249190938511326,0.4368932038834951,0.09061488673139159,0.47572815533980584,0.9029126213592233,0.006472491909385114,0.09061488673139159,
0.0,0.005,confounded,logger1_heavy,2,per_source_models,0.47572815533980584,0.47572815533980584,0.4336569579288026,0.13268608414239483,0.4336569579288026,0.9029126213592233,0.006472491909385114,0.09061488673139159,
0.0,0.005,confounded,logger1_heavy,2,mechanism_separated,0.5436893203883495,0.5436893203883495,0.3656957928802589,0.10679611650485436,0.5275080906148867,0.9029126213592233,0.006472491909385114,0.09061488673139159,
0.0,0.005,confounded,logger1_heavy,2,oracle_u_aware,0.23300970873786409,0.23300970873786409,0.6893203883495146,0.07119741100323625,0.23948220064724918,0.9029126213592233,0.006472491909385114,0.09061488673139159,
0.0,0.005,confounded,logger1_heavy,2,source_shuffle,0.540453074433657,0.540453074433657,0.36893203883495146,0.11650485436893204,0.5145631067961165,0.9029126213592233,0.006472491909385114,0.09061488673139159,
0.0,0.005,confounded,logger1_heavy,2,no_behavior,0.5145631067961165,0.5145631067961165,0.3948220064724919,0.09385113268608414,0.511326860841424,0.9029126213592233,0.006472491909385114,0.09061488673139159,
0.0,0.005,confounded,logger1_heavy,2,source_dependent_reward,0.3883495145631068,0.3883495145631068,0.5210355987055016,0.10679611650485436,0.37216828478964403,0.9029126213592233,0.006472491909385114,0.09061488673139159,
0.0,0.005,confounded,logger1_heavy,3,pooled_mlp,0.48220064724919093,0.48220064724919093,0.42394822006472493,0.10355987055016182,0.47249190938511326,0.9029126213592233,0.006472491909385114,0.09061488673139159,
0.0,0.005,confounded,logger1_heavy,3,source_balanced_pooled_mlp,0.44336569579288027,0.44336569579288027,0.46601941747572817,0.11003236245954692,0.42718446601941745,0.9029126213592233,0.006472491909385114,0.09061488673139159,
0.0,0.005,confounded,logger1_heavy,3,source_conditioned_decoder,0.3818770226537217,0.3818770226537217,0.5275080906148867,0.07766990291262135,0.3948220064724919,0.9029126213592233,0.006472491909385114,0.09061488673139159,
0.0,0.005,confounded,logger1_heavy,3,per_source_models,0.4110032362459547,0.4110032362459547,0.49838187702265374,0.10679611650485436,0.3948220064724919,0.9029126213592233,0.006472491909385114,0.09061488673139159,
0.0,0.005,confounded,logger1_heavy,3,mechanism_separated,0.4886731391585761,0.4886731391585761,0.42718446601941745,0.11326860841423948,0.459546925566343,0.9029126213592233,0.006472491909385114,0.09061488673139159,
0.0,0.005,confounded,logger1_heavy,3,oracle_u_aware,0.20711974110032363,0.20711974110032363,0.7119741100323624,0.07766990291262135,0.21035598705501618,0.9029126213592233,0.006472491909385114,0.09061488673139159,
0.0,0.005,confounded,logger1_heavy,3,source_shuffle,0.39805825242718446,0.39805825242718446,0.517799352750809,0.11650485436893204,0.3656957928802589,0.9029126213592233,0.006472491909385114,0.09061488673139159,
0.0,0.005,confounded,logger1_heavy,3,no_behavior,0.4854368932038835,0.4854368932038835,0.42718446601941745,0.08414239482200647,0.4886731391585761,0.9029126213592233,0.006472491909385114,0.09061488673139159,
0.0,0.005,confounded,logger1_heavy,3,source_dependent_reward,0.47249190938511326,0.47249190938511326,0.4368932038834951,0.10032362459546926,0.4627831715210356,0.9029126213592233,0.006472491909385114,0.09061488673139159,
0.0,0.005,confounded,logger1_heavy,4,pooled_mlp,0.5501618122977346,0.5501618122977346,0.3592233009708738,0.10355987055016182,0.5372168284789643,0.9029126213592233,0.006472491909385114,0.09061488673139159,
0.0,0.005,confounded,logger1_heavy,4,source_balanced_pooled_mlp,0.46601941747572817,0.46601941747572817,0.44336569579288027,0.11003236245954692,0.44660194174757284,0.9029126213592233,0.006472491909385114,0.09061488673139159,
0.0,0.005,confounded,logger1_heavy,4,source_conditioned_decoder,0.49514563106796117,0.49514563106796117,0.41423948220064727,0.10032362459546926,0.4854368932038835,0.9029126213592233,0.006472491909385114,0.09061488673139159,
0.0,0.005,confounded,logger1_heavy,4,per_source_models,0.4045307443365696,0.4045307443365696,0.5048543689320388,0.09061488673139159,0.4045307443365696,0.9029126213592233,0.006472491909385114,0.09061488673139159,
0.0,0.005,confounded,logger1_heavy,4,mechanism_separated,0.48220064724919093,0.48220064724919093,0.42718446601941745,0.10679611650485436,0.46601941747572817,0.9029126213592233,0.006472491909385114,0.09061488673139159,
0.0,0.005,confounded,logger1_heavy,4,oracle_u_aware,0.284789644012945,0.284789644012945,0.6699029126213593,0.05825242718446602,0.27184466019417475,0.9029126213592233,0.006472491909385114,0.09061488673139159,
0.0,0.005,confounded,logger1_heavy,4,source_shuffle,0.4886731391585761,0.4886731391585761,0.42071197411003236,0.08414239482200647,0.49514563106796117,0.9029126213592233,0.006472491909385114,0.09061488673139159,
0.0,0.005,confounded,logger1_heavy,4,no_behavior,0.4627831715210356,0.4627831715210356,0.44660194174757284,0.08090614886731391,0.47249190938511326,0.9029126213592233,0.006472491909385114,0.09061488673139159,
0.0,0.005,confounded,logger1_heavy,4,source_dependent_reward,0.4401294498381877,0.4401294498381877,0.4692556634304207,0.09061488673139159,0.44336569579288027,0.9029126213592233,0.006472491909385114,0.09061488673139159,
0.0,0.005,confounded,logger12_balanced,0,pooled_mlp,0.43042071197411,0.43042071197411,0.47572815533980584,0.11974110032362459,0.4045307443365696,0.9029126213592233,0.006472491909385114,0.09061488673139159,0.0
0.0,0.005,confounded,logger12_balanced,0,source_balanced_pooled_mlp,0.43042071197411,0.43042071197411,0.47572815533980584,0.11974110032362459,0.4045307443365696,0.9029126213592233,0.006472491909385114,0.09061488673139159,0.0
0.0,0.005,confounded,logger12_balanced,0,source_conditioned_decoder,0.5145631067961165,0.5145631067961165,0.3948220064724919,0.0970873786407767,0.5080906148867314,0.9029126213592233,0.006472491909385114,0.09061488673139159,0.0
0.0,0.005,confounded,logger12_balanced,0,per_source_models,0.3948220064724919,0.3948220064724919,0.5145631067961165,0.08737864077669903,0.39805825242718446,0.9029126213592233,0.006472491909385114,0.09061488673139159,0.0
0.0,0.005,confounded,logger12_balanced,0,mechanism_separated,0.511326860841424,0.511326860841424,0.39805825242718446,0.13592233009708737,0.46601941747572817,0.9029126213592233,0.006472491909385114,0.09061488673139159,0.0
0.0,0.005,confounded,logger12_balanced,0,oracle_u_aware,0.21035598705501618,0.21035598705501618,0.7055016181229773,0.061488673139158574,0.23300970873786409,0.9029126213592233,0.006472491909385114,0.09061488673139159,0.0
0.0,0.005,confounded,logger12_balanced,0,source_shuffle,0.47896440129449835,0.47896440129449835,0.43042071197411,0.08737864077669903,0.48220064724919093,0.9029126213592233,0.006472491909385114,0.09061488673139159,0.0
0.0,0.005,confounded,logger12_balanced,0,no_behavior,0.4110032362459547,0.4110032362459547,0.49838187702265374,0.10679611650485436,0.3948220064724919,0.9029126213592233,0.006472491909385114,0.09061488673139159,0.0
0.0,0.005,confounded,logger12_balanced,0,source_dependent_reward,0.4692556634304207,0.4692556634304207,0.4401294498381877,0.10679611650485436,0.45307443365695793,0.9029126213592233,0.006472491909385114,0.09061488673139159,0.0
0.0,0.005,confounded,logger12_balanced,1,pooled_mlp,0.4336569579288026,0.4336569579288026,0.47572815533980584,0.08414239482200647,0.4401294498381877,0.9029126213592233,0.006472491909385114,0.09061488673139159,0.0
0.0,0.005,confounded,logger12_balanced,1,source_balanced_pooled_mlp,0.4336569579288026,0.4336569579288026,0.47572815533980584,0.08414239482200647,0.4401294498381877,0.9029126213592233,0.006472491909385114,0.09061488673139159,0.0
0.0,0.005,confounded,logger12_balanced,1,source_conditioned_decoder,0.4077669902912621,0.4077669902912621,0.5016181229773463,0.07119741100323625,0.42718446601941745,0.9029126213592233,0.006472491909385114,0.09061488673139159,0.0
0.0,0.005,confounded,logger12_balanced,1,per_source_models,0.42071197411003236,0.42071197411003236,0.4886731391585761,0.08090614886731391,0.43042071197411,0.9029126213592233,0.006472491909385114,0.09061488673139159,0.0
0.0,0.005,confounded,logger12_balanced,1,mechanism_separated,0.47572815533980584,0.47572815533980584,0.4336569579288026,0.10355987055016182,0.4627831715210356,0.9029126213592233,0.006472491909385114,0.09061488673139159,0.0
0.0,0.005,confounded,logger12_balanced,1,oracle_u_aware,0.19741100323624594,0.19741100323624594,0.7087378640776699,0.0744336569579288,0.2168284789644013,0.9029126213592233,0.006472491909385114,0.09061488673139159,0.0
0.0,0.005,confounded,logger12_balanced,1,source_shuffle,0.4401294498381877,0.4401294498381877,0.4692556634304207,0.10032362459546926,0.43042071197411,0.9029126213592233,0.006472491909385114,0.09061488673139159,0.0
0.0,0.005,confounded,logger12_balanced,1,no_behavior,0.5080906148867314,0.5080906148867314,0.40129449838187703,0.11003236245954692,0.4886731391585761,0.9029126213592233,0.006472491909385114,0.09061488673139159,0.0
0.0,0.005,confounded,logger12_balanced,1,source_dependent_reward,0.40129449838187703,0.40129449838187703,0.511326860841424,0.09385113268608414,0.3948220064724919,0.9029126213592233,0.006472491909385114,0.09061488673139159,0.0
0.0,0.005,confounded,logger12_balanced,2,pooled_mlp,0.48220064724919093,0.48220064724919093,0.42718446601941745,0.1423948220064725,0.43042071197411,0.9029126213592233,0.006472491909385114,0.09061488673139159,0.0
0.0,0.005,confounded,logger12_balanced,2,source_balanced_pooled_mlp,0.48220064724919093,0.48220064724919093,0.42718446601941745,0.1423948220064725,0.43042071197411,0.9029126213592233,0.006472491909385114,0.09061488673139159,0.0
0.0,0.005,confounded,logger12_balanced,2,source_conditioned_decoder,0.3948220064724919,0.3948220064724919,0.5145631067961165,0.11650485436893204,0.36893203883495146,0.9029126213592233,0.006472491909385114,0.09061488673139159,0.0
0.0,0.005,confounded,logger12_balanced,2,per_source_models,0.41423948220064727,0.41423948220064727,0.49514563106796117,0.11326860841423948,0.39158576051779936,0.9029126213592233,0.006472491909385114,0.09061488673139159,0.0
0.0,0.005,confounded,logger12_balanced,2,mechanism_separated,0.4110032362459547,0.4110032362459547,0.49838187702265374,0.13915857605177995,0.36245954692556637,0.9029126213592233,0.006472491909385114,0.09061488673139159,0.0
0.0,0.005,confounded,logger12_balanced,2,oracle_u_aware,0.23300970873786409,0.23300970873786409,0.6796116504854369,0.08414239482200647,0.23624595469255663,0.9029126213592233,0.006472491909385114,0.09061488673139159,0.0
0.0,0.005,confounded,logger12_balanced,2,source_shuffle,0.48220064724919093,0.48220064724919093,0.42394822006472493,0.11650485436893204,0.459546925566343,0.9029126213592233,0.006472491909385114,0.09061488673139159,0.0
0.0,0.005,confounded,logger12_balanced,2,no_behavior,0.3559870550161812,0.3559870550161812,0.5533980582524272,0.10679611650485436,0.33980582524271846,0.9029126213592233,0.006472491909385114,0.09061488673139159,0.0
0.0,0.005,confounded,logger12_balanced,2,source_dependent_reward,0.4174757281553398,0.4174757281553398,0.4919093851132686,0.08090614886731391,0.42718446601941745,0.9029126213592233,0.006472491909385114,0.09061488673139159,0.0
0.0,0.005,confounded,logger12_balanced,3,pooled_mlp,0.44336569579288027,0.44336569579288027,0.46601941747572817,0.11003236245954692,0.42718446601941745,0.9029126213592233,0.006472491909385114,0.09061488673139159,0.0
0.0,0.005,confounded,logger12_balanced,3,source_balanced_pooled_mlp,0.44336569579288027,0.44336569579288027,0.46601941747572817,0.11003236245954692,0.42718446601941745,0.9029126213592233,0.006472491909385114,0.09061488673139159,0.0
0.0,0.005,confounded,logger12_balanced,3,source_conditioned_decoder,0.4174757281553398,0.4174757281553398,0.49838187702265374,0.13268608414239483,0.36893203883495146,0.9029126213592233,0.006472491909385114,0.09061488673139159,0.0
0.0,0.005,confounded,logger12_balanced,3,per_source_models,0.39805825242718446,0.39805825242718446,0.511326860841424,0.08414239482200647,0.4077669902912621,0.9029126213592233,0.006472491909385114,0.09061488673139159,0.0
0.0,0.005,confounded,logger12_balanced,3,mechanism_separated,0.45307443365695793,0.45307443365695793,0.4563106796116505,0.10032362459546926,0.44336569579288027,0.9029126213592233,0.006472491909385114,0.09061488673139159,0.0
0.0,0.005,confounded,logger12_balanced,3,oracle_u_aware,0.21035598705501618,0.20711974110032363,0.7055016181229773,0.042071197411003236,0.255663430420712,0.9029126213592233,0.006472491909385114,0.09061488673139159,0.0
0.0,0.005,confounded,logger12_balanced,3,source_shuffle,0.44983818770226536,0.44983818770226536,0.46601941747572817,0.10355987055016182,0.43042071197411,0.9029126213592233,0.006472491909385114,0.09061488673139159,0.0
0.0,0.005,confounded,logger12_balanced,3,no_behavior,0.42718446601941745,0.42718446601941745,0.48220064724919093,0.12944983818770225,0.3883495145631068,0.9029126213592233,0.006472491909385114,0.09061488673139159,0.0
0.0,0.005,confounded,logger12_balanced,3,source_dependent_reward,0.3851132686084142,0.3851132686084142,0.5242718446601942,0.10355987055016182,0.37216828478964403,0.9029126213592233,0.006472491909385114,0.09061488673139159,0.0
0.0,0.005,confounded,logger12_balanced,4,pooled_mlp,0.46601941747572817,0.46601941747572817,0.44336569579288027,0.11003236245954692,0.44660194174757284,0.9029126213592233,0.006472491909385114,0.09061488673139159,0.0
0.0,0.005,confounded,logger12_balanced,4,source_balanced_pooled_mlp,0.46601941747572817,0.46601941747572817,0.44336569579288027,0.11003236245954692,0.44660194174757284,0.9029126213592233,0.006472491909385114,0.09061488673139159,0.0
0.0,0.005,confounded,logger12_balanced,4,source_conditioned_decoder,0.3592233009708738,0.3592233009708738,0.5501618122977346,0.08737864077669903,0.36245954692556637,0.9029126213592233,0.006472491909385114,0.09061488673139159,0.0
0.0,0.005,confounded,logger12_balanced,4,per_source_models,0.39158576051779936,0.39158576051779936,0.517799352750809,0.0970873786407767,0.3851132686084142,0.9029126213592233,0.006472491909385114,0.09061488673139159,0.0
0.0,0.005,confounded,logger12_balanced,4,mechanism_separated,0.44336569579288027,0.44336569579288027,0.46601941747572817,0.08737864077669903,0.44660194174757284,0.9029126213592233,0.006472491909385114,0.09061488673139159,0.0
0.0,0.005,confounded,logger12_balanced,4,oracle_u_aware,0.2459546925566343,0.2459546925566343,0.6731391585760518,0.061488673139158574,0.26537216828478966,0.9029126213592233,0.006472491909385114,0.09061488673139159,0.0
0.0,0.005,confounded,logger12_balanced,4,source_shuffle,0.45307443365695793,0.45307443365695793,0.4563106796116505,0.08414239482200647,0.459546925566343,0.9029126213592233,0.006472491909385114,0.09061488673139159,0.0
0.0,0.005,confounded,logger12_balanced,4,no_behavior,0.44336569579288027,0.44336569579288027,0.46601941747572817,0.11003236245954692,0.42394822006472493,0.9029126213592233,0.006472491909385114,0.09061488673139159,0.0
0.0,0.005,confounded,logger12_balanced,4,source_dependent_reward,0.4854368932038835,0.4854368932038835,0.42394822006472493,0.11326860841423948,0.4627831715210356,0.9029126213592233,0.006472491909385114,0.09061488673139159,0.0
0.0,0.005,confounded,logger2_heavy,0,pooled_mlp,0.4174757281553398,0.4174757281553398,0.5016181229773463,0.1262135922330097,0.37216828478964403,0.9029126213592233,0.006472491909385114,0.09061488673139159,
0.0,0.005,confounded,logger2_heavy,0,source_balanced_pooled_mlp,0.43042071197411,0.43042071197411,0.47572815533980584,0.11974110032362459,0.4045307443365696,0.9029126213592233,0.006472491909385114,0.09061488673139159,
0.0,0.005,confounded,logger2_heavy,0,source_conditioned_decoder,0.3883495145631068,0.3883495145631068,0.5242718446601942,0.11003236245954692,0.3656957928802589,0.9029126213592233,0.006472491909385114,0.09061488673139159,
0.0,0.005,confounded,logger2_heavy,0,per_source_models,0.3786407766990291,0.3786407766990291,0.5307443365695793,0.06796116504854369,0.40129449838187703,0.9029126213592233,0.006472491909385114,0.09061488673139159,
0.0,0.005,confounded,logger2_heavy,0,mechanism_separated,0.37540453074433655,0.37540453074433655,0.5339805825242718,0.12297734627831715,0.343042071197411,0.9029126213592233,0.006472491909385114,0.09061488673139159,
0.0,0.005,confounded,logger2_heavy,0,oracle_u_aware,0.18770226537216828,0.18770226537216828,0.7281553398058253,0.06472491909385113,0.20711974110032363,0.9029126213592233,0.006472491909385114,0.09061488673139159,
0.0,0.005,confounded,logger2_heavy,0,source_shuffle,0.39158576051779936,0.39158576051779936,0.517799352750809,0.10355987055016182,0.3786407766990291,0.9029126213592233,0.006472491909385114,0.09061488673139159,
0.0,0.005,confounded,logger2_heavy,0,no_behavior,0.32362459546925565,0.32362459546925565,0.5857605177993528,0.07766990291262135,0.3365695792880259,0.9029126213592233,0.006472491909385114,0.09061488673139159,
0.0,0.005,confounded,logger2_heavy,0,source_dependent_reward,0.44983818770226536,0.44983818770226536,0.4627831715210356,0.09385113268608414,0.44336569579288027,0.9029126213592233,0.006472491909385114,0.09061488673139159,
0.0,0.005,confounded,logger2_heavy,1,pooled_mlp,0.3559870550161812,0.3559870550161812,0.5566343042071198,0.08737864077669903,0.3559870550161812,0.9029126213592233,0.006472491909385114,0.09061488673139159,
0.0,0.005,confounded,logger2_heavy,1,source_balanced_pooled_mlp,0.4336569579288026,0.4336569579288026,0.47572815533980584,0.08414239482200647,0.4401294498381877,0.9029126213592233,0.006472491909385114,0.09061488673139159,
0.0,0.005,confounded,logger2_heavy,1,source_conditioned_decoder,0.43042071197411,0.43042071197411,0.47896440129449835,0.11326860841423948,0.4077669902912621,0.9029126213592233,0.006472491909385114,0.09061488673139159,
0.0,0.005,confounded,logger2_heavy,1,per_source_models,0.459546925566343,0.459546925566343,0.44983818770226536,0.10679611650485436,0.44336569579288027,0.9029126213592233,0.006472491909385114,0.09061488673139159,
0.0,0.005,confounded,logger2_heavy,1,mechanism_separated,0.3592233009708738,0.3592233009708738,0.5533980582524272,0.11650485436893204,0.3300970873786408,0.9029126213592233,0.006472491909385114,0.09061488673139159,
0.0,0.005,confounded,logger2_heavy,1,oracle_u_aware,0.2297734627831715,0.2297734627831715,0.6796116504854369,0.08090614886731391,0.23948220064724918,0.9029126213592233,0.006472491909385114,0.09061488673139159,
0.0,0.005,confounded,logger2_heavy,1,source_shuffle,0.40129449838187703,0.40129449838187703,0.5080906148867314,0.10032362459546926,0.39158576051779936,0.9029126213592233,0.006472491909385114,0.09061488673139159,
0.0,0.005,confounded,logger2_heavy,1,no_behavior,0.27184466019417475,0.27184466019417475,0.6375404530744336,0.06472491909385113,0.2977346278317152,0.9029126213592233,0.006472491909385114,0.09061488673139159,
0.0,0.005,confounded,logger2_heavy,1,source_dependent_reward,0.34951456310679613,0.34627831715210355,0.5728155339805825,0.0744336569579288,0.3559870550161812,0.9029126213592233,0.006472491909385114,0.09061488673139159,
0.0,0.005,confounded,logger2_heavy,2,pooled_mlp,0.3333333333333333,0.3333333333333333,0.5825242718446602,0.12297734627831715,0.29449838187702265,0.9029126213592233,0.006472491909385114,0.09061488673139159,
0.0,0.005,confounded,logger2_heavy,2,source_balanced_pooled_mlp,0.48220064724919093,0.48220064724919093,0.42718446601941745,0.1423948220064725,0.43042071197411,0.9029126213592233,0.006472491909385114,0.09061488673139159,
0.0,0.005,confounded,logger2_heavy,2,source_conditioned_decoder,0.34951456310679613,0.34951456310679613,0.5598705501618123,0.10032362459546926,0.33980582524271846,0.9029126213592233,0.006472491909385114,0.09061488673139159,
0.0,0.005,confounded,logger2_heavy,2,per_source_models,0.4077669902912621,0.4077669902912621,0.5016181229773463,0.09385113268608414,0.4045307443365696,0.9029126213592233,0.006472491909385114,0.09061488673139159,
0.0,0.005,confounded,logger2_heavy,2,mechanism_separated,0.41423948220064727,0.41423948220064727,0.4919093851132686,0.11326860841423948,0.3948220064724919,0.9029126213592233,0.006472491909385114,0.09061488673139159,
0.0,0.005,confounded,logger2_heavy,2,oracle_u_aware,0.17475728155339806,0.17475728155339806,0.7346278317152104,0.061488673139158574,0.20388349514563106,0.9029126213592233,0.006472491909385114,0.09061488673139159,
0.0,0.005,confounded,logger2_heavy,2,source_shuffle,0.343042071197411,0.343042071197411,0.5631067961165048,0.09385113268608414,0.343042071197411,0.9029126213592233,0.006472491909385114,0.09061488673139159,
0.0,0.005,confounded,logger2_heavy,2,no_behavior,0.39805825242718446,0.39805825242718446,0.511326860841424,0.09061488673139159,0.39805825242718446,0.9029126213592233,0.006472491909385114,0.09061488673139159,
0.0,0.005,confounded,logger2_heavy,2,source_dependent_reward,0.42071197411003236,0.42071197411003236,0.4886731391585761,0.09061488673139159,0.42071197411003236,0.9029126213592233,0.006472491909385114,0.09061488673139159,
0.0,0.005,confounded,logger2_heavy,3,pooled_mlp,0.4401294498381877,0.4401294498381877,0.4692556634304207,0.10032362459546926,0.43042071197411,0.9029126213592233,0.006472491909385114,0.09061488673139159,
0.0,0.005,confounded,logger2_heavy,3,source_balanced_pooled_mlp,0.44336569579288027,0.44336569579288027,0.46601941747572817,0.11003236245954692,0.42718446601941745,0.9029126213592233,0.006472491909385114,0.09061488673139159,
0.0,0.005,confounded,logger2_heavy,3,source_conditioned_decoder,0.46601941747572817,0.46601941747572817,0.44660194174757284,0.0744336569579288,0.47896440129449835,0.9029126213592233,0.006472491909385114,0.09061488673139159,
0.0,0.005,confounded,logger2_heavy,3,per_source_models,0.3948220064724919,0.3948220064724919,0.5145631067961165,0.0970873786407767,0.3883495145631068,0.9029126213592233,0.006472491909385114,0.09061488673139159,
0.0,0.005,confounded,logger2_heavy,3,mechanism_separated,0.35275080906148865,0.35275080906148865,0.5631067961165048,0.09385113268608414,0.343042071197411,0.9029126213592233,0.006472491909385114,0.09061488673139159,
0.0,0.005,confounded,logger2_heavy,3,oracle_u_aware,0.20711974110032363,0.20711974110032363,0.7087378640776699,0.04854368932038835,0.24271844660194175,0.9029126213592233,0.006472491909385114,0.09061488673139159,
0.0,0.005,confounded,logger2_heavy,3,source_shuffle,0.3786407766990291,0.3786407766990291,0.5372168284789643,0.10679611650485436,0.3559870550161812,0.9029126213592233,0.006472491909385114,0.09061488673139159,
0.0,0.005,confounded,logger2_heavy,3,no_behavior,0.3592233009708738,0.3592233009708738,0.5533980582524272,0.11326860841423948,0.3333333333333333,0.9029126213592233,0.006472491909385114,0.09061488673139159,
0.0,0.005,confounded,logger2_heavy,3,source_dependent_reward,0.36245954692556637,0.3592233009708738,0.5501618122977346,0.08737864077669903,0.3656957928802589,0.9029126213592233,0.006472491909385114,0.09061488673139159,
0.0,0.005,confounded,logger2_heavy,4,pooled_mlp,0.4368932038834951,0.4368932038834951,0.47249190938511326,0.11003236245954692,0.4174757281553398,0.9029126213592233,0.006472491909385114,0.09061488673139159,
0.0,0.005,confounded,logger2_heavy,4,source_balanced_pooled_mlp,0.46601941747572817,0.46601941747572817,0.44336569579288027,0.11003236245954692,0.44660194174757284,0.9029126213592233,0.006472491909385114,0.09061488673139159,
0.0,0.005,confounded,logger2_heavy,4,source_conditioned_decoder,0.3268608414239482,0.3268608414239482,0.5889967637540453,0.11326860841423948,0.2977346278317152,0.9029126213592233,0.006472491909385114,0.09061488673139159,
0.0,0.005,confounded,logger2_heavy,4,per_source_models,0.4110032362459547,0.4110032362459547,0.49838187702265374,0.10355987055016182,0.39805825242718446,0.9029126213592233,0.006472491909385114,0.09061488673139159,
0.0,0.005,confounded,logger2_heavy,4,mechanism_separated,0.3818770226537217,0.3818770226537217,0.5242718446601942,0.08737864077669903,0.3883495145631068,0.9029126213592233,0.006472491909385114,0.09061488673139159,
0.0,0.005,confounded,logger2_heavy,4,oracle_u_aware,0.2524271844660194,0.2524271844660194,0.6601941747572816,0.05177993527508091,0.28802588996763756,0.9029126213592233,0.006472491909385114,0.09061488673139159,
0.0,0.005,confounded,logger2_heavy,4,source_shuffle,0.2912621359223301,0.2912621359223301,0.627831715210356,0.08090614886731391,0.2912621359223301,0.9029126213592233,0.006472491909385114,0.09061488673139159,
0.0,0.005,confounded,logger2_heavy,4,no_behavior,0.3268608414239482,0.3268608414239482,0.5792880258899676,0.08090614886731391,0.33980582524271846,0.9029126213592233,0.006472491909385114,0.09061488673139159,
0.0,0.005,confounded,logger2_heavy,4,source_dependent_reward,0.47249190938511326,0.47249190938511326,0.4368932038834951,0.10679611650485436,0.4563106796116505,0.9029126213592233,0.006472491909385114,0.09061488673139159,
0.0,0.005,independent_latents,logger1_heavy,0,pooled_mlp,0.20064724919093851,0.20064724919093851,0.7184466019417476,0.06796116504854369,0.21359223300970873,0.9029126213592233,0.006472491909385114,0.09061488673139159,
0.0,0.005,independent_latents,logger1_heavy,0,source_balanced_pooled_mlp,0.2524271844660194,0.2524271844660194,0.6699029126213593,0.10032362459546926,0.2297734627831715,0.9029126213592233,0.006472491909385114,0.09061488673139159,
0.0,0.005,independent_latents,logger1_heavy,0,source_conditioned_decoder,0.2297734627831715,0.2297734627831715,0.6796116504854369,0.07766990291262135,0.24271844660194175,0.9029126213592233,0.006472491909385114,0.09061488673139159,
0.0,0.005,independent_latents,logger1_heavy,0,per_source_models,0.1715210355987055,0.1715210355987055,0.7378640776699029,0.04854368932038835,0.21359223300970873,0.9029126213592233,0.006472491909385114,0.09061488673139159,
0.0,0.005,independent_latents,logger1_heavy,0,mechanism_separated,0.1553398058252427,0.1553398058252427,0.7572815533980582,0.0744336569579288,0.16828478964401294,0.9029126213592233,0.006472491909385114,0.09061488673139159,
0.0,0.005,independent_latents,logger1_heavy,0,oracle_u_aware,0.27184466019417475,0.27184466019417475,0.6375404530744336,0.0744336569579288,0.28802588996763756,0.9029126213592233,0.006472491909385114,0.09061488673139159,
0.0,0.005,independent_latents,logger1_heavy,0,source_shuffle,0.18770226537216828,0.18770226537216828,0.7249190938511327,0.08737864077669903,0.18770226537216828,0.9029126213592233,0.006472491909385114,0.09061488673139159,
0.0,0.005,independent_latents,logger1_heavy,0,no_behavior,0.17475728155339806,0.17475728155339806,0.7313915857605178,0.06472491909385113,0.20388349514563106,0.9029126213592233,0.006472491909385114,0.09061488673139159,
0.0,0.005,independent_latents,logger1_heavy,0,source_dependent_reward,0.1650485436893204,0.1650485436893204,0.7508090614886731,0.05177993527508091,0.19741100323624594,0.9029126213592233,0.006472491909385114,0.09061488673139159,
0.0,0.005,independent_latents,logger1_heavy,1,pooled_mlp,0.20711974110032363,0.20711974110032363,0.6990291262135923,0.0744336569579288,0.22653721682847897,0.9029126213592233,0.006472491909385114,0.09061488673139159,
0.0,0.005,independent_latents,logger1_heavy,1,source_balanced_pooled_mlp,0.22330097087378642,0.22330097087378642,0.6925566343042071,0.09385113268608414,0.21359223300970873,0.9029126213592233,0.006472491909385114,0.09061488673139159,
0.0,0.005,independent_latents,logger1_heavy,1,source_conditioned_decoder,0.22330097087378642,0.22330097087378642,0.6925566343042071,0.04854368932038835,0.2588996763754045,0.9029126213592233,0.006472491909385114,0.09061488673139159,
0.0,0.005,independent_latents,logger1_heavy,1,per_source_models,0.20064724919093851,0.20064724919093851,0.7055016181229773,0.07119741100323625,0.22330097087378642,0.9029126213592233,0.006472491909385114,0.09061488673139159,
0.0,0.005,independent_latents,logger1_heavy,1,mechanism_separated,0.2621359223300971,0.2621359223300971,0.6472491909385113,0.0744336569579288,0.2783171521035599,0.9029126213592233,0.006472491909385114,0.09061488673139159,
0.0,0.005,independent_latents,logger1_heavy,1,oracle_u_aware,0.1779935275080906,0.1779935275080906,0.7281553398058253,0.0744336569579288,0.19741100323624594,0.9029126213592233,0.006472491909385114,0.09061488673139159,
0.0,0.005,independent_latents,logger1_heavy,1,source_shuffle,0.2686084142394822,0.2686084142394822,0.6601941747572816,0.06796116504854369,0.27184466019417475,0.9029126213592233,0.006472491909385114,0.09061488673139159,
0.0,0.005,independent_latents,logger1_heavy,1,no_behavior,0.2459546925566343,0.2459546925566343,0.6699029126213593,0.061488673139158574,0.2686084142394822,0.9029126213592233,0.006472491909385114,0.09061488673139159,
0.0,0.005,independent_latents,logger1_heavy,1,source_dependent_reward,0.18446601941747573,0.18446601941747573,0.7378640776699029,0.05177993527508091,0.21035598705501618,0.9029126213592233,0.006472491909385114,0.09061488673139159,
0.0,0.005,independent_latents,logger1_heavy,2,pooled_mlp,0.23948220064724918,0.23948220064724918,0.6796116504854369,0.0744336569579288,0.2459546925566343,0.9029126213592233,0.006472491909385114,0.09061488673139159,
0.0,0.005,independent_latents,logger1_heavy,2,source_balanced_pooled_mlp,0.20711974110032363,0.20711974110032363,0.7152103559870551,0.06796116504854369,0.2168284789644013,0.9029126213592233,0.006472491909385114,0.09061488673139159,
0.0,0.005,independent_latents,logger1_heavy,2,source_conditioned_decoder,0.18446601941747573,0.18446601941747573,0.7508090614886731,0.06472491909385113,0.18446601941747573,0.9029126213592233,0.006472491909385114,0.09061488673139159,
0.0,0.005,independent_latents,logger1_heavy,2,per_source_models,0.18122977346278318,0.1779935275080906,0.7281553398058253,0.06472491909385113,0.21035598705501618,0.9029126213592233,0.006472491909385114,0.09061488673139159,
0.0,0.005,independent_latents,logger1_heavy,2,mechanism_separated,0.2783171521035599,0.2783171521035599,0.6731391585760518,0.08737864077669903,0.23948220064724918,0.9029126213592233,0.006472491909385114,0.09061488673139159,
0.0,0.005,independent_latents,logger1_heavy,2,oracle_u_aware,0.21035598705501618,0.21035598705501618,0.7022653721682848,0.061488673139158574,0.23624595469255663,0.9029126213592233,0.006472491909385114,0.09061488673139159,
0.0,0.005,independent_latents,logger1_heavy,2,source_shuffle,0.2297734627831715,0.2297734627831715,0.7087378640776699,0.07766990291262135,0.21359223300970873,0.9029126213592233,0.006472491909385114,0.09061488673139159,
0.0,0.005,independent_latents,logger1_heavy,2,no_behavior,0.19093851132686085,0.19093851132686085,0.7475728155339806,0.06472491909385113,0.18770226537216828,0.9029126213592233,0.006472491909385114,0.09061488673139159,
0.0,0.005,independent_latents,logger1_heavy,2,source_dependent_reward,0.1650485436893204,0.1650485436893204,0.7572815533980582,0.06796116504854369,0.17475728155339806,0.9029126213592233,0.006472491909385114,0.09061488673139159,
0.0,0.005,independent_latents,logger1_heavy,3,pooled_mlp,0.22653721682847897,0.22653721682847897,0.6796116504854369,0.0744336569579288,0.2459546925566343,0.9029126213592233,0.006472491909385114,0.09061488673139159,
0.0,0.005,independent_latents,logger1_heavy,3,source_balanced_pooled_mlp,0.21035598705501618,0.21035598705501618,0.6957928802588996,0.08737864077669903,0.2168284789644013,0.9029126213592233,0.006472491909385114,0.09061488673139159,
0.0,0.005,independent_latents,logger1_heavy,3,source_conditioned_decoder,0.21359223300970873,0.21359223300970873,0.7055016181229773,0.05177993527508091,0.24271844660194175,0.9029126213592233,0.006472491909385114,0.09061488673139159,
0.0,0.005,independent_latents,logger1_heavy,3,per_source_models,0.2297734627831715,0.2297734627831715,0.6796116504854369,0.07766990291262135,0.24271844660194175,0.9029126213592233,0.006472491909385114,0.09061488673139159,
0.0,0.005,independent_latents,logger1_heavy,3,mechanism_separated,0.20711974110032363,0.20711974110032363,0.7087378640776699,0.07766990291262135,0.21359223300970873,0.9029126213592233,0.006472491909385114,0.09061488673139159,
0.0,0.005,independent_latents,logger1_heavy,3,oracle_u_aware,0.15857605177993528,0.15857605177993528,0.7605177993527508,0.06472491909385113,0.17475728155339806,0.9029126213592233,0.006472491909385114,0.09061488673139159,
0.0,0.005,independent_latents,logger1_heavy,3,source_shuffle,0.19741100323624594,0.19741100323624594,0.7216828478964401,0.07119741100323625,0.20711974110032363,0.9029126213592233,0.006472491909385114,0.09061488673139159,
0.0,0.005,independent_latents,logger1_heavy,3,no_behavior,0.23948220064724918,0.23948220064724918,0.6763754045307443,0.08090614886731391,0.24271844660194175,0.9029126213592233,0.006472491909385114,0.09061488673139159,
0.0,0.005,independent_latents,logger1_heavy,3,source_dependent_reward,0.20711974110032363,0.20711974110032363,0.7022653721682848,0.0744336569579288,0.22330097087378642,0.9029126213592233,0.006472491909385114,0.09061488673139159,
0.0,0.005,independent_latents,logger1_heavy,4,pooled_mlp,0.28802588996763756,0.28802588996763756,0.6245954692556634,0.10355987055016182,0.27184466019417475,0.9029126213592233,0.006472491909385114,0.09061488673139159,
0.0,0.005,independent_latents,logger1_heavy,4,source_balanced_pooled_mlp,0.19093851132686085,0.19093851132686085,0.7249190938511327,0.09385113268608414,0.18122977346278318,0.9029126213592233,0.006472491909385114,0.09061488673139159,
0.0,0.005,independent_latents,logger1_heavy,4,source_conditioned_decoder,0.1715210355987055,0.1715210355987055,0.7411003236245954,0.04854368932038835,0.21035598705501618,0.9029126213592233,0.006472491909385114,0.09061488673139159,
0.0,0.005,independent_latents,logger1_heavy,4,per_source_models,0.14563106796116504,0.14563106796116504,0.7702265372168284,0.05177993527508091,0.1779935275080906,0.9029126213592233,0.006472491909385114,0.09061488673139159,
0.0,0.005,independent_latents,logger1_heavy,4,mechanism_separated,0.2686084142394822,0.2686084142394822,0.6472491909385113,0.09061488673139159,0.2621359223300971,0.9029126213592233,0.006472491909385114,0.09061488673139159,
0.0,0.005,independent_latents,logger1_heavy,4,oracle_u_aware,0.2783171521035599,0.2783171521035599,0.6310679611650486,0.06472491909385113,0.3042071197411003,0.9029126213592233,0.006472491909385114,0.09061488673139159,
0.0,0.005,independent_latents,logger1_heavy,4,source_shuffle,0.2524271844660194,0.2524271844660194,0.6925566343042071,0.07119741100323625,0.23624595469255663,0.9029126213592233,0.006472491909385114,0.09061488673139159,
0.0,0.005,independent_latents,logger1_heavy,4,no_behavior,0.2686084142394822,0.2686084142394822,0.6504854368932039,0.05177993527508091,0.2977346278317152,0.9029126213592233,0.006472491909385114,0.09061488673139159,
0.0,0.005,independent_latents,logger1_heavy,4,source_dependent_reward,0.18122977346278318,0.18122977346278318,0.7249190938511327,0.08414239482200647,0.19093851132686085,0.9029126213592233,0.006472491909385114,0.09061488673139159,
0.0,0.005,independent_latents,logger12_balanced,0,pooled_mlp,0.2524271844660194,0.2524271844660194,0.6699029126213593,0.10032362459546926,0.2297734627831715,0.9029126213592233,0.006472491909385114,0.09061488673139159,
0.0,0.005,independent_latents,logger12_balanced,0,source_balanced_pooled_mlp,0.2524271844660194,0.2524271844660194,0.6699029126213593,0.10032362459546926,0.2297734627831715,0.9029126213592233,0.006472491909385114,0.09061488673139159,
0.0,0.005,independent_latents,logger12_balanced,0,source_conditioned_decoder,0.1779935275080906,0.1779935275080906,0.7411003236245954,0.05825242718446602,0.20064724919093851,0.9029126213592233,0.006472491909385114,0.09061488673139159,
0.0,0.005,independent_latents,logger12_balanced,0,per_source_models,0.1488673139158576,0.1488673139158576,0.7572815533980582,0.06472491909385113,0.1779935275080906,0.9029126213592233,0.006472491909385114,0.09061488673139159,
0.0,0.005,independent_latents,logger12_balanced,0,mechanism_separated,0.19093851132686085,0.19093851132686085,0.7184466019417476,0.0970873786407767,0.18446601941747573,0.9029126213592233,0.006472491909385114,0.09061488673139159,
0.0,0.005,independent_latents,logger12_balanced,0,oracle_u_aware,0.23300970873786409,0.23300970873786409,0.6763754045307443,0.10032362459546926,0.22330097087378642,0.9029126213592233,0.006472491909385114,0.09061488673139159,
0.0,0.005,independent_latents,logger12_balanced,0,source_shuffle,0.18122977346278318,0.18122977346278318,0.7313915857605178,0.0970873786407767,0.1715210355987055,0.9029126213592233,0.006472491909385114,0.09061488673139159,
0.0,0.005,independent_latents,logger12_balanced,0,no_behavior,0.20388349514563106,0.20388349514563106,0.7119741100323624,0.06796116504854369,0.22006472491909385,0.9029126213592233,0.006472491909385114,0.09061488673139159,
0.0,0.005,independent_latents,logger12_balanced,0,source_dependent_reward,0.18446601941747573,0.18446601941747573,0.7281553398058253,0.07766990291262135,0.1941747572815534,0.9029126213592233,0.006472491909385114,0.09061488673139159,
0.0,0.005,independent_latents,logger12_balanced,1,pooled_mlp,0.22330097087378642,0.22330097087378642,0.6925566343042071,0.09385113268608414,0.21359223300970873,0.9029126213592233,0.006472491909385114,0.09061488673139159,
0.0,0.005,independent_latents,logger12_balanced,1,source_balanced_pooled_mlp,0.22330097087378642,0.22330097087378642,0.6925566343042071,0.09385113268608414,0.21359223300970873,0.9029126213592233,0.006472491909385114,0.09061488673139159,
0.0,0.005,independent_latents,logger12_balanced,1,source_conditioned_decoder,0.2459546925566343,0.2459546925566343,0.6666666666666666,0.07766990291262135,0.255663430420712,0.9029126213592233,0.006472491909385114,0.09061488673139159,
0.0,0.005,independent_latents,logger12_balanced,1,per_source_models,0.1423948220064725,0.1423948220064725,0.7702265372168284,0.05825242718446602,0.1715210355987055,0.9029126213592233,0.006472491909385114,0.09061488673139159,
0.0,0.005,independent_latents,logger12_balanced,1,mechanism_separated,0.24271844660194175,0.24271844660194175,0.6731391585760518,0.0744336569579288,0.2524271844660194,0.9029126213592233,0.006472491909385114,0.09061488673139159,
0.0,0.005,independent_latents,logger12_balanced,1,oracle_u_aware,0.1715210355987055,0.1715210355987055,0.7475728155339806,0.06796116504854369,0.18446601941747573,0.9029126213592233,0.006472491909385114,0.09061488673139159,
0.0,0.005,independent_latents,logger12_balanced,1,source_shuffle,0.284789644012945,0.284789644012945,0.6310679611650486,0.0970873786407767,0.27184466019417475,0.9029126213592233,0.006472491909385114,0.09061488673139159,
0.0,0.005,independent_latents,logger12_balanced,1,no_behavior,0.255663430420712,0.255663430420712,0.6537216828478964,0.0970873786407767,0.24919093851132687,0.9029126213592233,0.006472491909385114,0.09061488673139159,
0.0,0.005,independent_latents,logger12_balanced,1,source_dependent_reward,0.20711974110032363,0.20711974110032363,0.7184466019417476,0.045307443365695796,0.23624595469255663,0.9029126213592233,0.006472491909385114,0.09061488673139159,
0.0,0.005,independent_latents,logger12_balanced,2,pooled_mlp,0.20711974110032363,0.20711974110032363,0.7152103559870551,0.06796116504854369,0.2168284789644013,0.9029126213592233,0.006472491909385114,0.09061488673139159,
0.0,0.005,independent_latents,logger12_balanced,2,source_balanced_pooled_mlp,0.20711974110032363,0.20711974110032363,0.7152103559870551,0.06796116504854369,0.2168284789644013,0.9029126213592233,0.006472491909385114,0.09061488673139159,
0.0,0.005,independent_latents,logger12_balanced,2,source_conditioned_decoder,0.255663430420712,0.255663430420712,0.6504854368932039,0.07766990291262135,0.27184466019417475,0.9029126213592233,0.006472491909385114,0.09061488673139159,
0.0,0.005,independent_latents,logger12_balanced,2,per_source_models,0.1779935275080906,0.1779935275080906,0.7313915857605178,0.045307443365695796,0.22330097087378642,0.9029126213592233,0.006472491909385114,0.09061488673139159,
0.0,0.005,independent_latents,logger12_balanced,2,mechanism_separated,0.1650485436893204,0.1650485436893204,0.7475728155339806,0.07119741100323625,0.18122977346278318,0.9029126213592233,0.006472491909385114,0.09061488673139159,
0.0,0.005,independent_latents,logger12_balanced,2,oracle_u_aware,0.1941747572815534,0.1941747572815534,0.7184466019417476,0.05177993527508091,0.2297734627831715,0.9029126213592233,0.006472491909385114,0.09061488673139159,
0.0,0.005,independent_latents,logger12_balanced,2,source_shuffle,0.22330097087378642,0.22330097087378642,0.686084142394822,0.08090614886731391,0.23300970873786409,0.9029126213592233,0.006472491909385114,0.09061488673139159,
0.0,0.005,independent_latents,logger12_balanced,2,no_behavior,0.20064724919093851,0.20064724919093851,0.7055016181229773,0.05825242718446602,0.23624595469255663,0.9029126213592233,0.006472491909385114,0.09061488673139159,
0.0,0.005,independent_latents,logger12_balanced,2,source_dependent_reward,0.20064724919093851,0.20064724919093851,0.7184466019417476,0.08090614886731391,0.20064724919093851,0.9029126213592233,0.006472491909385114,0.09061488673139159,
0.0,0.005,independent_latents,logger12_balanced,3,pooled_mlp,0.21035598705501618,0.21035598705501618,0.6957928802588996,0.08737864077669903,0.2168284789644013,0.9029126213592233,0.006472491909385114,0.09061488673139159,
0.0,0.005,independent_latents,logger12_balanced,3,source_balanced_pooled_mlp,0.21035598705501618,0.21035598705501618,0.6957928802588996,0.08737864077669903,0.2168284789644013,0.9029126213592233,0.006472491909385114,0.09061488673139159,
0.0,0.005,independent_latents,logger12_balanced,3,source_conditioned_decoder,0.20388349514563106,0.20388349514563106,0.7216828478964401,0.05501618122977346,0.22330097087378642,0.9029126213592233,0.006472491909385114,0.09061488673139159,
0.0,0.005,independent_latents,logger12_balanced,3,per_source_models,0.23300970873786409,0.23300970873786409,0.6763754045307443,0.08737864077669903,0.23624595469255663,0.9029126213592233,0.006472491909385114,0.09061488673139159,
0.0,0.005,independent_latents,logger12_balanced,3,mechanism_separated,0.19741100323624594,0.19741100323624594,0.7216828478964401,0.05825242718446602,0.22006472491909385,0.9029126213592233,0.006472491909385114,0.09061488673139159,
0.0,0.005,independent_latents,logger12_balanced,3,oracle_u_aware,0.17475728155339806,0.17475728155339806,0.7411003236245954,0.06796116504854369,0.19093851132686085,0.9029126213592233,0.006472491909385114,0.09061488673139159,
0.0,0.005,independent_latents,logger12_balanced,3,source_shuffle,0.24919093851132687,0.24919093851132687,0.6666666666666666,0.0970873786407767,0.23624595469255663,0.9029126213592233,0.006472491909385114,0.09061488673139159,
0.0,0.005,independent_latents,logger12_balanced,3,no_behavior,0.18122977346278318,0.18122977346278318,0.7378640776699029,0.05177993527508091,0.21035598705501618,0.9029126213592233,0.006472491909385114,0.09061488673139159,
0.0,0.005,independent_latents,logger12_balanced,3,source_dependent_reward,0.1941747572815534,0.1941747572815534,0.7119741100323624,0.06796116504854369,0.22006472491909385,0.9029126213592233,0.006472491909385114,0.09061488673139159,
0.0,0.005,independent_latents,logger12_balanced,4,pooled_mlp,0.19093851132686085,0.19093851132686085,0.7249190938511327,0.09385113268608414,0.18122977346278318,0.9029126213592233,0.006472491909385114,0.09061488673139159,
0.0,0.005,independent_latents,logger12_balanced,4,source_balanced_pooled_mlp,0.19093851132686085,0.19093851132686085,0.7249190938511327,0.09385113268608414,0.18122977346278318,0.9029126213592233,0.006472491909385114,0.09061488673139159,
0.0,0.005,independent_latents,logger12_balanced,4,source_conditioned_decoder,0.1650485436893204,0.1650485436893204,0.7508090614886731,0.042071197411003236,0.20711974110032363,0.9029126213592233,0.006472491909385114,0.09061488673139159,
0.0,0.005,independent_latents,logger12_balanced,4,per_source_models,0.1553398058252427,0.1553398058252427,0.7993527508090615,0.02912621359223301,0.1715210355987055,0.9029126213592233,0.006472491909385114,0.09061488673139159,
0.0,0.005,independent_latents,logger12_balanced,4,mechanism_separated,0.23624595469255663,0.23624595469255663,0.6699029126213593,0.07119741100323625,0.2588996763754045,0.9029126213592233,0.006472491909385114,0.09061488673139159,
0.0,0.005,independent_latents,logger12_balanced,4,oracle_u_aware,0.19741100323624594,0.19741100323624594,0.7087378640776699,0.045307443365695796,0.2459546925566343,0.9029126213592233,0.006472491909385114,0.09061488673139159,
0.0,0.005,independent_latents,logger12_balanced,4,source_shuffle,0.23300970873786409,0.23300970873786409,0.686084142394822,0.0744336569579288,0.23948220064724918,0.9029126213592233,0.006472491909385114,0.09061488673139159,
0.0,0.005,independent_latents,logger12_balanced,4,no_behavior,0.18770226537216828,0.18770226537216828,0.7249190938511327,0.05501618122977346,0.22006472491909385,0.9029126213592233,0.006472491909385114,0.09061488673139159,
0.0,0.005,independent_latents,logger12_balanced,4,source_dependent_reward,0.18122977346278318,0.18122977346278318,0.7281553398058253,0.08737864077669903,0.18446601941747573,0.9029126213592233,0.006472491909385114,0.09061488673139159,
0.0,0.005,independent_latents,logger2_heavy,0,pooled_mlp,0.2459546925566343,0.2459546925566343,0.6731391585760518,0.09385113268608414,0.23300970873786409,0.9029126213592233,0.006472491909385114,0.09061488673139159,
0.0,0.005,independent_latents,logger2_heavy,0,source_balanced_pooled_mlp,0.2524271844660194,0.2524271844660194,0.6699029126213593,0.10032362459546926,0.2297734627831715,0.9029126213592233,0.006472491909385114,0.09061488673139159,
0.0,0.005,independent_latents,logger2_heavy,0,source_conditioned_decoder,0.20711974110032363,0.20711974110032363,0.7184466019417476,0.045307443365695796,0.23624595469255663,0.9029126213592233,0.006472491909385114,0.09061488673139159,
0.0,0.005,independent_latents,logger2_heavy,0,per_source_models,0.22006472491909385,0.22006472491909385,0.6893203883495146,0.061488673139158574,0.24919093851132687,0.9029126213592233,0.006472491909385114,0.09061488673139159,
0.0,0.005,independent_latents,logger2_heavy,0,mechanism_separated,0.23624595469255663,0.23624595469255663,0.6699029126213593,0.1262135922330097,0.20388349514563106,0.9029126213592233,0.006472491909385114,0.09061488673139159,
0.0,0.005,independent_latents,logger2_heavy,0,oracle_u_aware,0.20711974110032363,0.20711974110032363,0.7055016181229773,0.061488673139158574,0.23300970873786409,0.9029126213592233,0.006472491909385114,0.09061488673139159,
0.0,0.005,independent_latents,logger2_heavy,0,source_shuffle,0.17475728155339806,0.17475728155339806,0.7475728155339806,0.07766990291262135,0.17475728155339806,0.9029126213592233,0.006472491909385114,0.09061488673139159,
0.0,0.005,independent_latents,logger2_heavy,0,no_behavior,0.16181229773462782,0.16181229773462782,0.7572815533980582,0.04854368932038835,0.1941747572815534,0.9029126213592233,0.006472491909385114,0.09061488673139159,
0.0,0.005,independent_latents,logger2_heavy,0,source_dependent_reward,0.1941747572815534,0.1941747572815534,0.7152103559870551,0.06472491909385113,0.22006472491909385,0.9029126213592233,0.006472491909385114,0.09061488673139159,
0.0,0.005,independent_latents,logger2_heavy,1,pooled_mlp,0.20711974110032363,0.20711974110032363,0.7055016181229773,0.08737864077669903,0.20711974110032363,0.9029126213592233,0.006472491909385114,0.09061488673139159,
0.0,0.005,independent_latents,logger2_heavy,1,source_balanced_pooled_mlp,0.22330097087378642,0.22330097087378642,0.6925566343042071,0.09385113268608414,0.21359223300970873,0.9029126213592233,0.006472491909385114,0.09061488673139159,
0.0,0.005,independent_latents,logger2_heavy,1,source_conditioned_decoder,0.21359223300970873,0.21359223300970873,0.7022653721682848,0.061488673139158574,0.23624595469255663,0.9029126213592233,0.006472491909385114,0.09061488673139159,
0.0,0.005,independent_latents,logger2_heavy,1,per_source_models,0.13915857605177995,0.13915857605177995,0.7669902912621359,0.038834951456310676,0.1941747572815534,0.9029126213592233,0.006472491909385114,0.09061488673139159,
0.0,0.005,independent_latents,logger2_heavy,1,mechanism_separated,0.1941747572815534,0.1941747572815534,0.7216828478964401,0.07119741100323625,0.20711974110032363,0.9029126213592233,0.006472491909385114,0.09061488673139159,
0.0,0.005,independent_latents,logger2_heavy,1,oracle_u_aware,0.18122977346278318,0.18122977346278318,0.7249190938511327,0.07119741100323625,0.20388349514563106,0.9029126213592233,0.006472491909385114,0.09061488673139159,
0.0,0.005,independent_latents,logger2_heavy,1,source_shuffle,0.23624595469255663,0.23624595469255663,0.6990291262135923,0.08737864077669903,0.21359223300970873,0.9029126213592233,0.006472491909385114,0.09061488673139159,
0.0,0.005,independent_latents,logger2_heavy,1,no_behavior,0.24919093851132687,0.24919093851132687,0.656957928802589,0.10679611650485436,0.23624595469255663,0.9029126213592233,0.006472491909385114,0.09061488673139159,
0.0,0.005,independent_latents,logger2_heavy,1,source_dependent_reward,0.2588996763754045,0.2588996763754045,0.656957928802589,0.09385113268608414,0.24919093851132687,0.9029126213592233,0.006472491909385114,0.09061488673139159,
0.0,0.005,independent_latents,logger2_heavy,2,pooled_mlp,0.21359223300970873,0.21359223300970873,0.7022653721682848,0.11003236245954692,0.18770226537216828,0.9029126213592233,0.006472491909385114,0.09061488673139159,
0.0,0.005,independent_latents,logger2_heavy,2,source_balanced_pooled_mlp,0.20711974110032363,0.20711974110032363,0.7152103559870551,0.06796116504854369,0.2168284789644013,0.9029126213592233,0.006472491909385114,0.09061488673139159,
0.0,0.005,independent_latents,logger2_heavy,2,source_conditioned_decoder,0.1715210355987055,0.1715210355987055,0.7346278317152104,0.06472491909385113,0.20064724919093851,0.9029126213592233,0.006472491909385114,0.09061488673139159,
0.0,0.005,independent_latents,logger2_heavy,2,per_source_models,0.15857605177993528,0.15857605177993528,0.7540453074433657,0.038834951456310676,0.20711974110032363,0.9029126213592233,0.006472491909385114,0.09061488673139159,
0.0,0.005,independent_latents,logger2_heavy,2,mechanism_separated,0.1488673139158576,0.1488673139158576,0.7831715210355987,0.061488673139158574,0.1553398058252427,0.9029126213592233,0.006472491909385114,0.09061488673139159,
0.0,0.005,independent_latents,logger2_heavy,2,oracle_u_aware,0.1715210355987055,0.1715210355987055,0.7378640776699029,0.061488673139158574,0.20064724919093851,0.9029126213592233,0.006472491909385114,0.09061488673139159,
0.0,0.005,independent_latents,logger2_heavy,2,source_shuffle,0.21359223300970873,0.21359223300970873,0.7087378640776699,0.06796116504854369,0.22330097087378642,0.9029126213592233,0.006472491909385114,0.09061488673139159,
0.0,0.005,independent_latents,logger2_heavy,2,no_behavior,0.24919093851132687,0.24919093851132687,0.6666666666666666,0.0744336569579288,0.2588996763754045,0.9029126213592233,0.006472491909385114,0.09061488673139159,
0.0,0.005,independent_latents,logger2_heavy,2,source_dependent_reward,0.18446601941747573,0.18446601941747573,0.7216828478964401,0.061488673139158574,0.2168284789644013,0.9029126213592233,0.006472491909385114,0.09061488673139159,
0.0,0.005,independent_latents,logger2_heavy,3,pooled_mlp,0.255663430420712,0.255663430420712,0.656957928802589,0.07119741100323625,0.27184466019417475,0.9029126213592233,0.006472491909385114,0.09061488673139159,
0.0,0.005,independent_latents,logger2_heavy,3,source_balanced_pooled_mlp,0.21035598705501618,0.21035598705501618,0.6957928802588996,0.08737864077669903,0.2168284789644013,0.9029126213592233,0.006472491909385114,0.09061488673139159,
0.0,0.005,independent_latents,logger2_heavy,3,source_conditioned_decoder,0.27184466019417475,0.27184466019417475,0.6375404530744336,0.06472491909385113,0.2977346278317152,0.9029126213592233,0.006472491909385114,0.09061488673139159,
0.0,0.005,independent_latents,logger2_heavy,3,per_source_models,0.22006472491909385,0.22006472491909385,0.6893203883495146,0.08737864077669903,0.22330097087378642,0.9029126213592233,0.006472491909385114,0.09061488673139159,
0.0,0.005,independent_latents,logger2_heavy,3,mechanism_separated,0.24919093851132687,0.24919093851132687,0.6634304207119741,0.0744336569579288,0.2621359223300971,0.9029126213592233,0.006472491909385114,0.09061488673139159,
0.0,0.005,independent_latents,logger2_heavy,3,oracle_u_aware,0.2168284789644013,0.2168284789644013,0.6990291262135923,0.07119741100323625,0.2297734627831715,0.9029126213592233,0.006472491909385114,0.09061488673139159,
0.0,0.005,independent_latents,logger2_heavy,3,source_shuffle,0.22653721682847897,0.22653721682847897,0.686084142394822,0.06796116504854369,0.2459546925566343,0.9029126213592233,0.006472491909385114,0.09061488673139159,
0.0,0.005,independent_latents,logger2_heavy,3,no_behavior,0.22006472491909385,0.22006472491909385,0.6957928802588996,0.09061488673139159,0.21359223300970873,0.9029126213592233,0.006472491909385114,0.09061488673139159,
0.0,0.005,independent_latents,logger2_heavy,3,source_dependent_reward,0.2297734627831715,0.2297734627831715,0.6796116504854369,0.08090614886731391,0.23948220064724918,0.9029126213592233,0.006472491909385114,0.09061488673139159,
0.0,0.005,independent_latents,logger2_heavy,4,pooled_mlp,0.2297734627831715,0.2297734627831715,0.686084142394822,0.07766990291262135,0.23624595469255663,0.9029126213592233,0.006472491909385114,0.09061488673139159,
0.0,0.005,independent_latents,logger2_heavy,4,source_balanced_pooled_mlp,0.19093851132686085,0.19093851132686085,0.7249190938511327,0.09385113268608414,0.18122977346278318,0.9029126213592233,0.006472491909385114,0.09061488673139159,
0.0,0.005,independent_latents,logger2_heavy,4,source_conditioned_decoder,0.1488673139158576,0.1488673139158576,0.7702265372168284,0.05825242718446602,0.1715210355987055,0.9029126213592233,0.006472491909385114,0.09061488673139159,
0.0,0.005,independent_latents,logger2_heavy,4,per_source_models,0.1650485436893204,0.1650485436893204,0.7572815533980582,0.042071197411003236,0.20064724919093851,0.9029126213592233,0.006472491909385114,0.09061488673139159,
0.0,0.005,independent_latents,logger2_heavy,4,mechanism_separated,0.21035598705501618,0.21035598705501618,0.7216828478964401,0.045307443365695796,0.23300970873786409,0.9029126213592233,0.006472491909385114,0.09061488673139159,
0.0,0.005,independent_latents,logger2_heavy,4,oracle_u_aware,0.19741100323624594,0.19741100323624594,0.7734627831715211,0.03559870550161812,0.19093851132686085,0.9029126213592233,0.006472491909385114,0.09061488673139159,
0.0,0.005,independent_latents,logger2_heavy,4,source_shuffle,0.22653721682847897,0.22653721682847897,0.6957928802588996,0.0744336569579288,0.2297734627831715,0.9029126213592233,0.006472491909385114,0.09061488673139159,
0.0,0.005,independent_latents,logger2_heavy,4,no_behavior,0.26537216828478966,0.26537216828478966,0.6504854368932039,0.08737864077669903,0.2621359223300971,0.9029126213592233,0.006472491909385114,0.09061488673139159,
0.0,0.005,independent_latents,logger2_heavy,4,source_dependent_reward,0.1650485436893204,0.1650485436893204,0.7443365695792881,0.042071197411003236,0.21359223300970873,0.9029126213592233,0.006472491909385114,0.09061488673139159,
0.0,0.01,confounded,logger1_heavy,0,pooled_mlp,0.7443365695792881,0.7443365695792881,0.1650485436893204,0.08090614886731391,0.7540453074433657,0.9029126213592233,0.006472491909385114,0.09061488673139159,
0.0,0.01,confounded,logger1_heavy,0,source_balanced_pooled_mlp,0.7669902912621359,0.7669902912621359,0.1423948220064725,0.10032362459546926,0.7572815533980582,0.9029126213592233,0.006472491909385114,0.09061488673139159,
0.0,0.01,confounded,logger1_heavy,0,source_conditioned_decoder,0.6504854368932039,0.6504854368932039,0.2588996763754045,0.05825242718446602,0.6828478964401294,0.9029126213592233,0.006472491909385114,0.09061488673139159,
0.0,0.01,confounded,logger1_heavy,0,per_source_models,0.5825242718446602,0.5825242718446602,0.3268608414239482,0.06472491909385113,0.6084142394822006,0.9029126213592233,0.006472491909385114,0.09061488673139159,
0.0,0.01,confounded,logger1_heavy,0,mechanism_separated,0.7961165048543689,0.7961165048543689,0.11326860841423948,0.08090614886731391,0.8058252427184466,0.9029126213592233,0.006472491909385114,0.09061488673139159,
0.0,0.01,confounded,logger1_heavy,0,oracle_u_aware,0.20064724919093851,0.20064724919093851,0.7313915857605178,0.045307443365695796,0.22330097087378642,0.9029126213592233,0.006472491909385114,0.09061488673139159,
0.0,0.01,confounded,logger1_heavy,0,source_shuffle,0.8381877022653722,0.8381877022653722,0.07119741100323625,0.045307443365695796,0.883495145631068,0.9029126213592233,0.006472491909385114,0.09061488673139159,
0.0,0.01,confounded,logger1_heavy,0,no_behavior,0.7572815533980582,0.7572815533980582,0.15210355987055016,0.061488673139158574,0.7864077669902912,0.9029126213592233,0.006472491909385114,0.09061488673139159,
0.0,0.01,confounded,logger1_heavy,0,source_dependent_reward,0.656957928802589,0.656957928802589,0.2524271844660194,0.10032362459546926,0.6472491909385113,0.9029126213592233,0.006472491909385114,0.09061488673139159,
0.0,0.01,confounded,logger1_heavy,1,pooled_mlp,0.7508090614886731,0.7508090614886731,0.15857605177993528,0.10679611650485436,0.7346278317152104,0.9029126213592233,0.006472491909385114,0.09061488673139159,
0.0,0.01,confounded,logger1_heavy,1,source_balanced_pooled_mlp,0.6796116504854369,0.6796116504854369,0.2297734627831715,0.08737864077669903,0.6828478964401294,0.9029126213592233,0.006472491909385114,0.09061488673139159,
0.0,0.01,confounded,logger1_heavy,1,source_conditioned_decoder,0.7540453074433657,0.7540453074433657,0.1553398058252427,0.06472491909385113,0.7799352750809061,0.9029126213592233,0.006472491909385114,0.09061488673139159,
0.0,0.01,confounded,logger1_heavy,1,per_source_models,0.6893203883495146,0.6893203883495146,0.22006472491909385,0.10032362459546926,0.6796116504854369,0.9029126213592233,0.006472491909385114,0.09061488673139159,
0.0,0.01,confounded,logger1_heavy,1,mechanism_separated,0.7637540453074434,0.7637540453074434,0.14563106796116504,0.10032362459546926,0.7540453074433657,0.9029126213592233,0.006472491909385114,0.09061488673139159,
0.0,0.01,confounded,logger1_heavy,1,oracle_u_aware,0.24271844660194175,0.24271844660194175,0.6666666666666666,0.0970873786407767,0.23624595469255663,0.9029126213592233,0.006472491909385114,0.09061488673139159,
0.0,0.01,confounded,logger1_heavy,1,source_shuffle,0.7605177993527508,0.7605177993527508,0.1488673139158576,0.09385113268608414,0.7572815533980582,0.9029126213592233,0.006472491909385114,0.09061488673139159,
0.0,0.01,confounded,logger1_heavy,1,no_behavior,0.8025889967637541,0.8025889967637541,0.10679611650485436,0.07766990291262135,0.8155339805825242,0.9029126213592233,0.006472491909385114,0.09061488673139159,
0.0,0.01,confounded,logger1_heavy,1,source_dependent_reward,0.6957928802588996,0.6957928802588996,0.22006472491909385,0.07766990291262135,0.7022653721682848,0.9029126213592233,0.006472491909385114,0.09061488673139159,
0.0,0.01,confounded,logger1_heavy,2,pooled_mlp,0.7799352750809061,0.7799352750809061,0.12944983818770225,0.0970873786407767,0.7734627831715211,0.9029126213592233,0.006472491909385114,0.09061488673139159,
0.0,0.01,confounded,logger1_heavy,2,source_balanced_pooled_mlp,0.6472491909385113,0.6472491909385113,0.26537216828478966,0.13268608414239483,0.6019417475728155,0.9029126213592233,0.006472491909385114,0.09061488673139159,
0.0,0.01,confounded,logger1_heavy,2,source_conditioned_decoder,0.6634304207119741,0.6634304207119741,0.2459546925566343,0.07119741100323625,0.6828478964401294,0.9029126213592233,0.006472491909385114,0.09061488673139159,
0.0,0.01,confounded,logger1_heavy,2,per_source_models,0.6084142394822006,0.6084142394822006,0.30097087378640774,0.09061488673139159,0.6084142394822006,0.9029126213592233,0.006472491909385114,0.09061488673139159,
0.0,0.01,confounded,logger1_heavy,2,mechanism_separated,0.7896440129449838,0.7896440129449838,0.11974110032362459,0.06796116504854369,0.8122977346278317,0.9029126213592233,0.006472491909385114,0.09061488673139159,
0.0,0.01,confounded,logger1_heavy,2,oracle_u_aware,0.27184466019417475,0.27184466019417475,0.6634304207119741,0.07119741100323625,0.26537216828478966,0.9029126213592233,0.006472491909385114,0.09061488673139159,
0.0,0.01,confounded,logger1_heavy,2,source_shuffle,0.7799352750809061,0.7799352750809061,0.12944983818770225,0.08414239482200647,0.7864077669902912,0.9029126213592233,0.006472491909385114,0.09061488673139159,
0.0,0.01,confounded,logger1_heavy,2,no_behavior,0.8187702265372169,0.8187702265372169,0.09061488673139159,0.0744336569579288,0.8349514563106796,0.9029126213592233,0.006472491909385114,0.09061488673139159,
0.0,0.01,confounded,logger1_heavy,2,source_dependent_reward,0.6504854368932039,0.6504854368932039,0.2588996763754045,0.061488673139158574,0.6796116504854369,0.9029126213592233,0.006472491909385114,0.09061488673139159,
0.0,0.01,confounded,logger1_heavy,3,pooled_mlp,0.7928802588996764,0.7928802588996764,0.11650485436893204,0.08737864077669903,0.7961165048543689,0.9029126213592233,0.006472491909385114,0.09061488673139159,
0.0,0.01,confounded,logger1_heavy,3,source_balanced_pooled_mlp,0.6990291262135923,0.6990291262135923,0.21035598705501618,0.11003236245954692,0.6796116504854369,0.9029126213592233,0.006472491909385114,0.09061488673139159,
0.0,0.01,confounded,logger1_heavy,3,source_conditioned_decoder,0.6537216828478964,0.6537216828478964,0.255663430420712,0.09061488673139159,0.6537216828478964,0.9029126213592233,0.006472491909385114,0.09061488673139159,
0.0,0.01,confounded,logger1_heavy,3,per_source_models,0.6699029126213593,0.6699029126213593,0.23948220064724918,0.08090614886731391,0.6796116504854369,0.9029126213592233,0.006472491909385114,0.09061488673139159,
0.0,0.01,confounded,logger1_heavy,3,mechanism_separated,0.6245954692556634,0.6245954692556634,0.2912621359223301,0.09385113268608414,0.6148867313915858,0.9029126213592233,0.006472491909385114,0.09061488673139159,
0.0,0.01,confounded,logger1_heavy,3,oracle_u_aware,0.1715210355987055,0.1715210355987055,0.7443365695792881,0.05825242718446602,0.19741100323624594,0.9029126213592233,0.006472491909385114,0.09061488673139159,
0.0,0.01,confounded,logger1_heavy,3,source_shuffle,0.656957928802589,0.656957928802589,0.2588996763754045,0.10355987055016182,0.6375404530744336,0.9029126213592233,0.006472491909385114,0.09061488673139159,
0.0,0.01,confounded,logger1_heavy,3,no_behavior,0.7734627831715211,0.7734627831715211,0.13592233009708737,0.06796116504854369,0.7961165048543689,0.9029126213592233,0.006472491909385114,0.09061488673139159,
0.0,0.01,confounded,logger1_heavy,3,source_dependent_reward,0.7734627831715211,0.7734627831715211,0.13592233009708737,0.11326860841423948,0.7508090614886731,0.9029126213592233,0.006472491909385114,0.09061488673139159,
0.0,0.01,confounded,logger1_heavy,4,pooled_mlp,0.7669902912621359,0.7669902912621359,0.1423948220064725,0.08737864077669903,0.7702265372168284,0.9029126213592233,0.006472491909385114,0.09061488673139159,
0.0,0.01,confounded,logger1_heavy,4,source_balanced_pooled_mlp,0.6925566343042071,0.6925566343042071,0.2168284789644013,0.08090614886731391,0.7022653721682848,0.9029126213592233,0.006472491909385114,0.09061488673139159,
0.0,0.01,confounded,logger1_heavy,4,source_conditioned_decoder,0.6666666666666666,0.6666666666666666,0.24271844660194175,0.06796116504854369,0.6893203883495146,0.9029126213592233,0.006472491909385114,0.09061488673139159,
0.0,0.01,confounded,logger1_heavy,4,per_source_models,0.6504854368932039,0.6504854368932039,0.2588996763754045,0.11326860841423948,0.627831715210356,0.9029126213592233,0.006472491909385114,0.09061488673139159,
0.0,0.01,confounded,logger1_heavy,4,mechanism_separated,0.7249190938511327,0.7249190938511327,0.18446601941747573,0.10679611650485436,0.7087378640776699,0.9029126213592233,0.006472491909385114,0.09061488673139159,
0.0,0.01,confounded,logger1_heavy,4,oracle_u_aware,0.22653721682847897,0.22653721682847897,0.6990291262135923,0.038834951456310676,0.2621359223300971,0.9029126213592233,0.006472491909385114,0.09061488673139159,
0.0,0.01,confounded,logger1_heavy,4,source_shuffle,0.7572815533980582,0.7572815533980582,0.15210355987055016,0.10355987055016182,0.7443365695792881,0.9029126213592233,0.006472491909385114,0.09061488673139159,
0.0,0.01,confounded,logger1_heavy,4,no_behavior,0.7637540453074434,0.7637540453074434,0.14563106796116504,0.07119741100323625,0.7831715210355987,0.9029126213592233,0.006472491909385114,0.09061488673139159,
0.0,0.01,confounded,logger1_heavy,4,source_dependent_reward,0.7443365695792881,0.7443365695792881,0.1650485436893204,0.0744336569579288,0.7605177993527508,0.9029126213592233,0.006472491909385114,0.09061488673139159,
0.0,0.01,confounded,logger12_balanced,0,pooled_mlp,0.7669902912621359,0.7669902912621359,0.1423948220064725,0.10032362459546926,0.7572815533980582,0.9029126213592233,0.006472491909385114,0.09061488673139159,0.0
0.0,0.01,confounded,logger12_balanced,0,source_balanced_pooled_mlp,0.7669902912621359,0.7669902912621359,0.1423948220064725,0.10032362459546926,0.7572815533980582,0.9029126213592233,0.006472491909385114,0.09061488673139159,0.0
0.0,0.01,confounded,logger12_balanced,0,source_conditioned_decoder,0.6213592233009708,0.6213592233009708,0.28802588996763756,0.038834951456310676,0.6731391585760518,0.9029126213592233,0.006472491909385114,0.09061488673139159,0.0
0.0,0.01,confounded,logger12_balanced,0,per_source_models,0.686084142394822,0.686084142394822,0.22330097087378642,0.08414239482200647,0.6925566343042071,0.9029126213592233,0.006472491909385114,0.09061488673139159,0.0
0.0,0.01,confounded,logger12_balanced,0,mechanism_separated,0.7087378640776699,0.7087378640776699,0.20064724919093851,0.08090614886731391,0.7184466019417476,0.9029126213592233,0.006472491909385114,0.09061488673139159,0.0
0.0,0.01,confounded,logger12_balanced,0,oracle_u_aware,0.13915857605177995,0.13915857605177995,0.7766990291262136,0.045307443365695796,0.1779935275080906,0.9029126213592233,0.006472491909385114,0.09061488673139159,0.0
0.0,0.01,confounded,logger12_balanced,0,source_shuffle,0.7249190938511327,0.7249190938511327,0.18446601941747573,0.06796116504854369,0.7475728155339806,0.9029126213592233,0.006472491909385114,0.09061488673139159,0.0
0.0,0.01,confounded,logger12_balanced,0,no_behavior,0.7281553398058253,0.7281553398058253,0.18122977346278318,0.061488673139158574,0.7572815533980582,0.9029126213592233,0.006472491909385114,0.09061488673139159,0.0
0.0,0.01,confounded,logger12_balanced,0,source_dependent_reward,0.6407766990291263,0.6407766990291263,0.2686084142394822,0.10032362459546926,0.6310679611650486,0.9029126213592233,0.006472491909385114,0.09061488673139159,0.0
0.0,0.01,confounded,logger12_balanced,1,pooled_mlp,0.6796116504854369,0.6796116504854369,0.2297734627831715,0.08737864077669903,0.6828478964401294,0.9029126213592233,0.006472491909385114,0.09061488673139159,0.0
0.0,0.01,confounded,logger12_balanced,1,source_balanced_pooled_mlp,0.6796116504854369,0.6796116504854369,0.2297734627831715,0.08737864077669903,0.6828478964401294,0.9029126213592233,0.006472491909385114,0.09061488673139159,0.0
0.0,0.01,confounded,logger12_balanced,1,source_conditioned_decoder,0.7119741100323624,0.7119741100323624,0.19741100323624594,0.10355987055016182,0.7022653721682848,0.9029126213592233,0.006472491909385114,0.09061488673139159,0.0
0.0,0.01,confounded,logger12_balanced,1,per_source_models,0.6699029126213593,0.6699029126213593,0.23948220064724918,0.06796116504854369,0.6925566343042071,0.9029126213592233,0.006472491909385114,0.09061488673139159,0.0
0.0,0.01,confounded,logger12_balanced,1,mechanism_separated,0.6763754045307443,0.6763754045307443,0.23300970873786409,0.0970873786407767,0.6699029126213593,0.9029126213592233,0.006472491909385114,0.09061488673139159,0.0
0.0,0.01,confounded,logger12_balanced,1,oracle_u_aware,0.255663430420712,0.255663430420712,0.6504854368932039,0.11003236245954692,0.23948220064724918,0.9029126213592233,0.006472491909385114,0.09061488673139159,0.0
0.0,0.01,confounded,logger12_balanced,1,source_shuffle,0.7119741100323624,0.7119741100323624,0.19741100323624594,0.10032362459546926,0.7022653721682848,0.9029126213592233,0.006472491909385114,0.09061488673139159,0.0
0.0,0.01,confounded,logger12_balanced,1,no_behavior,0.6796116504854369,0.6796116504854369,0.2297734627831715,0.08414239482200647,0.686084142394822,0.9029126213592233,0.006472491909385114,0.09061488673139159,0.0
0.0,0.01,confounded,logger12_balanced,1,source_dependent_reward,0.6375404530744336,0.6375404530744336,0.27184466019417475,0.0970873786407767,0.6310679611650486,0.9029126213592233,0.006472491909385114,0.09061488673139159,0.0
0.0,0.01,confounded,logger12_balanced,2,pooled_mlp,0.6472491909385113,0.6472491909385113,0.26537216828478966,0.13268608414239483,0.6019417475728155,0.9029126213592233,0.006472491909385114,0.09061488673139159,0.0
0.0,0.01,confounded,logger12_balanced,2,source_balanced_pooled_mlp,0.6472491909385113,0.6472491909385113,0.26537216828478966,0.13268608414239483,0.6019417475728155,0.9029126213592233,0.006472491909385114,0.09061488673139159,0.0
0.0,0.01,confounded,logger12_balanced,2,source_conditioned_decoder,0.6407766990291263,0.6407766990291263,0.2686084142394822,0.08737864077669903,0.6440129449838188,0.9029126213592233,0.006472491909385114,0.09061488673139159,0.0
0.0,0.01,confounded,logger12_balanced,2,per_source_models,0.6440129449838188,0.6440129449838188,0.26537216828478966,0.11650485436893204,0.6181229773462783,0.9029126213592233,0.006472491909385114,0.09061488673139159,0.0
0.0,0.01,confounded,logger12_balanced,2,mechanism_separated,0.7087378640776699,0.7087378640776699,0.20064724919093851,0.11650485436893204,0.6828478964401294,0.9029126213592233,0.006472491909385114,0.09061488673139159,0.0
0.0,0.01,confounded,logger12_balanced,2,oracle_u_aware,0.255663430420712,0.255663430420712,0.6537216828478964,0.08090614886731391,0.26537216828478966,0.9029126213592233,0.006472491909385114,0.09061488673139159,0.0
0.0,0.01,confounded,logger12_balanced,2,source_shuffle,0.6957928802588996,0.6957928802588996,0.21359223300970873,0.12944983818770225,0.656957928802589,0.9029126213592233,0.006472491909385114,0.09061488673139159,0.0
0.0,0.01,confounded,logger12_balanced,2,no_behavior,0.7281553398058253,0.7281553398058253,0.18122977346278318,0.13268608414239483,0.686084142394822,0.9029126213592233,0.006472491909385114,0.09061488673139159,0.0
0.0,0.01,confounded,logger12_balanced,2,source_dependent_reward,0.6343042071197411,0.6343042071197411,0.2750809061488673,0.05501618122977346,0.6699029126213593,0.9029126213592233,0.006472491909385114,0.09061488673139159,0.0
0.0,0.01,confounded,logger12_balanced,3,pooled_mlp,0.6990291262135923,0.6990291262135923,0.21035598705501618,0.11003236245954692,0.6796116504854369,0.9029126213592233,0.006472491909385114,0.09061488673139159,0.0
0.0,0.01,confounded,logger12_balanced,3,source_balanced_pooled_mlp,0.6990291262135923,0.6990291262135923,0.21035598705501618,0.11003236245954692,0.6796116504854369,0.9029126213592233,0.006472491909385114,0.09061488673139159,0.0
0.0,0.01,confounded,logger12_balanced,3,source_conditioned_decoder,0.6634304207119741,0.6634304207119741,0.2459546925566343,0.08414239482200647,0.6699029126213593,0.9029126213592233,0.006472491909385114,0.09061488673139159,0.0
0.0,0.01,confounded,logger12_balanced,3,per_source_models,0.6375404530744336,0.6375404530744336,0.27184466019417475,0.11003236245954692,0.6181229773462783,0.9029126213592233,0.006472491909385114,0.09061488673139159,0.0
0.0,0.01,confounded,logger12_balanced,3,mechanism_separated,0.686084142394822,0.686084142394822,0.22330097087378642,0.10032362459546926,0.6763754045307443,0.9029126213592233,0.006472491909385114,0.09061488673139159,0.0
0.0,0.01,confounded,logger12_balanced,3,oracle_u_aware,0.24271844660194175,0.24271844660194175,0.6699029126213593,0.07119741100323625,0.2588996763754045,0.9029126213592233,0.006472491909385114,0.09061488673139159,0.0
0.0,0.01,confounded,logger12_balanced,3,source_shuffle,0.6504854368932039,0.6504854368932039,0.2588996763754045,0.11974110032362459,0.6213592233009708,0.9029126213592233,0.006472491909385114,0.09061488673139159,0.0
0.0,0.01,confounded,logger12_balanced,3,no_behavior,0.6472491909385113,0.6472491909385113,0.2621359223300971,0.11974110032362459,0.6181229773462783,0.9029126213592233,0.006472491909385114,0.09061488673139159,0.0
0.0,0.01,confounded,logger12_balanced,3,source_dependent_reward,0.6634304207119741,0.6634304207119741,0.2459546925566343,0.061488673139158574,0.6925566343042071,0.9029126213592233,0.006472491909385114,0.09061488673139159,0.0
0.0,0.01,confounded,logger12_balanced,4,pooled_mlp,0.6925566343042071,0.6925566343042071,0.2168284789644013,0.08090614886731391,0.7022653721682848,0.9029126213592233,0.006472491909385114,0.09061488673139159,0.0
0.0,0.01,confounded,logger12_balanced,4,source_balanced_pooled_mlp,0.6925566343042071,0.6925566343042071,0.2168284789644013,0.08090614886731391,0.7022653721682848,0.9029126213592233,0.006472491909385114,0.09061488673139159,0.0
0.0,0.01,confounded,logger12_balanced,4,source_conditioned_decoder,0.5275080906148867,0.5275080906148867,0.3818770226537217,0.09385113268608414,0.5242718446601942,0.9029126213592233,0.006472491909385114,0.09061488673139159,0.0
0.0,0.01,confounded,logger12_balanced,4,per_source_models,0.6407766990291263,0.6407766990291263,0.2686084142394822,0.09385113268608414,0.6375404530744336,0.9029126213592233,0.006472491909385114,0.09061488673139159,0.0
0.0,0.01,confounded,logger12_balanced,4,mechanism_separated,0.6796116504854369,0.6796116504854369,0.2297734627831715,0.12944983818770225,0.6407766990291263,0.9029126213592233,0.006472491909385114,0.09061488673139159,0.0
0.0,0.01,confounded,logger12_balanced,4,oracle_u_aware,0.24919093851132687,0.24919093851132687,0.6601941747572816,0.061488673139158574,0.2783171521035599,0.9029126213592233,0.006472491909385114,0.09061488673139159,0.0
0.0,0.01,confounded,logger12_balanced,4,source_shuffle,0.6925566343042071,0.6925566343042071,0.2168284789644013,0.13915857605177995,0.6440129449838188,0.9029126213592233,0.006472491909385114,0.09061488673139159,0.0
0.0,0.01,confounded,logger12_balanced,4,no_behavior,0.6699029126213593,0.6699029126213593,0.23948220064724918,0.09385113268608414,0.6666666666666666,0.9029126213592233,0.006472491909385114,0.09061488673139159,0.0
0.0,0.01,confounded,logger12_balanced,4,source_dependent_reward,0.6699029126213593,0.6699029126213593,0.23948220064724918,0.09061488673139159,0.6699029126213593,0.9029126213592233,0.006472491909385114,0.09061488673139159,0.0
0.0,0.01,confounded,logger2_heavy,0,pooled_mlp,0.5436893203883495,0.5436893203883495,0.3656957928802589,0.10032362459546926,0.5339805825242718,0.9029126213592233,0.006472491909385114,0.09061488673139159,
0.0,0.01,confounded,logger2_heavy,0,source_balanced_pooled_mlp,0.7669902912621359,0.7669902912621359,0.1423948220064725,0.10032362459546926,0.7572815533980582,0.9029126213592233,0.006472491909385114,0.09061488673139159,
0.0,0.01,confounded,logger2_heavy,0,source_conditioned_decoder,0.5760517799352751,0.5760517799352751,0.3333333333333333,0.0970873786407767,0.56957928802589,0.9029126213592233,0.006472491909385114,0.09061488673139159,
0.0,0.01,confounded,logger2_heavy,0,per_source_models,0.7087378640776699,0.7087378640776699,0.20064724919093851,0.07119741100323625,0.7281553398058253,0.9029126213592233,0.006472491909385114,0.09061488673139159,
0.0,0.01,confounded,logger2_heavy,0,mechanism_separated,0.5275080906148867,0.5275080906148867,0.3818770226537217,0.1262135922330097,0.4919093851132686,0.9029126213592233,0.006472491909385114,0.09061488673139159,
0.0,0.01,confounded,logger2_heavy,0,oracle_u_aware,0.1488673139158576,0.1488673139158576,0.7637540453074434,0.061488673139158574,0.17475728155339806,0.9029126213592233,0.006472491909385114,0.09061488673139159,
0.0,0.01,confounded,logger2_heavy,0,source_shuffle,0.5436893203883495,0.5436893203883495,0.3656957928802589,0.06472491909385113,0.56957928802589,0.9029126213592233,0.006472491909385114,0.09061488673139159,
0.0,0.01,confounded,logger2_heavy,0,no_behavior,0.5501618122977346,0.5469255663430421,0.36245954692556637,0.07119741100323625,0.56957928802589,0.9029126213592233,0.006472491909385114,0.09061488673139159,
0.0,0.01,confounded,logger2_heavy,0,source_dependent_reward,0.627831715210356,0.627831715210356,0.2815533980582524,0.07766990291262135,0.6407766990291263,0.9029126213592233,0.006472491909385114,0.09061488673139159,
0.0,0.01,confounded,logger2_heavy,1,pooled_mlp,0.4886731391585761,0.4886731391585761,0.4174757281553398,0.10679611650485436,0.47572815533980584,0.9029126213592233,0.006472491909385114,0.09061488673139159,
0.0,0.01,confounded,logger2_heavy,1,source_balanced_pooled_mlp,0.6796116504854369,0.6796116504854369,0.2297734627831715,0.08737864077669903,0.6828478964401294,0.9029126213592233,0.006472491909385114,0.09061488673139159,
0.0,0.01,confounded,logger2_heavy,1,source_conditioned_decoder,0.5760517799352751,0.5760517799352751,0.3333333333333333,0.09061488673139159,0.5760517799352751,0.9029126213592233,0.006472491909385114,0.09061488673139159,
0.0,0.01,confounded,logger2_heavy,1,per_source_models,0.6310679611650486,0.6310679611650486,0.2783171521035599,0.10355987055016182,0.6181229773462783,0.9029126213592233,0.006472491909385114,0.09061488673139159,
0.0,0.01,confounded,logger2_heavy,1,mechanism_separated,0.5501618122977346,0.5501618122977346,0.3592233009708738,0.13592233009708737,0.5048543689320388,0.9029126213592233,0.006472491909385114,0.09061488673139159,
0.0,0.01,confounded,logger2_heavy,1,oracle_u_aware,0.24271844660194175,0.24271844660194175,0.6699029126213593,0.08737864077669903,0.24271844660194175,0.9029126213592233,0.006472491909385114,0.09061488673139159,
0.0,0.01,confounded,logger2_heavy,1,source_shuffle,0.598705501618123,0.598705501618123,0.3106796116504854,0.15857605177993528,0.5307443365695793,0.9029126213592233,0.006472491909385114,0.09061488673139159,
0.0,0.01,confounded,logger2_heavy,1,no_behavior,0.5080906148867314,0.5080906148867314,0.40129449838187703,0.11326860841423948,0.4854368932038835,0.9029126213592233,0.006472491909385114,0.09061488673139159,
0.0,0.01,confounded,logger2_heavy,1,source_dependent_reward,0.5275080906148867,0.5275080906148867,0.3818770226537217,0.08737864077669903,0.5307443365695793,0.9029126213592233,0.006472491909385114,0.09061488673139159,
0.0,0.01,confounded,logger2_heavy,2,pooled_mlp,0.5792880258899676,0.5792880258899676,0.3300970873786408,0.0970873786407767,0.5728155339805825,0.9029126213592233,0.006472491909385114,0.09061488673139159,
0.0,0.01,confounded,logger2_heavy,2,source_balanced_pooled_mlp,0.6472491909385113,0.6472491909385113,0.26537216828478966,0.13268608414239483,0.6019417475728155,0.9029126213592233,0.006472491909385114,0.09061488673139159,
0.0,0.01,confounded,logger2_heavy,2,source_conditioned_decoder,0.6084142394822006,0.6084142394822006,0.30097087378640774,0.06796116504854369,0.6310679611650486,0.9029126213592233,0.006472491909385114,0.09061488673139159,
0.0,0.01,confounded,logger2_heavy,2,per_source_models,0.6634304207119741,0.6634304207119741,0.2459546925566343,0.09385113268608414,0.6601941747572816,0.9029126213592233,0.006472491909385114,0.09061488673139159,
0.0,0.01,confounded,logger2_heavy,2,mechanism_separated,0.656957928802589,0.656957928802589,0.2524271844660194,0.12297734627831715,0.6245954692556634,0.9029126213592233,0.006472491909385114,0.09061488673139159,
0.0,0.01,confounded,logger2_heavy,2,oracle_u_aware,0.20064724919093851,0.20064724919093851,0.7216828478964401,0.04854368932038835,0.2297734627831715,0.9029126213592233,0.006472491909385114,0.09061488673139159,
0.0,0.01,confounded,logger2_heavy,2,source_shuffle,0.6472491909385113,0.6472491909385113,0.2621359223300971,0.13592233009708737,0.6019417475728155,0.9029126213592233,0.006472491909385114,0.09061488673139159,
0.0,0.01,confounded,logger2_heavy,2,no_behavior,0.6375404530744336,0.6375404530744336,0.27184466019417475,0.14563106796116504,0.5825242718446602,0.9029126213592233,0.006472491909385114,0.09061488673139159,
0.0,0.01,confounded,logger2_heavy,2,source_dependent_reward,0.6213592233009708,0.6213592233009708,0.28802588996763756,0.06472491909385113,0.6472491909385113,0.9029126213592233,0.006472491909385114,0.09061488673139159,
0.0,0.01,confounded,logger2_heavy,3,pooled_mlp,0.598705501618123,0.598705501618123,0.3106796116504854,0.11974110032362459,0.56957928802589,0.9029126213592233,0.006472491909385114,0.09061488673139159,
0.0,0.01,confounded,logger2_heavy,3,source_balanced_pooled_mlp,0.6990291262135923,0.6990291262135923,0.21035598705501618,0.11003236245954692,0.6796116504854369,0.9029126213592233,0.006472491909385114,0.09061488673139159,
0.0,0.01,confounded,logger2_heavy,3,source_conditioned_decoder,0.6537216828478964,0.6537216828478964,0.255663430420712,0.09385113268608414,0.6504854368932039,0.9029126213592233,0.006472491909385114,0.09061488673139159,
0.0,0.01,confounded,logger2_heavy,3,per_source_models,0.598705501618123,0.598705501618123,0.3106796116504854,0.10679611650485436,0.5825242718446602,0.9029126213592233,0.006472491909385114,0.09061488673139159,
0.0,0.01,confounded,logger2_heavy,3,mechanism_separated,0.5760517799352751,0.5760517799352751,0.3365695792880259,0.11003236245954692,0.5533980582524272,0.9029126213592233,0.006472491909385114,0.09061488673139159,
0.0,0.01,confounded,logger2_heavy,3,oracle_u_aware,0.19093851132686085,0.19093851132686085,0.7249190938511327,0.05177993527508091,0.22330097087378642,0.9029126213592233,0.006472491909385114,0.09061488673139159,
0.0,0.01,confounded,logger2_heavy,3,source_shuffle,0.5857605177993528,0.5857605177993528,0.32362459546925565,0.12297734627831715,0.5533980582524272,0.9029126213592233,0.006472491909385114,0.09061488673139159,
0.0,0.01,confounded,logger2_heavy,3,no_behavior,0.5954692556634305,0.5954692556634305,0.313915857605178,0.0970873786407767,0.5889967637540453,0.9029126213592233,0.006472491909385114,0.09061488673139159,
0.0,0.01,confounded,logger2_heavy,3,source_dependent_reward,0.6245954692556634,0.6245954692556634,0.284789644012945,0.07119741100323625,0.6440129449838188,0.9029126213592233,0.006472491909385114,0.09061488673139159,
0.0,0.01,confounded,logger2_heavy,4,pooled_mlp,0.5307443365695793,0.5307443365695793,0.3786407766990291,0.12944983818770225,0.4919093851132686,0.9029126213592233,0.006472491909385114,0.09061488673139159,
0.0,0.01,confounded,logger2_heavy,4,source_balanced_pooled_mlp,0.6925566343042071,0.6925566343042071,0.2168284789644013,0.08090614886731391,0.7022653721682848,0.9029126213592233,0.006472491909385114,0.09061488673139159,
0.0,0.01,confounded,logger2_heavy,4,source_conditioned_decoder,0.5857605177993528,0.5857605177993528,0.32362459546925565,0.10679611650485436,0.56957928802589,0.9029126213592233,0.006472491909385114,0.09061488673139159,
0.0,0.01,confounded,logger2_heavy,4,per_source_models,0.6245954692556634,0.6245954692556634,0.284789644012945,0.09061488673139159,0.6245954692556634,0.9029126213592233,0.006472491909385114,0.09061488673139159,
0.0,0.01,confounded,logger2_heavy,4,mechanism_separated,0.5825242718446602,0.5825242718446602,0.3268608414239482,0.12297734627831715,0.5501618122977346,0.9029126213592233,0.006472491909385114,0.09061488673139159,
0.0,0.01,confounded,logger2_heavy,4,oracle_u_aware,0.16828478964401294,0.16828478964401294,0.7411003236245954,0.06472491909385113,0.1941747572815534,0.9029126213592233,0.006472491909385114,0.09061488673139159,
0.0,0.01,confounded,logger2_heavy,4,source_shuffle,0.5857605177993528,0.5857605177993528,0.32362459546925565,0.11650485436893204,0.5598705501618123,0.9029126213592233,0.006472491909385114,0.09061488673139159,
0.0,0.01,confounded,logger2_heavy,4,no_behavior,0.511326860841424,0.511326860841424,0.39805825242718446,0.11974110032362459,0.48220064724919093,0.9029126213592233,0.006472491909385114,0.09061488673139159,
0.0,0.01,confounded,logger2_heavy,4,source_dependent_reward,0.6019417475728155,0.6019417475728155,0.3074433656957929,0.0744336569579288,0.6181229773462783,0.9029126213592233,0.006472491909385114,0.09061488673139159,
0.0,0.01,independent_latents,logger1_heavy,0,pooled_mlp,0.24919093851132687,0.24919093851132687,0.6731391585760518,0.09385113268608414,0.23300970873786409,0.9029126213592233,0.006472491909385114,0.09061488673139159,
0.0,0.01,independent_latents,logger1_heavy,0,source_balanced_pooled_mlp,0.22330097087378642,0.22330097087378642,0.6925566343042071,0.09385113268608414,0.21359223300970873,0.9029126213592233,0.006472491909385114,0.09061488673139159,
0.0,0.01,independent_latents,logger1_heavy,0,source_conditioned_decoder,0.1779935275080906,0.1779935275080906,0.7411003236245954,0.045307443365695796,0.21359223300970873,0.9029126213592233,0.006472491909385114,0.09061488673139159,
0.0,0.01,independent_latents,logger1_heavy,0,per_source_models,0.1650485436893204,0.1650485436893204,0.7411003236245954,0.07766990291262135,0.18122977346278318,0.9029126213592233,0.006472491909385114,0.09061488673139159,
0.0,0.01,independent_latents,logger1_heavy,0,mechanism_separated,0.19093851132686085,0.19093851132686085,0.7249190938511327,0.061488673139158574,0.21359223300970873,0.9029126213592233,0.006472491909385114,0.09061488673139159,
0.0,0.01,independent_latents,logger1_heavy,0,oracle_u_aware,0.19741100323624594,0.19741100323624594,0.7119741100323624,0.06796116504854369,0.22006472491909385,0.9029126213592233,0.006472491909385114,0.09061488673139159,
0.0,0.01,independent_latents,logger1_heavy,0,source_shuffle,0.22330097087378642,0.22330097087378642,0.686084142394822,0.06796116504854369,0.2459546925566343,0.9029126213592233,0.006472491909385114,0.09061488673139159,
0.0,0.01,independent_latents,logger1_heavy,0,no_behavior,0.18446601941747573,0.18446601941747573,0.7281553398058253,0.06472491909385113,0.20711974110032363,0.9029126213592233,0.006472491909385114,0.09061488673139159,
0.0,0.01,independent_latents,logger1_heavy,0,source_dependent_reward,0.21359223300970873,0.21359223300970873,0.6957928802588996,0.061488673139158574,0.24271844660194175,0.9029126213592233,0.006472491909385114,0.09061488673139159,
0.0,0.01,independent_latents,logger1_heavy,1,pooled_mlp,0.27184466019417475,0.27184466019417475,0.6343042071197411,0.10032362459546926,0.26537216828478966,0.9029126213592233,0.006472491909385114,0.09061488673139159,
0.0,0.01,independent_latents,logger1_heavy,1,source_balanced_pooled_mlp,0.21359223300970873,0.21359223300970873,0.7055016181229773,0.07766990291262135,0.2168284789644013,0.9029126213592233,0.006472491909385114,0.09061488673139159,
0.0,0.01,independent_latents,logger1_heavy,1,source_conditioned_decoder,0.22330097087378642,0.22330097087378642,0.6925566343042071,0.04854368932038835,0.2588996763754045,0.9029126213592233,0.006472491909385114,0.09061488673139159,
0.0,0.01,independent_latents,logger1_heavy,1,per_source_models,0.18122977346278318,0.18122977346278318,0.7249190938511327,0.07119741100323625,0.20388349514563106,0.9029126213592233,0.006472491909385114,0.09061488673139159,
0.0,0.01,independent_latents,logger1_heavy,1,mechanism_separated,0.27184466019417475,0.27184466019417475,0.6504854368932039,0.09061488673139159,0.2588996763754045,0.9029126213592233,0.006472491909385114,0.09061488673139159,
0.0,0.01,independent_latents,logger1_heavy,1,oracle_u_aware,0.2297734627831715,0.2297734627831715,0.6796116504854369,0.08414239482200647,0.23624595469255663,0.9029126213592233,0.006472491909385114,0.09061488673139159,
0.0,0.01,independent_latents,logger1_heavy,1,source_shuffle,0.20064724919093851,0.20064724919093851,0.7184466019417476,0.061488673139158574,0.22006472491909385,0.9029126213592233,0.006472491909385114,0.09061488673139159,
0.0,0.01,independent_latents,logger1_heavy,1,no_behavior,0.28802588996763756,0.28802588996763756,0.6310679611650486,0.10679611650485436,0.2621359223300971,0.9029126213592233,0.006472491909385114,0.09061488673139159,
0.0,0.01,independent_latents,logger1_heavy,1,source_dependent_reward,0.1423948220064725,0.13915857605177995,0.7831715210355987,0.042071197411003236,0.1779935275080906,0.9029126213592233,0.006472491909385114,0.09061488673139159,
0.0,0.01,independent_latents,logger1_heavy,2,pooled_mlp,0.2912621359223301,0.2912621359223301,0.6213592233009708,0.11974110032362459,0.2588996763754045,0.9029126213592233,0.006472491909385114,0.09061488673139159,
0.0,0.01,independent_latents,logger1_heavy,2,source_balanced_pooled_mlp,0.20064724919093851,0.20064724919093851,0.7152103559870551,0.08414239482200647,0.20064724919093851,0.9029126213592233,0.006472491909385114,0.09061488673139159,
0.0,0.01,independent_latents,logger1_heavy,2,source_conditioned_decoder,0.2168284789644013,0.2168284789644013,0.6925566343042071,0.038834951456310676,0.2686084142394822,0.9029126213592233,0.006472491909385114,0.09061488673139159,
0.0,0.01,independent_latents,logger1_heavy,2,per_source_models,0.16181229773462782,0.16181229773462782,0.7508090614886731,0.06796116504854369,0.18122977346278318,0.9029126213592233,0.006472491909385114,0.09061488673139159,
0.0,0.01,independent_latents,logger1_heavy,2,mechanism_separated,0.24919093851132687,0.24919093851132687,0.6666666666666666,0.09385113268608414,0.23948220064724918,0.9029126213592233,0.006472491909385114,0.09061488673139159,
0.0,0.01,independent_latents,logger1_heavy,2,oracle_u_aware,0.1779935275080906,0.1779935275080906,0.7443365695792881,0.07119741100323625,0.18770226537216828,0.9029126213592233,0.006472491909385114,0.09061488673139159,
0.0,0.01,independent_latents,logger1_heavy,2,source_shuffle,0.23624595469255663,0.23624595469255663,0.6796116504854369,0.07766990291262135,0.24271844660194175,0.9029126213592233,0.006472491909385114,0.09061488673139159,
0.0,0.01,independent_latents,logger1_heavy,2,no_behavior,0.24271844660194175,0.24271844660194175,0.6666666666666666,0.07766990291262135,0.255663430420712,0.9029126213592233,0.006472491909385114,0.09061488673139159,
0.0,0.01,independent_latents,logger1_heavy,2,source_dependent_reward,0.2168284789644013,0.2168284789644013,0.7022653721682848,0.05825242718446602,0.23948220064724918,0.9029126213592233,0.006472491909385114,0.09061488673139159,
0.0,0.01,independent_latents,logger1_heavy,3,pooled_mlp,0.2459546925566343,0.2459546925566343,0.6666666666666666,0.08737864077669903,0.2459546925566343,0.9029126213592233,0.006472491909385114,0.09061488673139159,
0.0,0.01,independent_latents,logger1_heavy,3,source_balanced_pooled_mlp,0.19093851132686085,0.19093851132686085,0.7184466019417476,0.061488673139158574,0.22006472491909385,0.9029126213592233,0.006472491909385114,0.09061488673139159,
0.0,0.01,independent_latents,logger1_heavy,3,source_conditioned_decoder,0.2297734627831715,0.2297734627831715,0.6828478964401294,0.05177993527508091,0.26537216828478966,0.9029126213592233,0.006472491909385114,0.09061488673139159,
0.0,0.01,independent_latents,logger1_heavy,3,per_source_models,0.22006472491909385,0.22006472491909385,0.6925566343042071,0.07766990291262135,0.2297734627831715,0.9029126213592233,0.006472491909385114,0.09061488673139159,
0.0,0.01,independent_latents,logger1_heavy,3,mechanism_separated,0.2168284789644013,0.2168284789644013,0.7022653721682848,0.06796116504854369,0.2297734627831715,0.9029126213592233,0.006472491909385114,0.09061488673139159,
0.0,0.01,independent_latents,logger1_heavy,3,oracle_u_aware,0.2815533980582524,0.2815533980582524,0.6343042071197411,0.08090614886731391,0.284789644012945,0.9029126213592233,0.006472491909385114,0.09061488673139159,
0.0,0.01,independent_latents,logger1_heavy,3,source_shuffle,0.2459546925566343,0.2459546925566343,0.6699029126213593,0.07766990291262135,0.2524271844660194,0.9029126213592233,0.006472491909385114,0.09061488673139159,
0.0,0.01,independent_latents,logger1_heavy,3,no_behavior,0.2588996763754045,0.2588996763754045,0.656957928802589,0.05825242718446602,0.284789644012945,0.9029126213592233,0.006472491909385114,0.09061488673139159,
0.0,0.01,independent_latents,logger1_heavy,3,source_dependent_reward,0.19093851132686085,0.19093851132686085,0.7184466019417476,0.05177993527508091,0.2297734627831715,0.9029126213592233,0.006472491909385114,0.09061488673139159,
0.0,0.01,independent_latents,logger1_heavy,4,pooled_mlp,0.22653721682847897,0.22653721682847897,0.686084142394822,0.07766990291262135,0.23624595469255663,0.9029126213592233,0.006472491909385114,0.09061488673139159,
0.0,0.01,independent_latents,logger1_heavy,4,source_balanced_pooled_mlp,0.22653721682847897,0.22653721682847897,0.6828478964401294,0.10355987055016182,0.21359223300970873,0.9029126213592233,0.006472491909385114,0.09061488673139159,
0.0,0.01,independent_latents,logger1_heavy,4,source_conditioned_decoder,0.21359223300970873,0.21359223300970873,0.6990291262135923,0.0744336569579288,0.22653721682847897,0.9029126213592233,0.006472491909385114,0.09061488673139159,
0.0,0.01,independent_latents,logger1_heavy,4,per_source_models,0.18446601941747573,0.18446601941747573,0.7249190938511327,0.04854368932038835,0.22653721682847897,0.9029126213592233,0.006472491909385114,0.09061488673139159,
0.0,0.01,independent_latents,logger1_heavy,4,mechanism_separated,0.255663430420712,0.255663430420712,0.6990291262135923,0.07766990291262135,0.22330097087378642,0.9029126213592233,0.006472491909385114,0.09061488673139159,
0.0,0.01,independent_latents,logger1_heavy,4,oracle_u_aware,0.2297734627831715,0.2297734627831715,0.6828478964401294,0.07119741100323625,0.2459546925566343,0.9029126213592233,0.006472491909385114,0.09061488673139159,
0.0,0.01,independent_latents,logger1_heavy,4,source_shuffle,0.24271844660194175,0.24271844660194175,0.6666666666666666,0.06472491909385113,0.2686084142394822,0.9029126213592233,0.006472491909385114,0.09061488673139159,
0.0,0.01,independent_latents,logger1_heavy,4,no_behavior,0.22006472491909385,0.22006472491909385,0.6925566343042071,0.05501618122977346,0.2524271844660194,0.9029126213592233,0.006472491909385114,0.09061488673139159,
0.0,0.01,independent_latents,logger1_heavy,4,source_dependent_reward,0.21359223300970873,0.21359223300970873,0.7443365695792881,0.07766990291262135,0.1779935275080906,0.9029126213592233,0.006472491909385114,0.09061488673139159,
0.0,0.01,independent_latents,logger12_balanced,0,pooled_mlp,0.22330097087378642,0.22330097087378642,0.6925566343042071,0.09385113268608414,0.21359223300970873,0.9029126213592233,0.006472491909385114,0.09061488673139159,
0.0,0.01,independent_latents,logger12_balanced,0,source_balanced_pooled_mlp,0.22330097087378642,0.22330097087378642,0.6925566343042071,0.09385113268608414,0.21359223300970873,0.9029126213592233,0.006472491909385114,0.09061488673139159,
0.0,0.01,independent_latents,logger12_balanced,0,source_conditioned_decoder,0.20388349514563106,0.20388349514563106,0.7216828478964401,0.04854368932038835,0.2297734627831715,0.9029126213592233,0.006472491909385114,0.09061488673139159,
0.0,0.01,independent_latents,logger12_balanced,0,per_source_models,0.19093851132686085,0.19093851132686085,0.7184466019417476,0.06472491909385113,0.2168284789644013,0.9029126213592233,0.006472491909385114,0.09061488673139159,
0.0,0.01,independent_latents,logger12_balanced,0,mechanism_separated,0.20064724919093851,0.20064724919093851,0.7152103559870551,0.07119741100323625,0.21359223300970873,0.9029126213592233,0.006472491909385114,0.09061488673139159,
0.0,0.01,independent_latents,logger12_balanced,0,oracle_u_aware,0.2459546925566343,0.2459546925566343,0.6634304207119741,0.10355987055016182,0.23300970873786409,0.9029126213592233,0.006472491909385114,0.09061488673139159,
0.0,0.01,independent_latents,logger12_balanced,0,source_shuffle,0.2297734627831715,0.2297734627831715,0.6828478964401294,0.10032362459546926,0.2168284789644013,0.9029126213592233,0.006472491909385114,0.09061488673139159,
0.0,0.01,independent_latents,logger12_balanced,0,no_behavior,0.1941747572815534,0.1941747572815534,0.7152103559870551,0.0744336569579288,0.21035598705501618,0.9029126213592233,0.006472491909385114,0.09061488673139159,
0.0,0.01,independent_latents,logger12_balanced,0,source_dependent_reward,0.1941747572815534,0.1941747572815534,0.7216828478964401,0.05825242718446602,0.22006472491909385,0.9029126213592233,0.006472491909385114,0.09061488673139159,
0.0,0.01,independent_latents,logger12_balanced,1,pooled_mlp,0.21359223300970873,0.21359223300970873,0.7055016181229773,0.07766990291262135,0.2168284789644013,0.9029126213592233,0.006472491909385114,0.09061488673139159,
0.0,0.01,independent_latents,logger12_balanced,1,source_balanced_pooled_mlp,0.21359223300970873,0.21359223300970873,0.7055016181229773,0.07766990291262135,0.2168284789644013,0.9029126213592233,0.006472491909385114,0.09061488673139159,
0.0,0.01,independent_latents,logger12_balanced,1,source_conditioned_decoder,0.23948220064724918,0.23948220064724918,0.6699029126213593,0.061488673139158574,0.2686084142394822,0.9029126213592233,0.006472491909385114,0.09061488673139159,
0.0,0.01,independent_latents,logger12_balanced,1,per_source_models,0.1941747572815534,0.1941747572815534,0.7184466019417476,0.06796116504854369,0.21359223300970873,0.9029126213592233,0.006472491909385114,0.09061488673139159,
0.0,0.01,independent_latents,logger12_balanced,1,mechanism_separated,0.2459546925566343,0.2459546925566343,0.6601941747572816,0.07766990291262135,0.2621359223300971,0.9029126213592233,0.006472491909385114,0.09061488673139159,
0.0,0.01,independent_latents,logger12_balanced,1,oracle_u_aware,0.19093851132686085,0.19093851132686085,0.7152103559870551,0.07766990291262135,0.20711974110032363,0.9029126213592233,0.006472491909385114,0.09061488673139159,
0.0,0.01,independent_latents,logger12_balanced,1,source_shuffle,0.27184466019417475,0.27184466019417475,0.6440129449838188,0.09061488673139159,0.26537216828478966,0.9029126213592233,0.006472491909385114,0.09061488673139159,
0.0,0.01,independent_latents,logger12_balanced,1,no_behavior,0.26537216828478966,0.26537216828478966,0.6472491909385113,0.08414239482200647,0.2686084142394822,0.9029126213592233,0.006472491909385114,0.09061488673139159,
0.0,0.01,independent_latents,logger12_balanced,1,source_dependent_reward,0.20388349514563106,0.20388349514563106,0.7119741100323624,0.025889967637540454,0.2621359223300971,0.9029126213592233,0.006472491909385114,0.09061488673139159,
0.0,0.01,independent_latents,logger12_balanced,2,pooled_mlp,0.20064724919093851,0.20064724919093851,0.7152103559870551,0.08414239482200647,0.20064724919093851,0.9029126213592233,0.006472491909385114,0.09061488673139159,
0.0,0.01,independent_latents,logger12_balanced,2,source_balanced_pooled_mlp,0.20064724919093851,0.20064724919093851,0.7152103559870551,0.08414239482200647,0.20064724919093851,0.9029126213592233,0.006472491909385114,0.09061488673139159,
0.0,0.01,independent_latents,logger12_balanced,2,source_conditioned_decoder,0.18446601941747573,0.18446601941747573,0.7281553398058253,0.04854368932038835,0.22330097087378642,0.9029126213592233,0.006472491909385114,0.09061488673139159,
0.0,0.01,independent_latents,logger12_balanced,2,per_source_models,0.15857605177993528,0.15857605177993528,0.7508090614886731,0.04854368932038835,0.20064724919093851,0.9029126213592233,0.006472491909385114,0.09061488673139159,
0.0,0.01,independent_latents,logger12_balanced,2,mechanism_separated,0.1553398058252427,0.1553398058252427,0.7572815533980582,0.045307443365695796,0.19741100323624594,0.9029126213592233,0.006472491909385114,0.09061488673139159,
0.0,0.01,independent_latents,logger12_balanced,2,oracle_u_aware,0.19741100323624594,0.19741100323624594,0.7152103559870551,0.045307443365695796,0.23948220064724918,0.9029126213592233,0.006472491909385114,0.09061488673139159,
0.0,0.01,independent_latents,logger12_balanced,2,source_shuffle,0.18446601941747573,0.18446601941747573,0.7411003236245954,0.05825242718446602,0.20064724919093851,0.9029126213592233,0.006472491909385114,0.09061488673139159,
0.0,0.01,independent_latents,logger12_balanced,2,no_behavior,0.22653721682847897,0.22653721682847897,0.686084142394822,0.07766990291262135,0.23624595469255663,0.9029126213592233,0.006472491909385114,0.09061488673139159,
0.0,0.01,independent_latents,logger12_balanced,2,source_dependent_reward,0.19093851132686085,0.19093851132686085,0.7152103559870551,0.045307443365695796,0.24271844660194175,0.9029126213592233,0.006472491909385114,0.09061488673139159,
0.0,0.01,independent_latents,logger12_balanced,3,pooled_mlp,0.19093851132686085,0.19093851132686085,0.7184466019417476,0.061488673139158574,0.22006472491909385,0.9029126213592233,0.006472491909385114,0.09061488673139159,
0.0,0.01,independent_latents,logger12_balanced,3,source_balanced_pooled_mlp,0.19093851132686085,0.19093851132686085,0.7184466019417476,0.061488673139158574,0.22006472491909385,0.9029126213592233,0.006472491909385114,0.09061488673139159,
0.0,0.01,independent_latents,logger12_balanced,3,source_conditioned_decoder,0.20711974110032363,0.20711974110032363,0.7152103559870551,0.07119741100323625,0.21359223300970873,0.9029126213592233,0.006472491909385114,0.09061488673139159,
0.0,0.01,independent_latents,logger12_balanced,3,per_source_models,0.23948220064724918,0.23624595469255663,0.6763754045307443,0.08090614886731391,0.2459546925566343,0.9029126213592233,0.006472491909385114,0.09061488673139159,
0.0,0.01,independent_latents,logger12_balanced,3,mechanism_separated,0.23948220064724918,0.23948220064724918,0.6763754045307443,0.0744336569579288,0.24919093851132687,0.9029126213592233,0.006472491909385114,0.09061488673139159,
0.0,0.01,independent_latents,logger12_balanced,3,oracle_u_aware,0.20064724919093851,0.20064724919093851,0.7184466019417476,0.07119741100323625,0.21035598705501618,0.9029126213592233,0.006472491909385114,0.09061488673139159,
0.0,0.01,independent_latents,logger12_balanced,3,source_shuffle,0.22330097087378642,0.22330097087378642,0.6893203883495146,0.07119741100323625,0.23948220064724918,0.9029126213592233,0.006472491909385114,0.09061488673139159,
0.0,0.01,independent_latents,logger12_balanced,3,no_behavior,0.20711974110032363,0.20711974110032363,0.7087378640776699,0.04854368932038835,0.24271844660194175,0.9029126213592233,0.006472491909385114,0.09061488673139159,
0.0,0.01,independent_latents,logger12_balanced,3,source_dependent_reward,0.18770226537216828,0.18770226537216828,0.7216828478964401,0.0744336569579288,0.20388349514563106,0.9029126213592233,0.006472491909385114,0.09061488673139159,
0.0,0.01,independent_latents,logger12_balanced,4,pooled_mlp,0.22653721682847897,0.22653721682847897,0.6828478964401294,0.10355987055016182,0.21359223300970873,0.9029126213592233,0.006472491909385114,0.09061488673139159,
0.0,0.01,independent_latents,logger12_balanced,4,source_balanced_pooled_mlp,0.22653721682847897,0.22653721682847897,0.6828478964401294,0.10355987055016182,0.21359223300970873,0.9029126213592233,0.006472491909385114,0.09061488673139159,
0.0,0.01,independent_latents,logger12_balanced,4,source_conditioned_decoder,0.12297734627831715,0.12297734627831715,0.7831715210355987,0.05177993527508091,0.1650485436893204,0.9029126213592233,0.006472491909385114,0.09061488673139159,
0.0,0.01,independent_latents,logger12_balanced,4,per_source_models,0.1715210355987055,0.1715210355987055,0.7378640776699029,0.03559870550161812,0.22653721682847897,0.9029126213592233,0.006472491909385114,0.09061488673139159,
0.0,0.01,independent_latents,logger12_balanced,4,mechanism_separated,0.2750809061488673,0.2750809061488673,0.6407766990291263,0.06472491909385113,0.29449838187702265,0.9029126213592233,0.006472491909385114,0.09061488673139159,
0.0,0.01,independent_latents,logger12_balanced,4,oracle_u_aware,0.20711974110032363,0.20711974110032363,0.7055016181229773,0.07119741100323625,0.22330097087378642,0.9029126213592233,0.006472491909385114,0.09061488673139159,
0.0,0.01,independent_latents,logger12_balanced,4,source_shuffle,0.2588996763754045,0.2588996763754045,0.6537216828478964,0.061488673139158574,0.284789644012945,0.9029126213592233,0.006472491909385114,0.09061488673139159,
0.0,0.01,independent_latents,logger12_balanced,4,no_behavior,0.1488673139158576,0.1488673139158576,0.7637540453074434,0.05825242718446602,0.1779935275080906,0.9029126213592233,0.006472491909385114,0.09061488673139159,
0.0,0.01,independent_latents,logger12_balanced,4,source_dependent_reward,0.1553398058252427,0.1553398058252427,0.7540453074433657,0.04854368932038835,0.19741100323624594,0.9029126213592233,0.006472491909385114,0.09061488673139159,
0.0,0.01,independent_latents,logger2_heavy,0,pooled_mlp,0.29449838187702265,0.29449838187702265,0.6245954692556634,0.11003236245954692,0.26537216828478966,0.9029126213592233,0.006472491909385114,0.09061488673139159,
0.0,0.01,independent_latents,logger2_heavy,0,source_balanced_pooled_mlp,0.22330097087378642,0.22330097087378642,0.6925566343042071,0.09385113268608414,0.21359223300970873,0.9029126213592233,0.006472491909385114,0.09061488673139159,
0.0,0.01,independent_latents,logger2_heavy,0,source_conditioned_decoder,0.2168284789644013,0.2168284789644013,0.7022653721682848,0.045307443365695796,0.2524271844660194,0.9029126213592233,0.006472491909385114,0.09061488673139159,
0.0,0.01,independent_latents,logger2_heavy,0,per_source_models,0.20711974110032363,0.20711974110032363,0.7022653721682848,0.07766990291262135,0.22006472491909385,0.9029126213592233,0.006472491909385114,0.09061488673139159,
0.0,0.01,independent_latents,logger2_heavy,0,mechanism_separated,0.21035598705501618,0.21035598705501618,0.6990291262135923,0.08090614886731391,0.22006472491909385,0.9029126213592233,0.006472491909385114,0.09061488673139159,
0.0,0.01,independent_latents,logger2_heavy,0,oracle_u_aware,0.2750809061488673,0.2750809061488673,0.6343042071197411,0.09061488673139159,0.2750809061488673,0.9029126213592233,0.006472491909385114,0.09061488673139159,
0.0,0.01,independent_latents,logger2_heavy,0,source_shuffle,0.2297734627831715,0.2297734627831715,0.6828478964401294,0.09061488673139159,0.22653721682847897,0.9029126213592233,0.006472491909385114,0.09061488673139159,
0.0,0.01,independent_latents,logger2_heavy,0,no_behavior,0.20064724919093851,0.20064724919093851,0.7216828478964401,0.06796116504854369,0.21035598705501618,0.9029126213592233,0.006472491909385114,0.09061488673139159,
0.0,0.01,independent_latents,logger2_heavy,0,source_dependent_reward,0.22006472491909385,0.22006472491909385,0.6925566343042071,0.07119741100323625,0.23624595469255663,0.9029126213592233,0.006472491909385114,0.09061488673139159,
0.0,0.01,independent_latents,logger2_heavy,1,pooled_mlp,0.22653721682847897,0.22653721682847897,0.6893203883495146,0.09061488673139159,0.22006472491909385,0.9029126213592233,0.006472491909385114,0.09061488673139159,
0.0,0.01,independent_latents,logger2_heavy,1,source_balanced_pooled_mlp,0.21359223300970873,0.21359223300970873,0.7055016181229773,0.07766990291262135,0.2168284789644013,0.9029126213592233,0.006472491909385114,0.09061488673139159,
0.0,0.01,independent_latents,logger2_heavy,1,source_conditioned_decoder,0.18122977346278318,0.18122977346278318,0.7411003236245954,0.05177993527508091,0.20711974110032363,0.9029126213592233,0.006472491909385114,0.09061488673139159,
0.0,0.01,independent_latents,logger2_heavy,1,per_source_models,0.17475728155339806,0.17475728155339806,0.7313915857605178,0.06796116504854369,0.20064724919093851,0.9029126213592233,0.006472491909385114,0.09061488673139159,
0.0,0.01,independent_latents,logger2_heavy,1,mechanism_separated,0.2168284789644013,0.2168284789644013,0.6957928802588996,0.09385113268608414,0.21035598705501618,0.9029126213592233,0.006472491909385114,0.09061488673139159,
0.0,0.01,independent_latents,logger2_heavy,1,oracle_u_aware,0.20711974110032363,0.20711974110032363,0.7055016181229773,0.0744336569579288,0.22006472491909385,0.9029126213592233,0.006472491909385114,0.09061488673139159,
0.0,0.01,independent_latents,logger2_heavy,1,source_shuffle,0.18770226537216828,0.18770226537216828,0.7216828478964401,0.07119741100323625,0.20711974110032363,0.9029126213592233,0.006472491909385114,0.09061488673139159,
0.0,0.01,independent_latents,logger2_heavy,1,no_behavior,0.23300970873786409,0.23300970873786409,0.7055016181229773,0.06472491909385113,0.2297734627831715,0.9029126213592233,0.006472491909385114,0.09061488673139159,
0.0,0.01,independent_latents,logger2_heavy,1,source_dependent_reward,0.22653721682847897,0.22653721682847897,0.6893203883495146,0.06796116504854369,0.24271844660194175,0.9029126213592233,0.006472491909385114,0.09061488673139159,
0.0,0.01,independent_latents,logger2_heavy,2,pooled_mlp,0.2168284789644013,0.21359223300970873,0.6957928802588996,0.09385113268608414,0.21359223300970873,0.9029126213592233,0.006472491909385114,0.09061488673139159,
0.0,0.01,independent_latents,logger2_heavy,2,source_balanced_pooled_mlp,0.20064724919093851,0.20064724919093851,0.7152103559870551,0.08414239482200647,0.20064724919093851,0.9029126213592233,0.006472491909385114,0.09061488673139159,
0.0,0.01,independent_latents,logger2_heavy,2,source_conditioned_decoder,0.1715210355987055,0.1715210355987055,0.7346278317152104,0.05177993527508091,0.21359223300970873,0.9029126213592233,0.006472491909385114,0.09061488673139159,
0.0,0.01,independent_latents,logger2_heavy,2,per_source_models,0.16181229773462782,0.16181229773462782,0.7508090614886731,0.06472491909385113,0.18446601941747573,0.9029126213592233,0.006472491909385114,0.09061488673139159,
0.0,0.01,independent_latents,logger2_heavy,2,mechanism_separated,0.17475728155339806,0.17475728155339806,0.7346278317152104,0.05501618122977346,0.21035598705501618,0.9029126213592233,0.006472491909385114,0.09061488673139159,
0.0,0.01,independent_latents,logger2_heavy,2,oracle_u_aware,0.16828478964401294,0.16828478964401294,0.7411003236245954,0.05501618122977346,0.20388349514563106,0.9029126213592233,0.006472491909385114,0.09061488673139159,
0.0,0.01,independent_latents,logger2_heavy,2,source_shuffle,0.20711974110032363,0.20711974110032363,0.7087378640776699,0.07119741100323625,0.22006472491909385,0.9029126213592233,0.006472491909385114,0.09061488673139159,
0.0,0.01,independent_latents,logger2_heavy,2,no_behavior,0.22006472491909385,0.22006472491909385,0.6893203883495146,0.05825242718446602,0.2524271844660194,0.9029126213592233,0.006472491909385114,0.09061488673139159,
0.0,0.01,independent_latents,logger2_heavy,2,source_dependent_reward,0.21035598705501618,0.21035598705501618,0.6990291262135923,0.05501618122977346,0.2459546925566343,0.9029126213592233,0.006472491909385114,0.09061488673139159,
0.0,0.01,independent_latents,logger2_heavy,3,pooled_mlp,0.23300970873786409,0.23300970873786409,0.6763754045307443,0.06796116504854369,0.255663430420712,0.9029126213592233,0.006472491909385114,0.09061488673139159,
0.0,0.01,independent_latents,logger2_heavy,3,source_balanced_pooled_mlp,0.19093851132686085,0.19093851132686085,0.7184466019417476,0.061488673139158574,0.22006472491909385,0.9029126213592233,0.006472491909385114,0.09061488673139159,
0.0,0.01,independent_latents,logger2_heavy,3,source_conditioned_decoder,0.2621359223300971,0.2621359223300971,0.6472491909385113,0.07766990291262135,0.2750809061488673,0.9029126213592233,0.006472491909385114,0.09061488673139159,
0.0,0.01,independent_latents,logger2_heavy,3,per_source_models,0.23624595469255663,0.23624595469255663,0.6763754045307443,0.07766990291262135,0.2459546925566343,0.9029126213592233,0.006472491909385114,0.09061488673139159,
0.0,0.01,independent_latents,logger2_heavy,3,mechanism_separated,0.23948220064724918,0.23948220064724918,0.6763754045307443,0.06796116504854369,0.255663430420712,0.9029126213592233,0.006472491909385114,0.09061488673139159,
0.0,0.01,independent_latents,logger2_heavy,3,oracle_u_aware,0.23948220064724918,0.23948220064724918,0.6763754045307443,0.08414239482200647,0.23948220064724918,0.9029126213592233,0.006472491909385114,0.09061488673139159,
0.0,0.01,independent_latents,logger2_heavy,3,source_shuffle,0.23948220064724918,0.23948220064724918,0.6763754045307443,0.07766990291262135,0.2459546925566343,0.9029126213592233,0.006472491909385114,0.09061488673139159,
0.0,0.01,independent_latents,logger2_heavy,3,no_behavior,0.24271844660194175,0.24271844660194175,0.6731391585760518,0.05825242718446602,0.2686084142394822,0.9029126213592233,0.006472491909385114,0.09061488673139159,
0.0,0.01,independent_latents,logger2_heavy,3,source_dependent_reward,0.24919093851132687,0.24919093851132687,0.6601941747572816,0.07119741100323625,0.2686084142394822,0.9029126213592233,0.006472491909385114,0.09061488673139159,
0.0,0.01,independent_latents,logger2_heavy,4,pooled_mlp,0.2459546925566343,0.2459546925566343,0.6634304207119741,0.09385113268608414,0.24271844660194175,0.9029126213592233,0.006472491909385114,0.09061488673139159,
0.0,0.01,independent_latents,logger2_heavy,4,source_balanced_pooled_mlp,0.22653721682847897,0.22653721682847897,0.6828478964401294,0.10355987055016182,0.21359223300970873,0.9029126213592233,0.006472491909385114,0.09061488673139159,
0.0,0.01,independent_latents,logger2_heavy,4,source_conditioned_decoder,0.1715210355987055,0.1715210355987055,0.7540453074433657,0.061488673139158574,0.18446601941747573,0.9029126213592233,0.006472491909385114,0.09061488673139159,
0.0,0.01,independent_latents,logger2_heavy,4,per_source_models,0.18770226537216828,0.18770226537216828,0.7216828478964401,0.05177993527508091,0.22653721682847897,0.9029126213592233,0.006472491909385114,0.09061488673139159,
0.0,0.01,independent_latents,logger2_heavy,4,mechanism_separated,0.2297734627831715,0.2297734627831715,0.6990291262135923,0.06472491909385113,0.23624595469255663,0.9029126213592233,0.006472491909385114,0.09061488673139159,
0.0,0.01,independent_latents,logger2_heavy,4,oracle_u_aware,0.22006472491909385,0.22006472491909385,0.6925566343042071,0.04854368932038835,0.2588996763754045,0.9029126213592233,0.006472491909385114,0.09061488673139159,
0.0,0.01,independent_latents,logger2_heavy,4,source_shuffle,0.23624595469255663,0.23624595469255663,0.686084142394822,0.08090614886731391,0.23300970873786409,0.9029126213592233,0.006472491909385114,0.09061488673139159,
0.0,0.01,independent_latents,logger2_heavy,4,no_behavior,0.21359223300970873,0.21359223300970873,0.7022653721682848,0.061488673139158574,0.23624595469255663,0.9029126213592233,0.006472491909385114,0.09061488673139159,
0.0,0.01,independent_latents,logger2_heavy,4,source_dependent_reward,0.2459546925566343,0.2459546925566343,0.7055016181229773,0.08414239482200647,0.21035598705501618,0.9029126213592233,0.006472491909385114,0.09061488673139159,
0.0,0.02,confounded,logger1_heavy,0,pooled_mlp,0.8964401294498382,0.8964401294498382,0.012944983818770227,0.016181229773462782,0.970873786407767,0.9029126213592233,0.006472491909385114,0.09061488673139159,
0.0,0.02,confounded,logger1_heavy,0,source_balanced_pooled_mlp,0.8964401294498382,0.8964401294498382,0.012944983818770227,0.006472491909385114,0.9805825242718447,0.9029126213592233,0.006472491909385114,0.09061488673139159,
0.0,0.02,confounded,logger1_heavy,0,source_conditioned_decoder,0.8705501618122977,0.8705501618122977,0.038834951456310676,0.016181229773462782,0.9449838187702265,0.9029126213592233,0.006472491909385114,0.09061488673139159,
0.0,0.02,confounded,logger1_heavy,0,per_source_models,0.9093851132686084,0.9093851132686084,0.0,0.012944983818770227,0.9870550161812298,0.9029126213592233,0.006472491909385114,0.09061488673139159,
0.0,0.02,confounded,logger1_heavy,0,mechanism_separated,0.9093851132686084,0.9093851132686084,0.0,0.009708737864077669,0.9902912621359223,0.9029126213592233,0.006472491909385114,0.09061488673139159,
0.0,0.02,confounded,logger1_heavy,0,oracle_u_aware,0.22330097087378642,0.22330097087378642,0.686084142394822,0.07766990291262135,0.23624595469255663,0.9029126213592233,0.006472491909385114,0.09061488673139159,
0.0,0.02,confounded,logger1_heavy,0,source_shuffle,0.9093851132686084,0.9093851132686084,0.0,0.012944983818770227,0.9870550161812298,0.9029126213592233,0.006472491909385114,0.09061488673139159,
0.0,0.02,confounded,logger1_heavy,0,no_behavior,0.889967637540453,0.889967637540453,0.019417475728155338,0.003236245954692557,0.9773462783171522,0.9029126213592233,0.006472491909385114,0.09061488673139159,
0.0,0.02,confounded,logger1_heavy,0,source_dependent_reward,0.8932038834951457,0.8932038834951457,0.016181229773462782,0.0,0.9838187702265372,0.9029126213592233,0.006472491909385114,0.09061488673139159,
0.0,0.02,confounded,logger1_heavy,1,pooled_mlp,0.8932038834951457,0.8932038834951457,0.016181229773462782,0.009708737864077669,0.9741100323624595,0.9029126213592233,0.006472491909385114,0.09061488673139159,
0.0,0.02,confounded,logger1_heavy,1,source_balanced_pooled_mlp,0.883495145631068,0.883495145631068,0.025889967637540454,0.038834951456310676,0.9352750809061489,0.9029126213592233,0.006472491909385114,0.09061488673139159,
0.0,0.02,confounded,logger1_heavy,1,source_conditioned_decoder,0.8996763754045307,0.8996763754045307,0.009708737864077669,0.016181229773462782,0.9741100323624595,0.9029126213592233,0.006472491909385114,0.09061488673139159,
0.0,0.02,confounded,logger1_heavy,1,per_source_models,0.8802588996763754,0.8802588996763754,0.02912621359223301,0.012944983818770227,0.9579288025889967,0.9029126213592233,0.006472491909385114,0.09061488673139159,
0.0,0.02,confounded,logger1_heavy,1,mechanism_separated,0.8932038834951457,0.8932038834951457,0.016181229773462782,0.016181229773462782,0.9676375404530745,0.9029126213592233,0.006472491909385114,0.09061488673139159,
0.0,0.02,confounded,logger1_heavy,1,oracle_u_aware,0.28802588996763756,0.28802588996763756,0.6213592233009708,0.0970873786407767,0.2815533980582524,0.9029126213592233,0.006472491909385114,0.09061488673139159,
0.0,0.02,confounded,logger1_heavy,1,source_shuffle,0.9029126213592233,0.9029126213592233,0.006472491909385114,0.025889967637540454,0.9676375404530745,0.9029126213592233,0.006472491909385114,0.09061488673139159,
0.0,0.02,confounded,logger1_heavy,1,no_behavior,0.8932038834951457,0.8932038834951457,0.016181229773462782,0.012944983818770227,0.970873786407767,0.9029126213592233,0.006472491909385114,0.09061488673139159,
0.0,0.02,confounded,logger1_heavy,1,source_dependent_reward,0.8996763754045307,0.8996763754045307,0.009708737864077669,0.016181229773462782,0.9741100323624595,0.9029126213592233,0.006472491909385114,0.09061488673139159,
0.0,0.02,confounded,logger1_heavy,2,pooled_mlp,0.8932038834951457,0.8932038834951457,0.016181229773462782,0.022653721682847898,0.9611650485436893,0.9029126213592233,0.006472491909385114,0.09061488673139159,
0.0,0.02,confounded,logger1_heavy,2,source_balanced_pooled_mlp,0.8770226537216829,0.8770226537216829,0.032362459546925564,0.02912621359223301,0.9385113268608414,0.9029126213592233,0.006472491909385114,0.09061488673139159,
0.0,0.02,confounded,logger1_heavy,2,source_conditioned_decoder,0.8737864077669902,0.8737864077669902,0.03559870550161812,0.022653721682847898,0.941747572815534,0.9029126213592233,0.006472491909385114,0.09061488673139159,
0.0,0.02,confounded,logger1_heavy,2,per_source_models,0.8867313915857605,0.8867313915857605,0.022653721682847898,0.022653721682847898,0.9546925566343042,0.9029126213592233,0.006472491909385114,0.09061488673139159,
0.0,0.02,confounded,logger1_heavy,2,mechanism_separated,0.9061488673139159,0.9061488673139159,0.003236245954692557,0.012944983818770227,0.9838187702265372,0.9029126213592233,0.006472491909385114,0.09061488673139159,
0.0,0.02,confounded,logger1_heavy,2,oracle_u_aware,0.32362459546925565,0.32362459546925565,0.5922330097087378,0.06472491909385113,0.343042071197411,0.9029126213592233,0.006472491909385114,0.09061488673139159,
0.0,0.02,confounded,logger1_heavy,2,source_shuffle,0.9061488673139159,0.9061488673139159,0.003236245954692557,0.006472491909385114,0.9902912621359223,0.9029126213592233,0.006472491909385114,0.09061488673139159,
0.0,0.02,confounded,logger1_heavy,2,no_behavior,0.9061488673139159,0.9061488673139159,0.003236245954692557,0.0,0.9967637540453075,0.9029126213592233,0.006472491909385114,0.09061488673139159,
0.0,0.02,confounded,logger1_heavy,2,source_dependent_reward,0.889967637540453,0.889967637540453,0.019417475728155338,0.012944983818770227,0.9676375404530745,0.9029126213592233,0.006472491909385114,0.09061488673139159,
0.0,0.02,confounded,logger1_heavy,3,pooled_mlp,0.8964401294498382,0.8964401294498382,0.012944983818770227,0.016181229773462782,0.970873786407767,0.9029126213592233,0.006472491909385114,0.09061488673139159,
0.0,0.02,confounded,logger1_heavy,3,source_balanced_pooled_mlp,0.9029126213592233,0.9029126213592233,0.006472491909385114,0.032362459546925564,0.9611650485436893,0.9029126213592233,0.006472491909385114,0.09061488673139159,
0.0,0.02,confounded,logger1_heavy,3,source_conditioned_decoder,0.8673139158576052,0.8673139158576052,0.042071197411003236,0.022653721682847898,0.9385113268608414,0.9029126213592233,0.006472491909385114,0.09061488673139159,
0.0,0.02,confounded,logger1_heavy,3,per_source_models,0.8932038834951457,0.8932038834951457,0.016181229773462782,0.003236245954692557,0.9805825242718447,0.9029126213592233,0.006472491909385114,0.09061488673139159,
0.0,0.02,confounded,logger1_heavy,3,mechanism_separated,0.8932038834951457,0.8932038834951457,0.016181229773462782,0.009708737864077669,0.9741100323624595,0.9029126213592233,0.006472491909385114,0.09061488673139159,
0.0,0.02,confounded,logger1_heavy,3,oracle_u_aware,0.23948220064724918,0.23948220064724918,0.6763754045307443,0.0744336569579288,0.24919093851132687,0.9029126213592233,0.006472491909385114,0.09061488673139159,
0.0,0.02,confounded,logger1_heavy,3,source_shuffle,0.8964401294498382,0.8964401294498382,0.012944983818770227,0.012944983818770227,0.9741100323624595,0.9029126213592233,0.006472491909385114,0.09061488673139159,
0.0,0.02,confounded,logger1_heavy,3,no_behavior,0.8932038834951457,0.8932038834951457,0.016181229773462782,0.009708737864077669,0.9741100323624595,0.9029126213592233,0.006472491909385114,0.09061488673139159,
0.0,0.02,confounded,logger1_heavy,3,source_dependent_reward,0.8932038834951457,0.8932038834951457,0.016181229773462782,0.016181229773462782,0.9676375404530745,0.9029126213592233,0.006472491909385114,0.09061488673139159,
0.0,0.02,confounded,logger1_heavy,4,pooled_mlp,0.9029126213592233,0.9029126213592233,0.006472491909385114,0.003236245954692557,0.9902912621359223,0.9029126213592233,0.006472491909385114,0.09061488673139159,
0.0,0.02,confounded,logger1_heavy,4,source_balanced_pooled_mlp,0.8802588996763754,0.8802588996763754,0.02912621359223301,0.025889967637540454,0.9449838187702265,0.9029126213592233,0.006472491909385114,0.09061488673139159,
0.0,0.02,confounded,logger1_heavy,4,source_conditioned_decoder,0.8932038834951457,0.8932038834951457,0.016181229773462782,0.012944983818770227,0.970873786407767,0.9029126213592233,0.006472491909385114,0.09061488673139159,
0.0,0.02,confounded,logger1_heavy,4,per_source_models,0.889967637540453,0.889967637540453,0.019417475728155338,0.016181229773462782,0.9644012944983819,0.9029126213592233,0.006472491909385114,0.09061488673139159,
0.0,0.02,confounded,logger1_heavy,4,mechanism_separated,0.8932038834951457,0.8932038834951457,0.016181229773462782,0.016181229773462782,0.9676375404530745,0.9029126213592233,0.006472491909385114,0.09061488673139159,
0.0,0.02,confounded,logger1_heavy,4,oracle_u_aware,0.29449838187702265,0.29449838187702265,0.6472491909385113,0.05177993527508091,0.30097087378640774,0.9029126213592233,0.006472491909385114,0.09061488673139159,
0.0,0.02,confounded,logger1_heavy,4,source_shuffle,0.8932038834951457,0.8932038834951457,0.016181229773462782,0.006472491909385114,0.9773462783171522,0.9029126213592233,0.006472491909385114,0.09061488673139159,
0.0,0.02,confounded,logger1_heavy,4,no_behavior,0.8932038834951457,0.8932038834951457,0.016181229773462782,0.003236245954692557,0.9805825242718447,0.9029126213592233,0.006472491909385114,0.09061488673139159,
0.0,0.02,confounded,logger1_heavy,4,source_dependent_reward,0.8964401294498382,0.8964401294498382,0.012944983818770227,0.012944983818770227,0.9741100323624595,0.9029126213592233,0.006472491909385114,0.09061488673139159,
0.0,0.02,confounded,logger12_balanced,0,pooled_mlp,0.8964401294498382,0.8964401294498382,0.012944983818770227,0.006472491909385114,0.9805825242718447,0.9029126213592233,0.006472491909385114,0.09061488673139159,0.0
0.0,0.02,confounded,logger12_balanced,0,source_balanced_pooled_mlp,0.8964401294498382,0.8964401294498382,0.012944983818770227,0.006472491909385114,0.9805825242718447,0.9029126213592233,0.006472491909385114,0.09061488673139159,0.0
0.0,0.02,confounded,logger12_balanced,0,source_conditioned_decoder,0.8737864077669902,0.8737864077669902,0.03559870550161812,0.016181229773462782,0.948220064724919,0.9029126213592233,0.006472491909385114,0.09061488673139159,0.0
0.0,0.02,confounded,logger12_balanced,0,per_source_models,0.9093851132686084,0.9093851132686084,0.0,0.006472491909385114,0.9935275080906149,0.9029126213592233,0.006472491909385114,0.09061488673139159,0.0
0.0,0.02,confounded,logger12_balanced,0,mechanism_separated,0.8932038834951457,0.8932038834951457,0.016181229773462782,0.019417475728155338,0.9644012944983819,0.9029126213592233,0.006472491909385114,0.09061488673139159,0.0
0.0,0.02,confounded,logger12_balanced,0,oracle_u_aware,0.2621359223300971,0.2621359223300971,0.6504854368932039,0.06472491909385113,0.284789644012945,0.9029126213592233,0.006472491909385114,0.09061488673139159,0.0
0.0,0.02,confounded,logger12_balanced,0,source_shuffle,0.8996763754045307,0.8996763754045307,0.009708737864077669,0.016181229773462782,0.9741100323624595,0.9029126213592233,0.006472491909385114,0.09061488673139159,0.0
0.0,0.02,confounded,logger12_balanced,0,no_behavior,0.8770226537216829,0.8770226537216829,0.032362459546925564,0.019417475728155338,0.948220064724919,0.9029126213592233,0.006472491909385114,0.09061488673139159,0.0
0.0,0.02,confounded,logger12_balanced,0,source_dependent_reward,0.889967637540453,0.889967637540453,0.019417475728155338,0.022653721682847898,0.9579288025889967,0.9029126213592233,0.006472491909385114,0.09061488673139159,0.0
0.0,0.02,confounded,logger12_balanced,1,pooled_mlp,0.883495145631068,0.883495145631068,0.025889967637540454,0.038834951456310676,0.9352750809061489,0.9029126213592233,0.006472491909385114,0.09061488673139159,0.0
0.0,0.02,confounded,logger12_balanced,1,source_balanced_pooled_mlp,0.883495145631068,0.883495145631068,0.025889967637540454,0.038834951456310676,0.9352750809061489,0.9029126213592233,0.006472491909385114,0.09061488673139159,0.0
0.0,0.02,confounded,logger12_balanced,1,source_conditioned_decoder,0.8996763754045307,0.8996763754045307,0.009708737864077669,0.003236245954692557,0.9870550161812298,0.9029126213592233,0.006472491909385114,0.09061488673139159,0.0
0.0,0.02,confounded,logger12_balanced,1,per_source_models,0.8705501618122977,0.8705501618122977,0.038834951456310676,0.02912621359223301,0.9320388349514563,0.9029126213592233,0.006472491909385114,0.09061488673139159,0.0
0.0,0.02,confounded,logger12_balanced,1,mechanism_separated,0.8802588996763754,0.8802588996763754,0.02912621359223301,0.03559870550161812,0.9352750809061489,0.9029126213592233,0.006472491909385114,0.09061488673139159,0.0
0.0,0.02,confounded,logger12_balanced,1,oracle_u_aware,0.23300970873786409,0.23300970873786409,0.6796116504854369,0.08414239482200647,0.23624595469255663,0.9029126213592233,0.006472491909385114,0.09061488673139159,0.0
0.0,0.02,confounded,logger12_balanced,1,source_shuffle,0.8802588996763754,0.8802588996763754,0.02912621359223301,0.02912621359223301,0.941747572815534,0.9029126213592233,0.006472491909385114,0.09061488673139159,0.0
0.0,0.02,confounded,logger12_balanced,1,no_behavior,0.8770226537216829,0.8770226537216829,0.032362459546925564,0.019417475728155338,0.948220064724919,0.9029126213592233,0.006472491909385114,0.09061488673139159,0.0
0.0,0.02,confounded,logger12_balanced,1,source_dependent_reward,0.8802588996763754,0.8802588996763754,0.02912621359223301,0.003236245954692557,0.9676375404530745,0.9029126213592233,0.006472491909385114,0.09061488673139159,0.0
0.0,0.02,confounded,logger12_balanced,2,pooled_mlp,0.8770226537216829,0.8770226537216829,0.032362459546925564,0.02912621359223301,0.9385113268608414,0.9029126213592233,0.006472491909385114,0.09061488673139159,0.0
0.0,0.02,confounded,logger12_balanced,2,source_balanced_pooled_mlp,0.8770226537216829,0.8770226537216829,0.032362459546925564,0.02912621359223301,0.9385113268608414,0.9029126213592233,0.006472491909385114,0.09061488673139159,0.0
0.0,0.02,confounded,logger12_balanced,2,source_conditioned_decoder,0.889967637540453,0.889967637540453,0.019417475728155338,0.016181229773462782,0.9644012944983819,0.9029126213592233,0.006472491909385114,0.09061488673139159,0.0
0.0,0.02,confounded,logger12_balanced,2,per_source_models,0.883495145631068,0.883495145631068,0.025889967637540454,0.045307443365695796,0.9288025889967637,0.9029126213592233,0.006472491909385114,0.09061488673139159,0.0
0.0,0.02,confounded,logger12_balanced,2,mechanism_separated,0.8867313915857605,0.8867313915857605,0.022653721682847898,0.009708737864077669,0.9676375404530745,0.9029126213592233,0.006472491909385114,0.09061488673139159,0.0
0.0,0.02,confounded,logger12_balanced,2,oracle_u_aware,0.23300970873786409,0.23300970873786409,0.6763754045307443,0.06472491909385113,0.2588996763754045,0.9029126213592233,0.006472491909385114,0.09061488673139159,0.0
0.0,0.02,confounded,logger12_balanced,2,source_shuffle,0.8964401294498382,0.8964401294498382,0.012944983818770227,0.022653721682847898,0.9644012944983819,0.9029126213592233,0.006472491909385114,0.09061488673139159,0.0
0.0,0.02,confounded,logger12_balanced,2,no_behavior,0.9029126213592233,0.9029126213592233,0.006472491909385114,0.016181229773462782,0.9773462783171522,0.9029126213592233,0.006472491909385114,0.09061488673139159,0.0
0.0,0.02,confounded,logger12_balanced,2,source_dependent_reward,0.8932038834951457,0.8932038834951457,0.016181229773462782,0.022653721682847898,0.9611650485436893,0.9029126213592233,0.006472491909385114,0.09061488673139159,0.0
0.0,0.02,confounded,logger12_balanced,3,pooled_mlp,0.9029126213592233,0.9029126213592233,0.006472491909385114,0.032362459546925564,0.9611650485436893,0.9029126213592233,0.006472491909385114,0.09061488673139159,0.0
0.0,0.02,confounded,logger12_balanced,3,source_balanced_pooled_mlp,0.9029126213592233,0.9029126213592233,0.006472491909385114,0.032362459546925564,0.9611650485436893,0.9029126213592233,0.006472491909385114,0.09061488673139159,0.0
0.0,0.02,confounded,logger12_balanced,3,source_conditioned_decoder,0.883495145631068,0.883495145631068,0.025889967637540454,0.019417475728155338,0.9546925566343042,0.9029126213592233,0.006472491909385114,0.09061488673139159,0.0
0.0,0.02,confounded,logger12_balanced,3,per_source_models,0.883495145631068,0.883495145631068,0.025889967637540454,0.012944983818770227,0.9611650485436893,0.9029126213592233,0.006472491909385114,0.09061488673139159,0.0
0.0,0.02,confounded,logger12_balanced,3,mechanism_separated,0.889967637540453,0.889967637540453,0.019417475728155338,0.02912621359223301,0.9514563106796117,0.9029126213592233,0.006472491909385114,0.09061488673139159,0.0
0.0,0.02,confounded,logger12_balanced,3,oracle_u_aware,0.1941747572815534,0.1941747572815534,0.7216828478964401,0.05501618122977346,0.22330097087378642,0.9029126213592233,0.006472491909385114,0.09061488673139159,0.0
0.0,0.02,confounded,logger12_balanced,3,source_shuffle,0.8867313915857605,0.8867313915857605,0.022653721682847898,0.016181229773462782,0.9611650485436893,0.9029126213592233,0.006472491909385114,0.09061488673139159,0.0
0.0,0.02,confounded,logger12_balanced,3,no_behavior,0.8964401294498382,0.8964401294498382,0.012944983818770227,0.009708737864077669,0.9773462783171522,0.9029126213592233,0.006472491909385114,0.09061488673139159,0.0
0.0,0.02,confounded,logger12_balanced,3,source_dependent_reward,0.889967637540453,0.889967637540453,0.019417475728155338,0.019417475728155338,0.9611650485436893,0.9029126213592233,0.006472491909385114,0.09061488673139159,0.0
0.0,0.02,confounded,logger12_balanced,4,pooled_mlp,0.8802588996763754,0.8802588996763754,0.02912621359223301,0.025889967637540454,0.9449838187702265,0.9029126213592233,0.006472491909385114,0.09061488673139159,0.0
0.0,0.02,confounded,logger12_balanced,4,source_balanced_pooled_mlp,0.8802588996763754,0.8802588996763754,0.02912621359223301,0.025889967637540454,0.9449838187702265,0.9029126213592233,0.006472491909385114,0.09061488673139159,0.0
0.0,0.02,confounded,logger12_balanced,4,source_conditioned_decoder,0.889967637540453,0.889967637540453,0.019417475728155338,0.016181229773462782,0.9644012944983819,0.9029126213592233,0.006472491909385114,0.09061488673139159,0.0
0.0,0.02,confounded,logger12_balanced,4,per_source_models,0.8932038834951457,0.8932038834951457,0.016181229773462782,0.022653721682847898,0.9611650485436893,0.9029126213592233,0.006472491909385114,0.09061488673139159,0.0
0.0,0.02,confounded,logger12_balanced,4,mechanism_separated,0.8673139158576052,0.8673139158576052,0.042071197411003236,0.022653721682847898,0.9352750809061489,0.9029126213592233,0.006472491909385114,0.09061488673139159,0.0
0.0,0.02,confounded,logger12_balanced,4,oracle_u_aware,0.2168284789644013,0.2168284789644013,0.6990291262135923,0.06472491909385113,0.23624595469255663,0.9029126213592233,0.006472491909385114,0.09061488673139159,0.0
0.0,0.02,confounded,logger12_balanced,4,source_shuffle,0.8802588996763754,0.8802588996763754,0.02912621359223301,0.038834951456310676,0.9320388349514563,0.9029126213592233,0.006472491909385114,0.09061488673139159,0.0
0.0,0.02,confounded,logger12_balanced,4,no_behavior,0.8705501618122977,0.8705501618122977,0.038834951456310676,0.03559870550161812,0.9255663430420712,0.9029126213592233,0.006472491909385114,0.09061488673139159,0.0
0.0,0.02,confounded,logger12_balanced,4,source_dependent_reward,0.8932038834951457,0.8932038834951457,0.016181229773462782,0.012944983818770227,0.970873786407767,0.9029126213592233,0.006472491909385114,0.09061488673139159,0.0
0.0,0.02,confounded,logger2_heavy,0,pooled_mlp,0.8317152103559871,0.8317152103559871,0.07766990291262135,0.08090614886731391,0.8414239482200647,0.9029126213592233,0.006472491909385114,0.09061488673139159,
0.0,0.02,confounded,logger2_heavy,0,source_balanced_pooled_mlp,0.8964401294498382,0.8964401294498382,0.012944983818770227,0.006472491909385114,0.9805825242718447,0.9029126213592233,0.006472491909385114,0.09061488673139159,
0.0,0.02,confounded,logger2_heavy,0,source_conditioned_decoder,0.8317152103559871,0.8317152103559871,0.07766990291262135,0.05501618122977346,0.8673139158576052,0.9029126213592233,0.006472491909385114,0.09061488673139159,
0.0,0.02,confounded,logger2_heavy,0,per_source_models,0.8996763754045307,0.8996763754045307,0.009708737864077669,0.022653721682847898,0.9676375404530745,0.9029126213592233,0.006472491909385114,0.09061488673139159,
0.0,0.02,confounded,logger2_heavy,0,mechanism_separated,0.8025889967637541,0.8025889967637541,0.10679611650485436,0.038834951456310676,0.8543689320388349,0.9029126213592233,0.006472491909385114,0.09061488673139159,
0.0,0.02,confounded,logger2_heavy,0,oracle_u_aware,0.19093851132686085,0.19093851132686085,0.7281553398058253,0.07766990291262135,0.1941747572815534,0.9029126213592233,0.006472491909385114,0.09061488673139159,
0.0,0.02,confounded,logger2_heavy,0,source_shuffle,0.7993527508090615,0.7993527508090615,0.11003236245954692,0.05501618122977346,0.8349514563106796,0.9029126213592233,0.006472491909385114,0.09061488673139159,
0.0,0.02,confounded,logger2_heavy,0,no_behavior,0.8090614886731392,0.8090614886731392,0.10032362459546926,0.05177993527508091,0.8478964401294499,0.9029126213592233,0.006472491909385114,0.09061488673139159,
0.0,0.02,confounded,logger2_heavy,0,source_dependent_reward,0.883495145631068,0.883495145631068,0.025889967637540454,0.025889967637540454,0.948220064724919,0.9029126213592233,0.006472491909385114,0.09061488673139159,
0.0,0.02,confounded,logger2_heavy,1,pooled_mlp,0.7475728155339806,0.7475728155339806,0.16181229773462782,0.09061488673139159,0.7475728155339806,0.9029126213592233,0.006472491909385114,0.09061488673139159,
0.0,0.02,confounded,logger2_heavy,1,source_balanced_pooled_mlp,0.883495145631068,0.883495145631068,0.025889967637540454,0.038834951456310676,0.9352750809061489,0.9029126213592233,0.006472491909385114,0.09061488673139159,
0.0,0.02,confounded,logger2_heavy,1,source_conditioned_decoder,0.8640776699029126,0.8640776699029126,0.045307443365695796,0.022653721682847898,0.9320388349514563,0.9029126213592233,0.006472491909385114,0.09061488673139159,
0.0,0.02,confounded,logger2_heavy,1,per_source_models,0.86084142394822,0.86084142394822,0.04854368932038835,0.038834951456310676,0.912621359223301,0.9029126213592233,0.006472491909385114,0.09061488673139159,
0.0,0.02,confounded,logger2_heavy,1,mechanism_separated,0.7508090614886731,0.7508090614886731,0.15857605177993528,0.09061488673139159,0.7508090614886731,0.9029126213592233,0.006472491909385114,0.09061488673139159,
0.0,0.02,confounded,logger2_heavy,1,oracle_u_aware,0.24271844660194175,0.24271844660194175,0.6666666666666666,0.0744336569579288,0.2588996763754045,0.9029126213592233,0.006472491909385114,0.09061488673139159,
0.0,0.02,confounded,logger2_heavy,1,source_shuffle,0.8381877022653722,0.8381877022653722,0.07119741100323625,0.06796116504854369,0.86084142394822,0.9029126213592233,0.006472491909385114,0.09061488673139159,
0.0,0.02,confounded,logger2_heavy,1,no_behavior,0.7540453074433657,0.7540453074433657,0.1553398058252427,0.06796116504854369,0.7766990291262136,0.9029126213592233,0.006472491909385114,0.09061488673139159,
0.0,0.02,confounded,logger2_heavy,1,source_dependent_reward,0.86084142394822,0.86084142394822,0.04854368932038835,0.012944983818770227,0.9385113268608414,0.9029126213592233,0.006472491909385114,0.09061488673139159,
0.0,0.02,confounded,logger2_heavy,2,pooled_mlp,0.8058252427184466,0.8058252427184466,0.10355987055016182,0.05501618122977346,0.8414239482200647,0.9029126213592233,0.006472491909385114,0.09061488673139159,
0.0,0.02,confounded,logger2_heavy,2,source_balanced_pooled_mlp,0.8770226537216829,0.8770226537216829,0.032362459546925564,0.02912621359223301,0.9385113268608414,0.9029126213592233,0.006472491909385114,0.09061488673139159,
0.0,0.02,confounded,logger2_heavy,2,source_conditioned_decoder,0.8673139158576052,0.8673139158576052,0.042071197411003236,0.03559870550161812,0.9223300970873787,0.9029126213592233,0.006472491909385114,0.09061488673139159,
0.0,0.02,confounded,logger2_heavy,2,per_source_models,0.8996763754045307,0.8996763754045307,0.009708737864077669,0.025889967637540454,0.9644012944983819,0.9029126213592233,0.006472491909385114,0.09061488673139159,
0.0,0.02,confounded,logger2_heavy,2,mechanism_separated,0.8576051779935275,0.8576051779935275,0.05177993527508091,0.061488673139158574,0.8867313915857605,0.9029126213592233,0.006472491909385114,0.09061488673139159,
0.0,0.02,confounded,logger2_heavy,2,oracle_u_aware,0.18122977346278318,0.18122977346278318,0.7378640776699029,0.05177993527508091,0.21035598705501618,0.9029126213592233,0.006472491909385114,0.09061488673139159,
0.0,0.02,confounded,logger2_heavy,2,source_shuffle,0.8511326860841424,0.8511326860841424,0.05825242718446602,0.05177993527508091,0.889967637540453,0.9029126213592233,0.006472491909385114,0.09061488673139159,
0.0,0.02,confounded,logger2_heavy,2,no_behavior,0.8543689320388349,0.8543689320388349,0.05501618122977346,0.038834951456310676,0.9061488673139159,0.9029126213592233,0.006472491909385114,0.09061488673139159,
0.0,0.02,confounded,logger2_heavy,2,source_dependent_reward,0.8867313915857605,0.8867313915857605,0.022653721682847898,0.016181229773462782,0.9611650485436893,0.9029126213592233,0.006472491909385114,0.09061488673139159,
0.0,0.02,confounded,logger2_heavy,3,pooled_mlp,0.8381877022653722,0.8381877022653722,0.07119741100323625,0.045307443365695796,0.883495145631068,0.9029126213592233,0.006472491909385114,0.09061488673139159,
0.0,0.02,confounded,logger2_heavy,3,source_balanced_pooled_mlp,0.9029126213592233,0.9029126213592233,0.006472491909385114,0.032362459546925564,0.9611650485436893,0.9029126213592233,0.006472491909385114,0.09061488673139159,
0.0,0.02,confounded,logger2_heavy,3,source_conditioned_decoder,0.8381877022653722,0.8381877022653722,0.07119741100323625,0.025889967637540454,0.9029126213592233,0.9029126213592233,0.006472491909385114,0.09061488673139159,
0.0,0.02,confounded,logger2_heavy,3,per_source_models,0.883495145631068,0.883495145631068,0.025889967637540454,0.02912621359223301,0.9449838187702265,0.9029126213592233,0.006472491909385114,0.09061488673139159,
0.0,0.02,confounded,logger2_heavy,3,mechanism_separated,0.8058252427184466,0.8058252427184466,0.10355987055016182,0.07766990291262135,0.8187702265372169,0.9029126213592233,0.006472491909385114,0.09061488673139159,
0.0,0.02,confounded,logger2_heavy,3,oracle_u_aware,0.23300970873786409,0.23300970873786409,0.6828478964401294,0.05501618122977346,0.2621359223300971,0.9029126213592233,0.006472491909385114,0.09061488673139159,
0.0,0.02,confounded,logger2_heavy,3,source_shuffle,0.8252427184466019,0.8252427184466019,0.08414239482200647,0.05825242718446602,0.8576051779935275,0.9029126213592233,0.006472491909385114,0.09061488673139159,
0.0,0.02,confounded,logger2_heavy,3,no_behavior,0.8252427184466019,0.8252427184466019,0.08414239482200647,0.042071197411003236,0.8737864077669902,0.9029126213592233,0.006472491909385114,0.09061488673139159,
0.0,0.02,confounded,logger2_heavy,3,source_dependent_reward,0.8673139158576052,0.8673139158576052,0.042071197411003236,0.032362459546925564,0.9255663430420712,0.9029126213592233,0.006472491909385114,0.09061488673139159,
0.0,0.02,confounded,logger2_heavy,4,pooled_mlp,0.8252427184466019,0.8252427184466019,0.08414239482200647,0.04854368932038835,0.8673139158576052,0.9029126213592233,0.006472491909385114,0.09061488673139159,
0.0,0.02,confounded,logger2_heavy,4,source_balanced_pooled_mlp,0.8802588996763754,0.8802588996763754,0.02912621359223301,0.025889967637540454,0.9449838187702265,0.9029126213592233,0.006472491909385114,0.09061488673139159,
0.0,0.02,confounded,logger2_heavy,4,source_conditioned_decoder,0.8478964401294499,0.8478964401294499,0.061488673139158574,0.016181229773462782,0.9223300970873787,0.9029126213592233,0.006472491909385114,0.09061488673139159,
0.0,0.02,confounded,logger2_heavy,4,per_source_models,0.8964401294498382,0.8964401294498382,0.012944983818770227,0.016181229773462782,0.970873786407767,0.9029126213592233,0.006472491909385114,0.09061488673139159,
0.0,0.02,confounded,logger2_heavy,4,mechanism_separated,0.7669902912621359,0.7669902912621359,0.1423948220064725,0.07766990291262135,0.7799352750809061,0.9029126213592233,0.006472491909385114,0.09061488673139159,
0.0,0.02,confounded,logger2_heavy,4,oracle_u_aware,0.2621359223300971,0.2621359223300971,0.656957928802589,0.07766990291262135,0.26537216828478966,0.9029126213592233,0.006472491909385114,0.09061488673139159,
0.0,0.02,confounded,logger2_heavy,4,source_shuffle,0.7572815533980582,0.7572815533980582,0.15210355987055016,0.08414239482200647,0.7637540453074434,0.9029126213592233,0.006472491909385114,0.09061488673139159,
0.0,0.02,confounded,logger2_heavy,4,no_behavior,0.7831715210355987,0.7831715210355987,0.1262135922330097,0.07766990291262135,0.7961165048543689,0.9029126213592233,0.006472491909385114,0.09061488673139159,
0.0,0.02,confounded,logger2_heavy,4,source_dependent_reward,0.8543689320388349,0.8543689320388349,0.05501618122977346,0.032362459546925564,0.912621359223301,0.9029126213592233,0.006472491909385114,0.09061488673139159,
0.0,0.02,independent_latents,logger1_heavy,0,pooled_mlp,0.2524271844660194,0.2524271844660194,0.6666666666666666,0.09385113268608414,0.23948220064724918,0.9029126213592233,0.006472491909385114,0.09061488673139159,
0.0,0.02,independent_latents,logger1_heavy,0,source_balanced_pooled_mlp,0.1941747572815534,0.1941747572815534,0.7378640776699029,0.09385113268608414,0.16828478964401294,0.9029126213592233,0.006472491909385114,0.09061488673139159,
0.0,0.02,independent_latents,logger1_heavy,0,source_conditioned_decoder,0.255663430420712,0.255663430420712,0.6731391585760518,0.05501618122977346,0.27184466019417475,0.9029126213592233,0.006472491909385114,0.09061488673139159,
0.0,0.02,independent_latents,logger1_heavy,0,per_source_models,0.17475728155339806,0.17475728155339806,0.7378640776699029,0.06472491909385113,0.19741100323624594,0.9029126213592233,0.006472491909385114,0.09061488673139159,
0.0,0.02,independent_latents,logger1_heavy,0,mechanism_separated,0.20064724919093851,0.20064724919093851,0.7119741100323624,0.061488673139158574,0.22653721682847897,0.9029126213592233,0.006472491909385114,0.09061488673139159,
0.0,0.02,independent_latents,logger1_heavy,0,oracle_u_aware,0.20388349514563106,0.20388349514563106,0.7087378640776699,0.0744336569579288,0.2168284789644013,0.9029126213592233,0.006472491909385114,0.09061488673139159,
0.0,0.02,independent_latents,logger1_heavy,0,source_shuffle,0.23948220064724918,0.23948220064724918,0.6731391585760518,0.09385113268608414,0.23300970873786409,0.9029126213592233,0.006472491909385114,0.09061488673139159,
0.0,0.02,independent_latents,logger1_heavy,0,no_behavior,0.1941747572815534,0.1941747572815534,0.7184466019417476,0.045307443365695796,0.23948220064724918,0.9029126213592233,0.006472491909385114,0.09061488673139159,
0.0,0.02,independent_latents,logger1_heavy,0,source_dependent_reward,0.18770226537216828,0.18770226537216828,0.7216828478964401,0.032362459546925564,0.2459546925566343,0.9029126213592233,0.006472491909385114,0.09061488673139159,
0.0,0.02,independent_latents,logger1_heavy,1,pooled_mlp,0.2588996763754045,0.2588996763754045,0.6731391585760518,0.07119741100323625,0.255663430420712,0.9029126213592233,0.006472491909385114,0.09061488673139159,
0.0,0.02,independent_latents,logger1_heavy,1,source_balanced_pooled_mlp,0.27184466019417475,0.27184466019417475,0.6343042071197411,0.07119741100323625,0.29449838187702265,0.9029126213592233,0.006472491909385114,0.09061488673139159,
0.0,0.02,independent_latents,logger1_heavy,1,source_conditioned_decoder,0.18770226537216828,0.18770226537216828,0.7411003236245954,0.032362459546925564,0.22653721682847897,0.9029126213592233,0.006472491909385114,0.09061488673139159,
0.0,0.02,independent_latents,logger1_heavy,1,per_source_models,0.17475728155339806,0.17475728155339806,0.7313915857605178,0.08090614886731391,0.18770226537216828,0.9029126213592233,0.006472491909385114,0.09061488673139159,
0.0,0.02,independent_latents,logger1_heavy,1,mechanism_separated,0.14563106796116504,0.14563106796116504,0.7766990291262136,0.045307443365695796,0.1779935275080906,0.9029126213592233,0.006472491909385114,0.09061488673139159,
0.0,0.02,independent_latents,logger1_heavy,1,oracle_u_aware,0.21359223300970873,0.21359223300970873,0.6957928802588996,0.07766990291262135,0.22653721682847897,0.9029126213592233,0.006472491909385114,0.09061488673139159,
0.0,0.02,independent_latents,logger1_heavy,1,source_shuffle,0.3042071197411003,0.3042071197411003,0.6407766990291263,0.06796116504854369,0.2912621359223301,0.9029126213592233,0.006472491909385114,0.09061488673139159,
0.0,0.02,independent_latents,logger1_heavy,1,no_behavior,0.1423948220064725,0.1423948220064725,0.7669902912621359,0.05825242718446602,0.17475728155339806,0.9029126213592233,0.006472491909385114,0.09061488673139159,
0.0,0.02,independent_latents,logger1_heavy,1,source_dependent_reward,0.16828478964401294,0.16828478964401294,0.7540453074433657,0.04854368932038835,0.19741100323624594,0.9029126213592233,0.006472491909385114,0.09061488673139159,
0.0,0.02,independent_latents,logger1_heavy,2,pooled_mlp,0.21359223300970873,0.21359223300970873,0.7475728155339806,0.09061488673139159,0.16181229773462782,0.9029126213592233,0.006472491909385114,0.09061488673139159,
0.0,0.02,independent_latents,logger1_heavy,2,source_balanced_pooled_mlp,0.22330097087378642,0.22330097087378642,0.6893203883495146,0.06472491909385113,0.2459546925566343,0.9029126213592233,0.006472491909385114,0.09061488673139159,
0.0,0.02,independent_latents,logger1_heavy,2,source_conditioned_decoder,0.13915857605177995,0.13915857605177995,0.7702265372168284,0.025889967637540454,0.20388349514563106,0.9029126213592233,0.006472491909385114,0.09061488673139159,
0.0,0.02,independent_latents,logger1_heavy,2,per_source_models,0.18770226537216828,0.18770226537216828,0.7540453074433657,0.06796116504854369,0.1779935275080906,0.9029126213592233,0.006472491909385114,0.09061488673139159,
0.0,0.02,independent_latents,logger1_heavy,2,mechanism_separated,0.20064724919093851,0.20064724919093851,0.7637540453074434,0.061488673139158574,0.17475728155339806,0.9029126213592233,0.006472491909385114,0.09061488673139159,
0.0,0.02,independent_latents,logger1_heavy,2,oracle_u_aware,0.21359223300970873,0.21359223300970873,0.6957928802588996,0.061488673139158574,0.24271844660194175,0.9029126213592233,0.006472491909385114,0.09061488673139159,
0.0,0.02,independent_latents,logger1_heavy,2,source_shuffle,0.19741100323624594,0.19741100323624594,0.7540453074433657,0.06796116504854369,0.1779935275080906,0.9029126213592233,0.006472491909385114,0.09061488673139159,
0.0,0.02,independent_latents,logger1_heavy,2,no_behavior,0.19093851132686085,0.19093851132686085,0.7313915857605178,0.05825242718446602,0.21035598705501618,0.9029126213592233,0.006472491909385114,0.09061488673139159,
0.0,0.02,independent_latents,logger1_heavy,2,source_dependent_reward,0.1715210355987055,0.1715210355987055,0.7378640776699029,0.03559870550161812,0.22653721682847897,0.9029126213592233,0.006472491909385114,0.09061488673139159,
0.0,0.02,independent_latents,logger1_heavy,3,pooled_mlp,0.23948220064724918,0.23948220064724918,0.6699029126213593,0.07766990291262135,0.2524271844660194,0.9029126213592233,0.006472491909385114,0.09061488673139159,
0.0,0.02,independent_latents,logger1_heavy,3,source_balanced_pooled_mlp,0.22330097087378642,0.22330097087378642,0.6893203883495146,0.07766990291262135,0.23300970873786409,0.9029126213592233,0.006472491909385114,0.09061488673139159,
0.0,0.02,independent_latents,logger1_heavy,3,source_conditioned_decoder,0.20711974110032363,0.20711974110032363,0.7087378640776699,0.05825242718446602,0.23300970873786409,0.9029126213592233,0.006472491909385114,0.09061488673139159,
0.0,0.02,independent_latents,logger1_heavy,3,per_source_models,0.22653721682847897,0.22653721682847897,0.6828478964401294,0.08737864077669903,0.2297734627831715,0.9029126213592233,0.006472491909385114,0.09061488673139159,
0.0,0.02,independent_latents,logger1_heavy,3,mechanism_separated,0.22330097087378642,0.22330097087378642,0.6925566343042071,0.07119741100323625,0.23624595469255663,0.9029126213592233,0.006472491909385114,0.09061488673139159,
0.0,0.02,independent_latents,logger1_heavy,3,oracle_u_aware,0.24919093851132687,0.24919093851132687,0.6634304207119741,0.08090614886731391,0.255663430420712,0.9029126213592233,0.006472491909385114,0.09061488673139159,
0.0,0.02,independent_latents,logger1_heavy,3,source_shuffle,0.22330097087378642,0.22330097087378642,0.6957928802588996,0.07766990291262135,0.22653721682847897,0.9029126213592233,0.006472491909385114,0.09061488673139159,
0.0,0.02,independent_latents,logger1_heavy,3,no_behavior,0.19741100323624594,0.19741100323624594,0.7184466019417476,0.045307443365695796,0.23624595469255663,0.9029126213592233,0.006472491909385114,0.09061488673139159,
0.0,0.02,independent_latents,logger1_heavy,3,source_dependent_reward,0.19741100323624594,0.19741100323624594,0.7184466019417476,0.061488673139158574,0.22006472491909385,0.9029126213592233,0.006472491909385114,0.09061488673139159,
0.0,0.02,independent_latents,logger1_heavy,4,pooled_mlp,0.29449838187702265,0.29449838187702265,0.6213592233009708,0.08414239482200647,0.29449838187702265,0.9029126213592233,0.006472491909385114,0.09061488673139159,
0.0,0.02,independent_latents,logger1_heavy,4,source_balanced_pooled_mlp,0.21359223300970873,0.21359223300970873,0.6925566343042071,0.08090614886731391,0.22653721682847897,0.9029126213592233,0.006472491909385114,0.09061488673139159,
0.0,0.02,independent_latents,logger1_heavy,4,source_conditioned_decoder,0.22006472491909385,0.22006472491909385,0.6893203883495146,0.061488673139158574,0.24919093851132687,0.9029126213592233,0.006472491909385114,0.09061488673139159,
0.0,0.02,independent_latents,logger1_heavy,4,per_source_models,0.22006472491909385,0.22006472491909385,0.6893203883495146,0.05825242718446602,0.2524271844660194,0.9029126213592233,0.006472491909385114,0.09061488673139159,
0.0,0.02,independent_latents,logger1_heavy,4,mechanism_separated,0.2588996763754045,0.2588996763754045,0.656957928802589,0.05501618122977346,0.28802588996763756,0.9029126213592233,0.006472491909385114,0.09061488673139159,
0.0,0.02,independent_latents,logger1_heavy,4,oracle_u_aware,0.19741100323624594,0.19741100323624594,0.7152103559870551,0.06796116504854369,0.2168284789644013,0.9029126213592233,0.006472491909385114,0.09061488673139159,
0.0,0.02,independent_latents,logger1_heavy,4,source_shuffle,0.284789644012945,0.284789644012945,0.6343042071197411,0.07119741100323625,0.29449838187702265,0.9029126213592233,0.006472491909385114,0.09061488673139159,
0.0,0.02,independent_latents,logger1_heavy,4,no_behavior,0.23300970873786409,0.2297734627831715,0.6828478964401294,0.06472491909385113,0.255663430420712,0.9029126213592233,0.006472491909385114,0.09061488673139159,
0.0,0.02,independent_latents,logger1_heavy,4,source_dependent_reward,0.1779935275080906,0.1779935275080906,0.7281553398058253,0.042071197411003236,0.2297734627831715,0.9029126213592233,0.006472491909385114,0.09061488673139159,
0.0,0.02,independent_latents,logger12_balanced,0,pooled_mlp,0.1941747572815534,0.1941747572815534,0.7378640776699029,0.09385113268608414,0.16828478964401294,0.9029126213592233,0.006472491909385114,0.09061488673139159,
0.0,0.02,independent_latents,logger12_balanced,0,source_balanced_pooled_mlp,0.1941747572815534,0.1941747572815534,0.7378640776699029,0.09385113268608414,0.16828478964401294,0.9029126213592233,0.006472491909385114,0.09061488673139159,
0.0,0.02,independent_latents,logger12_balanced,0,source_conditioned_decoder,0.14563106796116504,0.14563106796116504,0.7961165048543689,0.042071197411003236,0.16181229773462782,0.9029126213592233,0.006472491909385114,0.09061488673139159,
0.0,0.02,independent_latents,logger12_balanced,0,per_source_models,0.19741100323624594,0.19741100323624594,0.7119741100323624,0.05177993527508091,0.23624595469255663,0.9029126213592233,0.006472491909385114,0.09061488673139159,
0.0,0.02,independent_latents,logger12_balanced,0,mechanism_separated,0.29449838187702265,0.29449838187702265,0.6148867313915858,0.0970873786407767,0.28802588996763756,0.9029126213592233,0.006472491909385114,0.09061488673139159,
0.0,0.02,independent_latents,logger12_balanced,0,oracle_u_aware,0.23624595469255663,0.23624595469255663,0.6796116504854369,0.08737864077669903,0.23300970873786409,0.9029126213592233,0.006472491909385114,0.09061488673139159,
0.0,0.02,independent_latents,logger12_balanced,0,source_shuffle,0.3074433656957929,0.3074433656957929,0.6019417475728155,0.11003236245954692,0.28802588996763756,0.9029126213592233,0.006472491909385114,0.09061488673139159,
0.0,0.02,independent_latents,logger12_balanced,0,no_behavior,0.23624595469255663,0.23624595469255663,0.6731391585760518,0.0970873786407767,0.2297734627831715,0.9029126213592233,0.006472491909385114,0.09061488673139159,
0.0,0.02,independent_latents,logger12_balanced,0,source_dependent_reward,0.2783171521035599,0.2783171521035599,0.6310679611650486,0.05177993527508091,0.31715210355987056,0.9029126213592233,0.006472491909385114,0.09061488673139159,
0.0,0.02,independent_latents,logger12_balanced,1,pooled_mlp,0.27184466019417475,0.27184466019417475,0.6343042071197411,0.07119741100323625,0.29449838187702265,0.9029126213592233,0.006472491909385114,0.09061488673139159,
0.0,0.02,independent_latents,logger12_balanced,1,source_balanced_pooled_mlp,0.27184466019417475,0.27184466019417475,0.6343042071197411,0.07119741100323625,0.29449838187702265,0.9029126213592233,0.006472491909385114,0.09061488673139159,
0.0,0.02,independent_latents,logger12_balanced,1,source_conditioned_decoder,0.16828478964401294,0.16828478964401294,0.7508090614886731,0.05177993527508091,0.19741100323624594,0.9029126213592233,0.006472491909385114,0.09061488673139159,
0.0,0.02,independent_latents,logger12_balanced,1,per_source_models,0.16181229773462782,0.16181229773462782,0.7508090614886731,0.038834951456310676,0.21035598705501618,0.9029126213592233,0.006472491909385114,0.09061488673139159,
0.0,0.02,independent_latents,logger12_balanced,1,mechanism_separated,0.2686084142394822,0.2686084142394822,0.6375404530744336,0.04854368932038835,0.313915857605178,0.9029126213592233,0.006472491909385114,0.09061488673139159,
0.0,0.02,independent_latents,logger12_balanced,1,oracle_u_aware,0.19741100323624594,0.19741100323624594,0.7119741100323624,0.07766990291262135,0.21359223300970873,0.9029126213592233,0.006472491909385114,0.09061488673139159,
0.0,0.02,independent_latents,logger12_balanced,1,source_shuffle,0.2912621359223301,0.2912621359223301,0.6181229773462783,0.06472491909385113,0.31715210355987056,0.9029126213592233,0.006472491909385114,0.09061488673139159,
0.0,0.02,independent_latents,logger12_balanced,1,no_behavior,0.255663430420712,0.255663430420712,0.656957928802589,0.038834951456310676,0.3042071197411003,0.9029126213592233,0.006472491909385114,0.09061488673139159,
0.0,0.02,independent_latents,logger12_balanced,1,source_dependent_reward,0.2168284789644013,0.2168284789644013,0.6957928802588996,0.07119741100323625,0.23300970873786409,0.9029126213592233,0.006472491909385114,0.09061488673139159,
0.0,0.02,independent_latents,logger12_balanced,2,pooled_mlp,0.22330097087378642,0.22330097087378642,0.6893203883495146,0.06472491909385113,0.2459546925566343,0.9029126213592233,0.006472491909385114,0.09061488673139159,
0.0,0.02,independent_latents,logger12_balanced,2,source_balanced_pooled_mlp,0.22330097087378642,0.22330097087378642,0.6893203883495146,0.06472491909385113,0.2459546925566343,0.9029126213592233,0.006472491909385114,0.09061488673139159,
0.0,0.02,independent_latents,logger12_balanced,2,source_conditioned_decoder,0.1779935275080906,0.1779935275080906,0.7378640776699029,0.05501618122977346,0.20711974110032363,0.9029126213592233,0.006472491909385114,0.09061488673139159,
0.0,0.02,independent_latents,logger12_balanced,2,per_source_models,0.1488673139158576,0.1488673139158576,0.7799352750809061,0.042071197411003236,0.18122977346278318,0.9029126213592233,0.006472491909385114,0.09061488673139159,
0.0,0.02,independent_latents,logger12_balanced,2,mechanism_separated,0.20064724919093851,0.20064724919093851,0.7119741100323624,0.05825242718446602,0.2297734627831715,0.9029126213592233,0.006472491909385114,0.09061488673139159,
0.0,0.02,independent_latents,logger12_balanced,2,oracle_u_aware,0.24271844660194175,0.24271844660194175,0.6666666666666666,0.0744336569579288,0.2588996763754045,0.9029126213592233,0.006472491909385114,0.09061488673139159,
0.0,0.02,independent_latents,logger12_balanced,2,source_shuffle,0.18770226537216828,0.18770226537216828,0.7281553398058253,0.061488673139158574,0.21035598705501618,0.9029126213592233,0.006472491909385114,0.09061488673139159,
0.0,0.02,independent_latents,logger12_balanced,2,no_behavior,0.19741100323624594,0.19741100323624594,0.7216828478964401,0.06796116504854369,0.21035598705501618,0.9029126213592233,0.006472491909385114,0.09061488673139159,
0.0,0.02,independent_latents,logger12_balanced,2,source_dependent_reward,0.1941747572815534,0.1941747572815534,0.7152103559870551,0.061488673139158574,0.22330097087378642,0.9029126213592233,0.006472491909385114,0.09061488673139159,
0.0,0.02,independent_latents,logger12_balanced,3,pooled_mlp,0.22330097087378642,0.22330097087378642,0.6893203883495146,0.07766990291262135,0.23300970873786409,0.9029126213592233,0.006472491909385114,0.09061488673139159,
0.0,0.02,independent_latents,logger12_balanced,3,source_balanced_pooled_mlp,0.22330097087378642,0.22330097087378642,0.6893203883495146,0.07766990291262135,0.23300970873786409,0.9029126213592233,0.006472491909385114,0.09061488673139159,
0.0,0.02,independent_latents,logger12_balanced,3,source_conditioned_decoder,0.22006472491909385,0.22006472491909385,0.6893203883495146,0.07119741100323625,0.23948220064724918,0.9029126213592233,0.006472491909385114,0.09061488673139159,
0.0,0.02,independent_latents,logger12_balanced,3,per_source_models,0.20388349514563106,0.20388349514563106,0.7087378640776699,0.061488673139158574,0.2297734627831715,0.9029126213592233,0.006472491909385114,0.09061488673139159,
0.0,0.02,independent_latents,logger12_balanced,3,mechanism_separated,0.20064724919093851,0.20064724919093851,0.7152103559870551,0.045307443365695796,0.23948220064724918,0.9029126213592233,0.006472491909385114,0.09061488673139159,
0.0,0.02,independent_latents,logger12_balanced,3,oracle_u_aware,0.19741100323624594,0.19741100323624594,0.7184466019417476,0.05825242718446602,0.22330097087378642,0.9029126213592233,0.006472491909385114,0.09061488673139159,
0.0,0.02,independent_latents,logger12_balanced,3,source_shuffle,0.24919093851132687,0.24919093851132687,0.6699029126213593,0.08414239482200647,0.2459546925566343,0.9029126213592233,0.006472491909385114,0.09061488673139159,
0.0,0.02,independent_latents,logger12_balanced,3,no_behavior,0.23948220064724918,0.23948220064724918,0.6763754045307443,0.06472491909385113,0.2588996763754045,0.9029126213592233,0.006472491909385114,0.09061488673139159,
0.0,0.02,independent_latents,logger12_balanced,3,source_dependent_reward,0.1779935275080906,0.1779935275080906,0.7313915857605178,0.07119741100323625,0.19741100323624594,0.9029126213592233,0.006472491909385114,0.09061488673139159,
0.0,0.02,independent_latents,logger12_balanced,4,pooled_mlp,0.21359223300970873,0.21359223300970873,0.6925566343042071,0.08090614886731391,0.22653721682847897,0.9029126213592233,0.006472491909385114,0.09061488673139159,
0.0,0.02,independent_latents,logger12_balanced,4,source_balanced_pooled_mlp,0.21359223300970873,0.21359223300970873,0.6925566343042071,0.08090614886731391,0.22653721682847897,0.9029126213592233,0.006472491909385114,0.09061488673139159,
0.0,0.02,independent_latents,logger12_balanced,4,source_conditioned_decoder,0.1488673139158576,0.1488673139158576,0.7637540453074434,0.04854368932038835,0.18770226537216828,0.9029126213592233,0.006472491909385114,0.09061488673139159,
0.0,0.02,independent_latents,logger12_balanced,4,per_source_models,0.24271844660194175,0.24271844660194175,0.6666666666666666,0.06796116504854369,0.26537216828478966,0.9029126213592233,0.006472491909385114,0.09061488673139159,
0.0,0.02,independent_latents,logger12_balanced,4,mechanism_separated,0.22330097087378642,0.22330097087378642,0.6990291262135923,0.05825242718446602,0.24271844660194175,0.9029126213592233,0.006472491909385114,0.09061488673139159,
0.0,0.02,independent_latents,logger12_balanced,4,oracle_u_aware,0.20064724919093851,0.20064724919093851,0.7152103559870551,0.04854368932038835,0.23624595469255663,0.9029126213592233,0.006472491909385114,0.09061488673139159,
0.0,0.02,independent_latents,logger12_balanced,4,source_shuffle,0.22653721682847897,0.22653721682847897,0.6925566343042071,0.08414239482200647,0.22330097087378642,0.9029126213592233,0.006472491909385114,0.09061488673139159,
0.0,0.02,independent_latents,logger12_balanced,4,no_behavior,0.2168284789644013,0.2168284789644013,0.6990291262135923,0.05825242718446602,0.24271844660194175,0.9029126213592233,0.006472491909385114,0.09061488673139159,
0.0,0.02,independent_latents,logger12_balanced,4,source_dependent_reward,0.21359223300970873,0.21359223300970873,0.6990291262135923,0.05501618122977346,0.2459546925566343,0.9029126213592233,0.006472491909385114,0.09061488673139159,
0.0,0.02,independent_latents,logger2_heavy,0,pooled_mlp,0.29449838187702265,0.2912621359223301,0.627831715210356,0.09061488673139159,0.284789644012945,0.9029126213592233,0.006472491909385114,0.09061488673139159,
0.0,0.02,independent_latents,logger2_heavy,0,source_balanced_pooled_mlp,0.1941747572815534,0.1941747572815534,0.7378640776699029,0.09385113268608414,0.16828478964401294,0.9029126213592233,0.006472491909385114,0.09061488673139159,
0.0,0.02,independent_latents,logger2_heavy,0,source_conditioned_decoder,0.1553398058252427,0.1553398058252427,0.7702265372168284,0.05177993527508091,0.1779935275080906,0.9029126213592233,0.006472491909385114,0.09061488673139159,
0.0,0.02,independent_latents,logger2_heavy,0,per_source_models,0.19093851132686085,0.19093851132686085,0.7249190938511327,0.06472491909385113,0.21035598705501618,0.9029126213592233,0.006472491909385114,0.09061488673139159,
0.0,0.02,independent_latents,logger2_heavy,0,mechanism_separated,0.2815533980582524,0.2815533980582524,0.6343042071197411,0.08414239482200647,0.2815533980582524,0.9029126213592233,0.006472491909385114,0.09061488673139159,
0.0,0.02,independent_latents,logger2_heavy,0,oracle_u_aware,0.1715210355987055,0.1715210355987055,0.7411003236245954,0.06796116504854369,0.19093851132686085,0.9029126213592233,0.006472491909385114,0.09061488673139159,
0.0,0.02,independent_latents,logger2_heavy,0,source_shuffle,0.2686084142394822,0.2686084142394822,0.6504854368932039,0.08090614886731391,0.2686084142394822,0.9029126213592233,0.006472491909385114,0.09061488673139159,
0.0,0.02,independent_latents,logger2_heavy,0,no_behavior,0.24271844660194175,0.24271844660194175,0.6731391585760518,0.0744336569579288,0.2524271844660194,0.9029126213592233,0.006472491909385114,0.09061488673139159,
0.0,0.02,independent_latents,logger2_heavy,0,source_dependent_reward,0.21359223300970873,0.21359223300970873,0.7152103559870551,0.061488673139158574,0.22330097087378642,0.9029126213592233,0.006472491909385114,0.09061488673139159,
0.0,0.02,independent_latents,logger2_heavy,1,pooled_mlp,0.19741100323624594,0.19741100323624594,0.7216828478964401,0.10032362459546926,0.1779935275080906,0.9029126213592233,0.006472491909385114,0.09061488673139159,
0.0,0.02,independent_latents,logger2_heavy,1,source_balanced_pooled_mlp,0.27184466019417475,0.27184466019417475,0.6343042071197411,0.07119741100323625,0.29449838187702265,0.9029126213592233,0.006472491909385114,0.09061488673139159,
0.0,0.02,independent_latents,logger2_heavy,1,source_conditioned_decoder,0.20388349514563106,0.20388349514563106,0.7152103559870551,0.025889967637540454,0.2588996763754045,0.9029126213592233,0.006472491909385114,0.09061488673139159,
0.0,0.02,independent_latents,logger2_heavy,1,per_source_models,0.1553398058252427,0.1553398058252427,0.7605177993527508,0.04854368932038835,0.19093851132686085,0.9029126213592233,0.006472491909385114,0.09061488673139159,
0.0,0.02,independent_latents,logger2_heavy,1,mechanism_separated,0.22653721682847897,0.22653721682847897,0.6828478964401294,0.07766990291262135,0.23948220064724918,0.9029126213592233,0.006472491909385114,0.09061488673139159,
0.0,0.02,independent_latents,logger2_heavy,1,oracle_u_aware,0.2459546925566343,0.2459546925566343,0.6634304207119741,0.09385113268608414,0.24271844660194175,0.9029126213592233,0.006472491909385114,0.09061488673139159,
0.0,0.02,independent_latents,logger2_heavy,1,source_shuffle,0.23624595469255663,0.23624595469255663,0.686084142394822,0.07119741100323625,0.24271844660194175,0.9029126213592233,0.006472491909385114,0.09061488673139159,
0.0,0.02,independent_latents,logger2_heavy,1,no_behavior,0.23624595469255663,0.23624595469255663,0.6957928802588996,0.04854368932038835,0.255663430420712,0.9029126213592233,0.006472491909385114,0.09061488673139159,
0.0,0.02,independent_latents,logger2_heavy,1,source_dependent_reward,0.21359223300970873,0.21359223300970873,0.7119741100323624,0.05177993527508091,0.23624595469255663,0.9029126213592233,0.006472491909385114,0.09061488673139159,
0.0,0.02,independent_latents,logger2_heavy,2,pooled_mlp,0.19741100323624594,0.19741100323624594,0.7216828478964401,0.0970873786407767,0.18122977346278318,0.9029126213592233,0.006472491909385114,0.09061488673139159,
0.0,0.02,independent_latents,logger2_heavy,2,source_balanced_pooled_mlp,0.22330097087378642,0.22330097087378642,0.6893203883495146,0.06472491909385113,0.2459546925566343,0.9029126213592233,0.006472491909385114,0.09061488673139159,
0.0,0.02,independent_latents,logger2_heavy,2,source_conditioned_decoder,0.313915857605178,0.313915857605178,0.5954692556634305,0.07119741100323625,0.3333333333333333,0.9029126213592233,0.006472491909385114,0.09061488673139159,
0.0,0.02,independent_latents,logger2_heavy,2,per_source_models,0.16181229773462782,0.16181229773462782,0.7702265372168284,0.042071197411003236,0.18770226537216828,0.9029126213592233,0.006472491909385114,0.09061488673139159,
0.0,0.02,independent_latents,logger2_heavy,2,mechanism_separated,0.18122977346278318,0.18122977346278318,0.7411003236245954,0.06472491909385113,0.1941747572815534,0.9029126213592233,0.006472491909385114,0.09061488673139159,
0.0,0.02,independent_latents,logger2_heavy,2,oracle_u_aware,0.18446601941747573,0.18446601941747573,0.7281553398058253,0.04854368932038835,0.22330097087378642,0.9029126213592233,0.006472491909385114,0.09061488673139159,
0.0,0.02,independent_latents,logger2_heavy,2,source_shuffle,0.15857605177993528,0.15857605177993528,0.7637540453074434,0.061488673139158574,0.17475728155339806,0.9029126213592233,0.006472491909385114,0.09061488673139159,
0.0,0.02,independent_latents,logger2_heavy,2,no_behavior,0.1553398058252427,0.1553398058252427,0.7637540453074434,0.05501618122977346,0.18122977346278318,0.9029126213592233,0.006472491909385114,0.09061488673139159,
0.0,0.02,independent_latents,logger2_heavy,2,source_dependent_reward,0.19093851132686085,0.19093851132686085,0.7766990291262136,0.05177993527508091,0.1715210355987055,0.9029126213592233,0.006472491909385114,0.09061488673139159,
0.0,0.02,independent_latents,logger2_heavy,3,pooled_mlp,0.21359223300970873,0.21359223300970873,0.7022653721682848,0.08090614886731391,0.2168284789644013,0.9029126213592233,0.006472491909385114,0.09061488673139159,
0.0,0.02,independent_latents,logger2_heavy,3,source_balanced_pooled_mlp,0.22330097087378642,0.22330097087378642,0.6893203883495146,0.07766990291262135,0.23300970873786409,0.9029126213592233,0.006472491909385114,0.09061488673139159,
0.0,0.02,independent_latents,logger2_heavy,3,source_conditioned_decoder,0.2621359223300971,0.2621359223300971,0.6601941747572816,0.06796116504854369,0.27184466019417475,0.9029126213592233,0.006472491909385114,0.09061488673139159,
0.0,0.02,independent_latents,logger2_heavy,3,per_source_models,0.19093851132686085,0.19093851132686085,0.7216828478964401,0.05501618122977346,0.22330097087378642,0.9029126213592233,0.006472491909385114,0.09061488673139159,
0.0,0.02,independent_latents,logger2_heavy,3,mechanism_separated,0.255663430420712,0.255663430420712,0.656957928802589,0.0744336569579288,0.2686084142394822,0.9029126213592233,0.006472491909385114,0.09061488673139159,
0.0,0.02,independent_latents,logger2_heavy,3,oracle_u_aware,0.22006472491909385,0.22006472491909385,0.6925566343042071,0.06472491909385113,0.24271844660194175,0.9029126213592233,0.006472491909385114,0.09061488673139159,
0.0,0.02,independent_latents,logger2_heavy,3,source_shuffle,0.2815533980582524,0.2815533980582524,0.6310679611650486,0.08090614886731391,0.28802588996763756,0.9029126213592233,0.006472491909385114,0.09061488673139159,
0.0,0.02,independent_latents,logger2_heavy,3,no_behavior,0.2621359223300971,0.2621359223300971,0.6504854368932039,0.05501618122977346,0.29449838187702265,0.9029126213592233,0.006472491909385114,0.09061488673139159,
0.0,0.02,independent_latents,logger2_heavy,3,source_dependent_reward,0.19093851132686085,0.19093851132686085,0.7249190938511327,0.05501618122977346,0.22330097087378642,0.9029126213592233,0.006472491909385114,0.09061488673139159,
0.0,0.02,independent_latents,logger2_heavy,4,pooled_mlp,0.3300970873786408,0.3300970873786408,0.6051779935275081,0.08090614886731391,0.313915857605178,0.9029126213592233,0.006472491909385114,0.09061488673139159,
0.0,0.02,independent_latents,logger2_heavy,4,source_balanced_pooled_mlp,0.21359223300970873,0.21359223300970873,0.6925566343042071,0.08090614886731391,0.22653721682847897,0.9029126213592233,0.006472491909385114,0.09061488673139159,
0.0,0.02,independent_latents,logger2_heavy,4,source_conditioned_decoder,0.18770226537216828,0.18770226537216828,0.7313915857605178,0.05501618122977346,0.21359223300970873,0.9029126213592233,0.006472491909385114,0.09061488673139159,
0.0,0.02,independent_latents,logger2_heavy,4,per_source_models,0.26537216828478966,0.26537216828478966,0.6440129449838188,0.04854368932038835,0.3074433656957929,0.9029126213592233,0.006472491909385114,0.09061488673139159,
0.0,0.02,independent_latents,logger2_heavy,4,mechanism_separated,0.32038834951456313,0.32038834951456313,0.5922330097087378,0.0970873786407767,0.3106796116504854,0.9029126213592233,0.006472491909385114,0.09061488673139159,
0.0,0.02,independent_latents,logger2_heavy,4,oracle_u_aware,0.1941747572815534,0.1941747572815534,0.7119741100323624,0.06796116504854369,0.22006472491909385,0.9029126213592233,0.006472491909385114,0.09061488673139159,
0.0,0.02,independent_latents,logger2_heavy,4,source_shuffle,0.31715210355987056,0.31715210355987056,0.598705501618123,0.10032362459546926,0.30097087378640774,0.9029126213592233,0.006472491909385114,0.09061488673139159,
0.0,0.02,independent_latents,logger2_heavy,4,no_behavior,0.3559870550161812,0.3559870550161812,0.5760517799352751,0.11326860841423948,0.3106796116504854,0.9029126213592233,0.006472491909385114,0.09061488673139159,
0.0,0.02,independent_latents,logger2_heavy,4,source_dependent_reward,0.2686084142394822,0.2686084142394822,0.6504854368932039,0.06472491909385113,0.284789644012945,0.9029126213592233,0.006472491909385114,0.09061488673139159,
0.0,0.05,confounded,logger1_heavy,0,pooled_mlp,0.9093851132686084,0.9093851132686084,0.0,0.003236245954692557,0.9967637540453075,0.9029126213592233,0.006472491909385114,0.09061488673139159,
0.0,0.05,confounded,logger1_heavy,0,source_balanced_pooled_mlp,0.9093851132686084,0.9093851132686084,0.0,0.003236245954692557,0.9967637540453075,0.9029126213592233,0.006472491909385114,0.09061488673139159,
0.0,0.05,confounded,logger1_heavy,0,source_conditioned_decoder,0.9093851132686084,0.9093851132686084,0.0,0.0,1.0,0.9029126213592233,0.006472491909385114,0.09061488673139159,
0.0,0.05,confounded,logger1_heavy,0,per_source_models,0.9093851132686084,0.9093851132686084,0.0,0.003236245954692557,0.9967637540453075,0.9029126213592233,0.006472491909385114,0.09061488673139159,
0.0,0.05,confounded,logger1_heavy,0,mechanism_separated,0.9093851132686084,0.9093851132686084,0.0,0.0,1.0,0.9029126213592233,0.006472491909385114,0.09061488673139159,
0.0,0.05,confounded,logger1_heavy,0,oracle_u_aware,0.27184466019417475,0.27184466019417475,0.6407766990291263,0.0744336569579288,0.284789644012945,0.9029126213592233,0.006472491909385114,0.09061488673139159,
0.0,0.05,confounded,logger1_heavy,0,source_shuffle,0.9093851132686084,0.9093851132686084,0.0,0.0,1.0,0.9029126213592233,0.006472491909385114,0.09061488673139159,
0.0,0.05,confounded,logger1_heavy,0,no_behavior,0.9093851132686084,0.9093851132686084,0.0,0.0,1.0,0.9029126213592233,0.006472491909385114,0.09061488673139159,
0.0,0.05,confounded,logger1_heavy,0,source_dependent_reward,0.9061488673139159,0.9061488673139159,0.003236245954692557,0.0,0.9967637540453075,0.9029126213592233,0.006472491909385114,0.09061488673139159,
0.0,0.05,confounded,logger1_heavy,1,pooled_mlp,0.9093851132686084,0.9093851132686084,0.0,0.003236245954692557,0.9967637540453075,0.9029126213592233,0.006472491909385114,0.09061488673139159,
0.0,0.05,confounded,logger1_heavy,1,source_balanced_pooled_mlp,0.9093851132686084,0.9093851132686084,0.0,0.003236245954692557,0.9967637540453075,0.9029126213592233,0.006472491909385114,0.09061488673139159,
0.0,0.05,confounded,logger1_heavy,1,source_conditioned_decoder,0.9061488673139159,0.9061488673139159,0.003236245954692557,0.0,0.9967637540453075,0.9029126213592233,0.006472491909385114,0.09061488673139159,
0.0,0.05,confounded,logger1_heavy,1,per_source_models,0.9093851132686084,0.9093851132686084,0.0,0.003236245954692557,0.9967637540453075,0.9029126213592233,0.006472491909385114,0.09061488673139159,
0.0,0.05,confounded,logger1_heavy,1,mechanism_separated,0.9093851132686084,0.9093851132686084,0.0,0.003236245954692557,0.9967637540453075,0.9029126213592233,0.006472491909385114,0.09061488673139159,
0.0,0.05,confounded,logger1_heavy,1,oracle_u_aware,0.20388349514563106,0.20388349514563106,0.7055016181229773,0.061488673139158574,0.23300970873786409,0.9029126213592233,0.006472491909385114,0.09061488673139159,
0.0,0.05,confounded,logger1_heavy,1,source_shuffle,0.9093851132686084,0.9093851132686084,0.0,0.003236245954692557,0.9967637540453075,0.9029126213592233,0.006472491909385114,0.09061488673139159,
0.0,0.05,confounded,logger1_heavy,1,no_behavior,0.9061488673139159,0.9061488673139159,0.003236245954692557,0.003236245954692557,0.9935275080906149,0.9029126213592233,0.006472491909385114,0.09061488673139159,
0.0,0.05,confounded,logger1_heavy,1,source_dependent_reward,0.9093851132686084,0.9093851132686084,0.0,0.003236245954692557,0.9967637540453075,0.9029126213592233,0.006472491909385114,0.09061488673139159,
0.0,0.05,confounded,logger1_heavy,2,pooled_mlp,0.9093851132686084,0.9093851132686084,0.0,0.003236245954692557,0.9967637540453075,0.9029126213592233,0.006472491909385114,0.09061488673139159,
0.0,0.05,confounded,logger1_heavy,2,source_balanced_pooled_mlp,0.9061488673139159,0.9061488673139159,0.003236245954692557,0.003236245954692557,0.9935275080906149,0.9029126213592233,0.006472491909385114,0.09061488673139159,
0.0,0.05,confounded,logger1_heavy,2,source_conditioned_decoder,0.9093851132686084,0.9093851132686084,0.0,0.003236245954692557,0.9967637540453075,0.9029126213592233,0.006472491909385114,0.09061488673139159,
0.0,0.05,confounded,logger1_heavy,2,per_source_models,0.9093851132686084,0.9093851132686084,0.0,0.0,1.0,0.9029126213592233,0.006472491909385114,0.09061488673139159,
0.0,0.05,confounded,logger1_heavy,2,mechanism_separated,0.8996763754045307,0.8996763754045307,0.009708737864077669,0.003236245954692557,0.9870550161812298,0.9029126213592233,0.006472491909385114,0.09061488673139159,
0.0,0.05,confounded,logger1_heavy,2,oracle_u_aware,0.2686084142394822,0.2686084142394822,0.6634304207119741,0.08737864077669903,0.24919093851132687,0.9029126213592233,0.006472491909385114,0.09061488673139159,
0.0,0.05,confounded,logger1_heavy,2,source_shuffle,0.9061488673139159,0.9061488673139159,0.003236245954692557,0.0,0.9967637540453075,0.9029126213592233,0.006472491909385114,0.09061488673139159,
0.0,0.05,confounded,logger1_heavy,2,no_behavior,0.9061488673139159,0.9061488673139159,0.003236245954692557,0.0,0.9967637540453075,0.9029126213592233,0.006472491909385114,0.09061488673139159,
0.0,0.05,confounded,logger1_heavy,2,source_dependent_reward,0.9093851132686084,0.9093851132686084,0.0,0.003236245954692557,0.9967637540453075,0.9029126213592233,0.006472491909385114,0.09061488673139159,
0.0,0.05,confounded,logger1_heavy,3,pooled_mlp,0.9093851132686084,0.9093851132686084,0.0,0.0,1.0,0.9029126213592233,0.006472491909385114,0.09061488673139159,
0.0,0.05,confounded,logger1_heavy,3,source_balanced_pooled_mlp,0.9061488673139159,0.9061488673139159,0.003236245954692557,0.003236245954692557,0.9935275080906149,0.9029126213592233,0.006472491909385114,0.09061488673139159,
0.0,0.05,confounded,logger1_heavy,3,source_conditioned_decoder,0.9061488673139159,0.9061488673139159,0.003236245954692557,0.0,0.9967637540453075,0.9029126213592233,0.006472491909385114,0.09061488673139159,
0.0,0.05,confounded,logger1_heavy,3,per_source_models,0.9061488673139159,0.9061488673139159,0.003236245954692557,0.0,0.9967637540453075,0.9029126213592233,0.006472491909385114,0.09061488673139159,
0.0,0.05,confounded,logger1_heavy,3,mechanism_separated,0.9093851132686084,0.9093851132686084,0.0,0.0,1.0,0.9029126213592233,0.006472491909385114,0.09061488673139159,
0.0,0.05,confounded,logger1_heavy,3,oracle_u_aware,0.22330097087378642,0.22330097087378642,0.6925566343042071,0.07119741100323625,0.23624595469255663,0.9029126213592233,0.006472491909385114,0.09061488673139159,
0.0,0.05,confounded,logger1_heavy,3,source_shuffle,0.9093851132686084,0.9093851132686084,0.0,0.0,1.0,0.9029126213592233,0.006472491909385114,0.09061488673139159,
0.0,0.05,confounded,logger1_heavy,3,no_behavior,0.9093851132686084,0.9093851132686084,0.0,0.0,1.0,0.9029126213592233,0.006472491909385114,0.09061488673139159,
0.0,0.05,confounded,logger1_heavy,3,source_dependent_reward,0.9093851132686084,0.9093851132686084,0.0,0.003236245954692557,0.9967637540453075,0.9029126213592233,0.006472491909385114,0.09061488673139159,
0.0,0.05,confounded,logger1_heavy,4,pooled_mlp,0.9061488673139159,0.9061488673139159,0.003236245954692557,0.0,0.9967637540453075,0.9029126213592233,0.006472491909385114,0.09061488673139159,
0.0,0.05,confounded,logger1_heavy,4,source_balanced_pooled_mlp,0.9061488673139159,0.9061488673139159,0.003236245954692557,0.0,0.9967637540453075,0.9029126213592233,0.006472491909385114,0.09061488673139159,
0.0,0.05,confounded,logger1_heavy,4,source_conditioned_decoder,0.9093851132686084,0.9093851132686084,0.0,0.003236245954692557,0.9967637540453075,0.9029126213592233,0.006472491909385114,0.09061488673139159,
0.0,0.05,confounded,logger1_heavy,4,per_source_models,0.9093851132686084,0.9093851132686084,0.0,0.006472491909385114,0.9935275080906149,0.9029126213592233,0.006472491909385114,0.09061488673139159,
0.0,0.05,confounded,logger1_heavy,4,mechanism_separated,0.9093851132686084,0.9093851132686084,0.0,0.003236245954692557,0.9967637540453075,0.9029126213592233,0.006472491909385114,0.09061488673139159,
0.0,0.05,confounded,logger1_heavy,4,oracle_u_aware,0.24271844660194175,0.24271844660194175,0.6957928802588996,0.06796116504854369,0.23624595469255663,0.9029126213592233,0.006472491909385114,0.09061488673139159,
0.0,0.05,confounded,logger1_heavy,4,source_shuffle,0.9061488673139159,0.9061488673139159,0.003236245954692557,0.003236245954692557,0.9935275080906149,0.9029126213592233,0.006472491909385114,0.09061488673139159,
0.0,0.05,confounded,logger1_heavy,4,no_behavior,0.9061488673139159,0.9061488673139159,0.003236245954692557,0.0,0.9967637540453075,0.9029126213592233,0.006472491909385114,0.09061488673139159,
0.0,0.05,confounded,logger1_heavy,4,source_dependent_reward,0.9093851132686084,0.9093851132686084,0.0,0.003236245954692557,0.9967637540453075,0.9029126213592233,0.006472491909385114,0.09061488673139159,
0.0,0.05,confounded,logger12_balanced,0,pooled_mlp,0.9093851132686084,0.9093851132686084,0.0,0.003236245954692557,0.9967637540453075,0.9029126213592233,0.006472491909385114,0.09061488673139159,0.0
0.0,0.05,confounded,logger12_balanced,0,source_balanced_pooled_mlp,0.9093851132686084,0.9093851132686084,0.0,0.003236245954692557,0.9967637540453075,0.9029126213592233,0.006472491909385114,0.09061488673139159,0.0
0.0,0.05,confounded,logger12_balanced,0,source_conditioned_decoder,0.9093851132686084,0.9093851132686084,0.0,0.0,1.0,0.9029126213592233,0.006472491909385114,0.09061488673139159,0.0
0.0,0.05,confounded,logger12_balanced,0,per_source_models,0.9093851132686084,0.9093851132686084,0.0,0.006472491909385114,0.9935275080906149,0.9029126213592233,0.006472491909385114,0.09061488673139159,0.0
0.0,0.05,confounded,logger12_balanced,0,mechanism_separated,0.9029126213592233,0.9029126213592233,0.006472491909385114,0.003236245954692557,0.9902912621359223,0.9029126213592233,0.006472491909385114,0.09061488673139159,0.0
0.0,0.05,confounded,logger12_balanced,0,oracle_u_aware,0.23300970873786409,0.23300970873786409,0.6796116504854369,0.09061488673139159,0.2297734627831715,0.9029126213592233,0.006472491909385114,0.09061488673139159,0.0
0.0,0.05,confounded,logger12_balanced,0,source_shuffle,0.9029126213592233,0.9029126213592233,0.006472491909385114,0.003236245954692557,0.9902912621359223,0.9029126213592233,0.006472491909385114,0.09061488673139159,0.0
0.0,0.05,confounded,logger12_balanced,0,no_behavior,0.9029126213592233,0.9029126213592233,0.006472491909385114,0.003236245954692557,0.9902912621359223,0.9029126213592233,0.006472491909385114,0.09061488673139159,0.0
0.0,0.05,confounded,logger12_balanced,0,source_dependent_reward,0.9061488673139159,0.9061488673139159,0.003236245954692557,0.0,0.9967637540453075,0.9029126213592233,0.006472491909385114,0.09061488673139159,0.0
0.0,0.05,confounded,logger12_balanced,1,pooled_mlp,0.9093851132686084,0.9093851132686084,0.0,0.003236245954692557,0.9967637540453075,0.9029126213592233,0.006472491909385114,0.09061488673139159,0.0
0.0,0.05,confounded,logger12_balanced,1,source_balanced_pooled_mlp,0.9093851132686084,0.9093851132686084,0.0,0.003236245954692557,0.9967637540453075,0.9029126213592233,0.006472491909385114,0.09061488673139159,0.0
0.0,0.05,confounded,logger12_balanced,1,source_conditioned_decoder,0.9061488673139159,0.9061488673139159,0.003236245954692557,0.0,0.9967637540453075,0.9029126213592233,0.006472491909385114,0.09061488673139159,0.0
0.0,0.05,confounded,logger12_balanced,1,per_source_models,0.9093851132686084,0.9093851132686084,0.0,0.0,1.0,0.9029126213592233,0.006472491909385114,0.09061488673139159,0.0
0.0,0.05,confounded,logger12_balanced,1,mechanism_separated,0.9061488673139159,0.9061488673139159,0.003236245954692557,0.0,0.9967637540453075,0.9029126213592233,0.006472491909385114,0.09061488673139159,0.0
0.0,0.05,confounded,logger12_balanced,1,oracle_u_aware,0.2686084142394822,0.2686084142394822,0.6537216828478964,0.10679611650485436,0.23948220064724918,0.9029126213592233,0.006472491909385114,0.09061488673139159,0.0
0.0,0.05,confounded,logger12_balanced,1,source_shuffle,0.9093851132686084,0.9093851132686084,0.0,0.003236245954692557,0.9967637540453075,0.9029126213592233,0.006472491909385114,0.09061488673139159,0.0
0.0,0.05,confounded,logger12_balanced,1,no_behavior,0.9029126213592233,0.9029126213592233,0.006472491909385114,0.0,0.9935275080906149,0.9029126213592233,0.006472491909385114,0.09061488673139159,0.0
0.0,0.05,confounded,logger12_balanced,1,source_dependent_reward,0.9061488673139159,0.9061488673139159,0.003236245954692557,0.003236245954692557,0.9935275080906149,0.9029126213592233,0.006472491909385114,0.09061488673139159,0.0
0.0,0.05,confounded,logger12_balanced,2,pooled_mlp,0.9061488673139159,0.9061488673139159,0.003236245954692557,0.003236245954692557,0.9935275080906149,0.9029126213592233,0.006472491909385114,0.09061488673139159,0.0
0.0,0.05,confounded,logger12_balanced,2,source_balanced_pooled_mlp,0.9061488673139159,0.9061488673139159,0.003236245954692557,0.003236245954692557,0.9935275080906149,0.9029126213592233,0.006472491909385114,0.09061488673139159,0.0
0.0,0.05,confounded,logger12_balanced,2,source_conditioned_decoder,0.9061488673139159,0.9061488673139159,0.003236245954692557,0.003236245954692557,0.9935275080906149,0.9029126213592233,0.006472491909385114,0.09061488673139159,0.0
0.0,0.05,confounded,logger12_balanced,2,per_source_models,0.9093851132686084,0.9093851132686084,0.0,0.0,1.0,0.9029126213592233,0.006472491909385114,0.09061488673139159,0.0
0.0,0.05,confounded,logger12_balanced,2,mechanism_separated,0.9061488673139159,0.9061488673139159,0.003236245954692557,0.006472491909385114,0.9902912621359223,0.9029126213592233,0.006472491909385114,0.09061488673139159,0.0
0.0,0.05,confounded,logger12_balanced,2,oracle_u_aware,0.20711974110032363,0.20711974110032363,0.7184466019417476,0.06472491909385113,0.2168284789644013,0.9029126213592233,0.006472491909385114,0.09061488673139159,0.0
0.0,0.05,confounded,logger12_balanced,2,source_shuffle,0.9061488673139159,0.9061488673139159,0.003236245954692557,0.0,0.9967637540453075,0.9029126213592233,0.006472491909385114,0.09061488673139159,0.0
0.0,0.05,confounded,logger12_balanced,2,no_behavior,0.9061488673139159,0.9061488673139159,0.003236245954692557,0.0,0.9967637540453075,0.9029126213592233,0.006472491909385114,0.09061488673139159,0.0
0.0,0.05,confounded,logger12_balanced,2,source_dependent_reward,0.9093851132686084,0.9093851132686084,0.0,0.003236245954692557,0.9967637540453075,0.9029126213592233,0.006472491909385114,0.09061488673139159,0.0
0.0,0.05,confounded,logger12_balanced,3,pooled_mlp,0.9061488673139159,0.9061488673139159,0.003236245954692557,0.003236245954692557,0.9935275080906149,0.9029126213592233,0.006472491909385114,0.09061488673139159,0.0
0.0,0.05,confounded,logger12_balanced,3,source_balanced_pooled_mlp,0.9061488673139159,0.9061488673139159,0.003236245954692557,0.003236245954692557,0.9935275080906149,0.9029126213592233,0.006472491909385114,0.09061488673139159,0.0
0.0,0.05,confounded,logger12_balanced,3,source_conditioned_decoder,0.9029126213592233,0.9029126213592233,0.006472491909385114,0.003236245954692557,0.9902912621359223,0.9029126213592233,0.006472491909385114,0.09061488673139159,0.0
0.0,0.05,confounded,logger12_balanced,3,per_source_models,0.9093851132686084,0.9093851132686084,0.0,0.006472491909385114,0.9935275080906149,0.9029126213592233,0.006472491909385114,0.09061488673139159,0.0
0.0,0.05,confounded,logger12_balanced,3,mechanism_separated,0.9093851132686084,0.9093851132686084,0.0,0.0,1.0,0.9029126213592233,0.006472491909385114,0.09061488673139159,0.0
0.0,0.05,confounded,logger12_balanced,3,oracle_u_aware,0.19741100323624594,0.19741100323624594,0.7184466019417476,0.0744336569579288,0.20711974110032363,0.9029126213592233,0.006472491909385114,0.09061488673139159,0.0
0.0,0.05,confounded,logger12_balanced,3,source_shuffle,0.9093851132686084,0.9093851132686084,0.0,0.0,1.0,0.9029126213592233,0.006472491909385114,0.09061488673139159,0.0
0.0,0.05,confounded,logger12_balanced,3,no_behavior,0.9093851132686084,0.9093851132686084,0.0,0.0,1.0,0.9029126213592233,0.006472491909385114,0.09061488673139159,0.0
0.0,0.05,confounded,logger12_balanced,3,source_dependent_reward,0.9061488673139159,0.9061488673139159,0.003236245954692557,0.003236245954692557,0.9935275080906149,0.9029126213592233,0.006472491909385114,0.09061488673139159,0.0
0.0,0.05,confounded,logger12_balanced,4,pooled_mlp,0.9061488673139159,0.9061488673139159,0.003236245954692557,0.0,0.9967637540453075,0.9029126213592233,0.006472491909385114,0.09061488673139159,0.0
0.0,0.05,confounded,logger12_balanced,4,source_balanced_pooled_mlp,0.9061488673139159,0.9061488673139159,0.003236245954692557,0.0,0.9967637540453075,0.9029126213592233,0.006472491909385114,0.09061488673139159,0.0
0.0,0.05,confounded,logger12_balanced,4,source_conditioned_decoder,0.9061488673139159,0.9061488673139159,0.003236245954692557,0.0,0.9967637540453075,0.9029126213592233,0.006472491909385114,0.09061488673139159,0.0
0.0,0.05,confounded,logger12_balanced,4,per_source_models,0.9093851132686084,0.9093851132686084,0.0,0.003236245954692557,0.9967637540453075,0.9029126213592233,0.006472491909385114,0.09061488673139159,0.0
0.0,0.05,confounded,logger12_balanced,4,mechanism_separated,0.9061488673139159,0.9061488673139159,0.003236245954692557,0.0,0.9967637540453075,0.9029126213592233,0.006472491909385114,0.09061488673139159,0.0
0.0,0.05,confounded,logger12_balanced,4,oracle_u_aware,0.2912621359223301,0.2912621359223301,0.627831715210356,0.08414239482200647,0.28802588996763756,0.9029126213592233,0.006472491909385114,0.09061488673139159,0.0
0.0,0.05,confounded,logger12_balanced,4,source_shuffle,0.9061488673139159,0.9061488673139159,0.003236245954692557,0.003236245954692557,0.9935275080906149,0.9029126213592233,0.006472491909385114,0.09061488673139159,0.0
0.0,0.05,confounded,logger12_balanced,4,no_behavior,0.9061488673139159,0.9061488673139159,0.003236245954692557,0.0,0.9967637540453075,0.9029126213592233,0.006472491909385114,0.09061488673139159,0.0
0.0,0.05,confounded,logger12_balanced,4,source_dependent_reward,0.9093851132686084,0.9093851132686084,0.0,0.003236245954692557,0.9967637540453075,0.9029126213592233,0.006472491909385114,0.09061488673139159,0.0
0.0,0.05,confounded,logger2_heavy,0,pooled_mlp,0.9061488673139159,0.9061488673139159,0.003236245954692557,0.006472491909385114,0.9902912621359223,0.9029126213592233,0.006472491909385114,0.09061488673139159,
0.0,0.05,confounded,logger2_heavy,0,source_balanced_pooled_mlp,0.9093851132686084,0.9093851132686084,0.0,0.003236245954692557,0.9967637540453075,0.9029126213592233,0.006472491909385114,0.09061488673139159,
0.0,0.05,confounded,logger2_heavy,0,source_conditioned_decoder,0.9093851132686084,0.9093851132686084,0.0,0.0,1.0,0.9029126213592233,0.006472491909385114,0.09061488673139159,
0.0,0.05,confounded,logger2_heavy,0,per_source_models,0.9093851132686084,0.9093851132686084,0.0,0.0,1.0,0.9029126213592233,0.006472491909385114,0.09061488673139159,
0.0,0.05,confounded,logger2_heavy,0,mechanism_separated,0.9029126213592233,0.9029126213592233,0.006472491909385114,0.0,0.9935275080906149,0.9029126213592233,0.006472491909385114,0.09061488673139159,
0.0,0.05,confounded,logger2_heavy,0,oracle_u_aware,0.18122977346278318,0.18122977346278318,0.7346278317152104,0.04854368932038835,0.2168284789644013,0.9029126213592233,0.006472491909385114,0.09061488673139159,
0.0,0.05,confounded,logger2_heavy,0,source_shuffle,0.9061488673139159,0.9061488673139159,0.003236245954692557,0.0,0.9967637540453075,0.9029126213592233,0.006472491909385114,0.09061488673139159,
0.0,0.05,confounded,logger2_heavy,0,no_behavior,0.9093851132686084,0.9093851132686084,0.0,0.0,1.0,0.9029126213592233,0.006472491909385114,0.09061488673139159,
0.0,0.05,confounded,logger2_heavy,0,source_dependent_reward,0.9093851132686084,0.9093851132686084,0.0,0.003236245954692557,0.9967637540453075,0.9029126213592233,0.006472491909385114,0.09061488673139159,
0.0,0.05,confounded,logger2_heavy,1,pooled_mlp,0.9029126213592233,0.9029126213592233,0.006472491909385114,0.0,0.9935275080906149,0.9029126213592233,0.006472491909385114,0.09061488673139159,
0.0,0.05,confounded,logger2_heavy,1,source_balanced_pooled_mlp,0.9093851132686084,0.9093851132686084,0.0,0.003236245954692557,0.9967637540453075,0.9029126213592233,0.006472491909385114,0.09061488673139159,
0.0,0.05,confounded,logger2_heavy,1,source_conditioned_decoder,0.9093851132686084,0.9093851132686084,0.0,0.0,1.0,0.9029126213592233,0.006472491909385114,0.09061488673139159,
0.0,0.05,confounded,logger2_heavy,1,per_source_models,0.9093851132686084,0.9093851132686084,0.0,0.003236245954692557,0.9967637540453075,0.9029126213592233,0.006472491909385114,0.09061488673139159,
0.0,0.05,confounded,logger2_heavy,1,mechanism_separated,0.8964401294498382,0.8964401294498382,0.012944983818770227,0.009708737864077669,0.9773462783171522,0.9029126213592233,0.006472491909385114,0.09061488673139159,
0.0,0.05,confounded,logger2_heavy,1,oracle_u_aware,0.2621359223300971,0.2621359223300971,0.6472491909385113,0.10355987055016182,0.24919093851132687,0.9029126213592233,0.006472491909385114,0.09061488673139159,
0.0,0.05,confounded,logger2_heavy,1,source_shuffle,0.9029126213592233,0.9029126213592233,0.006472491909385114,0.006472491909385114,0.9870550161812298,0.9029126213592233,0.006472491909385114,0.09061488673139159,
0.0,0.05,confounded,logger2_heavy,1,no_behavior,0.8996763754045307,0.8996763754045307,0.009708737864077669,0.012944983818770227,0.9773462783171522,0.9029126213592233,0.006472491909385114,0.09061488673139159,
0.0,0.05,confounded,logger2_heavy,1,source_dependent_reward,0.9061488673139159,0.9061488673139159,0.003236245954692557,0.0,0.9967637540453075,0.9029126213592233,0.006472491909385114,0.09061488673139159,
0.0,0.05,confounded,logger2_heavy,2,pooled_mlp,0.8996763754045307,0.8996763754045307,0.009708737864077669,0.006472491909385114,0.9838187702265372,0.9029126213592233,0.006472491909385114,0.09061488673139159,
0.0,0.05,confounded,logger2_heavy,2,source_balanced_pooled_mlp,0.9061488673139159,0.9061488673139159,0.003236245954692557,0.003236245954692557,0.9935275080906149,0.9029126213592233,0.006472491909385114,0.09061488673139159,
0.0,0.05,confounded,logger2_heavy,2,source_conditioned_decoder,0.9029126213592233,0.9029126213592233,0.006472491909385114,0.003236245954692557,0.9902912621359223,0.9029126213592233,0.006472491909385114,0.09061488673139159,
0.0,0.05,confounded,logger2_heavy,2,per_source_models,0.9093851132686084,0.9093851132686084,0.0,0.0,1.0,0.9029126213592233,0.006472491909385114,0.09061488673139159,
0.0,0.05,confounded,logger2_heavy,2,mechanism_separated,0.9061488673139159,0.9061488673139159,0.003236245954692557,0.012944983818770227,0.9838187702265372,0.9029126213592233,0.006472491909385114,0.09061488673139159,
0.0,0.05,confounded,logger2_heavy,2,oracle_u_aware,0.1779935275080906,0.1779935275080906,0.7346278317152104,0.05501618122977346,0.21035598705501618,0.9029126213592233,0.006472491909385114,0.09061488673139159,
0.0,0.05,confounded,logger2_heavy,2,source_shuffle,0.9061488673139159,0.9061488673139159,0.003236245954692557,0.009708737864077669,0.9870550161812298,0.9029126213592233,0.006472491909385114,0.09061488673139159,
0.0,0.05,confounded,logger2_heavy,2,no_behavior,0.9061488673139159,0.9061488673139159,0.003236245954692557,0.003236245954692557,0.9935275080906149,0.9029126213592233,0.006472491909385114,0.09061488673139159,
0.0,0.05,confounded,logger2_heavy,2,source_dependent_reward,0.9093851132686084,0.9093851132686084,0.0,0.0,1.0,0.9029126213592233,0.006472491909385114,0.09061488673139159,
0.0,0.05,confounded,logger2_heavy,3,pooled_mlp,0.9061488673139159,0.9061488673139159,0.003236245954692557,0.003236245954692557,0.9935275080906149,0.9029126213592233,0.006472491909385114,0.09061488673139159,
0.0,0.05,confounded,logger2_heavy,3,source_balanced_pooled_mlp,0.9061488673139159,0.9061488673139159,0.003236245954692557,0.003236245954692557,0.9935275080906149,0.9029126213592233,0.006472491909385114,0.09061488673139159,
0.0,0.05,confounded,logger2_heavy,3,source_conditioned_decoder,0.9061488673139159,0.9061488673139159,0.003236245954692557,0.003236245954692557,0.9935275080906149,0.9029126213592233,0.006472491909385114,0.09061488673139159,
0.0,0.05,confounded,logger2_heavy,3,per_source_models,0.9093851132686084,0.9093851132686084,0.0,0.003236245954692557,0.9967637540453075,0.9029126213592233,0.006472491909385114,0.09061488673139159,
0.0,0.05,confounded,logger2_heavy,3,mechanism_separated,0.9093851132686084,0.9093851132686084,0.0,0.0,1.0,0.9029126213592233,0.006472491909385114,0.09061488673139159,
0.0,0.05,confounded,logger2_heavy,3,oracle_u_aware,0.20388349514563106,0.20388349514563106,0.7184466019417476,0.042071197411003236,0.23948220064724918,0.9029126213592233,0.006472491909385114,0.09061488673139159,
0.0,0.05,confounded,logger2_heavy,3,source_shuffle,0.9093851132686084,0.9093851132686084,0.0,0.0,1.0,0.9029126213592233,0.006472491909385114,0.09061488673139159,
0.0,0.05,confounded,logger2_heavy,3,no_behavior,0.9061488673139159,0.9061488673139159,0.003236245954692557,0.0,0.9967637540453075,0.9029126213592233,0.006472491909385114,0.09061488673139159,
0.0,0.05,confounded,logger2_heavy,3,source_dependent_reward,0.9093851132686084,0.9093851132686084,0.0,0.0,1.0,0.9029126213592233,0.006472491909385114,0.09061488673139159,
0.0,0.05,confounded,logger2_heavy,4,pooled_mlp,0.9061488673139159,0.9061488673139159,0.003236245954692557,0.003236245954692557,0.9935275080906149,0.9029126213592233,0.006472491909385114,0.09061488673139159,
0.0,0.05,confounded,logger2_heavy,4,source_balanced_pooled_mlp,0.9061488673139159,0.9061488673139159,0.003236245954692557,0.0,0.9967637540453075,0.9029126213592233,0.006472491909385114,0.09061488673139159,
0.0,0.05,confounded,logger2_heavy,4,source_conditioned_decoder,0.9093851132686084,0.9093851132686084,0.0,0.003236245954692557,0.9967637540453075,0.9029126213592233,0.006472491909385114,0.09061488673139159,
0.0,0.05,confounded,logger2_heavy,4,per_source_models,0.9093851132686084,0.9093851132686084,0.0,0.003236245954692557,0.9967637540453075,0.9029126213592233,0.006472491909385114,0.09061488673139159,
0.0,0.05,confounded,logger2_heavy,4,mechanism_separated,0.9061488673139159,0.9061488673139159,0.003236245954692557,0.006472491909385114,0.9902912621359223,0.9029126213592233,0.006472491909385114,0.09061488673139159,
0.0,0.05,confounded,logger2_heavy,4,oracle_u_aware,0.23948220064724918,0.23948220064724918,0.6731391585760518,0.05825242718446602,0.2686084142394822,0.9029126213592233,0.006472491909385114,0.09061488673139159,
0.0,0.05,confounded,logger2_heavy,4,source_shuffle,0.9061488673139159,0.9061488673139159,0.003236245954692557,0.009708737864077669,0.9870550161812298,0.9029126213592233,0.006472491909385114,0.09061488673139159,
0.0,0.05,confounded,logger2_heavy,4,no_behavior,0.9061488673139159,0.9061488673139159,0.003236245954692557,0.0,0.9967637540453075,0.9029126213592233,0.006472491909385114,0.09061488673139159,
0.0,0.05,confounded,logger2_heavy,4,source_dependent_reward,0.9093851132686084,0.9093851132686084,0.0,0.0,1.0,0.9029126213592233,0.006472491909385114,0.09061488673139159,
0.0,0.05,independent_latents,logger1_heavy,0,pooled_mlp,0.36893203883495146,0.36893203883495146,0.5469255663430421,0.10679611650485436,0.34627831715210355,0.9029126213592233,0.006472491909385114,0.09061488673139159,
0.0,0.05,independent_latents,logger1_heavy,0,source_balanced_pooled_mlp,0.3300970873786408,0.3300970873786408,0.598705501618123,0.08737864077669903,0.313915857605178,0.9029126213592233,0.006472491909385114,0.09061488673139159,
0.0,0.05,independent_latents,logger1_heavy,0,source_conditioned_decoder,0.3333333333333333,0.3333333333333333,0.5889967637540453,0.07766990291262135,0.3333333333333333,0.9029126213592233,0.006472491909385114,0.09061488673139159,
0.0,0.05,independent_latents,logger1_heavy,0,per_source_models,0.28802588996763756,0.28802588996763756,0.6601941747572816,0.04854368932038835,0.2912621359223301,0.9029126213592233,0.006472491909385114,0.09061488673139159,
0.0,0.05,independent_latents,logger1_heavy,0,mechanism_separated,0.21359223300970873,0.21359223300970873,0.7605177993527508,0.045307443365695796,0.1941747572815534,0.9029126213592233,0.006472491909385114,0.09061488673139159,
0.0,0.05,independent_latents,logger1_heavy,0,oracle_u_aware,0.18122977346278318,0.18122977346278318,0.7313915857605178,0.061488673139158574,0.20711974110032363,0.9029126213592233,0.006472491909385114,0.09061488673139159,
0.0,0.05,independent_latents,logger1_heavy,0,source_shuffle,0.36893203883495146,0.36893203883495146,0.540453074433657,0.0744336569579288,0.3851132686084142,0.9029126213592233,0.006472491909385114,0.09061488673139159,
0.0,0.05,independent_latents,logger1_heavy,0,no_behavior,0.34627831715210355,0.34627831715210355,0.5631067961165048,0.07119741100323625,0.3656957928802589,0.9029126213592233,0.006472491909385114,0.09061488673139159,
0.0,0.05,independent_latents,logger1_heavy,0,source_dependent_reward,0.313915857605178,0.313915857605178,0.6019417475728155,0.032362459546925564,0.3656957928802589,0.9029126213592233,0.006472491909385114,0.09061488673139159,
0.0,0.05,independent_latents,logger1_heavy,1,pooled_mlp,0.3106796116504854,0.3106796116504854,0.6634304207119741,0.08414239482200647,0.2524271844660194,0.9029126213592233,0.006472491909385114,0.09061488673139159,
0.0,0.05,independent_latents,logger1_heavy,1,source_balanced_pooled_mlp,0.19093851132686085,0.18770226537216828,0.7216828478964401,0.0744336569579288,0.20711974110032363,0.9029126213592233,0.006472491909385114,0.09061488673139159,
0.0,0.05,independent_latents,logger1_heavy,1,source_conditioned_decoder,0.3074433656957929,0.3074433656957929,0.6699029126213593,0.05825242718446602,0.27184466019417475,0.9029126213592233,0.006472491909385114,0.09061488673139159,
0.0,0.05,independent_latents,logger1_heavy,1,per_source_models,0.255663430420712,0.255663430420712,0.6537216828478964,0.04854368932038835,0.2977346278317152,0.9029126213592233,0.006472491909385114,0.09061488673139159,
0.0,0.05,independent_latents,logger1_heavy,1,mechanism_separated,0.3106796116504854,0.3106796116504854,0.6666666666666666,0.042071197411003236,0.2912621359223301,0.9029126213592233,0.006472491909385114,0.09061488673139159,
0.0,0.05,independent_latents,logger1_heavy,1,oracle_u_aware,0.1941747572815534,0.1941747572815534,0.7152103559870551,0.07766990291262135,0.20711974110032363,0.9029126213592233,0.006472491909385114,0.09061488673139159,
0.0,0.05,independent_latents,logger1_heavy,1,source_shuffle,0.313915857605178,0.313915857605178,0.6601941747572816,0.03559870550161812,0.3042071197411003,0.9029126213592233,0.006472491909385114,0.09061488673139159,
0.0,0.05,independent_latents,logger1_heavy,1,no_behavior,0.3042071197411003,0.3042071197411003,0.6666666666666666,0.025889967637540454,0.3074433656957929,0.9029126213592233,0.006472491909385114,0.09061488673139159,
0.0,0.05,independent_latents,logger1_heavy,1,source_dependent_reward,0.1650485436893204,0.1650485436893204,0.8252427184466019,0.05177993527508091,0.12297734627831715,0.9029126213592233,0.006472491909385114,0.09061488673139159,
0.0,0.05,independent_latents,logger1_heavy,2,pooled_mlp,0.24271844660194175,0.24271844660194175,0.7346278317152104,0.05177993527508091,0.21359223300970873,0.9029126213592233,0.006472491909385114,0.09061488673139159,
0.0,0.05,independent_latents,logger1_heavy,2,source_balanced_pooled_mlp,0.24919093851132687,0.24919093851132687,0.6763754045307443,0.08737864077669903,0.23624595469255663,0.9029126213592233,0.006472491909385114,0.09061488673139159,
0.0,0.05,independent_latents,logger1_heavy,2,source_conditioned_decoder,0.1941747572815534,0.1941747572815534,0.7216828478964401,0.032362459546925564,0.2459546925566343,0.9029126213592233,0.006472491909385114,0.09061488673139159,
0.0,0.05,independent_latents,logger1_heavy,2,per_source_models,0.23624595469255663,0.23624595469255663,0.7087378640776699,0.08414239482200647,0.20711974110032363,0.9029126213592233,0.006472491909385114,0.09061488673139159,
0.0,0.05,independent_latents,logger1_heavy,2,mechanism_separated,0.255663430420712,0.255663430420712,0.6796116504854369,0.05177993527508091,0.2686084142394822,0.9029126213592233,0.006472491909385114,0.09061488673139159,
0.0,0.05,independent_latents,logger1_heavy,2,oracle_u_aware,0.29449838187702265,0.29449838187702265,0.6310679611650486,0.08737864077669903,0.2815533980582524,0.9029126213592233,0.006472491909385114,0.09061488673139159,
0.0,0.05,independent_latents,logger1_heavy,2,source_shuffle,0.23624595469255663,0.23624595469255663,0.7022653721682848,0.042071197411003236,0.255663430420712,0.9029126213592233,0.006472491909385114,0.09061488673139159,
0.0,0.05,independent_latents,logger1_heavy,2,no_behavior,0.23624595469255663,0.23624595469255663,0.7022653721682848,0.03559870550161812,0.2621359223300971,0.9029126213592233,0.006472491909385114,0.09061488673139159,
0.0,0.05,independent_latents,logger1_heavy,2,source_dependent_reward,0.23948220064724918,0.23948220064724918,0.7346278317152104,0.038834951456310676,0.22653721682847897,0.9029126213592233,0.006472491909385114,0.09061488673139159,
0.0,0.05,independent_latents,logger1_heavy,3,pooled_mlp,0.43042071197411,0.43042071197411,0.5016181229773463,0.08090614886731391,0.4174757281553398,0.9029126213592233,0.006472491909385114,0.09061488673139159,
0.0,0.05,independent_latents,logger1_heavy,3,source_balanced_pooled_mlp,0.24919093851132687,0.24919093851132687,0.6893203883495146,0.08090614886731391,0.2297734627831715,0.9029126213592233,0.006472491909385114,0.09061488673139159,
0.0,0.05,independent_latents,logger1_heavy,3,source_conditioned_decoder,0.24919093851132687,0.24919093851132687,0.7087378640776699,0.04854368932038835,0.24271844660194175,0.9029126213592233,0.006472491909385114,0.09061488673139159,
0.0,0.05,independent_latents,logger1_heavy,3,per_source_models,0.2815533980582524,0.2815533980582524,0.6407766990291263,0.07766990291262135,0.2815533980582524,0.9029126213592233,0.006472491909385114,0.09061488673139159,
0.0,0.05,independent_latents,logger1_heavy,3,mechanism_separated,0.3592233009708738,0.3592233009708738,0.5598705501618123,0.08737864077669903,0.35275080906148865,0.9029126213592233,0.006472491909385114,0.09061488673139159,
0.0,0.05,independent_latents,logger1_heavy,3,oracle_u_aware,0.26537216828478966,0.26537216828478966,0.6504854368932039,0.09385113268608414,0.255663430420712,0.9029126213592233,0.006472491909385114,0.09061488673139159,
0.0,0.05,independent_latents,logger1_heavy,3,source_shuffle,0.3268608414239482,0.3268608414239482,0.5857605177993528,0.08414239482200647,0.3300970873786408,0.9029126213592233,0.006472491909385114,0.09061488673139159,
0.0,0.05,independent_latents,logger1_heavy,3,no_behavior,0.3786407766990291,0.3786407766990291,0.540453074433657,0.10032362459546926,0.3592233009708738,0.9029126213592233,0.006472491909385114,0.09061488673139159,
0.0,0.05,independent_latents,logger1_heavy,3,source_dependent_reward,0.41423948220064727,0.41423948220064727,0.5469255663430421,0.05501618122977346,0.39805825242718446,0.9029126213592233,0.006472491909385114,0.09061488673139159,
0.0,0.05,independent_latents,logger1_heavy,4,pooled_mlp,0.2783171521035599,0.2783171521035599,0.6634304207119741,0.0744336569579288,0.2621359223300971,0.9029126213592233,0.006472491909385114,0.09061488673139159,
0.0,0.05,independent_latents,logger1_heavy,4,source_balanced_pooled_mlp,0.2815533980582524,0.2815533980582524,0.6440129449838188,0.06796116504854369,0.28802588996763756,0.9029126213592233,0.006472491909385114,0.09061488673139159,
0.0,0.05,independent_latents,logger1_heavy,4,source_conditioned_decoder,0.22653721682847897,0.22653721682847897,0.6925566343042071,0.05825242718446602,0.24919093851132687,0.9029126213592233,0.006472491909385114,0.09061488673139159,
0.0,0.05,independent_latents,logger1_heavy,4,per_source_models,0.2297734627831715,0.2297734627831715,0.7184466019417476,0.05501618122977346,0.22653721682847897,0.9029126213592233,0.006472491909385114,0.09061488673139159,
0.0,0.05,independent_latents,logger1_heavy,4,mechanism_separated,0.32362459546925565,0.32362459546925565,0.6343042071197411,0.05825242718446602,0.3074433656957929,0.9029126213592233,0.006472491909385114,0.09061488673139159,
0.0,0.05,independent_latents,logger1_heavy,4,oracle_u_aware,0.23948220064724918,0.23948220064724918,0.6699029126213593,0.06796116504854369,0.2621359223300971,0.9029126213592233,0.006472491909385114,0.09061488673139159,
0.0,0.05,independent_latents,logger1_heavy,4,source_shuffle,0.31715210355987056,0.31715210355987056,0.6343042071197411,0.061488673139158574,0.3042071197411003,0.9029126213592233,0.006472491909385114,0.09061488673139159,
0.0,0.05,independent_latents,logger1_heavy,4,no_behavior,0.2815533980582524,0.2815533980582524,0.6699029126213593,0.045307443365695796,0.284789644012945,0.9029126213592233,0.006472491909385114,0.09061488673139159,
0.0,0.05,independent_latents,logger1_heavy,4,source_dependent_reward,0.2524271844660194,0.2524271844660194,0.6601941747572816,0.06472491909385113,0.2750809061488673,0.9029126213592233,0.006472491909385114,0.09061488673139159,
0.0,0.05,independent_latents,logger12_balanced,0,pooled_mlp,0.3300970873786408,0.3300970873786408,0.598705501618123,0.08737864077669903,0.313915857605178,0.9029126213592233,0.006472491909385114,0.09061488673139159,
0.0,0.05,independent_latents,logger12_balanced,0,source_balanced_pooled_mlp,0.3300970873786408,0.3300970873786408,0.598705501618123,0.08737864077669903,0.313915857605178,0.9029126213592233,0.006472491909385114,0.09061488673139159,
0.0,0.05,independent_latents,logger12_balanced,0,source_conditioned_decoder,0.15210355987055016,0.15210355987055016,0.8122977346278317,0.045307443365695796,0.1423948220064725,0.9029126213592233,0.006472491909385114,0.09061488673139159,
0.0,0.05,independent_latents,logger12_balanced,0,per_source_models,0.34951456310679613,0.34951456310679613,0.56957928802589,0.07119741100323625,0.3592233009708738,0.9029126213592233,0.006472491909385114,0.09061488673139159,
0.0,0.05,independent_latents,logger12_balanced,0,mechanism_separated,0.2297734627831715,0.2297734627831715,0.7249190938511327,0.06796116504854369,0.20711974110032363,0.9029126213592233,0.006472491909385114,0.09061488673139159,
0.0,0.05,independent_latents,logger12_balanced,0,oracle_u_aware,0.1488673139158576,0.1488673139158576,0.7766990291262136,0.045307443365695796,0.1779935275080906,0.9029126213592233,0.006472491909385114,0.09061488673139159,
0.0,0.05,independent_latents,logger12_balanced,0,source_shuffle,0.1941747572815534,0.1941747572815534,0.7475728155339806,0.04854368932038835,0.20388349514563106,0.9029126213592233,0.006472491909385114,0.09061488673139159,
0.0,0.05,independent_latents,logger12_balanced,0,no_behavior,0.19741100323624594,0.19741100323624594,0.7249190938511327,0.045307443365695796,0.2297734627831715,0.9029126213592233,0.006472491909385114,0.09061488673139159,
0.0,0.05,independent_latents,logger12_balanced,0,source_dependent_reward,0.20064724919093851,0.20064724919093851,0.7475728155339806,0.04854368932038835,0.20388349514563106,0.9029126213592233,0.006472491909385114,0.09061488673139159,
0.0,0.05,independent_latents,logger12_balanced,1,pooled_mlp,0.19093851132686085,0.18770226537216828,0.7216828478964401,0.0744336569579288,0.20711974110032363,0.9029126213592233,0.006472491909385114,0.09061488673139159,
0.0,0.05,independent_latents,logger12_balanced,1,source_balanced_pooled_mlp,0.19093851132686085,0.18770226537216828,0.7216828478964401,0.0744336569579288,0.20711974110032363,0.9029126213592233,0.006472491909385114,0.09061488673139159,
0.0,0.05,independent_latents,logger12_balanced,1,source_conditioned_decoder,0.18770226537216828,0.18770226537216828,0.7864077669902912,0.016181229773462782,0.19741100323624594,0.9029126213592233,0.006472491909385114,0.09061488673139159,
0.0,0.05,independent_latents,logger12_balanced,1,per_source_models,0.2750809061488673,0.2750809061488673,0.6343042071197411,0.08414239482200647,0.2815533980582524,0.9029126213592233,0.006472491909385114,0.09061488673139159,
0.0,0.05,independent_latents,logger12_balanced,1,mechanism_separated,0.22330097087378642,0.22330097087378642,0.7475728155339806,0.032362459546925564,0.22006472491909385,0.9029126213592233,0.006472491909385114,0.09061488673139159,
0.0,0.05,independent_latents,logger12_balanced,1,oracle_u_aware,0.21035598705501618,0.21035598705501618,0.6990291262135923,0.07766990291262135,0.22330097087378642,0.9029126213592233,0.006472491909385114,0.09061488673139159,
0.0,0.05,independent_latents,logger12_balanced,1,source_shuffle,0.24919093851132687,0.24919093851132687,0.7216828478964401,0.03559870550161812,0.24271844660194175,0.9029126213592233,0.006472491909385114,0.09061488673139159,
0.0,0.05,independent_latents,logger12_balanced,1,no_behavior,0.24919093851132687,0.24919093851132687,0.7152103559870551,0.025889967637540454,0.2588996763754045,0.9029126213592233,0.006472491909385114,0.09061488673139159,
0.0,0.05,independent_latents,logger12_balanced,1,source_dependent_reward,0.19093851132686085,0.19093851132686085,0.7928802588996764,0.038834951456310676,0.16828478964401294,0.9029126213592233,0.006472491909385114,0.09061488673139159,
0.0,0.05,independent_latents,logger12_balanced,2,pooled_mlp,0.24919093851132687,0.24919093851132687,0.6763754045307443,0.08737864077669903,0.23624595469255663,0.9029126213592233,0.006472491909385114,0.09061488673139159,
0.0,0.05,independent_latents,logger12_balanced,2,source_balanced_pooled_mlp,0.24919093851132687,0.24919093851132687,0.6763754045307443,0.08737864077669903,0.23624595469255663,0.9029126213592233,0.006472491909385114,0.09061488673139159,
0.0,0.05,independent_latents,logger12_balanced,2,source_conditioned_decoder,0.15210355987055016,0.15210355987055016,0.7637540453074434,0.04854368932038835,0.18770226537216828,0.9029126213592233,0.006472491909385114,0.09061488673139159,
0.0,0.05,independent_latents,logger12_balanced,2,per_source_models,0.24271844660194175,0.24271844660194175,0.7087378640776699,0.08090614886731391,0.21035598705501618,0.9029126213592233,0.006472491909385114,0.09061488673139159,
0.0,0.05,independent_latents,logger12_balanced,2,mechanism_separated,0.23300970873786409,0.23300970873786409,0.7022653721682848,0.09061488673139159,0.20711974110032363,0.9029126213592233,0.006472491909385114,0.09061488673139159,
0.0,0.05,independent_latents,logger12_balanced,2,oracle_u_aware,0.1715210355987055,0.1715210355987055,0.7378640776699029,0.05501618122977346,0.20711974110032363,0.9029126213592233,0.006472491909385114,0.09061488673139159,
0.0,0.05,independent_latents,logger12_balanced,2,source_shuffle,0.2168284789644013,0.2168284789644013,0.7152103559870551,0.07119741100323625,0.21359223300970873,0.9029126213592233,0.006472491909385114,0.09061488673139159,
0.0,0.05,independent_latents,logger12_balanced,2,no_behavior,0.18446601941747573,0.18446601941747573,0.7475728155339806,0.04854368932038835,0.20388349514563106,0.9029126213592233,0.006472491909385114,0.09061488673139159,
0.0,0.05,independent_latents,logger12_balanced,2,source_dependent_reward,0.15857605177993528,0.15857605177993528,0.7605177993527508,0.032362459546925564,0.20711974110032363,0.9029126213592233,0.006472491909385114,0.09061488673139159,
0.0,0.05,independent_latents,logger12_balanced,3,pooled_mlp,0.24919093851132687,0.24919093851132687,0.6893203883495146,0.08090614886731391,0.2297734627831715,0.9029126213592233,0.006472491909385114,0.09061488673139159,
0.0,0.05,independent_latents,logger12_balanced,3,source_balanced_pooled_mlp,0.24919093851132687,0.24919093851132687,0.6893203883495146,0.08090614886731391,0.2297734627831715,0.9029126213592233,0.006472491909385114,0.09061488673139159,
0.0,0.05,independent_latents,logger12_balanced,3,source_conditioned_decoder,0.2750809061488673,0.2750809061488673,0.6634304207119741,0.05177993527508091,0.284789644012945,0.9029126213592233,0.006472491909385114,0.09061488673139159,
0.0,0.05,independent_latents,logger12_balanced,3,per_source_models,0.255663430420712,0.255663430420712,0.6957928802588996,0.032362459546925564,0.27184466019417475,0.9029126213592233,0.006472491909385114,0.09061488673139159,
0.0,0.05,independent_latents,logger12_balanced,3,mechanism_separated,0.255663430420712,0.255663430420712,0.6731391585760518,0.05501618122977346,0.27184466019417475,0.9029126213592233,0.006472491909385114,0.09061488673139159,
0.0,0.05,independent_latents,logger12_balanced,3,oracle_u_aware,0.2168284789644013,0.2168284789644013,0.6990291262135923,0.08090614886731391,0.22006472491909385,0.9029126213592233,0.006472491909385114,0.09061488673139159,
0.0,0.05,independent_latents,logger12_balanced,3,source_shuffle,0.255663430420712,0.255663430420712,0.6666666666666666,0.07119741100323625,0.2621359223300971,0.9029126213592233,0.006472491909385114,0.09061488673139159,
0.0,0.05,independent_latents,logger12_balanced,3,no_behavior,0.24919093851132687,0.24919093851132687,0.6763754045307443,0.045307443365695796,0.2783171521035599,0.9029126213592233,0.006472491909385114,0.09061488673139159,
0.0,0.05,independent_latents,logger12_balanced,3,source_dependent_reward,0.255663430420712,0.255663430420712,0.656957928802589,0.06472491909385113,0.2783171521035599,0.9029126213592233,0.006472491909385114,0.09061488673139159,
0.0,0.05,independent_latents,logger12_balanced,4,pooled_mlp,0.2815533980582524,0.2815533980582524,0.6440129449838188,0.06796116504854369,0.28802588996763756,0.9029126213592233,0.006472491909385114,0.09061488673139159,
0.0,0.05,independent_latents,logger12_balanced,4,source_balanced_pooled_mlp,0.2815533980582524,0.2815533980582524,0.6440129449838188,0.06796116504854369,0.28802588996763756,0.9029126213592233,0.006472491909385114,0.09061488673139159,
0.0,0.05,independent_latents,logger12_balanced,4,source_conditioned_decoder,0.19093851132686085,0.19093851132686085,0.7216828478964401,0.042071197411003236,0.23624595469255663,0.9029126213592233,0.006472491909385114,0.09061488673139159,
0.0,0.05,independent_latents,logger12_balanced,4,per_source_models,0.20711974110032363,0.20711974110032363,0.7152103559870551,0.05177993527508091,0.23300970873786409,0.9029126213592233,0.006472491909385114,0.09061488673139159,
0.0,0.05,independent_latents,logger12_balanced,4,mechanism_separated,0.24919093851132687,0.24919093851132687,0.6666666666666666,0.042071197411003236,0.2912621359223301,0.9029126213592233,0.006472491909385114,0.09061488673139159,
0.0,0.05,independent_latents,logger12_balanced,4,oracle_u_aware,0.18122977346278318,0.18122977346278318,0.7378640776699029,0.061488673139158574,0.20064724919093851,0.9029126213592233,0.006472491909385114,0.09061488673139159,
0.0,0.05,independent_latents,logger12_balanced,4,source_shuffle,0.255663430420712,0.255663430420712,0.6601941747572816,0.05501618122977346,0.284789644012945,0.9029126213592233,0.006472491909385114,0.09061488673139159,
0.0,0.05,independent_latents,logger12_balanced,4,no_behavior,0.24919093851132687,0.24919093851132687,0.6731391585760518,0.05177993527508091,0.2750809061488673,0.9029126213592233,0.006472491909385114,0.09061488673139159,
0.0,0.05,independent_latents,logger12_balanced,4,source_dependent_reward,0.2168284789644013,0.2168284789644013,0.6893203883495146,0.05177993527508091,0.2588996763754045,0.9029126213592233,0.006472491909385114,0.09061488673139159,
0.0,0.05,independent_latents,logger2_heavy,0,pooled_mlp,0.313915857605178,0.313915857605178,0.6148867313915858,0.06472491909385113,0.32038834951456313,0.9029126213592233,0.006472491909385114,0.09061488673139159,
0.0,0.05,independent_latents,logger2_heavy,0,source_balanced_pooled_mlp,0.3300970873786408,0.3300970873786408,0.598705501618123,0.08737864077669903,0.313915857605178,0.9029126213592233,0.006472491909385114,0.09061488673139159,
0.0,0.05,independent_latents,logger2_heavy,0,source_conditioned_decoder,0.2621359223300971,0.2621359223300971,0.6601941747572816,0.04854368932038835,0.2912621359223301,0.9029126213592233,0.006472491909385114,0.09061488673139159,
0.0,0.05,independent_latents,logger2_heavy,0,per_source_models,0.3300970873786408,0.3300970873786408,0.5857605177993528,0.0744336569579288,0.33980582524271846,0.9029126213592233,0.006472491909385114,0.09061488673139159,
0.0,0.05,independent_latents,logger2_heavy,0,mechanism_separated,0.22006472491909385,0.22006472491909385,0.7022653721682848,0.0744336569579288,0.22653721682847897,0.9029126213592233,0.006472491909385114,0.09061488673139159,
0.0,0.05,independent_latents,logger2_heavy,0,oracle_u_aware,0.23948220064724918,0.23948220064724918,0.6731391585760518,0.10679611650485436,0.22006472491909385,0.9029126213592233,0.006472491909385114,0.09061488673139159,
0.0,0.05,independent_latents,logger2_heavy,0,source_shuffle,0.18770226537216828,0.18770226537216828,0.7540453074433657,0.061488673139158574,0.18446601941747573,0.9029126213592233,0.006472491909385114,0.09061488673139159,
0.0,0.05,independent_latents,logger2_heavy,0,no_behavior,0.18122977346278318,0.18122977346278318,0.7378640776699029,0.061488673139158574,0.20064724919093851,0.9029126213592233,0.006472491909385114,0.09061488673139159,
0.0,0.05,independent_latents,logger2_heavy,0,source_dependent_reward,0.2297734627831715,0.2297734627831715,0.7378640776699029,0.045307443365695796,0.2168284789644013,0.9029126213592233,0.006472491909385114,0.09061488673139159,
0.0,0.05,independent_latents,logger2_heavy,1,pooled_mlp,0.17475728155339806,0.17475728155339806,0.7443365695792881,0.03559870550161812,0.22006472491909385,0.9029126213592233,0.006472491909385114,0.09061488673139159,
0.0,0.05,independent_latents,logger2_heavy,1,source_balanced_pooled_mlp,0.19093851132686085,0.18770226537216828,0.7216828478964401,0.0744336569579288,0.20711974110032363,0.9029126213592233,0.006472491909385114,0.09061488673139159,
0.0,0.05,independent_latents,logger2_heavy,1,source_conditioned_decoder,0.1941747572815534,0.1941747572815534,0.7313915857605178,0.05825242718446602,0.21035598705501618,0.9029126213592233,0.006472491909385114,0.09061488673139159,
0.0,0.05,independent_latents,logger2_heavy,1,per_source_models,0.2168284789644013,0.2168284789644013,0.6925566343042071,0.05825242718446602,0.24919093851132687,0.9029126213592233,0.006472491909385114,0.09061488673139159,
0.0,0.05,independent_latents,logger2_heavy,1,mechanism_separated,0.32362459546925565,0.32362459546925565,0.6440129449838188,0.05825242718446602,0.2977346278317152,0.9029126213592233,0.006472491909385114,0.09061488673139159,
0.0,0.05,independent_latents,logger2_heavy,1,oracle_u_aware,0.2459546925566343,0.2459546925566343,0.6601941747572816,0.09061488673139159,0.24919093851132687,0.9029126213592233,0.006472491909385114,0.09061488673139159,
0.0,0.05,independent_latents,logger2_heavy,1,source_shuffle,0.23948220064724918,0.23948220064724918,0.6893203883495146,0.05177993527508091,0.2588996763754045,0.9029126213592233,0.006472491909385114,0.09061488673139159,
0.0,0.05,independent_latents,logger2_heavy,1,no_behavior,0.23300970873786409,0.23300970873786409,0.7022653721682848,0.03559870550161812,0.2621359223300971,0.9029126213592233,0.006472491909385114,0.09061488673139159,
0.0,0.05,independent_latents,logger2_heavy,1,source_dependent_reward,0.17475728155339806,0.17475728155339806,0.8187702265372169,0.05501618122977346,0.1262135922330097,0.9029126213592233,0.006472491909385114,0.09061488673139159,
0.0,0.05,independent_latents,logger2_heavy,2,pooled_mlp,0.2686084142394822,0.2686084142394822,0.6472491909385113,0.07119741100323625,0.2815533980582524,0.9029126213592233,0.006472491909385114,0.09061488673139159,
0.0,0.05,independent_latents,logger2_heavy,2,source_balanced_pooled_mlp,0.24919093851132687,0.24919093851132687,0.6763754045307443,0.08737864077669903,0.23624595469255663,0.9029126213592233,0.006472491909385114,0.09061488673139159,
0.0,0.05,independent_latents,logger2_heavy,2,source_conditioned_decoder,0.284789644012945,0.284789644012945,0.6375404530744336,0.05501618122977346,0.3074433656957929,0.9029126213592233,0.006472491909385114,0.09061488673139159,
0.0,0.05,independent_latents,logger2_heavy,2,per_source_models,0.2524271844660194,0.2524271844660194,0.6925566343042071,0.06796116504854369,0.23948220064724918,0.9029126213592233,0.006472491909385114,0.09061488673139159,
0.0,0.05,independent_latents,logger2_heavy,2,mechanism_separated,0.27184466019417475,0.27184466019417475,0.6375404530744336,0.08737864077669903,0.2750809061488673,0.9029126213592233,0.006472491909385114,0.09061488673139159,
0.0,0.05,independent_latents,logger2_heavy,2,oracle_u_aware,0.15857605177993528,0.15857605177993528,0.7508090614886731,0.06796116504854369,0.18122977346278318,0.9029126213592233,0.006472491909385114,0.09061488673139159,
0.0,0.05,independent_latents,logger2_heavy,2,source_shuffle,0.24919093851132687,0.24919093851132687,0.6666666666666666,0.061488673139158574,0.27184466019417475,0.9029126213592233,0.006472491909385114,0.09061488673139159,
0.0,0.05,independent_latents,logger2_heavy,2,no_behavior,0.22653721682847897,0.22653721682847897,0.6957928802588996,0.06796116504854369,0.23624595469255663,0.9029126213592233,0.006472491909385114,0.09061488673139159,
0.0,0.05,independent_latents,logger2_heavy,2,source_dependent_reward,0.2297734627831715,0.2297734627831715,0.6990291262135923,0.061488673139158574,0.23948220064724918,0.9029126213592233,0.006472491909385114,0.09061488673139159,
0.0,0.05,independent_latents,logger2_heavy,3,pooled_mlp,0.2977346278317152,0.2977346278317152,0.6213592233009708,0.08090614886731391,0.2977346278317152,0.9029126213592233,0.006472491909385114,0.09061488673139159,
0.0,0.05,independent_latents,logger2_heavy,3,source_balanced_pooled_mlp,0.24919093851132687,0.24919093851132687,0.6893203883495146,0.08090614886731391,0.2297734627831715,0.9029126213592233,0.006472491909385114,0.09061488673139159,
0.0,0.05,independent_latents,logger2_heavy,3,source_conditioned_decoder,0.2815533980582524,0.2815533980582524,0.6310679611650486,0.05501618122977346,0.313915857605178,0.9029126213592233,0.006472491909385114,0.09061488673139159,
0.0,0.05,independent_latents,logger2_heavy,3,per_source_models,0.2621359223300971,0.2621359223300971,0.6893203883495146,0.05177993527508091,0.2588996763754045,0.9029126213592233,0.006472491909385114,0.09061488673139159,
0.0,0.05,independent_latents,logger2_heavy,3,mechanism_separated,0.2750809061488673,0.2750809061488673,0.6375404530744336,0.09061488673139159,0.27184466019417475,0.9029126213592233,0.006472491909385114,0.09061488673139159,
0.0,0.05,independent_latents,logger2_heavy,3,oracle_u_aware,0.255663430420712,0.255663430420712,0.6601941747572816,0.07766990291262135,0.2621359223300971,0.9029126213592233,0.006472491909385114,0.09061488673139159,
0.0,0.05,independent_latents,logger2_heavy,3,source_shuffle,0.2750809061488673,0.2750809061488673,0.6407766990291263,0.06472491909385113,0.29449838187702265,0.9029126213592233,0.006472491909385114,0.09061488673139159,
0.0,0.05,independent_latents,logger2_heavy,3,no_behavior,0.2621359223300971,0.2621359223300971,0.6537216828478964,0.06796116504854369,0.2783171521035599,0.9029126213592233,0.006472491909385114,0.09061488673139159,
0.0,0.05,independent_latents,logger2_heavy,3,source_dependent_reward,0.22653721682847897,0.22653721682847897,0.6828478964401294,0.05501618122977346,0.2621359223300971,0.9029126213592233,0.006472491909385114,0.09061488673139159,
0.0,0.05,independent_latents,logger2_heavy,4,pooled_mlp,0.26537216828478966,0.26537216828478966,0.6699029126213593,0.09061488673139159,0.23948220064724918,0.9029126213592233,0.006472491909385114,0.09061488673139159,
0.0,0.05,independent_latents,logger2_heavy,4,source_balanced_pooled_mlp,0.2815533980582524,0.2815533980582524,0.6440129449838188,0.06796116504854369,0.28802588996763756,0.9029126213592233,0.006472491909385114,0.09061488673139159,
0.0,0.05,independent_latents,logger2_heavy,4,source_conditioned_decoder,0.1715210355987055,0.1715210355987055,0.7475728155339806,0.05825242718446602,0.1941747572815534,0.9029126213592233,0.006472491909385114,0.09061488673139159,
0.0,0.05,independent_latents,logger2_heavy,4,per_source_models,0.19741100323624594,0.19741100323624594,0.7216828478964401,0.045307443365695796,0.23300970873786409,0.9029126213592233,0.006472491909385114,0.09061488673139159,
0.0,0.05,independent_latents,logger2_heavy,4,mechanism_separated,0.41423948220064727,0.41423948220064727,0.5080906148867314,0.07766990291262135,0.41423948220064727,0.9029126213592233,0.006472491909385114,0.09061488673139159,
0.0,0.05,independent_latents,logger2_heavy,4,oracle_u_aware,0.23624595469255663,0.23624595469255663,0.6990291262135923,0.05501618122977346,0.2459546925566343,0.9029126213592233,0.006472491909385114,0.09061488673139159,
0.0,0.05,independent_latents,logger2_heavy,4,source_shuffle,0.41423948220064727,0.41423948220064727,0.5242718446601942,0.07119741100323625,0.4045307443365696,0.9029126213592233,0.006472491909385114,0.09061488673139159,
0.0,0.05,independent_latents,logger2_heavy,4,no_behavior,0.3851132686084142,0.3851132686084142,0.5242718446601942,0.05177993527508091,0.42394822006472493,0.9029126213592233,0.006472491909385114,0.09061488673139159,
0.0,0.05,independent_latents,logger2_heavy,4,source_dependent_reward,0.3106796116504854,0.3074433656957929,0.6504854368932039,0.045307443365695796,0.3074433656957929,0.9029126213592233,0.006472491909385114,0.09061488673139159,
0.0,0.1,confounded,logger1_heavy,0,pooled_mlp,0.9093851132686084,0.9093851132686084,0.0,0.003236245954692557,0.9967637540453075,0.9029126213592233,0.006472491909385114,0.09061488673139159,
0.0,0.1,confounded,logger1_heavy,0,source_balanced_pooled_mlp,0.9093851132686084,0.9093851132686084,0.0,0.006472491909385114,0.9935275080906149,0.9029126213592233,0.006472491909385114,0.09061488673139159,
0.0,0.1,confounded,logger1_heavy,0,source_conditioned_decoder,0.9061488673139159,0.9061488673139159,0.003236245954692557,0.003236245954692557,0.9935275080906149,0.9029126213592233,0.006472491909385114,0.09061488673139159,
0.0,0.1,confounded,logger1_heavy,0,per_source_models,0.9093851132686084,0.9093851132686084,0.0,0.003236245954692557,0.9967637540453075,0.9029126213592233,0.006472491909385114,0.09061488673139159,
0.0,0.1,confounded,logger1_heavy,0,mechanism_separated,0.9093851132686084,0.9093851132686084,0.0,0.003236245954692557,0.9967637540453075,0.9029126213592233,0.006472491909385114,0.09061488673139159,
0.0,0.1,confounded,logger1_heavy,0,oracle_u_aware,0.2783171521035599,0.2783171521035599,0.6310679611650486,0.0744336569579288,0.29449838187702265,0.9029126213592233,0.006472491909385114,0.09061488673139159,
0.0,0.1,confounded,logger1_heavy,0,source_shuffle,0.9093851132686084,0.9093851132686084,0.0,0.003236245954692557,0.9967637540453075,0.9029126213592233,0.006472491909385114,0.09061488673139159,
0.0,0.1,confounded,logger1_heavy,0,no_behavior,0.9093851132686084,0.9093851132686084,0.0,0.003236245954692557,0.9967637540453075,0.9029126213592233,0.006472491909385114,0.09061488673139159,
0.0,0.1,confounded,logger1_heavy,0,source_dependent_reward,0.9061488673139159,0.9061488673139159,0.003236245954692557,0.0,0.9967637540453075,0.9029126213592233,0.006472491909385114,0.09061488673139159,
0.0,0.1,confounded,logger1_heavy,1,pooled_mlp,0.9093851132686084,0.9093851132686084,0.0,0.003236245954692557,0.9967637540453075,0.9029126213592233,0.006472491909385114,0.09061488673139159,
0.0,0.1,confounded,logger1_heavy,1,source_balanced_pooled_mlp,0.9093851132686084,0.9093851132686084,0.0,0.003236245954692557,0.9967637540453075,0.9029126213592233,0.006472491909385114,0.09061488673139159,
0.0,0.1,confounded,logger1_heavy,1,source_conditioned_decoder,0.9093851132686084,0.9093851132686084,0.0,0.003236245954692557,0.9967637540453075,0.9029126213592233,0.006472491909385114,0.09061488673139159,
0.0,0.1,confounded,logger1_heavy,1,per_source_models,0.9093851132686084,0.9093851132686084,0.0,0.003236245954692557,0.9967637540453075,0.9029126213592233,0.006472491909385114,0.09061488673139159,
0.0,0.1,confounded,logger1_heavy,1,mechanism_separated,0.9093851132686084,0.9093851132686084,0.0,0.003236245954692557,0.9967637540453075,0.9029126213592233,0.006472491909385114,0.09061488673139159,
0.0,0.1,confounded,logger1_heavy,1,oracle_u_aware,0.2783171521035599,0.2783171521035599,0.6310679611650486,0.08414239482200647,0.284789644012945,0.9029126213592233,0.006472491909385114,0.09061488673139159,
0.0,0.1,confounded,logger1_heavy,1,source_shuffle,0.9061488673139159,0.9061488673139159,0.003236245954692557,0.003236245954692557,0.9935275080906149,0.9029126213592233,0.006472491909385114,0.09061488673139159,
0.0,0.1,confounded,logger1_heavy,1,no_behavior,0.9093851132686084,0.9093851132686084,0.0,0.003236245954692557,0.9967637540453075,0.9029126213592233,0.006472491909385114,0.09061488673139159,
0.0,0.1,confounded,logger1_heavy,1,source_dependent_reward,0.9061488673139159,0.9061488673139159,0.003236245954692557,0.0,0.9967637540453075,0.9029126213592233,0.006472491909385114,0.09061488673139159,
0.0,0.1,confounded,logger1_heavy,2,pooled_mlp,0.9093851132686084,0.9093851132686084,0.0,0.003236245954692557,0.9967637540453075,0.9029126213592233,0.006472491909385114,0.09061488673139159,
0.0,0.1,confounded,logger1_heavy,2,source_balanced_pooled_mlp,0.9093851132686084,0.9093851132686084,0.0,0.003236245954692557,0.9967637540453075,0.9029126213592233,0.006472491909385114,0.09061488673139159,
0.0,0.1,confounded,logger1_heavy,2,source_conditioned_decoder,0.9093851132686084,0.9093851132686084,0.0,0.003236245954692557,0.9967637540453075,0.9029126213592233,0.006472491909385114,0.09061488673139159,
0.0,0.1,confounded,logger1_heavy,2,per_source_models,0.9093851132686084,0.9093851132686084,0.0,0.003236245954692557,0.9967637540453075,0.9029126213592233,0.006472491909385114,0.09061488673139159,
0.0,0.1,confounded,logger1_heavy,2,mechanism_separated,0.9093851132686084,0.9093851132686084,0.0,0.003236245954692557,0.9967637540453075,0.9029126213592233,0.006472491909385114,0.09061488673139159,
0.0,0.1,confounded,logger1_heavy,2,oracle_u_aware,0.21359223300970873,0.21359223300970873,0.6925566343042071,0.05501618122977346,0.2524271844660194,0.9029126213592233,0.006472491909385114,0.09061488673139159,
0.0,0.1,confounded,logger1_heavy,2,source_shuffle,0.9093851132686084,0.9093851132686084,0.0,0.006472491909385114,0.9935275080906149,0.9029126213592233,0.006472491909385114,0.09061488673139159,
0.0,0.1,confounded,logger1_heavy,2,no_behavior,0.9061488673139159,0.9061488673139159,0.003236245954692557,0.003236245954692557,0.9935275080906149,0.9029126213592233,0.006472491909385114,0.09061488673139159,
0.0,0.1,confounded,logger1_heavy,2,source_dependent_reward,0.9093851132686084,0.9093851132686084,0.0,0.003236245954692557,0.9967637540453075,0.9029126213592233,0.006472491909385114,0.09061488673139159,
0.0,0.1,confounded,logger1_heavy,3,pooled_mlp,0.9093851132686084,0.9093851132686084,0.0,0.003236245954692557,0.9967637540453075,0.9029126213592233,0.006472491909385114,0.09061488673139159,
0.0,0.1,confounded,logger1_heavy,3,source_balanced_pooled_mlp,0.9061488673139159,0.9061488673139159,0.003236245954692557,0.003236245954692557,0.9935275080906149,0.9029126213592233,0.006472491909385114,0.09061488673139159,
0.0,0.1,confounded,logger1_heavy,3,source_conditioned_decoder,0.9093851132686084,0.9093851132686084,0.0,0.003236245954692557,0.9967637540453075,0.9029126213592233,0.006472491909385114,0.09061488673139159,
0.0,0.1,confounded,logger1_heavy,3,per_source_models,0.9093851132686084,0.9093851132686084,0.0,0.0,1.0,0.9029126213592233,0.006472491909385114,0.09061488673139159,
0.0,0.1,confounded,logger1_heavy,3,mechanism_separated,0.9093851132686084,0.9093851132686084,0.0,0.003236245954692557,0.9967637540453075,0.9029126213592233,0.006472491909385114,0.09061488673139159,
0.0,0.1,confounded,logger1_heavy,3,oracle_u_aware,0.21359223300970873,0.21359223300970873,0.6990291262135923,0.07119741100323625,0.2297734627831715,0.9029126213592233,0.006472491909385114,0.09061488673139159,
0.0,0.1,confounded,logger1_heavy,3,source_shuffle,0.9093851132686084,0.9093851132686084,0.0,0.0,1.0,0.9029126213592233,0.006472491909385114,0.09061488673139159,
0.0,0.1,confounded,logger1_heavy,3,no_behavior,0.9093851132686084,0.9093851132686084,0.0,0.0,1.0,0.9029126213592233,0.006472491909385114,0.09061488673139159,
0.0,0.1,confounded,logger1_heavy,3,source_dependent_reward,0.9061488673139159,0.9061488673139159,0.003236245954692557,0.0,0.9967637540453075,0.9029126213592233,0.006472491909385114,0.09061488673139159,
0.0,0.1,confounded,logger1_heavy,4,pooled_mlp,0.9061488673139159,0.9061488673139159,0.003236245954692557,0.0,0.9967637540453075,0.9029126213592233,0.006472491909385114,0.09061488673139159,
0.0,0.1,confounded,logger1_heavy,4,source_balanced_pooled_mlp,0.9061488673139159,0.9061488673139159,0.003236245954692557,0.0,0.9967637540453075,0.9029126213592233,0.006472491909385114,0.09061488673139159,
0.0,0.1,confounded,logger1_heavy,4,source_conditioned_decoder,0.9093851132686084,0.9093851132686084,0.0,0.003236245954692557,0.9967637540453075,0.9029126213592233,0.006472491909385114,0.09061488673139159,
0.0,0.1,confounded,logger1_heavy,4,per_source_models,0.9093851132686084,0.9093851132686084,0.0,0.003236245954692557,0.9967637540453075,0.9029126213592233,0.006472491909385114,0.09061488673139159,
0.0,0.1,confounded,logger1_heavy,4,mechanism_separated,0.9093851132686084,0.9093851132686084,0.0,0.003236245954692557,0.9967637540453075,0.9029126213592233,0.006472491909385114,0.09061488673139159,
0.0,0.1,confounded,logger1_heavy,4,oracle_u_aware,0.22653721682847897,0.22653721682847897,0.7022653721682848,0.06472491909385113,0.23300970873786409,0.9029126213592233,0.006472491909385114,0.09061488673139159,
0.0,0.1,confounded,logger1_heavy,4,source_shuffle,0.9093851132686084,0.9093851132686084,0.0,0.003236245954692557,0.9967637540453075,0.9029126213592233,0.006472491909385114,0.09061488673139159,
0.0,0.1,confounded,logger1_heavy,4,no_behavior,0.9061488673139159,0.9061488673139159,0.003236245954692557,0.0,0.9967637540453075,0.9029126213592233,0.006472491909385114,0.09061488673139159,
0.0,0.1,confounded,logger1_heavy,4,source_dependent_reward,0.9061488673139159,0.9061488673139159,0.003236245954692557,0.0,0.9967637540453075,0.9029126213592233,0.006472491909385114,0.09061488673139159,
0.0,0.1,confounded,logger12_balanced,0,pooled_mlp,0.9093851132686084,0.9093851132686084,0.0,0.006472491909385114,0.9935275080906149,0.9029126213592233,0.006472491909385114,0.09061488673139159,0.0
0.0,0.1,confounded,logger12_balanced,0,source_balanced_pooled_mlp,0.9093851132686084,0.9093851132686084,0.0,0.006472491909385114,0.9935275080906149,0.9029126213592233,0.006472491909385114,0.09061488673139159,0.0
0.0,0.1,confounded,logger12_balanced,0,source_conditioned_decoder,0.9093851132686084,0.9093851132686084,0.0,0.003236245954692557,0.9967637540453075,0.9029126213592233,0.006472491909385114,0.09061488673139159,0.0
0.0,0.1,confounded,logger12_balanced,0,per_source_models,0.9093851132686084,0.9093851132686084,0.0,0.006472491909385114,0.9935275080906149,0.9029126213592233,0.006472491909385114,0.09061488673139159,0.0
0.0,0.1,confounded,logger12_balanced,0,mechanism_separated,0.9093851132686084,0.9093851132686084,0.0,0.003236245954692557,0.9967637540453075,0.9029126213592233,0.006472491909385114,0.09061488673139159,0.0
0.0,0.1,confounded,logger12_balanced,0,oracle_u_aware,0.18122977346278318,0.18122977346278318,0.7346278317152104,0.08414239482200647,0.18122977346278318,0.9029126213592233,0.006472491909385114,0.09061488673139159,0.0
0.0,0.1,confounded,logger12_balanced,0,source_shuffle,0.9093851132686084,0.9093851132686084,0.0,0.003236245954692557,0.9967637540453075,0.9029126213592233,0.006472491909385114,0.09061488673139159,0.0
0.0,0.1,confounded,logger12_balanced,0,no_behavior,0.9093851132686084,0.9093851132686084,0.0,0.003236245954692557,0.9967637540453075,0.9029126213592233,0.006472491909385114,0.09061488673139159,0.0
0.0,0.1,confounded,logger12_balanced,0,source_dependent_reward,0.9061488673139159,0.9061488673139159,0.003236245954692557,0.0,0.9967637540453075,0.9029126213592233,0.006472491909385114,0.09061488673139159,0.0
0.0,0.1,confounded,logger12_balanced,1,pooled_mlp,0.9093851132686084,0.9093851132686084,0.0,0.003236245954692557,0.9967637540453075,0.9029126213592233,0.006472491909385114,0.09061488673139159,0.0
0.0,0.1,confounded,logger12_balanced,1,source_balanced_pooled_mlp,0.9093851132686084,0.9093851132686084,0.0,0.003236245954692557,0.9967637540453075,0.9029126213592233,0.006472491909385114,0.09061488673139159,0.0
0.0,0.1,confounded,logger12_balanced,1,source_conditioned_decoder,0.9093851132686084,0.9093851132686084,0.0,0.003236245954692557,0.9967637540453075,0.9029126213592233,0.006472491909385114,0.09061488673139159,0.0
0.0,0.1,confounded,logger12_balanced,1,per_source_models,0.9061488673139159,0.9061488673139159,0.003236245954692557,0.0,0.9967637540453075,0.9029126213592233,0.006472491909385114,0.09061488673139159,0.0
0.0,0.1,confounded,logger12_balanced,1,mechanism_separated,0.9093851132686084,0.9093851132686084,0.0,0.003236245954692557,0.9967637540453075,0.9029126213592233,0.006472491909385114,0.09061488673139159,0.0
0.0,0.1,confounded,logger12_balanced,1,oracle_u_aware,0.2783171521035599,0.2783171521035599,0.6375404530744336,0.08737864077669903,0.2750809061488673,0.9029126213592233,0.006472491909385114,0.09061488673139159,0.0
0.0,0.1,confounded,logger12_balanced,1,source_shuffle,0.9093851132686084,0.9093851132686084,0.0,0.006472491909385114,0.9935275080906149,0.9029126213592233,0.006472491909385114,0.09061488673139159,0.0
0.0,0.1,confounded,logger12_balanced,1,no_behavior,0.9093851132686084,0.9093851132686084,0.0,0.003236245954692557,0.9967637540453075,0.9029126213592233,0.006472491909385114,0.09061488673139159,0.0
0.0,0.1,confounded,logger12_balanced,1,source_dependent_reward,0.9093851132686084,0.9093851132686084,0.0,0.0,1.0,0.9029126213592233,0.006472491909385114,0.09061488673139159,0.0
0.0,0.1,confounded,logger12_balanced,2,pooled_mlp,0.9093851132686084,0.9093851132686084,0.0,0.003236245954692557,0.9967637540453075,0.9029126213592233,0.006472491909385114,0.09061488673139159,0.0
0.0,0.1,confounded,logger12_balanced,2,source_balanced_pooled_mlp,0.9093851132686084,0.9093851132686084,0.0,0.003236245954692557,0.9967637540453075,0.9029126213592233,0.006472491909385114,0.09061488673139159,0.0
0.0,0.1,confounded,logger12_balanced,2,source_conditioned_decoder,0.9093851132686084,0.9093851132686084,0.0,0.003236245954692557,0.9967637540453075,0.9029126213592233,0.006472491909385114,0.09061488673139159,0.0
0.0,0.1,confounded,logger12_balanced,2,per_source_models,0.9093851132686084,0.9093851132686084,0.0,0.0,1.0,0.9029126213592233,0.006472491909385114,0.09061488673139159,0.0
0.0,0.1,confounded,logger12_balanced,2,mechanism_separated,0.9061488673139159,0.9061488673139159,0.003236245954692557,0.003236245954692557,0.9935275080906149,0.9029126213592233,0.006472491909385114,0.09061488673139159,0.0
0.0,0.1,confounded,logger12_balanced,2,oracle_u_aware,0.2588996763754045,0.2588996763754045,0.6537216828478964,0.10679611650485436,0.23948220064724918,0.9029126213592233,0.006472491909385114,0.09061488673139159,0.0
0.0,0.1,confounded,logger12_balanced,2,source_shuffle,0.9029126213592233,0.9029126213592233,0.006472491909385114,0.003236245954692557,0.9902912621359223,0.9029126213592233,0.006472491909385114,0.09061488673139159,0.0
0.0,0.1,confounded,logger12_balanced,2,no_behavior,0.9061488673139159,0.9061488673139159,0.003236245954692557,0.0,0.9967637540453075,0.9029126213592233,0.006472491909385114,0.09061488673139159,0.0
0.0,0.1,confounded,logger12_balanced,2,source_dependent_reward,0.9093851132686084,0.9093851132686084,0.0,0.003236245954692557,0.9967637540453075,0.9029126213592233,0.006472491909385114,0.09061488673139159,0.0
0.0,0.1,confounded,logger12_balanced,3,pooled_mlp,0.9061488673139159,0.9061488673139159,0.003236245954692557,0.003236245954692557,0.9935275080906149,0.9029126213592233,0.006472491909385114,0.09061488673139159,0.0
0.0,0.1,confounded,logger12_balanced,3,source_balanced_pooled_mlp,0.9061488673139159,0.9061488673139159,0.003236245954692557,0.003236245954692557,0.9935275080906149,0.9029126213592233,0.006472491909385114,0.09061488673139159,0.0
0.0,0.1,confounded,logger12_balanced,3,source_conditioned_decoder,0.9061488673139159,0.9061488673139159,0.003236245954692557,0.0,0.9967637540453075,0.9029126213592233,0.006472491909385114,0.09061488673139159,0.0
0.0,0.1,confounded,logger12_balanced,3,per_source_models,0.9093851132686084,0.9093851132686084,0.0,0.0,1.0,0.9029126213592233,0.006472491909385114,0.09061488673139159,0.0
0.0,0.1,confounded,logger12_balanced,3,mechanism_separated,0.9061488673139159,0.9061488673139159,0.003236245954692557,0.0,0.9967637540453075,0.9029126213592233,0.006472491909385114,0.09061488673139159,0.0
0.0,0.1,confounded,logger12_balanced,3,oracle_u_aware,0.17475728155339806,0.17475728155339806,0.7443365695792881,0.04854368932038835,0.20711974110032363,0.9029126213592233,0.006472491909385114,0.09061488673139159,0.0
0.0,0.1,confounded,logger12_balanced,3,source_shuffle,0.9061488673139159,0.9061488673139159,0.003236245954692557,0.003236245954692557,0.9935275080906149,0.9029126213592233,0.006472491909385114,0.09061488673139159,0.0
0.0,0.1,confounded,logger12_balanced,3,no_behavior,0.9061488673139159,0.9061488673139159,0.003236245954692557,0.0,0.9967637540453075,0.9029126213592233,0.006472491909385114,0.09061488673139159,0.0
0.0,0.1,confounded,logger12_balanced,3,source_dependent_reward,0.9093851132686084,0.9093851132686084,0.0,0.003236245954692557,0.9967637540453075,0.9029126213592233,0.006472491909385114,0.09061488673139159,0.0
0.0,0.1,confounded,logger12_balanced,4,pooled_mlp,0.9061488673139159,0.9061488673139159,0.003236245954692557,0.0,0.9967637540453075,0.9029126213592233,0.006472491909385114,0.09061488673139159,0.0
0.0,0.1,confounded,logger12_balanced,4,source_balanced_pooled_mlp,0.9061488673139159,0.9061488673139159,0.003236245954692557,0.0,0.9967637540453075,0.9029126213592233,0.006472491909385114,0.09061488673139159,0.0
0.0,0.1,confounded,logger12_balanced,4,source_conditioned_decoder,0.9093851132686084,0.9093851132686084,0.0,0.0,1.0,0.9029126213592233,0.006472491909385114,0.09061488673139159,0.0
0.0,0.1,confounded,logger12_balanced,4,per_source_models,0.9093851132686084,0.9093851132686084,0.0,0.003236245954692557,0.9967637540453075,0.9029126213592233,0.006472491909385114,0.09061488673139159,0.0
0.0,0.1,confounded,logger12_balanced,4,mechanism_separated,0.9061488673139159,0.9061488673139159,0.003236245954692557,0.0,0.9967637540453075,0.9029126213592233,0.006472491909385114,0.09061488673139159,0.0
0.0,0.1,confounded,logger12_balanced,4,oracle_u_aware,0.2588996763754045,0.2588996763754045,0.6634304207119741,0.061488673139158574,0.2750809061488673,0.9029126213592233,0.006472491909385114,0.09061488673139159,0.0
0.0,0.1,confounded,logger12_balanced,4,source_shuffle,0.9093851132686084,0.9093851132686084,0.0,0.003236245954692557,0.9967637540453075,0.9029126213592233,0.006472491909385114,0.09061488673139159,0.0
0.0,0.1,confounded,logger12_balanced,4,no_behavior,0.9061488673139159,0.9061488673139159,0.003236245954692557,0.0,0.9967637540453075,0.9029126213592233,0.006472491909385114,0.09061488673139159,0.0
0.0,0.1,confounded,logger12_balanced,4,source_dependent_reward,0.9093851132686084,0.9093851132686084,0.0,0.0,1.0,0.9029126213592233,0.006472491909385114,0.09061488673139159,0.0
0.0,0.1,confounded,logger2_heavy,0,pooled_mlp,0.9093851132686084,0.9093851132686084,0.0,0.0,1.0,0.9029126213592233,0.006472491909385114,0.09061488673139159,
0.0,0.1,confounded,logger2_heavy,0,source_balanced_pooled_mlp,0.9093851132686084,0.9093851132686084,0.0,0.006472491909385114,0.9935275080906149,0.9029126213592233,0.006472491909385114,0.09061488673139159,
0.0,0.1,confounded,logger2_heavy,0,source_conditioned_decoder,0.9093851132686084,0.9093851132686084,0.0,0.0,1.0,0.9029126213592233,0.006472491909385114,0.09061488673139159,
0.0,0.1,confounded,logger2_heavy,0,per_source_models,0.9093851132686084,0.9093851132686084,0.0,0.006472491909385114,0.9935275080906149,0.9029126213592233,0.006472491909385114,0.09061488673139159,
0.0,0.1,confounded,logger2_heavy,0,mechanism_separated,0.9093851132686084,0.9093851132686084,0.0,0.0,1.0,0.9029126213592233,0.006472491909385114,0.09061488673139159,
0.0,0.1,confounded,logger2_heavy,0,oracle_u_aware,0.21035598705501618,0.21035598705501618,0.7022653721682848,0.061488673139158574,0.23624595469255663,0.9029126213592233,0.006472491909385114,0.09061488673139159,
0.0,0.1,confounded,logger2_heavy,0,source_shuffle,0.9093851132686084,0.9093851132686084,0.0,0.0,1.0,0.9029126213592233,0.006472491909385114,0.09061488673139159,
0.0,0.1,confounded,logger2_heavy,0,no_behavior,0.9093851132686084,0.9093851132686084,0.0,0.0,1.0,0.9029126213592233,0.006472491909385114,0.09061488673139159,
0.0,0.1,confounded,logger2_heavy,0,source_dependent_reward,0.9061488673139159,0.9061488673139159,0.003236245954692557,0.0,0.9967637540453075,0.9029126213592233,0.006472491909385114,0.09061488673139159,
0.0,0.1,confounded,logger2_heavy,1,pooled_mlp,0.9093851132686084,0.9093851132686084,0.0,0.006472491909385114,0.9935275080906149,0.9029126213592233,0.006472491909385114,0.09061488673139159,
0.0,0.1,confounded,logger2_heavy,1,source_balanced_pooled_mlp,0.9093851132686084,0.9093851132686084,0.0,0.003236245954692557,0.9967637540453075,0.9029126213592233,0.006472491909385114,0.09061488673139159,
0.0,0.1,confounded,logger2_heavy,1,source_conditioned_decoder,0.9093851132686084,0.9093851132686084,0.0,0.0,1.0,0.9029126213592233,0.006472491909385114,0.09061488673139159,
0.0,0.1,confounded,logger2_heavy,1,per_source_models,0.9093851132686084,0.9093851132686084,0.0,0.003236245954692557,0.9967637540453075,0.9029126213592233,0.006472491909385114,0.09061488673139159,
0.0,0.1,confounded,logger2_heavy,1,mechanism_separated,0.9061488673139159,0.9061488673139159,0.003236245954692557,0.003236245954692557,0.9935275080906149,0.9029126213592233,0.006472491909385114,0.09061488673139159,
0.0,0.1,confounded,logger2_heavy,1,oracle_u_aware,0.20711974110032363,0.20711974110032363,0.7119741100323624,0.0744336569579288,0.21359223300970873,0.9029126213592233,0.006472491909385114,0.09061488673139159,
0.0,0.1,confounded,logger2_heavy,1,source_shuffle,0.9093851132686084,0.9093851132686084,0.0,0.0,1.0,0.9029126213592233,0.006472491909385114,0.09061488673139159,
0.0,0.1,confounded,logger2_heavy,1,no_behavior,0.9061488673139159,0.9061488673139159,0.003236245954692557,0.003236245954692557,0.9935275080906149,0.9029126213592233,0.006472491909385114,0.09061488673139159,
0.0,0.1,confounded,logger2_heavy,1,source_dependent_reward,0.9093851132686084,0.9093851132686084,0.0,0.0,1.0,0.9029126213592233,0.006472491909385114,0.09061488673139159,
0.0,0.1,confounded,logger2_heavy,2,pooled_mlp,0.9093851132686084,0.9093851132686084,0.0,0.003236245954692557,0.9967637540453075,0.9029126213592233,0.006472491909385114,0.09061488673139159,
0.0,0.1,confounded,logger2_heavy,2,source_balanced_pooled_mlp,0.9093851132686084,0.9093851132686084,0.0,0.003236245954692557,0.9967637540453075,0.9029126213592233,0.006472491909385114,0.09061488673139159,
0.0,0.1,confounded,logger2_heavy,2,source_conditioned_decoder,0.9093851132686084,0.9093851132686084,0.0,0.0,1.0,0.9029126213592233,0.006472491909385114,0.09061488673139159,
0.0,0.1,confounded,logger2_heavy,2,per_source_models,0.9093851132686084,0.9093851132686084,0.0,0.003236245954692557,0.9967637540453075,0.9029126213592233,0.006472491909385114,0.09061488673139159,
0.0,0.1,confounded,logger2_heavy,2,mechanism_separated,0.8996763754045307,0.8996763754045307,0.009708737864077669,0.003236245954692557,0.9870550161812298,0.9029126213592233,0.006472491909385114,0.09061488673139159,
0.0,0.1,confounded,logger2_heavy,2,oracle_u_aware,0.22653721682847897,0.22653721682847897,0.6893203883495146,0.07766990291262135,0.23300970873786409,0.9029126213592233,0.006472491909385114,0.09061488673139159,
0.0,0.1,confounded,logger2_heavy,2,source_shuffle,0.9029126213592233,0.9029126213592233,0.006472491909385114,0.003236245954692557,0.9902912621359223,0.9029126213592233,0.006472491909385114,0.09061488673139159,
0.0,0.1,confounded,logger2_heavy,2,no_behavior,0.9061488673139159,0.9061488673139159,0.003236245954692557,0.0,0.9967637540453075,0.9029126213592233,0.006472491909385114,0.09061488673139159,
0.0,0.1,confounded,logger2_heavy,2,source_dependent_reward,0.9093851132686084,0.9093851132686084,0.0,0.0,1.0,0.9029126213592233,0.006472491909385114,0.09061488673139159,
0.0,0.1,confounded,logger2_heavy,3,pooled_mlp,0.9093851132686084,0.9093851132686084,0.0,0.003236245954692557,0.9967637540453075,0.9029126213592233,0.006472491909385114,0.09061488673139159,
0.0,0.1,confounded,logger2_heavy,3,source_balanced_pooled_mlp,0.9061488673139159,0.9061488673139159,0.003236245954692557,0.003236245954692557,0.9935275080906149,0.9029126213592233,0.006472491909385114,0.09061488673139159,
0.0,0.1,confounded,logger2_heavy,3,source_conditioned_decoder,0.9093851132686084,0.9093851132686084,0.0,0.0,1.0,0.9029126213592233,0.006472491909385114,0.09061488673139159,
0.0,0.1,confounded,logger2_heavy,3,per_source_models,0.9093851132686084,0.9093851132686084,0.0,0.0,1.0,0.9029126213592233,0.006472491909385114,0.09061488673139159,
0.0,0.1,confounded,logger2_heavy,3,mechanism_separated,0.9093851132686084,0.9093851132686084,0.0,0.0,1.0,0.9029126213592233,0.006472491909385114,0.09061488673139159,
0.0,0.1,confounded,logger2_heavy,3,oracle_u_aware,0.18770226537216828,0.18770226537216828,0.7281553398058253,0.05501618122977346,0.2168284789644013,0.9029126213592233,0.006472491909385114,0.09061488673139159,
0.0,0.1,confounded,logger2_heavy,3,source_shuffle,0.9061488673139159,0.9061488673139159,0.003236245954692557,0.0,0.9967637540453075,0.9029126213592233,0.006472491909385114,0.09061488673139159,
0.0,0.1,confounded,logger2_heavy,3,no_behavior,0.9093851132686084,0.9093851132686084,0.0,0.0,1.0,0.9029126213592233,0.006472491909385114,0.09061488673139159,
0.0,0.1,confounded,logger2_heavy,3,source_dependent_reward,0.9093851132686084,0.9093851132686084,0.0,0.003236245954692557,0.9967637540453075,0.9029126213592233,0.006472491909385114,0.09061488673139159,
0.0,0.1,confounded,logger2_heavy,4,pooled_mlp,0.9061488673139159,0.9061488673139159,0.003236245954692557,0.0,0.9967637540453075,0.9029126213592233,0.006472491909385114,0.09061488673139159,
0.0,0.1,confounded,logger2_heavy,4,source_balanced_pooled_mlp,0.9061488673139159,0.9061488673139159,0.003236245954692557,0.0,0.9967637540453075,0.9029126213592233,0.006472491909385114,0.09061488673139159,
0.0,0.1,confounded,logger2_heavy,4,source_conditioned_decoder,0.9093851132686084,0.9093851132686084,0.0,0.003236245954692557,0.9967637540453075,0.9029126213592233,0.006472491909385114,0.09061488673139159,
0.0,0.1,confounded,logger2_heavy,4,per_source_models,0.9093851132686084,0.9093851132686084,0.0,0.003236245954692557,0.9967637540453075,0.9029126213592233,0.006472491909385114,0.09061488673139159,
0.0,0.1,confounded,logger2_heavy,4,mechanism_separated,0.9061488673139159,0.9061488673139159,0.003236245954692557,0.0,0.9967637540453075,0.9029126213592233,0.006472491909385114,0.09061488673139159,
0.0,0.1,confounded,logger2_heavy,4,oracle_u_aware,0.2168284789644013,0.2168284789644013,0.6990291262135923,0.05177993527508091,0.24919093851132687,0.9029126213592233,0.006472491909385114,0.09061488673139159,
0.0,0.1,confounded,logger2_heavy,4,source_shuffle,0.9061488673139159,0.9061488673139159,0.003236245954692557,0.0,0.9967637540453075,0.9029126213592233,0.006472491909385114,0.09061488673139159,
0.0,0.1,confounded,logger2_heavy,4,no_behavior,0.9061488673139159,0.9061488673139159,0.003236245954692557,0.0,0.9967637540453075,0.9029126213592233,0.006472491909385114,0.09061488673139159,
0.0,0.1,confounded,logger2_heavy,4,source_dependent_reward,0.9093851132686084,0.9093851132686084,0.0,0.0,1.0,0.9029126213592233,0.006472491909385114,0.09061488673139159,
0.0,0.1,independent_latents,logger1_heavy,0,pooled_mlp,0.30097087378640774,0.30097087378640774,0.6213592233009708,0.06796116504854369,0.3106796116504854,0.9029126213592233,0.006472491909385114,0.09061488673139159,
0.0,0.1,independent_latents,logger1_heavy,0,source_balanced_pooled_mlp,0.26537216828478966,0.26537216828478966,0.6666666666666666,0.0744336569579288,0.2588996763754045,0.9029126213592233,0.006472491909385114,0.09061488673139159,
0.0,0.1,independent_latents,logger1_heavy,0,source_conditioned_decoder,0.26537216828478966,0.26537216828478966,0.7378640776699029,0.061488673139158574,0.20064724919093851,0.9029126213592233,0.006472491909385114,0.09061488673139159,
0.0,0.1,independent_latents,logger1_heavy,0,per_source_models,0.21359223300970873,0.21359223300970873,0.7378640776699029,0.038834951456310676,0.22330097087378642,0.9029126213592233,0.006472491909385114,0.09061488673139159,
0.0,0.1,independent_latents,logger1_heavy,0,mechanism_separated,0.2168284789644013,0.2168284789644013,0.7411003236245954,0.03559870550161812,0.22330097087378642,0.9029126213592233,0.006472491909385114,0.09061488673139159,
0.0,0.1,independent_latents,logger1_heavy,0,oracle_u_aware,0.2524271844660194,0.24919093851132687,0.6601941747572816,0.09385113268608414,0.24919093851132687,0.9029126213592233,0.006472491909385114,0.09061488673139159,
0.0,0.1,independent_latents,logger1_heavy,0,source_shuffle,0.2297734627831715,0.2297734627831715,0.7411003236245954,0.03559870550161812,0.22330097087378642,0.9029126213592233,0.006472491909385114,0.09061488673139159,
0.0,0.1,independent_latents,logger1_heavy,0,no_behavior,0.24919093851132687,0.24919093851132687,0.7216828478964401,0.038834951456310676,0.23948220064724918,0.9029126213592233,0.006472491909385114,0.09061488673139159,
0.0,0.1,independent_latents,logger1_heavy,0,source_dependent_reward,0.21035598705501618,0.21035598705501618,0.7669902912621359,0.02912621359223301,0.20388349514563106,0.9029126213592233,0.006472491909385114,0.09061488673139159,
0.0,0.1,independent_latents,logger1_heavy,1,pooled_mlp,0.44336569579288027,0.44336569579288027,0.47249190938511326,0.05501618122977346,0.47249190938511326,0.9029126213592233,0.006472491909385114,0.09061488673139159,
0.0,0.1,independent_latents,logger1_heavy,1,source_balanced_pooled_mlp,0.3074433656957929,0.3074433656957929,0.6019417475728155,0.042071197411003236,0.3559870550161812,0.9029126213592233,0.006472491909385114,0.09061488673139159,
0.0,0.1,independent_latents,logger1_heavy,1,source_conditioned_decoder,0.44983818770226536,0.44983818770226536,0.46601941747572817,0.042071197411003236,0.4919093851132686,0.9029126213592233,0.006472491909385114,0.09061488673139159,
0.0,0.1,independent_latents,logger1_heavy,1,per_source_models,0.3365695792880259,0.3365695792880259,0.5792880258899676,0.05177993527508091,0.36893203883495146,0.9029126213592233,0.006472491909385114,0.09061488673139159,
0.0,0.1,independent_latents,logger1_heavy,1,mechanism_separated,0.39805825242718446,0.39805825242718446,0.517799352750809,0.04854368932038835,0.4336569579288026,0.9029126213592233,0.006472491909385114,0.09061488673139159,
0.0,0.1,independent_latents,logger1_heavy,1,oracle_u_aware,0.24919093851132687,0.24919093851132687,0.6634304207119741,0.09385113268608414,0.24271844660194175,0.9029126213592233,0.006472491909385114,0.09061488673139159,
0.0,0.1,independent_latents,logger1_heavy,1,source_shuffle,0.40129449838187703,0.40129449838187703,0.5145631067961165,0.05501618122977346,0.43042071197411,0.9029126213592233,0.006472491909385114,0.09061488673139159,
0.0,0.1,independent_latents,logger1_heavy,1,no_behavior,0.3948220064724919,0.3948220064724919,0.5210355987055016,0.042071197411003236,0.4368932038834951,0.9029126213592233,0.006472491909385114,0.09061488673139159,
0.0,0.1,independent_latents,logger1_heavy,1,source_dependent_reward,0.4692556634304207,0.4692556634304207,0.44660194174757284,0.045307443365695796,0.5080906148867314,0.9029126213592233,0.006472491909385114,0.09061488673139159,
0.0,0.1,independent_latents,logger1_heavy,2,pooled_mlp,0.2783171521035599,0.2783171521035599,0.7022653721682848,0.10355987055016182,0.1941747572815534,0.9029126213592233,0.006472491909385114,0.09061488673139159,
0.0,0.1,independent_latents,logger1_heavy,2,source_balanced_pooled_mlp,0.27184466019417475,0.27184466019417475,0.6472491909385113,0.09061488673139159,0.2621359223300971,0.9029126213592233,0.006472491909385114,0.09061488673139159,
0.0,0.1,independent_latents,logger1_heavy,2,source_conditioned_decoder,0.27184466019417475,0.27184466019417475,0.6440129449838188,0.06472491909385113,0.2912621359223301,0.9029126213592233,0.006472491909385114,0.09061488673139159,
0.0,0.1,independent_latents,logger1_heavy,2,per_source_models,0.27184466019417475,0.27184466019417475,0.6537216828478964,0.08090614886731391,0.26537216828478966,0.9029126213592233,0.006472491909385114,0.09061488673139159,
0.0,0.1,independent_latents,logger1_heavy,2,mechanism_separated,0.2686084142394822,0.2686084142394822,0.7249190938511327,0.06472491909385113,0.21035598705501618,0.9029126213592233,0.006472491909385114,0.09061488673139159,
0.0,0.1,independent_latents,logger1_heavy,2,oracle_u_aware,0.18122977346278318,0.18122977346278318,0.7281553398058253,0.061488673139158574,0.21035598705501618,0.9029126213592233,0.006472491909385114,0.09061488673139159,
0.0,0.1,independent_latents,logger1_heavy,2,source_shuffle,0.2750809061488673,0.2750809061488673,0.6634304207119741,0.09385113268608414,0.24271844660194175,0.9029126213592233,0.006472491909385114,0.09061488673139159,
0.0,0.1,independent_latents,logger1_heavy,2,no_behavior,0.2912621359223301,0.28802588996763756,0.6472491909385113,0.0970873786407767,0.2588996763754045,0.9029126213592233,0.006472491909385114,0.09061488673139159,
0.0,0.1,independent_latents,logger1_heavy,2,source_dependent_reward,0.30097087378640774,0.30097087378640774,0.6699029126213593,0.07119741100323625,0.2588996763754045,0.9029126213592233,0.006472491909385114,0.09061488673139159,
0.0,0.1,independent_latents,logger1_heavy,3,pooled_mlp,0.517799352750809,0.517799352750809,0.39805825242718446,0.10355987055016182,0.49838187702265374,0.9029126213592233,0.006472491909385114,0.09061488673139159,
0.0,0.1,independent_latents,logger1_heavy,3,source_balanced_pooled_mlp,0.2686084142394822,0.2686084142394822,0.6601941747572816,0.042071197411003236,0.2977346278317152,0.9029126213592233,0.006472491909385114,0.09061488673139159,
0.0,0.1,independent_latents,logger1_heavy,3,source_conditioned_decoder,0.3365695792880259,0.3365695792880259,0.6375404530744336,0.05825242718446602,0.3042071197411003,0.9029126213592233,0.006472491909385114,0.09061488673139159,
0.0,0.1,independent_latents,logger1_heavy,3,per_source_models,0.3333333333333333,0.3333333333333333,0.6472491909385113,0.032362459546925564,0.32038834951456313,0.9029126213592233,0.006472491909385114,0.09061488673139159,
0.0,0.1,independent_latents,logger1_heavy,3,mechanism_separated,0.5080906148867314,0.5080906148867314,0.4045307443365696,0.08737864077669903,0.5080906148867314,0.9029126213592233,0.006472491909385114,0.09061488673139159,
0.0,0.1,independent_latents,logger1_heavy,3,oracle_u_aware,0.2297734627831715,0.2297734627831715,0.686084142394822,0.0744336569579288,0.23948220064724918,0.9029126213592233,0.006472491909385114,0.09061488673139159,
0.0,0.1,independent_latents,logger1_heavy,3,source_shuffle,0.3042071197411003,0.3042071197411003,0.6440129449838188,0.06796116504854369,0.28802588996763756,0.9029126213592233,0.006472491909385114,0.09061488673139159,
0.0,0.1,independent_latents,logger1_heavy,3,no_behavior,0.5145631067961165,0.5145631067961165,0.4045307443365696,0.08090614886731391,0.5145631067961165,0.9029126213592233,0.006472491909385114,0.09061488673139159,
0.0,0.1,independent_latents,logger1_heavy,3,source_dependent_reward,0.2783171521035599,0.2783171521035599,0.7087378640776699,0.04854368932038835,0.24271844660194175,0.9029126213592233,0.006472491909385114,0.09061488673139159,
0.0,0.1,independent_latents,logger1_heavy,4,pooled_mlp,0.39805825242718446,0.39805825242718446,0.5210355987055016,0.0744336569579288,0.4045307443365696,0.9029126213592233,0.006472491909385114,0.09061488673139159,
0.0,0.1,independent_latents,logger1_heavy,4,source_balanced_pooled_mlp,0.3268608414239482,0.3268608414239482,0.5954692556634305,0.07119741100323625,0.3333333333333333,0.9029126213592233,0.006472491909385114,0.09061488673139159,
0.0,0.1,independent_latents,logger1_heavy,4,source_conditioned_decoder,0.19741100323624594,0.19741100323624594,0.7799352750809061,0.045307443365695796,0.17475728155339806,0.9029126213592233,0.006472491909385114,0.09061488673139159,
0.0,0.1,independent_latents,logger1_heavy,4,per_source_models,0.22330097087378642,0.22330097087378642,0.7281553398058253,0.042071197411003236,0.2297734627831715,0.9029126213592233,0.006472491909385114,0.09061488673139159,
0.0,0.1,independent_latents,logger1_heavy,4,mechanism_separated,0.19093851132686085,0.19093851132686085,0.7864077669902912,0.038834951456310676,0.17475728155339806,0.9029126213592233,0.006472491909385114,0.09061488673139159,
0.0,0.1,independent_latents,logger1_heavy,4,oracle_u_aware,0.18770226537216828,0.18770226537216828,0.7184466019417476,0.05177993527508091,0.2297734627831715,0.9029126213592233,0.006472491909385114,0.09061488673139159,
0.0,0.1,independent_latents,logger1_heavy,4,source_shuffle,0.19093851132686085,0.19093851132686085,0.7831715210355987,0.025889967637540454,0.19093851132686085,0.9029126213592233,0.006472491909385114,0.09061488673139159,
0.0,0.1,independent_latents,logger1_heavy,4,no_behavior,0.17475728155339806,0.17475728155339806,0.7928802588996764,0.019417475728155338,0.18770226537216828,0.9029126213592233,0.006472491909385114,0.09061488673139159,
0.0,0.1,independent_latents,logger1_heavy,4,source_dependent_reward,0.22006472491909385,0.22006472491909385,0.7281553398058253,0.045307443365695796,0.22653721682847897,0.9029126213592233,0.006472491909385114,0.09061488673139159,
0.0,0.1,independent_latents,logger12_balanced,0,pooled_mlp,0.26537216828478966,0.26537216828478966,0.6666666666666666,0.0744336569579288,0.2588996763754045,0.9029126213592233,0.006472491909385114,0.09061488673139159,
0.0,0.1,independent_latents,logger12_balanced,0,source_balanced_pooled_mlp,0.26537216828478966,0.26537216828478966,0.6666666666666666,0.0744336569579288,0.2588996763754045,0.9029126213592233,0.006472491909385114,0.09061488673139159,
0.0,0.1,independent_latents,logger12_balanced,0,source_conditioned_decoder,0.27184466019417475,0.27184466019417475,0.656957928802589,0.061488673139158574,0.2815533980582524,0.9029126213592233,0.006472491909385114,0.09061488673139159,
0.0,0.1,independent_latents,logger12_balanced,0,per_source_models,0.2168284789644013,0.2168284789644013,0.7702265372168284,0.05825242718446602,0.1715210355987055,0.9029126213592233,0.006472491909385114,0.09061488673139159,
0.0,0.1,independent_latents,logger12_balanced,0,mechanism_separated,0.19093851132686085,0.19093851132686085,0.7346278317152104,0.04854368932038835,0.2168284789644013,0.9029126213592233,0.006472491909385114,0.09061488673139159,
0.0,0.1,independent_latents,logger12_balanced,0,oracle_u_aware,0.1650485436893204,0.1650485436893204,0.7475728155339806,0.0744336569579288,0.1779935275080906,0.9029126213592233,0.006472491909385114,0.09061488673139159,
0.0,0.1,independent_latents,logger12_balanced,0,source_shuffle,0.2588996763754045,0.2588996763754045,0.6601941747572816,0.08737864077669903,0.2524271844660194,0.9029126213592233,0.006472491909385114,0.09061488673139159,
0.0,0.1,independent_latents,logger12_balanced,0,no_behavior,0.23624595469255663,0.23624595469255663,0.7216828478964401,0.06472491909385113,0.21359223300970873,0.9029126213592233,0.006472491909385114,0.09061488673139159,
0.0,0.1,independent_latents,logger12_balanced,0,source_dependent_reward,0.3786407766990291,0.3786407766990291,0.5857605177993528,0.05177993527508091,0.36245954692556637,0.9029126213592233,0.006472491909385114,0.09061488673139159,
0.0,0.1,independent_latents,logger12_balanced,1,pooled_mlp,0.3074433656957929,0.3074433656957929,0.6019417475728155,0.042071197411003236,0.3559870550161812,0.9029126213592233,0.006472491909385114,0.09061488673139159,
0.0,0.1,independent_latents,logger12_balanced,1,source_balanced_pooled_mlp,0.3074433656957929,0.3074433656957929,0.6019417475728155,0.042071197411003236,0.3559870550161812,0.9029126213592233,0.006472491909385114,0.09061488673139159,
0.0,0.1,independent_latents,logger12_balanced,1,source_conditioned_decoder,0.3559870550161812,0.3559870550161812,0.5566343042071198,0.038834951456310676,0.4045307443365696,0.9029126213592233,0.006472491909385114,0.09061488673139159,
0.0,0.1,independent_latents,logger12_balanced,1,per_source_models,0.32038834951456313,0.32038834951456313,0.5954692556634305,0.05177993527508091,0.35275080906148865,0.9029126213592233,0.006472491909385114,0.09061488673139159,
0.0,0.1,independent_latents,logger12_balanced,1,mechanism_separated,0.3656957928802589,0.3656957928802589,0.5436893203883495,0.06796116504854369,0.3883495145631068,0.9029126213592233,0.006472491909385114,0.09061488673139159,
0.0,0.1,independent_latents,logger12_balanced,1,oracle_u_aware,0.1779935275080906,0.1779935275080906,0.7443365695792881,0.061488673139158574,0.1941747572815534,0.9029126213592233,0.006472491909385114,0.09061488673139159,
0.0,0.1,independent_latents,logger12_balanced,1,source_shuffle,0.33980582524271846,0.33980582524271846,0.56957928802589,0.05177993527508091,0.3786407766990291,0.9029126213592233,0.006472491909385114,0.09061488673139159,
0.0,0.1,independent_latents,logger12_balanced,1,no_behavior,0.34951456310679613,0.34951456310679613,0.5631067961165048,0.05825242718446602,0.3786407766990291,0.9029126213592233,0.006472491909385114,0.09061488673139159,
0.0,0.1,independent_latents,logger12_balanced,1,source_dependent_reward,0.20711974110032363,0.20711974110032363,0.7766990291262136,0.04854368932038835,0.17475728155339806,0.9029126213592233,0.006472491909385114,0.09061488673139159,
0.0,0.1,independent_latents,logger12_balanced,2,pooled_mlp,0.27184466019417475,0.27184466019417475,0.6472491909385113,0.09061488673139159,0.2621359223300971,0.9029126213592233,0.006472491909385114,0.09061488673139159,
0.0,0.1,independent_latents,logger12_balanced,2,source_balanced_pooled_mlp,0.27184466019417475,0.27184466019417475,0.6472491909385113,0.09061488673139159,0.2621359223300971,0.9029126213592233,0.006472491909385114,0.09061488673139159,
0.0,0.1,independent_latents,logger12_balanced,2,source_conditioned_decoder,0.2621359223300971,0.2621359223300971,0.6957928802588996,0.061488673139158574,0.24271844660194175,0.9029126213592233,0.006472491909385114,0.09061488673139159,
0.0,0.1,independent_latents,logger12_balanced,2,per_source_models,0.3333333333333333,0.3333333333333333,0.6375404530744336,0.061488673139158574,0.30097087378640774,0.9029126213592233,0.006472491909385114,0.09061488673139159,
0.0,0.1,independent_latents,logger12_balanced,2,mechanism_separated,0.22653721682847897,0.22653721682847897,0.6990291262135923,0.05177993527508091,0.24919093851132687,0.9029126213592233,0.006472491909385114,0.09061488673139159,
0.0,0.1,independent_latents,logger12_balanced,2,oracle_u_aware,0.2686084142394822,0.2686084142394822,0.6407766990291263,0.10355987055016182,0.255663430420712,0.9029126213592233,0.006472491909385114,0.09061488673139159,
0.0,0.1,independent_latents,logger12_balanced,2,source_shuffle,0.2297734627831715,0.2297734627831715,0.7087378640776699,0.05825242718446602,0.23300970873786409,0.9029126213592233,0.006472491909385114,0.09061488673139159,
0.0,0.1,independent_latents,logger12_balanced,2,no_behavior,0.22330097087378642,0.22330097087378642,0.7152103559870551,0.045307443365695796,0.23948220064724918,0.9029126213592233,0.006472491909385114,0.09061488673139159,
0.0,0.1,independent_latents,logger12_balanced,2,source_dependent_reward,0.1779935275080906,0.1779935275080906,0.7313915857605178,0.05177993527508091,0.2168284789644013,0.9029126213592233,0.006472491909385114,0.09061488673139159,
0.0,0.1,independent_latents,logger12_balanced,3,pooled_mlp,0.2686084142394822,0.2686084142394822,0.6601941747572816,0.042071197411003236,0.2977346278317152,0.9029126213592233,0.006472491909385114,0.09061488673139159,
0.0,0.1,independent_latents,logger12_balanced,3,source_balanced_pooled_mlp,0.2686084142394822,0.2686084142394822,0.6601941747572816,0.042071197411003236,0.2977346278317152,0.9029126213592233,0.006472491909385114,0.09061488673139159,
0.0,0.1,independent_latents,logger12_balanced,3,source_conditioned_decoder,0.32362459546925565,0.32362459546925565,0.6116504854368932,0.061488673139158574,0.3268608414239482,0.9029126213592233,0.006472491909385114,0.09061488673139159,
0.0,0.1,independent_latents,logger12_balanced,3,per_source_models,0.34951456310679613,0.34951456310679613,0.6343042071197411,0.05825242718446602,0.3074433656957929,0.9029126213592233,0.006472491909385114,0.09061488673139159,
0.0,0.1,independent_latents,logger12_balanced,3,mechanism_separated,0.26537216828478966,0.26537216828478966,0.6504854368932039,0.05177993527508091,0.2977346278317152,0.9029126213592233,0.006472491909385114,0.09061488673139159,
0.0,0.1,independent_latents,logger12_balanced,3,oracle_u_aware,0.19741100323624594,0.19741100323624594,0.7184466019417476,0.06796116504854369,0.21359223300970873,0.9029126213592233,0.006472491909385114,0.09061488673139159,
0.0,0.1,independent_latents,logger12_balanced,3,source_shuffle,0.2459546925566343,0.2459546925566343,0.6699029126213593,0.032362459546925564,0.2977346278317152,0.9029126213592233,0.006472491909385114,0.09061488673139159,
0.0,0.1,independent_latents,logger12_balanced,3,no_behavior,0.24271844660194175,0.24271844660194175,0.6731391585760518,0.05177993527508091,0.2750809061488673,0.9029126213592233,0.006472491909385114,0.09061488673139159,
0.0,0.1,independent_latents,logger12_balanced,3,source_dependent_reward,0.255663430420712,0.255663430420712,0.7281553398058253,0.042071197411003236,0.2297734627831715,0.9029126213592233,0.006472491909385114,0.09061488673139159,
0.0,0.1,independent_latents,logger12_balanced,4,pooled_mlp,0.3268608414239482,0.3268608414239482,0.5954692556634305,0.07119741100323625,0.3333333333333333,0.9029126213592233,0.006472491909385114,0.09061488673139159,
0.0,0.1,independent_latents,logger12_balanced,4,source_balanced_pooled_mlp,0.3268608414239482,0.3268608414239482,0.5954692556634305,0.07119741100323625,0.3333333333333333,0.9029126213592233,0.006472491909385114,0.09061488673139159,
0.0,0.1,independent_latents,logger12_balanced,4,source_conditioned_decoder,0.2524271844660194,0.2524271844660194,0.6601941747572816,0.025889967637540454,0.313915857605178,0.9029126213592233,0.006472491909385114,0.09061488673139159,
0.0,0.1,independent_latents,logger12_balanced,4,per_source_models,0.284789644012945,0.284789644012945,0.6310679611650486,0.06796116504854369,0.30097087378640774,0.9029126213592233,0.006472491909385114,0.09061488673139159,
0.0,0.1,independent_latents,logger12_balanced,4,mechanism_separated,0.31715210355987056,0.31715210355987056,0.6051779935275081,0.038834951456310676,0.3559870550161812,0.9029126213592233,0.006472491909385114,0.09061488673139159,
0.0,0.1,independent_latents,logger12_balanced,4,oracle_u_aware,0.20388349514563106,0.20388349514563106,0.7087378640776699,0.07119741100323625,0.22006472491909385,0.9029126213592233,0.006472491909385114,0.09061488673139159,
0.0,0.1,independent_latents,logger12_balanced,4,source_shuffle,0.2912621359223301,0.2912621359223301,0.6310679611650486,0.032362459546925564,0.3365695792880259,0.9029126213592233,0.006472491909385114,0.09061488673139159,
0.0,0.1,independent_latents,logger12_balanced,4,no_behavior,0.30097087378640774,0.30097087378640774,0.6181229773462783,0.038834951456310676,0.34627831715210355,0.9029126213592233,0.006472491909385114,0.09061488673139159,
0.0,0.1,independent_latents,logger12_balanced,4,source_dependent_reward,0.3268608414239482,0.3268608414239482,0.5889967637540453,0.05825242718446602,0.35275080906148865,0.9029126213592233,0.006472491909385114,0.09061488673139159,
0.0,0.1,independent_latents,logger2_heavy,0,pooled_mlp,0.2168284789644013,0.2168284789644013,0.7443365695792881,0.05501618122977346,0.20064724919093851,0.9029126213592233,0.006472491909385114,0.09061488673139159,
0.0,0.1,independent_latents,logger2_heavy,0,source_balanced_pooled_mlp,0.26537216828478966,0.26537216828478966,0.6666666666666666,0.0744336569579288,0.2588996763754045,0.9029126213592233,0.006472491909385114,0.09061488673139159,
0.0,0.1,independent_latents,logger2_heavy,0,source_conditioned_decoder,0.1779935275080906,0.1779935275080906,0.8252427184466019,0.012944983818770227,0.16181229773462782,0.9029126213592233,0.006472491909385114,0.09061488673139159,
0.0,0.1,independent_latents,logger2_heavy,0,per_source_models,0.22653721682847897,0.22653721682847897,0.7281553398058253,0.045307443365695796,0.22653721682847897,0.9029126213592233,0.006472491909385114,0.09061488673139159,
0.0,0.1,independent_latents,logger2_heavy,0,mechanism_separated,0.1650485436893204,0.1650485436893204,0.7734627831715211,0.032362459546925564,0.1941747572815534,0.9029126213592233,0.006472491909385114,0.09061488673139159,
0.0,0.1,independent_latents,logger2_heavy,0,oracle_u_aware,0.2297734627831715,0.2297734627831715,0.7055016181229773,0.08414239482200647,0.21035598705501618,0.9029126213592233,0.006472491909385114,0.09061488673139159,
0.0,0.1,independent_latents,logger2_heavy,0,source_shuffle,0.13915857605177995,0.13915857605177995,0.7928802588996764,0.019417475728155338,0.18770226537216828,0.9029126213592233,0.006472491909385114,0.09061488673139159,
0.0,0.1,independent_latents,logger2_heavy,0,no_behavior,0.1262135922330097,0.1262135922330097,0.8155339805825242,0.022653721682847898,0.16181229773462782,0.9029126213592233,0.006472491909385114,0.09061488673139159,
0.0,0.1,independent_latents,logger2_heavy,0,source_dependent_reward,0.20388349514563106,0.20388349514563106,0.8025889967637541,0.02912621359223301,0.16828478964401294,0.9029126213592233,0.006472491909385114,0.09061488673139159,
0.0,0.1,independent_latents,logger2_heavy,1,pooled_mlp,0.2686084142394822,0.2686084142394822,0.6504854368932039,0.07119741100323625,0.2783171521035599,0.9029126213592233,0.006472491909385114,0.09061488673139159,
0.0,0.1,independent_latents,logger2_heavy,1,source_balanced_pooled_mlp,0.3074433656957929,0.3074433656957929,0.6019417475728155,0.042071197411003236,0.3559870550161812,0.9029126213592233,0.006472491909385114,0.09061488673139159,
0.0,0.1,independent_latents,logger2_heavy,1,source_conditioned_decoder,0.3074433656957929,0.3074433656957929,0.6084142394822006,0.03559870550161812,0.3559870550161812,0.9029126213592233,0.006472491909385114,0.09061488673139159,
0.0,0.1,independent_latents,logger2_heavy,1,per_source_models,0.3042071197411003,0.3042071197411003,0.6116504854368932,0.06796116504854369,0.32038834951456313,0.9029126213592233,0.006472491909385114,0.09061488673139159,
0.0,0.1,independent_latents,logger2_heavy,1,mechanism_separated,0.32038834951456313,0.32038834951456313,0.5922330097087378,0.05177993527508091,0.3559870550161812,0.9029126213592233,0.006472491909385114,0.09061488673139159,
0.0,0.1,independent_latents,logger2_heavy,1,oracle_u_aware,0.1941747572815534,0.1941747572815534,0.7346278317152104,0.061488673139158574,0.20388349514563106,0.9029126213592233,0.006472491909385114,0.09061488673139159,
0.0,0.1,independent_latents,logger2_heavy,1,source_shuffle,0.31715210355987056,0.31715210355987056,0.598705501618123,0.0744336569579288,0.3268608414239482,0.9029126213592233,0.006472491909385114,0.09061488673139159,
0.0,0.1,independent_latents,logger2_heavy,1,no_behavior,0.3042071197411003,0.3042071197411003,0.6181229773462783,0.05501618122977346,0.3268608414239482,0.9029126213592233,0.006472491909385114,0.09061488673139159,
0.0,0.1,independent_latents,logger2_heavy,1,source_dependent_reward,0.23300970873786409,0.23300970873786409,0.6925566343042071,0.03559870550161812,0.27184466019417475,0.9029126213592233,0.006472491909385114,0.09061488673139159,
0.0,0.1,independent_latents,logger2_heavy,2,pooled_mlp,0.3559870550161812,0.3559870550161812,0.5728155339805825,0.09385113268608414,0.3333333333333333,0.9029126213592233,0.006472491909385114,0.09061488673139159,
0.0,0.1,independent_latents,logger2_heavy,2,source_balanced_pooled_mlp,0.27184466019417475,0.27184466019417475,0.6472491909385113,0.09061488673139159,0.2621359223300971,0.9029126213592233,0.006472491909385114,0.09061488673139159,
0.0,0.1,independent_latents,logger2_heavy,2,source_conditioned_decoder,0.30097087378640774,0.30097087378640774,0.6310679611650486,0.06796116504854369,0.30097087378640774,0.9029126213592233,0.006472491909385114,0.09061488673139159,
0.0,0.1,independent_latents,logger2_heavy,2,per_source_models,0.3268608414239482,0.3268608414239482,0.6504854368932039,0.0744336569579288,0.2750809061488673,0.9029126213592233,0.006472491909385114,0.09061488673139159,
0.0,0.1,independent_latents,logger2_heavy,2,mechanism_separated,0.343042071197411,0.343042071197411,0.5857605177993528,0.0744336569579288,0.33980582524271846,0.9029126213592233,0.006472491909385114,0.09061488673139159,
0.0,0.1,independent_latents,logger2_heavy,2,oracle_u_aware,0.20711974110032363,0.20711974110032363,0.7119741100323624,0.07119741100323625,0.2168284789644013,0.9029126213592233,0.006472491909385114,0.09061488673139159,
0.0,0.1,independent_latents,logger2_heavy,2,source_shuffle,0.48220064724919093,0.48220064724919093,0.4336569579288026,0.07766990291262135,0.4886731391585761,0.9029126213592233,0.006472491909385114,0.09061488673139159,
0.0,0.1,independent_latents,logger2_heavy,2,no_behavior,0.4886731391585761,0.4886731391585761,0.42718446601941745,0.06796116504854369,0.5048543689320388,0.9029126213592233,0.006472491909385114,0.09061488673139159,
0.0,0.1,independent_latents,logger2_heavy,2,source_dependent_reward,0.34627831715210355,0.34627831715210355,0.5792880258899676,0.05825242718446602,0.36245954692556637,0.9029126213592233,0.006472491909385114,0.09061488673139159,
0.0,0.1,independent_latents,logger2_heavy,3,pooled_mlp,0.24271844660194175,0.24271844660194175,0.7411003236245954,0.05501618122977346,0.20388349514563106,0.9029126213592233,0.006472491909385114,0.09061488673139159,
0.0,0.1,independent_latents,logger2_heavy,3,source_balanced_pooled_mlp,0.2686084142394822,0.2686084142394822,0.6601941747572816,0.042071197411003236,0.2977346278317152,0.9029126213592233,0.006472491909385114,0.09061488673139159,
0.0,0.1,independent_latents,logger2_heavy,3,source_conditioned_decoder,0.26537216828478966,0.26537216828478966,0.7087378640776699,0.0744336569579288,0.2168284789644013,0.9029126213592233,0.006472491909385114,0.09061488673139159,
0.0,0.1,independent_latents,logger2_heavy,3,per_source_models,0.18770226537216828,0.18770226537216828,0.7928802588996764,0.02912621359223301,0.1779935275080906,0.9029126213592233,0.006472491909385114,0.09061488673139159,
0.0,0.1,independent_latents,logger2_heavy,3,mechanism_separated,0.19093851132686085,0.19093851132686085,0.7313915857605178,0.06472491909385113,0.20388349514563106,0.9029126213592233,0.006472491909385114,0.09061488673139159,
0.0,0.1,independent_latents,logger2_heavy,3,oracle_u_aware,0.20388349514563106,0.20388349514563106,0.7119741100323624,0.05501618122977346,0.23300970873786409,0.9029126213592233,0.006472491909385114,0.09061488673139159,
0.0,0.1,independent_latents,logger2_heavy,3,source_shuffle,0.2168284789644013,0.2168284789644013,0.7119741100323624,0.061488673139158574,0.22653721682847897,0.9029126213592233,0.006472491909385114,0.09061488673139159,
0.0,0.1,independent_latents,logger2_heavy,3,no_behavior,0.15857605177993528,0.15857605177993528,0.7572815533980582,0.038834951456310676,0.20388349514563106,0.9029126213592233,0.006472491909385114,0.09061488673139159,
0.0,0.1,independent_latents,logger2_heavy,3,source_dependent_reward,0.21359223300970873,0.21359223300970873,0.7540453074433657,0.04854368932038835,0.19741100323624594,0.9029126213592233,0.006472491909385114,0.09061488673139159,
0.0,0.1,independent_latents,logger2_heavy,4,pooled_mlp,0.313915857605178,0.313915857605178,0.6019417475728155,0.08737864077669903,0.3106796116504854,0.9029126213592233,0.006472491909385114,0.09061488673139159,
0.0,0.1,independent_latents,logger2_heavy,4,source_balanced_pooled_mlp,0.3268608414239482,0.3268608414239482,0.5954692556634305,0.07119741100323625,0.3333333333333333,0.9029126213592233,0.006472491909385114,0.09061488673139159,
0.0,0.1,independent_latents,logger2_heavy,4,source_conditioned_decoder,0.2912621359223301,0.2912621359223301,0.6213592233009708,0.02912621359223301,0.34951456310679613,0.9029126213592233,0.006472491909385114,0.09061488673139159,
0.0,0.1,independent_latents,logger2_heavy,4,per_source_models,0.34627831715210355,0.34627831715210355,0.56957928802589,0.04854368932038835,0.3818770226537217,0.9029126213592233,0.006472491909385114,0.09061488673139159,
0.0,0.1,independent_latents,logger2_heavy,4,mechanism_separated,0.29449838187702265,0.29449838187702265,0.6213592233009708,0.05177993527508091,0.3268608414239482,0.9029126213592233,0.006472491909385114,0.09061488673139159,
0.0,0.1,independent_latents,logger2_heavy,4,oracle_u_aware,0.22006472491909385,0.22006472491909385,0.6893203883495146,0.061488673139158574,0.24919093851132687,0.9029126213592233,0.006472491909385114,0.09061488673139159,
0.0,0.1,independent_latents,logger2_heavy,4,source_shuffle,0.27184466019417475,0.27184466019417475,0.6440129449838188,0.042071197411003236,0.31715210355987056,0.9029126213592233,0.006472491909385114,0.09061488673139159,
0.0,0.1,independent_latents,logger2_heavy,4,no_behavior,0.255663430420712,0.255663430420712,0.6601941747572816,0.045307443365695796,0.29449838187702265,0.9029126213592233,0.006472491909385114,0.09061488673139159,
0.0,0.1,independent_latents,logger2_heavy,4,source_dependent_reward,0.3592233009708738,0.3592233009708738,0.5566343042071198,0.045307443365695796,0.39805825242718446,0.9029126213592233,0.006472491909385114,0.09061488673139159,
0.3,0.0,confounded,logger1_heavy,0,pooled_mlp,0.1553398058252427,0.1553398058252427,0.8252427184466019,0.04854368932038835,0.1262135922330097,0.8284789644012945,0.0744336569579288,0.0970873786407767,
0.3,0.0,confounded,logger1_heavy,0,source_balanced_pooled_mlp,0.26537216828478966,0.26537216828478966,0.7055016181229773,0.11003236245954692,0.18446601941747573,0.8284789644012945,0.0744336569579288,0.0970873786407767,
0.3,0.0,confounded,logger1_heavy,0,source_conditioned_decoder,0.18770226537216828,0.18770226537216828,0.7896440129449838,0.05177993527508091,0.15857605177993528,0.8284789644012945,0.0744336569579288,0.0970873786407767,
0.3,0.0,confounded,logger1_heavy,0,per_source_models,0.18122977346278318,0.18122977346278318,0.7831715210355987,0.05501618122977346,0.16181229773462782,0.8284789644012945,0.0744336569579288,0.0970873786407767,
0.3,0.0,confounded,logger1_heavy,0,mechanism_separated,0.22006472491909385,0.22006472491909385,0.7313915857605178,0.08737864077669903,0.18122977346278318,0.8284789644012945,0.0744336569579288,0.0970873786407767,
0.3,0.0,confounded,logger1_heavy,0,oracle_u_aware,0.2297734627831715,0.2297734627831715,0.7508090614886731,0.04854368932038835,0.20064724919093851,0.8284789644012945,0.0744336569579288,0.0970873786407767,
0.3,0.0,confounded,logger1_heavy,0,source_shuffle,0.20388349514563106,0.20388349514563106,0.7766990291262136,0.0744336569579288,0.1488673139158576,0.8284789644012945,0.0744336569579288,0.0970873786407767,
0.3,0.0,confounded,logger1_heavy,0,no_behavior,0.20711974110032363,0.20711974110032363,0.7378640776699029,0.08090614886731391,0.18122977346278318,0.8284789644012945,0.0744336569579288,0.0970873786407767,
0.3,0.0,confounded,logger1_heavy,0,source_dependent_reward,0.19741100323624594,0.19741100323624594,0.7669902912621359,0.061488673139158574,0.1715210355987055,0.8284789644012945,0.0744336569579288,0.0970873786407767,
0.3,0.0,confounded,logger1_heavy,1,pooled_mlp,0.18122977346278318,0.18122977346278318,0.7605177993527508,0.07119741100323625,0.16828478964401294,0.8284789644012945,0.0744336569579288,0.0970873786407767,
0.3,0.0,confounded,logger1_heavy,1,source_balanced_pooled_mlp,0.19741100323624594,0.19741100323624594,0.7249190938511327,0.09385113268608414,0.18122977346278318,0.8284789644012945,0.0744336569579288,0.0970873786407767,
0.3,0.0,confounded,logger1_heavy,1,source_conditioned_decoder,0.2297734627831715,0.2297734627831715,0.7249190938511327,0.061488673139158574,0.21359223300970873,0.8284789644012945,0.0744336569579288,0.0970873786407767,
0.3,0.0,confounded,logger1_heavy,1,per_source_models,0.1423948220064725,0.1423948220064725,0.8090614886731392,0.038834951456310676,0.15210355987055016,0.8284789644012945,0.0744336569579288,0.0970873786407767,
0.3,0.0,confounded,logger1_heavy,1,mechanism_separated,0.2168284789644013,0.21359223300970873,0.7411003236245954,0.0970873786407767,0.1650485436893204,0.8284789644012945,0.0744336569579288,0.0970873786407767,
0.3,0.0,confounded,logger1_heavy,1,oracle_u_aware,0.3268608414239482,0.3268608414239482,0.6245954692556634,0.11650485436893204,0.2588996763754045,0.8284789644012945,0.0744336569579288,0.0970873786407767,
0.3,0.0,confounded,logger1_heavy,1,source_shuffle,0.22006472491909385,0.22006472491909385,0.7475728155339806,0.08090614886731391,0.1715210355987055,0.8284789644012945,0.0744336569579288,0.0970873786407767,
0.3,0.0,confounded,logger1_heavy,1,no_behavior,0.21035598705501618,0.21035598705501618,0.7411003236245954,0.06472491909385113,0.1941747572815534,0.8284789644012945,0.0744336569579288,0.0970873786407767,
0.3,0.0,confounded,logger1_heavy,1,source_dependent_reward,0.18770226537216828,0.18770226537216828,0.7864077669902912,0.045307443365695796,0.16828478964401294,0.8284789644012945,0.0744336569579288,0.0970873786407767,
0.3,0.0,confounded,logger1_heavy,2,pooled_mlp,0.21035598705501618,0.21035598705501618,0.7475728155339806,0.08090614886731391,0.1715210355987055,0.8284789644012945,0.0744336569579288,0.0970873786407767,
0.3,0.0,confounded,logger1_heavy,2,source_balanced_pooled_mlp,0.18446601941747573,0.18446601941747573,0.7766990291262136,0.06796116504854369,0.1553398058252427,0.8284789644012945,0.0744336569579288,0.0970873786407767,
0.3,0.0,confounded,logger1_heavy,2,source_conditioned_decoder,0.20711974110032363,0.20711974110032363,0.7411003236245954,0.06796116504854369,0.19093851132686085,0.8284789644012945,0.0744336569579288,0.0970873786407767,
0.3,0.0,confounded,logger1_heavy,2,per_source_models,0.1941747572815534,0.1941747572815534,0.7766990291262136,0.045307443365695796,0.1779935275080906,0.8284789644012945,0.0744336569579288,0.0970873786407767,
0.3,0.0,confounded,logger1_heavy,2,mechanism_separated,0.20711974110032363,0.20711974110032363,0.7346278317152104,0.07119741100323625,0.1941747572815534,0.8284789644012945,0.0744336569579288,0.0970873786407767,
0.3,0.0,confounded,logger1_heavy,2,oracle_u_aware,0.3106796116504854,0.3106796116504854,0.6245954692556634,0.10032362459546926,0.2750809061488673,0.8284789644012945,0.0744336569579288,0.0970873786407767,
0.3,0.0,confounded,logger1_heavy,2,source_shuffle,0.2168284789644013,0.2168284789644013,0.7378640776699029,0.07766990291262135,0.18446601941747573,0.8284789644012945,0.0744336569579288,0.0970873786407767,
0.3,0.0,confounded,logger1_heavy,2,no_behavior,0.22006472491909385,0.22006472491909385,0.7249190938511327,0.07766990291262135,0.19741100323624594,0.8284789644012945,0.0744336569579288,0.0970873786407767,
0.3,0.0,confounded,logger1_heavy,2,source_dependent_reward,0.21359223300970873,0.21359223300970873,0.7346278317152104,0.07766990291262135,0.18770226537216828,0.8284789644012945,0.0744336569579288,0.0970873786407767,
0.3,0.0,confounded,logger1_heavy,3,pooled_mlp,0.20711974110032363,0.20711974110032363,0.7508090614886731,0.05501618122977346,0.1941747572815534,0.8284789644012945,0.0744336569579288,0.0970873786407767,
0.3,0.0,confounded,logger1_heavy,3,source_balanced_pooled_mlp,0.20711974110032363,0.20711974110032363,0.7605177993527508,0.05501618122977346,0.18446601941747573,0.8284789644012945,0.0744336569579288,0.0970873786407767,
0.3,0.0,confounded,logger1_heavy,3,source_conditioned_decoder,0.20711974110032363,0.20711974110032363,0.7572815533980582,0.07119741100323625,0.1715210355987055,0.8284789644012945,0.0744336569579288,0.0970873786407767,
0.3,0.0,confounded,logger1_heavy,3,per_source_models,0.2459546925566343,0.2459546925566343,0.7119741100323624,0.07766990291262135,0.21035598705501618,0.8284789644012945,0.0744336569579288,0.0970873786407767,
0.3,0.0,confounded,logger1_heavy,3,mechanism_separated,0.21035598705501618,0.21035598705501618,0.7702265372168284,0.06472491909385113,0.1650485436893204,0.8284789644012945,0.0744336569579288,0.0970873786407767,
0.3,0.0,confounded,logger1_heavy,3,oracle_u_aware,0.23300970873786409,0.23300970873786409,0.7346278317152104,0.04854368932038835,0.2168284789644013,0.8284789644012945,0.0744336569579288,0.0970873786407767,
0.3,0.0,confounded,logger1_heavy,3,source_shuffle,0.1650485436893204,0.1650485436893204,0.8155339805825242,0.05501618122977346,0.12944983818770225,0.8284789644012945,0.0744336569579288,0.0970873786407767,
0.3,0.0,confounded,logger1_heavy,3,no_behavior,0.1553398058252427,0.1553398058252427,0.8090614886731392,0.02912621359223301,0.16181229773462782,0.8284789644012945,0.0744336569579288,0.0970873786407767,
0.3,0.0,confounded,logger1_heavy,3,source_dependent_reward,0.1941747572815534,0.1941747572815534,0.7896440129449838,0.05501618122977346,0.1553398058252427,0.8284789644012945,0.0744336569579288,0.0970873786407767,
0.3,0.0,confounded,logger1_heavy,4,pooled_mlp,0.21359223300970873,0.21359223300970873,0.7540453074433657,0.06796116504854369,0.1779935275080906,0.8284789644012945,0.0744336569579288,0.0970873786407767,
0.3,0.0,confounded,logger1_heavy,4,source_balanced_pooled_mlp,0.23624595469255663,0.23624595469255663,0.7313915857605178,0.06796116504854369,0.20064724919093851,0.8284789644012945,0.0744336569579288,0.0970873786407767,
0.3,0.0,confounded,logger1_heavy,4,source_conditioned_decoder,0.23300970873786409,0.23300970873786409,0.7313915857605178,0.08414239482200647,0.18446601941747573,0.8284789644012945,0.0744336569579288,0.0970873786407767,
0.3,0.0,confounded,logger1_heavy,4,per_source_models,0.22006472491909385,0.22006472491909385,0.7508090614886731,0.045307443365695796,0.20388349514563106,0.8284789644012945,0.0744336569579288,0.0970873786407767,
0.3,0.0,confounded,logger1_heavy,4,mechanism_separated,0.19741100323624594,0.19741100323624594,0.7605177993527508,0.05501618122977346,0.18446601941747573,0.8284789644012945,0.0744336569579288,0.0970873786407767,
0.3,0.0,confounded,logger1_heavy,4,oracle_u_aware,0.3365695792880259,0.3365695792880259,0.6537216828478964,0.06796116504854369,0.2783171521035599,0.8284789644012945,0.0744336569579288,0.0970873786407767,
0.3,0.0,confounded,logger1_heavy,4,source_shuffle,0.20711974110032363,0.20711974110032363,0.7508090614886731,0.04854368932038835,0.20064724919093851,0.8284789644012945,0.0744336569579288,0.0970873786407767,
0.3,0.0,confounded,logger1_heavy,4,no_behavior,0.19093851132686085,0.19093851132686085,0.7572815533980582,0.05177993527508091,0.19093851132686085,0.8284789644012945,0.0744336569579288,0.0970873786407767,
0.3,0.0,confounded,logger1_heavy,4,source_dependent_reward,0.19741100323624594,0.19741100323624594,0.7443365695792881,0.061488673139158574,0.1941747572815534,0.8284789644012945,0.0744336569579288,0.0970873786407767,
0.3,0.0,confounded,logger12_balanced,0,pooled_mlp,0.26537216828478966,0.26537216828478966,0.7055016181229773,0.11003236245954692,0.18446601941747573,0.8284789644012945,0.0744336569579288,0.0970873786407767,0.0
0.3,0.0,confounded,logger12_balanced,0,source_balanced_pooled_mlp,0.26537216828478966,0.26537216828478966,0.7055016181229773,0.11003236245954692,0.18446601941747573,0.8284789644012945,0.0744336569579288,0.0970873786407767,0.0
0.3,0.0,confounded,logger12_balanced,0,source_conditioned_decoder,0.19093851132686085,0.19093851132686085,0.7928802588996764,0.038834951456310676,0.16828478964401294,0.8284789644012945,0.0744336569579288,0.0970873786407767,0.0
0.3,0.0,confounded,logger12_balanced,0,per_source_models,0.20388349514563106,0.20388349514563106,0.7766990291262136,0.025889967637540454,0.19741100323624594,0.8284789644012945,0.0744336569579288,0.0970873786407767,0.0
0.3,0.0,confounded,logger12_balanced,0,mechanism_separated,0.20711974110032363,0.20711974110032363,0.7508090614886731,0.0744336569579288,0.17475728155339806,0.8284789644012945,0.0744336569579288,0.0970873786407767,0.0
0.3,0.0,confounded,logger12_balanced,0,oracle_u_aware,0.2621359223300971,0.2621359223300971,0.7022653721682848,0.09385113268608414,0.20388349514563106,0.8284789644012945,0.0744336569579288,0.0970873786407767,0.0
0.3,0.0,confounded,logger12_balanced,0,source_shuffle,0.21359223300970873,0.21359223300970873,0.7508090614886731,0.08414239482200647,0.1650485436893204,0.8284789644012945,0.0744336569579288,0.0970873786407767,0.0
0.3,0.0,confounded,logger12_balanced,0,no_behavior,0.1715210355987055,0.1715210355987055,0.7799352750809061,0.05825242718446602,0.16181229773462782,0.8284789644012945,0.0744336569579288,0.0970873786407767,0.0
0.3,0.0,confounded,logger12_balanced,0,source_dependent_reward,0.20064724919093851,0.20064724919093851,0.7411003236245954,0.05501618122977346,0.20388349514563106,0.8284789644012945,0.0744336569579288,0.0970873786407767,0.0
0.3,0.0,confounded,logger12_balanced,1,pooled_mlp,0.19741100323624594,0.19741100323624594,0.7249190938511327,0.09385113268608414,0.18122977346278318,0.8284789644012945,0.0744336569579288,0.0970873786407767,0.0
0.3,0.0,confounded,logger12_balanced,1,source_balanced_pooled_mlp,0.19741100323624594,0.19741100323624594,0.7249190938511327,0.09385113268608414,0.18122977346278318,0.8284789644012945,0.0744336569579288,0.0970873786407767,0.0
0.3,0.0,confounded,logger12_balanced,1,source_conditioned_decoder,0.18122977346278318,0.18122977346278318,0.7864077669902912,0.061488673139158574,0.15210355987055016,0.8284789644012945,0.0744336569579288,0.0970873786407767,0.0
0.3,0.0,confounded,logger12_balanced,1,per_source_models,0.18770226537216828,0.18770226537216828,0.7540453074433657,0.06472491909385113,0.18122977346278318,0.8284789644012945,0.0744336569579288,0.0970873786407767,0.0
0.3,0.0,confounded,logger12_balanced,1,mechanism_separated,0.22653721682847897,0.22653721682847897,0.7184466019417476,0.09061488673139159,0.19093851132686085,0.8284789644012945,0.0744336569579288,0.0970873786407767,0.0
0.3,0.0,confounded,logger12_balanced,1,oracle_u_aware,0.31715210355987056,0.31715210355987056,0.6084142394822006,0.12944983818770225,0.2621359223300971,0.8284789644012945,0.0744336569579288,0.0970873786407767,0.0
0.3,0.0,confounded,logger12_balanced,1,source_shuffle,0.20064724919093851,0.20064724919093851,0.7605177993527508,0.07766990291262135,0.16181229773462782,0.8284789644012945,0.0744336569579288,0.0970873786407767,0.0
0.3,0.0,confounded,logger12_balanced,1,no_behavior,0.21035598705501618,0.21035598705501618,0.7346278317152104,0.10032362459546926,0.1650485436893204,0.8284789644012945,0.0744336569579288,0.0970873786407767,0.0
0.3,0.0,confounded,logger12_balanced,1,source_dependent_reward,0.12944983818770225,0.12944983818770225,0.8414239482200647,0.03559870550161812,0.12297734627831715,0.8284789644012945,0.0744336569579288,0.0970873786407767,0.0
0.3,0.0,confounded,logger12_balanced,2,pooled_mlp,0.18446601941747573,0.18446601941747573,0.7766990291262136,0.06796116504854369,0.1553398058252427,0.8284789644012945,0.0744336569579288,0.0970873786407767,0.0
0.3,0.0,confounded,logger12_balanced,2,source_balanced_pooled_mlp,0.18446601941747573,0.18446601941747573,0.7766990291262136,0.06796116504854369,0.1553398058252427,0.8284789644012945,0.0744336569579288,0.0970873786407767,0.0
0.3,0.0,confounded,logger12_balanced,2,source_conditioned_decoder,0.20064724919093851,0.20064724919093851,0.7605177993527508,0.04854368932038835,0.19093851132686085,0.8284789644012945,0.0744336569579288,0.0970873786407767,0.0
0.3,0.0,confounded,logger12_balanced,2,per_source_models,0.2168284789644013,0.2168284789644013,0.7508090614886731,0.06796116504854369,0.18122977346278318,0.8284789644012945,0.0744336569579288,0.0970873786407767,0.0
0.3,0.0,confounded,logger12_balanced,2,mechanism_separated,0.19741100323624594,0.19741100323624594,0.7605177993527508,0.061488673139158574,0.1779935275080906,0.8284789644012945,0.0744336569579288,0.0970873786407767,0.0
0.3,0.0,confounded,logger12_balanced,2,oracle_u_aware,0.255663430420712,0.255663430420712,0.7022653721682848,0.07766990291262135,0.22006472491909385,0.8284789644012945,0.0744336569579288,0.0970873786407767,0.0
0.3,0.0,confounded,logger12_balanced,2,source_shuffle,0.18770226537216828,0.18770226537216828,0.7637540453074434,0.0744336569579288,0.16181229773462782,0.8284789644012945,0.0744336569579288,0.0970873786407767,0.0
0.3,0.0,confounded,logger12_balanced,2,no_behavior,0.2168284789644013,0.2168284789644013,0.7411003236245954,0.06796116504854369,0.19093851132686085,0.8284789644012945,0.0744336569579288,0.0970873786407767,0.0
0.3,0.0,confounded,logger12_balanced,2,source_dependent_reward,0.15210355987055016,0.15210355987055016,0.7961165048543689,0.05501618122977346,0.1488673139158576,0.8284789644012945,0.0744336569579288,0.0970873786407767,0.0
0.3,0.0,confounded,logger12_balanced,3,pooled_mlp,0.20711974110032363,0.20711974110032363,0.7605177993527508,0.05501618122977346,0.18446601941747573,0.8284789644012945,0.0744336569579288,0.0970873786407767,0.0
0.3,0.0,confounded,logger12_balanced,3,source_balanced_pooled_mlp,0.20711974110032363,0.20711974110032363,0.7605177993527508,0.05501618122977346,0.18446601941747573,0.8284789644012945,0.0744336569579288,0.0970873786407767,0.0
0.3,0.0,confounded,logger12_balanced,3,source_conditioned_decoder,0.20064724919093851,0.20064724919093851,0.7766990291262136,0.04854368932038835,0.17475728155339806,0.8284789644012945,0.0744336569579288,0.0970873786407767,0.0
0.3,0.0,confounded,logger12_balanced,3,per_source_models,0.1779935275080906,0.1779935275080906,0.7928802588996764,0.05177993527508091,0.1553398058252427,0.8284789644012945,0.0744336569579288,0.0970873786407767,0.0
0.3,0.0,confounded,logger12_balanced,3,mechanism_separated,0.20064724919093851,0.20064724919093851,0.7540453074433657,0.05177993527508091,0.1941747572815534,0.8284789644012945,0.0744336569579288,0.0970873786407767,0.0
0.3,0.0,confounded,logger12_balanced,3,oracle_u_aware,0.2459546925566343,0.24271844660194175,0.7249190938511327,0.04854368932038835,0.2297734627831715,0.8284789644012945,0.0744336569579288,0.0970873786407767,0.0
0.3,0.0,confounded,logger12_balanced,3,source_shuffle,0.19741100323624594,0.19741100323624594,0.7702265372168284,0.04854368932038835,0.18122977346278318,0.8284789644012945,0.0744336569579288,0.0970873786407767,0.0
0.3,0.0,confounded,logger12_balanced,3,no_behavior,0.1779935275080906,0.1779935275080906,0.7864077669902912,0.05177993527508091,0.16181229773462782,0.8284789644012945,0.0744336569579288,0.0970873786407767,0.0
0.3,0.0,confounded,logger12_balanced,3,source_dependent_reward,0.17475728155339806,0.17475728155339806,0.7993527508090615,0.045307443365695796,0.1553398058252427,0.8284789644012945,0.0744336569579288,0.0970873786407767,0.0
0.3,0.0,confounded,logger12_balanced,4,pooled_mlp,0.23624595469255663,0.23624595469255663,0.7313915857605178,0.06796116504854369,0.20064724919093851,0.8284789644012945,0.0744336569579288,0.0970873786407767,0.0
0.3,0.0,confounded,logger12_balanced,4,source_balanced_pooled_mlp,0.23624595469255663,0.23624595469255663,0.7313915857605178,0.06796116504854369,0.20064724919093851,0.8284789644012945,0.0744336569579288,0.0970873786407767,0.0
0.3,0.0,confounded,logger12_balanced,4,source_conditioned_decoder,0.19093851132686085,0.19093851132686085,0.7864077669902912,0.05501618122977346,0.15857605177993528,0.8284789644012945,0.0744336569579288,0.0970873786407767,0.0
0.3,0.0,confounded,logger12_balanced,4,per_source_models,0.20064724919093851,0.20064724919093851,0.7605177993527508,0.05177993527508091,0.18770226537216828,0.8284789644012945,0.0744336569579288,0.0970873786407767,0.0
0.3,0.0,confounded,logger12_balanced,4,mechanism_separated,0.23624595469255663,0.23624595469255663,0.7152103559870551,0.09061488673139159,0.1941747572815534,0.8284789644012945,0.0744336569579288,0.0970873786407767,0.0
0.3,0.0,confounded,logger12_balanced,4,oracle_u_aware,0.2815533980582524,0.2815533980582524,0.6601941747572816,0.08414239482200647,0.255663430420712,0.8284789644012945,0.0744336569579288,0.0970873786407767,0.0
0.3,0.0,confounded,logger12_balanced,4,source_shuffle,0.22330097087378642,0.22330097087378642,0.7281553398058253,0.06472491909385113,0.20711974110032363,0.8284789644012945,0.0744336569579288,0.0970873786407767,0.0
0.3,0.0,confounded,logger12_balanced,4,no_behavior,0.20711974110032363,0.20711974110032363,0.7475728155339806,0.08737864077669903,0.1650485436893204,0.8284789644012945,0.0744336569579288,0.0970873786407767,0.0
0.3,0.0,confounded,logger12_balanced,4,source_dependent_reward,0.17475728155339806,0.17475728155339806,0.7896440129449838,0.038834951456310676,0.1715210355987055,0.8284789644012945,0.0744336569579288,0.0970873786407767,0.0
0.3,0.0,confounded,logger2_heavy,0,pooled_mlp,0.23624595469255663,0.23624595469255663,0.7216828478964401,0.11003236245954692,0.16828478964401294,0.8284789644012945,0.0744336569579288,0.0970873786407767,
0.3,0.0,confounded,logger2_heavy,0,source_balanced_pooled_mlp,0.26537216828478966,0.26537216828478966,0.7055016181229773,0.11003236245954692,0.18446601941747573,0.8284789644012945,0.0744336569579288,0.0970873786407767,
0.3,0.0,confounded,logger2_heavy,0,source_conditioned_decoder,0.20388349514563106,0.20388349514563106,0.7734627831715211,0.038834951456310676,0.18770226537216828,0.8284789644012945,0.0744336569579288,0.0970873786407767,
0.3,0.0,confounded,logger2_heavy,0,per_source_models,0.22330097087378642,0.22330097087378642,0.7119741100323624,0.061488673139158574,0.22653721682847897,0.8284789644012945,0.0744336569579288,0.0970873786407767,
0.3,0.0,confounded,logger2_heavy,0,mechanism_separated,0.19741100323624594,0.19741100323624594,0.7669902912621359,0.061488673139158574,0.1715210355987055,0.8284789644012945,0.0744336569579288,0.0970873786407767,
0.3,0.0,confounded,logger2_heavy,0,oracle_u_aware,0.22330097087378642,0.22330097087378642,0.7313915857605178,0.09385113268608414,0.17475728155339806,0.8284789644012945,0.0744336569579288,0.0970873786407767,
0.3,0.0,confounded,logger2_heavy,0,source_shuffle,0.24271844660194175,0.24271844660194175,0.7281553398058253,0.08414239482200647,0.18770226537216828,0.8284789644012945,0.0744336569579288,0.0970873786407767,
0.3,0.0,confounded,logger2_heavy,0,no_behavior,0.18770226537216828,0.18770226537216828,0.7799352750809061,0.045307443365695796,0.17475728155339806,0.8284789644012945,0.0744336569579288,0.0970873786407767,
0.3,0.0,confounded,logger2_heavy,0,source_dependent_reward,0.19093851132686085,0.19093851132686085,0.7799352750809061,0.06796116504854369,0.15210355987055016,0.8284789644012945,0.0744336569579288,0.0970873786407767,
0.3,0.0,confounded,logger2_heavy,1,pooled_mlp,0.1715210355987055,0.1715210355987055,0.7766990291262136,0.061488673139158574,0.16181229773462782,0.8284789644012945,0.0744336569579288,0.0970873786407767,
0.3,0.0,confounded,logger2_heavy,1,source_balanced_pooled_mlp,0.19741100323624594,0.19741100323624594,0.7249190938511327,0.09385113268608414,0.18122977346278318,0.8284789644012945,0.0744336569579288,0.0970873786407767,
0.3,0.0,confounded,logger2_heavy,1,source_conditioned_decoder,0.18446601941747573,0.18446601941747573,0.7799352750809061,0.05177993527508091,0.16828478964401294,0.8284789644012945,0.0744336569579288,0.0970873786407767,
0.3,0.0,confounded,logger2_heavy,1,per_source_models,0.15857605177993528,0.15857605177993528,0.7864077669902912,0.05825242718446602,0.1553398058252427,0.8284789644012945,0.0744336569579288,0.0970873786407767,
0.3,0.0,confounded,logger2_heavy,1,mechanism_separated,0.21359223300970873,0.21359223300970873,0.7572815533980582,0.08414239482200647,0.15857605177993528,0.8284789644012945,0.0744336569579288,0.0970873786407767,
0.3,0.0,confounded,logger2_heavy,1,oracle_u_aware,0.27184466019417475,0.27184466019417475,0.6731391585760518,0.09061488673139159,0.23624595469255663,0.8284789644012945,0.0744336569579288,0.0970873786407767,
0.3,0.0,confounded,logger2_heavy,1,source_shuffle,0.1941747572815534,0.1941747572815534,0.7605177993527508,0.07119741100323625,0.16828478964401294,0.8284789644012945,0.0744336569579288,0.0970873786407767,
0.3,0.0,confounded,logger2_heavy,1,no_behavior,0.1941747572815534,0.1941747572815534,0.7702265372168284,0.06472491909385113,0.1650485436893204,0.8284789644012945,0.0744336569579288,0.0970873786407767,
0.3,0.0,confounded,logger2_heavy,1,source_dependent_reward,0.18122977346278318,0.18122977346278318,0.7831715210355987,0.05501618122977346,0.16181229773462782,0.8284789644012945,0.0744336569579288,0.0970873786407767,
0.3,0.0,confounded,logger2_heavy,2,pooled_mlp,0.19741100323624594,0.19741100323624594,0.7572815533980582,0.07766990291262135,0.1650485436893204,0.8284789644012945,0.0744336569579288,0.0970873786407767,
0.3,0.0,confounded,logger2_heavy,2,source_balanced_pooled_mlp,0.18446601941747573,0.18446601941747573,0.7766990291262136,0.06796116504854369,0.1553398058252427,0.8284789644012945,0.0744336569579288,0.0970873786407767,
0.3,0.0,confounded,logger2_heavy,2,source_conditioned_decoder,0.18446601941747573,0.18446601941747573,0.7605177993527508,0.061488673139158574,0.1779935275080906,0.8284789644012945,0.0744336569579288,0.0970873786407767,
0.3,0.0,confounded,logger2_heavy,2,per_source_models,0.2168284789644013,0.2168284789644013,0.7443365695792881,0.061488673139158574,0.1941747572815534,0.8284789644012945,0.0744336569579288,0.0970873786407767,
0.3,0.0,confounded,logger2_heavy,2,mechanism_separated,0.2168284789644013,0.21359223300970873,0.7378640776699029,0.08737864077669903,0.1779935275080906,0.8284789644012945,0.0744336569579288,0.0970873786407767,
0.3,0.0,confounded,logger2_heavy,2,oracle_u_aware,0.2588996763754045,0.2588996763754045,0.6957928802588996,0.07119741100323625,0.23300970873786409,0.8284789644012945,0.0744336569579288,0.0970873786407767,
0.3,0.0,confounded,logger2_heavy,2,source_shuffle,0.21359223300970873,0.21359223300970873,0.7411003236245954,0.0744336569579288,0.18446601941747573,0.8284789644012945,0.0744336569579288,0.0970873786407767,
0.3,0.0,confounded,logger2_heavy,2,no_behavior,0.1650485436893204,0.1650485436893204,0.7799352750809061,0.05825242718446602,0.16181229773462782,0.8284789644012945,0.0744336569579288,0.0970873786407767,
0.3,0.0,confounded,logger2_heavy,2,source_dependent_reward,0.21035598705501618,0.21035598705501618,0.7443365695792881,0.07119741100323625,0.18446601941747573,0.8284789644012945,0.0744336569579288,0.0970873786407767,
0.3,0.0,confounded,logger2_heavy,3,pooled_mlp,0.22653721682847897,0.22653721682847897,0.7378640776699029,0.07766990291262135,0.18446601941747573,0.8284789644012945,0.0744336569579288,0.0970873786407767,
0.3,0.0,confounded,logger2_heavy,3,source_balanced_pooled_mlp,0.20711974110032363,0.20711974110032363,0.7605177993527508,0.05501618122977346,0.18446601941747573,0.8284789644012945,0.0744336569579288,0.0970873786407767,
0.3,0.0,confounded,logger2_heavy,3,source_conditioned_decoder,0.21359223300970873,0.21359223300970873,0.7443365695792881,0.06472491909385113,0.19093851132686085,0.8284789644012945,0.0744336569579288,0.0970873786407767,
0.3,0.0,confounded,logger2_heavy,3,per_source_models,0.1715210355987055,0.1715210355987055,0.7993527508090615,0.05825242718446602,0.1423948220064725,0.8284789644012945,0.0744336569579288,0.0970873786407767,
0.3,0.0,confounded,logger2_heavy,3,mechanism_separated,0.18770226537216828,0.18770226537216828,0.7605177993527508,0.06796116504854369,0.1715210355987055,0.8284789644012945,0.0744336569579288,0.0970873786407767,
0.3,0.0,confounded,logger2_heavy,3,oracle_u_aware,0.2912621359223301,0.2912621359223301,0.6440129449838188,0.08414239482200647,0.27184466019417475,0.8284789644012945,0.0744336569579288,0.0970873786407767,
0.3,0.0,confounded,logger2_heavy,3,source_shuffle,0.20711974110032363,0.20711974110032363,0.7605177993527508,0.05501618122977346,0.18446601941747573,0.8284789644012945,0.0744336569579288,0.0970873786407767,
0.3,0.0,confounded,logger2_heavy,3,no_behavior,0.17475728155339806,0.17475728155339806,0.7831715210355987,0.04854368932038835,0.16828478964401294,0.8284789644012945,0.0744336569579288,0.0970873786407767,
0.3,0.0,confounded,logger2_heavy,3,source_dependent_reward,0.17475728155339806,0.17475728155339806,0.7961165048543689,0.05501618122977346,0.1488673139158576,0.8284789644012945,0.0744336569579288,0.0970873786407767,
0.3,0.0,confounded,logger2_heavy,4,pooled_mlp,0.2459546925566343,0.2459546925566343,0.7249190938511327,0.0744336569579288,0.20064724919093851,0.8284789644012945,0.0744336569579288,0.0970873786407767,
0.3,0.0,confounded,logger2_heavy,4,source_balanced_pooled_mlp,0.23624595469255663,0.23624595469255663,0.7313915857605178,0.06796116504854369,0.20064724919093851,0.8284789644012945,0.0744336569579288,0.0970873786407767,
0.3,0.0,confounded,logger2_heavy,4,source_conditioned_decoder,0.19741100323624594,0.19741100323624594,0.7799352750809061,0.045307443365695796,0.17475728155339806,0.8284789644012945,0.0744336569579288,0.0970873786407767,
0.3,0.0,confounded,logger2_heavy,4,per_source_models,0.20064724919093851,0.20064724919093851,0.7637540453074434,0.04854368932038835,0.18770226537216828,0.8284789644012945,0.0744336569579288,0.0970873786407767,
0.3,0.0,confounded,logger2_heavy,4,mechanism_separated,0.21035598705501618,0.21035598705501618,0.7411003236245954,0.06796116504854369,0.19093851132686085,0.8284789644012945,0.0744336569579288,0.0970873786407767,
0.3,0.0,confounded,logger2_heavy,4,oracle_u_aware,0.29449838187702265,0.29449838187702265,0.6731391585760518,0.07119741100323625,0.255663430420712,0.8284789644012945,0.0744336569579288,0.0970873786407767,
0.3,0.0,confounded,logger2_heavy,4,source_shuffle,0.27184466019417475,0.27184466019417475,0.686084142394822,0.09385113268608414,0.22006472491909385,0.8284789644012945,0.0744336569579288,0.0970873786407767,
0.3,0.0,confounded,logger2_heavy,4,no_behavior,0.23624595469255663,0.23624595469255663,0.6925566343042071,0.08737864077669903,0.22006472491909385,0.8284789644012945,0.0744336569579288,0.0970873786407767,
0.3,0.0,confounded,logger2_heavy,4,source_dependent_reward,0.23624595469255663,0.23624595469255663,0.7281553398058253,0.05177993527508091,0.22006472491909385,0.8284789644012945,0.0744336569579288,0.0970873786407767,
0.3,0.0,independent_latents,logger1_heavy,0,pooled_mlp,0.3074433656957929,0.3074433656957929,0.6504854368932039,0.12297734627831715,0.22653721682847897,0.8284789644012945,0.0744336569579288,0.0970873786407767,
0.3,0.0,independent_latents,logger1_heavy,0,source_balanced_pooled_mlp,0.29449838187702265,0.29449838187702265,0.6601941747572816,0.11650485436893204,0.22330097087378642,0.8284789644012945,0.0744336569579288,0.0970873786407767,
0.3,0.0,independent_latents,logger1_heavy,0,source_conditioned_decoder,0.27184466019417475,0.27184466019417475,0.6828478964401294,0.07766990291262135,0.23948220064724918,0.8284789644012945,0.0744336569579288,0.0970873786407767,
0.3,0.0,independent_latents,logger1_heavy,0,per_source_models,0.255663430420712,0.255663430420712,0.6990291262135923,0.10355987055016182,0.19741100323624594,0.8284789644012945,0.0744336569579288,0.0970873786407767,
0.3,0.0,independent_latents,logger1_heavy,0,mechanism_separated,0.32038834951456313,0.32038834951456313,0.6245954692556634,0.12944983818770225,0.2459546925566343,0.8284789644012945,0.0744336569579288,0.0970873786407767,
0.3,0.0,independent_latents,logger1_heavy,0,oracle_u_aware,0.21035598705501618,0.21035598705501618,0.7734627831715211,0.038834951456310676,0.18770226537216828,0.8284789644012945,0.0744336569579288,0.0970873786407767,
0.3,0.0,independent_latents,logger1_heavy,0,source_shuffle,0.2815533980582524,0.2815533980582524,0.6634304207119741,0.09061488673139159,0.2459546925566343,0.8284789644012945,0.0744336569579288,0.0970873786407767,
0.3,0.0,independent_latents,logger1_heavy,0,no_behavior,0.2621359223300971,0.2621359223300971,0.6893203883495146,0.06796116504854369,0.24271844660194175,0.8284789644012945,0.0744336569579288,0.0970873786407767,
0.3,0.0,independent_latents,logger1_heavy,0,source_dependent_reward,0.23300970873786409,0.23300970873786409,0.6957928802588996,0.045307443365695796,0.2588996763754045,0.8284789644012945,0.0744336569579288,0.0970873786407767,
0.3,0.0,independent_latents,logger1_heavy,1,pooled_mlp,0.284789644012945,0.284789644012945,0.6343042071197411,0.08414239482200647,0.2815533980582524,0.8284789644012945,0.0744336569579288,0.0970873786407767,
0.3,0.0,independent_latents,logger1_heavy,1,source_balanced_pooled_mlp,0.23624595469255663,0.23624595469255663,0.7022653721682848,0.10032362459546926,0.19741100323624594,0.8284789644012945,0.0744336569579288,0.0970873786407767,
0.3,0.0,independent_latents,logger1_heavy,1,source_conditioned_decoder,0.2783171521035599,0.2783171521035599,0.686084142394822,0.07119741100323625,0.24271844660194175,0.8284789644012945,0.0744336569579288,0.0970873786407767,
0.3,0.0,independent_latents,logger1_heavy,1,per_source_models,0.2459546925566343,0.2459546925566343,0.6990291262135923,0.06796116504854369,0.23300970873786409,0.8284789644012945,0.0744336569579288,0.0970873786407767,
0.3,0.0,independent_latents,logger1_heavy,1,mechanism_separated,0.29449838187702265,0.29449838187702265,0.6634304207119741,0.08414239482200647,0.2524271844660194,0.8284789644012945,0.0744336569579288,0.0970873786407767,
0.3,0.0,independent_latents,logger1_heavy,1,oracle_u_aware,0.23300970873786409,0.23300970873786409,0.7313915857605178,0.07766990291262135,0.19093851132686085,0.8284789644012945,0.0744336569579288,0.0970873786407767,
0.3,0.0,independent_latents,logger1_heavy,1,source_shuffle,0.2912621359223301,0.2912621359223301,0.6699029126213593,0.07766990291262135,0.2524271844660194,0.8284789644012945,0.0744336569579288,0.0970873786407767,
0.3,0.0,independent_latents,logger1_heavy,1,no_behavior,0.2621359223300971,0.2621359223300971,0.686084142394822,0.06472491909385113,0.24919093851132687,0.8284789644012945,0.0744336569579288,0.0970873786407767,
0.3,0.0,independent_latents,logger1_heavy,1,source_dependent_reward,0.2459546925566343,0.2459546925566343,0.7087378640776699,0.045307443365695796,0.2459546925566343,0.8284789644012945,0.0744336569579288,0.0970873786407767,
0.3,0.0,independent_latents,logger1_heavy,2,pooled_mlp,0.3300970873786408,0.3300970873786408,0.6084142394822006,0.12944983818770225,0.2621359223300971,0.8284789644012945,0.0744336569579288,0.0970873786407767,
0.3,0.0,independent_latents,logger1_heavy,2,source_balanced_pooled_mlp,0.255663430420712,0.255663430420712,0.7184466019417476,0.0744336569579288,0.20711974110032363,0.8284789644012945,0.0744336569579288,0.0970873786407767,
0.3,0.0,independent_latents,logger1_heavy,2,source_conditioned_decoder,0.28802588996763756,0.28802588996763756,0.6634304207119741,0.07766990291262135,0.2588996763754045,0.8284789644012945,0.0744336569579288,0.0970873786407767,
0.3,0.0,independent_latents,logger1_heavy,2,per_source_models,0.2168284789644013,0.2168284789644013,0.7411003236245954,0.07119741100323625,0.18770226537216828,0.8284789644012945,0.0744336569579288,0.0970873786407767,
0.3,0.0,independent_latents,logger1_heavy,2,mechanism_separated,0.343042071197411,0.343042071197411,0.6019417475728155,0.08090614886731391,0.31715210355987056,0.8284789644012945,0.0744336569579288,0.0970873786407767,
0.3,0.0,independent_latents,logger1_heavy,2,oracle_u_aware,0.30097087378640774,0.30097087378640774,0.6407766990291263,0.08090614886731391,0.2783171521035599,0.8284789644012945,0.0744336569579288,0.0970873786407767,
0.3,0.0,independent_latents,logger1_heavy,2,source_shuffle,0.3786407766990291,0.3786407766990291,0.5436893203883495,0.11326860841423948,0.343042071197411,0.8284789644012945,0.0744336569579288,0.0970873786407767,
0.3,0.0,independent_latents,logger1_heavy,2,no_behavior,0.3074433656957929,0.3074433656957929,0.6343042071197411,0.10032362459546926,0.26537216828478966,0.8284789644012945,0.0744336569579288,0.0970873786407767,
0.3,0.0,independent_latents,logger1_heavy,2,source_dependent_reward,0.29449838187702265,0.29449838187702265,0.6472491909385113,0.08090614886731391,0.27184466019417475,0.8284789644012945,0.0744336569579288,0.0970873786407767,
0.3,0.0,independent_latents,logger1_heavy,3,pooled_mlp,0.3042071197411003,0.3042071197411003,0.6472491909385113,0.08090614886731391,0.27184466019417475,0.8284789644012945,0.0744336569579288,0.0970873786407767,
0.3,0.0,independent_latents,logger1_heavy,3,source_balanced_pooled_mlp,0.29449838187702265,0.29449838187702265,0.6601941747572816,0.09385113268608414,0.2459546925566343,0.8284789644012945,0.0744336569579288,0.0970873786407767,
0.3,0.0,independent_latents,logger1_heavy,3,source_conditioned_decoder,0.2524271844660194,0.2524271844660194,0.6990291262135923,0.07119741100323625,0.2297734627831715,0.8284789644012945,0.0744336569579288,0.0970873786407767,
0.3,0.0,independent_latents,logger1_heavy,3,per_source_models,0.29449838187702265,0.29449838187702265,0.6504854368932039,0.0744336569579288,0.2750809061488673,0.8284789644012945,0.0744336569579288,0.0970873786407767,
0.3,0.0,independent_latents,logger1_heavy,3,mechanism_separated,0.26537216828478966,0.26537216828478966,0.6925566343042071,0.06796116504854369,0.23948220064724918,0.8284789644012945,0.0744336569579288,0.0970873786407767,
0.3,0.0,independent_latents,logger1_heavy,3,oracle_u_aware,0.2912621359223301,0.2912621359223301,0.6440129449838188,0.08090614886731391,0.2750809061488673,0.8284789644012945,0.0744336569579288,0.0970873786407767,
0.3,0.0,independent_latents,logger1_heavy,3,source_shuffle,0.29449838187702265,0.29449838187702265,0.6763754045307443,0.06472491909385113,0.2588996763754045,0.8284789644012945,0.0744336569579288,0.0970873786407767,
0.3,0.0,independent_latents,logger1_heavy,3,no_behavior,0.2524271844660194,0.2524271844660194,0.6893203883495146,0.07766990291262135,0.23300970873786409,0.8284789644012945,0.0744336569579288,0.0970873786407767,
0.3,0.0,independent_latents,logger1_heavy,3,source_dependent_reward,0.2524271844660194,0.2524271844660194,0.7152103559870551,0.045307443365695796,0.23948220064724918,0.8284789644012945,0.0744336569579288,0.0970873786407767,
0.3,0.0,independent_latents,logger1_heavy,4,pooled_mlp,0.3042071197411003,0.3042071197411003,0.6601941747572816,0.12297734627831715,0.2168284789644013,0.8284789644012945,0.0744336569579288,0.0970873786407767,
0.3,0.0,independent_latents,logger1_heavy,4,source_balanced_pooled_mlp,0.29449838187702265,0.29449838187702265,0.6601941747572816,0.11326860841423948,0.22653721682847897,0.8284789644012945,0.0744336569579288,0.0970873786407767,
0.3,0.0,independent_latents,logger1_heavy,4,source_conditioned_decoder,0.284789644012945,0.284789644012945,0.6731391585760518,0.07766990291262135,0.24919093851132687,0.8284789644012945,0.0744336569579288,0.0970873786407767,
0.3,0.0,independent_latents,logger1_heavy,4,per_source_models,0.20711974110032363,0.20711974110032363,0.7702265372168284,0.05501618122977346,0.17475728155339806,0.8284789644012945,0.0744336569579288,0.0970873786407767,
0.3,0.0,independent_latents,logger1_heavy,4,mechanism_separated,0.313915857605178,0.313915857605178,0.6472491909385113,0.08090614886731391,0.27184466019417475,0.8284789644012945,0.0744336569579288,0.0970873786407767,
0.3,0.0,independent_latents,logger1_heavy,4,oracle_u_aware,0.284789644012945,0.284789644012945,0.6731391585760518,0.05501618122977346,0.27184466019417475,0.8284789644012945,0.0744336569579288,0.0970873786407767,
0.3,0.0,independent_latents,logger1_heavy,4,source_shuffle,0.30097087378640774,0.30097087378640774,0.6601941747572816,0.09385113268608414,0.2459546925566343,0.8284789644012945,0.0744336569579288,0.0970873786407767,
0.3,0.0,independent_latents,logger1_heavy,4,no_behavior,0.23948220064724918,0.23948220064724918,0.7313915857605178,0.05177993527508091,0.2168284789644013,0.8284789644012945,0.0744336569579288,0.0970873786407767,
0.3,0.0,independent_latents,logger1_heavy,4,source_dependent_reward,0.24919093851132687,0.24919093851132687,0.7216828478964401,0.06796116504854369,0.21035598705501618,0.8284789644012945,0.0744336569579288,0.0970873786407767,
0.3,0.0,independent_latents,logger12_balanced,0,pooled_mlp,0.29449838187702265,0.29449838187702265,0.6601941747572816,0.11650485436893204,0.22330097087378642,0.8284789644012945,0.0744336569579288,0.0970873786407767,
0.3,0.0,independent_latents,logger12_balanced,0,source_balanced_pooled_mlp,0.29449838187702265,0.29449838187702265,0.6601941747572816,0.11650485436893204,0.22330097087378642,0.8284789644012945,0.0744336569579288,0.0970873786407767,
0.3,0.0,independent_latents,logger12_balanced,0,source_conditioned_decoder,0.27184466019417475,0.27184466019417475,0.6634304207119741,0.0970873786407767,0.23948220064724918,0.8284789644012945,0.0744336569579288,0.0970873786407767,
0.3,0.0,independent_latents,logger12_balanced,0,per_source_models,0.2588996763754045,0.2588996763754045,0.7055016181229773,0.07119741100323625,0.22330097087378642,0.8284789644012945,0.0744336569579288,0.0970873786407767,
0.3,0.0,independent_latents,logger12_balanced,0,mechanism_separated,0.24271844660194175,0.24271844660194175,0.6763754045307443,0.11003236245954692,0.21359223300970873,0.8284789644012945,0.0744336569579288,0.0970873786407767,
0.3,0.0,independent_latents,logger12_balanced,0,oracle_u_aware,0.22653721682847897,0.22653721682847897,0.7346278317152104,0.08737864077669903,0.1779935275080906,0.8284789644012945,0.0744336569579288,0.0970873786407767,
0.3,0.0,independent_latents,logger12_balanced,0,source_shuffle,0.2588996763754045,0.255663430420712,0.6990291262135923,0.10355987055016182,0.20064724919093851,0.8284789644012945,0.0744336569579288,0.0970873786407767,
0.3,0.0,independent_latents,logger12_balanced,0,no_behavior,0.23624595469255663,0.23624595469255663,0.7055016181229773,0.08737864077669903,0.20711974110032363,0.8284789644012945,0.0744336569579288,0.0970873786407767,
0.3,0.0,independent_latents,logger12_balanced,0,source_dependent_reward,0.284789644012945,0.284789644012945,0.6440129449838188,0.07766990291262135,0.2783171521035599,0.8284789644012945,0.0744336569579288,0.0970873786407767,
0.3,0.0,independent_latents,logger12_balanced,1,pooled_mlp,0.23624595469255663,0.23624595469255663,0.7022653721682848,0.10032362459546926,0.19741100323624594,0.8284789644012945,0.0744336569579288,0.0970873786407767,
0.3,0.0,independent_latents,logger12_balanced,1,source_balanced_pooled_mlp,0.23624595469255663,0.23624595469255663,0.7022653721682848,0.10032362459546926,0.19741100323624594,0.8284789644012945,0.0744336569579288,0.0970873786407767,
0.3,0.0,independent_latents,logger12_balanced,1,source_conditioned_decoder,0.30097087378640774,0.30097087378640774,0.6440129449838188,0.10679611650485436,0.24919093851132687,0.8284789644012945,0.0744336569579288,0.0970873786407767,
0.3,0.0,independent_latents,logger12_balanced,1,per_source_models,0.22653721682847897,0.22653721682847897,0.7216828478964401,0.061488673139158574,0.2168284789644013,0.8284789644012945,0.0744336569579288,0.0970873786407767,
0.3,0.0,independent_latents,logger12_balanced,1,mechanism_separated,0.28802588996763756,0.28802588996763756,0.6666666666666666,0.08737864077669903,0.2459546925566343,0.8284789644012945,0.0744336569579288,0.0970873786407767,
0.3,0.0,independent_latents,logger12_balanced,1,oracle_u_aware,0.2750809061488673,0.2750809061488673,0.656957928802589,0.0970873786407767,0.24919093851132687,0.8284789644012945,0.0744336569579288,0.0970873786407767,
0.3,0.0,independent_latents,logger12_balanced,1,source_shuffle,0.3074433656957929,0.3074433656957929,0.6375404530744336,0.0970873786407767,0.26537216828478966,0.8284789644012945,0.0744336569579288,0.0970873786407767,
0.3,0.0,independent_latents,logger12_balanced,1,no_behavior,0.30097087378640774,0.30097087378640774,0.6537216828478964,0.08737864077669903,0.2588996763754045,0.8284789644012945,0.0744336569579288,0.0970873786407767,
0.3,0.0,independent_latents,logger12_balanced,1,source_dependent_reward,0.2686084142394822,0.2686084142394822,0.7216828478964401,0.06472491909385113,0.21359223300970873,0.8284789644012945,0.0744336569579288,0.0970873786407767,
0.3,0.0,independent_latents,logger12_balanced,2,pooled_mlp,0.255663430420712,0.255663430420712,0.7184466019417476,0.0744336569579288,0.20711974110032363,0.8284789644012945,0.0744336569579288,0.0970873786407767,
0.3,0.0,independent_latents,logger12_balanced,2,source_balanced_pooled_mlp,0.255663430420712,0.255663430420712,0.7184466019417476,0.0744336569579288,0.20711974110032363,0.8284789644012945,0.0744336569579288,0.0970873786407767,
0.3,0.0,independent_latents,logger12_balanced,2,source_conditioned_decoder,0.2168284789644013,0.2168284789644013,0.7540453074433657,0.06796116504854369,0.1779935275080906,0.8284789644012945,0.0744336569579288,0.0970873786407767,
0.3,0.0,independent_latents,logger12_balanced,2,per_source_models,0.2297734627831715,0.2297734627831715,0.7346278317152104,0.08090614886731391,0.18446601941747573,0.8284789644012945,0.0744336569579288,0.0970873786407767,
0.3,0.0,independent_latents,logger12_balanced,2,mechanism_separated,0.3042071197411003,0.3042071197411003,0.6343042071197411,0.1262135922330097,0.23948220064724918,0.8284789644012945,0.0744336569579288,0.0970873786407767,
0.3,0.0,independent_latents,logger12_balanced,2,oracle_u_aware,0.2168284789644013,0.2168284789644013,0.7411003236245954,0.06472491909385113,0.1941747572815534,0.8284789644012945,0.0744336569579288,0.0970873786407767,
0.3,0.0,independent_latents,logger12_balanced,2,source_shuffle,0.2912621359223301,0.2912621359223301,0.6666666666666666,0.10355987055016182,0.2297734627831715,0.8284789644012945,0.0744336569579288,0.0970873786407767,
0.3,0.0,independent_latents,logger12_balanced,2,no_behavior,0.2686084142394822,0.2686084142394822,0.6699029126213593,0.09385113268608414,0.23624595469255663,0.8284789644012945,0.0744336569579288,0.0970873786407767,
0.3,0.0,independent_latents,logger12_balanced,2,source_dependent_reward,0.22330097087378642,0.22330097087378642,0.7119741100323624,0.06472491909385113,0.22330097087378642,0.8284789644012945,0.0744336569579288,0.0970873786407767,
0.3,0.0,independent_latents,logger12_balanced,3,pooled_mlp,0.29449838187702265,0.29449838187702265,0.6601941747572816,0.09385113268608414,0.2459546925566343,0.8284789644012945,0.0744336569579288,0.0970873786407767,
0.3,0.0,independent_latents,logger12_balanced,3,source_balanced_pooled_mlp,0.29449838187702265,0.29449838187702265,0.6601941747572816,0.09385113268608414,0.2459546925566343,0.8284789644012945,0.0744336569579288,0.0970873786407767,
0.3,0.0,independent_latents,logger12_balanced,3,source_conditioned_decoder,0.27184466019417475,0.27184466019417475,0.6828478964401294,0.05825242718446602,0.2588996763754045,0.8284789644012945,0.0744336569579288,0.0970873786407767,
0.3,0.0,independent_latents,logger12_balanced,3,per_source_models,0.32362459546925565,0.32362459546925565,0.6148867313915858,0.07119741100323625,0.313915857605178,0.8284789644012945,0.0744336569579288,0.0970873786407767,
0.3,0.0,independent_latents,logger12_balanced,3,mechanism_separated,0.3300970873786408,0.3300970873786408,0.6375404530744336,0.10355987055016182,0.2588996763754045,0.8284789644012945,0.0744336569579288,0.0970873786407767,
0.3,0.0,independent_latents,logger12_balanced,3,oracle_u_aware,0.2621359223300971,0.2621359223300971,0.6731391585760518,0.0970873786407767,0.2297734627831715,0.8284789644012945,0.0744336569579288,0.0970873786407767,
0.3,0.0,independent_latents,logger12_balanced,3,source_shuffle,0.3333333333333333,0.3333333333333333,0.6343042071197411,0.10355987055016182,0.2621359223300971,0.8284789644012945,0.0744336569579288,0.0970873786407767,
0.3,0.0,independent_latents,logger12_balanced,3,no_behavior,0.2750809061488673,0.2750809061488673,0.686084142394822,0.09385113268608414,0.22006472491909385,0.8284789644012945,0.0744336569579288,0.0970873786407767,
0.3,0.0,independent_latents,logger12_balanced,3,source_dependent_reward,0.23624595469255663,0.23624595469255663,0.7249190938511327,0.07766990291262135,0.19741100323624594,0.8284789644012945,0.0744336569579288,0.0970873786407767,
0.3,0.0,independent_latents,logger12_balanced,4,pooled_mlp,0.29449838187702265,0.29449838187702265,0.6601941747572816,0.11326860841423948,0.22653721682847897,0.8284789644012945,0.0744336569579288,0.0970873786407767,
0.3,0.0,independent_latents,logger12_balanced,4,source_balanced_pooled_mlp,0.29449838187702265,0.29449838187702265,0.6601941747572816,0.11326860841423948,0.22653721682847897,0.8284789644012945,0.0744336569579288,0.0970873786407767,
0.3,0.0,independent_latents,logger12_balanced,4,source_conditioned_decoder,0.27184466019417475,0.27184466019417475,0.7055016181229773,0.07119741100323625,0.22330097087378642,0.8284789644012945,0.0744336569579288,0.0970873786407767,
0.3,0.0,independent_latents,logger12_balanced,4,per_source_models,0.21035598705501618,0.21035598705501618,0.7896440129449838,0.042071197411003236,0.16828478964401294,0.8284789644012945,0.0744336569579288,0.0970873786407767,
0.3,0.0,independent_latents,logger12_balanced,4,mechanism_separated,0.2815533980582524,0.2815533980582524,0.6699029126213593,0.07766990291262135,0.2524271844660194,0.8284789644012945,0.0744336569579288,0.0970873786407767,
0.3,0.0,independent_latents,logger12_balanced,4,oracle_u_aware,0.22653721682847897,0.22653721682847897,0.7249190938511327,0.05177993527508091,0.22330097087378642,0.8284789644012945,0.0744336569579288,0.0970873786407767,
0.3,0.0,independent_latents,logger12_balanced,4,source_shuffle,0.26537216828478966,0.26537216828478966,0.6796116504854369,0.08414239482200647,0.23624595469255663,0.8284789644012945,0.0744336569579288,0.0970873786407767,
0.3,0.0,independent_latents,logger12_balanced,4,no_behavior,0.2977346278317152,0.2977346278317152,0.656957928802589,0.0744336569579288,0.2686084142394822,0.8284789644012945,0.0744336569579288,0.0970873786407767,
0.3,0.0,independent_latents,logger12_balanced,4,source_dependent_reward,0.22653721682847897,0.22653721682847897,0.7216828478964401,0.06472491909385113,0.21359223300970873,0.8284789644012945,0.0744336569579288,0.0970873786407767,
0.3,0.0,independent_latents,logger2_heavy,0,pooled_mlp,0.23624595469255663,0.23624595469255663,0.7378640776699029,0.0744336569579288,0.18770226537216828,0.8284789644012945,0.0744336569579288,0.0970873786407767,
0.3,0.0,independent_latents,logger2_heavy,0,source_balanced_pooled_mlp,0.29449838187702265,0.29449838187702265,0.6601941747572816,0.11650485436893204,0.22330097087378642,0.8284789644012945,0.0744336569579288,0.0970873786407767,
0.3,0.0,independent_latents,logger2_heavy,0,source_conditioned_decoder,0.2783171521035599,0.2783171521035599,0.7152103559870551,0.08090614886731391,0.20388349514563106,0.8284789644012945,0.0744336569579288,0.0970873786407767,
0.3,0.0,independent_latents,logger2_heavy,0,per_source_models,0.29449838187702265,0.29449838187702265,0.6537216828478964,0.0744336569579288,0.27184466019417475,0.8284789644012945,0.0744336569579288,0.0970873786407767,
0.3,0.0,independent_latents,logger2_heavy,0,mechanism_separated,0.2621359223300971,0.2621359223300971,0.6828478964401294,0.10679611650485436,0.21035598705501618,0.8284789644012945,0.0744336569579288,0.0970873786407767,
0.3,0.0,independent_latents,logger2_heavy,0,oracle_u_aware,0.2297734627831715,0.2297734627831715,0.7540453074433657,0.07766990291262135,0.16828478964401294,0.8284789644012945,0.0744336569579288,0.0970873786407767,
0.3,0.0,independent_latents,logger2_heavy,0,source_shuffle,0.20064724919093851,0.20064724919093851,0.7831715210355987,0.0744336569579288,0.1423948220064725,0.8284789644012945,0.0744336569579288,0.0970873786407767,
0.3,0.0,independent_latents,logger2_heavy,0,no_behavior,0.22653721682847897,0.22653721682847897,0.7249190938511327,0.08414239482200647,0.19093851132686085,0.8284789644012945,0.0744336569579288,0.0970873786407767,
0.3,0.0,independent_latents,logger2_heavy,0,source_dependent_reward,0.26537216828478966,0.26537216828478966,0.7087378640776699,0.08090614886731391,0.21035598705501618,0.8284789644012945,0.0744336569579288,0.0970873786407767,
0.3,0.0,independent_latents,logger2_heavy,1,pooled_mlp,0.23624595469255663,0.23624595469255663,0.6796116504854369,0.10355987055016182,0.2168284789644013,0.8284789644012945,0.0744336569579288,0.0970873786407767,
0.3,0.0,independent_latents,logger2_heavy,1,source_balanced_pooled_mlp,0.23624595469255663,0.23624595469255663,0.7022653721682848,0.10032362459546926,0.19741100323624594,0.8284789644012945,0.0744336569579288,0.0970873786407767,
0.3,0.0,independent_latents,logger2_heavy,1,source_conditioned_decoder,0.255663430420712,0.255663430420712,0.686084142394822,0.05177993527508091,0.2621359223300971,0.8284789644012945,0.0744336569579288,0.0970873786407767,
0.3,0.0,independent_latents,logger2_heavy,1,per_source_models,0.20711974110032363,0.20711974110032363,0.7378640776699029,0.061488673139158574,0.20064724919093851,0.8284789644012945,0.0744336569579288,0.0970873786407767,
0.3,0.0,independent_latents,logger2_heavy,1,mechanism_separated,0.26537216828478966,0.26537216828478966,0.7216828478964401,0.09061488673139159,0.18770226537216828,0.8284789644012945,0.0744336569579288,0.0970873786407767,
0.3,0.0,independent_latents,logger2_heavy,1,oracle_u_aware,0.2912621359223301,0.2912621359223301,0.6634304207119741,0.07766990291262135,0.2588996763754045,0.8284789644012945,0.0744336569579288,0.0970873786407767,
0.3,0.0,independent_latents,logger2_heavy,1,source_shuffle,0.2686084142394822,0.2686084142394822,0.6925566343042071,0.11003236245954692,0.20064724919093851,0.8284789644012945,0.0744336569579288,0.0970873786407767,
0.3,0.0,independent_latents,logger2_heavy,1,no_behavior,0.3042071197411003,0.3042071197411003,0.6763754045307443,0.08414239482200647,0.23948220064724918,0.8284789644012945,0.0744336569579288,0.0970873786407767,
0.3,0.0,independent_latents,logger2_heavy,1,source_dependent_reward,0.1941747572815534,0.1941747572815534,0.7928802588996764,0.04854368932038835,0.15857605177993528,0.8284789644012945,0.0744336569579288,0.0970873786407767,
0.3,0.0,independent_latents,logger2_heavy,2,pooled_mlp,0.28802588996763756,0.28802588996763756,0.6796116504854369,0.12297734627831715,0.19741100323624594,0.8284789644012945,0.0744336569579288,0.0970873786407767,
0.3,0.0,independent_latents,logger2_heavy,2,source_balanced_pooled_mlp,0.255663430420712,0.255663430420712,0.7184466019417476,0.0744336569579288,0.20711974110032363,0.8284789644012945,0.0744336569579288,0.0970873786407767,
0.3,0.0,independent_latents,logger2_heavy,2,source_conditioned_decoder,0.22330097087378642,0.22330097087378642,0.7313915857605178,0.061488673139158574,0.20711974110032363,0.8284789644012945,0.0744336569579288,0.0970873786407767,
0.3,0.0,independent_latents,logger2_heavy,2,per_source_models,0.23624595469255663,0.23624595469255663,0.7119741100323624,0.0744336569579288,0.21359223300970873,0.8284789644012945,0.0744336569579288,0.0970873786407767,
0.3,0.0,independent_latents,logger2_heavy,2,mechanism_separated,0.30097087378640774,0.30097087378640774,0.6537216828478964,0.13268608414239483,0.21359223300970873,0.8284789644012945,0.0744336569579288,0.0970873786407767,
0.3,0.0,independent_latents,logger2_heavy,2,oracle_u_aware,0.2297734627831715,0.2297734627831715,0.7281553398058253,0.06472491909385113,0.20711974110032363,0.8284789644012945,0.0744336569579288,0.0970873786407767,
0.3,0.0,independent_latents,logger2_heavy,2,source_shuffle,0.26537216828478966,0.26537216828478966,0.6957928802588996,0.11003236245954692,0.1941747572815534,0.8284789644012945,0.0744336569579288,0.0970873786407767,
0.3,0.0,independent_latents,logger2_heavy,2,no_behavior,0.2815533980582524,0.2815533980582524,0.6925566343042071,0.08414239482200647,0.22330097087378642,0.8284789644012945,0.0744336569579288,0.0970873786407767,
0.3,0.0,independent_latents,logger2_heavy,2,source_dependent_reward,0.21035598705501618,0.21035598705501618,0.7281553398058253,0.04854368932038835,0.22330097087378642,0.8284789644012945,0.0744336569579288,0.0970873786407767,
0.3,0.0,independent_latents,logger2_heavy,3,pooled_mlp,0.31715210355987056,0.31715210355987056,0.6310679611650486,0.0970873786407767,0.27184466019417475,0.8284789644012945,0.0744336569579288,0.0970873786407767,
0.3,0.0,independent_latents,logger2_heavy,3,source_balanced_pooled_mlp,0.29449838187702265,0.29449838187702265,0.6601941747572816,0.09385113268608414,0.2459546925566343,0.8284789644012945,0.0744336569579288,0.0970873786407767,
0.3,0.0,independent_latents,logger2_heavy,3,source_conditioned_decoder,0.26537216828478966,0.26537216828478966,0.6731391585760518,0.05501618122977346,0.27184466019417475,0.8284789644012945,0.0744336569579288,0.0970873786407767,
0.3,0.0,independent_latents,logger2_heavy,3,per_source_models,0.27184466019417475,0.27184466019417475,0.6699029126213593,0.0744336569579288,0.255663430420712,0.8284789644012945,0.0744336569579288,0.0970873786407767,
0.3,0.0,independent_latents,logger2_heavy,3,mechanism_separated,0.31715210355987056,0.31715210355987056,0.627831715210356,0.10679611650485436,0.26537216828478966,0.8284789644012945,0.0744336569579288,0.0970873786407767,
0.3,0.0,independent_latents,logger2_heavy,3,oracle_u_aware,0.26537216828478966,0.26537216828478966,0.6957928802588996,0.06796116504854369,0.23624595469255663,0.8284789644012945,0.0744336569579288,0.0970873786407767,
0.3,0.0,independent_latents,logger2_heavy,3,source_shuffle,0.2977346278317152,0.2977346278317152,0.6699029126213593,0.09385113268608414,0.23624595469255663,0.8284789644012945,0.0744336569579288,0.0970873786407767,
0.3,0.0,independent_latents,logger2_heavy,3,no_behavior,0.2588996763754045,0.2588996763754045,0.7087378640776699,0.06796116504854369,0.22330097087378642,0.8284789644012945,0.0744336569579288,0.0970873786407767,
0.3,0.0,independent_latents,logger2_heavy,3,source_dependent_reward,0.24919093851132687,0.24919093851132687,0.6990291262135923,0.0970873786407767,0.20388349514563106,0.8284789644012945,0.0744336569579288,0.0970873786407767,
0.3,0.0,independent_latents,logger2_heavy,4,pooled_mlp,0.29449838187702265,0.29449838187702265,0.6731391585760518,0.10355987055016182,0.22330097087378642,0.8284789644012945,0.0744336569579288,0.0970873786407767,
0.3,0.0,independent_latents,logger2_heavy,4,source_balanced_pooled_mlp,0.29449838187702265,0.29449838187702265,0.6601941747572816,0.11326860841423948,0.22653721682847897,0.8284789644012945,0.0744336569579288,0.0970873786407767,
0.3,0.0,independent_latents,logger2_heavy,4,source_conditioned_decoder,0.22330097087378642,0.22330097087378642,0.7508090614886731,0.061488673139158574,0.18770226537216828,0.8284789644012945,0.0744336569579288,0.0970873786407767,
0.3,0.0,independent_latents,logger2_heavy,4,per_source_models,0.20711974110032363,0.20711974110032363,0.7702265372168284,0.045307443365695796,0.18446601941747573,0.8284789644012945,0.0744336569579288,0.0970873786407767,
0.3,0.0,independent_latents,logger2_heavy,4,mechanism_separated,0.29449838187702265,0.29449838187702265,0.6731391585760518,0.07766990291262135,0.24919093851132687,0.8284789644012945,0.0744336569579288,0.0970873786407767,
0.3,0.0,independent_latents,logger2_heavy,4,oracle_u_aware,0.2783171521035599,0.2783171521035599,0.6731391585760518,0.07119741100323625,0.255663430420712,0.8284789644012945,0.0744336569579288,0.0970873786407767,
0.3,0.0,independent_latents,logger2_heavy,4,source_shuffle,0.27184466019417475,0.27184466019417475,0.6957928802588996,0.0744336569579288,0.2297734627831715,0.8284789644012945,0.0744336569579288,0.0970873786407767,
0.3,0.0,independent_latents,logger2_heavy,4,no_behavior,0.2815533980582524,0.2815533980582524,0.6893203883495146,0.06796116504854369,0.24271844660194175,0.8284789644012945,0.0744336569579288,0.0970873786407767,
0.3,0.0,independent_latents,logger2_heavy,4,source_dependent_reward,0.2912621359223301,0.2912621359223301,0.6504854368932039,0.0970873786407767,0.2524271844660194,0.8284789644012945,0.0744336569579288,0.0970873786407767,
0.3,0.002,confounded,logger1_heavy,0,pooled_mlp,0.2168284789644013,0.2168284789644013,0.7378640776699029,0.07119741100323625,0.19093851132686085,0.8284789644012945,0.0744336569579288,0.0970873786407767,
0.3,0.002,confounded,logger1_heavy,0,source_balanced_pooled_mlp,0.2459546925566343,0.2459546925566343,0.7152103559870551,0.0970873786407767,0.18770226537216828,0.8284789644012945,0.0744336569579288,0.0970873786407767,
0.3,0.002,confounded,logger1_heavy,0,source_conditioned_decoder,0.24919093851132687,0.24919093851132687,0.6957928802588996,0.04854368932038835,0.255663430420712,0.8284789644012945,0.0744336569579288,0.0970873786407767,
0.3,0.002,confounded,logger1_heavy,0,per_source_models,0.2686084142394822,0.2686084142394822,0.6828478964401294,0.08414239482200647,0.23300970873786409,0.8284789644012945,0.0744336569579288,0.0970873786407767,
0.3,0.002,confounded,logger1_heavy,0,mechanism_separated,0.255663430420712,0.255663430420712,0.6796116504854369,0.0970873786407767,0.22330097087378642,0.8284789644012945,0.0744336569579288,0.0970873786407767,
0.3,0.002,confounded,logger1_heavy,0,oracle_u_aware,0.26537216828478966,0.26537216828478966,0.7022653721682848,0.0744336569579288,0.22330097087378642,0.8284789644012945,0.0744336569579288,0.0970873786407767,
0.3,0.002,confounded,logger1_heavy,0,source_shuffle,0.30097087378640774,0.30097087378640774,0.6148867313915858,0.0970873786407767,0.28802588996763756,0.8284789644012945,0.0744336569579288,0.0970873786407767,
0.3,0.002,confounded,logger1_heavy,0,no_behavior,0.2621359223300971,0.2621359223300971,0.6763754045307443,0.0970873786407767,0.22653721682847897,0.8284789644012945,0.0744336569579288,0.0970873786407767,
0.3,0.002,confounded,logger1_heavy,0,source_dependent_reward,0.28802588996763756,0.28802588996763756,0.6666666666666666,0.061488673139158574,0.27184466019417475,0.8284789644012945,0.0744336569579288,0.0970873786407767,
0.3,0.002,confounded,logger1_heavy,1,pooled_mlp,0.24271844660194175,0.24271844660194175,0.6957928802588996,0.08737864077669903,0.2168284789644013,0.8284789644012945,0.0744336569579288,0.0970873786407767,
0.3,0.002,confounded,logger1_heavy,1,source_balanced_pooled_mlp,0.2168284789644013,0.2168284789644013,0.7055016181229773,0.08090614886731391,0.21359223300970873,0.8284789644012945,0.0744336569579288,0.0970873786407767,
0.3,0.002,confounded,logger1_heavy,1,source_conditioned_decoder,0.2621359223300971,0.2621359223300971,0.6957928802588996,0.07119741100323625,0.23300970873786409,0.8284789644012945,0.0744336569579288,0.0970873786407767,
0.3,0.002,confounded,logger1_heavy,1,per_source_models,0.19741100323624594,0.19741100323624594,0.7443365695792881,0.042071197411003236,0.21359223300970873,0.8284789644012945,0.0744336569579288,0.0970873786407767,
0.3,0.002,confounded,logger1_heavy,1,mechanism_separated,0.2815533980582524,0.2815533980582524,0.6699029126213593,0.08090614886731391,0.24919093851132687,0.8284789644012945,0.0744336569579288,0.0970873786407767,
0.3,0.002,confounded,logger1_heavy,1,oracle_u_aware,0.313915857605178,0.313915857605178,0.6375404530744336,0.10355987055016182,0.2588996763754045,0.8284789644012945,0.0744336569579288,0.0970873786407767,
0.3,0.002,confounded,logger1_heavy,1,source_shuffle,0.27184466019417475,0.2686084142394822,0.6828478964401294,0.08737864077669903,0.23300970873786409,0.8284789644012945,0.0744336569579288,0.0970873786407767,
0.3,0.002,confounded,logger1_heavy,1,no_behavior,0.2588996763754045,0.2588996763754045,0.6796116504854369,0.09061488673139159,0.2297734627831715,0.8284789644012945,0.0744336569579288,0.0970873786407767,
0.3,0.002,confounded,logger1_heavy,1,source_dependent_reward,0.22006472491909385,0.22006472491909385,0.7378640776699029,0.06472491909385113,0.19741100323624594,0.8284789644012945,0.0744336569579288,0.0970873786407767,
0.3,0.002,confounded,logger1_heavy,2,pooled_mlp,0.24919093851132687,0.24919093851132687,0.7055016181229773,0.08737864077669903,0.20711974110032363,0.8284789644012945,0.0744336569579288,0.0970873786407767,
0.3,0.002,confounded,logger1_heavy,2,source_balanced_pooled_mlp,0.24919093851132687,0.24919093851132687,0.6990291262135923,0.08090614886731391,0.22006472491909385,0.8284789644012945,0.0744336569579288,0.0970873786407767,
0.3,0.002,confounded,logger1_heavy,2,source_conditioned_decoder,0.2621359223300971,0.2621359223300971,0.6796116504854369,0.10032362459546926,0.22006472491909385,0.8284789644012945,0.0744336569579288,0.0970873786407767,
0.3,0.002,confounded,logger1_heavy,2,per_source_models,0.24919093851132687,0.24919093851132687,0.6990291262135923,0.06472491909385113,0.23624595469255663,0.8284789644012945,0.0744336569579288,0.0970873786407767,
0.3,0.002,confounded,logger1_heavy,2,mechanism_separated,0.22006472491909385,0.22006472491909385,0.7184466019417476,0.08090614886731391,0.20064724919093851,0.8284789644012945,0.0744336569579288,0.0970873786407767,
0.3,0.002,confounded,logger1_heavy,2,oracle_u_aware,0.3268608414239482,0.3268608414239482,0.6213592233009708,0.11326860841423948,0.26537216828478966,0.8284789644012945,0.0744336569579288,0.0970873786407767,
0.3,0.002,confounded,logger1_heavy,2,source_shuffle,0.2588996763754045,0.2588996763754045,0.656957928802589,0.11003236245954692,0.23300970873786409,0.8284789644012945,0.0744336569579288,0.0970873786407767,
0.3,0.002,confounded,logger1_heavy,2,no_behavior,0.2459546925566343,0.2459546925566343,0.6893203883495146,0.08090614886731391,0.2297734627831715,0.8284789644012945,0.0744336569579288,0.0970873786407767,
0.3,0.002,confounded,logger1_heavy,2,source_dependent_reward,0.2588996763754045,0.2588996763754045,0.6763754045307443,0.10032362459546926,0.22330097087378642,0.8284789644012945,0.0744336569579288,0.0970873786407767,
0.3,0.002,confounded,logger1_heavy,3,pooled_mlp,0.23300970873786409,0.2297734627831715,0.7216828478964401,0.08414239482200647,0.19741100323624594,0.8284789644012945,0.0744336569579288,0.0970873786407767,
0.3,0.002,confounded,logger1_heavy,3,source_balanced_pooled_mlp,0.24271844660194175,0.24271844660194175,0.7055016181229773,0.08090614886731391,0.21359223300970873,0.8284789644012945,0.0744336569579288,0.0970873786407767,
0.3,0.002,confounded,logger1_heavy,3,source_conditioned_decoder,0.23300970873786409,0.23300970873786409,0.7055016181229773,0.09061488673139159,0.20388349514563106,0.8284789644012945,0.0744336569579288,0.0970873786407767,
0.3,0.002,confounded,logger1_heavy,3,per_source_models,0.2459546925566343,0.24271844660194175,0.6925566343042071,0.08414239482200647,0.22653721682847897,0.8284789644012945,0.0744336569579288,0.0970873786407767,
0.3,0.002,confounded,logger1_heavy,3,mechanism_separated,0.22006472491909385,0.22006472491909385,0.7346278317152104,0.04854368932038835,0.2168284789644013,0.8284789644012945,0.0744336569579288,0.0970873786407767,
0.3,0.002,confounded,logger1_heavy,3,oracle_u_aware,0.24919093851132687,0.24919093851132687,0.7152103559870551,0.05825242718446602,0.22653721682847897,0.8284789644012945,0.0744336569579288,0.0970873786407767,
0.3,0.002,confounded,logger1_heavy,3,source_shuffle,0.2168284789644013,0.2168284789644013,0.7475728155339806,0.05825242718446602,0.1941747572815534,0.8284789644012945,0.0744336569579288,0.0970873786407767,
0.3,0.002,confounded,logger1_heavy,3,no_behavior,0.2297734627831715,0.2297734627831715,0.7119741100323624,0.06472491909385113,0.22330097087378642,0.8284789644012945,0.0744336569579288,0.0970873786407767,
0.3,0.002,confounded,logger1_heavy,3,source_dependent_reward,0.2297734627831715,0.2297734627831715,0.7022653721682848,0.09061488673139159,0.20711974110032363,0.8284789644012945,0.0744336569579288,0.0970873786407767,
0.3,0.002,confounded,logger1_heavy,4,pooled_mlp,0.31715210355987056,0.31715210355987056,0.6407766990291263,0.09385113268608414,0.26537216828478966,0.8284789644012945,0.0744336569579288,0.0970873786407767,
0.3,0.002,confounded,logger1_heavy,4,source_balanced_pooled_mlp,0.3042071197411003,0.3042071197411003,0.6310679611650486,0.09385113268608414,0.2750809061488673,0.8284789644012945,0.0744336569579288,0.0970873786407767,
0.3,0.002,confounded,logger1_heavy,4,source_conditioned_decoder,0.2912621359223301,0.2912621359223301,0.656957928802589,0.07766990291262135,0.26537216828478966,0.8284789644012945,0.0744336569579288,0.0970873786407767,
0.3,0.002,confounded,logger1_heavy,4,per_source_models,0.29449838187702265,0.2912621359223301,0.656957928802589,0.08414239482200647,0.2621359223300971,0.8284789644012945,0.0744336569579288,0.0970873786407767,
0.3,0.002,confounded,logger1_heavy,4,mechanism_separated,0.2750809061488673,0.27184466019417475,0.6828478964401294,0.08414239482200647,0.23624595469255663,0.8284789644012945,0.0744336569579288,0.0970873786407767,
0.3,0.002,confounded,logger1_heavy,4,oracle_u_aware,0.30097087378640774,0.30097087378640774,0.7119741100323624,0.061488673139158574,0.22653721682847897,0.8284789644012945,0.0744336569579288,0.0970873786407767,
0.3,0.002,confounded,logger1_heavy,4,source_shuffle,0.2459546925566343,0.2459546925566343,0.7022653721682848,0.06472491909385113,0.23300970873786409,0.8284789644012945,0.0744336569579288,0.0970873786407767,
0.3,0.002,confounded,logger1_heavy,4,no_behavior,0.2588996763754045,0.2588996763754045,0.6893203883495146,0.061488673139158574,0.24919093851132687,0.8284789644012945,0.0744336569579288,0.0970873786407767,
0.3,0.002,confounded,logger1_heavy,4,source_dependent_reward,0.22330097087378642,0.22330097087378642,0.7216828478964401,0.07766990291262135,0.20064724919093851,0.8284789644012945,0.0744336569579288,0.0970873786407767,
0.3,0.002,confounded,logger12_balanced,0,pooled_mlp,0.2459546925566343,0.2459546925566343,0.7152103559870551,0.0970873786407767,0.18770226537216828,0.8284789644012945,0.0744336569579288,0.0970873786407767,0.0
0.3,0.002,confounded,logger12_balanced,0,source_balanced_pooled_mlp,0.2459546925566343,0.2459546925566343,0.7152103559870551,0.0970873786407767,0.18770226537216828,0.8284789644012945,0.0744336569579288,0.0970873786407767,0.0
0.3,0.002,confounded,logger12_balanced,0,source_conditioned_decoder,0.23300970873786409,0.23300970873786409,0.7216828478964401,0.05825242718446602,0.22006472491909385,0.8284789644012945,0.0744336569579288,0.0970873786407767,0.0
0.3,0.002,confounded,logger12_balanced,0,per_source_models,0.2783171521035599,0.2783171521035599,0.6731391585760518,0.06796116504854369,0.2588996763754045,0.8284789644012945,0.0744336569579288,0.0970873786407767,0.0
0.3,0.002,confounded,logger12_balanced,0,mechanism_separated,0.284789644012945,0.284789644012945,0.656957928802589,0.09061488673139159,0.2524271844660194,0.8284789644012945,0.0744336569579288,0.0970873786407767,0.0
0.3,0.002,confounded,logger12_balanced,0,oracle_u_aware,0.3106796116504854,0.3106796116504854,0.6407766990291263,0.08737864077669903,0.27184466019417475,0.8284789644012945,0.0744336569579288,0.0970873786407767,0.0
0.3,0.002,confounded,logger12_balanced,0,source_shuffle,0.26537216828478966,0.26537216828478966,0.686084142394822,0.08090614886731391,0.23300970873786409,0.8284789644012945,0.0744336569579288,0.0970873786407767,0.0
0.3,0.002,confounded,logger12_balanced,0,no_behavior,0.21035598705501618,0.21035598705501618,0.7475728155339806,0.07119741100323625,0.18122977346278318,0.8284789644012945,0.0744336569579288,0.0970873786407767,0.0
0.3,0.002,confounded,logger12_balanced,0,source_dependent_reward,0.22653721682847897,0.22653721682847897,0.7087378640776699,0.08737864077669903,0.20388349514563106,0.8284789644012945,0.0744336569579288,0.0970873786407767,0.0
0.3,0.002,confounded,logger12_balanced,1,pooled_mlp,0.2168284789644013,0.2168284789644013,0.7055016181229773,0.08090614886731391,0.21359223300970873,0.8284789644012945,0.0744336569579288,0.0970873786407767,0.0
0.3,0.002,confounded,logger12_balanced,1,source_balanced_pooled_mlp,0.2168284789644013,0.2168284789644013,0.7055016181229773,0.08090614886731391,0.21359223300970873,0.8284789644012945,0.0744336569579288,0.0970873786407767,0.0
0.3,0.002,confounded,logger12_balanced,1,source_conditioned_decoder,0.1941747572815534,0.1941747572815534,0.7475728155339806,0.05825242718446602,0.1941747572815534,0.8284789644012945,0.0744336569579288,0.0970873786407767,0.0
0.3,0.002,confounded,logger12_balanced,1,per_source_models,0.23624595469255663,0.23624595469255663,0.7055016181229773,0.08414239482200647,0.21035598705501618,0.8284789644012945,0.0744336569579288,0.0970873786407767,0.0
0.3,0.002,confounded,logger12_balanced,1,mechanism_separated,0.24919093851132687,0.24919093851132687,0.6957928802588996,0.09385113268608414,0.21035598705501618,0.8284789644012945,0.0744336569579288,0.0970873786407767,0.0
0.3,0.002,confounded,logger12_balanced,1,oracle_u_aware,0.2912621359223301,0.2912621359223301,0.6375404530744336,0.12297734627831715,0.23948220064724918,0.8284789644012945,0.0744336569579288,0.0970873786407767,0.0
0.3,0.002,confounded,logger12_balanced,1,source_shuffle,0.2588996763754045,0.2588996763754045,0.6893203883495146,0.08737864077669903,0.22330097087378642,0.8284789644012945,0.0744336569579288,0.0970873786407767,0.0
0.3,0.002,confounded,logger12_balanced,1,no_behavior,0.2524271844660194,0.2524271844660194,0.6957928802588996,0.10355987055016182,0.20064724919093851,0.8284789644012945,0.0744336569579288,0.0970873786407767,0.0
0.3,0.002,confounded,logger12_balanced,1,source_dependent_reward,0.21359223300970873,0.21035598705501618,0.7508090614886731,0.061488673139158574,0.19093851132686085,0.8284789644012945,0.0744336569579288,0.0970873786407767,0.0
0.3,0.002,confounded,logger12_balanced,2,pooled_mlp,0.24919093851132687,0.24919093851132687,0.6990291262135923,0.08090614886731391,0.22006472491909385,0.8284789644012945,0.0744336569579288,0.0970873786407767,0.0
0.3,0.002,confounded,logger12_balanced,2,source_balanced_pooled_mlp,0.24919093851132687,0.24919093851132687,0.6990291262135923,0.08090614886731391,0.22006472491909385,0.8284789644012945,0.0744336569579288,0.0970873786407767,0.0
0.3,0.002,confounded,logger12_balanced,2,source_conditioned_decoder,0.23948220064724918,0.23948220064724918,0.6957928802588996,0.08090614886731391,0.22330097087378642,0.8284789644012945,0.0744336569579288,0.0970873786407767,0.0
0.3,0.002,confounded,logger12_balanced,2,per_source_models,0.255663430420712,0.255663430420712,0.6990291262135923,0.09061488673139159,0.21035598705501618,0.8284789644012945,0.0744336569579288,0.0970873786407767,0.0
0.3,0.002,confounded,logger12_balanced,2,mechanism_separated,0.22006472491909385,0.22006472491909385,0.7249190938511327,0.061488673139158574,0.21359223300970873,0.8284789644012945,0.0744336569579288,0.0970873786407767,0.0
0.3,0.002,confounded,logger12_balanced,2,oracle_u_aware,0.26537216828478966,0.26537216828478966,0.6796116504854369,0.07119741100323625,0.24919093851132687,0.8284789644012945,0.0744336569579288,0.0970873786407767,0.0
0.3,0.002,confounded,logger12_balanced,2,source_shuffle,0.22006472491909385,0.22006472491909385,0.7152103559870551,0.0744336569579288,0.21035598705501618,0.8284789644012945,0.0744336569579288,0.0970873786407767,0.0
0.3,0.002,confounded,logger12_balanced,2,no_behavior,0.2168284789644013,0.2168284789644013,0.7378640776699029,0.04854368932038835,0.21359223300970873,0.8284789644012945,0.0744336569579288,0.0970873786407767,0.0
0.3,0.002,confounded,logger12_balanced,2,source_dependent_reward,0.2459546925566343,0.2459546925566343,0.6957928802588996,0.05825242718446602,0.2459546925566343,0.8284789644012945,0.0744336569579288,0.0970873786407767,0.0
0.3,0.002,confounded,logger12_balanced,3,pooled_mlp,0.24271844660194175,0.24271844660194175,0.7055016181229773,0.08090614886731391,0.21359223300970873,0.8284789644012945,0.0744336569579288,0.0970873786407767,0.0
0.3,0.002,confounded,logger12_balanced,3,source_balanced_pooled_mlp,0.24271844660194175,0.24271844660194175,0.7055016181229773,0.08090614886731391,0.21359223300970873,0.8284789644012945,0.0744336569579288,0.0970873786407767,0.0
0.3,0.002,confounded,logger12_balanced,3,source_conditioned_decoder,0.21359223300970873,0.21359223300970873,0.7184466019417476,0.06796116504854369,0.21359223300970873,0.8284789644012945,0.0744336569579288,0.0970873786407767,0.0
0.3,0.002,confounded,logger12_balanced,3,per_source_models,0.22006472491909385,0.22006472491909385,0.7411003236245954,0.06796116504854369,0.19093851132686085,0.8284789644012945,0.0744336569579288,0.0970873786407767,0.0
0.3,0.002,confounded,logger12_balanced,3,mechanism_separated,0.27184466019417475,0.27184466019417475,0.6957928802588996,0.05825242718446602,0.2459546925566343,0.8284789644012945,0.0744336569579288,0.0970873786407767,0.0
0.3,0.002,confounded,logger12_balanced,3,oracle_u_aware,0.2783171521035599,0.2783171521035599,0.6828478964401294,0.08090614886731391,0.23624595469255663,0.8284789644012945,0.0744336569579288,0.0970873786407767,0.0
0.3,0.002,confounded,logger12_balanced,3,source_shuffle,0.24271844660194175,0.24271844660194175,0.7152103559870551,0.06472491909385113,0.22006472491909385,0.8284789644012945,0.0744336569579288,0.0970873786407767,0.0
0.3,0.002,confounded,logger12_balanced,3,no_behavior,0.23624595469255663,0.23624595469255663,0.7119741100323624,0.08414239482200647,0.20388349514563106,0.8284789644012945,0.0744336569579288,0.0970873786407767,0.0
0.3,0.002,confounded,logger12_balanced,3,source_dependent_reward,0.21359223300970873,0.21359223300970873,0.7443365695792881,0.0744336569579288,0.18122977346278318,0.8284789644012945,0.0744336569579288,0.0970873786407767,0.0
0.3,0.002,confounded,logger12_balanced,4,pooled_mlp,0.3042071197411003,0.3042071197411003,0.6310679611650486,0.09385113268608414,0.2750809061488673,0.8284789644012945,0.0744336569579288,0.0970873786407767,0.0
0.3,0.002,confounded,logger12_balanced,4,source_balanced_pooled_mlp,0.3042071197411003,0.3042071197411003,0.6310679611650486,0.09385113268608414,0.2750809061488673,0.8284789644012945,0.0744336569579288,0.0970873786407767,0.0
0.3,0.002,confounded,logger12_balanced,4,source_conditioned_decoder,0.20388349514563106,0.20388349514563106,0.7475728155339806,0.08090614886731391,0.1715210355987055,0.8284789644012945,0.0744336569579288,0.0970873786407767,0.0
0.3,0.002,confounded,logger12_balanced,4,per_source_models,0.23948220064724918,0.23948220064724918,0.7184466019417476,0.05177993527508091,0.2297734627831715,0.8284789644012945,0.0744336569579288,0.0970873786407767,0.0
0.3,0.002,confounded,logger12_balanced,4,mechanism_separated,0.2783171521035599,0.2783171521035599,0.6763754045307443,0.07766990291262135,0.2459546925566343,0.8284789644012945,0.0744336569579288,0.0970873786407767,0.0
0.3,0.002,confounded,logger12_balanced,4,oracle_u_aware,0.2912621359223301,0.2912621359223301,0.6699029126213593,0.05825242718446602,0.27184466019417475,0.8284789644012945,0.0744336569579288,0.0970873786407767,0.0
0.3,0.002,confounded,logger12_balanced,4,source_shuffle,0.255663430420712,0.255663430420712,0.6990291262135923,0.0744336569579288,0.22653721682847897,0.8284789644012945,0.0744336569579288,0.0970873786407767,0.0
0.3,0.002,confounded,logger12_balanced,4,no_behavior,0.2588996763754045,0.2588996763754045,0.7022653721682848,0.08737864077669903,0.21035598705501618,0.8284789644012945,0.0744336569579288,0.0970873786407767,0.0
0.3,0.002,confounded,logger12_balanced,4,source_dependent_reward,0.2168284789644013,0.2168284789644013,0.6990291262135923,0.0744336569579288,0.22653721682847897,0.8284789644012945,0.0744336569579288,0.0970873786407767,0.0
0.3,0.002,confounded,logger2_heavy,0,pooled_mlp,0.2783171521035599,0.2783171521035599,0.6828478964401294,0.09061488673139159,0.22653721682847897,0.8284789644012945,0.0744336569579288,0.0970873786407767,
0.3,0.002,confounded,logger2_heavy,0,source_balanced_pooled_mlp,0.2459546925566343,0.2459546925566343,0.7152103559870551,0.0970873786407767,0.18770226537216828,0.8284789644012945,0.0744336569579288,0.0970873786407767,
0.3,0.002,confounded,logger2_heavy,0,source_conditioned_decoder,0.20064724919093851,0.20064724919093851,0.7669902912621359,0.07119741100323625,0.16181229773462782,0.8284789644012945,0.0744336569579288,0.0970873786407767,
0.3,0.002,confounded,logger2_heavy,0,per_source_models,0.26537216828478966,0.26537216828478966,0.6893203883495146,0.09385113268608414,0.2168284789644013,0.8284789644012945,0.0744336569579288,0.0970873786407767,
0.3,0.002,confounded,logger2_heavy,0,mechanism_separated,0.3042071197411003,0.3042071197411003,0.627831715210356,0.11326860841423948,0.2588996763754045,0.8284789644012945,0.0744336569579288,0.0970873786407767,
0.3,0.002,confounded,logger2_heavy,0,oracle_u_aware,0.23948220064724918,0.23948220064724918,0.7184466019417476,0.09385113268608414,0.18770226537216828,0.8284789644012945,0.0744336569579288,0.0970873786407767,
0.3,0.002,confounded,logger2_heavy,0,source_shuffle,0.21359223300970873,0.21359223300970873,0.7216828478964401,0.08090614886731391,0.19741100323624594,0.8284789644012945,0.0744336569579288,0.0970873786407767,
0.3,0.002,confounded,logger2_heavy,0,no_behavior,0.22330097087378642,0.22330097087378642,0.7249190938511327,0.09385113268608414,0.18122977346278318,0.8284789644012945,0.0744336569579288,0.0970873786407767,
0.3,0.002,confounded,logger2_heavy,0,source_dependent_reward,0.19741100323624594,0.19741100323624594,0.7508090614886731,0.05825242718446602,0.19093851132686085,0.8284789644012945,0.0744336569579288,0.0970873786407767,
0.3,0.002,confounded,logger2_heavy,1,pooled_mlp,0.1779935275080906,0.1779935275080906,0.7637540453074434,0.08737864077669903,0.1488673139158576,0.8284789644012945,0.0744336569579288,0.0970873786407767,
0.3,0.002,confounded,logger2_heavy,1,source_balanced_pooled_mlp,0.2168284789644013,0.2168284789644013,0.7055016181229773,0.08090614886731391,0.21359223300970873,0.8284789644012945,0.0744336569579288,0.0970873786407767,
0.3,0.002,confounded,logger2_heavy,1,source_conditioned_decoder,0.22653721682847897,0.22653721682847897,0.7249190938511327,0.07119741100323625,0.20388349514563106,0.8284789644012945,0.0744336569579288,0.0970873786407767,
0.3,0.002,confounded,logger2_heavy,1,per_source_models,0.20388349514563106,0.20388349514563106,0.7443365695792881,0.05177993527508091,0.20388349514563106,0.8284789644012945,0.0744336569579288,0.0970873786407767,
0.3,0.002,confounded,logger2_heavy,1,mechanism_separated,0.23300970873786409,0.23300970873786409,0.7346278317152104,0.07119741100323625,0.1941747572815534,0.8284789644012945,0.0744336569579288,0.0970873786407767,
0.3,0.002,confounded,logger2_heavy,1,oracle_u_aware,0.2686084142394822,0.2686084142394822,0.6601941747572816,0.08414239482200647,0.255663430420712,0.8284789644012945,0.0744336569579288,0.0970873786407767,
0.3,0.002,confounded,logger2_heavy,1,source_shuffle,0.22330097087378642,0.22330097087378642,0.7475728155339806,0.06796116504854369,0.18446601941747573,0.8284789644012945,0.0744336569579288,0.0970873786407767,
0.3,0.002,confounded,logger2_heavy,1,no_behavior,0.19741100323624594,0.19741100323624594,0.7669902912621359,0.045307443365695796,0.18770226537216828,0.8284789644012945,0.0744336569579288,0.0970873786407767,
0.3,0.002,confounded,logger2_heavy,1,source_dependent_reward,0.2297734627831715,0.2297734627831715,0.7378640776699029,0.07119741100323625,0.19093851132686085,0.8284789644012945,0.0744336569579288,0.0970873786407767,
0.3,0.002,confounded,logger2_heavy,2,pooled_mlp,0.24271844660194175,0.24271844660194175,0.7055016181229773,0.11326860841423948,0.18122977346278318,0.8284789644012945,0.0744336569579288,0.0970873786407767,
0.3,0.002,confounded,logger2_heavy,2,source_balanced_pooled_mlp,0.24919093851132687,0.24919093851132687,0.6990291262135923,0.08090614886731391,0.22006472491909385,0.8284789644012945,0.0744336569579288,0.0970873786407767,
0.3,0.002,confounded,logger2_heavy,2,source_conditioned_decoder,0.22330097087378642,0.22330097087378642,0.7119741100323624,0.06472491909385113,0.22330097087378642,0.8284789644012945,0.0744336569579288,0.0970873786407767,
0.3,0.002,confounded,logger2_heavy,2,per_source_models,0.22653721682847897,0.22653721682847897,0.7216828478964401,0.07766990291262135,0.20064724919093851,0.8284789644012945,0.0744336569579288,0.0970873786407767,
0.3,0.002,confounded,logger2_heavy,2,mechanism_separated,0.2459546925566343,0.2459546925566343,0.6957928802588996,0.0970873786407767,0.20711974110032363,0.8284789644012945,0.0744336569579288,0.0970873786407767,
0.3,0.002,confounded,logger2_heavy,2,oracle_u_aware,0.30097087378640774,0.30097087378640774,0.6407766990291263,0.0744336569579288,0.284789644012945,0.8284789644012945,0.0744336569579288,0.0970873786407767,
0.3,0.002,confounded,logger2_heavy,2,source_shuffle,0.2524271844660194,0.2524271844660194,0.6731391585760518,0.10679611650485436,0.22006472491909385,0.8284789644012945,0.0744336569579288,0.0970873786407767,
0.3,0.002,confounded,logger2_heavy,2,no_behavior,0.2168284789644013,0.2168284789644013,0.7313915857605178,0.07766990291262135,0.19093851132686085,0.8284789644012945,0.0744336569579288,0.0970873786407767,
0.3,0.002,confounded,logger2_heavy,2,source_dependent_reward,0.255663430420712,0.255663430420712,0.6828478964401294,0.07766990291262135,0.23948220064724918,0.8284789644012945,0.0744336569579288,0.0970873786407767,
0.3,0.002,confounded,logger2_heavy,3,pooled_mlp,0.2588996763754045,0.2588996763754045,0.7022653721682848,0.08414239482200647,0.21359223300970873,0.8284789644012945,0.0744336569579288,0.0970873786407767,
0.3,0.002,confounded,logger2_heavy,3,source_balanced_pooled_mlp,0.24271844660194175,0.24271844660194175,0.7055016181229773,0.08090614886731391,0.21359223300970873,0.8284789644012945,0.0744336569579288,0.0970873786407767,
0.3,0.002,confounded,logger2_heavy,3,source_conditioned_decoder,0.26537216828478966,0.26537216828478966,0.6666666666666666,0.0744336569579288,0.2588996763754045,0.8284789644012945,0.0744336569579288,0.0970873786407767,
0.3,0.002,confounded,logger2_heavy,3,per_source_models,0.2588996763754045,0.2588996763754045,0.7022653721682848,0.061488673139158574,0.23624595469255663,0.8284789644012945,0.0744336569579288,0.0970873786407767,
0.3,0.002,confounded,logger2_heavy,3,mechanism_separated,0.23948220064724918,0.23948220064724918,0.7216828478964401,0.06796116504854369,0.21035598705501618,0.8284789644012945,0.0744336569579288,0.0970873786407767,
0.3,0.002,confounded,logger2_heavy,3,oracle_u_aware,0.2750809061488673,0.2750809061488673,0.6925566343042071,0.06472491909385113,0.24271844660194175,0.8284789644012945,0.0744336569579288,0.0970873786407767,
0.3,0.002,confounded,logger2_heavy,3,source_shuffle,0.27184466019417475,0.27184466019417475,0.6893203883495146,0.061488673139158574,0.24919093851132687,0.8284789644012945,0.0744336569579288,0.0970873786407767,
0.3,0.002,confounded,logger2_heavy,3,no_behavior,0.24271844660194175,0.24271844660194175,0.7313915857605178,0.06472491909385113,0.20388349514563106,0.8284789644012945,0.0744336569579288,0.0970873786407767,
0.3,0.002,confounded,logger2_heavy,3,source_dependent_reward,0.22330097087378642,0.22330097087378642,0.7281553398058253,0.06796116504854369,0.20388349514563106,0.8284789644012945,0.0744336569579288,0.0970873786407767,
0.3,0.002,confounded,logger2_heavy,4,pooled_mlp,0.33980582524271846,0.33980582524271846,0.5954692556634305,0.13592233009708737,0.2686084142394822,0.8284789644012945,0.0744336569579288,0.0970873786407767,
0.3,0.002,confounded,logger2_heavy,4,source_balanced_pooled_mlp,0.3042071197411003,0.3042071197411003,0.6310679611650486,0.09385113268608414,0.2750809061488673,0.8284789644012945,0.0744336569579288,0.0970873786407767,
0.3,0.002,confounded,logger2_heavy,4,source_conditioned_decoder,0.22330097087378642,0.22330097087378642,0.7475728155339806,0.05177993527508091,0.20064724919093851,0.8284789644012945,0.0744336569579288,0.0970873786407767,
0.3,0.002,confounded,logger2_heavy,4,per_source_models,0.3042071197411003,0.3042071197411003,0.6407766990291263,0.06796116504854369,0.2912621359223301,0.8284789644012945,0.0744336569579288,0.0970873786407767,
0.3,0.002,confounded,logger2_heavy,4,mechanism_separated,0.29449838187702265,0.29449838187702265,0.6407766990291263,0.09061488673139159,0.2686084142394822,0.8284789644012945,0.0744336569579288,0.0970873786407767,
0.3,0.002,confounded,logger2_heavy,4,oracle_u_aware,0.31715210355987056,0.31715210355987056,0.6310679611650486,0.06472491909385113,0.3042071197411003,0.8284789644012945,0.0744336569579288,0.0970873786407767,
0.3,0.002,confounded,logger2_heavy,4,source_shuffle,0.3106796116504854,0.3106796116504854,0.6375404530744336,0.0744336569579288,0.28802588996763756,0.8284789644012945,0.0744336569579288,0.0970873786407767,
0.3,0.002,confounded,logger2_heavy,4,no_behavior,0.23624595469255663,0.23624595469255663,0.7152103559870551,0.04854368932038835,0.23624595469255663,0.8284789644012945,0.0744336569579288,0.0970873786407767,
0.3,0.002,confounded,logger2_heavy,4,source_dependent_reward,0.24919093851132687,0.24919093851132687,0.6893203883495146,0.0744336569579288,0.23624595469255663,0.8284789644012945,0.0744336569579288,0.0970873786407767,
0.3,0.002,independent_latents,logger1_heavy,0,pooled_mlp,0.2783171521035599,0.2783171521035599,0.6666666666666666,0.11650485436893204,0.2168284789644013,0.8284789644012945,0.0744336569579288,0.0970873786407767,
0.3,0.002,independent_latents,logger1_heavy,0,source_balanced_pooled_mlp,0.34951456310679613,0.34951456310679613,0.598705501618123,0.12297734627831715,0.2783171521035599,0.8284789644012945,0.0744336569579288,0.0970873786407767,
0.3,0.002,independent_latents,logger1_heavy,0,source_conditioned_decoder,0.23624595469255663,0.23624595469255663,0.7055016181229773,0.07766990291262135,0.2168284789644013,0.8284789644012945,0.0744336569579288,0.0970873786407767,
0.3,0.002,independent_latents,logger1_heavy,0,per_source_models,0.32362459546925565,0.32362459546925565,0.6407766990291263,0.09385113268608414,0.26537216828478966,0.8284789644012945,0.0744336569579288,0.0970873786407767,
0.3,0.002,independent_latents,logger1_heavy,0,mechanism_separated,0.2588996763754045,0.2588996763754045,0.7022653721682848,0.08414239482200647,0.21359223300970873,0.8284789644012945,0.0744336569579288,0.0970873786407767,
0.3,0.002,independent_latents,logger1_heavy,0,oracle_u_aware,0.22330097087378642,0.22330097087378642,0.7378640776699029,0.042071197411003236,0.22006472491909385,0.8284789644012945,0.0744336569579288,0.0970873786407767,
0.3,0.002,independent_latents,logger1_heavy,0,source_shuffle,0.284789644012945,0.284789644012945,0.6796116504854369,0.0744336569579288,0.2459546925566343,0.8284789644012945,0.0744336569579288,0.0970873786407767,
0.3,0.002,independent_latents,logger1_heavy,0,no_behavior,0.23300970873786409,0.23300970873786409,0.7216828478964401,0.0744336569579288,0.20388349514563106,0.8284789644012945,0.0744336569579288,0.0970873786407767,
0.3,0.002,independent_latents,logger1_heavy,0,source_dependent_reward,0.23300970873786409,0.23300970873786409,0.6763754045307443,0.06472491909385113,0.2588996763754045,0.8284789644012945,0.0744336569579288,0.0970873786407767,
0.3,0.002,independent_latents,logger1_heavy,1,pooled_mlp,0.3042071197411003,0.3042071197411003,0.6116504854368932,0.08737864077669903,0.30097087378640774,0.8284789644012945,0.0744336569579288,0.0970873786407767,
0.3,0.002,independent_latents,logger1_heavy,1,source_balanced_pooled_mlp,0.2588996763754045,0.2588996763754045,0.6828478964401294,0.11003236245954692,0.20711974110032363,0.8284789644012945,0.0744336569579288,0.0970873786407767,
0.3,0.002,independent_latents,logger1_heavy,1,source_conditioned_decoder,0.28802588996763756,0.28802588996763756,0.6731391585760518,0.061488673139158574,0.26537216828478966,0.8284789644012945,0.0744336569579288,0.0970873786407767,
0.3,0.002,independent_latents,logger1_heavy,1,per_source_models,0.2297734627831715,0.2297734627831715,0.7216828478964401,0.06472491909385113,0.21359223300970873,0.8284789644012945,0.0744336569579288,0.0970873786407767,
0.3,0.002,independent_latents,logger1_heavy,1,mechanism_separated,0.31715210355987056,0.31715210355987056,0.6537216828478964,0.0744336569579288,0.27184466019417475,0.8284789644012945,0.0744336569579288,0.0970873786407767,
0.3,0.002,independent_latents,logger1_heavy,1,oracle_u_aware,0.2783171521035599,0.2783171521035599,0.6666666666666666,0.07766990291262135,0.255663430420712,0.8284789644012945,0.0744336569579288,0.0970873786407767,
0.3,0.002,independent_latents,logger1_heavy,1,source_shuffle,0.29449838187702265,0.29449838187702265,0.6699029126213593,0.08414239482200647,0.2459546925566343,0.8284789644012945,0.0744336569579288,0.0970873786407767,
0.3,0.002,independent_latents,logger1_heavy,1,no_behavior,0.27184466019417475,0.27184466019417475,0.6957928802588996,0.10032362459546926,0.20388349514563106,0.8284789644012945,0.0744336569579288,0.0970873786407767,
0.3,0.002,independent_latents,logger1_heavy,1,source_dependent_reward,0.22006472491909385,0.22006472491909385,0.7443365695792881,0.05825242718446602,0.19741100323624594,0.8284789644012945,0.0744336569579288,0.0970873786407767,
0.3,0.002,independent_latents,logger1_heavy,2,pooled_mlp,0.2977346278317152,0.2977346278317152,0.6504854368932039,0.08737864077669903,0.2621359223300971,0.8284789644012945,0.0744336569579288,0.0970873786407767,
0.3,0.002,independent_latents,logger1_heavy,2,source_balanced_pooled_mlp,0.2912621359223301,0.2912621359223301,0.6763754045307443,0.11650485436893204,0.20711974110032363,0.8284789644012945,0.0744336569579288,0.0970873786407767,
0.3,0.002,independent_latents,logger1_heavy,2,source_conditioned_decoder,0.2686084142394822,0.2686084142394822,0.7022653721682848,0.06796116504854369,0.2297734627831715,0.8284789644012945,0.0744336569579288,0.0970873786407767,
0.3,0.002,independent_latents,logger1_heavy,2,per_source_models,0.26537216828478966,0.26537216828478966,0.7022653721682848,0.07119741100323625,0.22653721682847897,0.8284789644012945,0.0744336569579288,0.0970873786407767,
0.3,0.002,independent_latents,logger1_heavy,2,mechanism_separated,0.3333333333333333,0.3333333333333333,0.5889967637540453,0.11974110032362459,0.2912621359223301,0.8284789644012945,0.0744336569579288,0.0970873786407767,
0.3,0.002,independent_latents,logger1_heavy,2,oracle_u_aware,0.31715210355987056,0.31715210355987056,0.6116504854368932,0.08414239482200647,0.3042071197411003,0.8284789644012945,0.0744336569579288,0.0970873786407767,
0.3,0.002,independent_latents,logger1_heavy,2,source_shuffle,0.32362459546925565,0.32362459546925565,0.6245954692556634,0.0970873786407767,0.2783171521035599,0.8284789644012945,0.0744336569579288,0.0970873786407767,
0.3,0.002,independent_latents,logger1_heavy,2,no_behavior,0.313915857605178,0.313915857605178,0.6310679611650486,0.08737864077669903,0.2815533980582524,0.8284789644012945,0.0744336569579288,0.0970873786407767,
0.3,0.002,independent_latents,logger1_heavy,2,source_dependent_reward,0.34627831715210355,0.34627831715210355,0.5792880258899676,0.10679611650485436,0.313915857605178,0.8284789644012945,0.0744336569579288,0.0970873786407767,
0.3,0.002,independent_latents,logger1_heavy,3,pooled_mlp,0.2750809061488673,0.2750809061488673,0.6893203883495146,0.11326860841423948,0.19741100323624594,0.8284789644012945,0.0744336569579288,0.0970873786407767,
0.3,0.002,independent_latents,logger1_heavy,3,source_balanced_pooled_mlp,0.3042071197411003,0.3042071197411003,0.6601941747572816,0.09385113268608414,0.2459546925566343,0.8284789644012945,0.0744336569579288,0.0970873786407767,
0.3,0.002,independent_latents,logger1_heavy,3,source_conditioned_decoder,0.2686084142394822,0.2686084142394822,0.7022653721682848,0.07766990291262135,0.22006472491909385,0.8284789644012945,0.0744336569579288,0.0970873786407767,
0.3,0.002,independent_latents,logger1_heavy,3,per_source_models,0.284789644012945,0.284789644012945,0.6504854368932039,0.09061488673139159,0.2588996763754045,0.8284789644012945,0.0744336569579288,0.0970873786407767,
0.3,0.002,independent_latents,logger1_heavy,3,mechanism_separated,0.2524271844660194,0.2524271844660194,0.6893203883495146,0.08414239482200647,0.22653721682847897,0.8284789644012945,0.0744336569579288,0.0970873786407767,
0.3,0.002,independent_latents,logger1_heavy,3,oracle_u_aware,0.2588996763754045,0.2588996763754045,0.6828478964401294,0.08737864077669903,0.2297734627831715,0.8284789644012945,0.0744336569579288,0.0970873786407767,
0.3,0.002,independent_latents,logger1_heavy,3,source_shuffle,0.24271844660194175,0.24271844660194175,0.7022653721682848,0.0744336569579288,0.22330097087378642,0.8284789644012945,0.0744336569579288,0.0970873786407767,
0.3,0.002,independent_latents,logger1_heavy,3,no_behavior,0.22653721682847897,0.22653721682847897,0.6990291262135923,0.0744336569579288,0.22653721682847897,0.8284789644012945,0.0744336569579288,0.0970873786407767,
0.3,0.002,independent_latents,logger1_heavy,3,source_dependent_reward,0.255663430420712,0.255663430420712,0.7022653721682848,0.06796116504854369,0.2297734627831715,0.8284789644012945,0.0744336569579288,0.0970873786407767,
0.3,0.002,independent_latents,logger1_heavy,4,pooled_mlp,0.3074433656957929,0.3074433656957929,0.6472491909385113,0.10032362459546926,0.2524271844660194,0.8284789644012945,0.0744336569579288,0.0970873786407767,
0.3,0.002,independent_latents,logger1_heavy,4,source_balanced_pooled_mlp,0.3106796116504854,0.3106796116504854,0.6343042071197411,0.10679611650485436,0.2588996763754045,0.8284789644012945,0.0744336569579288,0.0970873786407767,
0.3,0.002,independent_latents,logger1_heavy,4,source_conditioned_decoder,0.22330097087378642,0.22330097087378642,0.7637540453074434,0.05501618122977346,0.18122977346278318,0.8284789644012945,0.0744336569579288,0.0970873786407767,
0.3,0.002,independent_latents,logger1_heavy,4,per_source_models,0.23624595469255663,0.23624595469255663,0.7411003236245954,0.06472491909385113,0.1941747572815534,0.8284789644012945,0.0744336569579288,0.0970873786407767,
0.3,0.002,independent_latents,logger1_heavy,4,mechanism_separated,0.2977346278317152,0.2977346278317152,0.6796116504854369,0.06796116504854369,0.2524271844660194,0.8284789644012945,0.0744336569579288,0.0970873786407767,
0.3,0.002,independent_latents,logger1_heavy,4,oracle_u_aware,0.2686084142394822,0.2686084142394822,0.7055016181229773,0.05501618122977346,0.23948220064724918,0.8284789644012945,0.0744336569579288,0.0970873786407767,
0.3,0.002,independent_latents,logger1_heavy,4,source_shuffle,0.34951456310679613,0.34951456310679613,0.6504854368932039,0.08737864077669903,0.2621359223300971,0.8284789644012945,0.0744336569579288,0.0970873786407767,
0.3,0.002,independent_latents,logger1_heavy,4,no_behavior,0.3042071197411003,0.3042071197411003,0.6440129449838188,0.08414239482200647,0.27184466019417475,0.8284789644012945,0.0744336569579288,0.0970873786407767,
0.3,0.002,independent_latents,logger1_heavy,4,source_dependent_reward,0.24919093851132687,0.24919093851132687,0.6731391585760518,0.09385113268608414,0.23300970873786409,0.8284789644012945,0.0744336569579288,0.0970873786407767,
0.3,0.002,independent_latents,logger12_balanced,0,pooled_mlp,0.34951456310679613,0.34951456310679613,0.598705501618123,0.12297734627831715,0.2783171521035599,0.8284789644012945,0.0744336569579288,0.0970873786407767,
0.3,0.002,independent_latents,logger12_balanced,0,source_balanced_pooled_mlp,0.34951456310679613,0.34951456310679613,0.598705501618123,0.12297734627831715,0.2783171521035599,0.8284789644012945,0.0744336569579288,0.0970873786407767,
0.3,0.002,independent_latents,logger12_balanced,0,source_conditioned_decoder,0.2168284789644013,0.2168284789644013,0.7346278317152104,0.0744336569579288,0.19093851132686085,0.8284789644012945,0.0744336569579288,0.0970873786407767,
0.3,0.002,independent_latents,logger12_balanced,0,per_source_models,0.24919093851132687,0.24919093851132687,0.7249190938511327,0.05501618122977346,0.22006472491909385,0.8284789644012945,0.0744336569579288,0.0970873786407767,
0.3,0.002,independent_latents,logger12_balanced,0,mechanism_separated,0.2459546925566343,0.2459546925566343,0.7152103559870551,0.07766990291262135,0.20711974110032363,0.8284789644012945,0.0744336569579288,0.0970873786407767,
0.3,0.002,independent_latents,logger12_balanced,0,oracle_u_aware,0.18122977346278318,0.18122977346278318,0.8025889967637541,0.045307443365695796,0.15210355987055016,0.8284789644012945,0.0744336569579288,0.0970873786407767,
0.3,0.002,independent_latents,logger12_balanced,0,source_shuffle,0.24919093851132687,0.24919093851132687,0.6990291262135923,0.10355987055016182,0.19741100323624594,0.8284789644012945,0.0744336569579288,0.0970873786407767,
0.3,0.002,independent_latents,logger12_balanced,0,no_behavior,0.2297734627831715,0.2297734627831715,0.7346278317152104,0.0744336569579288,0.19093851132686085,0.8284789644012945,0.0744336569579288,0.0970873786407767,
0.3,0.002,independent_latents,logger12_balanced,0,source_dependent_reward,0.2297734627831715,0.2297734627831715,0.7281553398058253,0.05825242718446602,0.21359223300970873,0.8284789644012945,0.0744336569579288,0.0970873786407767,
0.3,0.002,independent_latents,logger12_balanced,1,pooled_mlp,0.2588996763754045,0.2588996763754045,0.6828478964401294,0.11003236245954692,0.20711974110032363,0.8284789644012945,0.0744336569579288,0.0970873786407767,
0.3,0.002,independent_latents,logger12_balanced,1,source_balanced_pooled_mlp,0.2588996763754045,0.2588996763754045,0.6828478964401294,0.11003236245954692,0.20711974110032363,0.8284789644012945,0.0744336569579288,0.0970873786407767,
0.3,0.002,independent_latents,logger12_balanced,1,source_conditioned_decoder,0.2621359223300971,0.2621359223300971,0.6763754045307443,0.08737864077669903,0.23624595469255663,0.8284789644012945,0.0744336569579288,0.0970873786407767,
0.3,0.002,independent_latents,logger12_balanced,1,per_source_models,0.20388349514563106,0.20388349514563106,0.7540453074433657,0.05825242718446602,0.18770226537216828,0.8284789644012945,0.0744336569579288,0.0970873786407767,
0.3,0.002,independent_latents,logger12_balanced,1,mechanism_separated,0.29449838187702265,0.29449838187702265,0.656957928802589,0.08737864077669903,0.255663430420712,0.8284789644012945,0.0744336569579288,0.0970873786407767,
0.3,0.002,independent_latents,logger12_balanced,1,oracle_u_aware,0.2621359223300971,0.2621359223300971,0.7087378640776699,0.061488673139158574,0.2297734627831715,0.8284789644012945,0.0744336569579288,0.0970873786407767,
0.3,0.002,independent_latents,logger12_balanced,1,source_shuffle,0.3074433656957929,0.3074433656957929,0.6440129449838188,0.10032362459546926,0.255663430420712,0.8284789644012945,0.0744336569579288,0.0970873786407767,
0.3,0.002,independent_latents,logger12_balanced,1,no_behavior,0.24919093851132687,0.24919093851132687,0.6990291262135923,0.09061488673139159,0.21035598705501618,0.8284789644012945,0.0744336569579288,0.0970873786407767,
0.3,0.002,independent_latents,logger12_balanced,1,source_dependent_reward,0.22330097087378642,0.22330097087378642,0.7572815533980582,0.05501618122977346,0.18770226537216828,0.8284789644012945,0.0744336569579288,0.0970873786407767,
0.3,0.002,independent_latents,logger12_balanced,2,pooled_mlp,0.2912621359223301,0.2912621359223301,0.6763754045307443,0.11650485436893204,0.20711974110032363,0.8284789644012945,0.0744336569579288,0.0970873786407767,
0.3,0.002,independent_latents,logger12_balanced,2,source_balanced_pooled_mlp,0.2912621359223301,0.2912621359223301,0.6763754045307443,0.11650485436893204,0.20711974110032363,0.8284789644012945,0.0744336569579288,0.0970873786407767,
0.3,0.002,independent_latents,logger12_balanced,2,source_conditioned_decoder,0.2297734627831715,0.2297734627831715,0.7184466019417476,0.05501618122977346,0.22653721682847897,0.8284789644012945,0.0744336569579288,0.0970873786407767,
0.3,0.002,independent_latents,logger12_balanced,2,per_source_models,0.2621359223300971,0.2621359223300971,0.6893203883495146,0.06472491909385113,0.2459546925566343,0.8284789644012945,0.0744336569579288,0.0970873786407767,
0.3,0.002,independent_latents,logger12_balanced,2,mechanism_separated,0.30097087378640774,0.30097087378640774,0.6148867313915858,0.11650485436893204,0.2686084142394822,0.8284789644012945,0.0744336569579288,0.0970873786407767,
0.3,0.002,independent_latents,logger12_balanced,2,oracle_u_aware,0.23300970873786409,0.23300970873786409,0.7216828478964401,0.07119741100323625,0.20711974110032363,0.8284789644012945,0.0744336569579288,0.0970873786407767,
0.3,0.002,independent_latents,logger12_balanced,2,source_shuffle,0.3333333333333333,0.3333333333333333,0.6019417475728155,0.10355987055016182,0.2977346278317152,0.8284789644012945,0.0744336569579288,0.0970873786407767,
0.3,0.002,independent_latents,logger12_balanced,2,no_behavior,0.2588996763754045,0.2588996763754045,0.6828478964401294,0.09385113268608414,0.22330097087378642,0.8284789644012945,0.0744336569579288,0.0970873786407767,
0.3,0.002,independent_latents,logger12_balanced,2,source_dependent_reward,0.2297734627831715,0.2297734627831715,0.7087378640776699,0.061488673139158574,0.2297734627831715,0.8284789644012945,0.0744336569579288,0.0970873786407767,
0.3,0.002,independent_latents,logger12_balanced,3,pooled_mlp,0.3042071197411003,0.3042071197411003,0.6601941747572816,0.09385113268608414,0.2459546925566343,0.8284789644012945,0.0744336569579288,0.0970873786407767,
0.3,0.002,independent_latents,logger12_balanced,3,source_balanced_pooled_mlp,0.3042071197411003,0.3042071197411003,0.6601941747572816,0.09385113268608414,0.2459546925566343,0.8284789644012945,0.0744336569579288,0.0970873786407767,
0.3,0.002,independent_latents,logger12_balanced,3,source_conditioned_decoder,0.26537216828478966,0.26537216828478966,0.6957928802588996,0.06796116504854369,0.23624595469255663,0.8284789644012945,0.0744336569579288,0.0970873786407767,
0.3,0.002,independent_latents,logger12_balanced,3,per_source_models,0.3042071197411003,0.3042071197411003,0.6310679611650486,0.08414239482200647,0.284789644012945,0.8284789644012945,0.0744336569579288,0.0970873786407767,
0.3,0.002,independent_latents,logger12_balanced,3,mechanism_separated,0.32362459546925565,0.32362459546925565,0.6407766990291263,0.09061488673139159,0.2686084142394822,0.8284789644012945,0.0744336569579288,0.0970873786407767,
0.3,0.002,independent_latents,logger12_balanced,3,oracle_u_aware,0.2459546925566343,0.2459546925566343,0.686084142394822,0.06796116504854369,0.2459546925566343,0.8284789644012945,0.0744336569579288,0.0970873786407767,
0.3,0.002,independent_latents,logger12_balanced,3,source_shuffle,0.3042071197411003,0.3042071197411003,0.6699029126213593,0.08090614886731391,0.24919093851132687,0.8284789644012945,0.0744336569579288,0.0970873786407767,
0.3,0.002,independent_latents,logger12_balanced,3,no_behavior,0.27184466019417475,0.27184466019417475,0.6925566343042071,0.0970873786407767,0.21035598705501618,0.8284789644012945,0.0744336569579288,0.0970873786407767,
0.3,0.002,independent_latents,logger12_balanced,3,source_dependent_reward,0.27184466019417475,0.27184466019417475,0.6957928802588996,0.10679611650485436,0.19741100323624594,0.8284789644012945,0.0744336569579288,0.0970873786407767,
0.3,0.002,independent_latents,logger12_balanced,4,pooled_mlp,0.3106796116504854,0.3106796116504854,0.6343042071197411,0.10679611650485436,0.2588996763754045,0.8284789644012945,0.0744336569579288,0.0970873786407767,
0.3,0.002,independent_latents,logger12_balanced,4,source_balanced_pooled_mlp,0.3106796116504854,0.3106796116504854,0.6343042071197411,0.10679611650485436,0.2588996763754045,0.8284789644012945,0.0744336569579288,0.0970873786407767,
0.3,0.002,independent_latents,logger12_balanced,4,source_conditioned_decoder,0.2621359223300971,0.2621359223300971,0.6990291262135923,0.09061488673139159,0.21035598705501618,0.8284789644012945,0.0744336569579288,0.0970873786407767,
0.3,0.002,independent_latents,logger12_balanced,4,per_source_models,0.22653721682847897,0.22653721682847897,0.7475728155339806,0.061488673139158574,0.19093851132686085,0.8284789644012945,0.0744336569579288,0.0970873786407767,
0.3,0.002,independent_latents,logger12_balanced,4,mechanism_separated,0.29449838187702265,0.29449838187702265,0.6601941747572816,0.0970873786407767,0.24271844660194175,0.8284789644012945,0.0744336569579288,0.0970873786407767,
0.3,0.002,independent_latents,logger12_balanced,4,oracle_u_aware,0.27184466019417475,0.27184466019417475,0.6731391585760518,0.06796116504854369,0.2588996763754045,0.8284789644012945,0.0744336569579288,0.0970873786407767,
0.3,0.002,independent_latents,logger12_balanced,4,source_shuffle,0.2750809061488673,0.2750809061488673,0.6763754045307443,0.0744336569579288,0.24919093851132687,0.8284789644012945,0.0744336569579288,0.0970873786407767,
0.3,0.002,independent_latents,logger12_balanced,4,no_behavior,0.2588996763754045,0.2588996763754045,0.7152103559870551,0.061488673139158574,0.22330097087378642,0.8284789644012945,0.0744336569579288,0.0970873786407767,
0.3,0.002,independent_latents,logger12_balanced,4,source_dependent_reward,0.24919093851132687,0.24919093851132687,0.6957928802588996,0.0744336569579288,0.2297734627831715,0.8284789644012945,0.0744336569579288,0.0970873786407767,
0.3,0.002,independent_latents,logger2_heavy,0,pooled_mlp,0.34627831715210355,0.34627831715210355,0.6213592233009708,0.11974110032362459,0.2588996763754045,0.8284789644012945,0.0744336569579288,0.0970873786407767,
0.3,0.002,independent_latents,logger2_heavy,0,source_balanced_pooled_mlp,0.34951456310679613,0.34951456310679613,0.598705501618123,0.12297734627831715,0.2783171521035599,0.8284789644012945,0.0744336569579288,0.0970873786407767,
0.3,0.002,independent_latents,logger2_heavy,0,source_conditioned_decoder,0.255663430420712,0.255663430420712,0.6763754045307443,0.061488673139158574,0.2621359223300971,0.8284789644012945,0.0744336569579288,0.0970873786407767,
0.3,0.002,independent_latents,logger2_heavy,0,per_source_models,0.2297734627831715,0.2297734627831715,0.7346278317152104,0.07766990291262135,0.18770226537216828,0.8284789644012945,0.0744336569579288,0.0970873786407767,
0.3,0.002,independent_latents,logger2_heavy,0,mechanism_separated,0.2297734627831715,0.2297734627831715,0.7378640776699029,0.05177993527508091,0.21035598705501618,0.8284789644012945,0.0744336569579288,0.0970873786407767,
0.3,0.002,independent_latents,logger2_heavy,0,oracle_u_aware,0.23948220064724918,0.23948220064724918,0.7313915857605178,0.06472491909385113,0.20388349514563106,0.8284789644012945,0.0744336569579288,0.0970873786407767,
0.3,0.002,independent_latents,logger2_heavy,0,source_shuffle,0.23300970873786409,0.23300970873786409,0.7378640776699029,0.08737864077669903,0.17475728155339806,0.8284789644012945,0.0744336569579288,0.0970873786407767,
0.3,0.002,independent_latents,logger2_heavy,0,no_behavior,0.24271844660194175,0.24271844660194175,0.6957928802588996,0.11326860841423948,0.19093851132686085,0.8284789644012945,0.0744336569579288,0.0970873786407767,
0.3,0.002,independent_latents,logger2_heavy,0,source_dependent_reward,0.21035598705501618,0.20711974110032363,0.7702265372168284,0.07119741100323625,0.16181229773462782,0.8284789644012945,0.0744336569579288,0.0970873786407767,
0.3,0.002,independent_latents,logger2_heavy,1,pooled_mlp,0.2686084142394822,0.2686084142394822,0.6731391585760518,0.10032362459546926,0.22653721682847897,0.8284789644012945,0.0744336569579288,0.0970873786407767,
0.3,0.002,independent_latents,logger2_heavy,1,source_balanced_pooled_mlp,0.2588996763754045,0.2588996763754045,0.6828478964401294,0.11003236245954692,0.20711974110032363,0.8284789644012945,0.0744336569579288,0.0970873786407767,
0.3,0.002,independent_latents,logger2_heavy,1,source_conditioned_decoder,0.3074433656957929,0.3074433656957929,0.6343042071197411,0.08737864077669903,0.2783171521035599,0.8284789644012945,0.0744336569579288,0.0970873786407767,
0.3,0.002,independent_latents,logger2_heavy,1,per_source_models,0.22330097087378642,0.22330097087378642,0.7087378640776699,0.05825242718446602,0.23300970873786409,0.8284789644012945,0.0744336569579288,0.0970873786407767,
0.3,0.002,independent_latents,logger2_heavy,1,mechanism_separated,0.2686084142394822,0.2686084142394822,0.7378640776699029,0.09385113268608414,0.16828478964401294,0.8284789644012945,0.0744336569579288,0.0970873786407767,
0.3,0.002,independent_latents,logger2_heavy,1,oracle_u_aware,0.2621359223300971,0.2621359223300971,0.7184466019417476,0.05177993527508091,0.2297734627831715,0.8284789644012945,0.0744336569579288,0.0970873786407767,
0.3,0.002,independent_latents,logger2_heavy,1,source_shuffle,0.27184466019417475,0.27184466019417475,0.6925566343042071,0.10355987055016182,0.20388349514563106,0.8284789644012945,0.0744336569579288,0.0970873786407767,
0.3,0.002,independent_latents,logger2_heavy,1,no_behavior,0.2588996763754045,0.2588996763754045,0.6925566343042071,0.06472491909385113,0.24271844660194175,0.8284789644012945,0.0744336569579288,0.0970873786407767,
0.3,0.002,independent_latents,logger2_heavy,1,source_dependent_reward,0.2750809061488673,0.2750809061488673,0.6763754045307443,0.08414239482200647,0.23948220064724918,0.8284789644012945,0.0744336569579288,0.0970873786407767,
0.3,0.002,independent_latents,logger2_heavy,2,pooled_mlp,0.2783171521035599,0.2783171521035599,0.6893203883495146,0.11003236245954692,0.20064724919093851,0.8284789644012945,0.0744336569579288,0.0970873786407767,
0.3,0.002,independent_latents,logger2_heavy,2,source_balanced_pooled_mlp,0.2912621359223301,0.2912621359223301,0.6763754045307443,0.11650485436893204,0.20711974110032363,0.8284789644012945,0.0744336569579288,0.0970873786407767,
0.3,0.002,independent_latents,logger2_heavy,2,source_conditioned_decoder,0.21035598705501618,0.21035598705501618,0.7475728155339806,0.05177993527508091,0.20064724919093851,0.8284789644012945,0.0744336569579288,0.0970873786407767,
0.3,0.002,independent_latents,logger2_heavy,2,per_source_models,0.23300970873786409,0.23300970873786409,0.7055016181229773,0.09061488673139159,0.20388349514563106,0.8284789644012945,0.0744336569579288,0.0970873786407767,
0.3,0.002,independent_latents,logger2_heavy,2,mechanism_separated,0.32038834951456313,0.32038834951456313,0.627831715210356,0.11326860841423948,0.2588996763754045,0.8284789644012945,0.0744336569579288,0.0970873786407767,
0.3,0.002,independent_latents,logger2_heavy,2,oracle_u_aware,0.22653721682847897,0.22653721682847897,0.7475728155339806,0.061488673139158574,0.19093851132686085,0.8284789644012945,0.0744336569579288,0.0970873786407767,
0.3,0.002,independent_latents,logger2_heavy,2,source_shuffle,0.24271844660194175,0.24271844660194175,0.7184466019417476,0.06472491909385113,0.2168284789644013,0.8284789644012945,0.0744336569579288,0.0970873786407767,
0.3,0.002,independent_latents,logger2_heavy,2,no_behavior,0.27184466019417475,0.27184466019417475,0.6925566343042071,0.0970873786407767,0.21035598705501618,0.8284789644012945,0.0744336569579288,0.0970873786407767,
0.3,0.002,independent_latents,logger2_heavy,2,source_dependent_reward,0.31715210355987056,0.31715210355987056,0.6116504854368932,0.08737864077669903,0.30097087378640774,0.8284789644012945,0.0744336569579288,0.0970873786407767,
0.3,0.002,independent_latents,logger2_heavy,3,pooled_mlp,0.35275080906148865,0.35275080906148865,0.6181229773462783,0.08737864077669903,0.29449838187702265,0.8284789644012945,0.0744336569579288,0.0970873786407767,
0.3,0.002,independent_latents,logger2_heavy,3,source_balanced_pooled_mlp,0.3042071197411003,0.3042071197411003,0.6601941747572816,0.09385113268608414,0.2459546925566343,0.8284789644012945,0.0744336569579288,0.0970873786407767,
0.3,0.002,independent_latents,logger2_heavy,3,source_conditioned_decoder,0.27184466019417475,0.27184466019417475,0.6763754045307443,0.07119741100323625,0.2524271844660194,0.8284789644012945,0.0744336569579288,0.0970873786407767,
0.3,0.002,independent_latents,logger2_heavy,3,per_source_models,0.2621359223300971,0.2621359223300971,0.6731391585760518,0.0744336569579288,0.2524271844660194,0.8284789644012945,0.0744336569579288,0.0970873786407767,
0.3,0.002,independent_latents,logger2_heavy,3,mechanism_separated,0.36893203883495146,0.36893203883495146,0.5792880258899676,0.11326860841423948,0.3074433656957929,0.8284789644012945,0.0744336569579288,0.0970873786407767,
0.3,0.002,independent_latents,logger2_heavy,3,oracle_u_aware,0.2815533980582524,0.2815533980582524,0.6634304207119741,0.07766990291262135,0.2588996763754045,0.8284789644012945,0.0744336569579288,0.0970873786407767,
0.3,0.002,independent_latents,logger2_heavy,3,source_shuffle,0.313915857605178,0.313915857605178,0.6407766990291263,0.10679611650485436,0.2524271844660194,0.8284789644012945,0.0744336569579288,0.0970873786407767,
0.3,0.002,independent_latents,logger2_heavy,3,no_behavior,0.2815533980582524,0.2815533980582524,0.6796116504854369,0.08414239482200647,0.23624595469255663,0.8284789644012945,0.0744336569579288,0.0970873786407767,
0.3,0.002,independent_latents,logger2_heavy,3,source_dependent_reward,0.3300970873786408,0.3300970873786408,0.6148867313915858,0.0744336569579288,0.3106796116504854,0.8284789644012945,0.0744336569579288,0.0970873786407767,
0.3,0.002,independent_latents,logger2_heavy,4,pooled_mlp,0.313915857605178,0.313915857605178,0.6440129449838188,0.12297734627831715,0.23300970873786409,0.8284789644012945,0.0744336569579288,0.0970873786407767,
0.3,0.002,independent_latents,logger2_heavy,4,source_balanced_pooled_mlp,0.3106796116504854,0.3106796116504854,0.6343042071197411,0.10679611650485436,0.2588996763754045,0.8284789644012945,0.0744336569579288,0.0970873786407767,
0.3,0.002,independent_latents,logger2_heavy,4,source_conditioned_decoder,0.23300970873786409,0.23300970873786409,0.7540453074433657,0.07119741100323625,0.17475728155339806,0.8284789644012945,0.0744336569579288,0.0970873786407767,
0.3,0.002,independent_latents,logger2_heavy,4,per_source_models,0.2297734627831715,0.2297734627831715,0.7249190938511327,0.06796116504854369,0.20711974110032363,0.8284789644012945,0.0744336569579288,0.0970873786407767,
0.3,0.002,independent_latents,logger2_heavy,4,mechanism_separated,0.3042071197411003,0.3042071197411003,0.6634304207119741,0.07766990291262135,0.2588996763754045,0.8284789644012945,0.0744336569579288,0.0970873786407767,
0.3,0.002,independent_latents,logger2_heavy,4,oracle_u_aware,0.2686084142394822,0.2686084142394822,0.6990291262135923,0.04854368932038835,0.2524271844660194,0.8284789644012945,0.0744336569579288,0.0970873786407767,
0.3,0.002,independent_latents,logger2_heavy,4,source_shuffle,0.3365695792880259,0.3365695792880259,0.6148867313915858,0.07119741100323625,0.313915857605178,0.8284789644012945,0.0744336569579288,0.0970873786407767,
0.3,0.002,independent_latents,logger2_heavy,4,no_behavior,0.2815533980582524,0.2815533980582524,0.6828478964401294,0.05501618122977346,0.2621359223300971,0.8284789644012945,0.0744336569579288,0.0970873786407767,
0.3,0.002,independent_latents,logger2_heavy,4,source_dependent_reward,0.24919093851132687,0.24919093851132687,0.6925566343042071,0.08414239482200647,0.22330097087378642,0.8284789644012945,0.0744336569579288,0.0970873786407767,
0.3,0.005,confounded,logger1_heavy,0,pooled_mlp,0.3948220064724919,0.3948220064724919,0.5210355987055016,0.11326860841423948,0.3656957928802589,0.8284789644012945,0.0744336569579288,0.0970873786407767,
0.3,0.005,confounded,logger1_heavy,0,source_balanced_pooled_mlp,0.3333333333333333,0.3333333333333333,0.5922330097087378,0.11326860841423948,0.29449838187702265,0.8284789644012945,0.0744336569579288,0.0970873786407767,
0.3,0.005,confounded,logger1_heavy,0,source_conditioned_decoder,0.31715210355987056,0.31715210355987056,0.6019417475728155,0.08090614886731391,0.31715210355987056,0.8284789644012945,0.0744336569579288,0.0970873786407767,
0.3,0.005,confounded,logger1_heavy,0,per_source_models,0.24271844660194175,0.23948220064724918,0.6990291262135923,0.08090614886731391,0.22330097087378642,0.8284789644012945,0.0744336569579288,0.0970873786407767,
0.3,0.005,confounded,logger1_heavy,0,mechanism_separated,0.3365695792880259,0.3365695792880259,0.56957928802589,0.11003236245954692,0.32038834951456313,0.8284789644012945,0.0744336569579288,0.0970873786407767,
0.3,0.005,confounded,logger1_heavy,0,oracle_u_aware,0.2621359223300971,0.2621359223300971,0.7022653721682848,0.08090614886731391,0.2168284789644013,0.8284789644012945,0.0744336569579288,0.0970873786407767,
0.3,0.005,confounded,logger1_heavy,0,source_shuffle,0.35275080906148865,0.35275080906148865,0.5598705501618123,0.10032362459546926,0.33980582524271846,0.8284789644012945,0.0744336569579288,0.0970873786407767,
0.3,0.005,confounded,logger1_heavy,0,no_behavior,0.33980582524271846,0.33980582524271846,0.5889967637540453,0.09385113268608414,0.31715210355987056,0.8284789644012945,0.0744336569579288,0.0970873786407767,
0.3,0.005,confounded,logger1_heavy,0,source_dependent_reward,0.3300970873786408,0.3300970873786408,0.5889967637540453,0.10679611650485436,0.3042071197411003,0.8284789644012945,0.0744336569579288,0.0970873786407767,
0.3,0.005,confounded,logger1_heavy,1,pooled_mlp,0.32362459546925565,0.32362459546925565,0.5922330097087378,0.10679611650485436,0.30097087378640774,0.8284789644012945,0.0744336569579288,0.0970873786407767,
0.3,0.005,confounded,logger1_heavy,1,source_balanced_pooled_mlp,0.313915857605178,0.313915857605178,0.6084142394822006,0.0970873786407767,0.29449838187702265,0.8284789644012945,0.0744336569579288,0.0970873786407767,
0.3,0.005,confounded,logger1_heavy,1,source_conditioned_decoder,0.2977346278317152,0.2977346278317152,0.6245954692556634,0.10032362459546926,0.2750809061488673,0.8284789644012945,0.0744336569579288,0.0970873786407767,
0.3,0.005,confounded,logger1_heavy,1,per_source_models,0.29449838187702265,0.29449838187702265,0.6375404530744336,0.05177993527508091,0.3106796116504854,0.8284789644012945,0.0744336569579288,0.0970873786407767,
0.3,0.005,confounded,logger1_heavy,1,mechanism_separated,0.3786407766990291,0.37540453074433655,0.5598705501618123,0.09061488673139159,0.35275080906148865,0.8284789644012945,0.0744336569579288,0.0970873786407767,
0.3,0.005,confounded,logger1_heavy,1,oracle_u_aware,0.3042071197411003,0.3042071197411003,0.6407766990291263,0.09385113268608414,0.26537216828478966,0.8284789644012945,0.0744336569579288,0.0970873786407767,
0.3,0.005,confounded,logger1_heavy,1,source_shuffle,0.3365695792880259,0.3365695792880259,0.6051779935275081,0.07119741100323625,0.32362459546925565,0.8284789644012945,0.0744336569579288,0.0970873786407767,
0.3,0.005,confounded,logger1_heavy,1,no_behavior,0.39158576051779936,0.3883495145631068,0.5210355987055016,0.10679611650485436,0.37540453074433655,0.8284789644012945,0.0744336569579288,0.0970873786407767,
0.3,0.005,confounded,logger1_heavy,1,source_dependent_reward,0.32038834951456313,0.32038834951456313,0.5792880258899676,0.11974110032362459,0.30097087378640774,0.8284789644012945,0.0744336569579288,0.0970873786407767,
0.3,0.005,confounded,logger1_heavy,2,pooled_mlp,0.3592233009708738,0.3592233009708738,0.56957928802589,0.09385113268608414,0.3365695792880259,0.8284789644012945,0.0744336569579288,0.0970873786407767,
0.3,0.005,confounded,logger1_heavy,2,source_balanced_pooled_mlp,0.30097087378640774,0.30097087378640774,0.6504854368932039,0.10355987055016182,0.2459546925566343,0.8284789644012945,0.0744336569579288,0.0970873786407767,
0.3,0.005,confounded,logger1_heavy,2,source_conditioned_decoder,0.3656957928802589,0.3656957928802589,0.5631067961165048,0.10032362459546926,0.3365695792880259,0.8284789644012945,0.0744336569579288,0.0970873786407767,
0.3,0.005,confounded,logger1_heavy,2,per_source_models,0.313915857605178,0.313915857605178,0.5922330097087378,0.11650485436893204,0.2912621359223301,0.8284789644012945,0.0744336569579288,0.0970873786407767,
0.3,0.005,confounded,logger1_heavy,2,mechanism_separated,0.39805825242718446,0.39805825242718446,0.5242718446601942,0.1262135922330097,0.34951456310679613,0.8284789644012945,0.0744336569579288,0.0970873786407767,
0.3,0.005,confounded,logger1_heavy,2,oracle_u_aware,0.33980582524271846,0.33980582524271846,0.5857605177993528,0.07766990291262135,0.3365695792880259,0.8284789644012945,0.0744336569579288,0.0970873786407767,
0.3,0.005,confounded,logger1_heavy,2,source_shuffle,0.39158576051779936,0.39158576051779936,0.5210355987055016,0.10355987055016182,0.37540453074433655,0.8284789644012945,0.0744336569579288,0.0970873786407767,
0.3,0.005,confounded,logger1_heavy,2,no_behavior,0.3592233009708738,0.3592233009708738,0.5436893203883495,0.11003236245954692,0.34627831715210355,0.8284789644012945,0.0744336569579288,0.0970873786407767,
0.3,0.005,confounded,logger1_heavy,2,source_dependent_reward,0.313915857605178,0.313915857605178,0.5889967637540453,0.10032362459546926,0.3106796116504854,0.8284789644012945,0.0744336569579288,0.0970873786407767,
0.3,0.005,confounded,logger1_heavy,3,pooled_mlp,0.34627831715210355,0.34627831715210355,0.5760517799352751,0.10355987055016182,0.32362459546925565,0.8284789644012945,0.0744336569579288,0.0970873786407767,
0.3,0.005,confounded,logger1_heavy,3,source_balanced_pooled_mlp,0.3106796116504854,0.3106796116504854,0.6310679611650486,0.0744336569579288,0.29449838187702265,0.8284789644012945,0.0744336569579288,0.0970873786407767,
0.3,0.005,confounded,logger1_heavy,3,source_conditioned_decoder,0.3106796116504854,0.3106796116504854,0.6245954692556634,0.08414239482200647,0.2912621359223301,0.8284789644012945,0.0744336569579288,0.0970873786407767,
0.3,0.005,confounded,logger1_heavy,3,per_source_models,0.3042071197411003,0.3042071197411003,0.6375404530744336,0.07766990291262135,0.284789644012945,0.8284789644012945,0.0744336569579288,0.0970873786407767,
0.3,0.005,confounded,logger1_heavy,3,mechanism_separated,0.3268608414239482,0.3268608414239482,0.6213592233009708,0.08414239482200647,0.29449838187702265,0.8284789644012945,0.0744336569579288,0.0970873786407767,
0.3,0.005,confounded,logger1_heavy,3,oracle_u_aware,0.26537216828478966,0.26537216828478966,0.6957928802588996,0.061488673139158574,0.24271844660194175,0.8284789644012945,0.0744336569579288,0.0970873786407767,
0.3,0.005,confounded,logger1_heavy,3,source_shuffle,0.3333333333333333,0.3333333333333333,0.6148867313915858,0.07119741100323625,0.313915857605178,0.8284789644012945,0.0744336569579288,0.0970873786407767,
0.3,0.005,confounded,logger1_heavy,3,no_behavior,0.29449838187702265,0.29449838187702265,0.6343042071197411,0.07119741100323625,0.29449838187702265,0.8284789644012945,0.0744336569579288,0.0970873786407767,
0.3,0.005,confounded,logger1_heavy,3,source_dependent_reward,0.32362459546925565,0.32362459546925565,0.6084142394822006,0.06472491909385113,0.3268608414239482,0.8284789644012945,0.0744336569579288,0.0970873786407767,
0.3,0.005,confounded,logger1_heavy,4,pooled_mlp,0.39158576051779936,0.39158576051779936,0.5242718446601942,0.12944983818770225,0.34627831715210355,0.8284789644012945,0.0744336569579288,0.0970873786407767,
0.3,0.005,confounded,logger1_heavy,4,source_balanced_pooled_mlp,0.34627831715210355,0.34627831715210355,0.6084142394822006,0.11326860841423948,0.2783171521035599,0.8284789644012945,0.0744336569579288,0.0970873786407767,
0.3,0.005,confounded,logger1_heavy,4,source_conditioned_decoder,0.3300970873786408,0.3300970873786408,0.6019417475728155,0.0970873786407767,0.30097087378640774,0.8284789644012945,0.0744336569579288,0.0970873786407767,
0.3,0.005,confounded,logger1_heavy,4,per_source_models,0.313915857605178,0.313915857605178,0.6245954692556634,0.08090614886731391,0.29449838187702265,0.8284789644012945,0.0744336569579288,0.0970873786407767,
0.3,0.005,confounded,logger1_heavy,4,mechanism_separated,0.39158576051779936,0.39158576051779936,0.5372168284789643,0.07766990291262135,0.3851132686084142,0.8284789644012945,0.0744336569579288,0.0970873786407767,
0.3,0.005,confounded,logger1_heavy,4,oracle_u_aware,0.3268608414239482,0.3268608414239482,0.7022653721682848,0.0744336569579288,0.22330097087378642,0.8284789644012945,0.0744336569579288,0.0970873786407767,
0.3,0.005,confounded,logger1_heavy,4,source_shuffle,0.3883495145631068,0.3883495145631068,0.5501618122977346,0.08090614886731391,0.36893203883495146,0.8284789644012945,0.0744336569579288,0.0970873786407767,
0.3,0.005,confounded,logger1_heavy,4,no_behavior,0.3300970873786408,0.3300970873786408,0.6148867313915858,0.08414239482200647,0.30097087378640774,0.8284789644012945,0.0744336569579288,0.0970873786407767,
0.3,0.005,confounded,logger1_heavy,4,source_dependent_reward,0.28802588996763756,0.28802588996763756,0.6440129449838188,0.06796116504854369,0.28802588996763756,0.8284789644012945,0.0744336569579288,0.0970873786407767,
0.3,0.005,confounded,logger12_balanced,0,pooled_mlp,0.3333333333333333,0.3333333333333333,0.5922330097087378,0.11326860841423948,0.29449838187702265,0.8284789644012945,0.0744336569579288,0.0970873786407767,0.0
0.3,0.005,confounded,logger12_balanced,0,source_balanced_pooled_mlp,0.3333333333333333,0.3333333333333333,0.5922330097087378,0.11326860841423948,0.29449838187702265,0.8284789644012945,0.0744336569579288,0.0970873786407767,0.0
0.3,0.005,confounded,logger12_balanced,0,source_conditioned_decoder,0.2783171521035599,0.2783171521035599,0.6440129449838188,0.08737864077669903,0.2686084142394822,0.8284789644012945,0.0744336569579288,0.0970873786407767,0.0
0.3,0.005,confounded,logger12_balanced,0,per_source_models,0.31715210355987056,0.31715210355987056,0.6084142394822006,0.09385113268608414,0.2977346278317152,0.8284789644012945,0.0744336569579288,0.0970873786407767,0.0
0.3,0.005,confounded,logger12_balanced,0,mechanism_separated,0.31715210355987056,0.31715210355987056,0.6084142394822006,0.09385113268608414,0.2977346278317152,0.8284789644012945,0.0744336569579288,0.0970873786407767,0.0
0.3,0.005,confounded,logger12_balanced,0,oracle_u_aware,0.2750809061488673,0.2750809061488673,0.6925566343042071,0.10355987055016182,0.20388349514563106,0.8284789644012945,0.0744336569579288,0.0970873786407767,0.0
0.3,0.005,confounded,logger12_balanced,0,source_shuffle,0.343042071197411,0.343042071197411,0.5663430420711975,0.11003236245954692,0.32362459546925565,0.8284789644012945,0.0744336569579288,0.0970873786407767,0.0
0.3,0.005,confounded,logger12_balanced,0,no_behavior,0.2912621359223301,0.2912621359223301,0.6472491909385113,0.08737864077669903,0.26537216828478966,0.8284789644012945,0.0744336569579288,0.0970873786407767,0.0
0.3,0.005,confounded,logger12_balanced,0,source_dependent_reward,0.3042071197411003,0.3042071197411003,0.6148867313915858,0.0970873786407767,0.28802588996763756,0.8284789644012945,0.0744336569579288,0.0970873786407767,0.0
0.3,0.005,confounded,logger12_balanced,1,pooled_mlp,0.313915857605178,0.313915857605178,0.6084142394822006,0.0970873786407767,0.29449838187702265,0.8284789644012945,0.0744336569579288,0.0970873786407767,0.0
0.3,0.005,confounded,logger12_balanced,1,source_balanced_pooled_mlp,0.313915857605178,0.313915857605178,0.6084142394822006,0.0970873786407767,0.29449838187702265,0.8284789644012945,0.0744336569579288,0.0970873786407767,0.0
0.3,0.005,confounded,logger12_balanced,1,source_conditioned_decoder,0.3333333333333333,0.3333333333333333,0.5922330097087378,0.07766990291262135,0.3300970873786408,0.8284789644012945,0.0744336569579288,0.0970873786407767,0.0
0.3,0.005,confounded,logger12_balanced,1,per_source_models,0.28802588996763756,0.28802588996763756,0.6343042071197411,0.07119741100323625,0.29449838187702265,0.8284789644012945,0.0744336569579288,0.0970873786407767,0.0
0.3,0.005,confounded,logger12_balanced,1,mechanism_separated,0.3365695792880259,0.3365695792880259,0.5760517799352751,0.11326860841423948,0.3106796116504854,0.8284789644012945,0.0744336569579288,0.0970873786407767,0.0
0.3,0.005,confounded,logger12_balanced,1,oracle_u_aware,0.3074433656957929,0.3074433656957929,0.6148867313915858,0.11650485436893204,0.2686084142394822,0.8284789644012945,0.0744336569579288,0.0970873786407767,0.0
0.3,0.005,confounded,logger12_balanced,1,source_shuffle,0.3300970873786408,0.3300970873786408,0.6019417475728155,0.08414239482200647,0.313915857605178,0.8284789644012945,0.0744336569579288,0.0970873786407767,0.0
0.3,0.005,confounded,logger12_balanced,1,no_behavior,0.3333333333333333,0.3333333333333333,0.5889967637540453,0.11003236245954692,0.30097087378640774,0.8284789644012945,0.0744336569579288,0.0970873786407767,0.0
0.3,0.005,confounded,logger12_balanced,1,source_dependent_reward,0.2977346278317152,0.2977346278317152,0.6343042071197411,0.10679611650485436,0.2588996763754045,0.8284789644012945,0.0744336569579288,0.0970873786407767,0.0
0.3,0.005,confounded,logger12_balanced,2,pooled_mlp,0.30097087378640774,0.30097087378640774,0.6504854368932039,0.10355987055016182,0.2459546925566343,0.8284789644012945,0.0744336569579288,0.0970873786407767,0.0
0.3,0.005,confounded,logger12_balanced,2,source_balanced_pooled_mlp,0.30097087378640774,0.30097087378640774,0.6504854368932039,0.10355987055016182,0.2459546925566343,0.8284789644012945,0.0744336569579288,0.0970873786407767,0.0
0.3,0.005,confounded,logger12_balanced,2,source_conditioned_decoder,0.28802588996763756,0.28802588996763756,0.6343042071197411,0.0970873786407767,0.2686084142394822,0.8284789644012945,0.0744336569579288,0.0970873786407767,0.0
0.3,0.005,confounded,logger12_balanced,2,per_source_models,0.3365695792880259,0.3365695792880259,0.5792880258899676,0.11003236245954692,0.3106796116504854,0.8284789644012945,0.0744336569579288,0.0970873786407767,0.0
0.3,0.005,confounded,logger12_balanced,2,mechanism_separated,0.3042071197411003,0.3042071197411003,0.6019417475728155,0.10679611650485436,0.2912621359223301,0.8284789644012945,0.0744336569579288,0.0970873786407767,0.0
0.3,0.005,confounded,logger12_balanced,2,oracle_u_aware,0.2815533980582524,0.2815533980582524,0.6699029126213593,0.07766990291262135,0.2524271844660194,0.8284789644012945,0.0744336569579288,0.0970873786407767,0.0
0.3,0.005,confounded,logger12_balanced,2,source_shuffle,0.343042071197411,0.343042071197411,0.5631067961165048,0.1262135922330097,0.3106796116504854,0.8284789644012945,0.0744336569579288,0.0970873786407767,0.0
0.3,0.005,confounded,logger12_balanced,2,no_behavior,0.3333333333333333,0.3333333333333333,0.6051779935275081,0.10032362459546926,0.29449838187702265,0.8284789644012945,0.0744336569579288,0.0970873786407767,0.0
0.3,0.005,confounded,logger12_balanced,2,source_dependent_reward,0.33980582524271846,0.33980582524271846,0.5792880258899676,0.0970873786407767,0.32362459546925565,0.8284789644012945,0.0744336569579288,0.0970873786407767,0.0
0.3,0.005,confounded,logger12_balanced,3,pooled_mlp,0.3106796116504854,0.3106796116504854,0.6310679611650486,0.0744336569579288,0.29449838187702265,0.8284789644012945,0.0744336569579288,0.0970873786407767,0.0
0.3,0.005,confounded,logger12_balanced,3,source_balanced_pooled_mlp,0.3106796116504854,0.3106796116504854,0.6310679611650486,0.0744336569579288,0.29449838187702265,0.8284789644012945,0.0744336569579288,0.0970873786407767,0.0
0.3,0.005,confounded,logger12_balanced,3,source_conditioned_decoder,0.2977346278317152,0.2977346278317152,0.6407766990291263,0.07119741100323625,0.28802588996763756,0.8284789644012945,0.0744336569579288,0.0970873786407767,0.0
0.3,0.005,confounded,logger12_balanced,3,per_source_models,0.2815533980582524,0.2815533980582524,0.6440129449838188,0.07766990291262135,0.2783171521035599,0.8284789644012945,0.0744336569579288,0.0970873786407767,0.0
0.3,0.005,confounded,logger12_balanced,3,mechanism_separated,0.3365695792880259,0.3365695792880259,0.6116504854368932,0.08090614886731391,0.3074433656957929,0.8284789644012945,0.0744336569579288,0.0970873786407767,0.0
0.3,0.005,confounded,logger12_balanced,3,oracle_u_aware,0.31715210355987056,0.313915857605178,0.6504854368932039,0.0744336569579288,0.2783171521035599,0.8284789644012945,0.0744336569579288,0.0970873786407767,0.0
0.3,0.005,confounded,logger12_balanced,3,source_shuffle,0.34951456310679613,0.34951456310679613,0.6084142394822006,0.10355987055016182,0.28802588996763756,0.8284789644012945,0.0744336569579288,0.0970873786407767,0.0
0.3,0.005,confounded,logger12_balanced,3,no_behavior,0.3268608414239482,0.3268608414239482,0.6051779935275081,0.10355987055016182,0.2912621359223301,0.8284789644012945,0.0744336569579288,0.0970873786407767,0.0
0.3,0.005,confounded,logger12_balanced,3,source_dependent_reward,0.2783171521035599,0.2783171521035599,0.6699029126213593,0.06472491909385113,0.26537216828478966,0.8284789644012945,0.0744336569579288,0.0970873786407767,0.0
0.3,0.005,confounded,logger12_balanced,4,pooled_mlp,0.34627831715210355,0.34627831715210355,0.6084142394822006,0.11326860841423948,0.2783171521035599,0.8284789644012945,0.0744336569579288,0.0970873786407767,0.0
0.3,0.005,confounded,logger12_balanced,4,source_balanced_pooled_mlp,0.34627831715210355,0.34627831715210355,0.6084142394822006,0.11326860841423948,0.2783171521035599,0.8284789644012945,0.0744336569579288,0.0970873786407767,0.0
0.3,0.005,confounded,logger12_balanced,4,source_conditioned_decoder,0.3042071197411003,0.3042071197411003,0.6245954692556634,0.10679611650485436,0.2686084142394822,0.8284789644012945,0.0744336569579288,0.0970873786407767,0.0
0.3,0.005,confounded,logger12_balanced,4,per_source_models,0.34627831715210355,0.34627831715210355,0.5889967637540453,0.08414239482200647,0.3268608414239482,0.8284789644012945,0.0744336569579288,0.0970873786407767,0.0
0.3,0.005,confounded,logger12_balanced,4,mechanism_separated,0.31715210355987056,0.31715210355987056,0.6116504854368932,0.08737864077669903,0.30097087378640774,0.8284789644012945,0.0744336569579288,0.0970873786407767,0.0
0.3,0.005,confounded,logger12_balanced,4,oracle_u_aware,0.2686084142394822,0.2686084142394822,0.6828478964401294,0.06472491909385113,0.2524271844660194,0.8284789644012945,0.0744336569579288,0.0970873786407767,0.0
0.3,0.005,confounded,logger12_balanced,4,source_shuffle,0.3656957928802589,0.3656957928802589,0.56957928802589,0.08414239482200647,0.34627831715210355,0.8284789644012945,0.0744336569579288,0.0970873786407767,0.0
0.3,0.005,confounded,logger12_balanced,4,no_behavior,0.3365695792880259,0.3365695792880259,0.598705501618123,0.10032362459546926,0.30097087378640774,0.8284789644012945,0.0744336569579288,0.0970873786407767,0.0
0.3,0.005,confounded,logger12_balanced,4,source_dependent_reward,0.32038834951456313,0.32038834951456313,0.5954692556634305,0.0744336569579288,0.3300970873786408,0.8284789644012945,0.0744336569579288,0.0970873786407767,0.0
0.3,0.005,confounded,logger2_heavy,0,pooled_mlp,0.31715210355987056,0.31715210355987056,0.6213592233009708,0.11326860841423948,0.26537216828478966,0.8284789644012945,0.0744336569579288,0.0970873786407767,
0.3,0.005,confounded,logger2_heavy,0,source_balanced_pooled_mlp,0.3333333333333333,0.3333333333333333,0.5922330097087378,0.11326860841423948,0.29449838187702265,0.8284789644012945,0.0744336569579288,0.0970873786407767,
0.3,0.005,confounded,logger2_heavy,0,source_conditioned_decoder,0.23624595469255663,0.23624595469255663,0.7216828478964401,0.05501618122977346,0.22330097087378642,0.8284789644012945,0.0744336569579288,0.0970873786407767,
0.3,0.005,confounded,logger2_heavy,0,per_source_models,0.30097087378640774,0.30097087378640774,0.627831715210356,0.0970873786407767,0.2750809061488673,0.8284789644012945,0.0744336569579288,0.0970873786407767,
0.3,0.005,confounded,logger2_heavy,0,mechanism_separated,0.32038834951456313,0.32038834951456313,0.6019417475728155,0.11650485436893204,0.2815533980582524,0.8284789644012945,0.0744336569579288,0.0970873786407767,
0.3,0.005,confounded,logger2_heavy,0,oracle_u_aware,0.24271844660194175,0.24271844660194175,0.7184466019417476,0.0970873786407767,0.18446601941747573,0.8284789644012945,0.0744336569579288,0.0970873786407767,
0.3,0.005,confounded,logger2_heavy,0,source_shuffle,0.3106796116504854,0.3106796116504854,0.6084142394822006,0.11326860841423948,0.2783171521035599,0.8284789644012945,0.0744336569579288,0.0970873786407767,
0.3,0.005,confounded,logger2_heavy,0,no_behavior,0.2783171521035599,0.2783171521035599,0.6601941747572816,0.0744336569579288,0.26537216828478966,0.8284789644012945,0.0744336569579288,0.0970873786407767,
0.3,0.005,confounded,logger2_heavy,0,source_dependent_reward,0.3365695792880259,0.3365695792880259,0.5922330097087378,0.10355987055016182,0.3042071197411003,0.8284789644012945,0.0744336569579288,0.0970873786407767,
0.3,0.005,confounded,logger2_heavy,1,pooled_mlp,0.2621359223300971,0.2621359223300971,0.6731391585760518,0.11003236245954692,0.2168284789644013,0.8284789644012945,0.0744336569579288,0.0970873786407767,
0.3,0.005,confounded,logger2_heavy,1,source_balanced_pooled_mlp,0.313915857605178,0.313915857605178,0.6084142394822006,0.0970873786407767,0.29449838187702265,0.8284789644012945,0.0744336569579288,0.0970873786407767,
0.3,0.005,confounded,logger2_heavy,1,source_conditioned_decoder,0.2621359223300971,0.2621359223300971,0.6828478964401294,0.07766990291262135,0.23948220064724918,0.8284789644012945,0.0744336569579288,0.0970873786407767,
0.3,0.005,confounded,logger2_heavy,1,per_source_models,0.2815533980582524,0.2815533980582524,0.6407766990291263,0.0970873786407767,0.2621359223300971,0.8284789644012945,0.0744336569579288,0.0970873786407767,
0.3,0.005,confounded,logger2_heavy,1,mechanism_separated,0.3106796116504854,0.3106796116504854,0.6440129449838188,0.07766990291262135,0.2783171521035599,0.8284789644012945,0.0744336569579288,0.0970873786407767,
0.3,0.005,confounded,logger2_heavy,1,oracle_u_aware,0.2686084142394822,0.2686084142394822,0.6699029126213593,0.09385113268608414,0.23624595469255663,0.8284789644012945,0.0744336569579288,0.0970873786407767,
0.3,0.005,confounded,logger2_heavy,1,source_shuffle,0.3106796116504854,0.3106796116504854,0.6472491909385113,0.07766990291262135,0.2750809061488673,0.8284789644012945,0.0744336569579288,0.0970873786407767,
0.3,0.005,confounded,logger2_heavy,1,no_behavior,0.2783171521035599,0.2783171521035599,0.6731391585760518,0.08414239482200647,0.24271844660194175,0.8284789644012945,0.0744336569579288,0.0970873786407767,
0.3,0.005,confounded,logger2_heavy,1,source_dependent_reward,0.29449838187702265,0.29449838187702265,0.6472491909385113,0.08414239482200647,0.2686084142394822,0.8284789644012945,0.0744336569579288,0.0970873786407767,
0.3,0.005,confounded,logger2_heavy,2,pooled_mlp,0.2750809061488673,0.2750809061488673,0.6666666666666666,0.10355987055016182,0.2297734627831715,0.8284789644012945,0.0744336569579288,0.0970873786407767,
0.3,0.005,confounded,logger2_heavy,2,source_balanced_pooled_mlp,0.30097087378640774,0.30097087378640774,0.6504854368932039,0.10355987055016182,0.2459546925566343,0.8284789644012945,0.0744336569579288,0.0970873786407767,
0.3,0.005,confounded,logger2_heavy,2,source_conditioned_decoder,0.26537216828478966,0.26537216828478966,0.6537216828478964,0.0970873786407767,0.24919093851132687,0.8284789644012945,0.0744336569579288,0.0970873786407767,
0.3,0.005,confounded,logger2_heavy,2,per_source_models,0.2912621359223301,0.2912621359223301,0.6343042071197411,0.0970873786407767,0.2686084142394822,0.8284789644012945,0.0744336569579288,0.0970873786407767,
0.3,0.005,confounded,logger2_heavy,2,mechanism_separated,0.32362459546925565,0.32362459546925565,0.5760517799352751,0.1423948220064725,0.284789644012945,0.8284789644012945,0.0744336569579288,0.0970873786407767,
0.3,0.005,confounded,logger2_heavy,2,oracle_u_aware,0.2815533980582524,0.2815533980582524,0.6472491909385113,0.08737864077669903,0.26537216828478966,0.8284789644012945,0.0744336569579288,0.0970873786407767,
0.3,0.005,confounded,logger2_heavy,2,source_shuffle,0.2783171521035599,0.2783171521035599,0.6343042071197411,0.10679611650485436,0.2588996763754045,0.8284789644012945,0.0744336569579288,0.0970873786407767,
0.3,0.005,confounded,logger2_heavy,2,no_behavior,0.3042071197411003,0.3042071197411003,0.5922330097087378,0.11974110032362459,0.28802588996763756,0.8284789644012945,0.0744336569579288,0.0970873786407767,
0.3,0.005,confounded,logger2_heavy,2,source_dependent_reward,0.32038834951456313,0.32038834951456313,0.6084142394822006,0.061488673139158574,0.3300970873786408,0.8284789644012945,0.0744336569579288,0.0970873786407767,
0.3,0.005,confounded,logger2_heavy,3,pooled_mlp,0.31715210355987056,0.31715210355987056,0.6310679611650486,0.08414239482200647,0.284789644012945,0.8284789644012945,0.0744336569579288,0.0970873786407767,
0.3,0.005,confounded,logger2_heavy,3,source_balanced_pooled_mlp,0.3106796116504854,0.3106796116504854,0.6310679611650486,0.0744336569579288,0.29449838187702265,0.8284789644012945,0.0744336569579288,0.0970873786407767,
0.3,0.005,confounded,logger2_heavy,3,source_conditioned_decoder,0.32362459546925565,0.32362459546925565,0.5954692556634305,0.11003236245954692,0.29449838187702265,0.8284789644012945,0.0744336569579288,0.0970873786407767,
0.3,0.005,confounded,logger2_heavy,3,per_source_models,0.313915857605178,0.313915857605178,0.6213592233009708,0.0744336569579288,0.3042071197411003,0.8284789644012945,0.0744336569579288,0.0970873786407767,
0.3,0.005,confounded,logger2_heavy,3,mechanism_separated,0.32038834951456313,0.32038834951456313,0.6375404530744336,0.07119741100323625,0.2912621359223301,0.8284789644012945,0.0744336569579288,0.0970873786407767,
0.3,0.005,confounded,logger2_heavy,3,oracle_u_aware,0.2621359223300971,0.2621359223300971,0.7022653721682848,0.06472491909385113,0.23300970873786409,0.8284789644012945,0.0744336569579288,0.0970873786407767,
0.3,0.005,confounded,logger2_heavy,3,source_shuffle,0.32362459546925565,0.32362459546925565,0.6245954692556634,0.08414239482200647,0.2912621359223301,0.8284789644012945,0.0744336569579288,0.0970873786407767,
0.3,0.005,confounded,logger2_heavy,3,no_behavior,0.313915857605178,0.313915857605178,0.6213592233009708,0.08737864077669903,0.2912621359223301,0.8284789644012945,0.0744336569579288,0.0970873786407767,
0.3,0.005,confounded,logger2_heavy,3,source_dependent_reward,0.30097087378640774,0.30097087378640774,0.6343042071197411,0.09061488673139159,0.2750809061488673,0.8284789644012945,0.0744336569579288,0.0970873786407767,
0.3,0.005,confounded,logger2_heavy,4,pooled_mlp,0.3268608414239482,0.3268608414239482,0.5889967637540453,0.11326860841423948,0.2977346278317152,0.8284789644012945,0.0744336569579288,0.0970873786407767,
0.3,0.005,confounded,logger2_heavy,4,source_balanced_pooled_mlp,0.34627831715210355,0.34627831715210355,0.6084142394822006,0.11326860841423948,0.2783171521035599,0.8284789644012945,0.0744336569579288,0.0970873786407767,
0.3,0.005,confounded,logger2_heavy,4,source_conditioned_decoder,0.28802588996763756,0.28802588996763756,0.6666666666666666,0.0970873786407767,0.23624595469255663,0.8284789644012945,0.0744336569579288,0.0970873786407767,
0.3,0.005,confounded,logger2_heavy,4,per_source_models,0.30097087378640774,0.30097087378640774,0.6375404530744336,0.08090614886731391,0.2815533980582524,0.8284789644012945,0.0744336569579288,0.0970873786407767,
0.3,0.005,confounded,logger2_heavy,4,mechanism_separated,0.3333333333333333,0.3333333333333333,0.6148867313915858,0.0744336569579288,0.3106796116504854,0.8284789644012945,0.0744336569579288,0.0970873786407767,
0.3,0.005,confounded,logger2_heavy,4,oracle_u_aware,0.2621359223300971,0.2621359223300971,0.6957928802588996,0.05825242718446602,0.2459546925566343,0.8284789644012945,0.0744336569579288,0.0970873786407767,
0.3,0.005,confounded,logger2_heavy,4,source_shuffle,0.34627831715210355,0.34627831715210355,0.598705501618123,0.08414239482200647,0.31715210355987056,0.8284789644012945,0.0744336569579288,0.0970873786407767,
0.3,0.005,confounded,logger2_heavy,4,no_behavior,0.284789644012945,0.284789644012945,0.6504854368932039,0.07766990291262135,0.27184466019417475,0.8284789644012945,0.0744336569579288,0.0970873786407767,
0.3,0.005,confounded,logger2_heavy,4,source_dependent_reward,0.3106796116504854,0.3106796116504854,0.6148867313915858,0.10355987055016182,0.2815533980582524,0.8284789644012945,0.0744336569579288,0.0970873786407767,
0.3,0.005,independent_latents,logger1_heavy,0,pooled_mlp,0.32362459546925565,0.32362459546925565,0.5954692556634305,0.10679611650485436,0.2977346278317152,0.8284789644012945,0.0744336569579288,0.0970873786407767,
0.3,0.005,independent_latents,logger1_heavy,0,source_balanced_pooled_mlp,0.2815533980582524,0.2815533980582524,0.6796116504854369,0.0970873786407767,0.22330097087378642,0.8284789644012945,0.0744336569579288,0.0970873786407767,
0.3,0.005,independent_latents,logger1_heavy,0,source_conditioned_decoder,0.2459546925566343,0.2459546925566343,0.7055016181229773,0.04854368932038835,0.2459546925566343,0.8284789644012945,0.0744336569579288,0.0970873786407767,
0.3,0.005,independent_latents,logger1_heavy,0,per_source_models,0.24271844660194175,0.24271844660194175,0.6925566343042071,0.07119741100323625,0.23624595469255663,0.8284789644012945,0.0744336569579288,0.0970873786407767,
0.3,0.005,independent_latents,logger1_heavy,0,mechanism_separated,0.22653721682847897,0.22653721682847897,0.7087378640776699,0.08090614886731391,0.21035598705501618,0.8284789644012945,0.0744336569579288,0.0970873786407767,
0.3,0.005,independent_latents,logger1_heavy,0,oracle_u_aware,0.20064724919093851,0.19741100323624594,0.7540453074433657,0.07119741100323625,0.1779935275080906,0.8284789644012945,0.0744336569579288,0.0970873786407767,
0.3,0.005,independent_latents,logger1_heavy,0,source_shuffle,0.2621359223300971,0.2621359223300971,0.6828478964401294,0.05825242718446602,0.2588996763754045,0.8284789644012945,0.0744336569579288,0.0970873786407767,
0.3,0.005,independent_latents,logger1_heavy,0,no_behavior,0.284789644012945,0.284789644012945,0.6634304207119741,0.08414239482200647,0.2524271844660194,0.8284789644012945,0.0744336569579288,0.0970873786407767,
0.3,0.005,independent_latents,logger1_heavy,0,source_dependent_reward,0.22006472491909385,0.22006472491909385,0.7443365695792881,0.04854368932038835,0.20711974110032363,0.8284789644012945,0.0744336569579288,0.0970873786407767,
0.3,0.005,independent_latents,logger1_heavy,1,pooled_mlp,0.27184466019417475,0.27184466019417475,0.6634304207119741,0.07119741100323625,0.26537216828478966,0.8284789644012945,0.0744336569579288,0.0970873786407767,
0.3,0.005,independent_latents,logger1_heavy,1,source_balanced_pooled_mlp,0.2912621359223301,0.2912621359223301,0.6504854368932039,0.11003236245954692,0.23948220064724918,0.8284789644012945,0.0744336569579288,0.0970873786407767,
0.3,0.005,independent_latents,logger1_heavy,1,source_conditioned_decoder,0.3333333333333333,0.3333333333333333,0.6375404530744336,0.06472491909385113,0.2977346278317152,0.8284789644012945,0.0744336569579288,0.0970873786407767,
0.3,0.005,independent_latents,logger1_heavy,1,per_source_models,0.23300970873786409,0.23300970873786409,0.7055016181229773,0.08414239482200647,0.21035598705501618,0.8284789644012945,0.0744336569579288,0.0970873786407767,
0.3,0.005,independent_latents,logger1_heavy,1,mechanism_separated,0.32038834951456313,0.32038834951456313,0.6310679611650486,0.0970873786407767,0.27184466019417475,0.8284789644012945,0.0744336569579288,0.0970873786407767,
0.3,0.005,independent_latents,logger1_heavy,1,oracle_u_aware,0.21035598705501618,0.21035598705501618,0.7637540453074434,0.045307443365695796,0.19093851132686085,0.8284789644012945,0.0744336569579288,0.0970873786407767,
0.3,0.005,independent_latents,logger1_heavy,1,source_shuffle,0.2524271844660194,0.2524271844660194,0.7184466019417476,0.07766990291262135,0.20388349514563106,0.8284789644012945,0.0744336569579288,0.0970873786407767,
0.3,0.005,independent_latents,logger1_heavy,1,no_behavior,0.255663430420712,0.255663430420712,0.7184466019417476,0.06796116504854369,0.21359223300970873,0.8284789644012945,0.0744336569579288,0.0970873786407767,
0.3,0.005,independent_latents,logger1_heavy,1,source_dependent_reward,0.2621359223300971,0.2621359223300971,0.7022653721682848,0.05825242718446602,0.23948220064724918,0.8284789644012945,0.0744336569579288,0.0970873786407767,
0.3,0.005,independent_latents,logger1_heavy,2,pooled_mlp,0.3268608414239482,0.3268608414239482,0.627831715210356,0.11650485436893204,0.255663430420712,0.8284789644012945,0.0744336569579288,0.0970873786407767,
0.3,0.005,independent_latents,logger1_heavy,2,source_balanced_pooled_mlp,0.20064724919093851,0.19741100323624594,0.7637540453074434,0.04854368932038835,0.19093851132686085,0.8284789644012945,0.0744336569579288,0.0970873786407767,
0.3,0.005,independent_latents,logger1_heavy,2,source_conditioned_decoder,0.255663430420712,0.255663430420712,0.6990291262135923,0.07119741100323625,0.2297734627831715,0.8284789644012945,0.0744336569579288,0.0970873786407767,
0.3,0.005,independent_latents,logger1_heavy,2,per_source_models,0.22006472491909385,0.22006472491909385,0.7216828478964401,0.06796116504854369,0.21035598705501618,0.8284789644012945,0.0744336569579288,0.0970873786407767,
0.3,0.005,independent_latents,logger1_heavy,2,mechanism_separated,0.27184466019417475,0.27184466019417475,0.6796116504854369,0.0744336569579288,0.2459546925566343,0.8284789644012945,0.0744336569579288,0.0970873786407767,
0.3,0.005,independent_latents,logger1_heavy,2,oracle_u_aware,0.26537216828478966,0.26537216828478966,0.6731391585760518,0.07119741100323625,0.255663430420712,0.8284789644012945,0.0744336569579288,0.0970873786407767,
0.3,0.005,independent_latents,logger1_heavy,2,source_shuffle,0.3365695792880259,0.3365695792880259,0.6051779935275081,0.10355987055016182,0.2912621359223301,0.8284789644012945,0.0744336569579288,0.0970873786407767,
0.3,0.005,independent_latents,logger1_heavy,2,no_behavior,0.2686084142394822,0.2686084142394822,0.6828478964401294,0.10032362459546926,0.2168284789644013,0.8284789644012945,0.0744336569579288,0.0970873786407767,
0.3,0.005,independent_latents,logger1_heavy,2,source_dependent_reward,0.27184466019417475,0.27184466019417475,0.6763754045307443,0.08090614886731391,0.24271844660194175,0.8284789644012945,0.0744336569579288,0.0970873786407767,
0.3,0.005,independent_latents,logger1_heavy,3,pooled_mlp,0.2977346278317152,0.2977346278317152,0.6828478964401294,0.0970873786407767,0.22006472491909385,0.8284789644012945,0.0744336569579288,0.0970873786407767,
0.3,0.005,independent_latents,logger1_heavy,3,source_balanced_pooled_mlp,0.313915857605178,0.313915857605178,0.6375404530744336,0.11974110032362459,0.24271844660194175,0.8284789644012945,0.0744336569579288,0.0970873786407767,
0.3,0.005,independent_latents,logger1_heavy,3,source_conditioned_decoder,0.26537216828478966,0.26537216828478966,0.6957928802588996,0.042071197411003236,0.2621359223300971,0.8284789644012945,0.0744336569579288,0.0970873786407767,
0.3,0.005,independent_latents,logger1_heavy,3,per_source_models,0.2815533980582524,0.2815533980582524,0.6537216828478964,0.09385113268608414,0.2524271844660194,0.8284789644012945,0.0744336569579288,0.0970873786407767,
0.3,0.005,independent_latents,logger1_heavy,3,mechanism_separated,0.2912621359223301,0.2912621359223301,0.656957928802589,0.07766990291262135,0.26537216828478966,0.8284789644012945,0.0744336569579288,0.0970873786407767,
0.3,0.005,independent_latents,logger1_heavy,3,oracle_u_aware,0.2750809061488673,0.2750809061488673,0.6634304207119741,0.10355987055016182,0.23300970873786409,0.8284789644012945,0.0744336569579288,0.0970873786407767,
0.3,0.005,independent_latents,logger1_heavy,3,source_shuffle,0.2783171521035599,0.2783171521035599,0.6699029126213593,0.08414239482200647,0.2459546925566343,0.8284789644012945,0.0744336569579288,0.0970873786407767,
0.3,0.005,independent_latents,logger1_heavy,3,no_behavior,0.2783171521035599,0.2783171521035599,0.656957928802589,0.08737864077669903,0.255663430420712,0.8284789644012945,0.0744336569579288,0.0970873786407767,
0.3,0.005,independent_latents,logger1_heavy,3,source_dependent_reward,0.24271844660194175,0.24271844660194175,0.7152103559870551,0.08090614886731391,0.20388349514563106,0.8284789644012945,0.0744336569579288,0.0970873786407767,
0.3,0.005,independent_latents,logger1_heavy,4,pooled_mlp,0.3268608414239482,0.3268608414239482,0.6375404530744336,0.10679611650485436,0.255663430420712,0.8284789644012945,0.0744336569579288,0.0970873786407767,
0.3,0.005,independent_latents,logger1_heavy,4,source_balanced_pooled_mlp,0.31715210355987056,0.31715210355987056,0.6504854368932039,0.11974110032362459,0.2297734627831715,0.8284789644012945,0.0744336569579288,0.0970873786407767,
0.3,0.005,independent_latents,logger1_heavy,4,source_conditioned_decoder,0.2912621359223301,0.2912621359223301,0.6925566343042071,0.08414239482200647,0.22330097087378642,0.8284789644012945,0.0744336569579288,0.0970873786407767,
0.3,0.005,independent_latents,logger1_heavy,4,per_source_models,0.19741100323624594,0.19741100323624594,0.7734627831715211,0.05501618122977346,0.1715210355987055,0.8284789644012945,0.0744336569579288,0.0970873786407767,
0.3,0.005,independent_latents,logger1_heavy,4,mechanism_separated,0.3656957928802589,0.3656957928802589,0.6375404530744336,0.07766990291262135,0.284789644012945,0.8284789644012945,0.0744336569579288,0.0970873786407767,
0.3,0.005,independent_latents,logger1_heavy,4,oracle_u_aware,0.2459546925566343,0.2459546925566343,0.7249190938511327,0.042071197411003236,0.23300970873786409,0.8284789644012945,0.0744336569579288,0.0970873786407767,
0.3,0.005,independent_latents,logger1_heavy,4,source_shuffle,0.37540453074433655,0.37540453074433655,0.5922330097087378,0.08414239482200647,0.32362459546925565,0.8284789644012945,0.0744336569579288,0.0970873786407767,
0.3,0.005,independent_latents,logger1_heavy,4,no_behavior,0.28802588996763756,0.28802588996763756,0.6666666666666666,0.0744336569579288,0.2588996763754045,0.8284789644012945,0.0744336569579288,0.0970873786407767,
0.3,0.005,independent_latents,logger1_heavy,4,source_dependent_reward,0.22006472491909385,0.22006472491909385,0.7087378640776699,0.061488673139158574,0.2297734627831715,0.8284789644012945,0.0744336569579288,0.0970873786407767,
0.3,0.005,independent_latents,logger12_balanced,0,pooled_mlp,0.2815533980582524,0.2815533980582524,0.6796116504854369,0.0970873786407767,0.22330097087378642,0.8284789644012945,0.0744336569579288,0.0970873786407767,
0.3,0.005,independent_latents,logger12_balanced,0,source_balanced_pooled_mlp,0.2815533980582524,0.2815533980582524,0.6796116504854369,0.0970873786407767,0.22330097087378642,0.8284789644012945,0.0744336569579288,0.0970873786407767,
0.3,0.005,independent_latents,logger12_balanced,0,source_conditioned_decoder,0.27184466019417475,0.27184466019417475,0.6796116504854369,0.08090614886731391,0.23948220064724918,0.8284789644012945,0.0744336569579288,0.0970873786407767,
0.3,0.005,independent_latents,logger12_balanced,0,per_source_models,0.2912621359223301,0.2912621359223301,0.6666666666666666,0.07766990291262135,0.255663430420712,0.8284789644012945,0.0744336569579288,0.0970873786407767,
0.3,0.005,independent_latents,logger12_balanced,0,mechanism_separated,0.2686084142394822,0.26537216828478966,0.6796116504854369,0.10032362459546926,0.22330097087378642,0.8284789644012945,0.0744336569579288,0.0970873786407767,
0.3,0.005,independent_latents,logger12_balanced,0,oracle_u_aware,0.1941747572815534,0.1941747572815534,0.7508090614886731,0.08414239482200647,0.1650485436893204,0.8284789644012945,0.0744336569579288,0.0970873786407767,
0.3,0.005,independent_latents,logger12_balanced,0,source_shuffle,0.23624595469255663,0.23624595469255663,0.7313915857605178,0.08414239482200647,0.18446601941747573,0.8284789644012945,0.0744336569579288,0.0970873786407767,
0.3,0.005,independent_latents,logger12_balanced,0,no_behavior,0.23624595469255663,0.23624595469255663,0.6925566343042071,0.06796116504854369,0.23948220064724918,0.8284789644012945,0.0744336569579288,0.0970873786407767,
0.3,0.005,independent_latents,logger12_balanced,0,source_dependent_reward,0.2686084142394822,0.2686084142394822,0.6763754045307443,0.0744336569579288,0.24919093851132687,0.8284789644012945,0.0744336569579288,0.0970873786407767,
0.3,0.005,independent_latents,logger12_balanced,1,pooled_mlp,0.2912621359223301,0.2912621359223301,0.6504854368932039,0.11003236245954692,0.23948220064724918,0.8284789644012945,0.0744336569579288,0.0970873786407767,
0.3,0.005,independent_latents,logger12_balanced,1,source_balanced_pooled_mlp,0.2912621359223301,0.2912621359223301,0.6504854368932039,0.11003236245954692,0.23948220064724918,0.8284789644012945,0.0744336569579288,0.0970873786407767,
0.3,0.005,independent_latents,logger12_balanced,1,source_conditioned_decoder,0.30097087378640774,0.30097087378640774,0.6440129449838188,0.11974110032362459,0.23624595469255663,0.8284789644012945,0.0744336569579288,0.0970873786407767,
0.3,0.005,independent_latents,logger12_balanced,1,per_source_models,0.23624595469255663,0.23624595469255663,0.6957928802588996,0.07766990291262135,0.22653721682847897,0.8284789644012945,0.0744336569579288,0.0970873786407767,
0.3,0.005,independent_latents,logger12_balanced,1,mechanism_separated,0.2977346278317152,0.2977346278317152,0.6699029126213593,0.09385113268608414,0.23624595469255663,0.8284789644012945,0.0744336569579288,0.0970873786407767,
0.3,0.005,independent_latents,logger12_balanced,1,oracle_u_aware,0.284789644012945,0.284789644012945,0.6990291262135923,0.08090614886731391,0.22006472491909385,0.8284789644012945,0.0744336569579288,0.0970873786407767,
0.3,0.005,independent_latents,logger12_balanced,1,source_shuffle,0.3333333333333333,0.3333333333333333,0.6084142394822006,0.10679611650485436,0.284789644012945,0.8284789644012945,0.0744336569579288,0.0970873786407767,
0.3,0.005,independent_latents,logger12_balanced,1,no_behavior,0.255663430420712,0.255663430420712,0.7022653721682848,0.10679611650485436,0.19093851132686085,0.8284789644012945,0.0744336569579288,0.0970873786407767,
0.3,0.005,independent_latents,logger12_balanced,1,source_dependent_reward,0.24271844660194175,0.24271844660194175,0.7281553398058253,0.05825242718446602,0.21359223300970873,0.8284789644012945,0.0744336569579288,0.0970873786407767,
0.3,0.005,independent_latents,logger12_balanced,2,pooled_mlp,0.20064724919093851,0.19741100323624594,0.7637540453074434,0.04854368932038835,0.19093851132686085,0.8284789644012945,0.0744336569579288,0.0970873786407767,
0.3,0.005,independent_latents,logger12_balanced,2,source_balanced_pooled_mlp,0.20064724919093851,0.19741100323624594,0.7637540453074434,0.04854368932038835,0.19093851132686085,0.8284789644012945,0.0744336569579288,0.0970873786407767,
0.3,0.005,independent_latents,logger12_balanced,2,source_conditioned_decoder,0.2783171521035599,0.2783171521035599,0.6666666666666666,0.09061488673139159,0.24271844660194175,0.8284789644012945,0.0744336569579288,0.0970873786407767,
0.3,0.005,independent_latents,logger12_balanced,2,per_source_models,0.2686084142394822,0.2686084142394822,0.6763754045307443,0.09061488673139159,0.23300970873786409,0.8284789644012945,0.0744336569579288,0.0970873786407767,
0.3,0.005,independent_latents,logger12_balanced,2,mechanism_separated,0.24271844660194175,0.24271844660194175,0.7152103559870551,0.08090614886731391,0.20388349514563106,0.8284789644012945,0.0744336569579288,0.0970873786407767,
0.3,0.005,independent_latents,logger12_balanced,2,oracle_u_aware,0.2297734627831715,0.2297734627831715,0.7216828478964401,0.04854368932038835,0.2297734627831715,0.8284789644012945,0.0744336569579288,0.0970873786407767,
0.3,0.005,independent_latents,logger12_balanced,2,source_shuffle,0.2686084142394822,0.2686084142394822,0.6925566343042071,0.09061488673139159,0.2168284789644013,0.8284789644012945,0.0744336569579288,0.0970873786407767,
0.3,0.005,independent_latents,logger12_balanced,2,no_behavior,0.2912621359223301,0.2912621359223301,0.6245954692556634,0.10355987055016182,0.27184466019417475,0.8284789644012945,0.0744336569579288,0.0970873786407767,
0.3,0.005,independent_latents,logger12_balanced,2,source_dependent_reward,0.22006472491909385,0.22006472491909385,0.7055016181229773,0.08414239482200647,0.21035598705501618,0.8284789644012945,0.0744336569579288,0.0970873786407767,
0.3,0.005,independent_latents,logger12_balanced,3,pooled_mlp,0.313915857605178,0.313915857605178,0.6375404530744336,0.11974110032362459,0.24271844660194175,0.8284789644012945,0.0744336569579288,0.0970873786407767,
0.3,0.005,independent_latents,logger12_balanced,3,source_balanced_pooled_mlp,0.313915857605178,0.313915857605178,0.6375404530744336,0.11974110032362459,0.24271844660194175,0.8284789644012945,0.0744336569579288,0.0970873786407767,
0.3,0.005,independent_latents,logger12_balanced,3,source_conditioned_decoder,0.22006472491909385,0.22006472491909385,0.7313915857605178,0.05825242718446602,0.21035598705501618,0.8284789644012945,0.0744336569579288,0.0970873786407767,
0.3,0.005,independent_latents,logger12_balanced,3,per_source_models,0.284789644012945,0.284789644012945,0.6601941747572816,0.0744336569579288,0.26537216828478966,0.8284789644012945,0.0744336569579288,0.0970873786407767,
0.3,0.005,independent_latents,logger12_balanced,3,mechanism_separated,0.343042071197411,0.343042071197411,0.6051779935275081,0.11003236245954692,0.284789644012945,0.8284789644012945,0.0744336569579288,0.0970873786407767,
0.3,0.005,independent_latents,logger12_balanced,3,oracle_u_aware,0.24919093851132687,0.24919093851132687,0.7055016181229773,0.08090614886731391,0.21359223300970873,0.8284789644012945,0.0744336569579288,0.0970873786407767,
0.3,0.005,independent_latents,logger12_balanced,3,source_shuffle,0.28802588996763756,0.28802588996763756,0.6763754045307443,0.06796116504854369,0.255663430420712,0.8284789644012945,0.0744336569579288,0.0970873786407767,
0.3,0.005,independent_latents,logger12_balanced,3,no_behavior,0.28802588996763756,0.28802588996763756,0.6763754045307443,0.0970873786407767,0.22653721682847897,0.8284789644012945,0.0744336569579288,0.0970873786407767,
0.3,0.005,independent_latents,logger12_balanced,3,source_dependent_reward,0.255663430420712,0.255663430420712,0.6796116504854369,0.11974110032362459,0.20064724919093851,0.8284789644012945,0.0744336569579288,0.0970873786407767,
0.3,0.005,independent_latents,logger12_balanced,4,pooled_mlp,0.31715210355987056,0.31715210355987056,0.6504854368932039,0.11974110032362459,0.2297734627831715,0.8284789644012945,0.0744336569579288,0.0970873786407767,
0.3,0.005,independent_latents,logger12_balanced,4,source_balanced_pooled_mlp,0.31715210355987056,0.31715210355987056,0.6504854368932039,0.11974110032362459,0.2297734627831715,0.8284789644012945,0.0744336569579288,0.0970873786407767,
0.3,0.005,independent_latents,logger12_balanced,4,source_conditioned_decoder,0.2297734627831715,0.22653721682847897,0.7572815533980582,0.0744336569579288,0.1715210355987055,0.8284789644012945,0.0744336569579288,0.0970873786407767,
0.3,0.005,independent_latents,logger12_balanced,4,per_source_models,0.22653721682847897,0.22653721682847897,0.7475728155339806,0.05501618122977346,0.19741100323624594,0.8284789644012945,0.0744336569579288,0.0970873786407767,
0.3,0.005,independent_latents,logger12_balanced,4,mechanism_separated,0.33980582524271846,0.33980582524271846,0.6084142394822006,0.09385113268608414,0.2977346278317152,0.8284789644012945,0.0744336569579288,0.0970873786407767,
0.3,0.005,independent_latents,logger12_balanced,4,oracle_u_aware,0.2686084142394822,0.2686084142394822,0.6763754045307443,0.08737864077669903,0.23624595469255663,0.8284789644012945,0.0744336569579288,0.0970873786407767,
0.3,0.005,independent_latents,logger12_balanced,4,source_shuffle,0.2977346278317152,0.2977346278317152,0.6504854368932039,0.07119741100323625,0.2783171521035599,0.8284789644012945,0.0744336569579288,0.0970873786407767,
0.3,0.005,independent_latents,logger12_balanced,4,no_behavior,0.313915857605178,0.313915857605178,0.6601941747572816,0.05501618122977346,0.284789644012945,0.8284789644012945,0.0744336569579288,0.0970873786407767,
0.3,0.005,independent_latents,logger12_balanced,4,source_dependent_reward,0.23948220064724918,0.23948220064724918,0.7055016181229773,0.08414239482200647,0.21035598705501618,0.8284789644012945,0.0744336569579288,0.0970873786407767,
0.3,0.005,independent_latents,logger2_heavy,0,pooled_mlp,0.2783171521035599,0.2783171521035599,0.6893203883495146,0.10032362459546926,0.21035598705501618,0.8284789644012945,0.0744336569579288,0.0970873786407767,
0.3,0.005,independent_latents,logger2_heavy,0,source_balanced_pooled_mlp,0.2815533980582524,0.2815533980582524,0.6796116504854369,0.0970873786407767,0.22330097087378642,0.8284789644012945,0.0744336569579288,0.0970873786407767,
0.3,0.005,independent_latents,logger2_heavy,0,source_conditioned_decoder,0.18770226537216828,0.18770226537216828,0.7702265372168284,0.04854368932038835,0.18122977346278318,0.8284789644012945,0.0744336569579288,0.0970873786407767,
0.3,0.005,independent_latents,logger2_heavy,0,per_source_models,0.2459546925566343,0.2459546925566343,0.6990291262135923,0.09061488673139159,0.21035598705501618,0.8284789644012945,0.0744336569579288,0.0970873786407767,
0.3,0.005,independent_latents,logger2_heavy,0,mechanism_separated,0.21035598705501618,0.21035598705501618,0.7443365695792881,0.0970873786407767,0.15857605177993528,0.8284789644012945,0.0744336569579288,0.0970873786407767,
0.3,0.005,independent_latents,logger2_heavy,0,oracle_u_aware,0.22006472491909385,0.22006472491909385,0.7313915857605178,0.07119741100323625,0.19741100323624594,0.8284789644012945,0.0744336569579288,0.0970873786407767,
0.3,0.005,independent_latents,logger2_heavy,0,source_shuffle,0.21359223300970873,0.21359223300970873,0.7734627831715211,0.05177993527508091,0.17475728155339806,0.8284789644012945,0.0744336569579288,0.0970873786407767,
0.3,0.005,independent_latents,logger2_heavy,0,no_behavior,0.18446601941747573,0.18446601941747573,0.7766990291262136,0.05501618122977346,0.16828478964401294,0.8284789644012945,0.0744336569579288,0.0970873786407767,
0.3,0.005,independent_latents,logger2_heavy,0,source_dependent_reward,0.21359223300970873,0.21359223300970873,0.7508090614886731,0.05177993527508091,0.19741100323624594,0.8284789644012945,0.0744336569579288,0.0970873786407767,
0.3,0.005,independent_latents,logger2_heavy,1,pooled_mlp,0.2783171521035599,0.2783171521035599,0.6310679611650486,0.08737864077669903,0.2815533980582524,0.8284789644012945,0.0744336569579288,0.0970873786407767,
0.3,0.005,independent_latents,logger2_heavy,1,source_balanced_pooled_mlp,0.2912621359223301,0.2912621359223301,0.6504854368932039,0.11003236245954692,0.23948220064724918,0.8284789644012945,0.0744336569579288,0.0970873786407767,
0.3,0.005,independent_latents,logger2_heavy,1,source_conditioned_decoder,0.2168284789644013,0.2168284789644013,0.7184466019417476,0.08414239482200647,0.19741100323624594,0.8284789644012945,0.0744336569579288,0.0970873786407767,
0.3,0.005,independent_latents,logger2_heavy,1,per_source_models,0.1941747572815534,0.1941747572815534,0.7378640776699029,0.0744336569579288,0.18770226537216828,0.8284789644012945,0.0744336569579288,0.0970873786407767,
0.3,0.005,independent_latents,logger2_heavy,1,mechanism_separated,0.3042071197411003,0.3042071197411003,0.6634304207119741,0.09385113268608414,0.24271844660194175,0.8284789644012945,0.0744336569579288,0.0970873786407767,
0.3,0.005,independent_latents,logger2_heavy,1,oracle_u_aware,0.2912621359223301,0.2912621359223301,0.6601941747572816,0.0744336569579288,0.26537216828478966,0.8284789644012945,0.0744336569579288,0.0970873786407767,
0.3,0.005,independent_latents,logger2_heavy,1,source_shuffle,0.3333333333333333,0.3333333333333333,0.6051779935275081,0.1262135922330097,0.2686084142394822,0.8284789644012945,0.0744336569579288,0.0970873786407767,
0.3,0.005,independent_latents,logger2_heavy,1,no_behavior,0.2524271844660194,0.2524271844660194,0.7249190938511327,0.07119741100323625,0.20388349514563106,0.8284789644012945,0.0744336569579288,0.0970873786407767,
0.3,0.005,independent_latents,logger2_heavy,1,source_dependent_reward,0.2588996763754045,0.2588996763754045,0.6925566343042071,0.07766990291262135,0.2297734627831715,0.8284789644012945,0.0744336569579288,0.0970873786407767,
0.3,0.005,independent_latents,logger2_heavy,2,pooled_mlp,0.32362459546925565,0.32362459546925565,0.6375404530744336,0.11326860841423948,0.24919093851132687,0.8284789644012945,0.0744336569579288,0.0970873786407767,
0.3,0.005,independent_latents,logger2_heavy,2,source_balanced_pooled_mlp,0.20064724919093851,0.19741100323624594,0.7637540453074434,0.04854368932038835,0.19093851132686085,0.8284789644012945,0.0744336569579288,0.0970873786407767,
0.3,0.005,independent_latents,logger2_heavy,2,source_conditioned_decoder,0.20064724919093851,0.20064724919093851,0.7508090614886731,0.06796116504854369,0.18122977346278318,0.8284789644012945,0.0744336569579288,0.0970873786407767,
0.3,0.005,independent_latents,logger2_heavy,2,per_source_models,0.22653721682847897,0.22653721682847897,0.7119741100323624,0.08414239482200647,0.20388349514563106,0.8284789644012945,0.0744336569579288,0.0970873786407767,
0.3,0.005,independent_latents,logger2_heavy,2,mechanism_separated,0.2686084142394822,0.2686084142394822,0.7216828478964401,0.10032362459546926,0.1779935275080906,0.8284789644012945,0.0744336569579288,0.0970873786407767,
0.3,0.005,independent_latents,logger2_heavy,2,oracle_u_aware,0.2588996763754045,0.2588996763754045,0.7055016181229773,0.06796116504854369,0.22653721682847897,0.8284789644012945,0.0744336569579288,0.0970873786407767,
0.3,0.005,independent_latents,logger2_heavy,2,source_shuffle,0.20388349514563106,0.20388349514563106,0.7669902912621359,0.061488673139158574,0.1715210355987055,0.8284789644012945,0.0744336569579288,0.0970873786407767,
0.3,0.005,independent_latents,logger2_heavy,2,no_behavior,0.23948220064724918,0.23948220064724918,0.7216828478964401,0.08090614886731391,0.19741100323624594,0.8284789644012945,0.0744336569579288,0.0970873786407767,
0.3,0.005,independent_latents,logger2_heavy,2,source_dependent_reward,0.284789644012945,0.284789644012945,0.6504854368932039,0.0744336569579288,0.2750809061488673,0.8284789644012945,0.0744336569579288,0.0970873786407767,
0.3,0.005,independent_latents,logger2_heavy,3,pooled_mlp,0.3300970873786408,0.3300970873786408,0.6148867313915858,0.0970873786407767,0.28802588996763756,0.8284789644012945,0.0744336569579288,0.0970873786407767,
0.3,0.005,independent_latents,logger2_heavy,3,source_balanced_pooled_mlp,0.313915857605178,0.313915857605178,0.6375404530744336,0.11974110032362459,0.24271844660194175,0.8284789644012945,0.0744336569579288,0.0970873786407767,
0.3,0.005,independent_latents,logger2_heavy,3,source_conditioned_decoder,0.2783171521035599,0.2783171521035599,0.6601941747572816,0.07119741100323625,0.2686084142394822,0.8284789644012945,0.0744336569579288,0.0970873786407767,
0.3,0.005,independent_latents,logger2_heavy,3,per_source_models,0.2783171521035599,0.2783171521035599,0.6731391585760518,0.09385113268608414,0.23300970873786409,0.8284789644012945,0.0744336569579288,0.0970873786407767,
0.3,0.005,independent_latents,logger2_heavy,3,mechanism_separated,0.3074433656957929,0.3074433656957929,0.6472491909385113,0.09385113268608414,0.2588996763754045,0.8284789644012945,0.0744336569579288,0.0970873786407767,
0.3,0.005,independent_latents,logger2_heavy,3,oracle_u_aware,0.28802588996763756,0.28802588996763756,0.6537216828478964,0.09385113268608414,0.2524271844660194,0.8284789644012945,0.0744336569579288,0.0970873786407767,
0.3,0.005,independent_latents,logger2_heavy,3,source_shuffle,0.3042071197411003,0.3042071197411003,0.6440129449838188,0.08090614886731391,0.2750809061488673,0.8284789644012945,0.0744336569579288,0.0970873786407767,
0.3,0.005,independent_latents,logger2_heavy,3,no_behavior,0.2977346278317152,0.2977346278317152,0.6343042071197411,0.11003236245954692,0.255663430420712,0.8284789644012945,0.0744336569579288,0.0970873786407767,
0.3,0.005,independent_latents,logger2_heavy,3,source_dependent_reward,0.32362459546925565,0.32362459546925565,0.6019417475728155,0.11003236245954692,0.28802588996763756,0.8284789644012945,0.0744336569579288,0.0970873786407767,
0.3,0.005,independent_latents,logger2_heavy,4,pooled_mlp,0.30097087378640774,0.30097087378640774,0.6472491909385113,0.10355987055016182,0.24919093851132687,0.8284789644012945,0.0744336569579288,0.0970873786407767,
0.3,0.005,independent_latents,logger2_heavy,4,source_balanced_pooled_mlp,0.31715210355987056,0.31715210355987056,0.6504854368932039,0.11974110032362459,0.2297734627831715,0.8284789644012945,0.0744336569579288,0.0970873786407767,
0.3,0.005,independent_latents,logger2_heavy,4,source_conditioned_decoder,0.24271844660194175,0.24271844660194175,0.7475728155339806,0.10032362459546926,0.15210355987055016,0.8284789644012945,0.0744336569579288,0.0970873786407767,
0.3,0.005,independent_latents,logger2_heavy,4,per_source_models,0.2168284789644013,0.2168284789644013,0.7540453074433657,0.061488673139158574,0.18446601941747573,0.8284789644012945,0.0744336569579288,0.0970873786407767,
0.3,0.005,independent_latents,logger2_heavy,4,mechanism_separated,0.23624595469255663,0.23624595469255663,0.7346278317152104,0.08090614886731391,0.18446601941747573,0.8284789644012945,0.0744336569579288,0.0970873786407767,
0.3,0.005,independent_latents,logger2_heavy,4,oracle_u_aware,0.23300970873786409,0.23300970873786409,0.7313915857605178,0.04854368932038835,0.22006472491909385,0.8284789644012945,0.0744336569579288,0.0970873786407767,
0.3,0.005,independent_latents,logger2_heavy,4,source_shuffle,0.21359223300970873,0.21359223300970873,0.7508090614886731,0.045307443365695796,0.20388349514563106,0.8284789644012945,0.0744336569579288,0.0970873786407767,
0.3,0.005,independent_latents,logger2_heavy,4,no_behavior,0.2297734627831715,0.2297734627831715,0.7281553398058253,0.061488673139158574,0.21035598705501618,0.8284789644012945,0.0744336569579288,0.0970873786407767,
0.3,0.005,independent_latents,logger2_heavy,4,source_dependent_reward,0.2297734627831715,0.2297734627831715,0.7411003236245954,0.05177993527508091,0.20711974110032363,0.8284789644012945,0.0744336569579288,0.0970873786407767,
0.3,0.01,confounded,logger1_heavy,0,pooled_mlp,0.49838187702265374,0.49838187702265374,0.4077669902912621,0.09385113268608414,0.49838187702265374,0.8284789644012945,0.0744336569579288,0.0970873786407767,
0.3,0.01,confounded,logger1_heavy,0,source_balanced_pooled_mlp,0.5275080906148867,0.5275080906148867,0.39158576051779936,0.0970873786407767,0.511326860841424,0.8284789644012945,0.0744336569579288,0.0970873786407767,
0.3,0.01,confounded,logger1_heavy,0,source_conditioned_decoder,0.45307443365695793,0.45307443365695793,0.4563106796116505,0.06472491909385113,0.47896440129449835,0.8284789644012945,0.0744336569579288,0.0970873786407767,
0.3,0.01,confounded,logger1_heavy,0,per_source_models,0.42718446601941745,0.42718446601941745,0.47249190938511326,0.10355987055016182,0.42394822006472493,0.8284789644012945,0.0744336569579288,0.0970873786407767,
0.3,0.01,confounded,logger1_heavy,0,mechanism_separated,0.511326860841424,0.511326860841424,0.3948220064724919,0.10032362459546926,0.5048543689320388,0.8284789644012945,0.0744336569579288,0.0970873786407767,
0.3,0.01,confounded,logger1_heavy,0,oracle_u_aware,0.24919093851132687,0.24919093851132687,0.7152103559870551,0.08414239482200647,0.20064724919093851,0.8284789644012945,0.0744336569579288,0.0970873786407767,
0.3,0.01,confounded,logger1_heavy,0,source_shuffle,0.49514563106796117,0.49514563106796117,0.41423948220064727,0.11974110032362459,0.46601941747572817,0.8284789644012945,0.0744336569579288,0.0970873786407767,
0.3,0.01,confounded,logger1_heavy,0,no_behavior,0.5339805825242718,0.5339805825242718,0.36245954692556637,0.06796116504854369,0.56957928802589,0.8284789644012945,0.0744336569579288,0.0970873786407767,
0.3,0.01,confounded,logger1_heavy,0,source_dependent_reward,0.47896440129449835,0.47896440129449835,0.43042071197411,0.07766990291262135,0.4919093851132686,0.8284789644012945,0.0744336569579288,0.0970873786407767,
0.3,0.01,confounded,logger1_heavy,1,pooled_mlp,0.47896440129449835,0.47896440129449835,0.4336569579288026,0.08737864077669903,0.47896440129449835,0.8284789644012945,0.0744336569579288,0.0970873786407767,
0.3,0.01,confounded,logger1_heavy,1,source_balanced_pooled_mlp,0.42718446601941745,0.42718446601941745,0.4886731391585761,0.11003236245954692,0.40129449838187703,0.8284789644012945,0.0744336569579288,0.0970873786407767,
0.3,0.01,confounded,logger1_heavy,1,source_conditioned_decoder,0.4854368932038835,0.4854368932038835,0.42071197411003236,0.08090614886731391,0.49838187702265374,0.8284789644012945,0.0744336569579288,0.0970873786407767,
0.3,0.01,confounded,logger1_heavy,1,per_source_models,0.4563106796116505,0.4563106796116505,0.4563106796116505,0.10032362459546926,0.44336569579288027,0.8284789644012945,0.0744336569579288,0.0970873786407767,
0.3,0.01,confounded,logger1_heavy,1,mechanism_separated,0.5275080906148867,0.5275080906148867,0.3786407766990291,0.11003236245954692,0.511326860841424,0.8284789644012945,0.0744336569579288,0.0970873786407767,
0.3,0.01,confounded,logger1_heavy,1,oracle_u_aware,0.3268608414239482,0.3268608414239482,0.6148867313915858,0.1262135922330097,0.2588996763754045,0.8284789644012945,0.0744336569579288,0.0970873786407767,
0.3,0.01,confounded,logger1_heavy,1,source_shuffle,0.5307443365695793,0.5307443365695793,0.3851132686084142,0.0744336569579288,0.540453074433657,0.8284789644012945,0.0744336569579288,0.0970873786407767,
0.3,0.01,confounded,logger1_heavy,1,no_behavior,0.5307443365695793,0.5307443365695793,0.3786407766990291,0.08737864077669903,0.5339805825242718,0.8284789644012945,0.0744336569579288,0.0970873786407767,
0.3,0.01,confounded,logger1_heavy,1,source_dependent_reward,0.4627831715210356,0.4627831715210356,0.4401294498381877,0.07119741100323625,0.4886731391585761,0.8284789644012945,0.0744336569579288,0.0970873786407767,
0.3,0.01,confounded,logger1_heavy,2,pooled_mlp,0.5663430420711975,0.5663430420711975,0.3365695792880259,0.12297734627831715,0.540453074433657,0.8284789644012945,0.0744336569579288,0.0970873786407767,
0.3,0.01,confounded,logger1_heavy,2,source_balanced_pooled_mlp,0.43042071197411,0.43042071197411,0.4854368932038835,0.13268608414239483,0.3818770226537217,0.8284789644012945,0.0744336569579288,0.0970873786407767,
0.3,0.01,confounded,logger1_heavy,2,source_conditioned_decoder,0.4919093851132686,0.4919093851132686,0.41423948220064727,0.07766990291262135,0.5080906148867314,0.8284789644012945,0.0744336569579288,0.0970873786407767,
0.3,0.01,confounded,logger1_heavy,2,per_source_models,0.459546925566343,0.4563106796116505,0.44660194174757284,0.1262135922330097,0.43042071197411,0.8284789644012945,0.0744336569579288,0.0970873786407767,
0.3,0.01,confounded,logger1_heavy,2,mechanism_separated,0.540453074433657,0.540453074433657,0.3559870550161812,0.09061488673139159,0.5533980582524272,0.8284789644012945,0.0744336569579288,0.0970873786407767,
0.3,0.01,confounded,logger1_heavy,2,oracle_u_aware,0.3300970873786408,0.3300970873786408,0.6051779935275081,0.08737864077669903,0.3074433656957929,0.8284789644012945,0.0744336569579288,0.0970873786407767,
0.3,0.01,confounded,logger1_heavy,2,source_shuffle,0.5631067961165048,0.5631067961165048,0.3333333333333333,0.08414239482200647,0.5825242718446602,0.8284789644012945,0.0744336569579288,0.0970873786407767,
0.3,0.01,confounded,logger1_heavy,2,no_behavior,0.56957928802589,0.56957928802589,0.33980582524271846,0.10355987055016182,0.5566343042071198,0.8284789644012945,0.0744336569579288,0.0970873786407767,
0.3,0.01,confounded,logger1_heavy,2,source_dependent_reward,0.5533980582524272,0.5533980582524272,0.35275080906148865,0.0970873786407767,0.5501618122977346,0.8284789644012945,0.0744336569579288,0.0970873786407767,
0.3,0.01,confounded,logger1_heavy,3,pooled_mlp,0.46601941747572817,0.46601941747572817,0.44336569579288027,0.11974110032362459,0.4368932038834951,0.8284789644012945,0.0744336569579288,0.0970873786407767,
0.3,0.01,confounded,logger1_heavy,3,source_balanced_pooled_mlp,0.5048543689320388,0.5048543689320388,0.4045307443365696,0.11974110032362459,0.47572815533980584,0.8284789644012945,0.0744336569579288,0.0970873786407767,
0.3,0.01,confounded,logger1_heavy,3,source_conditioned_decoder,0.47572815533980584,0.47572815533980584,0.44983818770226536,0.07766990291262135,0.47249190938511326,0.8284789644012945,0.0744336569579288,0.0970873786407767,
0.3,0.01,confounded,logger1_heavy,3,per_source_models,0.4886731391585761,0.4886731391585761,0.42071197411003236,0.06796116504854369,0.511326860841424,0.8284789644012945,0.0744336569579288,0.0970873786407767,
0.3,0.01,confounded,logger1_heavy,3,mechanism_separated,0.4627831715210356,0.4627831715210356,0.4563106796116505,0.1262135922330097,0.4174757281553398,0.8284789644012945,0.0744336569579288,0.0970873786407767,
0.3,0.01,confounded,logger1_heavy,3,oracle_u_aware,0.2750809061488673,0.2750809061488673,0.6957928802588996,0.061488673139158574,0.24271844660194175,0.8284789644012945,0.0744336569579288,0.0970873786407767,
0.3,0.01,confounded,logger1_heavy,3,source_shuffle,0.5210355987055016,0.5210355987055016,0.4110032362459547,0.12944983818770225,0.459546925566343,0.8284789644012945,0.0744336569579288,0.0970873786407767,
0.3,0.01,confounded,logger1_heavy,3,no_behavior,0.540453074433657,0.540453074433657,0.3948220064724919,0.08090614886731391,0.5242718446601942,0.8284789644012945,0.0744336569579288,0.0970873786407767,
0.3,0.01,confounded,logger1_heavy,3,source_dependent_reward,0.43042071197411,0.43042071197411,0.4854368932038835,0.08090614886731391,0.4336569579288026,0.8284789644012945,0.0744336569579288,0.0970873786407767,
0.3,0.01,confounded,logger1_heavy,4,pooled_mlp,0.5436893203883495,0.5436893203883495,0.3592233009708738,0.07766990291262135,0.5631067961165048,0.8284789644012945,0.0744336569579288,0.0970873786407767,
0.3,0.01,confounded,logger1_heavy,4,source_balanced_pooled_mlp,0.5145631067961165,0.5145631067961165,0.3948220064724919,0.11003236245954692,0.49514563106796117,0.8284789644012945,0.0744336569579288,0.0970873786407767,
0.3,0.01,confounded,logger1_heavy,4,source_conditioned_decoder,0.4368932038834951,0.4368932038834951,0.47249190938511326,0.08414239482200647,0.44336569579288027,0.8284789644012945,0.0744336569579288,0.0970873786407767,
0.3,0.01,confounded,logger1_heavy,4,per_source_models,0.4627831715210356,0.4627831715210356,0.44983818770226536,0.10355987055016182,0.44660194174757284,0.8284789644012945,0.0744336569579288,0.0970873786407767,
0.3,0.01,confounded,logger1_heavy,4,mechanism_separated,0.5533980582524272,0.5533980582524272,0.3656957928802589,0.08090614886731391,0.5533980582524272,0.8284789644012945,0.0744336569579288,0.0970873786407767,
0.3,0.01,confounded,logger1_heavy,4,oracle_u_aware,0.28802588996763756,0.28802588996763756,0.686084142394822,0.061488673139158574,0.2524271844660194,0.8284789644012945,0.0744336569579288,0.0970873786407767,
0.3,0.01,confounded,logger1_heavy,4,source_shuffle,0.5598705501618123,0.5598705501618123,0.3559870550161812,0.10032362459546926,0.5436893203883495,0.8284789644012945,0.0744336569579288,0.0970873786407767,
0.3,0.01,confounded,logger1_heavy,4,no_behavior,0.5631067961165048,0.5631067961165048,0.34951456310679613,0.09061488673139159,0.5598705501618123,0.8284789644012945,0.0744336569579288,0.0970873786407767,
0.3,0.01,confounded,logger1_heavy,4,source_dependent_reward,0.4563106796116505,0.4563106796116505,0.4401294498381877,0.08414239482200647,0.47572815533980584,0.8284789644012945,0.0744336569579288,0.0970873786407767,
0.3,0.01,confounded,logger12_balanced,0,pooled_mlp,0.5275080906148867,0.5275080906148867,0.39158576051779936,0.0970873786407767,0.511326860841424,0.8284789644012945,0.0744336569579288,0.0970873786407767,0.0
0.3,0.01,confounded,logger12_balanced,0,source_balanced_pooled_mlp,0.5275080906148867,0.5275080906148867,0.39158576051779936,0.0970873786407767,0.511326860841424,0.8284789644012945,0.0744336569579288,0.0970873786407767,0.0
0.3,0.01,confounded,logger12_balanced,0,source_conditioned_decoder,0.5048543689320388,0.5048543689320388,0.4045307443365696,0.08737864077669903,0.5080906148867314,0.8284789644012945,0.0744336569579288,0.0970873786407767,0.0
0.3,0.01,confounded,logger12_balanced,0,per_source_models,0.49838187702265374,0.49838187702265374,0.4045307443365696,0.08737864077669903,0.5080906148867314,0.8284789644012945,0.0744336569579288,0.0970873786407767,0.0
0.3,0.01,confounded,logger12_balanced,0,mechanism_separated,0.5339805825242718,0.5339805825242718,0.3786407766990291,0.08414239482200647,0.5372168284789643,0.8284789644012945,0.0744336569579288,0.0970873786407767,0.0
0.3,0.01,confounded,logger12_balanced,0,oracle_u_aware,0.2783171521035599,0.2783171521035599,0.6990291262135923,0.08414239482200647,0.2168284789644013,0.8284789644012945,0.0744336569579288,0.0970873786407767,0.0
0.3,0.01,confounded,logger12_balanced,0,source_shuffle,0.5275080906148867,0.5275080906148867,0.3786407766990291,0.09385113268608414,0.5275080906148867,0.8284789644012945,0.0744336569579288,0.0970873786407767,0.0
0.3,0.01,confounded,logger12_balanced,0,no_behavior,0.517799352750809,0.517799352750809,0.3851132686084142,0.08737864077669903,0.5275080906148867,0.8284789644012945,0.0744336569579288,0.0970873786407767,0.0
0.3,0.01,confounded,logger12_balanced,0,source_dependent_reward,0.5016181229773463,0.5016181229773463,0.41423948220064727,0.07119741100323625,0.5145631067961165,0.8284789644012945,0.0744336569579288,0.0970873786407767,0.0
0.3,0.01,confounded,logger12_balanced,1,pooled_mlp,0.42718446601941745,0.42718446601941745,0.4886731391585761,0.11003236245954692,0.40129449838187703,0.8284789644012945,0.0744336569579288,0.0970873786407767,0.0
0.3,0.01,confounded,logger12_balanced,1,source_balanced_pooled_mlp,0.42718446601941745,0.42718446601941745,0.4886731391585761,0.11003236245954692,0.40129449838187703,0.8284789644012945,0.0744336569579288,0.0970873786407767,0.0
0.3,0.01,confounded,logger12_balanced,1,source_conditioned_decoder,0.48220064724919093,0.48220064724919093,0.4368932038834951,0.10679611650485436,0.4563106796116505,0.8284789644012945,0.0744336569579288,0.0970873786407767,0.0
0.3,0.01,confounded,logger12_balanced,1,per_source_models,0.46601941747572817,0.46601941747572817,0.4563106796116505,0.08414239482200647,0.459546925566343,0.8284789644012945,0.0744336569579288,0.0970873786407767,0.0
0.3,0.01,confounded,logger12_balanced,1,mechanism_separated,0.4919093851132686,0.4919093851132686,0.42394822006472493,0.11974110032362459,0.4563106796116505,0.8284789644012945,0.0744336569579288,0.0970873786407767,0.0
0.3,0.01,confounded,logger12_balanced,1,oracle_u_aware,0.2912621359223301,0.2912621359223301,0.6375404530744336,0.10679611650485436,0.255663430420712,0.8284789644012945,0.0744336569579288,0.0970873786407767,0.0
0.3,0.01,confounded,logger12_balanced,1,source_shuffle,0.5210355987055016,0.5210355987055016,0.39158576051779936,0.1262135922330097,0.48220064724919093,0.8284789644012945,0.0744336569579288,0.0970873786407767,0.0
0.3,0.01,confounded,logger12_balanced,1,no_behavior,0.49514563106796117,0.49514563106796117,0.4045307443365696,0.10355987055016182,0.4919093851132686,0.8284789644012945,0.0744336569579288,0.0970873786407767,0.0
0.3,0.01,confounded,logger12_balanced,1,source_dependent_reward,0.42394822006472493,0.42394822006472493,0.4886731391585761,0.042071197411003236,0.4692556634304207,0.8284789644012945,0.0744336569579288,0.0970873786407767,0.0
0.3,0.01,confounded,logger12_balanced,2,pooled_mlp,0.43042071197411,0.43042071197411,0.4854368932038835,0.13268608414239483,0.3818770226537217,0.8284789644012945,0.0744336569579288,0.0970873786407767,0.0
0.3,0.01,confounded,logger12_balanced,2,source_balanced_pooled_mlp,0.43042071197411,0.43042071197411,0.4854368932038835,0.13268608414239483,0.3818770226537217,0.8284789644012945,0.0744336569579288,0.0970873786407767,0.0
0.3,0.01,confounded,logger12_balanced,2,source_conditioned_decoder,0.44336569579288027,0.44336569579288027,0.459546925566343,0.09061488673139159,0.44983818770226536,0.8284789644012945,0.0744336569579288,0.0970873786407767,0.0
0.3,0.01,confounded,logger12_balanced,2,per_source_models,0.48220064724919093,0.48220064724919093,0.42718446601941745,0.10679611650485436,0.46601941747572817,0.8284789644012945,0.0744336569579288,0.0970873786407767,0.0
0.3,0.01,confounded,logger12_balanced,2,mechanism_separated,0.44660194174757284,0.44660194174757284,0.45307443365695793,0.12944983818770225,0.4174757281553398,0.8284789644012945,0.0744336569579288,0.0970873786407767,0.0
0.3,0.01,confounded,logger12_balanced,2,oracle_u_aware,0.2750809061488673,0.2750809061488673,0.6957928802588996,0.07119741100323625,0.23300970873786409,0.8284789644012945,0.0744336569579288,0.0970873786407767,0.0
0.3,0.01,confounded,logger12_balanced,2,source_shuffle,0.47249190938511326,0.47249190938511326,0.4174757281553398,0.11974110032362459,0.4627831715210356,0.8284789644012945,0.0744336569579288,0.0970873786407767,0.0
0.3,0.01,confounded,logger12_balanced,2,no_behavior,0.47249190938511326,0.47249190938511326,0.43042071197411,0.11326860841423948,0.4563106796116505,0.8284789644012945,0.0744336569579288,0.0970873786407767,0.0
0.3,0.01,confounded,logger12_balanced,2,source_dependent_reward,0.4854368932038835,0.48220064724919093,0.4336569579288026,0.08414239482200647,0.4854368932038835,0.8284789644012945,0.0744336569579288,0.0970873786407767,0.0
0.3,0.01,confounded,logger12_balanced,3,pooled_mlp,0.5048543689320388,0.5048543689320388,0.4045307443365696,0.11974110032362459,0.47572815533980584,0.8284789644012945,0.0744336569579288,0.0970873786407767,0.0
0.3,0.01,confounded,logger12_balanced,3,source_balanced_pooled_mlp,0.5048543689320388,0.5048543689320388,0.4045307443365696,0.11974110032362459,0.47572815533980584,0.8284789644012945,0.0744336569579288,0.0970873786407767,0.0
0.3,0.01,confounded,logger12_balanced,3,source_conditioned_decoder,0.47896440129449835,0.47896440129449835,0.42718446601941745,0.10355987055016182,0.4692556634304207,0.8284789644012945,0.0744336569579288,0.0970873786407767,0.0
0.3,0.01,confounded,logger12_balanced,3,per_source_models,0.44336569579288027,0.44336569579288027,0.459546925566343,0.0970873786407767,0.44336569579288027,0.8284789644012945,0.0744336569579288,0.0970873786407767,0.0
0.3,0.01,confounded,logger12_balanced,3,mechanism_separated,0.44336569579288027,0.44336569579288027,0.4692556634304207,0.09385113268608414,0.4368932038834951,0.8284789644012945,0.0744336569579288,0.0970873786407767,0.0
0.3,0.01,confounded,logger12_balanced,3,oracle_u_aware,0.2297734627831715,0.2297734627831715,0.7313915857605178,0.061488673139158574,0.20711974110032363,0.8284789644012945,0.0744336569579288,0.0970873786407767,0.0
0.3,0.01,confounded,logger12_balanced,3,source_shuffle,0.4692556634304207,0.4692556634304207,0.45307443365695793,0.0970873786407767,0.44983818770226536,0.8284789644012945,0.0744336569579288,0.0970873786407767,0.0
0.3,0.01,confounded,logger12_balanced,3,no_behavior,0.4886731391585761,0.4886731391585761,0.42718446601941745,0.11974110032362459,0.45307443365695793,0.8284789644012945,0.0744336569579288,0.0970873786407767,0.0
0.3,0.01,confounded,logger12_balanced,3,source_dependent_reward,0.48220064724919093,0.48220064724919093,0.4336569579288026,0.06472491909385113,0.5016181229773463,0.8284789644012945,0.0744336569579288,0.0970873786407767,0.0
0.3,0.01,confounded,logger12_balanced,4,pooled_mlp,0.5145631067961165,0.5145631067961165,0.3948220064724919,0.11003236245954692,0.49514563106796117,0.8284789644012945,0.0744336569579288,0.0970873786407767,0.0
0.3,0.01,confounded,logger12_balanced,4,source_balanced_pooled_mlp,0.5145631067961165,0.5145631067961165,0.3948220064724919,0.11003236245954692,0.49514563106796117,0.8284789644012945,0.0744336569579288,0.0970873786407767,0.0
0.3,0.01,confounded,logger12_balanced,4,source_conditioned_decoder,0.4886731391585761,0.4886731391585761,0.41423948220064727,0.11003236245954692,0.47572815533980584,0.8284789644012945,0.0744336569579288,0.0970873786407767,0.0
0.3,0.01,confounded,logger12_balanced,4,per_source_models,0.44336569579288027,0.44336569579288027,0.47896440129449835,0.08090614886731391,0.4401294498381877,0.8284789644012945,0.0744336569579288,0.0970873786407767,0.0
0.3,0.01,confounded,logger12_balanced,4,mechanism_separated,0.5080906148867314,0.5080906148867314,0.3948220064724919,0.11003236245954692,0.49514563106796117,0.8284789644012945,0.0744336569579288,0.0970873786407767,0.0
0.3,0.01,confounded,logger12_balanced,4,oracle_u_aware,0.2588996763754045,0.2588996763754045,0.686084142394822,0.04854368932038835,0.26537216828478966,0.8284789644012945,0.0744336569579288,0.0970873786407767,0.0
0.3,0.01,confounded,logger12_balanced,4,source_shuffle,0.517799352750809,0.517799352750809,0.39805825242718446,0.07766990291262135,0.5242718446601942,0.8284789644012945,0.0744336569579288,0.0970873786407767,0.0
0.3,0.01,confounded,logger12_balanced,4,no_behavior,0.46601941747572817,0.46601941747572817,0.44983818770226536,0.09061488673139159,0.459546925566343,0.8284789644012945,0.0744336569579288,0.0970873786407767,0.0
0.3,0.01,confounded,logger12_balanced,4,source_dependent_reward,0.4336569579288026,0.4336569579288026,0.47249190938511326,0.08090614886731391,0.44660194174757284,0.8284789644012945,0.0744336569579288,0.0970873786407767,0.0
0.3,0.01,confounded,logger2_heavy,0,pooled_mlp,0.49514563106796117,0.49514563106796117,0.4174757281553398,0.08414239482200647,0.49838187702265374,0.8284789644012945,0.0744336569579288,0.0970873786407767,
0.3,0.01,confounded,logger2_heavy,0,source_balanced_pooled_mlp,0.5275080906148867,0.5275080906148867,0.39158576051779936,0.0970873786407767,0.511326860841424,0.8284789644012945,0.0744336569579288,0.0970873786407767,
0.3,0.01,confounded,logger2_heavy,0,source_conditioned_decoder,0.42071197411003236,0.42071197411003236,0.5048543689320388,0.07766990291262135,0.4174757281553398,0.8284789644012945,0.0744336569579288,0.0970873786407767,
0.3,0.01,confounded,logger2_heavy,0,per_source_models,0.4336569579288026,0.4336569579288026,0.4692556634304207,0.10679611650485436,0.42394822006472493,0.8284789644012945,0.0744336569579288,0.0970873786407767,
0.3,0.01,confounded,logger2_heavy,0,mechanism_separated,0.44336569579288027,0.44336569579288027,0.4627831715210356,0.08090614886731391,0.4563106796116505,0.8284789644012945,0.0744336569579288,0.0970873786407767,
0.3,0.01,confounded,logger2_heavy,0,oracle_u_aware,0.2588996763754045,0.2588996763754045,0.6990291262135923,0.0970873786407767,0.20388349514563106,0.8284789644012945,0.0744336569579288,0.0970873786407767,
0.3,0.01,confounded,logger2_heavy,0,source_shuffle,0.34951456310679613,0.34951456310679613,0.56957928802589,0.11003236245954692,0.32038834951456313,0.8284789644012945,0.0744336569579288,0.0970873786407767,
0.3,0.01,confounded,logger2_heavy,0,no_behavior,0.40129449838187703,0.40129449838187703,0.5210355987055016,0.05825242718446602,0.42071197411003236,0.8284789644012945,0.0744336569579288,0.0970873786407767,
0.3,0.01,confounded,logger2_heavy,0,source_dependent_reward,0.4886731391585761,0.4886731391585761,0.41423948220064727,0.11326860841423948,0.47249190938511326,0.8284789644012945,0.0744336569579288,0.0970873786407767,
0.3,0.01,confounded,logger2_heavy,1,pooled_mlp,0.3300970873786408,0.3300970873786408,0.5857605177993528,0.09061488673139159,0.32362459546925565,0.8284789644012945,0.0744336569579288,0.0970873786407767,
0.3,0.01,confounded,logger2_heavy,1,source_balanced_pooled_mlp,0.42718446601941745,0.42718446601941745,0.4886731391585761,0.11003236245954692,0.40129449838187703,0.8284789644012945,0.0744336569579288,0.0970873786407767,
0.3,0.01,confounded,logger2_heavy,1,source_conditioned_decoder,0.34951456310679613,0.34951456310679613,0.5663430420711975,0.09385113268608414,0.33980582524271846,0.8284789644012945,0.0744336569579288,0.0970873786407767,
0.3,0.01,confounded,logger2_heavy,1,per_source_models,0.45307443365695793,0.45307443365695793,0.47249190938511326,0.05825242718446602,0.4692556634304207,0.8284789644012945,0.0744336569579288,0.0970873786407767,
0.3,0.01,confounded,logger2_heavy,1,mechanism_separated,0.39805825242718446,0.39805825242718446,0.5372168284789643,0.11974110032362459,0.343042071197411,0.8284789644012945,0.0744336569579288,0.0970873786407767,
0.3,0.01,confounded,logger2_heavy,1,oracle_u_aware,0.3268608414239482,0.3268608414239482,0.6310679611650486,0.10355987055016182,0.2686084142394822,0.8284789644012945,0.0744336569579288,0.0970873786407767,
0.3,0.01,confounded,logger2_heavy,1,source_shuffle,0.42071197411003236,0.42071197411003236,0.47896440129449835,0.12944983818770225,0.39158576051779936,0.8284789644012945,0.0744336569579288,0.0970873786407767,
0.3,0.01,confounded,logger2_heavy,1,no_behavior,0.39805825242718446,0.39805825242718446,0.49838187702265374,0.11326860841423948,0.3883495145631068,0.8284789644012945,0.0744336569579288,0.0970873786407767,
0.3,0.01,confounded,logger2_heavy,1,source_dependent_reward,0.343042071197411,0.343042071197411,0.5857605177993528,0.07766990291262135,0.3365695792880259,0.8284789644012945,0.0744336569579288,0.0970873786407767,
0.3,0.01,confounded,logger2_heavy,2,pooled_mlp,0.42071197411003236,0.42071197411003236,0.48220064724919093,0.1488673139158576,0.36893203883495146,0.8284789644012945,0.0744336569579288,0.0970873786407767,
0.3,0.01,confounded,logger2_heavy,2,source_balanced_pooled_mlp,0.43042071197411,0.43042071197411,0.4854368932038835,0.13268608414239483,0.3818770226537217,0.8284789644012945,0.0744336569579288,0.0970873786407767,
0.3,0.01,confounded,logger2_heavy,2,source_conditioned_decoder,0.42071197411003236,0.42071197411003236,0.48220064724919093,0.10032362459546926,0.4174757281553398,0.8284789644012945,0.0744336569579288,0.0970873786407767,
0.3,0.01,confounded,logger2_heavy,2,per_source_models,0.44336569579288027,0.44336569579288027,0.4563106796116505,0.10679611650485436,0.4368932038834951,0.8284789644012945,0.0744336569579288,0.0970873786407767,
0.3,0.01,confounded,logger2_heavy,2,mechanism_separated,0.4563106796116505,0.4563106796116505,0.44336569579288027,0.11326860841423948,0.44336569579288027,0.8284789644012945,0.0744336569579288,0.0970873786407767,
0.3,0.01,confounded,logger2_heavy,2,oracle_u_aware,0.24919093851132687,0.24919093851132687,0.6957928802588996,0.08090614886731391,0.22330097087378642,0.8284789644012945,0.0744336569579288,0.0970873786407767,
0.3,0.01,confounded,logger2_heavy,2,source_shuffle,0.5080906148867314,0.5080906148867314,0.39158576051779936,0.11003236245954692,0.49838187702265374,0.8284789644012945,0.0744336569579288,0.0970873786407767,
0.3,0.01,confounded,logger2_heavy,2,no_behavior,0.4886731391585761,0.4886731391585761,0.4077669902912621,0.12944983818770225,0.4627831715210356,0.8284789644012945,0.0744336569579288,0.0970873786407767,
0.3,0.01,confounded,logger2_heavy,2,source_dependent_reward,0.49514563106796117,0.49514563106796117,0.4174757281553398,0.09061488673139159,0.4919093851132686,0.8284789644012945,0.0744336569579288,0.0970873786407767,
0.3,0.01,confounded,logger2_heavy,3,pooled_mlp,0.44983818770226536,0.44983818770226536,0.45307443365695793,0.10355987055016182,0.44336569579288027,0.8284789644012945,0.0744336569579288,0.0970873786407767,
0.3,0.01,confounded,logger2_heavy,3,source_balanced_pooled_mlp,0.5048543689320388,0.5048543689320388,0.4045307443365696,0.11974110032362459,0.47572815533980584,0.8284789644012945,0.0744336569579288,0.0970873786407767,
0.3,0.01,confounded,logger2_heavy,3,source_conditioned_decoder,0.4368932038834951,0.4368932038834951,0.47249190938511326,0.10355987055016182,0.42394822006472493,0.8284789644012945,0.0744336569579288,0.0970873786407767,
0.3,0.01,confounded,logger2_heavy,3,per_source_models,0.44660194174757284,0.44660194174757284,0.47249190938511326,0.09385113268608414,0.4336569579288026,0.8284789644012945,0.0744336569579288,0.0970873786407767,
0.3,0.01,confounded,logger2_heavy,3,mechanism_separated,0.48220064724919093,0.48220064724919093,0.44660194174757284,0.10355987055016182,0.44983818770226536,0.8284789644012945,0.0744336569579288,0.0970873786407767,
0.3,0.01,confounded,logger2_heavy,3,oracle_u_aware,0.29449838187702265,0.29449838187702265,0.6731391585760518,0.05501618122977346,0.27184466019417475,0.8284789644012945,0.0744336569579288,0.0970873786407767,
0.3,0.01,confounded,logger2_heavy,3,source_shuffle,0.4368932038834951,0.4368932038834951,0.48220064724919093,0.10032362459546926,0.4174757281553398,0.8284789644012945,0.0744336569579288,0.0970873786407767,
0.3,0.01,confounded,logger2_heavy,3,no_behavior,0.4368932038834951,0.4368932038834951,0.47249190938511326,0.11003236245954692,0.4174757281553398,0.8284789644012945,0.0744336569579288,0.0970873786407767,
0.3,0.01,confounded,logger2_heavy,3,source_dependent_reward,0.511326860841424,0.511326860841424,0.4110032362459547,0.04854368932038835,0.540453074433657,0.8284789644012945,0.0744336569579288,0.0970873786407767,
0.3,0.01,confounded,logger2_heavy,4,pooled_mlp,0.39158576051779936,0.39158576051779936,0.5275080906148867,0.12297734627831715,0.34951456310679613,0.8284789644012945,0.0744336569579288,0.0970873786407767,
0.3,0.01,confounded,logger2_heavy,4,source_balanced_pooled_mlp,0.5145631067961165,0.5145631067961165,0.3948220064724919,0.11003236245954692,0.49514563106796117,0.8284789644012945,0.0744336569579288,0.0970873786407767,
0.3,0.01,confounded,logger2_heavy,4,source_conditioned_decoder,0.4110032362459547,0.4110032362459547,0.5242718446601942,0.09385113268608414,0.3818770226537217,0.8284789644012945,0.0744336569579288,0.0970873786407767,
0.3,0.01,confounded,logger2_heavy,4,per_source_models,0.44336569579288027,0.44336569579288027,0.4692556634304207,0.11974110032362459,0.4110032362459547,0.8284789644012945,0.0744336569579288,0.0970873786407767,
0.3,0.01,confounded,logger2_heavy,4,mechanism_separated,0.45307443365695793,0.45307443365695793,0.48220064724919093,0.09061488673139159,0.42718446601941745,0.8284789644012945,0.0744336569579288,0.0970873786407767,
0.3,0.01,confounded,logger2_heavy,4,oracle_u_aware,0.32362459546925565,0.32362459546925565,0.6407766990291263,0.05501618122977346,0.3042071197411003,0.8284789644012945,0.0744336569579288,0.0970873786407767,
0.3,0.01,confounded,logger2_heavy,4,source_shuffle,0.3948220064724919,0.3948220064724919,0.5307443365695793,0.08090614886731391,0.3883495145631068,0.8284789644012945,0.0744336569579288,0.0970873786407767,
0.3,0.01,confounded,logger2_heavy,4,no_behavior,0.37540453074433655,0.37540453074433655,0.5533980582524272,0.09385113268608414,0.35275080906148865,0.8284789644012945,0.0744336569579288,0.0970873786407767,
0.3,0.01,confounded,logger2_heavy,4,source_dependent_reward,0.39805825242718446,0.39805825242718446,0.5080906148867314,0.08090614886731391,0.4110032362459547,0.8284789644012945,0.0744336569579288,0.0970873786407767,
0.3,0.01,independent_latents,logger1_heavy,0,pooled_mlp,0.3042071197411003,0.3042071197411003,0.6310679611650486,0.0970873786407767,0.27184466019417475,0.8284789644012945,0.0744336569579288,0.0970873786407767,
0.3,0.01,independent_latents,logger1_heavy,0,source_balanced_pooled_mlp,0.2686084142394822,0.2686084142394822,0.686084142394822,0.10032362459546926,0.21359223300970873,0.8284789644012945,0.0744336569579288,0.0970873786407767,
0.3,0.01,independent_latents,logger1_heavy,0,source_conditioned_decoder,0.23300970873786409,0.23300970873786409,0.7022653721682848,0.05177993527508091,0.2459546925566343,0.8284789644012945,0.0744336569579288,0.0970873786407767,
0.3,0.01,independent_latents,logger1_heavy,0,per_source_models,0.23624595469255663,0.23624595469255663,0.7281553398058253,0.0744336569579288,0.19741100323624594,0.8284789644012945,0.0744336569579288,0.0970873786407767,
0.3,0.01,independent_latents,logger1_heavy,0,mechanism_separated,0.284789644012945,0.284789644012945,0.6343042071197411,0.10032362459546926,0.26537216828478966,0.8284789644012945,0.0744336569579288,0.0970873786407767,
0.3,0.01,independent_latents,logger1_heavy,0,oracle_u_aware,0.22330097087378642,0.22330097087378642,0.7475728155339806,0.061488673139158574,0.19093851132686085,0.8284789644012945,0.0744336569579288,0.0970873786407767,
0.3,0.01,independent_latents,logger1_heavy,0,source_shuffle,0.3042071197411003,0.3042071197411003,0.6245954692556634,0.08737864077669903,0.28802588996763756,0.8284789644012945,0.0744336569579288,0.0970873786407767,
0.3,0.01,independent_latents,logger1_heavy,0,no_behavior,0.2524271844660194,0.2524271844660194,0.6957928802588996,0.07766990291262135,0.22653721682847897,0.8284789644012945,0.0744336569579288,0.0970873786407767,
0.3,0.01,independent_latents,logger1_heavy,0,source_dependent_reward,0.3106796116504854,0.3106796116504854,0.5857605177993528,0.09385113268608414,0.32038834951456313,0.8284789644012945,0.0744336569579288,0.0970873786407767,
0.3,0.01,independent_latents,logger1_heavy,1,pooled_mlp,0.27184466019417475,0.27184466019417475,0.6440129449838188,0.10355987055016182,0.2524271844660194,0.8284789644012945,0.0744336569579288,0.0970873786407767,
0.3,0.01,independent_latents,logger1_heavy,1,source_balanced_pooled_mlp,0.313915857605178,0.313915857605178,0.6213592233009708,0.0970873786407767,0.2815533980582524,0.8284789644012945,0.0744336569579288,0.0970873786407767,
0.3,0.01,independent_latents,logger1_heavy,1,source_conditioned_decoder,0.2783171521035599,0.2783171521035599,0.6957928802588996,0.04854368932038835,0.255663430420712,0.8284789644012945,0.0744336569579288,0.0970873786407767,
0.3,0.01,independent_latents,logger1_heavy,1,per_source_models,0.1941747572815534,0.1941747572815534,0.7540453074433657,0.05501618122977346,0.19093851132686085,0.8284789644012945,0.0744336569579288,0.0970873786407767,
0.3,0.01,independent_latents,logger1_heavy,1,mechanism_separated,0.3300970873786408,0.3300970873786408,0.6019417475728155,0.09385113268608414,0.3042071197411003,0.8284789644012945,0.0744336569579288,0.0970873786407767,
0.3,0.01,independent_latents,logger1_heavy,1,oracle_u_aware,0.2297734627831715,0.2297734627831715,0.7411003236245954,0.0744336569579288,0.18446601941747573,0.8284789644012945,0.0744336569579288,0.0970873786407767,
0.3,0.01,independent_latents,logger1_heavy,1,source_shuffle,0.313915857605178,0.313915857605178,0.6213592233009708,0.10679611650485436,0.27184466019417475,0.8284789644012945,0.0744336569579288,0.0970873786407767,
0.3,0.01,independent_latents,logger1_heavy,1,no_behavior,0.284789644012945,0.284789644012945,0.686084142394822,0.09061488673139159,0.22330097087378642,0.8284789644012945,0.0744336569579288,0.0970873786407767,
0.3,0.01,independent_latents,logger1_heavy,1,source_dependent_reward,0.2750809061488673,0.2750809061488673,0.6666666666666666,0.08090614886731391,0.2524271844660194,0.8284789644012945,0.0744336569579288,0.0970873786407767,
0.3,0.01,independent_latents,logger1_heavy,2,pooled_mlp,0.3559870550161812,0.3559870550161812,0.6051779935275081,0.12297734627831715,0.27184466019417475,0.8284789644012945,0.0744336569579288,0.0970873786407767,
0.3,0.01,independent_latents,logger1_heavy,2,source_balanced_pooled_mlp,0.22330097087378642,0.22330097087378642,0.7411003236245954,0.05825242718446602,0.20064724919093851,0.8284789644012945,0.0744336569579288,0.0970873786407767,
0.3,0.01,independent_latents,logger1_heavy,2,source_conditioned_decoder,0.27184466019417475,0.27184466019417475,0.6731391585760518,0.08090614886731391,0.2459546925566343,0.8284789644012945,0.0744336569579288,0.0970873786407767,
0.3,0.01,independent_latents,logger1_heavy,2,per_source_models,0.24919093851132687,0.24919093851132687,0.6990291262135923,0.07766990291262135,0.22330097087378642,0.8284789644012945,0.0744336569579288,0.0970873786407767,
0.3,0.01,independent_latents,logger1_heavy,2,mechanism_separated,0.3106796116504854,0.3106796116504854,0.6407766990291263,0.08090614886731391,0.2783171521035599,0.8284789644012945,0.0744336569579288,0.0970873786407767,
0.3,0.01,independent_latents,logger1_heavy,2,oracle_u_aware,0.24271844660194175,0.24271844660194175,0.7216828478964401,0.061488673139158574,0.2168284789644013,0.8284789644012945,0.0744336569579288,0.0970873786407767,
0.3,0.01,independent_latents,logger1_heavy,2,source_shuffle,0.30097087378640774,0.30097087378640774,0.627831715210356,0.11003236245954692,0.2621359223300971,0.8284789644012945,0.0744336569579288,0.0970873786407767,
0.3,0.01,independent_latents,logger1_heavy,2,no_behavior,0.2815533980582524,0.2815533980582524,0.6504854368932039,0.10355987055016182,0.2459546925566343,0.8284789644012945,0.0744336569579288,0.0970873786407767,
0.3,0.01,independent_latents,logger1_heavy,2,source_dependent_reward,0.2977346278317152,0.2977346278317152,0.6440129449838188,0.10355987055016182,0.2524271844660194,0.8284789644012945,0.0744336569579288,0.0970873786407767,
0.3,0.01,independent_latents,logger1_heavy,3,pooled_mlp,0.3074433656957929,0.3074433656957929,0.6440129449838188,0.11326860841423948,0.24271844660194175,0.8284789644012945,0.0744336569579288,0.0970873786407767,
0.3,0.01,independent_latents,logger1_heavy,3,source_balanced_pooled_mlp,0.2912621359223301,0.2912621359223301,0.6666666666666666,0.07119741100323625,0.2621359223300971,0.8284789644012945,0.0744336569579288,0.0970873786407767,
0.3,0.01,independent_latents,logger1_heavy,3,source_conditioned_decoder,0.28802588996763756,0.28802588996763756,0.6472491909385113,0.06796116504854369,0.284789644012945,0.8284789644012945,0.0744336569579288,0.0970873786407767,
0.3,0.01,independent_latents,logger1_heavy,3,per_source_models,0.2588996763754045,0.2588996763754045,0.6796116504854369,0.08737864077669903,0.23624595469255663,0.8284789644012945,0.0744336569579288,0.0970873786407767,
0.3,0.01,independent_latents,logger1_heavy,3,mechanism_separated,0.32038834951456313,0.32038834951456313,0.6148867313915858,0.08414239482200647,0.30097087378640774,0.8284789644012945,0.0744336569579288,0.0970873786407767,
0.3,0.01,independent_latents,logger1_heavy,3,oracle_u_aware,0.30097087378640774,0.30097087378640774,0.6472491909385113,0.0744336569579288,0.2783171521035599,0.8284789644012945,0.0744336569579288,0.0970873786407767,
0.3,0.01,independent_latents,logger1_heavy,3,source_shuffle,0.3042071197411003,0.3042071197411003,0.6375404530744336,0.08090614886731391,0.2815533980582524,0.8284789644012945,0.0744336569579288,0.0970873786407767,
0.3,0.01,independent_latents,logger1_heavy,3,no_behavior,0.26537216828478966,0.26537216828478966,0.6601941747572816,0.08737864077669903,0.2524271844660194,0.8284789644012945,0.0744336569579288,0.0970873786407767,
0.3,0.01,independent_latents,logger1_heavy,3,source_dependent_reward,0.2459546925566343,0.2459546925566343,0.7184466019417476,0.05825242718446602,0.22330097087378642,0.8284789644012945,0.0744336569579288,0.0970873786407767,
0.3,0.01,independent_latents,logger1_heavy,4,pooled_mlp,0.3851132686084142,0.3851132686084142,0.5436893203883495,0.10355987055016182,0.35275080906148865,0.8284789644012945,0.0744336569579288,0.0970873786407767,
0.3,0.01,independent_latents,logger1_heavy,4,source_balanced_pooled_mlp,0.2783171521035599,0.2783171521035599,0.6893203883495146,0.08737864077669903,0.22330097087378642,0.8284789644012945,0.0744336569579288,0.0970873786407767,
0.3,0.01,independent_latents,logger1_heavy,4,source_conditioned_decoder,0.30097087378640774,0.30097087378640774,0.6472491909385113,0.08090614886731391,0.27184466019417475,0.8284789644012945,0.0744336569579288,0.0970873786407767,
0.3,0.01,independent_latents,logger1_heavy,4,per_source_models,0.21359223300970873,0.21359223300970873,0.7475728155339806,0.05501618122977346,0.19741100323624594,0.8284789644012945,0.0744336569579288,0.0970873786407767,
0.3,0.01,independent_latents,logger1_heavy,4,mechanism_separated,0.313915857605178,0.313915857605178,0.6699029126213593,0.08414239482200647,0.2459546925566343,0.8284789644012945,0.0744336569579288,0.0970873786407767,
0.3,0.01,independent_latents,logger1_heavy,4,oracle_u_aware,0.2588996763754045,0.2588996763754045,0.7022653721682848,0.04854368932038835,0.24919093851132687,0.8284789644012945,0.0744336569579288,0.0970873786407767,
0.3,0.01,independent_latents,logger1_heavy,4,source_shuffle,0.343042071197411,0.343042071197411,0.6019417475728155,0.06472491909385113,0.3333333333333333,0.8284789644012945,0.0744336569579288,0.0970873786407767,
0.3,0.01,independent_latents,logger1_heavy,4,no_behavior,0.31715210355987056,0.31715210355987056,0.6537216828478964,0.07766990291262135,0.2686084142394822,0.8284789644012945,0.0744336569579288,0.0970873786407767,
0.3,0.01,independent_latents,logger1_heavy,4,source_dependent_reward,0.255663430420712,0.255663430420712,0.7184466019417476,0.0744336569579288,0.20711974110032363,0.8284789644012945,0.0744336569579288,0.0970873786407767,
0.3,0.01,independent_latents,logger12_balanced,0,pooled_mlp,0.2686084142394822,0.2686084142394822,0.686084142394822,0.10032362459546926,0.21359223300970873,0.8284789644012945,0.0744336569579288,0.0970873786407767,
0.3,0.01,independent_latents,logger12_balanced,0,source_balanced_pooled_mlp,0.2686084142394822,0.2686084142394822,0.686084142394822,0.10032362459546926,0.21359223300970873,0.8284789644012945,0.0744336569579288,0.0970873786407767,
0.3,0.01,independent_latents,logger12_balanced,0,source_conditioned_decoder,0.23948220064724918,0.23948220064724918,0.6957928802588996,0.07766990291262135,0.22653721682847897,0.8284789644012945,0.0744336569579288,0.0970873786407767,
0.3,0.01,independent_latents,logger12_balanced,0,per_source_models,0.2588996763754045,0.2588996763754045,0.6828478964401294,0.07119741100323625,0.2459546925566343,0.8284789644012945,0.0744336569579288,0.0970873786407767,
0.3,0.01,independent_latents,logger12_balanced,0,mechanism_separated,0.27184466019417475,0.27184466019417475,0.6666666666666666,0.0970873786407767,0.23624595469255663,0.8284789644012945,0.0744336569579288,0.0970873786407767,
0.3,0.01,independent_latents,logger12_balanced,0,oracle_u_aware,0.22330097087378642,0.22330097087378642,0.7152103559870551,0.09061488673139159,0.1941747572815534,0.8284789644012945,0.0744336569579288,0.0970873786407767,
0.3,0.01,independent_latents,logger12_balanced,0,source_shuffle,0.26537216828478966,0.26537216828478966,0.686084142394822,0.10679611650485436,0.20711974110032363,0.8284789644012945,0.0744336569579288,0.0970873786407767,
0.3,0.01,independent_latents,logger12_balanced,0,no_behavior,0.24919093851132687,0.24919093851132687,0.686084142394822,0.06472491909385113,0.24919093851132687,0.8284789644012945,0.0744336569579288,0.0970873786407767,
0.3,0.01,independent_latents,logger12_balanced,0,source_dependent_reward,0.22653721682847897,0.22653721682847897,0.7443365695792881,0.03559870550161812,0.22006472491909385,0.8284789644012945,0.0744336569579288,0.0970873786407767,
0.3,0.01,independent_latents,logger12_balanced,1,pooled_mlp,0.313915857605178,0.313915857605178,0.6213592233009708,0.0970873786407767,0.2815533980582524,0.8284789644012945,0.0744336569579288,0.0970873786407767,
0.3,0.01,independent_latents,logger12_balanced,1,source_balanced_pooled_mlp,0.313915857605178,0.313915857605178,0.6213592233009708,0.0970873786407767,0.2815533980582524,0.8284789644012945,0.0744336569579288,0.0970873786407767,
0.3,0.01,independent_latents,logger12_balanced,1,source_conditioned_decoder,0.26537216828478966,0.26537216828478966,0.6796116504854369,0.061488673139158574,0.2588996763754045,0.8284789644012945,0.0744336569579288,0.0970873786407767,
0.3,0.01,independent_latents,logger12_balanced,1,per_source_models,0.20388349514563106,0.20388349514563106,0.7411003236245954,0.05501618122977346,0.20388349514563106,0.8284789644012945,0.0744336569579288,0.0970873786407767,
0.3,0.01,independent_latents,logger12_balanced,1,mechanism_separated,0.3042071197411003,0.3042071197411003,0.627831715210356,0.10032362459546926,0.27184466019417475,0.8284789644012945,0.0744336569579288,0.0970873786407767,
0.3,0.01,independent_latents,logger12_balanced,1,oracle_u_aware,0.2588996763754045,0.2588996763754045,0.6893203883495146,0.08090614886731391,0.23300970873786409,0.8284789644012945,0.0744336569579288,0.0970873786407767,
0.3,0.01,independent_latents,logger12_balanced,1,source_shuffle,0.313915857605178,0.313915857605178,0.627831715210356,0.09061488673139159,0.2815533980582524,0.8284789644012945,0.0744336569579288,0.0970873786407767,
0.3,0.01,independent_latents,logger12_balanced,1,no_behavior,0.3074433656957929,0.3074433656957929,0.6375404530744336,0.08737864077669903,0.2750809061488673,0.8284789644012945,0.0744336569579288,0.0970873786407767,
0.3,0.01,independent_latents,logger12_balanced,1,source_dependent_reward,0.2750809061488673,0.2750809061488673,0.6796116504854369,0.06796116504854369,0.2524271844660194,0.8284789644012945,0.0744336569579288,0.0970873786407767,
0.3,0.01,independent_latents,logger12_balanced,2,pooled_mlp,0.22330097087378642,0.22330097087378642,0.7411003236245954,0.05825242718446602,0.20064724919093851,0.8284789644012945,0.0744336569579288,0.0970873786407767,
0.3,0.01,independent_latents,logger12_balanced,2,source_balanced_pooled_mlp,0.22330097087378642,0.22330097087378642,0.7411003236245954,0.05825242718446602,0.20064724919093851,0.8284789644012945,0.0744336569579288,0.0970873786407767,
0.3,0.01,independent_latents,logger12_balanced,2,source_conditioned_decoder,0.28802588996763756,0.28802588996763756,0.6537216828478964,0.08090614886731391,0.26537216828478966,0.8284789644012945,0.0744336569579288,0.0970873786407767,
0.3,0.01,independent_latents,logger12_balanced,2,per_source_models,0.2524271844660194,0.2524271844660194,0.6925566343042071,0.0744336569579288,0.23300970873786409,0.8284789644012945,0.0744336569579288,0.0970873786407767,
0.3,0.01,independent_latents,logger12_balanced,2,mechanism_separated,0.2297734627831715,0.2297734627831715,0.7022653721682848,0.08737864077669903,0.21035598705501618,0.8284789644012945,0.0744336569579288,0.0970873786407767,
0.3,0.01,independent_latents,logger12_balanced,2,oracle_u_aware,0.24271844660194175,0.24271844660194175,0.7055016181229773,0.07119741100323625,0.22330097087378642,0.8284789644012945,0.0744336569579288,0.0970873786407767,
0.3,0.01,independent_latents,logger12_balanced,2,source_shuffle,0.3365695792880259,0.3365695792880259,0.56957928802589,0.15210355987055016,0.2783171521035599,0.8284789644012945,0.0744336569579288,0.0970873786407767,
0.3,0.01,independent_latents,logger12_balanced,2,no_behavior,0.3365695792880259,0.3365695792880259,0.6051779935275081,0.08414239482200647,0.3106796116504854,0.8284789644012945,0.0744336569579288,0.0970873786407767,
0.3,0.01,independent_latents,logger12_balanced,2,source_dependent_reward,0.21359223300970873,0.21359223300970873,0.7281553398058253,0.07766990291262135,0.1941747572815534,0.8284789644012945,0.0744336569579288,0.0970873786407767,
0.3,0.01,independent_latents,logger12_balanced,3,pooled_mlp,0.2912621359223301,0.2912621359223301,0.6666666666666666,0.07119741100323625,0.2621359223300971,0.8284789644012945,0.0744336569579288,0.0970873786407767,
0.3,0.01,independent_latents,logger12_balanced,3,source_balanced_pooled_mlp,0.2912621359223301,0.2912621359223301,0.6666666666666666,0.07119741100323625,0.2621359223300971,0.8284789644012945,0.0744336569579288,0.0970873786407767,
0.3,0.01,independent_latents,logger12_balanced,3,source_conditioned_decoder,0.23300970873786409,0.23300970873786409,0.7313915857605178,0.05825242718446602,0.21035598705501618,0.8284789644012945,0.0744336569579288,0.0970873786407767,
0.3,0.01,independent_latents,logger12_balanced,3,per_source_models,0.3042071197411003,0.3042071197411003,0.627831715210356,0.08090614886731391,0.2912621359223301,0.8284789644012945,0.0744336569579288,0.0970873786407767,
0.3,0.01,independent_latents,logger12_balanced,3,mechanism_separated,0.3106796116504854,0.3074433656957929,0.6504854368932039,0.08737864077669903,0.26537216828478966,0.8284789644012945,0.0744336569579288,0.0970873786407767,
0.3,0.01,independent_latents,logger12_balanced,3,oracle_u_aware,0.2588996763754045,0.2588996763754045,0.686084142394822,0.08737864077669903,0.22653721682847897,0.8284789644012945,0.0744336569579288,0.0970873786407767,
0.3,0.01,independent_latents,logger12_balanced,3,source_shuffle,0.2815533980582524,0.2815533980582524,0.6699029126213593,0.07766990291262135,0.2524271844660194,0.8284789644012945,0.0744336569579288,0.0970873786407767,
0.3,0.01,independent_latents,logger12_balanced,3,no_behavior,0.28802588996763756,0.28802588996763756,0.6796116504854369,0.06796116504854369,0.2524271844660194,0.8284789644012945,0.0744336569579288,0.0970873786407767,
0.3,0.01,independent_latents,logger12_balanced,3,source_dependent_reward,0.2750809061488673,0.2750809061488673,0.6634304207119741,0.10679611650485436,0.2297734627831715,0.8284789644012945,0.0744336569579288,0.0970873786407767,
0.3,0.01,independent_latents,logger12_balanced,4,pooled_mlp,0.2783171521035599,0.2783171521035599,0.6893203883495146,0.08737864077669903,0.22330097087378642,0.8284789644012945,0.0744336569579288,0.0970873786407767,
0.3,0.01,independent_latents,logger12_balanced,4,source_balanced_pooled_mlp,0.2783171521035599,0.2783171521035599,0.6893203883495146,0.08737864077669903,0.22330097087378642,0.8284789644012945,0.0744336569579288,0.0970873786407767,
0.3,0.01,independent_latents,logger12_balanced,4,source_conditioned_decoder,0.2168284789644013,0.2168284789644013,0.7605177993527508,0.06796116504854369,0.1715210355987055,0.8284789644012945,0.0744336569579288,0.0970873786407767,
0.3,0.01,independent_latents,logger12_balanced,4,per_source_models,0.22653721682847897,0.22653721682847897,0.7475728155339806,0.05825242718446602,0.1941747572815534,0.8284789644012945,0.0744336569579288,0.0970873786407767,
0.3,0.01,independent_latents,logger12_balanced,4,mechanism_separated,0.2459546925566343,0.2459546925566343,0.7184466019417476,0.06796116504854369,0.21359223300970873,0.8284789644012945,0.0744336569579288,0.0970873786407767,
0.3,0.01,independent_latents,logger12_balanced,4,oracle_u_aware,0.2459546925566343,0.2459546925566343,0.7087378640776699,0.061488673139158574,0.2297734627831715,0.8284789644012945,0.0744336569579288,0.0970873786407767,
0.3,0.01,independent_latents,logger12_balanced,4,source_shuffle,0.2686084142394822,0.2686084142394822,0.686084142394822,0.05825242718446602,0.255663430420712,0.8284789644012945,0.0744336569579288,0.0970873786407767,
0.3,0.01,independent_latents,logger12_balanced,4,no_behavior,0.255663430420712,0.255663430420712,0.7216828478964401,0.07766990291262135,0.20064724919093851,0.8284789644012945,0.0744336569579288,0.0970873786407767,
0.3,0.01,independent_latents,logger12_balanced,4,source_dependent_reward,0.20064724919093851,0.20064724919093851,0.7475728155339806,0.06472491909385113,0.18770226537216828,0.8284789644012945,0.0744336569579288,0.0970873786407767,
0.3,0.01,independent_latents,logger2_heavy,0,pooled_mlp,0.2783171521035599,0.2783171521035599,0.6893203883495146,0.0970873786407767,0.21359223300970873,0.8284789644012945,0.0744336569579288,0.0970873786407767,
0.3,0.01,independent_latents,logger2_heavy,0,source_balanced_pooled_mlp,0.2686084142394822,0.2686084142394822,0.686084142394822,0.10032362459546926,0.21359223300970873,0.8284789644012945,0.0744336569579288,0.0970873786407767,
0.3,0.01,independent_latents,logger2_heavy,0,source_conditioned_decoder,0.21035598705501618,0.21035598705501618,0.7572815533980582,0.05177993527508091,0.19093851132686085,0.8284789644012945,0.0744336569579288,0.0970873786407767,
0.3,0.01,independent_latents,logger2_heavy,0,per_source_models,0.27184466019417475,0.27184466019417475,0.656957928802589,0.07119741100323625,0.27184466019417475,0.8284789644012945,0.0744336569579288,0.0970873786407767,
0.3,0.01,independent_latents,logger2_heavy,0,mechanism_separated,0.26537216828478966,0.26537216828478966,0.7055016181229773,0.09061488673139159,0.20388349514563106,0.8284789644012945,0.0744336569579288,0.0970873786407767,
0.3,0.01,independent_latents,logger2_heavy,0,oracle_u_aware,0.22330097087378642,0.22330097087378642,0.7281553398058253,0.08737864077669903,0.18446601941747573,0.8284789644012945,0.0744336569579288,0.0970873786407767,
0.3,0.01,independent_latents,logger2_heavy,0,source_shuffle,0.2815533980582524,0.2815533980582524,0.6666666666666666,0.13268608414239483,0.20064724919093851,0.8284789644012945,0.0744336569579288,0.0970873786407767,
0.3,0.01,independent_latents,logger2_heavy,0,no_behavior,0.2524271844660194,0.2524271844660194,0.6828478964401294,0.08414239482200647,0.23300970873786409,0.8284789644012945,0.0744336569579288,0.0970873786407767,
0.3,0.01,independent_latents,logger2_heavy,0,source_dependent_reward,0.22006472491909385,0.22006472491909385,0.7411003236245954,0.061488673139158574,0.19741100323624594,0.8284789644012945,0.0744336569579288,0.0970873786407767,
0.3,0.01,independent_latents,logger2_heavy,1,pooled_mlp,0.2783171521035599,0.2783171521035599,0.6375404530744336,0.10679611650485436,0.255663430420712,0.8284789644012945,0.0744336569579288,0.0970873786407767,
0.3,0.01,independent_latents,logger2_heavy,1,source_balanced_pooled_mlp,0.313915857605178,0.313915857605178,0.6213592233009708,0.0970873786407767,0.2815533980582524,0.8284789644012945,0.0744336569579288,0.0970873786407767,
0.3,0.01,independent_latents,logger2_heavy,1,source_conditioned_decoder,0.284789644012945,0.284789644012945,0.6699029126213593,0.09385113268608414,0.23624595469255663,0.8284789644012945,0.0744336569579288,0.0970873786407767,
0.3,0.01,independent_latents,logger2_heavy,1,per_source_models,0.22006472491909385,0.22006472491909385,0.7216828478964401,0.04854368932038835,0.2297734627831715,0.8284789644012945,0.0744336569579288,0.0970873786407767,
0.3,0.01,independent_latents,logger2_heavy,1,mechanism_separated,0.313915857605178,0.313915857605178,0.6666666666666666,0.10032362459546926,0.23300970873786409,0.8284789644012945,0.0744336569579288,0.0970873786407767,
0.3,0.01,independent_latents,logger2_heavy,1,oracle_u_aware,0.28802588996763756,0.28802588996763756,0.6504854368932039,0.09061488673139159,0.2588996763754045,0.8284789644012945,0.0744336569579288,0.0970873786407767,
0.3,0.01,independent_latents,logger2_heavy,1,source_shuffle,0.2524271844660194,0.2524271844660194,0.7119741100323624,0.10032362459546926,0.18770226537216828,0.8284789644012945,0.0744336569579288,0.0970873786407767,
0.3,0.01,independent_latents,logger2_heavy,1,no_behavior,0.2621359223300971,0.2621359223300971,0.7152103559870551,0.08737864077669903,0.19741100323624594,0.8284789644012945,0.0744336569579288,0.0970873786407767,
0.3,0.01,independent_latents,logger2_heavy,1,source_dependent_reward,0.2686084142394822,0.2686084142394822,0.7055016181229773,0.08414239482200647,0.21035598705501618,0.8284789644012945,0.0744336569579288,0.0970873786407767,
0.3,0.01,independent_latents,logger2_heavy,2,pooled_mlp,0.24919093851132687,0.24919093851132687,0.7249190938511327,0.08414239482200647,0.19093851132686085,0.8284789644012945,0.0744336569579288,0.0970873786407767,
0.3,0.01,independent_latents,logger2_heavy,2,source_balanced_pooled_mlp,0.22330097087378642,0.22330097087378642,0.7411003236245954,0.05825242718446602,0.20064724919093851,0.8284789644012945,0.0744336569579288,0.0970873786407767,
0.3,0.01,independent_latents,logger2_heavy,2,source_conditioned_decoder,0.2783171521035599,0.2783171521035599,0.6699029126213593,0.07766990291262135,0.2524271844660194,0.8284789644012945,0.0744336569579288,0.0970873786407767,
0.3,0.01,independent_latents,logger2_heavy,2,per_source_models,0.21035598705501618,0.21035598705501618,0.7572815533980582,0.05501618122977346,0.18770226537216828,0.8284789644012945,0.0744336569579288,0.0970873786407767,
0.3,0.01,independent_latents,logger2_heavy,2,mechanism_separated,0.3042071197411003,0.30097087378640774,0.6504854368932039,0.09385113268608414,0.2588996763754045,0.8284789644012945,0.0744336569579288,0.0970873786407767,
0.3,0.01,independent_latents,logger2_heavy,2,oracle_u_aware,0.23300970873786409,0.23300970873786409,0.7184466019417476,0.06796116504854369,0.21359223300970873,0.8284789644012945,0.0744336569579288,0.0970873786407767,
0.3,0.01,independent_latents,logger2_heavy,2,source_shuffle,0.32038834951456313,0.32038834951456313,0.6051779935275081,0.12297734627831715,0.27184466019417475,0.8284789644012945,0.0744336569579288,0.0970873786407767,
0.3,0.01,independent_latents,logger2_heavy,2,no_behavior,0.2912621359223301,0.2912621359223301,0.6537216828478964,0.09061488673139159,0.255663430420712,0.8284789644012945,0.0744336569579288,0.0970873786407767,
0.3,0.01,independent_latents,logger2_heavy,2,source_dependent_reward,0.2168284789644013,0.2168284789644013,0.7249190938511327,0.061488673139158574,0.21359223300970873,0.8284789644012945,0.0744336569579288,0.0970873786407767,
0.3,0.01,independent_latents,logger2_heavy,3,pooled_mlp,0.3300970873786408,0.3300970873786408,0.6245954692556634,0.10679611650485436,0.2686084142394822,0.8284789644012945,0.0744336569579288,0.0970873786407767,
0.3,0.01,independent_latents,logger2_heavy,3,source_balanced_pooled_mlp,0.2912621359223301,0.2912621359223301,0.6666666666666666,0.07119741100323625,0.2621359223300971,0.8284789644012945,0.0744336569579288,0.0970873786407767,
0.3,0.01,independent_latents,logger2_heavy,3,source_conditioned_decoder,0.34627831715210355,0.34627831715210355,0.5922330097087378,0.08090614886731391,0.3268608414239482,0.8284789644012945,0.0744336569579288,0.0970873786407767,
0.3,0.01,independent_latents,logger2_heavy,3,per_source_models,0.2977346278317152,0.2977346278317152,0.6537216828478964,0.08737864077669903,0.2588996763754045,0.8284789644012945,0.0744336569579288,0.0970873786407767,
0.3,0.01,independent_latents,logger2_heavy,3,mechanism_separated,0.2912621359223301,0.2912621359223301,0.6504854368932039,0.09061488673139159,0.2588996763754045,0.8284789644012945,0.0744336569579288,0.0970873786407767,
0.3,0.01,independent_latents,logger2_heavy,3,oracle_u_aware,0.24271844660194175,0.24271844660194175,0.7022653721682848,0.09061488673139159,0.20711974110032363,0.8284789644012945,0.0744336569579288,0.0970873786407767,
0.3,0.01,independent_latents,logger2_heavy,3,source_shuffle,0.32038834951456313,0.32038834951456313,0.6310679611650486,0.0744336569579288,0.29449838187702265,0.8284789644012945,0.0744336569579288,0.0970873786407767,
0.3,0.01,independent_latents,logger2_heavy,3,no_behavior,0.2750809061488673,0.2750809061488673,0.6666666666666666,0.08414239482200647,0.24919093851132687,0.8284789644012945,0.0744336569579288,0.0970873786407767,
0.3,0.01,independent_latents,logger2_heavy,3,source_dependent_reward,0.32038834951456313,0.32038834951456313,0.627831715210356,0.08737864077669903,0.284789644012945,0.8284789644012945,0.0744336569579288,0.0970873786407767,
0.3,0.01,independent_latents,logger2_heavy,4,pooled_mlp,0.255663430420712,0.255663430420712,0.7249190938511327,0.07766990291262135,0.19741100323624594,0.8284789644012945,0.0744336569579288,0.0970873786407767,
0.3,0.01,independent_latents,logger2_heavy,4,source_balanced_pooled_mlp,0.2783171521035599,0.2783171521035599,0.6893203883495146,0.08737864077669903,0.22330097087378642,0.8284789644012945,0.0744336569579288,0.0970873786407767,
0.3,0.01,independent_latents,logger2_heavy,4,source_conditioned_decoder,0.2297734627831715,0.2297734627831715,0.7475728155339806,0.07766990291262135,0.17475728155339806,0.8284789644012945,0.0744336569579288,0.0970873786407767,
0.3,0.01,independent_latents,logger2_heavy,4,per_source_models,0.21359223300970873,0.21359223300970873,0.7411003236245954,0.061488673139158574,0.19741100323624594,0.8284789644012945,0.0744336569579288,0.0970873786407767,
0.3,0.01,independent_latents,logger2_heavy,4,mechanism_separated,0.22006472491909385,0.22006472491909385,0.7605177993527508,0.06796116504854369,0.1715210355987055,0.8284789644012945,0.0744336569579288,0.0970873786407767,
0.3,0.01,independent_latents,logger2_heavy,4,oracle_u_aware,0.22653721682847897,0.22653721682847897,0.7508090614886731,0.05825242718446602,0.19093851132686085,0.8284789644012945,0.0744336569579288,0.0970873786407767,
0.3,0.01,independent_latents,logger2_heavy,4,source_shuffle,0.22653721682847897,0.22653721682847897,0.7346278317152104,0.06796116504854369,0.19741100323624594,0.8284789644012945,0.0744336569579288,0.0970873786407767,
0.3,0.01,independent_latents,logger2_heavy,4,no_behavior,0.24271844660194175,0.24271844660194175,0.7184466019417476,0.05501618122977346,0.22653721682847897,0.8284789644012945,0.0744336569579288,0.0970873786407767,
0.3,0.01,independent_latents,logger2_heavy,4,source_dependent_reward,0.22330097087378642,0.22330097087378642,0.7637540453074434,0.061488673139158574,0.17475728155339806,0.8284789644012945,0.0744336569579288,0.0970873786407767,
0.3,0.02,confounded,logger1_heavy,0,pooled_mlp,0.8349514563106796,0.8349514563106796,0.06796116504854369,0.04854368932038835,0.883495145631068,0.8284789644012945,0.0744336569579288,0.0970873786407767,
0.3,0.02,confounded,logger1_heavy,0,source_balanced_pooled_mlp,0.8220064724919094,0.8220064724919094,0.08090614886731391,0.061488673139158574,0.8576051779935275,0.8284789644012945,0.0744336569579288,0.0970873786407767,
0.3,0.02,confounded,logger1_heavy,0,source_conditioned_decoder,0.7928802588996764,0.7928802588996764,0.11650485436893204,0.05177993527508091,0.8317152103559871,0.8284789644012945,0.0744336569579288,0.0970873786407767,
0.3,0.02,confounded,logger1_heavy,0,per_source_models,0.7831715210355987,0.7831715210355987,0.11326860841423948,0.08414239482200647,0.8025889967637541,0.8284789644012945,0.0744336569579288,0.0970873786407767,
0.3,0.02,confounded,logger1_heavy,0,mechanism_separated,0.86084142394822,0.86084142394822,0.042071197411003236,0.042071197411003236,0.9158576051779935,0.8284789644012945,0.0744336569579288,0.0970873786407767,
0.3,0.02,confounded,logger1_heavy,0,oracle_u_aware,0.2588996763754045,0.2588996763754045,0.7087378640776699,0.07766990291262135,0.21359223300970873,0.8284789644012945,0.0744336569579288,0.0970873786407767,
0.3,0.02,confounded,logger1_heavy,0,source_shuffle,0.8705501618122977,0.8705501618122977,0.032362459546925564,0.038834951456310676,0.9288025889967637,0.8284789644012945,0.0744336569579288,0.0970873786407767,
0.3,0.02,confounded,logger1_heavy,0,no_behavior,0.8737864077669902,0.8737864077669902,0.02912621359223301,0.02912621359223301,0.941747572815534,0.8284789644012945,0.0744336569579288,0.0970873786407767,
0.3,0.02,confounded,logger1_heavy,0,source_dependent_reward,0.7346278317152104,0.7346278317152104,0.16828478964401294,0.08090614886731391,0.7508090614886731,0.8284789644012945,0.0744336569579288,0.0970873786407767,
0.3,0.02,confounded,logger1_heavy,1,pooled_mlp,0.8381877022653722,0.8381877022653722,0.07119741100323625,0.05825242718446602,0.8705501618122977,0.8284789644012945,0.0744336569579288,0.0970873786407767,
0.3,0.02,confounded,logger1_heavy,1,source_balanced_pooled_mlp,0.7540453074433657,0.7540453074433657,0.1423948220064725,0.07766990291262135,0.7799352750809061,0.8284789644012945,0.0744336569579288,0.0970873786407767,
0.3,0.02,confounded,logger1_heavy,1,source_conditioned_decoder,0.7961165048543689,0.7961165048543689,0.10032362459546926,0.03559870550161812,0.8640776699029126,0.8284789644012945,0.0744336569579288,0.0970873786407767,
0.3,0.02,confounded,logger1_heavy,1,per_source_models,0.7152103559870551,0.7152103559870551,0.18122977346278318,0.05825242718446602,0.7637540453074434,0.8284789644012945,0.0744336569579288,0.0970873786407767,
0.3,0.02,confounded,logger1_heavy,1,mechanism_separated,0.8511326860841424,0.8511326860841424,0.04854368932038835,0.06796116504854369,0.883495145631068,0.8284789644012945,0.0744336569579288,0.0970873786407767,
0.3,0.02,confounded,logger1_heavy,1,oracle_u_aware,0.3333333333333333,0.3333333333333333,0.6440129449838188,0.12297734627831715,0.23300970873786409,0.8284789644012945,0.0744336569579288,0.0970873786407767,
0.3,0.02,confounded,logger1_heavy,1,source_shuffle,0.8414239482200647,0.8414239482200647,0.05825242718446602,0.06796116504854369,0.8737864077669902,0.8284789644012945,0.0744336569579288,0.0970873786407767,
0.3,0.02,confounded,logger1_heavy,1,no_behavior,0.8252427184466019,0.8252427184466019,0.07766990291262135,0.061488673139158574,0.86084142394822,0.8284789644012945,0.0744336569579288,0.0970873786407767,
0.3,0.02,confounded,logger1_heavy,1,source_dependent_reward,0.7766990291262136,0.7766990291262136,0.12944983818770225,0.04854368932038835,0.8220064724919094,0.8284789644012945,0.0744336569579288,0.0970873786407767,
0.3,0.02,confounded,logger1_heavy,2,pooled_mlp,0.8220064724919094,0.8220064724919094,0.08090614886731391,0.10679611650485436,0.8122977346278317,0.8284789644012945,0.0744336569579288,0.0970873786407767,
0.3,0.02,confounded,logger1_heavy,2,source_balanced_pooled_mlp,0.7734627831715211,0.7734627831715211,0.12944983818770225,0.07766990291262135,0.7928802588996764,0.8284789644012945,0.0744336569579288,0.0970873786407767,
0.3,0.02,confounded,logger1_heavy,2,source_conditioned_decoder,0.7475728155339806,0.7475728155339806,0.15857605177993528,0.061488673139158574,0.7799352750809061,0.8284789644012945,0.0744336569579288,0.0970873786407767,
0.3,0.02,confounded,logger1_heavy,2,per_source_models,0.7281553398058253,0.7281553398058253,0.17475728155339806,0.08090614886731391,0.7443365695792881,0.8284789644012945,0.0744336569579288,0.0970873786407767,
0.3,0.02,confounded,logger1_heavy,2,mechanism_separated,0.8543689320388349,0.8543689320388349,0.05501618122977346,0.0744336569579288,0.8705501618122977,0.8284789644012945,0.0744336569579288,0.0970873786407767,
0.3,0.02,confounded,logger1_heavy,2,oracle_u_aware,0.2783171521035599,0.2783171521035599,0.6828478964401294,0.08090614886731391,0.23624595469255663,0.8284789644012945,0.0744336569579288,0.0970873786407767,
0.3,0.02,confounded,logger1_heavy,2,source_shuffle,0.8414239482200647,0.8414239482200647,0.061488673139158574,0.061488673139158574,0.8770226537216829,0.8284789644012945,0.0744336569579288,0.0970873786407767,
0.3,0.02,confounded,logger1_heavy,2,no_behavior,0.8220064724919094,0.8220064724919094,0.08414239482200647,0.05177993527508091,0.8640776699029126,0.8284789644012945,0.0744336569579288,0.0970873786407767,
0.3,0.02,confounded,logger1_heavy,2,source_dependent_reward,0.7378640776699029,0.7378640776699029,0.1650485436893204,0.05825242718446602,0.7766990291262136,0.8284789644012945,0.0744336569579288,0.0970873786407767,
0.3,0.02,confounded,logger1_heavy,3,pooled_mlp,0.7605177993527508,0.7605177993527508,0.14563106796116504,0.0744336569579288,0.7799352750809061,0.8284789644012945,0.0744336569579288,0.0970873786407767,
0.3,0.02,confounded,logger1_heavy,3,source_balanced_pooled_mlp,0.7702265372168284,0.7702265372168284,0.12297734627831715,0.0744336569579288,0.8025889967637541,0.8284789644012945,0.0744336569579288,0.0970873786407767,
0.3,0.02,confounded,logger1_heavy,3,source_conditioned_decoder,0.7572815533980582,0.7572815533980582,0.1488673139158576,0.0744336569579288,0.7766990291262136,0.8284789644012945,0.0744336569579288,0.0970873786407767,
0.3,0.02,confounded,logger1_heavy,3,per_source_models,0.7152103559870551,0.7152103559870551,0.19093851132686085,0.06472491909385113,0.7443365695792881,0.8284789644012945,0.0744336569579288,0.0970873786407767,
0.3,0.02,confounded,logger1_heavy,3,mechanism_separated,0.8025889967637541,0.8025889967637541,0.10032362459546926,0.04854368932038835,0.8511326860841424,0.8284789644012945,0.0744336569579288,0.0970873786407767,
0.3,0.02,confounded,logger1_heavy,3,oracle_u_aware,0.28802588996763756,0.28802588996763756,0.6828478964401294,0.08414239482200647,0.23300970873786409,0.8284789644012945,0.0744336569579288,0.0970873786407767,
0.3,0.02,confounded,logger1_heavy,3,source_shuffle,0.7961165048543689,0.7961165048543689,0.10679611650485436,0.05501618122977346,0.8381877022653722,0.8284789644012945,0.0744336569579288,0.0970873786407767,
0.3,0.02,confounded,logger1_heavy,3,no_behavior,0.8446601941747572,0.8446601941747572,0.05825242718446602,0.06472491909385113,0.8770226537216829,0.8284789644012945,0.0744336569579288,0.0970873786407767,
0.3,0.02,confounded,logger1_heavy,3,source_dependent_reward,0.7799352750809061,0.7799352750809061,0.11974110032362459,0.08737864077669903,0.7928802588996764,0.8284789644012945,0.0744336569579288,0.0970873786407767,
0.3,0.02,confounded,logger1_heavy,4,pooled_mlp,0.8284789644012945,0.8284789644012945,0.0744336569579288,0.07119741100323625,0.8543689320388349,0.8284789644012945,0.0744336569579288,0.0970873786407767,
0.3,0.02,confounded,logger1_heavy,4,source_balanced_pooled_mlp,0.7475728155339806,0.7475728155339806,0.16181229773462782,0.07119741100323625,0.7669902912621359,0.8284789644012945,0.0744336569579288,0.0970873786407767,
0.3,0.02,confounded,logger1_heavy,4,source_conditioned_decoder,0.7508090614886731,0.7508090614886731,0.1553398058252427,0.045307443365695796,0.7993527508090615,0.8284789644012945,0.0744336569579288,0.0970873786407767,
0.3,0.02,confounded,logger1_heavy,4,per_source_models,0.7346278317152104,0.7346278317152104,0.1715210355987055,0.0744336569579288,0.7540453074433657,0.8284789644012945,0.0744336569579288,0.0970873786407767,
0.3,0.02,confounded,logger1_heavy,4,mechanism_separated,0.8187702265372169,0.8187702265372169,0.08414239482200647,0.10032362459546926,0.8155339805825242,0.8284789644012945,0.0744336569579288,0.0970873786407767,
0.3,0.02,confounded,logger1_heavy,4,oracle_u_aware,0.3365695792880259,0.3365695792880259,0.6375404530744336,0.08090614886731391,0.2815533980582524,0.8284789644012945,0.0744336569579288,0.0970873786407767,
0.3,0.02,confounded,logger1_heavy,4,source_shuffle,0.8025889967637541,0.8025889967637541,0.0970873786407767,0.08090614886731391,0.8220064724919094,0.8284789644012945,0.0744336569579288,0.0970873786407767,
0.3,0.02,confounded,logger1_heavy,4,no_behavior,0.8090614886731392,0.8090614886731392,0.0970873786407767,0.07766990291262135,0.8252427184466019,0.8284789644012945,0.0744336569579288,0.0970873786407767,
0.3,0.02,confounded,logger1_heavy,4,source_dependent_reward,0.7928802588996764,0.7928802588996764,0.11003236245954692,0.061488673139158574,0.8284789644012945,0.8284789644012945,0.0744336569579288,0.0970873786407767,
0.3,0.02,confounded,logger12_balanced,0,pooled_mlp,0.8220064724919094,0.8220064724919094,0.08090614886731391,0.061488673139158574,0.8576051779935275,0.8284789644012945,0.0744336569579288,0.0970873786407767,0.0
0.3,0.02,confounded,logger12_balanced,0,source_balanced_pooled_mlp,0.8220064724919094,0.8220064724919094,0.08090614886731391,0.061488673139158574,0.8576051779935275,0.8284789644012945,0.0744336569579288,0.0970873786407767,0.0
0.3,0.02,confounded,logger12_balanced,0,source_conditioned_decoder,0.7087378640776699,0.7087378640776699,0.20064724919093851,0.045307443365695796,0.7540453074433657,0.8284789644012945,0.0744336569579288,0.0970873786407767,0.0
0.3,0.02,confounded,logger12_balanced,0,per_source_models,0.7313915857605178,0.7313915857605178,0.1650485436893204,0.07119741100323625,0.7637540453074434,0.8284789644012945,0.0744336569579288,0.0970873786407767,0.0
0.3,0.02,confounded,logger12_balanced,0,mechanism_separated,0.7313915857605178,0.7313915857605178,0.17475728155339806,0.038834951456310676,0.7864077669902912,0.8284789644012945,0.0744336569579288,0.0970873786407767,0.0
0.3,0.02,confounded,logger12_balanced,0,oracle_u_aware,0.2686084142394822,0.2686084142394822,0.6763754045307443,0.0970873786407767,0.22653721682847897,0.8284789644012945,0.0744336569579288,0.0970873786407767,0.0
0.3,0.02,confounded,logger12_balanced,0,source_shuffle,0.7572815533980582,0.7572815533980582,0.1488673139158576,0.045307443365695796,0.8058252427184466,0.8284789644012945,0.0744336569579288,0.0970873786407767,0.0
0.3,0.02,confounded,logger12_balanced,0,no_behavior,0.7831715210355987,0.7831715210355987,0.11974110032362459,0.05177993527508091,0.8284789644012945,0.8284789644012945,0.0744336569579288,0.0970873786407767,0.0
0.3,0.02,confounded,logger12_balanced,0,source_dependent_reward,0.7216828478964401,0.7216828478964401,0.18770226537216828,0.05177993527508091,0.7605177993527508,0.8284789644012945,0.0744336569579288,0.0970873786407767,0.0
0.3,0.02,confounded,logger12_balanced,1,pooled_mlp,0.7540453074433657,0.7540453074433657,0.1423948220064725,0.07766990291262135,0.7799352750809061,0.8284789644012945,0.0744336569579288,0.0970873786407767,0.0
0.3,0.02,confounded,logger12_balanced,1,source_balanced_pooled_mlp,0.7540453074433657,0.7540453074433657,0.1423948220064725,0.07766990291262135,0.7799352750809061,0.8284789644012945,0.0744336569579288,0.0970873786407767,0.0
0.3,0.02,confounded,logger12_balanced,1,source_conditioned_decoder,0.7766990291262136,0.7766990291262136,0.12944983818770225,0.06796116504854369,0.8025889967637541,0.8284789644012945,0.0744336569579288,0.0970873786407767,0.0
0.3,0.02,confounded,logger12_balanced,1,per_source_models,0.7508090614886731,0.7508090614886731,0.1488673139158576,0.08414239482200647,0.7669902912621359,0.8284789644012945,0.0744336569579288,0.0970873786407767,0.0
0.3,0.02,confounded,logger12_balanced,1,mechanism_separated,0.7896440129449838,0.7896440129449838,0.11650485436893204,0.10032362459546926,0.7831715210355987,0.8284789644012945,0.0744336569579288,0.0970873786407767,0.0
0.3,0.02,confounded,logger12_balanced,1,oracle_u_aware,0.2750809061488673,0.2750809061488673,0.6666666666666666,0.10679611650485436,0.22653721682847897,0.8284789644012945,0.0744336569579288,0.0970873786407767,0.0
0.3,0.02,confounded,logger12_balanced,1,source_shuffle,0.7766990291262136,0.7766990291262136,0.11974110032362459,0.10032362459546926,0.7799352750809061,0.8284789644012945,0.0744336569579288,0.0970873786407767,0.0
0.3,0.02,confounded,logger12_balanced,1,no_behavior,0.7831715210355987,0.7831715210355987,0.12944983818770225,0.08414239482200647,0.7864077669902912,0.8284789644012945,0.0744336569579288,0.0970873786407767,0.0
0.3,0.02,confounded,logger12_balanced,1,source_dependent_reward,0.7540453074433657,0.7540453074433657,0.1553398058252427,0.08090614886731391,0.7637540453074434,0.8284789644012945,0.0744336569579288,0.0970873786407767,0.0
0.3,0.02,confounded,logger12_balanced,2,pooled_mlp,0.7734627831715211,0.7734627831715211,0.12944983818770225,0.07766990291262135,0.7928802588996764,0.8284789644012945,0.0744336569579288,0.0970873786407767,0.0
0.3,0.02,confounded,logger12_balanced,2,source_balanced_pooled_mlp,0.7734627831715211,0.7734627831715211,0.12944983818770225,0.07766990291262135,0.7928802588996764,0.8284789644012945,0.0744336569579288,0.0970873786407767,0.0
0.3,0.02,confounded,logger12_balanced,2,source_conditioned_decoder,0.7508090614886731,0.7508090614886731,0.1553398058252427,0.07766990291262135,0.7669902912621359,0.8284789644012945,0.0744336569579288,0.0970873786407767,0.0
0.3,0.02,confounded,logger12_balanced,2,per_source_models,0.7313915857605178,0.7313915857605178,0.16181229773462782,0.10355987055016182,0.7346278317152104,0.8284789644012945,0.0744336569579288,0.0970873786407767,0.0
0.3,0.02,confounded,logger12_balanced,2,mechanism_separated,0.7637540453074434,0.7637540453074434,0.1423948220064725,0.09061488673139159,0.7669902912621359,0.8284789644012945,0.0744336569579288,0.0970873786407767,0.0
0.3,0.02,confounded,logger12_balanced,2,oracle_u_aware,0.26537216828478966,0.26537216828478966,0.6990291262135923,0.08414239482200647,0.2168284789644013,0.8284789644012945,0.0744336569579288,0.0970873786407767,0.0
0.3,0.02,confounded,logger12_balanced,2,source_shuffle,0.7572815533980582,0.7572815533980582,0.1488673139158576,0.10355987055016182,0.7475728155339806,0.8284789644012945,0.0744336569579288,0.0970873786407767,0.0
0.3,0.02,confounded,logger12_balanced,2,no_behavior,0.7896440129449838,0.7896440129449838,0.11974110032362459,0.08090614886731391,0.7993527508090615,0.8284789644012945,0.0744336569579288,0.0970873786407767,0.0
0.3,0.02,confounded,logger12_balanced,2,source_dependent_reward,0.7831715210355987,0.7831715210355987,0.11650485436893204,0.05825242718446602,0.8252427184466019,0.8284789644012945,0.0744336569579288,0.0970873786407767,0.0
0.3,0.02,confounded,logger12_balanced,3,pooled_mlp,0.7702265372168284,0.7702265372168284,0.12297734627831715,0.0744336569579288,0.8025889967637541,0.8284789644012945,0.0744336569579288,0.0970873786407767,0.0
0.3,0.02,confounded,logger12_balanced,3,source_balanced_pooled_mlp,0.7702265372168284,0.7702265372168284,0.12297734627831715,0.0744336569579288,0.8025889967637541,0.8284789644012945,0.0744336569579288,0.0970873786407767,0.0
0.3,0.02,confounded,logger12_balanced,3,source_conditioned_decoder,0.7572815533980582,0.7572815533980582,0.14563106796116504,0.05177993527508091,0.8025889967637541,0.8284789644012945,0.0744336569579288,0.0970873786407767,0.0
0.3,0.02,confounded,logger12_balanced,3,per_source_models,0.7961165048543689,0.7961165048543689,0.10679611650485436,0.08090614886731391,0.8122977346278317,0.8284789644012945,0.0744336569579288,0.0970873786407767,0.0
0.3,0.02,confounded,logger12_balanced,3,mechanism_separated,0.7346278317152104,0.7346278317152104,0.16828478964401294,0.08090614886731391,0.7508090614886731,0.8284789644012945,0.0744336569579288,0.0970873786407767,0.0
0.3,0.02,confounded,logger12_balanced,3,oracle_u_aware,0.26537216828478966,0.26537216828478966,0.7022653721682848,0.05825242718446602,0.23948220064724918,0.8284789644012945,0.0744336569579288,0.0970873786407767,0.0
0.3,0.02,confounded,logger12_balanced,3,source_shuffle,0.7411003236245954,0.7411003236245954,0.16181229773462782,0.08090614886731391,0.7572815533980582,0.8284789644012945,0.0744336569579288,0.0970873786407767,0.0
0.3,0.02,confounded,logger12_balanced,3,no_behavior,0.7702265372168284,0.7702265372168284,0.13268608414239483,0.0744336569579288,0.7928802588996764,0.8284789644012945,0.0744336569579288,0.0970873786407767,0.0
0.3,0.02,confounded,logger12_balanced,3,source_dependent_reward,0.7831715210355987,0.7831715210355987,0.11974110032362459,0.061488673139158574,0.8187702265372169,0.8284789644012945,0.0744336569579288,0.0970873786407767,0.0
0.3,0.02,confounded,logger12_balanced,4,pooled_mlp,0.7475728155339806,0.7475728155339806,0.16181229773462782,0.07119741100323625,0.7669902912621359,0.8284789644012945,0.0744336569579288,0.0970873786407767,0.0
0.3,0.02,confounded,logger12_balanced,4,source_balanced_pooled_mlp,0.7475728155339806,0.7475728155339806,0.16181229773462782,0.07119741100323625,0.7669902912621359,0.8284789644012945,0.0744336569579288,0.0970873786407767,0.0
0.3,0.02,confounded,logger12_balanced,4,source_conditioned_decoder,0.7475728155339806,0.7475728155339806,0.15857605177993528,0.04854368932038835,0.7928802588996764,0.8284789644012945,0.0744336569579288,0.0970873786407767,0.0
0.3,0.02,confounded,logger12_balanced,4,per_source_models,0.7540453074433657,0.7540453074433657,0.1553398058252427,0.05501618122977346,0.7896440129449838,0.8284789644012945,0.0744336569579288,0.0970873786407767,0.0
0.3,0.02,confounded,logger12_balanced,4,mechanism_separated,0.7572815533980582,0.7572815533980582,0.14563106796116504,0.0970873786407767,0.7572815533980582,0.8284789644012945,0.0744336569579288,0.0970873786407767,0.0
0.3,0.02,confounded,logger12_balanced,4,oracle_u_aware,0.27184466019417475,0.27184466019417475,0.686084142394822,0.06472491909385113,0.24919093851132687,0.8284789644012945,0.0744336569579288,0.0970873786407767,0.0
0.3,0.02,confounded,logger12_balanced,4,source_shuffle,0.7443365695792881,0.7443365695792881,0.1650485436893204,0.06472491909385113,0.7702265372168284,0.8284789644012945,0.0744336569579288,0.0970873786407767,0.0
0.3,0.02,confounded,logger12_balanced,4,no_behavior,0.7119741100323624,0.7119741100323624,0.18446601941747573,0.0744336569579288,0.7411003236245954,0.8284789644012945,0.0744336569579288,0.0970873786407767,0.0
0.3,0.02,confounded,logger12_balanced,4,source_dependent_reward,0.7669902912621359,0.7669902912621359,0.13592233009708737,0.06472491909385113,0.7993527508090615,0.8284789644012945,0.0744336569579288,0.0970873786407767,0.0
0.3,0.02,confounded,logger2_heavy,0,pooled_mlp,0.686084142394822,0.686084142394822,0.22006472491909385,0.08414239482200647,0.6957928802588996,0.8284789644012945,0.0744336569579288,0.0970873786407767,
0.3,0.02,confounded,logger2_heavy,0,source_balanced_pooled_mlp,0.8220064724919094,0.8220064724919094,0.08090614886731391,0.061488673139158574,0.8576051779935275,0.8284789644012945,0.0744336569579288,0.0970873786407767,
0.3,0.02,confounded,logger2_heavy,0,source_conditioned_decoder,0.6763754045307443,0.6763754045307443,0.23624595469255663,0.05501618122977346,0.7087378640776699,0.8284789644012945,0.0744336569579288,0.0970873786407767,
0.3,0.02,confounded,logger2_heavy,0,per_source_models,0.7216828478964401,0.7216828478964401,0.18446601941747573,0.0744336569579288,0.7411003236245954,0.8284789644012945,0.0744336569579288,0.0970873786407767,
0.3,0.02,confounded,logger2_heavy,0,mechanism_separated,0.6666666666666666,0.6666666666666666,0.23624595469255663,0.05501618122977346,0.7087378640776699,0.8284789644012945,0.0744336569579288,0.0970873786407767,
0.3,0.02,confounded,logger2_heavy,0,oracle_u_aware,0.2621359223300971,0.2621359223300971,0.7249190938511327,0.09061488673139159,0.18446601941747573,0.8284789644012945,0.0744336569579288,0.0970873786407767,
0.3,0.02,confounded,logger2_heavy,0,source_shuffle,0.6731391585760518,0.6731391585760518,0.23300970873786409,0.07119741100323625,0.6957928802588996,0.8284789644012945,0.0744336569579288,0.0970873786407767,
0.3,0.02,confounded,logger2_heavy,0,no_behavior,0.6472491909385113,0.6472491909385113,0.255663430420712,0.05501618122977346,0.6893203883495146,0.8284789644012945,0.0744336569579288,0.0970873786407767,
0.3,0.02,confounded,logger2_heavy,0,source_dependent_reward,0.7508090614886731,0.7508090614886731,0.1553398058252427,0.07119741100323625,0.7734627831715211,0.8284789644012945,0.0744336569579288,0.0970873786407767,
0.3,0.02,confounded,logger2_heavy,1,pooled_mlp,0.6245954692556634,0.6213592233009708,0.2815533980582524,0.13268608414239483,0.5889967637540453,0.8284789644012945,0.0744336569579288,0.0970873786407767,
0.3,0.02,confounded,logger2_heavy,1,source_balanced_pooled_mlp,0.7540453074433657,0.7540453074433657,0.1423948220064725,0.07766990291262135,0.7799352750809061,0.8284789644012945,0.0744336569579288,0.0970873786407767,
0.3,0.02,confounded,logger2_heavy,1,source_conditioned_decoder,0.7508090614886731,0.7508090614886731,0.1553398058252427,0.08414239482200647,0.7605177993527508,0.8284789644012945,0.0744336569579288,0.0970873786407767,
0.3,0.02,confounded,logger2_heavy,1,per_source_models,0.7475728155339806,0.7475728155339806,0.15857605177993528,0.08090614886731391,0.7605177993527508,0.8284789644012945,0.0744336569579288,0.0970873786407767,
0.3,0.02,confounded,logger2_heavy,1,mechanism_separated,0.6148867313915858,0.6148867313915858,0.29449838187702265,0.10679611650485436,0.598705501618123,0.8284789644012945,0.0744336569579288,0.0970873786407767,
0.3,0.02,confounded,logger2_heavy,1,oracle_u_aware,0.27184466019417475,0.27184466019417475,0.6731391585760518,0.09385113268608414,0.23300970873786409,0.8284789644012945,0.0744336569579288,0.0970873786407767,
0.3,0.02,confounded,logger2_heavy,1,source_shuffle,0.7087378640776699,0.7087378640776699,0.20064724919093851,0.11650485436893204,0.6828478964401294,0.8284789644012945,0.0744336569579288,0.0970873786407767,
0.3,0.02,confounded,logger2_heavy,1,no_behavior,0.7281553398058253,0.7281553398058253,0.1779935275080906,0.13268608414239483,0.6893203883495146,0.8284789644012945,0.0744336569579288,0.0970873786407767,
0.3,0.02,confounded,logger2_heavy,1,source_dependent_reward,0.7378640776699029,0.7378640776699029,0.17475728155339806,0.05501618122977346,0.7702265372168284,0.8284789644012945,0.0744336569579288,0.0970873786407767,
0.3,0.02,confounded,logger2_heavy,2,pooled_mlp,0.6634304207119741,0.6634304207119741,0.2459546925566343,0.07119741100323625,0.6828478964401294,0.8284789644012945,0.0744336569579288,0.0970873786407767,
0.3,0.02,confounded,logger2_heavy,2,source_balanced_pooled_mlp,0.7734627831715211,0.7734627831715211,0.12944983818770225,0.07766990291262135,0.7928802588996764,0.8284789644012945,0.0744336569579288,0.0970873786407767,
0.3,0.02,confounded,logger2_heavy,2,source_conditioned_decoder,0.7216828478964401,0.7216828478964401,0.18446601941747573,0.08090614886731391,0.7346278317152104,0.8284789644012945,0.0744336569579288,0.0970873786407767,
0.3,0.02,confounded,logger2_heavy,2,per_source_models,0.7961165048543689,0.7961165048543689,0.10355987055016182,0.09385113268608414,0.8025889967637541,0.8284789644012945,0.0744336569579288,0.0970873786407767,
0.3,0.02,confounded,logger2_heavy,2,mechanism_separated,0.6990291262135923,0.6990291262135923,0.21035598705501618,0.06472491909385113,0.7249190938511327,0.8284789644012945,0.0744336569579288,0.0970873786407767,
0.3,0.02,confounded,logger2_heavy,2,oracle_u_aware,0.28802588996763756,0.28802588996763756,0.6666666666666666,0.0744336569579288,0.2588996763754045,0.8284789644012945,0.0744336569579288,0.0970873786407767,
0.3,0.02,confounded,logger2_heavy,2,source_shuffle,0.7152103559870551,0.7152103559870551,0.18770226537216828,0.08090614886731391,0.7313915857605178,0.8284789644012945,0.0744336569579288,0.0970873786407767,
0.3,0.02,confounded,logger2_heavy,2,no_behavior,0.7216828478964401,0.7216828478964401,0.18122977346278318,0.0970873786407767,0.7216828478964401,0.8284789644012945,0.0744336569579288,0.0970873786407767,
0.3,0.02,confounded,logger2_heavy,2,source_dependent_reward,0.7313915857605178,0.7313915857605178,0.16828478964401294,0.0970873786407767,0.7346278317152104,0.8284789644012945,0.0744336569579288,0.0970873786407767,
0.3,0.02,confounded,logger2_heavy,3,pooled_mlp,0.6634304207119741,0.6634304207119741,0.2297734627831715,0.10355987055016182,0.6666666666666666,0.8284789644012945,0.0744336569579288,0.0970873786407767,
0.3,0.02,confounded,logger2_heavy,3,source_balanced_pooled_mlp,0.7702265372168284,0.7702265372168284,0.12297734627831715,0.0744336569579288,0.8025889967637541,0.8284789644012945,0.0744336569579288,0.0970873786407767,
0.3,0.02,confounded,logger2_heavy,3,source_conditioned_decoder,0.6763754045307443,0.6763754045307443,0.22653721682847897,0.0744336569579288,0.6990291262135923,0.8284789644012945,0.0744336569579288,0.0970873786407767,
0.3,0.02,confounded,logger2_heavy,3,per_source_models,0.7734627831715211,0.7734627831715211,0.12944983818770225,0.045307443365695796,0.8252427184466019,0.8284789644012945,0.0744336569579288,0.0970873786407767,
0.3,0.02,confounded,logger2_heavy,3,mechanism_separated,0.6343042071197411,0.6343042071197411,0.27184466019417475,0.10355987055016182,0.6245954692556634,0.8284789644012945,0.0744336569579288,0.0970873786407767,
0.3,0.02,confounded,logger2_heavy,3,oracle_u_aware,0.2588996763754045,0.2588996763754045,0.6893203883495146,0.09061488673139159,0.22006472491909385,0.8284789644012945,0.0744336569579288,0.0970873786407767,
0.3,0.02,confounded,logger2_heavy,3,source_shuffle,0.6440129449838188,0.6440129449838188,0.27184466019417475,0.10032362459546926,0.627831715210356,0.8284789644012945,0.0744336569579288,0.0970873786407767,
0.3,0.02,confounded,logger2_heavy,3,no_behavior,0.6310679611650486,0.6310679611650486,0.2750809061488673,0.06472491909385113,0.6601941747572816,0.8284789644012945,0.0744336569579288,0.0970873786407767,
0.3,0.02,confounded,logger2_heavy,3,source_dependent_reward,0.6731391585760518,0.6731391585760518,0.23300970873786409,0.038834951456310676,0.7281553398058253,0.8284789644012945,0.0744336569579288,0.0970873786407767,
0.3,0.02,confounded,logger2_heavy,4,pooled_mlp,0.6763754045307443,0.6763754045307443,0.23624595469255663,0.10355987055016182,0.6601941747572816,0.8284789644012945,0.0744336569579288,0.0970873786407767,
0.3,0.02,confounded,logger2_heavy,4,source_balanced_pooled_mlp,0.7475728155339806,0.7475728155339806,0.16181229773462782,0.07119741100323625,0.7669902912621359,0.8284789644012945,0.0744336569579288,0.0970873786407767,
0.3,0.02,confounded,logger2_heavy,4,source_conditioned_decoder,0.6893203883495146,0.6893203883495146,0.2168284789644013,0.08737864077669903,0.6957928802588996,0.8284789644012945,0.0744336569579288,0.0970873786407767,
0.3,0.02,confounded,logger2_heavy,4,per_source_models,0.7605177993527508,0.7605177993527508,0.15210355987055016,0.07119741100323625,0.7766990291262136,0.8284789644012945,0.0744336569579288,0.0970873786407767,
0.3,0.02,confounded,logger2_heavy,4,mechanism_separated,0.6893203883495146,0.6893203883495146,0.20388349514563106,0.1262135922330097,0.6699029126213593,0.8284789644012945,0.0744336569579288,0.0970873786407767,
0.3,0.02,confounded,logger2_heavy,4,oracle_u_aware,0.2912621359223301,0.2912621359223301,0.6796116504854369,0.06472491909385113,0.255663430420712,0.8284789644012945,0.0744336569579288,0.0970873786407767,
0.3,0.02,confounded,logger2_heavy,4,source_shuffle,0.6666666666666666,0.6666666666666666,0.22330097087378642,0.10679611650485436,0.6699029126213593,0.8284789644012945,0.0744336569579288,0.0970873786407767,
0.3,0.02,confounded,logger2_heavy,4,no_behavior,0.6666666666666666,0.6666666666666666,0.22330097087378642,0.0970873786407767,0.6796116504854369,0.8284789644012945,0.0744336569579288,0.0970873786407767,
0.3,0.02,confounded,logger2_heavy,4,source_dependent_reward,0.7216828478964401,0.7216828478964401,0.18122977346278318,0.07119741100323625,0.7475728155339806,0.8284789644012945,0.0744336569579288,0.0970873786407767,
0.3,0.02,independent_latents,logger1_heavy,0,pooled_mlp,0.31715210355987056,0.313915857605178,0.6375404530744336,0.08414239482200647,0.2815533980582524,0.8284789644012945,0.0744336569579288,0.0970873786407767,
0.3,0.02,independent_latents,logger1_heavy,0,source_balanced_pooled_mlp,0.3559870550161812,0.3559870550161812,0.5728155339805825,0.11650485436893204,0.3106796116504854,0.8284789644012945,0.0744336569579288,0.0970873786407767,
0.3,0.02,independent_latents,logger1_heavy,0,source_conditioned_decoder,0.2815533980582524,0.2815533980582524,0.6796116504854369,0.05825242718446602,0.2621359223300971,0.8284789644012945,0.0744336569579288,0.0970873786407767,
0.3,0.02,independent_latents,logger1_heavy,0,per_source_models,0.2588996763754045,0.2588996763754045,0.7346278317152104,0.05825242718446602,0.20711974110032363,0.8284789644012945,0.0744336569579288,0.0970873786407767,
0.3,0.02,independent_latents,logger1_heavy,0,mechanism_separated,0.32038834951456313,0.32038834951456313,0.6116504854368932,0.10032362459546926,0.28802588996763756,0.8284789644012945,0.0744336569579288,0.0970873786407767,
0.3,0.02,independent_latents,logger1_heavy,0,oracle_u_aware,0.22330097087378642,0.22330097087378642,0.7346278317152104,0.09385113268608414,0.1715210355987055,0.8284789644012945,0.0744336569579288,0.0970873786407767,
0.3,0.02,independent_latents,logger1_heavy,0,source_shuffle,0.29449838187702265,0.29449838187702265,0.6537216828478964,0.07119741100323625,0.2750809061488673,0.8284789644012945,0.0744336569579288,0.0970873786407767,
0.3,0.02,independent_latents,logger1_heavy,0,no_behavior,0.32038834951456313,0.32038834951456313,0.6213592233009708,0.09385113268608414,0.284789644012945,0.8284789644012945,0.0744336569579288,0.0970873786407767,
0.3,0.02,independent_latents,logger1_heavy,0,source_dependent_reward,0.27184466019417475,0.27184466019417475,0.6731391585760518,0.04854368932038835,0.2783171521035599,0.8284789644012945,0.0744336569579288,0.0970873786407767,
0.3,0.02,independent_latents,logger1_heavy,1,pooled_mlp,0.1941747572815534,0.1941747572815534,0.7864077669902912,0.045307443365695796,0.16828478964401294,0.8284789644012945,0.0744336569579288,0.0970873786407767,
0.3,0.02,independent_latents,logger1_heavy,1,source_balanced_pooled_mlp,0.3042071197411003,0.3042071197411003,0.6343042071197411,0.09385113268608414,0.27184466019417475,0.8284789644012945,0.0744336569579288,0.0970873786407767,
0.3,0.02,independent_latents,logger1_heavy,1,source_conditioned_decoder,0.26537216828478966,0.26537216828478966,0.7216828478964401,0.045307443365695796,0.23300970873786409,0.8284789644012945,0.0744336569579288,0.0970873786407767,
0.3,0.02,independent_latents,logger1_heavy,1,per_source_models,0.21035598705501618,0.21035598705501618,0.7411003236245954,0.061488673139158574,0.19741100323624594,0.8284789644012945,0.0744336569579288,0.0970873786407767,
0.3,0.02,independent_latents,logger1_heavy,1,mechanism_separated,0.27184466019417475,0.27184466019417475,0.7022653721682848,0.05177993527508091,0.2459546925566343,0.8284789644012945,0.0744336569579288,0.0970873786407767,
0.3,0.02,independent_latents,logger1_heavy,1,oracle_u_aware,0.2459546925566343,0.2459546925566343,0.6990291262135923,0.06472491909385113,0.23624595469255663,0.8284789644012945,0.0744336569579288,0.0970873786407767,
0.3,0.02,independent_latents,logger1_heavy,1,source_shuffle,0.2783171521035599,0.2783171521035599,0.6796116504854369,0.08414239482200647,0.23624595469255663,0.8284789644012945,0.0744336569579288,0.0970873786407767,
0.3,0.02,independent_latents,logger1_heavy,1,no_behavior,0.2297734627831715,0.2297734627831715,0.7216828478964401,0.04854368932038835,0.2297734627831715,0.8284789644012945,0.0744336569579288,0.0970873786407767,
0.3,0.02,independent_latents,logger1_heavy,1,source_dependent_reward,0.2524271844660194,0.2524271844660194,0.7119741100323624,0.06796116504854369,0.22006472491909385,0.8284789644012945,0.0744336569579288,0.0970873786407767,
0.3,0.02,independent_latents,logger1_heavy,2,pooled_mlp,0.22006472491909385,0.22006472491909385,0.7637540453074434,0.07119741100323625,0.1650485436893204,0.8284789644012945,0.0744336569579288,0.0970873786407767,
0.3,0.02,independent_latents,logger1_heavy,2,source_balanced_pooled_mlp,0.30097087378640774,0.30097087378640774,0.6440129449838188,0.09061488673139159,0.26537216828478966,0.8284789644012945,0.0744336569579288,0.0970873786407767,
0.3,0.02,independent_latents,logger1_heavy,2,source_conditioned_decoder,0.27184466019417475,0.27184466019417475,0.6893203883495146,0.05501618122977346,0.255663430420712,0.8284789644012945,0.0744336569579288,0.0970873786407767,
0.3,0.02,independent_latents,logger1_heavy,2,per_source_models,0.22330097087378642,0.22330097087378642,0.7799352750809061,0.045307443365695796,0.17475728155339806,0.8284789644012945,0.0744336569579288,0.0970873786407767,
0.3,0.02,independent_latents,logger1_heavy,2,mechanism_separated,0.32362459546925565,0.32362459546925565,0.6343042071197411,0.08737864077669903,0.2783171521035599,0.8284789644012945,0.0744336569579288,0.0970873786407767,
0.3,0.02,independent_latents,logger1_heavy,2,oracle_u_aware,0.23948220064724918,0.23948220064724918,0.7055016181229773,0.05501618122977346,0.23948220064724918,0.8284789644012945,0.0744336569579288,0.0970873786407767,
0.3,0.02,independent_latents,logger1_heavy,2,source_shuffle,0.2912621359223301,0.2912621359223301,0.6990291262135923,0.09385113268608414,0.20711974110032363,0.8284789644012945,0.0744336569579288,0.0970873786407767,
0.3,0.02,independent_latents,logger1_heavy,2,no_behavior,0.2686084142394822,0.2686084142394822,0.7346278317152104,0.08090614886731391,0.18446601941747573,0.8284789644012945,0.0744336569579288,0.0970873786407767,
0.3,0.02,independent_latents,logger1_heavy,2,source_dependent_reward,0.23300970873786409,0.23300970873786409,0.7766990291262136,0.042071197411003236,0.18122977346278318,0.8284789644012945,0.0744336569579288,0.0970873786407767,
0.3,0.02,independent_latents,logger1_heavy,3,pooled_mlp,0.2815533980582524,0.2815533980582524,0.6990291262135923,0.08414239482200647,0.2168284789644013,0.8284789644012945,0.0744336569579288,0.0970873786407767,
0.3,0.02,independent_latents,logger1_heavy,3,source_balanced_pooled_mlp,0.3074433656957929,0.30097087378640774,0.6537216828478964,0.09385113268608414,0.2588996763754045,0.8284789644012945,0.0744336569579288,0.0970873786407767,
0.3,0.02,independent_latents,logger1_heavy,3,source_conditioned_decoder,0.26537216828478966,0.26537216828478966,0.6763754045307443,0.09385113268608414,0.2297734627831715,0.8284789644012945,0.0744336569579288,0.0970873786407767,
0.3,0.02,independent_latents,logger1_heavy,3,per_source_models,0.2912621359223301,0.2912621359223301,0.6699029126213593,0.08090614886731391,0.24919093851132687,0.8284789644012945,0.0744336569579288,0.0970873786407767,
0.3,0.02,independent_latents,logger1_heavy,3,mechanism_separated,0.27184466019417475,0.27184466019417475,0.6828478964401294,0.07766990291262135,0.23948220064724918,0.8284789644012945,0.0744336569579288,0.0970873786407767,
0.3,0.02,independent_latents,logger1_heavy,3,oracle_u_aware,0.32038834951456313,0.32038834951456313,0.6407766990291263,0.07766990291262135,0.2815533980582524,0.8284789644012945,0.0744336569579288,0.0970873786407767,
0.3,0.02,independent_latents,logger1_heavy,3,source_shuffle,0.2686084142394822,0.2686084142394822,0.6731391585760518,0.08737864077669903,0.23948220064724918,0.8284789644012945,0.0744336569579288,0.0970873786407767,
0.3,0.02,independent_latents,logger1_heavy,3,no_behavior,0.2588996763754045,0.2588996763754045,0.6828478964401294,0.08737864077669903,0.2297734627831715,0.8284789644012945,0.0744336569579288,0.0970873786407767,
0.3,0.02,independent_latents,logger1_heavy,3,source_dependent_reward,0.20711974110032363,0.20711974110032363,0.7637540453074434,0.032362459546925564,0.20388349514563106,0.8284789644012945,0.0744336569579288,0.0970873786407767,
0.3,0.02,independent_latents,logger1_heavy,4,pooled_mlp,0.2912621359223301,0.2912621359223301,0.6601941747572816,0.0970873786407767,0.24271844660194175,0.8284789644012945,0.0744336569579288,0.0970873786407767,
0.3,0.02,independent_latents,logger1_heavy,4,source_balanced_pooled_mlp,0.2783171521035599,0.2783171521035599,0.6731391585760518,0.12297734627831715,0.20388349514563106,0.8284789644012945,0.0744336569579288,0.0970873786407767,
0.3,0.02,independent_latents,logger1_heavy,4,source_conditioned_decoder,0.26537216828478966,0.26537216828478966,0.7022653721682848,0.05177993527508091,0.2459546925566343,0.8284789644012945,0.0744336569579288,0.0970873786407767,
0.3,0.02,independent_latents,logger1_heavy,4,per_source_models,0.2621359223300971,0.2621359223300971,0.7216828478964401,0.045307443365695796,0.23300970873786409,0.8284789644012945,0.0744336569579288,0.0970873786407767,
0.3,0.02,independent_latents,logger1_heavy,4,mechanism_separated,0.3300970873786408,0.3300970873786408,0.627831715210356,0.0970873786407767,0.2750809061488673,0.8284789644012945,0.0744336569579288,0.0970873786407767,
0.3,0.02,independent_latents,logger1_heavy,4,oracle_u_aware,0.28802588996763756,0.28802588996763756,0.6763754045307443,0.07119741100323625,0.2524271844660194,0.8284789644012945,0.0744336569579288,0.0970873786407767,
0.3,0.02,independent_latents,logger1_heavy,4,source_shuffle,0.32038834951456313,0.32038834951456313,0.6343042071197411,0.0744336569579288,0.2912621359223301,0.8284789644012945,0.0744336569579288,0.0970873786407767,
0.3,0.02,independent_latents,logger1_heavy,4,no_behavior,0.3106796116504854,0.3106796116504854,0.6537216828478964,0.061488673139158574,0.284789644012945,0.8284789644012945,0.0744336569579288,0.0970873786407767,
0.3,0.02,independent_latents,logger1_heavy,4,source_dependent_reward,0.27184466019417475,0.27184466019417475,0.6731391585760518,0.07766990291262135,0.24919093851132687,0.8284789644012945,0.0744336569579288,0.0970873786407767,
0.3,0.02,independent_latents,logger12_balanced,0,pooled_mlp,0.3559870550161812,0.3559870550161812,0.5728155339805825,0.11650485436893204,0.3106796116504854,0.8284789644012945,0.0744336569579288,0.0970873786407767,
0.3,0.02,independent_latents,logger12_balanced,0,source_balanced_pooled_mlp,0.3559870550161812,0.3559870550161812,0.5728155339805825,0.11650485436893204,0.3106796116504854,0.8284789644012945,0.0744336569579288,0.0970873786407767,
0.3,0.02,independent_latents,logger12_balanced,0,source_conditioned_decoder,0.2815533980582524,0.2815533980582524,0.6601941747572816,0.061488673139158574,0.2783171521035599,0.8284789644012945,0.0744336569579288,0.0970873786407767,
0.3,0.02,independent_latents,logger12_balanced,0,per_source_models,0.2168284789644013,0.2168284789644013,0.7411003236245954,0.05825242718446602,0.20064724919093851,0.8284789644012945,0.0744336569579288,0.0970873786407767,
0.3,0.02,independent_latents,logger12_balanced,0,mechanism_separated,0.2977346278317152,0.2977346278317152,0.6213592233009708,0.10355987055016182,0.2750809061488673,0.8284789644012945,0.0744336569579288,0.0970873786407767,
0.3,0.02,independent_latents,logger12_balanced,0,oracle_u_aware,0.22006472491909385,0.22006472491909385,0.7281553398058253,0.10355987055016182,0.16828478964401294,0.8284789644012945,0.0744336569579288,0.0970873786407767,
0.3,0.02,independent_latents,logger12_balanced,0,source_shuffle,0.3300970873786408,0.3300970873786408,0.598705501618123,0.10679611650485436,0.29449838187702265,0.8284789644012945,0.0744336569579288,0.0970873786407767,
0.3,0.02,independent_latents,logger12_balanced,0,no_behavior,0.27184466019417475,0.27184466019417475,0.6537216828478964,0.08090614886731391,0.26537216828478966,0.8284789644012945,0.0744336569579288,0.0970873786407767,
0.3,0.02,independent_latents,logger12_balanced,0,source_dependent_reward,0.28802588996763756,0.28802588996763756,0.627831715210356,0.0744336569579288,0.2977346278317152,0.8284789644012945,0.0744336569579288,0.0970873786407767,
0.3,0.02,independent_latents,logger12_balanced,1,pooled_mlp,0.3042071197411003,0.3042071197411003,0.6343042071197411,0.09385113268608414,0.27184466019417475,0.8284789644012945,0.0744336569579288,0.0970873786407767,
0.3,0.02,independent_latents,logger12_balanced,1,source_balanced_pooled_mlp,0.3042071197411003,0.3042071197411003,0.6343042071197411,0.09385113268608414,0.27184466019417475,0.8284789644012945,0.0744336569579288,0.0970873786407767,
0.3,0.02,independent_latents,logger12_balanced,1,source_conditioned_decoder,0.22653721682847897,0.22653721682847897,0.7572815533980582,0.038834951456310676,0.20388349514563106,0.8284789644012945,0.0744336569579288,0.0970873786407767,
0.3,0.02,independent_latents,logger12_balanced,1,per_source_models,0.18770226537216828,0.18770226537216828,0.7734627831715211,0.038834951456310676,0.18770226537216828,0.8284789644012945,0.0744336569579288,0.0970873786407767,
0.3,0.02,independent_latents,logger12_balanced,1,mechanism_separated,0.23948220064724918,0.23948220064724918,0.7475728155339806,0.0744336569579288,0.1779935275080906,0.8284789644012945,0.0744336569579288,0.0970873786407767,
0.3,0.02,independent_latents,logger12_balanced,1,oracle_u_aware,0.2815533980582524,0.2815533980582524,0.6731391585760518,0.09061488673139159,0.23624595469255663,0.8284789644012945,0.0744336569579288,0.0970873786407767,
0.3,0.02,independent_latents,logger12_balanced,1,source_shuffle,0.22653721682847897,0.22653721682847897,0.7508090614886731,0.061488673139158574,0.18770226537216828,0.8284789644012945,0.0744336569579288,0.0970873786407767,
0.3,0.02,independent_latents,logger12_balanced,1,no_behavior,0.24919093851132687,0.24919093851132687,0.7411003236245954,0.08090614886731391,0.1779935275080906,0.8284789644012945,0.0744336569579288,0.0970873786407767,
0.3,0.02,independent_latents,logger12_balanced,1,source_dependent_reward,0.28802588996763756,0.28802588996763756,0.6666666666666666,0.06796116504854369,0.26537216828478966,0.8284789644012945,0.0744336569579288,0.0970873786407767,
0.3,0.02,independent_latents,logger12_balanced,2,pooled_mlp,0.30097087378640774,0.30097087378640774,0.6440129449838188,0.09061488673139159,0.26537216828478966,0.8284789644012945,0.0744336569579288,0.0970873786407767,
0.3,0.02,independent_latents,logger12_balanced,2,source_balanced_pooled_mlp,0.30097087378640774,0.30097087378640774,0.6440129449838188,0.09061488673139159,0.26537216828478966,0.8284789644012945,0.0744336569579288,0.0970873786407767,
0.3,0.02,independent_latents,logger12_balanced,2,source_conditioned_decoder,0.255663430420712,0.255663430420712,0.6925566343042071,0.06796116504854369,0.23948220064724918,0.8284789644012945,0.0744336569579288,0.0970873786407767,
0.3,0.02,independent_latents,logger12_balanced,2,per_source_models,0.23948220064724918,0.23948220064724918,0.7313915857605178,0.04854368932038835,0.22006472491909385,0.8284789644012945,0.0744336569579288,0.0970873786407767,
0.3,0.02,independent_latents,logger12_balanced,2,mechanism_separated,0.31715210355987056,0.31715210355987056,0.6116504854368932,0.08737864077669903,0.30097087378640774,0.8284789644012945,0.0744336569579288,0.0970873786407767,
0.3,0.02,independent_latents,logger12_balanced,2,oracle_u_aware,0.2297734627831715,0.2297734627831715,0.7152103559870551,0.0744336569579288,0.21035598705501618,0.8284789644012945,0.0744336569579288,0.0970873786407767,
0.3,0.02,independent_latents,logger12_balanced,2,source_shuffle,0.2621359223300971,0.2621359223300971,0.6666666666666666,0.07766990291262135,0.255663430420712,0.8284789644012945,0.0744336569579288,0.0970873786407767,
0.3,0.02,independent_latents,logger12_balanced,2,no_behavior,0.28802588996763756,0.284789644012945,0.6504854368932039,0.0970873786407767,0.255663430420712,0.8284789644012945,0.0744336569579288,0.0970873786407767,
0.3,0.02,independent_latents,logger12_balanced,2,source_dependent_reward,0.2524271844660194,0.2524271844660194,0.6990291262135923,0.061488673139158574,0.23948220064724918,0.8284789644012945,0.0744336569579288,0.0970873786407767,
0.3,0.02,independent_latents,logger12_balanced,3,pooled_mlp,0.3074433656957929,0.30097087378640774,0.6537216828478964,0.09385113268608414,0.2588996763754045,0.8284789644012945,0.0744336569579288,0.0970873786407767,
0.3,0.02,independent_latents,logger12_balanced,3,source_balanced_pooled_mlp,0.3074433656957929,0.30097087378640774,0.6537216828478964,0.09385113268608414,0.2588996763754045,0.8284789644012945,0.0744336569579288,0.0970873786407767,
0.3,0.02,independent_latents,logger12_balanced,3,source_conditioned_decoder,0.2686084142394822,0.2686084142394822,0.6828478964401294,0.06796116504854369,0.24919093851132687,0.8284789644012945,0.0744336569579288,0.0970873786407767,
0.3,0.02,independent_latents,logger12_balanced,3,per_source_models,0.2750809061488673,0.2750809061488673,0.7087378640776699,0.061488673139158574,0.2297734627831715,0.8284789644012945,0.0744336569579288,0.0970873786407767,
0.3,0.02,independent_latents,logger12_balanced,3,mechanism_separated,0.29449838187702265,0.29449838187702265,0.656957928802589,0.08090614886731391,0.2621359223300971,0.8284789644012945,0.0744336569579288,0.0970873786407767,
0.3,0.02,independent_latents,logger12_balanced,3,oracle_u_aware,0.2750809061488673,0.2750809061488673,0.6763754045307443,0.0970873786407767,0.22653721682847897,0.8284789644012945,0.0744336569579288,0.0970873786407767,
0.3,0.02,independent_latents,logger12_balanced,3,source_shuffle,0.30097087378640774,0.30097087378640774,0.6666666666666666,0.06472491909385113,0.2686084142394822,0.8284789644012945,0.0744336569579288,0.0970873786407767,
0.3,0.02,independent_latents,logger12_balanced,3,no_behavior,0.2686084142394822,0.2686084142394822,0.6763754045307443,0.061488673139158574,0.2621359223300971,0.8284789644012945,0.0744336569579288,0.0970873786407767,
0.3,0.02,independent_latents,logger12_balanced,3,source_dependent_reward,0.2750809061488673,0.2750809061488673,0.6990291262135923,0.10032362459546926,0.20064724919093851,0.8284789644012945,0.0744336569579288,0.0970873786407767,
0.3,0.02,independent_latents,logger12_balanced,4,pooled_mlp,0.2783171521035599,0.2783171521035599,0.6731391585760518,0.12297734627831715,0.20388349514563106,0.8284789644012945,0.0744336569579288,0.0970873786407767,
0.3,0.02,independent_latents,logger12_balanced,4,source_balanced_pooled_mlp,0.2783171521035599,0.2783171521035599,0.6731391585760518,0.12297734627831715,0.20388349514563106,0.8284789644012945,0.0744336569579288,0.0970873786407767,
0.3,0.02,independent_latents,logger12_balanced,4,source_conditioned_decoder,0.21359223300970873,0.21359223300970873,0.7734627831715211,0.04854368932038835,0.1779935275080906,0.8284789644012945,0.0744336569579288,0.0970873786407767,
0.3,0.02,independent_latents,logger12_balanced,4,per_source_models,0.284789644012945,0.284789644012945,0.6763754045307443,0.07766990291262135,0.2459546925566343,0.8284789644012945,0.0744336569579288,0.0970873786407767,
0.3,0.02,independent_latents,logger12_balanced,4,mechanism_separated,0.37216828478964403,0.37216828478964403,0.598705501618123,0.08090614886731391,0.32038834951456313,0.8284789644012945,0.0744336569579288,0.0970873786407767,
0.3,0.02,independent_latents,logger12_balanced,4,oracle_u_aware,0.27184466019417475,0.27184466019417475,0.6957928802588996,0.06472491909385113,0.23948220064724918,0.8284789644012945,0.0744336569579288,0.0970873786407767,
0.3,0.02,independent_latents,logger12_balanced,4,source_shuffle,0.40129449838187703,0.40129449838187703,0.5501618122977346,0.0744336569579288,0.37540453074433655,0.8284789644012945,0.0744336569579288,0.0970873786407767,
0.3,0.02,independent_latents,logger12_balanced,4,no_behavior,0.2686084142394822,0.2686084142394822,0.7022653721682848,0.07119741100323625,0.22653721682847897,0.8284789644012945,0.0744336569579288,0.0970873786407767,
0.3,0.02,independent_latents,logger12_balanced,4,source_dependent_reward,0.2524271844660194,0.2524271844660194,0.7119741100323624,0.07766990291262135,0.21035598705501618,0.8284789644012945,0.0744336569579288,0.0970873786407767,
0.3,0.02,independent_latents,logger2_heavy,0,pooled_mlp,0.3268608414239482,0.3268608414239482,0.6148867313915858,0.10355987055016182,0.2815533980582524,0.8284789644012945,0.0744336569579288,0.0970873786407767,
0.3,0.02,independent_latents,logger2_heavy,0,source_balanced_pooled_mlp,0.3559870550161812,0.3559870550161812,0.5728155339805825,0.11650485436893204,0.3106796116504854,0.8284789644012945,0.0744336569579288,0.0970873786407767,
0.3,0.02,independent_latents,logger2_heavy,0,source_conditioned_decoder,0.24919093851132687,0.24919093851132687,0.7022653721682848,0.08737864077669903,0.21035598705501618,0.8284789644012945,0.0744336569579288,0.0970873786407767,
0.3,0.02,independent_latents,logger2_heavy,0,per_source_models,0.20388349514563106,0.20388349514563106,0.7669902912621359,0.05177993527508091,0.18122977346278318,0.8284789644012945,0.0744336569579288,0.0970873786407767,
0.3,0.02,independent_latents,logger2_heavy,0,mechanism_separated,0.343042071197411,0.343042071197411,0.5889967637540453,0.08737864077669903,0.32362459546925565,0.8284789644012945,0.0744336569579288,0.0970873786407767,
0.3,0.02,independent_latents,logger2_heavy,0,oracle_u_aware,0.24919093851132687,0.24919093851132687,0.6828478964401294,0.09385113268608414,0.22330097087378642,0.8284789644012945,0.0744336569579288,0.0970873786407767,
0.3,0.02,independent_latents,logger2_heavy,0,source_shuffle,0.3300970873786408,0.3300970873786408,0.6148867313915858,0.08090614886731391,0.3042071197411003,0.8284789644012945,0.0744336569579288,0.0970873786407767,
0.3,0.02,independent_latents,logger2_heavy,0,no_behavior,0.33980582524271846,0.33980582524271846,0.598705501618123,0.09385113268608414,0.3074433656957929,0.8284789644012945,0.0744336569579288,0.0970873786407767,
0.3,0.02,independent_latents,logger2_heavy,0,source_dependent_reward,0.26537216828478966,0.26537216828478966,0.686084142394822,0.06796116504854369,0.2459546925566343,0.8284789644012945,0.0744336569579288,0.0970873786407767,
0.3,0.02,independent_latents,logger2_heavy,1,pooled_mlp,0.2297734627831715,0.2297734627831715,0.7605177993527508,0.09061488673139159,0.1488673139158576,0.8284789644012945,0.0744336569579288,0.0970873786407767,
0.3,0.02,independent_latents,logger2_heavy,1,source_balanced_pooled_mlp,0.3042071197411003,0.3042071197411003,0.6343042071197411,0.09385113268608414,0.27184466019417475,0.8284789644012945,0.0744336569579288,0.0970873786407767,
0.3,0.02,independent_latents,logger2_heavy,1,source_conditioned_decoder,0.3300970873786408,0.3300970873786408,0.6181229773462783,0.08414239482200647,0.2977346278317152,0.8284789644012945,0.0744336569579288,0.0970873786407767,
0.3,0.02,independent_latents,logger2_heavy,1,per_source_models,0.19741100323624594,0.19741100323624594,0.7508090614886731,0.05177993527508091,0.19741100323624594,0.8284789644012945,0.0744336569579288,0.0970873786407767,
0.3,0.02,independent_latents,logger2_heavy,1,mechanism_separated,0.3042071197411003,0.3042071197411003,0.6601941747572816,0.10679611650485436,0.23300970873786409,0.8284789644012945,0.0744336569579288,0.0970873786407767,
0.3,0.02,independent_latents,logger2_heavy,1,oracle_u_aware,0.29449838187702265,0.29449838187702265,0.6634304207119741,0.05501618122977346,0.2815533980582524,0.8284789644012945,0.0744336569579288,0.0970873786407767,
0.3,0.02,independent_latents,logger2_heavy,1,source_shuffle,0.32362459546925565,0.32362459546925565,0.6537216828478964,0.11974110032362459,0.22653721682847897,0.8284789644012945,0.0744336569579288,0.0970873786407767,
0.3,0.02,independent_latents,logger2_heavy,1,no_behavior,0.2750809061488673,0.2750809061488673,0.6796116504854369,0.0744336569579288,0.2459546925566343,0.8284789644012945,0.0744336569579288,0.0970873786407767,
0.3,0.02,independent_latents,logger2_heavy,1,source_dependent_reward,0.21035598705501618,0.21035598705501618,0.7799352750809061,0.0744336569579288,0.14563106796116504,0.8284789644012945,0.0744336569579288,0.0970873786407767,
0.3,0.02,independent_latents,logger2_heavy,2,pooled_mlp,0.343042071197411,0.343042071197411,0.5792880258899676,0.09385113268608414,0.3268608414239482,0.8284789644012945,0.0744336569579288,0.0970873786407767,
0.3,0.02,independent_latents,logger2_heavy,2,source_balanced_pooled_mlp,0.30097087378640774,0.30097087378640774,0.6440129449838188,0.09061488673139159,0.26537216828478966,0.8284789644012945,0.0744336569579288,0.0970873786407767,
0.3,0.02,independent_latents,logger2_heavy,2,source_conditioned_decoder,0.3300970873786408,0.3300970873786408,0.5760517799352751,0.08090614886731391,0.343042071197411,0.8284789644012945,0.0744336569579288,0.0970873786407767,
0.3,0.02,independent_latents,logger2_heavy,2,per_source_models,0.23948220064724918,0.23948220064724918,0.7281553398058253,0.05825242718446602,0.21359223300970873,0.8284789644012945,0.0744336569579288,0.0970873786407767,
0.3,0.02,independent_latents,logger2_heavy,2,mechanism_separated,0.3883495145631068,0.3883495145631068,0.5242718446601942,0.11326860841423948,0.36245954692556637,0.8284789644012945,0.0744336569579288,0.0970873786407767,
0.3,0.02,independent_latents,logger2_heavy,2,oracle_u_aware,0.24919093851132687,0.24919093851132687,0.6925566343042071,0.06796116504854369,0.23948220064724918,0.8284789644012945,0.0744336569579288,0.0970873786407767,
0.3,0.02,independent_latents,logger2_heavy,2,source_shuffle,0.3656957928802589,0.3656957928802589,0.540453074433657,0.11003236245954692,0.34951456310679613,0.8284789644012945,0.0744336569579288,0.0970873786407767,
0.3,0.02,independent_latents,logger2_heavy,2,no_behavior,0.39158576051779936,0.39158576051779936,0.5339805825242718,0.10355987055016182,0.36245954692556637,0.8284789644012945,0.0744336569579288,0.0970873786407767,
0.3,0.02,independent_latents,logger2_heavy,2,source_dependent_reward,0.3559870550161812,0.3559870550161812,0.5792880258899676,0.061488673139158574,0.3592233009708738,0.8284789644012945,0.0744336569579288,0.0970873786407767,
0.3,0.02,independent_latents,logger2_heavy,3,pooled_mlp,0.2815533980582524,0.2815533980582524,0.6990291262135923,0.08737864077669903,0.21359223300970873,0.8284789644012945,0.0744336569579288,0.0970873786407767,
0.3,0.02,independent_latents,logger2_heavy,3,source_balanced_pooled_mlp,0.3074433656957929,0.30097087378640774,0.6537216828478964,0.09385113268608414,0.2588996763754045,0.8284789644012945,0.0744336569579288,0.0970873786407767,
0.3,0.02,independent_latents,logger2_heavy,3,source_conditioned_decoder,0.34627831715210355,0.34627831715210355,0.627831715210356,0.06472491909385113,0.3074433656957929,0.8284789644012945,0.0744336569579288,0.0970873786407767,
0.3,0.02,independent_latents,logger2_heavy,3,per_source_models,0.2524271844660194,0.2524271844660194,0.7378640776699029,0.06796116504854369,0.1941747572815534,0.8284789644012945,0.0744336569579288,0.0970873786407767,
0.3,0.02,independent_latents,logger2_heavy,3,mechanism_separated,0.34951456310679613,0.34951456310679613,0.6407766990291263,0.09061488673139159,0.2686084142394822,0.8284789644012945,0.0744336569579288,0.0970873786407767,
0.3,0.02,independent_latents,logger2_heavy,3,oracle_u_aware,0.23624595469255663,0.23624595469255663,0.7055016181229773,0.05825242718446602,0.23624595469255663,0.8284789644012945,0.0744336569579288,0.0970873786407767,
0.3,0.02,independent_latents,logger2_heavy,3,source_shuffle,0.3333333333333333,0.3333333333333333,0.6440129449838188,0.09061488673139159,0.26537216828478966,0.8284789644012945,0.0744336569579288,0.0970873786407767,
0.3,0.02,independent_latents,logger2_heavy,3,no_behavior,0.3333333333333333,0.3333333333333333,0.598705501618123,0.11650485436893204,0.284789644012945,0.8284789644012945,0.0744336569579288,0.0970873786407767,
0.3,0.02,independent_latents,logger2_heavy,3,source_dependent_reward,0.3559870550161812,0.3559870550161812,0.5825242718446602,0.07766990291262135,0.33980582524271846,0.8284789644012945,0.0744336569579288,0.0970873786407767,
0.3,0.02,independent_latents,logger2_heavy,4,pooled_mlp,0.3851132686084142,0.3851132686084142,0.5598705501618123,0.0970873786407767,0.343042071197411,0.8284789644012945,0.0744336569579288,0.0970873786407767,
0.3,0.02,independent_latents,logger2_heavy,4,source_balanced_pooled_mlp,0.2783171521035599,0.2783171521035599,0.6731391585760518,0.12297734627831715,0.20388349514563106,0.8284789644012945,0.0744336569579288,0.0970873786407767,
0.3,0.02,independent_latents,logger2_heavy,4,source_conditioned_decoder,0.313915857605178,0.313915857605178,0.6601941747572816,0.08414239482200647,0.255663430420712,0.8284789644012945,0.0744336569579288,0.0970873786407767,
0.3,0.02,independent_latents,logger2_heavy,4,per_source_models,0.3042071197411003,0.3042071197411003,0.6601941747572816,0.05501618122977346,0.284789644012945,0.8284789644012945,0.0744336569579288,0.0970873786407767,
0.3,0.02,independent_latents,logger2_heavy,4,mechanism_separated,0.35275080906148865,0.35275080906148865,0.5922330097087378,0.08414239482200647,0.32362459546925565,0.8284789644012945,0.0744336569579288,0.0970873786407767,
0.3,0.02,independent_latents,logger2_heavy,4,oracle_u_aware,0.2621359223300971,0.2621359223300971,0.6925566343042071,0.05501618122977346,0.2524271844660194,0.8284789644012945,0.0744336569579288,0.0970873786407767,
0.3,0.02,independent_latents,logger2_heavy,4,source_shuffle,0.26537216828478966,0.26537216828478966,0.6763754045307443,0.06796116504854369,0.255663430420712,0.8284789644012945,0.0744336569579288,0.0970873786407767,
0.3,0.02,independent_latents,logger2_heavy,4,no_behavior,0.26537216828478966,0.26537216828478966,0.6796116504854369,0.061488673139158574,0.2588996763754045,0.8284789644012945,0.0744336569579288,0.0970873786407767,
0.3,0.02,independent_latents,logger2_heavy,4,source_dependent_reward,0.3365695792880259,0.3365695792880259,0.6181229773462783,0.09385113268608414,0.28802588996763756,0.8284789644012945,0.0744336569579288,0.0970873786407767,
0.3,0.05,confounded,logger1_heavy,0,pooled_mlp,0.9029126213592233,0.9029126213592233,0.0,0.006472491909385114,0.9935275080906149,0.8284789644012945,0.0744336569579288,0.0970873786407767,
0.3,0.05,confounded,logger1_heavy,0,source_balanced_pooled_mlp,0.9029126213592233,0.9029126213592233,0.0,0.0,1.0,0.8284789644012945,0.0744336569579288,0.0970873786407767,
0.3,0.05,confounded,logger1_heavy,0,source_conditioned_decoder,0.9029126213592233,0.9029126213592233,0.0,0.003236245954692557,0.9967637540453075,0.8284789644012945,0.0744336569579288,0.0970873786407767,
0.3,0.05,confounded,logger1_heavy,0,per_source_models,0.9029126213592233,0.9029126213592233,0.0,0.006472491909385114,0.9935275080906149,0.8284789644012945,0.0744336569579288,0.0970873786407767,
0.3,0.05,confounded,logger1_heavy,0,mechanism_separated,0.9029126213592233,0.9029126213592233,0.0,0.0,1.0,0.8284789644012945,0.0744336569579288,0.0970873786407767,
0.3,0.05,confounded,logger1_heavy,0,oracle_u_aware,0.32362459546925565,0.32362459546925565,0.6504854368932039,0.08090614886731391,0.2686084142394822,0.8284789644012945,0.0744336569579288,0.0970873786407767,
0.3,0.05,confounded,logger1_heavy,0,source_shuffle,0.9029126213592233,0.9029126213592233,0.0,0.0,1.0,0.8284789644012945,0.0744336569579288,0.0970873786407767,
0.3,0.05,confounded,logger1_heavy,0,no_behavior,0.9029126213592233,0.9029126213592233,0.0,0.003236245954692557,0.9967637540453075,0.8284789644012945,0.0744336569579288,0.0970873786407767,
0.3,0.05,confounded,logger1_heavy,0,source_dependent_reward,0.8996763754045307,0.8996763754045307,0.003236245954692557,0.003236245954692557,0.9935275080906149,0.8284789644012945,0.0744336569579288,0.0970873786407767,
0.3,0.05,confounded,logger1_heavy,1,pooled_mlp,0.9029126213592233,0.9029126213592233,0.0,0.003236245954692557,0.9967637540453075,0.8284789644012945,0.0744336569579288,0.0970873786407767,
0.3,0.05,confounded,logger1_heavy,1,source_balanced_pooled_mlp,0.9029126213592233,0.9029126213592233,0.0,0.003236245954692557,0.9967637540453075,0.8284789644012945,0.0744336569579288,0.0970873786407767,
0.3,0.05,confounded,logger1_heavy,1,source_conditioned_decoder,0.8996763754045307,0.8996763754045307,0.003236245954692557,0.0,0.9967637540453075,0.8284789644012945,0.0744336569579288,0.0970873786407767,
0.3,0.05,confounded,logger1_heavy,1,per_source_models,0.9029126213592233,0.9029126213592233,0.0,0.003236245954692557,0.9967637540453075,0.8284789644012945,0.0744336569579288,0.0970873786407767,
0.3,0.05,confounded,logger1_heavy,1,mechanism_separated,0.9029126213592233,0.9029126213592233,0.0,0.0,1.0,0.8284789644012945,0.0744336569579288,0.0970873786407767,
0.3,0.05,confounded,logger1_heavy,1,oracle_u_aware,0.33980582524271846,0.33980582524271846,0.6051779935275081,0.0970873786407767,0.2977346278317152,0.8284789644012945,0.0744336569579288,0.0970873786407767,
0.3,0.05,confounded,logger1_heavy,1,source_shuffle,0.9029126213592233,0.9029126213592233,0.0,0.003236245954692557,0.9967637540453075,0.8284789644012945,0.0744336569579288,0.0970873786407767,
0.3,0.05,confounded,logger1_heavy,1,no_behavior,0.9029126213592233,0.9029126213592233,0.0,0.003236245954692557,0.9967637540453075,0.8284789644012945,0.0744336569579288,0.0970873786407767,
0.3,0.05,confounded,logger1_heavy,1,source_dependent_reward,0.9029126213592233,0.9029126213592233,0.0,0.003236245954692557,0.9967637540453075,0.8284789644012945,0.0744336569579288,0.0970873786407767,
0.3,0.05,confounded,logger1_heavy,2,pooled_mlp,0.9029126213592233,0.9029126213592233,0.0,0.003236245954692557,0.9967637540453075,0.8284789644012945,0.0744336569579288,0.0970873786407767,
0.3,0.05,confounded,logger1_heavy,2,source_balanced_pooled_mlp,0.8996763754045307,0.8996763754045307,0.003236245954692557,0.003236245954692557,0.9935275080906149,0.8284789644012945,0.0744336569579288,0.0970873786407767,
0.3,0.05,confounded,logger1_heavy,2,source_conditioned_decoder,0.9029126213592233,0.9029126213592233,0.0,0.003236245954692557,0.9967637540453075,0.8284789644012945,0.0744336569579288,0.0970873786407767,
0.3,0.05,confounded,logger1_heavy,2,per_source_models,0.9029126213592233,0.9029126213592233,0.0,0.003236245954692557,0.9967637540453075,0.8284789644012945,0.0744336569579288,0.0970873786407767,
0.3,0.05,confounded,logger1_heavy,2,mechanism_separated,0.8996763754045307,0.8996763754045307,0.003236245954692557,0.0,0.9967637540453075,0.8284789644012945,0.0744336569579288,0.0970873786407767,
0.3,0.05,confounded,logger1_heavy,2,oracle_u_aware,0.2912621359223301,0.2912621359223301,0.6537216828478964,0.07119741100323625,0.2750809061488673,0.8284789644012945,0.0744336569579288,0.0970873786407767,
0.3,0.05,confounded,logger1_heavy,2,source_shuffle,0.8996763754045307,0.8996763754045307,0.003236245954692557,0.0,0.9967637540453075,0.8284789644012945,0.0744336569579288,0.0970873786407767,
0.3,0.05,confounded,logger1_heavy,2,no_behavior,0.8996763754045307,0.8996763754045307,0.003236245954692557,0.0,0.9967637540453075,0.8284789644012945,0.0744336569579288,0.0970873786407767,
0.3,0.05,confounded,logger1_heavy,2,source_dependent_reward,0.9029126213592233,0.9029126213592233,0.0,0.003236245954692557,0.9967637540453075,0.8284789644012945,0.0744336569579288,0.0970873786407767,
0.3,0.05,confounded,logger1_heavy,3,pooled_mlp,0.9029126213592233,0.9029126213592233,0.0,0.003236245954692557,0.9967637540453075,0.8284789644012945,0.0744336569579288,0.0970873786407767,
0.3,0.05,confounded,logger1_heavy,3,source_balanced_pooled_mlp,0.9029126213592233,0.9029126213592233,0.0,0.0,1.0,0.8284789644012945,0.0744336569579288,0.0970873786407767,
0.3,0.05,confounded,logger1_heavy,3,source_conditioned_decoder,0.8996763754045307,0.8996763754045307,0.003236245954692557,0.0,0.9967637540453075,0.8284789644012945,0.0744336569579288,0.0970873786407767,
0.3,0.05,confounded,logger1_heavy,3,per_source_models,0.8996763754045307,0.8996763754045307,0.003236245954692557,0.0,0.9967637540453075,0.8284789644012945,0.0744336569579288,0.0970873786407767,
0.3,0.05,confounded,logger1_heavy,3,mechanism_separated,0.9029126213592233,0.9029126213592233,0.0,0.0,1.0,0.8284789644012945,0.0744336569579288,0.0970873786407767,
0.3,0.05,confounded,logger1_heavy,3,oracle_u_aware,0.2783171521035599,0.2783171521035599,0.6666666666666666,0.08090614886731391,0.2524271844660194,0.8284789644012945,0.0744336569579288,0.0970873786407767,
0.3,0.05,confounded,logger1_heavy,3,source_shuffle,0.9029126213592233,0.9029126213592233,0.0,0.0,1.0,0.8284789644012945,0.0744336569579288,0.0970873786407767,
0.3,0.05,confounded,logger1_heavy,3,no_behavior,0.9029126213592233,0.9029126213592233,0.0,0.0,1.0,0.8284789644012945,0.0744336569579288,0.0970873786407767,
0.3,0.05,confounded,logger1_heavy,3,source_dependent_reward,0.9029126213592233,0.9029126213592233,0.0,0.003236245954692557,0.9967637540453075,0.8284789644012945,0.0744336569579288,0.0970873786407767,
0.3,0.05,confounded,logger1_heavy,4,pooled_mlp,0.9029126213592233,0.9029126213592233,0.0,0.006472491909385114,0.9935275080906149,0.8284789644012945,0.0744336569579288,0.0970873786407767,
0.3,0.05,confounded,logger1_heavy,4,source_balanced_pooled_mlp,0.9029126213592233,0.9029126213592233,0.0,0.003236245954692557,0.9967637540453075,0.8284789644012945,0.0744336569579288,0.0970873786407767,
0.3,0.05,confounded,logger1_heavy,4,source_conditioned_decoder,0.9029126213592233,0.9029126213592233,0.0,0.006472491909385114,0.9935275080906149,0.8284789644012945,0.0744336569579288,0.0970873786407767,
0.3,0.05,confounded,logger1_heavy,4,per_source_models,0.9029126213592233,0.9029126213592233,0.0,0.0,1.0,0.8284789644012945,0.0744336569579288,0.0970873786407767,
0.3,0.05,confounded,logger1_heavy,4,mechanism_separated,0.9029126213592233,0.9029126213592233,0.0,0.0,1.0,0.8284789644012945,0.0744336569579288,0.0970873786407767,
0.3,0.05,confounded,logger1_heavy,4,oracle_u_aware,0.3300970873786408,0.3300970873786408,0.6310679611650486,0.10032362459546926,0.2686084142394822,0.8284789644012945,0.0744336569579288,0.0970873786407767,
0.3,0.05,confounded,logger1_heavy,4,source_shuffle,0.9029126213592233,0.9029126213592233,0.0,0.003236245954692557,0.9967637540453075,0.8284789644012945,0.0744336569579288,0.0970873786407767,
0.3,0.05,confounded,logger1_heavy,4,no_behavior,0.9029126213592233,0.9029126213592233,0.0,0.003236245954692557,0.9967637540453075,0.8284789644012945,0.0744336569579288,0.0970873786407767,
0.3,0.05,confounded,logger1_heavy,4,source_dependent_reward,0.8996763754045307,0.8996763754045307,0.003236245954692557,0.0,0.9967637540453075,0.8284789644012945,0.0744336569579288,0.0970873786407767,
0.3,0.05,confounded,logger12_balanced,0,pooled_mlp,0.9029126213592233,0.9029126213592233,0.0,0.0,1.0,0.8284789644012945,0.0744336569579288,0.0970873786407767,0.0
0.3,0.05,confounded,logger12_balanced,0,source_balanced_pooled_mlp,0.9029126213592233,0.9029126213592233,0.0,0.0,1.0,0.8284789644012945,0.0744336569579288,0.0970873786407767,0.0
0.3,0.05,confounded,logger12_balanced,0,source_conditioned_decoder,0.9029126213592233,0.9029126213592233,0.0,0.0,1.0,0.8284789644012945,0.0744336569579288,0.0970873786407767,0.0
0.3,0.05,confounded,logger12_balanced,0,per_source_models,0.9029126213592233,0.9029126213592233,0.0,0.006472491909385114,0.9935275080906149,0.8284789644012945,0.0744336569579288,0.0970873786407767,0.0
0.3,0.05,confounded,logger12_balanced,0,mechanism_separated,0.8932038834951457,0.8932038834951457,0.009708737864077669,0.003236245954692557,0.9870550161812298,0.8284789644012945,0.0744336569579288,0.0970873786407767,0.0
0.3,0.05,confounded,logger12_balanced,0,oracle_u_aware,0.255663430420712,0.255663430420712,0.7119741100323624,0.09385113268608414,0.1941747572815534,0.8284789644012945,0.0744336569579288,0.0970873786407767,0.0
0.3,0.05,confounded,logger12_balanced,0,source_shuffle,0.8932038834951457,0.8932038834951457,0.009708737864077669,0.0,0.9902912621359223,0.8284789644012945,0.0744336569579288,0.0970873786407767,0.0
0.3,0.05,confounded,logger12_balanced,0,no_behavior,0.8932038834951457,0.8932038834951457,0.009708737864077669,0.0,0.9902912621359223,0.8284789644012945,0.0744336569579288,0.0970873786407767,0.0
0.3,0.05,confounded,logger12_balanced,0,source_dependent_reward,0.8996763754045307,0.8996763754045307,0.003236245954692557,0.0,0.9967637540453075,0.8284789644012945,0.0744336569579288,0.0970873786407767,0.0
0.3,0.05,confounded,logger12_balanced,1,pooled_mlp,0.9029126213592233,0.9029126213592233,0.0,0.003236245954692557,0.9967637540453075,0.8284789644012945,0.0744336569579288,0.0970873786407767,0.0
0.3,0.05,confounded,logger12_balanced,1,source_balanced_pooled_mlp,0.9029126213592233,0.9029126213592233,0.0,0.003236245954692557,0.9967637540453075,0.8284789644012945,0.0744336569579288,0.0970873786407767,0.0
0.3,0.05,confounded,logger12_balanced,1,source_conditioned_decoder,0.9029126213592233,0.9029126213592233,0.0,0.003236245954692557,0.9967637540453075,0.8284789644012945,0.0744336569579288,0.0970873786407767,0.0
0.3,0.05,confounded,logger12_balanced,1,per_source_models,0.9029126213592233,0.9029126213592233,0.0,0.003236245954692557,0.9967637540453075,0.8284789644012945,0.0744336569579288,0.0970873786407767,0.0
0.3,0.05,confounded,logger12_balanced,1,mechanism_separated,0.8996763754045307,0.8996763754045307,0.0,0.006472491909385114,0.9935275080906149,0.8284789644012945,0.0744336569579288,0.0970873786407767,0.0
0.3,0.05,confounded,logger12_balanced,1,oracle_u_aware,0.3300970873786408,0.3300970873786408,0.6116504854368932,0.10355987055016182,0.284789644012945,0.8284789644012945,0.0744336569579288,0.0970873786407767,0.0
0.3,0.05,confounded,logger12_balanced,1,source_shuffle,0.8964401294498382,0.8964401294498382,0.003236245954692557,0.006472491909385114,0.9902912621359223,0.8284789644012945,0.0744336569579288,0.0970873786407767,0.0
0.3,0.05,confounded,logger12_balanced,1,no_behavior,0.8996763754045307,0.8996763754045307,0.003236245954692557,0.003236245954692557,0.9935275080906149,0.8284789644012945,0.0744336569579288,0.0970873786407767,0.0
0.3,0.05,confounded,logger12_balanced,1,source_dependent_reward,0.9029126213592233,0.9029126213592233,0.0,0.003236245954692557,0.9967637540453075,0.8284789644012945,0.0744336569579288,0.0970873786407767,0.0
0.3,0.05,confounded,logger12_balanced,2,pooled_mlp,0.8996763754045307,0.8996763754045307,0.003236245954692557,0.003236245954692557,0.9935275080906149,0.8284789644012945,0.0744336569579288,0.0970873786407767,0.0
0.3,0.05,confounded,logger12_balanced,2,source_balanced_pooled_mlp,0.8996763754045307,0.8996763754045307,0.003236245954692557,0.003236245954692557,0.9935275080906149,0.8284789644012945,0.0744336569579288,0.0970873786407767,0.0
0.3,0.05,confounded,logger12_balanced,2,source_conditioned_decoder,0.9029126213592233,0.9029126213592233,0.0,0.003236245954692557,0.9967637540453075,0.8284789644012945,0.0744336569579288,0.0970873786407767,0.0
0.3,0.05,confounded,logger12_balanced,2,per_source_models,0.9029126213592233,0.9029126213592233,0.0,0.0,1.0,0.8284789644012945,0.0744336569579288,0.0970873786407767,0.0
0.3,0.05,confounded,logger12_balanced,2,mechanism_separated,0.8996763754045307,0.8996763754045307,0.003236245954692557,0.003236245954692557,0.9935275080906149,0.8284789644012945,0.0744336569579288,0.0970873786407767,0.0
0.3,0.05,confounded,logger12_balanced,2,oracle_u_aware,0.23948220064724918,0.23948220064724918,0.7249190938511327,0.0744336569579288,0.20064724919093851,0.8284789644012945,0.0744336569579288,0.0970873786407767,0.0
0.3,0.05,confounded,logger12_balanced,2,source_shuffle,0.8996763754045307,0.8996763754045307,0.003236245954692557,0.0,0.9967637540453075,0.8284789644012945,0.0744336569579288,0.0970873786407767,0.0
0.3,0.05,confounded,logger12_balanced,2,no_behavior,0.8996763754045307,0.8996763754045307,0.003236245954692557,0.0,0.9967637540453075,0.8284789644012945,0.0744336569579288,0.0970873786407767,0.0
0.3,0.05,confounded,logger12_balanced,2,source_dependent_reward,0.9029126213592233,0.9029126213592233,0.0,0.003236245954692557,0.9967637540453075,0.8284789644012945,0.0744336569579288,0.0970873786407767,0.0
0.3,0.05,confounded,logger12_balanced,3,pooled_mlp,0.9029126213592233,0.9029126213592233,0.0,0.0,1.0,0.8284789644012945,0.0744336569579288,0.0970873786407767,0.0
0.3,0.05,confounded,logger12_balanced,3,source_balanced_pooled_mlp,0.9029126213592233,0.9029126213592233,0.0,0.0,1.0,0.8284789644012945,0.0744336569579288,0.0970873786407767,0.0
0.3,0.05,confounded,logger12_balanced,3,source_conditioned_decoder,0.8996763754045307,0.8996763754045307,0.003236245954692557,0.006472491909385114,0.9902912621359223,0.8284789644012945,0.0744336569579288,0.0970873786407767,0.0
0.3,0.05,confounded,logger12_balanced,3,per_source_models,0.9029126213592233,0.9029126213592233,0.0,0.0,1.0,0.8284789644012945,0.0744336569579288,0.0970873786407767,0.0
0.3,0.05,confounded,logger12_balanced,3,mechanism_separated,0.9029126213592233,0.9029126213592233,0.0,0.0,1.0,0.8284789644012945,0.0744336569579288,0.0970873786407767,0.0
0.3,0.05,confounded,logger12_balanced,3,oracle_u_aware,0.2977346278317152,0.2977346278317152,0.6666666666666666,0.08414239482200647,0.24919093851132687,0.8284789644012945,0.0744336569579288,0.0970873786407767,0.0
0.3,0.05,confounded,logger12_balanced,3,source_shuffle,0.9029126213592233,0.9029126213592233,0.0,0.0,1.0,0.8284789644012945,0.0744336569579288,0.0970873786407767,0.0
0.3,0.05,confounded,logger12_balanced,3,no_behavior,0.9029126213592233,0.9029126213592233,0.0,0.0,1.0,0.8284789644012945,0.0744336569579288,0.0970873786407767,0.0
0.3,0.05,confounded,logger12_balanced,3,source_dependent_reward,0.9029126213592233,0.9029126213592233,0.0,0.003236245954692557,0.9967637540453075,0.8284789644012945,0.0744336569579288,0.0970873786407767,0.0
0.3,0.05,confounded,logger12_balanced,4,pooled_mlp,0.9029126213592233,0.9029126213592233,0.0,0.003236245954692557,0.9967637540453075,0.8284789644012945,0.0744336569579288,0.0970873786407767,0.0
0.3,0.05,confounded,logger12_balanced,4,source_balanced_pooled_mlp,0.9029126213592233,0.9029126213592233,0.0,0.003236245954692557,0.9967637540453075,0.8284789644012945,0.0744336569579288,0.0970873786407767,0.0
0.3,0.05,confounded,logger12_balanced,4,source_conditioned_decoder,0.9029126213592233,0.9029126213592233,0.0,0.003236245954692557,0.9967637540453075,0.8284789644012945,0.0744336569579288,0.0970873786407767,0.0
0.3,0.05,confounded,logger12_balanced,4,per_source_models,0.9029126213592233,0.9029126213592233,0.0,0.003236245954692557,0.9967637540453075,0.8284789644012945,0.0744336569579288,0.0970873786407767,0.0
0.3,0.05,confounded,logger12_balanced,4,mechanism_separated,0.8964401294498382,0.8964401294498382,0.006472491909385114,0.0,0.9935275080906149,0.8284789644012945,0.0744336569579288,0.0970873786407767,0.0
0.3,0.05,confounded,logger12_balanced,4,oracle_u_aware,0.3074433656957929,0.3074433656957929,0.6504854368932039,0.07766990291262135,0.27184466019417475,0.8284789644012945,0.0744336569579288,0.0970873786407767,0.0
0.3,0.05,confounded,logger12_balanced,4,source_shuffle,0.8996763754045307,0.8996763754045307,0.003236245954692557,0.0,0.9967637540453075,0.8284789644012945,0.0744336569579288,0.0970873786407767,0.0
0.3,0.05,confounded,logger12_balanced,4,no_behavior,0.8996763754045307,0.8996763754045307,0.003236245954692557,0.0,0.9967637540453075,0.8284789644012945,0.0744336569579288,0.0970873786407767,0.0
0.3,0.05,confounded,logger12_balanced,4,source_dependent_reward,0.9029126213592233,0.9029126213592233,0.0,0.003236245954692557,0.9967637540453075,0.8284789644012945,0.0744336569579288,0.0970873786407767,0.0
0.3,0.05,confounded,logger2_heavy,0,pooled_mlp,0.8996763754045307,0.8996763754045307,0.003236245954692557,0.003236245954692557,0.9935275080906149,0.8284789644012945,0.0744336569579288,0.0970873786407767,
0.3,0.05,confounded,logger2_heavy,0,source_balanced_pooled_mlp,0.9029126213592233,0.9029126213592233,0.0,0.0,1.0,0.8284789644012945,0.0744336569579288,0.0970873786407767,
0.3,0.05,confounded,logger2_heavy,0,source_conditioned_decoder,0.9029126213592233,0.9029126213592233,0.0,0.0,1.0,0.8284789644012945,0.0744336569579288,0.0970873786407767,
0.3,0.05,confounded,logger2_heavy,0,per_source_models,0.9029126213592233,0.9029126213592233,0.0,0.003236245954692557,0.9967637540453075,0.8284789644012945,0.0744336569579288,0.0970873786407767,
0.3,0.05,confounded,logger2_heavy,0,mechanism_separated,0.8932038834951457,0.8932038834951457,0.009708737864077669,0.0,0.9902912621359223,0.8284789644012945,0.0744336569579288,0.0970873786407767,
0.3,0.05,confounded,logger2_heavy,0,oracle_u_aware,0.2621359223300971,0.2621359223300971,0.7216828478964401,0.08414239482200647,0.1941747572815534,0.8284789644012945,0.0744336569579288,0.0970873786407767,
0.3,0.05,confounded,logger2_heavy,0,source_shuffle,0.8964401294498382,0.8964401294498382,0.006472491909385114,0.006472491909385114,0.9870550161812298,0.8284789644012945,0.0744336569579288,0.0970873786407767,
0.3,0.05,confounded,logger2_heavy,0,no_behavior,0.8932038834951457,0.8932038834951457,0.009708737864077669,0.003236245954692557,0.9870550161812298,0.8284789644012945,0.0744336569579288,0.0970873786407767,
0.3,0.05,confounded,logger2_heavy,0,source_dependent_reward,0.8996763754045307,0.8996763754045307,0.003236245954692557,0.0,0.9967637540453075,0.8284789644012945,0.0744336569579288,0.0970873786407767,
0.3,0.05,confounded,logger2_heavy,1,pooled_mlp,0.9029126213592233,0.9029126213592233,0.0,0.006472491909385114,0.9935275080906149,0.8284789644012945,0.0744336569579288,0.0970873786407767,
0.3,0.05,confounded,logger2_heavy,1,source_balanced_pooled_mlp,0.9029126213592233,0.9029126213592233,0.0,0.003236245954692557,0.9967637540453075,0.8284789644012945,0.0744336569579288,0.0970873786407767,
0.3,0.05,confounded,logger2_heavy,1,source_conditioned_decoder,0.9061488673139159,0.9061488673139159,0.0,0.003236245954692557,0.9967637540453075,0.8284789644012945,0.0744336569579288,0.0970873786407767,
0.3,0.05,confounded,logger2_heavy,1,per_source_models,0.9029126213592233,0.9029126213592233,0.0,0.0,1.0,0.8284789644012945,0.0744336569579288,0.0970873786407767,
0.3,0.05,confounded,logger2_heavy,1,mechanism_separated,0.889967637540453,0.889967637540453,0.012944983818770227,0.012944983818770227,0.9741100323624595,0.8284789644012945,0.0744336569579288,0.0970873786407767,
0.3,0.05,confounded,logger2_heavy,1,oracle_u_aware,0.2977346278317152,0.2977346278317152,0.6504854368932039,0.0970873786407767,0.2524271844660194,0.8284789644012945,0.0744336569579288,0.0970873786407767,
0.3,0.05,confounded,logger2_heavy,1,source_shuffle,0.889967637540453,0.889967637540453,0.019417475728155338,0.012944983818770227,0.9676375404530745,0.8284789644012945,0.0744336569579288,0.0970873786407767,
0.3,0.05,confounded,logger2_heavy,1,no_behavior,0.889967637540453,0.889967637540453,0.012944983818770227,0.012944983818770227,0.9741100323624595,0.8284789644012945,0.0744336569579288,0.0970873786407767,
0.3,0.05,confounded,logger2_heavy,1,source_dependent_reward,0.9029126213592233,0.9029126213592233,0.006472491909385114,0.003236245954692557,0.9902912621359223,0.8284789644012945,0.0744336569579288,0.0970873786407767,
0.3,0.05,confounded,logger2_heavy,2,pooled_mlp,0.8932038834951457,0.8932038834951457,0.006472491909385114,0.012944983818770227,0.9805825242718447,0.8284789644012945,0.0744336569579288,0.0970873786407767,
0.3,0.05,confounded,logger2_heavy,2,source_balanced_pooled_mlp,0.8996763754045307,0.8996763754045307,0.003236245954692557,0.003236245954692557,0.9935275080906149,0.8284789644012945,0.0744336569579288,0.0970873786407767,
0.3,0.05,confounded,logger2_heavy,2,source_conditioned_decoder,0.8996763754045307,0.8996763754045307,0.003236245954692557,0.003236245954692557,0.9935275080906149,0.8284789644012945,0.0744336569579288,0.0970873786407767,
0.3,0.05,confounded,logger2_heavy,2,per_source_models,0.9029126213592233,0.9029126213592233,0.0,0.003236245954692557,0.9967637540453075,0.8284789644012945,0.0744336569579288,0.0970873786407767,
0.3,0.05,confounded,logger2_heavy,2,mechanism_separated,0.8996763754045307,0.8996763754045307,0.003236245954692557,0.016181229773462782,0.9805825242718447,0.8284789644012945,0.0744336569579288,0.0970873786407767,
0.3,0.05,confounded,logger2_heavy,2,oracle_u_aware,0.24919093851132687,0.24919093851132687,0.6925566343042071,0.08414239482200647,0.22330097087378642,0.8284789644012945,0.0744336569579288,0.0970873786407767,
0.3,0.05,confounded,logger2_heavy,2,source_shuffle,0.8996763754045307,0.8996763754045307,0.003236245954692557,0.006472491909385114,0.9902912621359223,0.8284789644012945,0.0744336569579288,0.0970873786407767,
0.3,0.05,confounded,logger2_heavy,2,no_behavior,0.8996763754045307,0.8996763754045307,0.009708737864077669,0.003236245954692557,0.9870550161812298,0.8284789644012945,0.0744336569579288,0.0970873786407767,
0.3,0.05,confounded,logger2_heavy,2,source_dependent_reward,0.9029126213592233,0.9029126213592233,0.0,0.0,1.0,0.8284789644012945,0.0744336569579288,0.0970873786407767,
0.3,0.05,confounded,logger2_heavy,3,pooled_mlp,0.9029126213592233,0.9029126213592233,0.0,0.003236245954692557,0.9967637540453075,0.8284789644012945,0.0744336569579288,0.0970873786407767,
0.3,0.05,confounded,logger2_heavy,3,source_balanced_pooled_mlp,0.9029126213592233,0.9029126213592233,0.0,0.0,1.0,0.8284789644012945,0.0744336569579288,0.0970873786407767,
0.3,0.05,confounded,logger2_heavy,3,source_conditioned_decoder,0.8996763754045307,0.8996763754045307,0.003236245954692557,0.003236245954692557,0.9935275080906149,0.8284789644012945,0.0744336569579288,0.0970873786407767,
0.3,0.05,confounded,logger2_heavy,3,per_source_models,0.9029126213592233,0.9029126213592233,0.0,0.0,1.0,0.8284789644012945,0.0744336569579288,0.0970873786407767,
0.3,0.05,confounded,logger2_heavy,3,mechanism_separated,0.9029126213592233,0.9029126213592233,0.006472491909385114,0.0,0.9935275080906149,0.8284789644012945,0.0744336569579288,0.0970873786407767,
0.3,0.05,confounded,logger2_heavy,3,oracle_u_aware,0.255663430420712,0.255663430420712,0.6957928802588996,0.06472491909385113,0.23948220064724918,0.8284789644012945,0.0744336569579288,0.0970873786407767,
0.3,0.05,confounded,logger2_heavy,3,source_shuffle,0.9061488673139159,0.9061488673139159,0.003236245954692557,0.0,0.9967637540453075,0.8284789644012945,0.0744336569579288,0.0970873786407767,
0.3,0.05,confounded,logger2_heavy,3,no_behavior,0.9061488673139159,0.9061488673139159,0.0,0.003236245954692557,0.9967637540453075,0.8284789644012945,0.0744336569579288,0.0970873786407767,
0.3,0.05,confounded,logger2_heavy,3,source_dependent_reward,0.9029126213592233,0.9029126213592233,0.0,0.0,1.0,0.8284789644012945,0.0744336569579288,0.0970873786407767,
0.3,0.05,confounded,logger2_heavy,4,pooled_mlp,0.8964401294498382,0.8964401294498382,0.006472491909385114,0.006472491909385114,0.9870550161812298,0.8284789644012945,0.0744336569579288,0.0970873786407767,
0.3,0.05,confounded,logger2_heavy,4,source_balanced_pooled_mlp,0.9029126213592233,0.9029126213592233,0.0,0.003236245954692557,0.9967637540453075,0.8284789644012945,0.0744336569579288,0.0970873786407767,
0.3,0.05,confounded,logger2_heavy,4,source_conditioned_decoder,0.8996763754045307,0.8996763754045307,0.003236245954692557,0.003236245954692557,0.9935275080906149,0.8284789644012945,0.0744336569579288,0.0970873786407767,
0.3,0.05,confounded,logger2_heavy,4,per_source_models,0.9029126213592233,0.9029126213592233,0.0,0.006472491909385114,0.9935275080906149,0.8284789644012945,0.0744336569579288,0.0970873786407767,
0.3,0.05,confounded,logger2_heavy,4,mechanism_separated,0.8932038834951457,0.8932038834951457,0.009708737864077669,0.006472491909385114,0.9838187702265372,0.8284789644012945,0.0744336569579288,0.0970873786407767,
0.3,0.05,confounded,logger2_heavy,4,oracle_u_aware,0.2977346278317152,0.2977346278317152,0.6634304207119741,0.08737864077669903,0.24919093851132687,0.8284789644012945,0.0744336569579288,0.0970873786407767,
0.3,0.05,confounded,logger2_heavy,4,source_shuffle,0.889967637540453,0.889967637540453,0.009708737864077669,0.016181229773462782,0.9741100323624595,0.8284789644012945,0.0744336569579288,0.0970873786407767,
0.3,0.05,confounded,logger2_heavy,4,no_behavior,0.889967637540453,0.889967637540453,0.012944983818770227,0.003236245954692557,0.9838187702265372,0.8284789644012945,0.0744336569579288,0.0970873786407767,
0.3,0.05,confounded,logger2_heavy,4,source_dependent_reward,0.9029126213592233,0.9029126213592233,0.0,0.0,1.0,0.8284789644012945,0.0744336569579288,0.0970873786407767,
0.3,0.05,independent_latents,logger1_heavy,0,pooled_mlp,0.4077669902912621,0.4077669902912621,0.5501618122977346,0.10355987055016182,0.34627831715210355,0.8284789644012945,0.0744336569579288,0.0970873786407767,
0.3,0.05,independent_latents,logger1_heavy,0,source_balanced_pooled_mlp,0.3883495145631068,0.3883495145631068,0.5760517799352751,0.10355987055016182,0.32038834951456313,0.8284789644012945,0.0744336569579288,0.0970873786407767,
0.3,0.05,independent_latents,logger1_heavy,0,source_conditioned_decoder,0.3786407766990291,0.3786407766990291,0.5760517799352751,0.05501618122977346,0.36893203883495146,0.8284789644012945,0.0744336569579288,0.0970873786407767,
0.3,0.05,independent_latents,logger1_heavy,0,per_source_models,0.2686084142394822,0.2686084142394822,0.7281553398058253,0.04854368932038835,0.22330097087378642,0.8284789644012945,0.0744336569579288,0.0970873786407767,
0.3,0.05,independent_latents,logger1_heavy,0,mechanism_separated,0.4110032362459547,0.4110032362459547,0.5566343042071198,0.06796116504854369,0.37540453074433655,0.8284789644012945,0.0744336569579288,0.0970873786407767,
0.3,0.05,independent_latents,logger1_heavy,0,oracle_u_aware,0.23300970873786409,0.23300970873786409,0.7443365695792881,0.06472491909385113,0.19093851132686085,0.8284789644012945,0.0744336569579288,0.0970873786407767,
0.3,0.05,independent_latents,logger1_heavy,0,source_shuffle,0.41423948220064727,0.41423948220064727,0.5566343042071198,0.05177993527508091,0.39158576051779936,0.8284789644012945,0.0744336569579288,0.0970873786407767,
0.3,0.05,independent_latents,logger1_heavy,0,no_behavior,0.4077669902912621,0.4077669902912621,0.56957928802589,0.042071197411003236,0.3883495145631068,0.8284789644012945,0.0744336569579288,0.0970873786407767,
0.3,0.05,independent_latents,logger1_heavy,0,source_dependent_reward,0.22330097087378642,0.22330097087378642,0.7864077669902912,0.032362459546925564,0.18122977346278318,0.8284789644012945,0.0744336569579288,0.0970873786407767,
0.3,0.05,independent_latents,logger1_heavy,1,pooled_mlp,0.26537216828478966,0.2621359223300971,0.7152103559870551,0.06796116504854369,0.22006472491909385,0.8284789644012945,0.0744336569579288,0.0970873786407767,
0.3,0.05,independent_latents,logger1_heavy,1,source_balanced_pooled_mlp,0.24271844660194175,0.24271844660194175,0.7281553398058253,0.07119741100323625,0.20064724919093851,0.8284789644012945,0.0744336569579288,0.0970873786407767,
0.3,0.05,independent_latents,logger1_heavy,1,source_conditioned_decoder,0.28802588996763756,0.28802588996763756,0.7443365695792881,0.032362459546925564,0.22330097087378642,0.8284789644012945,0.0744336569579288,0.0970873786407767,
0.3,0.05,independent_latents,logger1_heavy,1,per_source_models,0.2297734627831715,0.2297734627831715,0.7799352750809061,0.04854368932038835,0.1715210355987055,0.8284789644012945,0.0744336569579288,0.0970873786407767,
0.3,0.05,independent_latents,logger1_heavy,1,mechanism_separated,0.26537216828478966,0.26537216828478966,0.7249190938511327,0.03559870550161812,0.23948220064724918,0.8284789644012945,0.0744336569579288,0.0970873786407767,
0.3,0.05,independent_latents,logger1_heavy,1,oracle_u_aware,0.27184466019417475,0.27184466019417475,0.6763754045307443,0.07119741100323625,0.2524271844660194,0.8284789644012945,0.0744336569579288,0.0970873786407767,
0.3,0.05,independent_latents,logger1_heavy,1,source_shuffle,0.2815533980582524,0.2815533980582524,0.6893203883495146,0.03559870550161812,0.2750809061488673,0.8284789644012945,0.0744336569579288,0.0970873786407767,
0.3,0.05,independent_latents,logger1_heavy,1,no_behavior,0.284789644012945,0.284789644012945,0.7055016181229773,0.061488673139158574,0.23300970873786409,0.8284789644012945,0.0744336569579288,0.0970873786407767,
0.3,0.05,independent_latents,logger1_heavy,1,source_dependent_reward,0.27184466019417475,0.27184466019417475,0.7508090614886731,0.05825242718446602,0.19093851132686085,0.8284789644012945,0.0744336569579288,0.0970873786407767,
0.3,0.05,independent_latents,logger1_heavy,2,pooled_mlp,0.313915857605178,0.313915857605178,0.7184466019417476,0.07119741100323625,0.21035598705501618,0.8284789644012945,0.0744336569579288,0.0970873786407767,
0.3,0.05,independent_latents,logger1_heavy,2,source_balanced_pooled_mlp,0.313915857605178,0.313915857605178,0.6504854368932039,0.10355987055016182,0.2459546925566343,0.8284789644012945,0.0744336569579288,0.0970873786407767,
0.3,0.05,independent_latents,logger1_heavy,2,source_conditioned_decoder,0.255663430420712,0.255663430420712,0.7281553398058253,0.042071197411003236,0.2297734627831715,0.8284789644012945,0.0744336569579288,0.0970873786407767,
0.3,0.05,independent_latents,logger1_heavy,2,per_source_models,0.28802588996763756,0.28802588996763756,0.6796116504854369,0.08090614886731391,0.23948220064724918,0.8284789644012945,0.0744336569579288,0.0970873786407767,
0.3,0.05,independent_latents,logger1_heavy,2,mechanism_separated,0.284789644012945,0.284789644012945,0.6990291262135923,0.045307443365695796,0.255663430420712,0.8284789644012945,0.0744336569579288,0.0970873786407767,
0.3,0.05,independent_latents,logger1_heavy,2,oracle_u_aware,0.3268608414239482,0.3268608414239482,0.6084142394822006,0.10355987055016182,0.28802588996763756,0.8284789644012945,0.0744336569579288,0.0970873786407767,
0.3,0.05,independent_latents,logger1_heavy,2,source_shuffle,0.32038834951456313,0.32038834951456313,0.6828478964401294,0.07766990291262135,0.23948220064724918,0.8284789644012945,0.0744336569579288,0.0970873786407767,
0.3,0.05,independent_latents,logger1_heavy,2,no_behavior,0.30097087378640774,0.30097087378640774,0.7281553398058253,0.038834951456310676,0.23300970873786409,0.8284789644012945,0.0744336569579288,0.0970873786407767,
0.3,0.05,independent_latents,logger1_heavy,2,source_dependent_reward,0.2686084142394822,0.2686084142394822,0.7572815533980582,0.05177993527508091,0.19093851132686085,0.8284789644012945,0.0744336569579288,0.0970873786407767,
0.3,0.05,independent_latents,logger1_heavy,3,pooled_mlp,0.4336569579288026,0.4336569579288026,0.540453074433657,0.0744336569579288,0.3851132686084142,0.8284789644012945,0.0744336569579288,0.0970873786407767,
0.3,0.05,independent_latents,logger1_heavy,3,source_balanced_pooled_mlp,0.3268608414239482,0.3268608414239482,0.6537216828478964,0.10032362459546926,0.2459546925566343,0.8284789644012945,0.0744336569579288,0.0970873786407767,
0.3,0.05,independent_latents,logger1_heavy,3,source_conditioned_decoder,0.37540453074433655,0.37540453074433655,0.6148867313915858,0.08737864077669903,0.2977346278317152,0.8284789644012945,0.0744336569579288,0.0970873786407767,
0.3,0.05,independent_latents,logger1_heavy,3,per_source_models,0.31715210355987056,0.31715210355987056,0.6310679611650486,0.06472491909385113,0.3042071197411003,0.8284789644012945,0.0744336569579288,0.0970873786407767,
0.3,0.05,independent_latents,logger1_heavy,3,mechanism_separated,0.3656957928802589,0.3656957928802589,0.5728155339805825,0.08090614886731391,0.34627831715210355,0.8284789644012945,0.0744336569579288,0.0970873786407767,
0.3,0.05,independent_latents,logger1_heavy,3,oracle_u_aware,0.2686084142394822,0.2686084142394822,0.6634304207119741,0.0744336569579288,0.2621359223300971,0.8284789644012945,0.0744336569579288,0.0970873786407767,
0.3,0.05,independent_latents,logger1_heavy,3,source_shuffle,0.33980582524271846,0.33980582524271846,0.6019417475728155,0.08090614886731391,0.31715210355987056,0.8284789644012945,0.0744336569579288,0.0970873786407767,
0.3,0.05,independent_latents,logger1_heavy,3,no_behavior,0.313915857605178,0.313915857605178,0.6148867313915858,0.08414239482200647,0.30097087378640774,0.8284789644012945,0.0744336569579288,0.0970873786407767,
0.3,0.05,independent_latents,logger1_heavy,3,source_dependent_reward,0.2815533980582524,0.2815533980582524,0.7281553398058253,0.06472491909385113,0.20711974110032363,0.8284789644012945,0.0744336569579288,0.0970873786407767,
0.3,0.05,independent_latents,logger1_heavy,4,pooled_mlp,0.3592233009708738,0.3592233009708738,0.6116504854368932,0.061488673139158574,0.3268608414239482,0.8284789644012945,0.0744336569579288,0.0970873786407767,
0.3,0.05,independent_latents,logger1_heavy,4,source_balanced_pooled_mlp,0.3786407766990291,0.3786407766990291,0.6084142394822006,0.0970873786407767,0.29449838187702265,0.8284789644012945,0.0744336569579288,0.0970873786407767,
0.3,0.05,independent_latents,logger1_heavy,4,source_conditioned_decoder,0.30097087378640774,0.30097087378640774,0.6634304207119741,0.05501618122977346,0.2815533980582524,0.8284789644012945,0.0744336569579288,0.0970873786407767,
0.3,0.05,independent_latents,logger1_heavy,4,per_source_models,0.32362459546925565,0.32362459546925565,0.6375404530744336,0.0744336569579288,0.28802588996763756,0.8284789644012945,0.0744336569579288,0.0970873786407767,
0.3,0.05,independent_latents,logger1_heavy,4,mechanism_separated,0.36245954692556637,0.36245954692556637,0.6116504854368932,0.05177993527508091,0.3365695792880259,0.8284789644012945,0.0744336569579288,0.0970873786407767,
0.3,0.05,independent_latents,logger1_heavy,4,oracle_u_aware,0.2912621359223301,0.2912621359223301,0.7022653721682848,0.07119741100323625,0.22653721682847897,0.8284789644012945,0.0744336569579288,0.0970873786407767,
0.3,0.05,independent_latents,logger1_heavy,4,source_shuffle,0.3883495145631068,0.3883495145631068,0.5663430420711975,0.061488673139158574,0.37216828478964403,0.8284789644012945,0.0744336569579288,0.0970873786407767,
0.3,0.05,independent_latents,logger1_heavy,4,no_behavior,0.36893203883495146,0.36893203883495146,0.5922330097087378,0.05501618122977346,0.35275080906148865,0.8284789644012945,0.0744336569579288,0.0970873786407767,
0.3,0.05,independent_latents,logger1_heavy,4,source_dependent_reward,0.3333333333333333,0.3333333333333333,0.6310679611650486,0.08737864077669903,0.2815533980582524,0.8284789644012945,0.0744336569579288,0.0970873786407767,
0.3,0.05,independent_latents,logger12_balanced,0,pooled_mlp,0.3883495145631068,0.3883495145631068,0.5760517799352751,0.10355987055016182,0.32038834951456313,0.8284789644012945,0.0744336569579288,0.0970873786407767,
0.3,0.05,independent_latents,logger12_balanced,0,source_balanced_pooled_mlp,0.3883495145631068,0.3883495145631068,0.5760517799352751,0.10355987055016182,0.32038834951456313,0.8284789644012945,0.0744336569579288,0.0970873786407767,
0.3,0.05,independent_latents,logger12_balanced,0,source_conditioned_decoder,0.22653721682847897,0.22653721682847897,0.7993527508090615,0.042071197411003236,0.15857605177993528,0.8284789644012945,0.0744336569579288,0.0970873786407767,
0.3,0.05,independent_latents,logger12_balanced,0,per_source_models,0.3656957928802589,0.3656957928802589,0.5760517799352751,0.061488673139158574,0.36245954692556637,0.8284789644012945,0.0744336569579288,0.0970873786407767,
0.3,0.05,independent_latents,logger12_balanced,0,mechanism_separated,0.28802588996763756,0.28802588996763756,0.7346278317152104,0.05501618122977346,0.21035598705501618,0.8284789644012945,0.0744336569579288,0.0970873786407767,
0.3,0.05,independent_latents,logger12_balanced,0,oracle_u_aware,0.23624595469255663,0.23624595469255663,0.7022653721682848,0.09385113268608414,0.20388349514563106,0.8284789644012945,0.0744336569579288,0.0970873786407767,
0.3,0.05,independent_latents,logger12_balanced,0,source_shuffle,0.29449838187702265,0.29449838187702265,0.7119741100323624,0.07766990291262135,0.21035598705501618,0.8284789644012945,0.0744336569579288,0.0970873786407767,
0.3,0.05,independent_latents,logger12_balanced,0,no_behavior,0.255663430420712,0.255663430420712,0.7346278317152104,0.061488673139158574,0.20388349514563106,0.8284789644012945,0.0744336569579288,0.0970873786407767,
0.3,0.05,independent_latents,logger12_balanced,0,source_dependent_reward,0.3042071197411003,0.3042071197411003,0.7119741100323624,0.061488673139158574,0.22653721682847897,0.8284789644012945,0.0744336569579288,0.0970873786407767,
0.3,0.05,independent_latents,logger12_balanced,1,pooled_mlp,0.24271844660194175,0.24271844660194175,0.7281553398058253,0.07119741100323625,0.20064724919093851,0.8284789644012945,0.0744336569579288,0.0970873786407767,
0.3,0.05,independent_latents,logger12_balanced,1,source_balanced_pooled_mlp,0.24271844660194175,0.24271844660194175,0.7281553398058253,0.07119741100323625,0.20064724919093851,0.8284789644012945,0.0744336569579288,0.0970873786407767,
0.3,0.05,independent_latents,logger12_balanced,1,source_conditioned_decoder,0.2588996763754045,0.2588996763754045,0.7734627831715211,0.038834951456310676,0.18770226537216828,0.8284789644012945,0.0744336569579288,0.0970873786407767,
0.3,0.05,independent_latents,logger12_balanced,1,per_source_models,0.3300970873786408,0.3300970873786408,0.6472491909385113,0.05825242718446602,0.29449838187702265,0.8284789644012945,0.0744336569579288,0.0970873786407767,
0.3,0.05,independent_latents,logger12_balanced,1,mechanism_separated,0.2912621359223301,0.2912621359223301,0.7443365695792881,0.016181229773462782,0.23948220064724918,0.8284789644012945,0.0744336569579288,0.0970873786407767,
0.3,0.05,independent_latents,logger12_balanced,1,oracle_u_aware,0.2815533980582524,0.2815533980582524,0.6666666666666666,0.09385113268608414,0.23948220064724918,0.8284789644012945,0.0744336569579288,0.0970873786407767,
0.3,0.05,independent_latents,logger12_balanced,1,source_shuffle,0.28802588996763756,0.28802588996763756,0.7184466019417476,0.05825242718446602,0.22330097087378642,0.8284789644012945,0.0744336569579288,0.0970873786407767,
0.3,0.05,independent_latents,logger12_balanced,1,no_behavior,0.2912621359223301,0.2912621359223301,0.7378640776699029,0.061488673139158574,0.20064724919093851,0.8284789644012945,0.0744336569579288,0.0970873786407767,
0.3,0.05,independent_latents,logger12_balanced,1,source_dependent_reward,0.23948220064724918,0.23948220064724918,0.7799352750809061,0.05501618122977346,0.1650485436893204,0.8284789644012945,0.0744336569579288,0.0970873786407767,
0.3,0.05,independent_latents,logger12_balanced,2,pooled_mlp,0.313915857605178,0.313915857605178,0.6504854368932039,0.10355987055016182,0.2459546925566343,0.8284789644012945,0.0744336569579288,0.0970873786407767,
0.3,0.05,independent_latents,logger12_balanced,2,source_balanced_pooled_mlp,0.313915857605178,0.313915857605178,0.6504854368932039,0.10355987055016182,0.2459546925566343,0.8284789644012945,0.0744336569579288,0.0970873786407767,
0.3,0.05,independent_latents,logger12_balanced,2,source_conditioned_decoder,0.2297734627831715,0.2297734627831715,0.7443365695792881,0.04854368932038835,0.20711974110032363,0.8284789644012945,0.0744336569579288,0.0970873786407767,
0.3,0.05,independent_latents,logger12_balanced,2,per_source_models,0.2912621359223301,0.2912621359223301,0.7055016181229773,0.08414239482200647,0.21035598705501618,0.8284789644012945,0.0744336569579288,0.0970873786407767,
0.3,0.05,independent_latents,logger12_balanced,2,mechanism_separated,0.2750809061488673,0.2750809061488673,0.6957928802588996,0.10032362459546926,0.20388349514563106,0.8284789644012945,0.0744336569579288,0.0970873786407767,
0.3,0.05,independent_latents,logger12_balanced,2,oracle_u_aware,0.23300970873786409,0.23300970873786409,0.7249190938511327,0.08414239482200647,0.19093851132686085,0.8284789644012945,0.0744336569579288,0.0970873786407767,
0.3,0.05,independent_latents,logger12_balanced,2,source_shuffle,0.27184466019417475,0.27184466019417475,0.7055016181229773,0.08414239482200647,0.21035598705501618,0.8284789644012945,0.0744336569579288,0.0970873786407767,
0.3,0.05,independent_latents,logger12_balanced,2,no_behavior,0.26537216828478966,0.26537216828478966,0.6893203883495146,0.06472491909385113,0.2459546925566343,0.8284789644012945,0.0744336569579288,0.0970873786407767,
0.3,0.05,independent_latents,logger12_balanced,2,source_dependent_reward,0.284789644012945,0.284789644012945,0.7346278317152104,0.05177993527508091,0.21359223300970873,0.8284789644012945,0.0744336569579288,0.0970873786407767,
0.3,0.05,independent_latents,logger12_balanced,3,pooled_mlp,0.3268608414239482,0.3268608414239482,0.6537216828478964,0.10032362459546926,0.2459546925566343,0.8284789644012945,0.0744336569579288,0.0970873786407767,
0.3,0.05,independent_latents,logger12_balanced,3,source_balanced_pooled_mlp,0.3268608414239482,0.3268608414239482,0.6537216828478964,0.10032362459546926,0.2459546925566343,0.8284789644012945,0.0744336569579288,0.0970873786407767,
0.3,0.05,independent_latents,logger12_balanced,3,source_conditioned_decoder,0.32362459546925565,0.32362459546925565,0.6504854368932039,0.05501618122977346,0.29449838187702265,0.8284789644012945,0.0744336569579288,0.0970873786407767,
0.3,0.05,independent_latents,logger12_balanced,3,per_source_models,0.32038834951456313,0.32038834951456313,0.6343042071197411,0.06796116504854369,0.2977346278317152,0.8284789644012945,0.0744336569579288,0.0970873786407767,
0.3,0.05,independent_latents,logger12_balanced,3,mechanism_separated,0.313915857605178,0.313915857605178,0.6634304207119741,0.05177993527508091,0.284789644012945,0.8284789644012945,0.0744336569579288,0.0970873786407767,
0.3,0.05,independent_latents,logger12_balanced,3,oracle_u_aware,0.2621359223300971,0.2621359223300971,0.686084142394822,0.09061488673139159,0.22330097087378642,0.8284789644012945,0.0744336569579288,0.0970873786407767,
0.3,0.05,independent_latents,logger12_balanced,3,source_shuffle,0.3106796116504854,0.3106796116504854,0.6699029126213593,0.05501618122977346,0.2750809061488673,0.8284789644012945,0.0744336569579288,0.0970873786407767,
0.3,0.05,independent_latents,logger12_balanced,3,no_behavior,0.3074433656957929,0.3074433656957929,0.6666666666666666,0.045307443365695796,0.28802588996763756,0.8284789644012945,0.0744336569579288,0.0970873786407767,
0.3,0.05,independent_latents,logger12_balanced,3,source_dependent_reward,0.3042071197411003,0.3042071197411003,0.6666666666666666,0.05825242718446602,0.2750809061488673,0.8284789644012945,0.0744336569579288,0.0970873786407767,
0.3,0.05,independent_latents,logger12_balanced,4,pooled_mlp,0.3786407766990291,0.3786407766990291,0.6084142394822006,0.0970873786407767,0.29449838187702265,0.8284789644012945,0.0744336569579288,0.0970873786407767,
0.3,0.05,independent_latents,logger12_balanced,4,source_balanced_pooled_mlp,0.3786407766990291,0.3786407766990291,0.6084142394822006,0.0970873786407767,0.29449838187702265,0.8284789644012945,0.0744336569579288,0.0970873786407767,
0.3,0.05,independent_latents,logger12_balanced,4,source_conditioned_decoder,0.2588996763754045,0.2588996763754045,0.7184466019417476,0.042071197411003236,0.23948220064724918,0.8284789644012945,0.0744336569579288,0.0970873786407767,
0.3,0.05,independent_latents,logger12_balanced,4,per_source_models,0.2783171521035599,0.2783171521035599,0.7055016181229773,0.061488673139158574,0.23300970873786409,0.8284789644012945,0.0744336569579288,0.0970873786407767,
0.3,0.05,independent_latents,logger12_balanced,4,mechanism_separated,0.3333333333333333,0.3333333333333333,0.6343042071197411,0.04854368932038835,0.31715210355987056,0.8284789644012945,0.0744336569579288,0.0970873786407767,
0.3,0.05,independent_latents,logger12_balanced,4,oracle_u_aware,0.23624595469255663,0.23624595469255663,0.7313915857605178,0.05177993527508091,0.2168284789644013,0.8284789644012945,0.0744336569579288,0.0970873786407767,
0.3,0.05,independent_latents,logger12_balanced,4,source_shuffle,0.31715210355987056,0.31715210355987056,0.656957928802589,0.042071197411003236,0.30097087378640774,0.8284789644012945,0.0744336569579288,0.0970873786407767,
0.3,0.05,independent_latents,logger12_balanced,4,no_behavior,0.3042071197411003,0.3042071197411003,0.6666666666666666,0.045307443365695796,0.28802588996763756,0.8284789644012945,0.0744336569579288,0.0970873786407767,
0.3,0.05,independent_latents,logger12_balanced,4,source_dependent_reward,0.28802588996763756,0.28802588996763756,0.6666666666666666,0.061488673139158574,0.27184466019417475,0.8284789644012945,0.0744336569579288,0.0970873786407767,
0.3,0.05,independent_latents,logger2_heavy,0,pooled_mlp,0.3559870550161812,0.3559870550161812,0.5922330097087378,0.08737864077669903,0.32038834951456313,0.8284789644012945,0.0744336569579288,0.0970873786407767,
0.3,0.05,independent_latents,logger2_heavy,0,source_balanced_pooled_mlp,0.3883495145631068,0.3883495145631068,0.5760517799352751,0.10355987055016182,0.32038834951456313,0.8284789644012945,0.0744336569579288,0.0970873786407767,
0.3,0.05,independent_latents,logger2_heavy,0,source_conditioned_decoder,0.3042071197411003,0.3042071197411003,0.6472491909385113,0.045307443365695796,0.3074433656957929,0.8284789644012945,0.0744336569579288,0.0970873786407767,
0.3,0.05,independent_latents,logger2_heavy,0,per_source_models,0.3883495145631068,0.3883495145631068,0.5436893203883495,0.11326860841423948,0.343042071197411,0.8284789644012945,0.0744336569579288,0.0970873786407767,
0.3,0.05,independent_latents,logger2_heavy,0,mechanism_separated,0.343042071197411,0.343042071197411,0.6181229773462783,0.06796116504854369,0.313915857605178,0.8284789644012945,0.0744336569579288,0.0970873786407767,
0.3,0.05,independent_latents,logger2_heavy,0,oracle_u_aware,0.23624595469255663,0.23624595469255663,0.7281553398058253,0.07766990291262135,0.1941747572815534,0.8284789644012945,0.0744336569579288,0.0970873786407767,
0.3,0.05,independent_latents,logger2_heavy,0,source_shuffle,0.2750809061488673,0.2750809061488673,0.7249190938511327,0.07766990291262135,0.19741100323624594,0.8284789644012945,0.0744336569579288,0.0970873786407767,
0.3,0.05,independent_latents,logger2_heavy,0,no_behavior,0.23300970873786409,0.23300970873786409,0.7475728155339806,0.05501618122977346,0.19741100323624594,0.8284789644012945,0.0744336569579288,0.0970873786407767,
0.3,0.05,independent_latents,logger2_heavy,0,source_dependent_reward,0.2783171521035599,0.2783171521035599,0.7475728155339806,0.05177993527508091,0.20064724919093851,0.8284789644012945,0.0744336569579288,0.0970873786407767,
0.3,0.05,independent_latents,logger2_heavy,1,pooled_mlp,0.33980582524271846,0.33980582524271846,0.686084142394822,0.061488673139158574,0.2524271844660194,0.8284789644012945,0.0744336569579288,0.0970873786407767,
0.3,0.05,independent_latents,logger2_heavy,1,source_balanced_pooled_mlp,0.24271844660194175,0.24271844660194175,0.7281553398058253,0.07119741100323625,0.20064724919093851,0.8284789644012945,0.0744336569579288,0.0970873786407767,
0.3,0.05,independent_latents,logger2_heavy,1,source_conditioned_decoder,0.2977346278317152,0.2977346278317152,0.6990291262135923,0.042071197411003236,0.2588996763754045,0.8284789644012945,0.0744336569579288,0.0970873786407767,
0.3,0.05,independent_latents,logger2_heavy,1,per_source_models,0.26537216828478966,0.26537216828478966,0.6731391585760518,0.06796116504854369,0.2588996763754045,0.8284789644012945,0.0744336569579288,0.0970873786407767,
0.3,0.05,independent_latents,logger2_heavy,1,mechanism_separated,0.37540453074433655,0.37540453074433655,0.6407766990291263,0.07119741100323625,0.28802588996763756,0.8284789644012945,0.0744336569579288,0.0970873786407767,
0.3,0.05,independent_latents,logger2_heavy,1,oracle_u_aware,0.26537216828478966,0.26537216828478966,0.7055016181229773,0.05501618122977346,0.23948220064724918,0.8284789644012945,0.0744336569579288,0.0970873786407767,
0.3,0.05,independent_latents,logger2_heavy,1,source_shuffle,0.37540453074433655,0.37540453074433655,0.627831715210356,0.06472491909385113,0.3074433656957929,0.8284789644012945,0.0744336569579288,0.0970873786407767,
0.3,0.05,independent_latents,logger2_heavy,1,no_behavior,0.39158576051779936,0.39158576051779936,0.6213592233009708,0.09385113268608414,0.284789644012945,0.8284789644012945,0.0744336569579288,0.0970873786407767,
0.3,0.05,independent_latents,logger2_heavy,1,source_dependent_reward,0.2168284789644013,0.2168284789644013,0.8317152103559871,0.04854368932038835,0.11974110032362459,0.8284789644012945,0.0744336569579288,0.0970873786407767,
0.3,0.05,independent_latents,logger2_heavy,2,pooled_mlp,0.3074433656957929,0.3074433656957929,0.6213592233009708,0.13592233009708737,0.24271844660194175,0.8284789644012945,0.0744336569579288,0.0970873786407767,
0.3,0.05,independent_latents,logger2_heavy,2,source_balanced_pooled_mlp,0.313915857605178,0.313915857605178,0.6504854368932039,0.10355987055016182,0.2459546925566343,0.8284789644012945,0.0744336569579288,0.0970873786407767,
0.3,0.05,independent_latents,logger2_heavy,2,source_conditioned_decoder,0.2621359223300971,0.2621359223300971,0.6925566343042071,0.06472491909385113,0.24271844660194175,0.8284789644012945,0.0744336569579288,0.0970873786407767,
0.3,0.05,independent_latents,logger2_heavy,2,per_source_models,0.26537216828478966,0.26537216828478966,0.7184466019417476,0.07766990291262135,0.20388349514563106,0.8284789644012945,0.0744336569579288,0.0970873786407767,
0.3,0.05,independent_latents,logger2_heavy,2,mechanism_separated,0.24271844660194175,0.24271844660194175,0.6763754045307443,0.08414239482200647,0.23948220064724918,0.8284789644012945,0.0744336569579288,0.0970873786407767,
0.3,0.05,independent_latents,logger2_heavy,2,oracle_u_aware,0.255663430420712,0.255663430420712,0.7184466019417476,0.08414239482200647,0.19741100323624594,0.8284789644012945,0.0744336569579288,0.0970873786407767,
0.3,0.05,independent_latents,logger2_heavy,2,source_shuffle,0.23948220064724918,0.23948220064724918,0.6990291262135923,0.05825242718446602,0.24271844660194175,0.8284789644012945,0.0744336569579288,0.0970873786407767,
0.3,0.05,independent_latents,logger2_heavy,2,no_behavior,0.2459546925566343,0.2459546925566343,0.7022653721682848,0.06796116504854369,0.2297734627831715,0.8284789644012945,0.0744336569579288,0.0970873786407767,
0.3,0.05,independent_latents,logger2_heavy,2,source_dependent_reward,0.2524271844660194,0.2524271844660194,0.6957928802588996,0.061488673139158574,0.24271844660194175,0.8284789644012945,0.0744336569579288,0.0970873786407767,
0.3,0.05,independent_latents,logger2_heavy,3,pooled_mlp,0.35275080906148865,0.35275080906148865,0.6148867313915858,0.0744336569579288,0.3106796116504854,0.8284789644012945,0.0744336569579288,0.0970873786407767,
0.3,0.05,independent_latents,logger2_heavy,3,source_balanced_pooled_mlp,0.3268608414239482,0.3268608414239482,0.6537216828478964,0.10032362459546926,0.2459546925566343,0.8284789644012945,0.0744336569579288,0.0970873786407767,
0.3,0.05,independent_latents,logger2_heavy,3,source_conditioned_decoder,0.37540453074433655,0.37540453074433655,0.5825242718446602,0.0970873786407767,0.32038834951456313,0.8284789644012945,0.0744336569579288,0.0970873786407767,
0.3,0.05,independent_latents,logger2_heavy,3,per_source_models,0.29449838187702265,0.29449838187702265,0.6828478964401294,0.05177993527508091,0.26537216828478966,0.8284789644012945,0.0744336569579288,0.0970873786407767,
0.3,0.05,independent_latents,logger2_heavy,3,mechanism_separated,0.32362459546925565,0.32362459546925565,0.6343042071197411,0.07119741100323625,0.29449838187702265,0.8284789644012945,0.0744336569579288,0.0970873786407767,
0.3,0.05,independent_latents,logger2_heavy,3,oracle_u_aware,0.2686084142394822,0.2686084142394822,0.6828478964401294,0.061488673139158574,0.255663430420712,0.8284789644012945,0.0744336569579288,0.0970873786407767,
0.3,0.05,independent_latents,logger2_heavy,3,source_shuffle,0.32038834951456313,0.32038834951456313,0.6245954692556634,0.08090614886731391,0.29449838187702265,0.8284789644012945,0.0744336569579288,0.0970873786407767,
0.3,0.05,independent_latents,logger2_heavy,3,no_behavior,0.3042071197411003,0.30097087378640774,0.6634304207119741,0.08090614886731391,0.2588996763754045,0.8284789644012945,0.0744336569579288,0.0970873786407767,
0.3,0.05,independent_latents,logger2_heavy,3,source_dependent_reward,0.2783171521035599,0.2783171521035599,0.6925566343042071,0.061488673139158574,0.2459546925566343,0.8284789644012945,0.0744336569579288,0.0970873786407767,
0.3,0.05,independent_latents,logger2_heavy,4,pooled_mlp,0.284789644012945,0.284789644012945,0.6699029126213593,0.06796116504854369,0.2621359223300971,0.8284789644012945,0.0744336569579288,0.0970873786407767,
0.3,0.05,independent_latents,logger2_heavy,4,source_balanced_pooled_mlp,0.3786407766990291,0.3786407766990291,0.6084142394822006,0.0970873786407767,0.29449838187702265,0.8284789644012945,0.0744336569579288,0.0970873786407767,
0.3,0.05,independent_latents,logger2_heavy,4,source_conditioned_decoder,0.255663430420712,0.255663430420712,0.7313915857605178,0.05177993527508091,0.2168284789644013,0.8284789644012945,0.0744336569579288,0.0970873786407767,
0.3,0.05,independent_latents,logger2_heavy,4,per_source_models,0.24271844660194175,0.24271844660194175,0.7184466019417476,0.05177993527508091,0.2297734627831715,0.8284789644012945,0.0744336569579288,0.0970873786407767,
0.3,0.05,independent_latents,logger2_heavy,4,mechanism_separated,0.44660194174757284,0.44660194174757284,0.4886731391585761,0.09385113268608414,0.4174757281553398,0.8284789644012945,0.0744336569579288,0.0970873786407767,
0.3,0.05,independent_latents,logger2_heavy,4,oracle_u_aware,0.24271844660194175,0.24271844660194175,0.7055016181229773,0.061488673139158574,0.23300970873786409,0.8284789644012945,0.0744336569579288,0.0970873786407767,
0.3,0.05,independent_latents,logger2_heavy,4,source_shuffle,0.284789644012945,0.284789644012945,0.686084142394822,0.042071197411003236,0.27184466019417475,0.8284789644012945,0.0744336569579288,0.0970873786407767,
0.3,0.05,independent_latents,logger2_heavy,4,no_behavior,0.49838187702265374,0.49838187702265374,0.44660194174757284,0.08090614886731391,0.47249190938511326,0.8284789644012945,0.0744336569579288,0.0970873786407767,
0.3,0.05,independent_latents,logger2_heavy,4,source_dependent_reward,0.3948220064724919,0.3948220064724919,0.517799352750809,0.0744336569579288,0.4077669902912621,0.8284789644012945,0.0744336569579288,0.0970873786407767,
0.3,0.1,confounded,logger1_heavy,0,pooled_mlp,0.9029126213592233,0.9029126213592233,0.0,0.006472491909385114,0.9935275080906149,0.8284789644012945,0.0744336569579288,0.0970873786407767,
0.3,0.1,confounded,logger1_heavy,0,source_balanced_pooled_mlp,0.9029126213592233,0.9029126213592233,0.003236245954692557,0.006472491909385114,0.9902912621359223,0.8284789644012945,0.0744336569579288,0.0970873786407767,
0.3,0.1,confounded,logger1_heavy,0,source_conditioned_decoder,0.9029126213592233,0.9029126213592233,0.0,0.0,1.0,0.8284789644012945,0.0744336569579288,0.0970873786407767,
0.3,0.1,confounded,logger1_heavy,0,per_source_models,0.9029126213592233,0.9029126213592233,0.0,0.006472491909385114,0.9935275080906149,0.8284789644012945,0.0744336569579288,0.0970873786407767,
0.3,0.1,confounded,logger1_heavy,0,mechanism_separated,0.9029126213592233,0.9029126213592233,0.0,0.003236245954692557,0.9967637540453075,0.8284789644012945,0.0744336569579288,0.0970873786407767,
0.3,0.1,confounded,logger1_heavy,0,oracle_u_aware,0.2815533980582524,0.2815533980582524,0.6763754045307443,0.09061488673139159,0.23300970873786409,0.8284789644012945,0.0744336569579288,0.0970873786407767,
0.3,0.1,confounded,logger1_heavy,0,source_shuffle,0.9029126213592233,0.9029126213592233,0.0,0.003236245954692557,0.9967637540453075,0.8284789644012945,0.0744336569579288,0.0970873786407767,
0.3,0.1,confounded,logger1_heavy,0,no_behavior,0.9029126213592233,0.9029126213592233,0.0,0.003236245954692557,0.9967637540453075,0.8284789644012945,0.0744336569579288,0.0970873786407767,
0.3,0.1,confounded,logger1_heavy,0,source_dependent_reward,0.8996763754045307,0.8996763754045307,0.003236245954692557,0.0,0.9967637540453075,0.8284789644012945,0.0744336569579288,0.0970873786407767,
0.3,0.1,confounded,logger1_heavy,1,pooled_mlp,0.9029126213592233,0.9029126213592233,0.0,0.003236245954692557,0.9967637540453075,0.8284789644012945,0.0744336569579288,0.0970873786407767,
0.3,0.1,confounded,logger1_heavy,1,source_balanced_pooled_mlp,0.9029126213592233,0.9029126213592233,0.0,0.003236245954692557,0.9967637540453075,0.8284789644012945,0.0744336569579288,0.0970873786407767,
0.3,0.1,confounded,logger1_heavy,1,source_conditioned_decoder,0.8996763754045307,0.8996763754045307,0.003236245954692557,0.0,0.9967637540453075,0.8284789644012945,0.0744336569579288,0.0970873786407767,
0.3,0.1,confounded,logger1_heavy,1,per_source_models,0.9029126213592233,0.9029126213592233,0.0,0.003236245954692557,0.9967637540453075,0.8284789644012945,0.0744336569579288,0.0970873786407767,
0.3,0.1,confounded,logger1_heavy,1,mechanism_separated,0.9029126213592233,0.9029126213592233,0.0,0.003236245954692557,0.9967637540453075,0.8284789644012945,0.0744336569579288,0.0970873786407767,
0.3,0.1,confounded,logger1_heavy,1,oracle_u_aware,0.3333333333333333,0.3333333333333333,0.6148867313915858,0.0970873786407767,0.28802588996763756,0.8284789644012945,0.0744336569579288,0.0970873786407767,
0.3,0.1,confounded,logger1_heavy,1,source_shuffle,0.9029126213592233,0.9029126213592233,0.0,0.003236245954692557,0.9967637540453075,0.8284789644012945,0.0744336569579288,0.0970873786407767,
0.3,0.1,confounded,logger1_heavy,1,no_behavior,0.9029126213592233,0.9029126213592233,0.0,0.0,1.0,0.8284789644012945,0.0744336569579288,0.0970873786407767,
0.3,0.1,confounded,logger1_heavy,1,source_dependent_reward,0.9029126213592233,0.9029126213592233,0.0,0.006472491909385114,0.9935275080906149,0.8284789644012945,0.0744336569579288,0.0970873786407767,
0.3,0.1,confounded,logger1_heavy,2,pooled_mlp,0.9029126213592233,0.9029126213592233,0.0,0.003236245954692557,0.9967637540453075,0.8284789644012945,0.0744336569579288,0.0970873786407767,
0.3,0.1,confounded,logger1_heavy,2,source_balanced_pooled_mlp,0.9029126213592233,0.9029126213592233,0.0,0.003236245954692557,0.9967637540453075,0.8284789644012945,0.0744336569579288,0.0970873786407767,
0.3,0.1,confounded,logger1_heavy,2,source_conditioned_decoder,0.9029126213592233,0.9029126213592233,0.0,0.003236245954692557,0.9967637540453075,0.8284789644012945,0.0744336569579288,0.0970873786407767,
0.3,0.1,confounded,logger1_heavy,2,per_source_models,0.9029126213592233,0.9029126213592233,0.0,0.003236245954692557,0.9967637540453075,0.8284789644012945,0.0744336569579288,0.0970873786407767,
0.3,0.1,confounded,logger1_heavy,2,mechanism_separated,0.8932038834951457,0.8932038834951457,0.009708737864077669,0.0,0.9902912621359223,0.8284789644012945,0.0744336569579288,0.0970873786407767,
0.3,0.1,confounded,logger1_heavy,2,oracle_u_aware,0.37540453074433655,0.37540453074433655,0.5760517799352751,0.11326860841423948,0.3106796116504854,0.8284789644012945,0.0744336569579288,0.0970873786407767,
0.3,0.1,confounded,logger1_heavy,2,source_shuffle,0.8996763754045307,0.8996763754045307,0.003236245954692557,0.009708737864077669,0.9870550161812298,0.8284789644012945,0.0744336569579288,0.0970873786407767,
0.3,0.1,confounded,logger1_heavy,2,no_behavior,0.9029126213592233,0.9029126213592233,0.0,0.003236245954692557,0.9967637540453075,0.8284789644012945,0.0744336569579288,0.0970873786407767,
0.3,0.1,confounded,logger1_heavy,2,source_dependent_reward,0.9029126213592233,0.9029126213592233,0.0,0.003236245954692557,0.9967637540453075,0.8284789644012945,0.0744336569579288,0.0970873786407767,
0.3,0.1,confounded,logger1_heavy,3,pooled_mlp,0.9029126213592233,0.9029126213592233,0.0,0.003236245954692557,0.9967637540453075,0.8284789644012945,0.0744336569579288,0.0970873786407767,
0.3,0.1,confounded,logger1_heavy,3,source_balanced_pooled_mlp,0.9029126213592233,0.9029126213592233,0.0,0.003236245954692557,0.9967637540453075,0.8284789644012945,0.0744336569579288,0.0970873786407767,
0.3,0.1,confounded,logger1_heavy,3,source_conditioned_decoder,0.9029126213592233,0.9029126213592233,0.0,0.003236245954692557,0.9967637540453075,0.8284789644012945,0.0744336569579288,0.0970873786407767,
0.3,0.1,confounded,logger1_heavy,3,per_source_models,0.9029126213592233,0.9029126213592233,0.0,0.0,1.0,0.8284789644012945,0.0744336569579288,0.0970873786407767,
0.3,0.1,confounded,logger1_heavy,3,mechanism_separated,0.9029126213592233,0.9029126213592233,0.0,0.003236245954692557,0.9967637540453075,0.8284789644012945,0.0744336569579288,0.0970873786407767,
0.3,0.1,confounded,logger1_heavy,3,oracle_u_aware,0.3042071197411003,0.3042071197411003,0.6666666666666666,0.08414239482200647,0.24919093851132687,0.8284789644012945,0.0744336569579288,0.0970873786407767,
0.3,0.1,confounded,logger1_heavy,3,source_shuffle,0.9029126213592233,0.9029126213592233,0.0,0.003236245954692557,0.9967637540453075,0.8284789644012945,0.0744336569579288,0.0970873786407767,
0.3,0.1,confounded,logger1_heavy,3,no_behavior,0.9029126213592233,0.9029126213592233,0.0,0.0,1.0,0.8284789644012945,0.0744336569579288,0.0970873786407767,
0.3,0.1,confounded,logger1_heavy,3,source_dependent_reward,0.8996763754045307,0.8996763754045307,0.003236245954692557,0.0,0.9967637540453075,0.8284789644012945,0.0744336569579288,0.0970873786407767,
0.3,0.1,confounded,logger1_heavy,4,pooled_mlp,0.8996763754045307,0.8996763754045307,0.003236245954692557,0.0,0.9967637540453075,0.8284789644012945,0.0744336569579288,0.0970873786407767,
0.3,0.1,confounded,logger1_heavy,4,source_balanced_pooled_mlp,0.8996763754045307,0.8996763754045307,0.003236245954692557,0.0,0.9967637540453075,0.8284789644012945,0.0744336569579288,0.0970873786407767,
0.3,0.1,confounded,logger1_heavy,4,source_conditioned_decoder,0.9029126213592233,0.9029126213592233,0.0,0.006472491909385114,0.9935275080906149,0.8284789644012945,0.0744336569579288,0.0970873786407767,
0.3,0.1,confounded,logger1_heavy,4,per_source_models,0.9029126213592233,0.9029126213592233,0.0,0.003236245954692557,0.9967637540453075,0.8284789644012945,0.0744336569579288,0.0970873786407767,
0.3,0.1,confounded,logger1_heavy,4,mechanism_separated,0.9029126213592233,0.9029126213592233,0.0,0.003236245954692557,0.9967637540453075,0.8284789644012945,0.0744336569579288,0.0970873786407767,
0.3,0.1,confounded,logger1_heavy,4,oracle_u_aware,0.30097087378640774,0.30097087378640774,0.6504854368932039,0.07119741100323625,0.2783171521035599,0.8284789644012945,0.0744336569579288,0.0970873786407767,
0.3,0.1,confounded,logger1_heavy,4,source_shuffle,0.9029126213592233,0.9029126213592233,0.0,0.003236245954692557,0.9967637540453075,0.8284789644012945,0.0744336569579288,0.0970873786407767,
0.3,0.1,confounded,logger1_heavy,4,no_behavior,0.9029126213592233,0.9029126213592233,0.0,0.003236245954692557,0.9967637540453075,0.8284789644012945,0.0744336569579288,0.0970873786407767,
0.3,0.1,confounded,logger1_heavy,4,source_dependent_reward,0.8996763754045307,0.8996763754045307,0.003236245954692557,0.0,0.9967637540453075,0.8284789644012945,0.0744336569579288,0.0970873786407767,
0.3,0.1,confounded,logger12_balanced,0,pooled_mlp,0.9029126213592233,0.9029126213592233,0.003236245954692557,0.006472491909385114,0.9902912621359223,0.8284789644012945,0.0744336569579288,0.0970873786407767,0.0
0.3,0.1,confounded,logger12_balanced,0,source_balanced_pooled_mlp,0.9029126213592233,0.9029126213592233,0.003236245954692557,0.006472491909385114,0.9902912621359223,0.8284789644012945,0.0744336569579288,0.0970873786407767,0.0
0.3,0.1,confounded,logger12_balanced,0,source_conditioned_decoder,0.9029126213592233,0.9029126213592233,0.0,0.003236245954692557,0.9967637540453075,0.8284789644012945,0.0744336569579288,0.0970873786407767,0.0
0.3,0.1,confounded,logger12_balanced,0,per_source_models,0.9029126213592233,0.9029126213592233,0.0,0.006472491909385114,0.9935275080906149,0.8284789644012945,0.0744336569579288,0.0970873786407767,0.0
0.3,0.1,confounded,logger12_balanced,0,mechanism_separated,0.9029126213592233,0.9029126213592233,0.0,0.003236245954692557,0.9967637540453075,0.8284789644012945,0.0744336569579288,0.0970873786407767,0.0
0.3,0.1,confounded,logger12_balanced,0,oracle_u_aware,0.284789644012945,0.284789644012945,0.6699029126213593,0.11326860841423948,0.2168284789644013,0.8284789644012945,0.0744336569579288,0.0970873786407767,0.0
0.3,0.1,confounded,logger12_balanced,0,source_shuffle,0.9029126213592233,0.9029126213592233,0.0,0.003236245954692557,0.9967637540453075,0.8284789644012945,0.0744336569579288,0.0970873786407767,0.0
0.3,0.1,confounded,logger12_balanced,0,no_behavior,0.9029126213592233,0.9029126213592233,0.0,0.003236245954692557,0.9967637540453075,0.8284789644012945,0.0744336569579288,0.0970873786407767,0.0
0.3,0.1,confounded,logger12_balanced,0,source_dependent_reward,0.8996763754045307,0.8996763754045307,0.003236245954692557,0.0,0.9967637540453075,0.8284789644012945,0.0744336569579288,0.0970873786407767,0.0
0.3,0.1,confounded,logger12_balanced,1,pooled_mlp,0.9029126213592233,0.9029126213592233,0.0,0.003236245954692557,0.9967637540453075,0.8284789644012945,0.0744336569579288,0.0970873786407767,0.0
0.3,0.1,confounded,logger12_balanced,1,source_balanced_pooled_mlp,0.9029126213592233,0.9029126213592233,0.0,0.003236245954692557,0.9967637540453075,0.8284789644012945,0.0744336569579288,0.0970873786407767,0.0
0.3,0.1,confounded,logger12_balanced,1,source_conditioned_decoder,0.9029126213592233,0.9029126213592233,0.0,0.003236245954692557,0.9967637540453075,0.8284789644012945,0.0744336569579288,0.0970873786407767,0.0
0.3,0.1,confounded,logger12_balanced,1,per_source_models,0.9029126213592233,0.9029126213592233,0.0,0.003236245954692557,0.9967637540453075,0.8284789644012945,0.0744336569579288,0.0970873786407767,0.0
0.3,0.1,confounded,logger12_balanced,1,mechanism_separated,0.9029126213592233,0.9029126213592233,0.0,0.006472491909385114,0.9935275080906149,0.8284789644012945,0.0744336569579288,0.0970873786407767,0.0
0.3,0.1,confounded,logger12_balanced,1,oracle_u_aware,0.30097087378640774,0.30097087378640774,0.6601941747572816,0.10032362459546926,0.23948220064724918,0.8284789644012945,0.0744336569579288,0.0970873786407767,0.0
0.3,0.1,confounded,logger12_balanced,1,source_shuffle,0.9029126213592233,0.9029126213592233,0.0,0.003236245954692557,0.9967637540453075,0.8284789644012945,0.0744336569579288,0.0970873786407767,0.0
0.3,0.1,confounded,logger12_balanced,1,no_behavior,0.9029126213592233,0.9029126213592233,0.0,0.003236245954692557,0.9967637540453075,0.8284789644012945,0.0744336569579288,0.0970873786407767,0.0
0.3,0.1,confounded,logger12_balanced,1,source_dependent_reward,0.9029126213592233,0.9029126213592233,0.0,0.003236245954692557,0.9967637540453075,0.8284789644012945,0.0744336569579288,0.0970873786407767,0.0
0.3,0.1,confounded,logger12_balanced,2,pooled_mlp,0.9029126213592233,0.9029126213592233,0.0,0.003236245954692557,0.9967637540453075,0.8284789644012945,0.0744336569579288,0.0970873786407767,0.0
0.3,0.1,confounded,logger12_balanced,2,source_balanced_pooled_mlp,0.9029126213592233,0.9029126213592233,0.0,0.003236245954692557,0.9967637540453075,0.8284789644012945,0.0744336569579288,0.0970873786407767,0.0
0.3,0.1,confounded,logger12_balanced,2,source_conditioned_decoder,0.9029126213592233,0.9029126213592233,0.0,0.003236245954692557,0.9967637540453075,0.8284789644012945,0.0744336569579288,0.0970873786407767,0.0
0.3,0.1,confounded,logger12_balanced,2,per_source_models,0.9029126213592233,0.9029126213592233,0.0,0.003236245954692557,0.9967637540453075,0.8284789644012945,0.0744336569579288,0.0970873786407767,0.0
0.3,0.1,confounded,logger12_balanced,2,mechanism_separated,0.9029126213592233,0.9029126213592233,0.0,0.003236245954692557,0.9967637540453075,0.8284789644012945,0.0744336569579288,0.0970873786407767,0.0
0.3,0.1,confounded,logger12_balanced,2,oracle_u_aware,0.3268608414239482,0.3268608414239482,0.6084142394822006,0.11003236245954692,0.2815533980582524,0.8284789644012945,0.0744336569579288,0.0970873786407767,0.0
0.3,0.1,confounded,logger12_balanced,2,source_shuffle,0.8996763754045307,0.8996763754045307,0.003236245954692557,0.006472491909385114,0.9902912621359223,0.8284789644012945,0.0744336569579288,0.0970873786407767,0.0
0.3,0.1,confounded,logger12_balanced,2,no_behavior,0.8996763754045307,0.8996763754045307,0.003236245954692557,0.003236245954692557,0.9935275080906149,0.8284789644012945,0.0744336569579288,0.0970873786407767,0.0
0.3,0.1,confounded,logger12_balanced,2,source_dependent_reward,0.9029126213592233,0.9029126213592233,0.0,0.003236245954692557,0.9967637540453075,0.8284789644012945,0.0744336569579288,0.0970873786407767,0.0
0.3,0.1,confounded,logger12_balanced,3,pooled_mlp,0.9029126213592233,0.9029126213592233,0.0,0.003236245954692557,0.9967637540453075,0.8284789644012945,0.0744336569579288,0.0970873786407767,0.0
0.3,0.1,confounded,logger12_balanced,3,source_balanced_pooled_mlp,0.9029126213592233,0.9029126213592233,0.0,0.003236245954692557,0.9967637540453075,0.8284789644012945,0.0744336569579288,0.0970873786407767,0.0
0.3,0.1,confounded,logger12_balanced,3,source_conditioned_decoder,0.8996763754045307,0.8996763754045307,0.003236245954692557,0.0,0.9967637540453075,0.8284789644012945,0.0744336569579288,0.0970873786407767,0.0
0.3,0.1,confounded,logger12_balanced,3,per_source_models,0.9029126213592233,0.9029126213592233,0.0,0.0,1.0,0.8284789644012945,0.0744336569579288,0.0970873786407767,0.0
0.3,0.1,confounded,logger12_balanced,3,mechanism_separated,0.9061488673139159,0.9061488673139159,0.003236245954692557,0.0,0.9967637540453075,0.8284789644012945,0.0744336569579288,0.0970873786407767,0.0
0.3,0.1,confounded,logger12_balanced,3,oracle_u_aware,0.2459546925566343,0.2459546925566343,0.7281553398058253,0.04854368932038835,0.22330097087378642,0.8284789644012945,0.0744336569579288,0.0970873786407767,0.0
0.3,0.1,confounded,logger12_balanced,3,source_shuffle,0.9029126213592233,0.9029126213592233,0.0,0.0,1.0,0.8284789644012945,0.0744336569579288,0.0970873786407767,0.0
0.3,0.1,confounded,logger12_balanced,3,no_behavior,0.9029126213592233,0.9029126213592233,0.0,0.0,1.0,0.8284789644012945,0.0744336569579288,0.0970873786407767,0.0
0.3,0.1,confounded,logger12_balanced,3,source_dependent_reward,0.9029126213592233,0.9029126213592233,0.0,0.003236245954692557,0.9967637540453075,0.8284789644012945,0.0744336569579288,0.0970873786407767,0.0
0.3,0.1,confounded,logger12_balanced,4,pooled_mlp,0.8996763754045307,0.8996763754045307,0.003236245954692557,0.0,0.9967637540453075,0.8284789644012945,0.0744336569579288,0.0970873786407767,0.0
0.3,0.1,confounded,logger12_balanced,4,source_balanced_pooled_mlp,0.8996763754045307,0.8996763754045307,0.003236245954692557,0.0,0.9967637540453075,0.8284789644012945,0.0744336569579288,0.0970873786407767,0.0
0.3,0.1,confounded,logger12_balanced,4,source_conditioned_decoder,0.9029126213592233,0.9029126213592233,0.0,0.003236245954692557,0.9967637540453075,0.8284789644012945,0.0744336569579288,0.0970873786407767,0.0
0.3,0.1,confounded,logger12_balanced,4,per_source_models,0.9029126213592233,0.9029126213592233,0.0,0.003236245954692557,0.9967637540453075,0.8284789644012945,0.0744336569579288,0.0970873786407767,0.0
0.3,0.1,confounded,logger12_balanced,4,mechanism_separated,0.8996763754045307,0.8996763754045307,0.003236245954692557,0.0,0.9967637540453075,0.8284789644012945,0.0744336569579288,0.0970873786407767,0.0
0.3,0.1,confounded,logger12_balanced,4,oracle_u_aware,0.26537216828478966,0.26537216828478966,0.6796116504854369,0.05825242718446602,0.2621359223300971,0.8284789644012945,0.0744336569579288,0.0970873786407767,0.0
0.3,0.1,confounded,logger12_balanced,4,source_shuffle,0.8996763754045307,0.8996763754045307,0.003236245954692557,0.0,0.9967637540453075,0.8284789644012945,0.0744336569579288,0.0970873786407767,0.0
0.3,0.1,confounded,logger12_balanced,4,no_behavior,0.8996763754045307,0.8996763754045307,0.003236245954692557,0.0,0.9967637540453075,0.8284789644012945,0.0744336569579288,0.0970873786407767,0.0
0.3,0.1,confounded,logger12_balanced,4,source_dependent_reward,0.9029126213592233,0.9029126213592233,0.0,0.0,1.0,0.8284789644012945,0.0744336569579288,0.0970873786407767,0.0
0.3,0.1,confounded,logger2_heavy,0,pooled_mlp,0.9029126213592233,0.9029126213592233,0.0,0.003236245954692557,0.9967637540453075,0.8284789644012945,0.0744336569579288,0.0970873786407767,
0.3,0.1,confounded,logger2_heavy,0,source_balanced_pooled_mlp,0.9029126213592233,0.9029126213592233,0.003236245954692557,0.006472491909385114,0.9902912621359223,0.8284789644012945,0.0744336569579288,0.0970873786407767,
0.3,0.1,confounded,logger2_heavy,0,source_conditioned_decoder,0.9029126213592233,0.9029126213592233,0.0,0.0,1.0,0.8284789644012945,0.0744336569579288,0.0970873786407767,
0.3,0.1,confounded,logger2_heavy,0,per_source_models,0.9029126213592233,0.9029126213592233,0.0,0.006472491909385114,0.9935275080906149,0.8284789644012945,0.0744336569579288,0.0970873786407767,
0.3,0.1,confounded,logger2_heavy,0,mechanism_separated,0.9029126213592233,0.9029126213592233,0.0,0.0,1.0,0.8284789644012945,0.0744336569579288,0.0970873786407767,
0.3,0.1,confounded,logger2_heavy,0,oracle_u_aware,0.22653721682847897,0.22653721682847897,0.7475728155339806,0.07119741100323625,0.18122977346278318,0.8284789644012945,0.0744336569579288,0.0970873786407767,
0.3,0.1,confounded,logger2_heavy,0,source_shuffle,0.9029126213592233,0.9029126213592233,0.0,0.003236245954692557,0.9967637540453075,0.8284789644012945,0.0744336569579288,0.0970873786407767,
0.3,0.1,confounded,logger2_heavy,0,no_behavior,0.9029126213592233,0.9029126213592233,0.0,0.0,1.0,0.8284789644012945,0.0744336569579288,0.0970873786407767,
0.3,0.1,confounded,logger2_heavy,0,source_dependent_reward,0.8996763754045307,0.8996763754045307,0.003236245954692557,0.0,0.9967637540453075,0.8284789644012945,0.0744336569579288,0.0970873786407767,
0.3,0.1,confounded,logger2_heavy,1,pooled_mlp,0.8996763754045307,0.8996763754045307,0.003236245954692557,0.003236245954692557,0.9935275080906149,0.8284789644012945,0.0744336569579288,0.0970873786407767,
0.3,0.1,confounded,logger2_heavy,1,source_balanced_pooled_mlp,0.9029126213592233,0.9029126213592233,0.0,0.003236245954692557,0.9967637540453075,0.8284789644012945,0.0744336569579288,0.0970873786407767,
0.3,0.1,confounded,logger2_heavy,1,source_conditioned_decoder,0.9029126213592233,0.9029126213592233,0.0,0.0,1.0,0.8284789644012945,0.0744336569579288,0.0970873786407767,
0.3,0.1,confounded,logger2_heavy,1,per_source_models,0.9029126213592233,0.9029126213592233,0.0,0.003236245954692557,0.9967637540453075,0.8284789644012945,0.0744336569579288,0.0970873786407767,
0.3,0.1,confounded,logger2_heavy,1,mechanism_separated,0.9029126213592233,0.9029126213592233,0.0,0.003236245954692557,0.9967637540453075,0.8284789644012945,0.0744336569579288,0.0970873786407767,
0.3,0.1,confounded,logger2_heavy,1,oracle_u_aware,0.31715210355987056,0.31715210355987056,0.6310679611650486,0.10355987055016182,0.26537216828478966,0.8284789644012945,0.0744336569579288,0.0970873786407767,
0.3,0.1,confounded,logger2_heavy,1,source_shuffle,0.9029126213592233,0.9029126213592233,0.0,0.003236245954692557,0.9967637540453075,0.8284789644012945,0.0744336569579288,0.0970873786407767,
0.3,0.1,confounded,logger2_heavy,1,no_behavior,0.8996763754045307,0.8996763754045307,0.003236245954692557,0.003236245954692557,0.9935275080906149,0.8284789644012945,0.0744336569579288,0.0970873786407767,
0.3,0.1,confounded,logger2_heavy,1,source_dependent_reward,0.9029126213592233,0.9029126213592233,0.0,0.0,1.0,0.8284789644012945,0.0744336569579288,0.0970873786407767,
0.3,0.1,confounded,logger2_heavy,2,pooled_mlp,0.9029126213592233,0.9029126213592233,0.0,0.0,1.0,0.8284789644012945,0.0744336569579288,0.0970873786407767,
0.3,0.1,confounded,logger2_heavy,2,source_balanced_pooled_mlp,0.9029126213592233,0.9029126213592233,0.0,0.003236245954692557,0.9967637540453075,0.8284789644012945,0.0744336569579288,0.0970873786407767,
0.3,0.1,confounded,logger2_heavy,2,source_conditioned_decoder,0.9029126213592233,0.9029126213592233,0.0,0.0,1.0,0.8284789644012945,0.0744336569579288,0.0970873786407767,
0.3,0.1,confounded,logger2_heavy,2,per_source_models,0.9029126213592233,0.9029126213592233,0.0,0.003236245954692557,0.9967637540453075,0.8284789644012945,0.0744336569579288,0.0970873786407767,
0.3,0.1,confounded,logger2_heavy,2,mechanism_separated,0.8996763754045307,0.8996763754045307,0.003236245954692557,0.003236245954692557,0.9935275080906149,0.8284789644012945,0.0744336569579288,0.0970873786407767,
0.3,0.1,confounded,logger2_heavy,2,oracle_u_aware,0.3042071197411003,0.3042071197411003,0.6407766990291263,0.08414239482200647,0.2750809061488673,0.8284789644012945,0.0744336569579288,0.0970873786407767,
0.3,0.1,confounded,logger2_heavy,2,source_shuffle,0.9029126213592233,0.9029126213592233,0.006472491909385114,0.0,0.9935275080906149,0.8284789644012945,0.0744336569579288,0.0970873786407767,
0.3,0.1,confounded,logger2_heavy,2,no_behavior,0.8996763754045307,0.8996763754045307,0.003236245954692557,0.0,0.9967637540453075,0.8284789644012945,0.0744336569579288,0.0970873786407767,
0.3,0.1,confounded,logger2_heavy,2,source_dependent_reward,0.9029126213592233,0.9029126213592233,0.0,0.0,1.0,0.8284789644012945,0.0744336569579288,0.0970873786407767,
0.3,0.1,confounded,logger2_heavy,3,pooled_mlp,0.9029126213592233,0.9029126213592233,0.0,0.006472491909385114,0.9935275080906149,0.8284789644012945,0.0744336569579288,0.0970873786407767,
0.3,0.1,confounded,logger2_heavy,3,source_balanced_pooled_mlp,0.9029126213592233,0.9029126213592233,0.0,0.003236245954692557,0.9967637540453075,0.8284789644012945,0.0744336569579288,0.0970873786407767,
0.3,0.1,confounded,logger2_heavy,3,source_conditioned_decoder,0.8996763754045307,0.8996763754045307,0.0,0.006472491909385114,0.9935275080906149,0.8284789644012945,0.0744336569579288,0.0970873786407767,
0.3,0.1,confounded,logger2_heavy,3,per_source_models,0.9029126213592233,0.9029126213592233,0.0,0.0,1.0,0.8284789644012945,0.0744336569579288,0.0970873786407767,
0.3,0.1,confounded,logger2_heavy,3,mechanism_separated,0.9029126213592233,0.9029126213592233,0.0,0.0,1.0,0.8284789644012945,0.0744336569579288,0.0970873786407767,
0.3,0.1,confounded,logger2_heavy,3,oracle_u_aware,0.2459546925566343,0.2459546925566343,0.7152103559870551,0.07766990291262135,0.20711974110032363,0.8284789644012945,0.0744336569579288,0.0970873786407767,
0.3,0.1,confounded,logger2_heavy,3,source_shuffle,0.9029126213592233,0.9029126213592233,0.0,0.0,1.0,0.8284789644012945,0.0744336569579288,0.0970873786407767,
0.3,0.1,confounded,logger2_heavy,3,no_behavior,0.9029126213592233,0.9029126213592233,0.0,0.0,1.0,0.8284789644012945,0.0744336569579288,0.0970873786407767,
0.3,0.1,confounded,logger2_heavy,3,source_dependent_reward,0.9029126213592233,0.9029126213592233,0.0,0.003236245954692557,0.9967637540453075,0.8284789644012945,0.0744336569579288,0.0970873786407767,
0.3,0.1,confounded,logger2_heavy,4,pooled_mlp,0.9029126213592233,0.9029126213592233,0.0,0.0,1.0,0.8284789644012945,0.0744336569579288,0.0970873786407767,
0.3,0.1,confounded,logger2_heavy,4,source_balanced_pooled_mlp,0.8996763754045307,0.8996763754045307,0.003236245954692557,0.0,0.9967637540453075,0.8284789644012945,0.0744336569579288,0.0970873786407767,
0.3,0.1,confounded,logger2_heavy,4,source_conditioned_decoder,0.9029126213592233,0.9029126213592233,0.0,0.006472491909385114,0.9935275080906149,0.8284789644012945,0.0744336569579288,0.0970873786407767,
0.3,0.1,confounded,logger2_heavy,4,per_source_models,0.9029126213592233,0.9029126213592233,0.0,0.003236245954692557,0.9967637540453075,0.8284789644012945,0.0744336569579288,0.0970873786407767,
0.3,0.1,confounded,logger2_heavy,4,mechanism_separated,0.8996763754045307,0.8996763754045307,0.003236245954692557,0.003236245954692557,0.9935275080906149,0.8284789644012945,0.0744336569579288,0.0970873786407767,
0.3,0.1,confounded,logger2_heavy,4,oracle_u_aware,0.284789644012945,0.284789644012945,0.7055016181229773,0.07119741100323625,0.22330097087378642,0.8284789644012945,0.0744336569579288,0.0970873786407767,
0.3,0.1,confounded,logger2_heavy,4,source_shuffle,0.8996763754045307,0.8996763754045307,0.003236245954692557,0.0,0.9967637540453075,0.8284789644012945,0.0744336569579288,0.0970873786407767,
0.3,0.1,confounded,logger2_heavy,4,no_behavior,0.8996763754045307,0.8996763754045307,0.003236245954692557,0.0,0.9967637540453075,0.8284789644012945,0.0744336569579288,0.0970873786407767,
0.3,0.1,confounded,logger2_heavy,4,source_dependent_reward,0.9029126213592233,0.9029126213592233,0.0,0.003236245954692557,0.9967637540453075,0.8284789644012945,0.0744336569579288,0.0970873786407767,
0.3,0.1,independent_latents,logger1_heavy,0,pooled_mlp,0.343042071197411,0.343042071197411,0.6828478964401294,0.05501618122977346,0.2621359223300971,0.8284789644012945,0.0744336569579288,0.0970873786407767,
0.3,0.1,independent_latents,logger1_heavy,0,source_balanced_pooled_mlp,0.34951456310679613,0.34951456310679613,0.6116504854368932,0.13268608414239483,0.255663430420712,0.8284789644012945,0.0744336569579288,0.0970873786407767,
0.3,0.1,independent_latents,logger1_heavy,0,source_conditioned_decoder,0.3300970873786408,0.3300970873786408,0.7184466019417476,0.05825242718446602,0.22330097087378642,0.8284789644012945,0.0744336569579288,0.0970873786407767,
0.3,0.1,independent_latents,logger1_heavy,0,per_source_models,0.2750809061488673,0.2750809061488673,0.7605177993527508,0.042071197411003236,0.19741100323624594,0.8284789644012945,0.0744336569579288,0.0970873786407767,
0.3,0.1,independent_latents,logger1_heavy,0,mechanism_separated,0.31715210355987056,0.31715210355987056,0.7313915857605178,0.038834951456310676,0.2297734627831715,0.8284789644012945,0.0744336569579288,0.0970873786407767,
0.3,0.1,independent_latents,logger1_heavy,0,oracle_u_aware,0.2815533980582524,0.2815533980582524,0.6504854368932039,0.11974110032362459,0.2297734627831715,0.8284789644012945,0.0744336569579288,0.0970873786407767,
0.3,0.1,independent_latents,logger1_heavy,0,source_shuffle,0.3106796116504854,0.3106796116504854,0.7378640776699029,0.032362459546925564,0.2297734627831715,0.8284789644012945,0.0744336569579288,0.0970873786407767,
0.3,0.1,independent_latents,logger1_heavy,0,no_behavior,0.36245954692556637,0.36245954692556637,0.6148867313915858,0.06796116504854369,0.31715210355987056,0.8284789644012945,0.0744336569579288,0.0970873786407767,
0.3,0.1,independent_latents,logger1_heavy,0,source_dependent_reward,0.29449838187702265,0.29449838187702265,0.7508090614886731,0.022653721682847898,0.22653721682847897,0.8284789644012945,0.0744336569579288,0.0970873786407767,
0.3,0.1,independent_latents,logger1_heavy,1,pooled_mlp,0.4563106796116505,0.4563106796116505,0.47249190938511326,0.08737864077669903,0.4401294498381877,0.8284789644012945,0.0744336569579288,0.0970873786407767,
0.3,0.1,independent_latents,logger1_heavy,1,source_balanced_pooled_mlp,0.3559870550161812,0.3559870550161812,0.5825242718446602,0.061488673139158574,0.3559870550161812,0.8284789644012945,0.0744336569579288,0.0970873786407767,
0.3,0.1,independent_latents,logger1_heavy,1,source_conditioned_decoder,0.49838187702265374,0.49838187702265374,0.44983818770226536,0.05177993527508091,0.49838187702265374,0.8284789644012945,0.0744336569579288,0.0970873786407767,
0.3,0.1,independent_latents,logger1_heavy,1,per_source_models,0.3883495145631068,0.3883495145631068,0.5598705501618123,0.0744336569579288,0.36893203883495146,0.8284789644012945,0.0744336569579288,0.0970873786407767,
0.3,0.1,independent_latents,logger1_heavy,1,mechanism_separated,0.459546925566343,0.459546925566343,0.47896440129449835,0.05501618122977346,0.46601941747572817,0.8284789644012945,0.0744336569579288,0.0970873786407767,
0.3,0.1,independent_latents,logger1_heavy,1,oracle_u_aware,0.343042071197411,0.343042071197411,0.5857605177993528,0.11326860841423948,0.30097087378640774,0.8284789644012945,0.0744336569579288,0.0970873786407767,
0.3,0.1,independent_latents,logger1_heavy,1,source_shuffle,0.459546925566343,0.459546925566343,0.4886731391585761,0.07766990291262135,0.4336569579288026,0.8284789644012945,0.0744336569579288,0.0970873786407767,
0.3,0.1,independent_latents,logger1_heavy,1,no_behavior,0.4401294498381877,0.4401294498381877,0.511326860841424,0.06472491909385113,0.42394822006472493,0.8284789644012945,0.0744336569579288,0.0970873786407767,
0.3,0.1,independent_latents,logger1_heavy,1,source_dependent_reward,0.4919093851132686,0.4919093851132686,0.44660194174757284,0.042071197411003236,0.511326860841424,0.8284789644012945,0.0744336569579288,0.0970873786407767,
0.3,0.1,independent_latents,logger1_heavy,2,pooled_mlp,0.4110032362459547,0.4110032362459547,0.6019417475728155,0.08737864077669903,0.3106796116504854,0.8284789644012945,0.0744336569579288,0.0970873786407767,
0.3,0.1,independent_latents,logger1_heavy,2,source_balanced_pooled_mlp,0.32362459546925565,0.32362459546925565,0.6957928802588996,0.0970873786407767,0.20711974110032363,0.8284789644012945,0.0744336569579288,0.0970873786407767,
0.3,0.1,independent_latents,logger1_heavy,2,source_conditioned_decoder,0.459546925566343,0.459546925566343,0.4886731391585761,0.08090614886731391,0.43042071197411,0.8284789644012945,0.0744336569579288,0.0970873786407767,
0.3,0.1,independent_latents,logger1_heavy,2,per_source_models,0.3559870550161812,0.3559870550161812,0.6375404530744336,0.07766990291262135,0.284789644012945,0.8284789644012945,0.0744336569579288,0.0970873786407767,
0.3,0.1,independent_latents,logger1_heavy,2,mechanism_separated,0.3300970873786408,0.3300970873786408,0.7249190938511327,0.07119741100323625,0.20388349514563106,0.8284789644012945,0.0744336569579288,0.0970873786407767,
0.3,0.1,independent_latents,logger1_heavy,2,oracle_u_aware,0.31715210355987056,0.31715210355987056,0.6343042071197411,0.07766990291262135,0.28802588996763756,0.8284789644012945,0.0744336569579288,0.0970873786407767,
0.3,0.1,independent_latents,logger1_heavy,2,source_shuffle,0.34951456310679613,0.34951456310679613,0.6375404530744336,0.11974110032362459,0.24271844660194175,0.8284789644012945,0.0744336569579288,0.0970873786407767,
0.3,0.1,independent_latents,logger1_heavy,2,no_behavior,0.3883495145631068,0.3883495145631068,0.6116504854368932,0.0970873786407767,0.2912621359223301,0.8284789644012945,0.0744336569579288,0.0970873786407767,
0.3,0.1,independent_latents,logger1_heavy,2,source_dependent_reward,0.33980582524271846,0.33980582524271846,0.6731391585760518,0.06796116504854369,0.2588996763754045,0.8284789644012945,0.0744336569579288,0.0970873786407767,
0.3,0.1,independent_latents,logger1_heavy,3,pooled_mlp,0.2686084142394822,0.2686084142394822,0.7831715210355987,0.032362459546925564,0.18446601941747573,0.8284789644012945,0.0744336569579288,0.0970873786407767,
0.3,0.1,independent_latents,logger1_heavy,3,source_balanced_pooled_mlp,0.37216828478964403,0.37216828478964403,0.6343042071197411,0.06796116504854369,0.2977346278317152,0.8284789644012945,0.0744336569579288,0.0970873786407767,
0.3,0.1,independent_latents,logger1_heavy,3,source_conditioned_decoder,0.5631067961165048,0.5631067961165048,0.40129449838187703,0.07119741100323625,0.5275080906148867,0.8284789644012945,0.0744336569579288,0.0970873786407767,
0.3,0.1,independent_latents,logger1_heavy,3,per_source_models,0.39805825242718446,0.39805825242718446,0.6213592233009708,0.045307443365695796,0.3333333333333333,0.8284789644012945,0.0744336569579288,0.0970873786407767,
0.3,0.1,independent_latents,logger1_heavy,3,mechanism_separated,0.5760517799352751,0.5760517799352751,0.36893203883495146,0.11003236245954692,0.5210355987055016,0.8284789644012945,0.0744336569579288,0.0970873786407767,
0.3,0.1,independent_latents,logger1_heavy,3,oracle_u_aware,0.29449838187702265,0.29449838187702265,0.6504854368932039,0.06796116504854369,0.2815533980582524,0.8284789644012945,0.0744336569579288,0.0970873786407767,
0.3,0.1,independent_latents,logger1_heavy,3,source_shuffle,0.3786407766990291,0.3786407766990291,0.6343042071197411,0.07119741100323625,0.29449838187702265,0.8284789644012945,0.0744336569579288,0.0970873786407767,
0.3,0.1,independent_latents,logger1_heavy,3,no_behavior,0.23300970873786409,0.23300970873786409,0.7605177993527508,0.009708737864077669,0.2297734627831715,0.8284789644012945,0.0744336569579288,0.0970873786407767,
0.3,0.1,independent_latents,logger1_heavy,3,source_dependent_reward,0.5501618122977346,0.5501618122977346,0.36893203883495146,0.07119741100323625,0.5598705501618123,0.8284789644012945,0.0744336569579288,0.0970873786407767,
0.3,0.1,independent_latents,logger1_heavy,4,pooled_mlp,0.42718446601941745,0.42718446601941745,0.5307443365695793,0.06796116504854369,0.40129449838187703,0.8284789644012945,0.0744336569579288,0.0970873786407767,
0.3,0.1,independent_latents,logger1_heavy,4,source_balanced_pooled_mlp,0.3656957928802589,0.3656957928802589,0.6116504854368932,0.061488673139158574,0.3268608414239482,0.8284789644012945,0.0744336569579288,0.0970873786407767,
0.3,0.1,independent_latents,logger1_heavy,4,source_conditioned_decoder,0.36893203883495146,0.36893203883495146,0.5922330097087378,0.022653721682847898,0.3851132686084142,0.8284789644012945,0.0744336569579288,0.0970873786407767,
0.3,0.1,independent_latents,logger1_heavy,4,per_source_models,0.32362459546925565,0.32362459546925565,0.6828478964401294,0.06472491909385113,0.2524271844660194,0.8284789644012945,0.0744336569579288,0.0970873786407767,
0.3,0.1,independent_latents,logger1_heavy,4,mechanism_separated,0.42394822006472493,0.42394822006472493,0.5210355987055016,0.045307443365695796,0.4336569579288026,0.8284789644012945,0.0744336569579288,0.0970873786407767,
0.3,0.1,independent_latents,logger1_heavy,4,oracle_u_aware,0.2588996763754045,0.2588996763754045,0.6893203883495146,0.06796116504854369,0.24271844660194175,0.8284789644012945,0.0744336569579288,0.0970873786407767,
0.3,0.1,independent_latents,logger1_heavy,4,source_shuffle,0.4174757281553398,0.4174757281553398,0.5275080906148867,0.038834951456310676,0.4336569579288026,0.8284789644012945,0.0744336569579288,0.0970873786407767,
0.3,0.1,independent_latents,logger1_heavy,4,no_behavior,0.26537216828478966,0.26537216828478966,0.7702265372168284,0.042071197411003236,0.18770226537216828,0.8284789644012945,0.0744336569579288,0.0970873786407767,
0.3,0.1,independent_latents,logger1_heavy,4,source_dependent_reward,0.4174757281553398,0.4174757281553398,0.5307443365695793,0.05177993527508091,0.4174757281553398,0.8284789644012945,0.0744336569579288,0.0970873786407767,
0.3,0.1,independent_latents,logger12_balanced,0,pooled_mlp,0.34951456310679613,0.34951456310679613,0.6116504854368932,0.13268608414239483,0.255663430420712,0.8284789644012945,0.0744336569579288,0.0970873786407767,
0.3,0.1,independent_latents,logger12_balanced,0,source_balanced_pooled_mlp,0.34951456310679613,0.34951456310679613,0.6116504854368932,0.13268608414239483,0.255663430420712,0.8284789644012945,0.0744336569579288,0.0970873786407767,
0.3,0.1,independent_latents,logger12_balanced,0,source_conditioned_decoder,0.3365695792880259,0.3365695792880259,0.6440129449838188,0.061488673139158574,0.29449838187702265,0.8284789644012945,0.0744336569579288,0.0970873786407767,
0.3,0.1,independent_latents,logger12_balanced,0,per_source_models,0.255663430420712,0.255663430420712,0.7378640776699029,0.038834951456310676,0.22330097087378642,0.8284789644012945,0.0744336569579288,0.0970873786407767,
0.3,0.1,independent_latents,logger12_balanced,0,mechanism_separated,0.44336569579288027,0.44336569579288027,0.511326860841424,0.06472491909385113,0.42394822006472493,0.8284789644012945,0.0744336569579288,0.0970873786407767,
0.3,0.1,independent_latents,logger12_balanced,0,oracle_u_aware,0.2750809061488673,0.2750809061488673,0.6666666666666666,0.13268608414239483,0.20064724919093851,0.8284789644012945,0.0744336569579288,0.0970873786407767,
0.3,0.1,independent_latents,logger12_balanced,0,source_shuffle,0.28802588996763756,0.28802588996763756,0.6925566343042071,0.04854368932038835,0.2588996763754045,0.8284789644012945,0.0744336569579288,0.0970873786407767,
0.3,0.1,independent_latents,logger12_balanced,0,no_behavior,0.3268608414239482,0.3268608414239482,0.6634304207119741,0.061488673139158574,0.2750809061488673,0.8284789644012945,0.0744336569579288,0.0970873786407767,
0.3,0.1,independent_latents,logger12_balanced,0,source_dependent_reward,0.41423948220064727,0.41423948220064727,0.5598705501618123,0.061488673139158574,0.3786407766990291,0.8284789644012945,0.0744336569579288,0.0970873786407767,
0.3,0.1,independent_latents,logger12_balanced,1,pooled_mlp,0.3559870550161812,0.3559870550161812,0.5825242718446602,0.061488673139158574,0.3559870550161812,0.8284789644012945,0.0744336569579288,0.0970873786407767,
0.3,0.1,independent_latents,logger12_balanced,1,source_balanced_pooled_mlp,0.3559870550161812,0.3559870550161812,0.5825242718446602,0.061488673139158574,0.3559870550161812,0.8284789644012945,0.0744336569579288,0.0970873786407767,
0.3,0.1,independent_latents,logger12_balanced,1,source_conditioned_decoder,0.39805825242718446,0.39805825242718446,0.5533980582524272,0.05501618122977346,0.39158576051779936,0.8284789644012945,0.0744336569579288,0.0970873786407767,
0.3,0.1,independent_latents,logger12_balanced,1,per_source_models,0.3851132686084142,0.3851132686084142,0.5501618122977346,0.06796116504854369,0.3818770226537217,0.8284789644012945,0.0744336569579288,0.0970873786407767,
0.3,0.1,independent_latents,logger12_balanced,1,mechanism_separated,0.42071197411003236,0.42071197411003236,0.5372168284789643,0.07766990291262135,0.3851132686084142,0.8284789644012945,0.0744336569579288,0.0970873786407767,
0.3,0.1,independent_latents,logger12_balanced,1,oracle_u_aware,0.32362459546925565,0.32362459546925565,0.627831715210356,0.08414239482200647,0.28802588996763756,0.8284789644012945,0.0744336569579288,0.0970873786407767,
0.3,0.1,independent_latents,logger12_balanced,1,source_shuffle,0.41423948220064727,0.41423948220064727,0.5275080906148867,0.07766990291262135,0.3948220064724919,0.8284789644012945,0.0744336569579288,0.0970873786407767,
0.3,0.1,independent_latents,logger12_balanced,1,no_behavior,0.4077669902912621,0.4077669902912621,0.540453074433657,0.06472491909385113,0.3948220064724919,0.8284789644012945,0.0744336569579288,0.0970873786407767,
0.3,0.1,independent_latents,logger12_balanced,1,source_dependent_reward,0.23948220064724918,0.23948220064724918,0.7961165048543689,0.032362459546925564,0.1715210355987055,0.8284789644012945,0.0744336569579288,0.0970873786407767,
0.3,0.1,independent_latents,logger12_balanced,2,pooled_mlp,0.32362459546925565,0.32362459546925565,0.6957928802588996,0.0970873786407767,0.20711974110032363,0.8284789644012945,0.0744336569579288,0.0970873786407767,
0.3,0.1,independent_latents,logger12_balanced,2,source_balanced_pooled_mlp,0.32362459546925565,0.32362459546925565,0.6957928802588996,0.0970873786407767,0.20711974110032363,0.8284789644012945,0.0744336569579288,0.0970873786407767,
0.3,0.1,independent_latents,logger12_balanced,2,source_conditioned_decoder,0.3074433656957929,0.3074433656957929,0.6763754045307443,0.06472491909385113,0.2588996763754045,0.8284789644012945,0.0744336569579288,0.0970873786407767,
0.3,0.1,independent_latents,logger12_balanced,2,per_source_models,0.37216828478964403,0.37216828478964403,0.6375404530744336,0.0744336569579288,0.28802588996763756,0.8284789644012945,0.0744336569579288,0.0970873786407767,
0.3,0.1,independent_latents,logger12_balanced,2,mechanism_separated,0.39158576051779936,0.39158576051779936,0.6084142394822006,0.14563106796116504,0.2459546925566343,0.8284789644012945,0.0744336569579288,0.0970873786407767,
0.3,0.1,independent_latents,logger12_balanced,2,oracle_u_aware,0.24919093851132687,0.24919093851132687,0.7055016181229773,0.06796116504854369,0.22653721682847897,0.8284789644012945,0.0744336569579288,0.0970873786407767,
0.3,0.1,independent_latents,logger12_balanced,2,source_shuffle,0.2977346278317152,0.2977346278317152,0.6893203883495146,0.08737864077669903,0.22653721682847897,0.8284789644012945,0.0744336569579288,0.0970873786407767,
0.3,0.1,independent_latents,logger12_balanced,2,no_behavior,0.2912621359223301,0.2912621359223301,0.7022653721682848,0.042071197411003236,0.255663430420712,0.8284789644012945,0.0744336569579288,0.0970873786407767,
0.3,0.1,independent_latents,logger12_balanced,2,source_dependent_reward,0.32362459546925565,0.32362459546925565,0.6893203883495146,0.07766990291262135,0.23300970873786409,0.8284789644012945,0.0744336569579288,0.0970873786407767,
0.3,0.1,independent_latents,logger12_balanced,3,pooled_mlp,0.37216828478964403,0.37216828478964403,0.6343042071197411,0.06796116504854369,0.2977346278317152,0.8284789644012945,0.0744336569579288,0.0970873786407767,
0.3,0.1,independent_latents,logger12_balanced,3,source_balanced_pooled_mlp,0.37216828478964403,0.37216828478964403,0.6343042071197411,0.06796116504854369,0.2977346278317152,0.8284789644012945,0.0744336569579288,0.0970873786407767,
0.3,0.1,independent_latents,logger12_balanced,3,source_conditioned_decoder,0.3786407766990291,0.3786407766990291,0.5889967637540453,0.061488673139158574,0.34951456310679613,0.8284789644012945,0.0744336569579288,0.0970873786407767,
0.3,0.1,independent_latents,logger12_balanced,3,per_source_models,0.4045307443365696,0.4045307443365696,0.5889967637540453,0.045307443365695796,0.3656957928802589,0.8284789644012945,0.0744336569579288,0.0970873786407767,
0.3,0.1,independent_latents,logger12_balanced,3,mechanism_separated,0.32038834951456313,0.32038834951456313,0.6407766990291263,0.05177993527508091,0.3074433656957929,0.8284789644012945,0.0744336569579288,0.0970873786407767,
0.3,0.1,independent_latents,logger12_balanced,3,oracle_u_aware,0.29449838187702265,0.29449838187702265,0.6666666666666666,0.0970873786407767,0.23624595469255663,0.8284789644012945,0.0744336569579288,0.0970873786407767,
0.3,0.1,independent_latents,logger12_balanced,3,source_shuffle,0.2977346278317152,0.2977346278317152,0.6763754045307443,0.05825242718446602,0.26537216828478966,0.8284789644012945,0.0744336569579288,0.0970873786407767,
0.3,0.1,independent_latents,logger12_balanced,3,no_behavior,0.2912621359223301,0.2912621359223301,0.6537216828478964,0.06796116504854369,0.2783171521035599,0.8284789644012945,0.0744336569579288,0.0970873786407767,
0.3,0.1,independent_latents,logger12_balanced,3,source_dependent_reward,0.2750809061488673,0.2750809061488673,0.7637540453074434,0.042071197411003236,0.1941747572815534,0.8284789644012945,0.0744336569579288,0.0970873786407767,
0.3,0.1,independent_latents,logger12_balanced,4,pooled_mlp,0.3656957928802589,0.3656957928802589,0.6116504854368932,0.061488673139158574,0.3268608414239482,0.8284789644012945,0.0744336569579288,0.0970873786407767,
0.3,0.1,independent_latents,logger12_balanced,4,source_balanced_pooled_mlp,0.3656957928802589,0.3656957928802589,0.6116504854368932,0.061488673139158574,0.3268608414239482,0.8284789644012945,0.0744336569579288,0.0970873786407767,
0.3,0.1,independent_latents,logger12_balanced,4,source_conditioned_decoder,0.343042071197411,0.343042071197411,0.6310679611650486,0.042071197411003236,0.3268608414239482,0.8284789644012945,0.0744336569579288,0.0970873786407767,
0.3,0.1,independent_latents,logger12_balanced,4,per_source_models,0.3042071197411003,0.30097087378640774,0.6343042071197411,0.07766990291262135,0.2912621359223301,0.8284789644012945,0.0744336569579288,0.0970873786407767,
0.3,0.1,independent_latents,logger12_balanced,4,mechanism_separated,0.37540453074433655,0.37540453074433655,0.6084142394822006,0.038834951456310676,0.35275080906148865,0.8284789644012945,0.0744336569579288,0.0970873786407767,
0.3,0.1,independent_latents,logger12_balanced,4,oracle_u_aware,0.23948220064724918,0.23948220064724918,0.7087378640776699,0.061488673139158574,0.2297734627831715,0.8284789644012945,0.0744336569579288,0.0970873786407767,
0.3,0.1,independent_latents,logger12_balanced,4,source_shuffle,0.37540453074433655,0.37540453074433655,0.5954692556634305,0.045307443365695796,0.3592233009708738,0.8284789644012945,0.0744336569579288,0.0970873786407767,
0.3,0.1,independent_latents,logger12_balanced,4,no_behavior,0.3333333333333333,0.3333333333333333,0.6407766990291263,0.022653721682847898,0.3365695792880259,0.8284789644012945,0.0744336569579288,0.0970873786407767,
0.3,0.1,independent_latents,logger12_balanced,4,source_dependent_reward,0.4077669902912621,0.4077669902912621,0.5501618122977346,0.06472491909385113,0.3851132686084142,0.8284789644012945,0.0744336569579288,0.0970873786407767,
0.3,0.1,independent_latents,logger2_heavy,0,pooled_mlp,0.3074433656957929,0.3074433656957929,0.6731391585760518,0.10032362459546926,0.22653721682847897,0.8284789644012945,0.0744336569579288,0.0970873786407767,
0.3,0.1,independent_latents,logger2_heavy,0,source_balanced_pooled_mlp,0.34951456310679613,0.34951456310679613,0.6116504854368932,0.13268608414239483,0.255663430420712,0.8284789644012945,0.0744336569579288,0.0970873786407767,
0.3,0.1,independent_latents,logger2_heavy,0,source_conditioned_decoder,0.23948220064724918,0.23948220064724918,0.8122977346278317,0.032362459546925564,0.1553398058252427,0.8284789644012945,0.0744336569579288,0.0970873786407767,
0.3,0.1,independent_latents,logger2_heavy,0,per_source_models,0.30097087378640774,0.30097087378640774,0.7411003236245954,0.05177993527508091,0.20711974110032363,0.8284789644012945,0.0744336569579288,0.0970873786407767,
0.3,0.1,independent_latents,logger2_heavy,0,mechanism_separated,0.2459546925566343,0.2459546925566343,0.7605177993527508,0.045307443365695796,0.1941747572815534,0.8284789644012945,0.0744336569579288,0.0970873786407767,
0.3,0.1,independent_latents,logger2_heavy,0,oracle_u_aware,0.2750809061488673,0.2750809061488673,0.6828478964401294,0.08737864077669903,0.2297734627831715,0.8284789644012945,0.0744336569579288,0.0970873786407767,
0.3,0.1,independent_latents,logger2_heavy,0,source_shuffle,0.22006472491909385,0.22006472491909385,0.7864077669902912,0.03559870550161812,0.1779935275080906,0.8284789644012945,0.0744336569579288,0.0970873786407767,
0.3,0.1,independent_latents,logger2_heavy,0,no_behavior,0.2459546925566343,0.2459546925566343,0.7766990291262136,0.045307443365695796,0.1779935275080906,0.8284789644012945,0.0744336569579288,0.0970873786407767,
0.3,0.1,independent_latents,logger2_heavy,0,source_dependent_reward,0.28802588996763756,0.28802588996763756,0.7928802588996764,0.05177993527508091,0.1553398058252427,0.8284789644012945,0.0744336569579288,0.0970873786407767,
0.3,0.1,independent_latents,logger2_heavy,1,pooled_mlp,0.3333333333333333,0.3333333333333333,0.6472491909385113,0.06472491909385113,0.28802588996763756,0.8284789644012945,0.0744336569579288,0.0970873786407767,
0.3,0.1,independent_latents,logger2_heavy,1,source_balanced_pooled_mlp,0.3559870550161812,0.3559870550161812,0.5825242718446602,0.061488673139158574,0.3559870550161812,0.8284789644012945,0.0744336569579288,0.0970873786407767,
0.3,0.1,independent_latents,logger2_heavy,1,source_conditioned_decoder,0.32362459546925565,0.32362459546925565,0.6407766990291263,0.03559870550161812,0.32362459546925565,0.8284789644012945,0.0744336569579288,0.0970873786407767,
0.3,0.1,independent_latents,logger2_heavy,1,per_source_models,0.3042071197411003,0.3042071197411003,0.6504854368932039,0.06796116504854369,0.2815533980582524,0.8284789644012945,0.0744336569579288,0.0970873786407767,
0.3,0.1,independent_latents,logger2_heavy,1,mechanism_separated,0.3786407766990291,0.3786407766990291,0.5889967637540453,0.06796116504854369,0.343042071197411,0.8284789644012945,0.0744336569579288,0.0970873786407767,
0.3,0.1,independent_latents,logger2_heavy,1,oracle_u_aware,0.32362459546925565,0.32362459546925565,0.6343042071197411,0.09061488673139159,0.2750809061488673,0.8284789644012945,0.0744336569579288,0.0970873786407767,
0.3,0.1,independent_latents,logger2_heavy,1,source_shuffle,0.3786407766990291,0.3786407766990291,0.5954692556634305,0.04854368932038835,0.3559870550161812,0.8284789644012945,0.0744336569579288,0.0970873786407767,
0.3,0.1,independent_latents,logger2_heavy,1,no_behavior,0.35275080906148865,0.35275080906148865,0.6019417475728155,0.061488673139158574,0.3365695792880259,0.8284789644012945,0.0744336569579288,0.0970873786407767,
0.3,0.1,independent_latents,logger2_heavy,1,source_dependent_reward,0.3106796116504854,0.3106796116504854,0.6666666666666666,0.03559870550161812,0.2977346278317152,0.8284789644012945,0.0744336569579288,0.0970873786407767,
0.3,0.1,independent_latents,logger2_heavy,2,pooled_mlp,0.43042071197411,0.43042071197411,0.56957928802589,0.0970873786407767,0.3333333333333333,0.8284789644012945,0.0744336569579288,0.0970873786407767,
0.3,0.1,independent_latents,logger2_heavy,2,source_balanced_pooled_mlp,0.32362459546925565,0.32362459546925565,0.6957928802588996,0.0970873786407767,0.20711974110032363,0.8284789644012945,0.0744336569579288,0.0970873786407767,
0.3,0.1,independent_latents,logger2_heavy,2,source_conditioned_decoder,0.3300970873786408,0.3300970873786408,0.6245954692556634,0.05177993527508091,0.32362459546925565,0.8284789644012945,0.0744336569579288,0.0970873786407767,
0.3,0.1,independent_latents,logger2_heavy,2,per_source_models,0.34951456310679613,0.34951456310679613,0.6343042071197411,0.06796116504854369,0.2977346278317152,0.8284789644012945,0.0744336569579288,0.0970873786407767,
0.3,0.1,independent_latents,logger2_heavy,2,mechanism_separated,0.2783171521035599,0.2783171521035599,0.7508090614886731,0.07119741100323625,0.1779935275080906,0.8284789644012945,0.0744336569579288,0.0970873786407767,
0.3,0.1,independent_latents,logger2_heavy,2,oracle_u_aware,0.2168284789644013,0.2168284789644013,0.7475728155339806,0.05177993527508091,0.20064724919093851,0.8284789644012945,0.0744336569579288,0.0970873786407767,
0.3,0.1,independent_latents,logger2_heavy,2,source_shuffle,0.5469255663430421,0.5469255663430421,0.35275080906148865,0.0970873786407767,0.5501618122977346,0.8284789644012945,0.0744336569579288,0.0970873786407767,
0.3,0.1,independent_latents,logger2_heavy,2,no_behavior,0.35275080906148865,0.35275080906148865,0.6634304207119741,0.061488673139158574,0.2750809061488673,0.8284789644012945,0.0744336569579288,0.0970873786407767,
0.3,0.1,independent_latents,logger2_heavy,2,source_dependent_reward,0.4368932038834951,0.4368932038834951,0.4919093851132686,0.07766990291262135,0.43042071197411,0.8284789644012945,0.0744336569579288,0.0970873786407767,
0.3,0.1,independent_latents,logger2_heavy,3,pooled_mlp,0.28802588996763756,0.28802588996763756,0.7346278317152104,0.06472491909385113,0.20064724919093851,0.8284789644012945,0.0744336569579288,0.0970873786407767,
0.3,0.1,independent_latents,logger2_heavy,3,source_balanced_pooled_mlp,0.37216828478964403,0.37216828478964403,0.6343042071197411,0.06796116504854369,0.2977346278317152,0.8284789644012945,0.0744336569579288,0.0970873786407767,
0.3,0.1,independent_latents,logger2_heavy,3,source_conditioned_decoder,0.27184466019417475,0.27184466019417475,0.7281553398058253,0.04854368932038835,0.22330097087378642,0.8284789644012945,0.0744336569579288,0.0970873786407767,
0.3,0.1,independent_latents,logger2_heavy,3,per_source_models,0.2297734627831715,0.2297734627831715,0.7993527508090615,0.016181229773462782,0.18446601941747573,0.8284789644012945,0.0744336569579288,0.0970873786407767,
0.3,0.1,independent_latents,logger2_heavy,3,mechanism_separated,0.26537216828478966,0.26537216828478966,0.7022653721682848,0.08090614886731391,0.2168284789644013,0.8284789644012945,0.0744336569579288,0.0970873786407767,
0.3,0.1,independent_latents,logger2_heavy,3,oracle_u_aware,0.24919093851132687,0.24919093851132687,0.7087378640776699,0.06796116504854369,0.22330097087378642,0.8284789644012945,0.0744336569579288,0.0970873786407767,
0.3,0.1,independent_latents,logger2_heavy,3,source_shuffle,0.23300970873786409,0.23300970873786409,0.7022653721682848,0.07766990291262135,0.22006472491909385,0.8284789644012945,0.0744336569579288,0.0970873786407767,
0.3,0.1,independent_latents,logger2_heavy,3,no_behavior,0.4077669902912621,0.4077669902912621,0.540453074433657,0.061488673139158574,0.39805825242718446,0.8284789644012945,0.0744336569579288,0.0970873786407767,
0.3,0.1,independent_latents,logger2_heavy,3,source_dependent_reward,0.3106796116504854,0.3106796116504854,0.7022653721682848,0.08414239482200647,0.21359223300970873,0.8284789644012945,0.0744336569579288,0.0970873786407767,
0.3,0.1,independent_latents,logger2_heavy,4,pooled_mlp,0.3592233009708738,0.3592233009708738,0.5889967637540453,0.09385113268608414,0.31715210355987056,0.8284789644012945,0.0744336569579288,0.0970873786407767,
0.3,0.1,independent_latents,logger2_heavy,4,source_balanced_pooled_mlp,0.3656957928802589,0.3656957928802589,0.6116504854368932,0.061488673139158574,0.3268608414239482,0.8284789644012945,0.0744336569579288,0.0970873786407767,
0.3,0.1,independent_latents,logger2_heavy,4,source_conditioned_decoder,0.3268608414239482,0.3268608414239482,0.6148867313915858,0.045307443365695796,0.33980582524271846,0.8284789644012945,0.0744336569579288,0.0970873786407767,
0.3,0.1,independent_latents,logger2_heavy,4,per_source_models,0.35275080906148865,0.35275080906148865,0.5760517799352751,0.06796116504854369,0.3559870550161812,0.8284789644012945,0.0744336569579288,0.0970873786407767,
0.3,0.1,independent_latents,logger2_heavy,4,mechanism_separated,0.34951456310679613,0.34951456310679613,0.6051779935275081,0.061488673139158574,0.3333333333333333,0.8284789644012945,0.0744336569579288,0.0970873786407767,
0.3,0.1,independent_latents,logger2_heavy,4,oracle_u_aware,0.2459546925566343,0.2459546925566343,0.7443365695792881,0.05501618122977346,0.20064724919093851,0.8284789644012945,0.0744336569579288,0.0970873786407767,
0.3,0.1,independent_latents,logger2_heavy,4,source_shuffle,0.2912621359223301,0.2912621359223301,0.6634304207119741,0.038834951456310676,0.2977346278317152,0.8284789644012945,0.0744336569579288,0.0970873786407767,
0.3,0.1,independent_latents,logger2_heavy,4,no_behavior,0.30097087378640774,0.30097087378640774,0.6601941747572816,0.02912621359223301,0.3106796116504854,0.8284789644012945,0.0744336569579288,0.0970873786407767,
0.3,0.1,independent_latents,logger2_heavy,4,source_dependent_reward,0.3656957928802589,0.3656957928802589,0.5922330097087378,0.05177993527508091,0.3559870550161812,0.8284789644012945,0.0744336569579288,0.0970873786407767,
