kappa,condition,mixture,lambda_reward,method,metric,n_seeds,mean,sd,ci95_low,ci95_high
0.0,confounded,logger1_heavy,0.0,pooled_mlp,mae,5,0.01254758583997588,0.0019538466649854868,0.010121564778052906,0.014973606901898855
0.0,confounded,logger1_heavy,0.0,pooled_mlp,top_set_disagreement,5,0.2543689320388349,0.018105632013850313,0.23188782060251142,0.2768500434751584
0.0,confounded,logger1_heavy,0.0,pooled_mlp,mean_regret,5,0.0009261622046423445,9.180887762067218e-05,0.0008121664265852604,0.0010401579826994287
0.0,confounded,logger1_heavy,0.0,source_balanced_pooled_mlp,mae,5,0.0111046770555315,0.0015109288276220518,0.009228611126424974,0.012980742984638026
0.0,confounded,logger1_heavy,0.0,source_balanced_pooled_mlp,top_set_disagreement,5,0.227831715210356,0.022952263076371708,0.19933271647112363,0.2563307139495884
0.0,confounded,logger1_heavy,0.0,source_balanced_pooled_mlp,mean_regret,5,0.0008184745298627545,0.00012029337792799589,0.0006691105732672424,0.0009678384864582666
0.0,confounded,logger1_heavy,0.0,source_conditioned_decoder,mae,5,0.01166608152147071,0.001071093313146063,0.010336143515820451,0.01299601952712097
0.0,confounded,logger1_heavy,0.0,source_conditioned_decoder,top_set_disagreement,5,0.2187702265372168,0.04620017391519203,0.1614051338759701,0.2761353191984635
0.0,confounded,logger1_heavy,0.0,source_conditioned_decoder,mean_regret,5,0.0007328141449996576,0.000176966418663315,0.0005130813140543642,0.000952546975944951
0.0,confounded,logger1_heavy,0.0,per_source_models,mae,5,0.00985406807936506,0.0007309609627700332,0.008946460167801146,0.010761675990928974
0.0,confounded,logger1_heavy,0.0,per_source_models,top_set_disagreement,5,0.22135922330097085,0.03512482472806508,0.17774599299291505,0.26497245360902666
0.0,confounded,logger1_heavy,0.0,per_source_models,mean_regret,5,0.0007628225572774025,0.00015351982783742287,0.0005722025140412341,0.0009534426005135709
0.0,confounded,logger1_heavy,0.0,mechanism_separated,mae,5,0.011181948051269274,0.0007650720091606207,0.010231985681461109,0.01213191042107744
0.0,confounded,logger1_heavy,0.0,mechanism_separated,top_set_disagreement,5,0.21100323624595468,0.02787683555645053,0.1763895731516634,0.24561689934024597
0.0,confounded,logger1_heavy,0.0,mechanism_separated,mean_regret,5,0.0007395601920658398,0.00011251934418175467,0.0005998489732938566,0.000879271410837823
0.0,confounded,logger1_heavy,0.0,oracle_u_aware,mae,5,0.011671741045913077,0.0011634222501377151,0.01022716152320786,0.013116320568618294
0.0,confounded,logger1_heavy,0.0,oracle_u_aware,top_set_disagreement,5,0.2453074433656958,0.01947133845500495,0.2211305834092756,0.269484303322116
0.0,confounded,logger1_heavy,0.0,oracle_u_aware,mean_regret,5,0.0009027330124843239,9.601469739551108e-05,0.0007835150194298888,0.001021951005538759
0.0,confounded,logger1_heavy,0.0,source_shuffle,mae,5,0.010775176422812345,0.00045596195461082773,0.01020902487922146,0.01134132796640323
0.0,confounded,logger1_heavy,0.0,source_shuffle,top_set_disagreement,5,0.24919093851132684,0.0228837146015064,0.22077705394546648,0.2776048230771872
0.0,confounded,logger1_heavy,0.0,source_shuffle,mean_regret,5,0.0008796381348187583,8.319565016272136e-05,0.0007763370912045519,0.0009829391784329647
0.0,confounded,logger1_heavy,0.0,no_behavior,mae,5,0.011290746216607903,0.0012777297461104367,0.009704235191428535,0.01287725724178727
0.0,confounded,logger1_heavy,0.0,no_behavior,top_set_disagreement,5,0.20970873786407768,0.025523293402110493,0.17801738333108535,0.24140009239707
0.0,confounded,logger1_heavy,0.0,no_behavior,mean_regret,5,0.0007144520135146726,9.053576854868068e-05,0.0006020370091580669,0.0008268670178712784
0.0,confounded,logger1_heavy,0.0,source_dependent_reward,mae,5,0.011313041300404593,0.0016366253799132006,0.00928090248761981,0.013345180113189376
0.0,confounded,logger1_heavy,0.0,source_dependent_reward,top_set_disagreement,5,0.20970873786407768,0.034203307677968545,0.16723972210085766,0.25217775362729766
0.0,confounded,logger1_heavy,0.0,source_dependent_reward,mean_regret,5,0.0007027271568526999,0.000185618105880406,0.0004722518373662249,0.0009332024763391749
0.0,confounded,logger1_heavy,0.002,pooled_mlp,mae,5,0.011872257355768006,0.001422021990468801,0.010106583845548836,0.013637930865987176
0.0,confounded,logger1_heavy,0.002,pooled_mlp,top_set_disagreement,5,0.3326860841423948,0.055838139310482704,0.26335387683388195,0.40201829145090767
0.0,confounded,logger1_heavy,0.002,pooled_mlp,mean_regret,5,0.001225335712252209,0.0002627343073534759,0.0008991079817183948,0.001551563442786023
0.0,confounded,logger1_heavy,0.002,source_balanced_pooled_mlp,mae,5,0.0116304503910045,0.0009169813563396242,0.01049186765381353,0.01276903312819547
0.0,confounded,logger1_heavy,0.002,source_balanced_pooled_mlp,top_set_disagreement,5,0.28673139158576044,0.024066009634405444,0.2568494938422942,0.31661328932922667
0.0,confounded,logger1_heavy,0.002,source_balanced_pooled_mlp,mean_regret,5,0.0010905288086671592,0.00014332650610576414,0.0009125654460472995,0.0012684921712870188
0.0,confounded,logger1_heavy,0.002,source_conditioned_decoder,mae,5,0.011090266533363573,0.0004310283838289676,0.010555074106959189,0.011625458959767958
0.0,confounded,logger1_heavy,0.002,source_conditioned_decoder,top_set_disagreement,5,0.29190938511326864,0.029430271959584878,0.2553668759637063,0.328451894262831
0.0,confounded,logger1_heavy,0.002,source_conditioned_decoder,mean_regret,5,0.0010555450387921639,0.00015866062755631274,0.0008585418496230739,0.0012525482279612539
0.0,confounded,logger1_heavy,0.002,per_source_models,mae,5,0.009693229097886965,0.0009893053420198172,0.008464844271470295,0.010921613924303636
0.0,confounded,logger1_heavy,0.002,per_source_models,top_set_disagreement,5,0.2776699029126214,0.02815719965586564,0.24270812180969753,0.31263168401554525
0.0,confounded,logger1_heavy,0.002,per_source_models,mean_regret,5,0.0009946722622244312,0.00012840072427354284,0.0008352417055506846,0.0011541028188981777
0.0,confounded,logger1_heavy,0.002,mechanism_separated,mae,5,0.010861686680905227,0.000589448149299229,0.010129790135112535,0.011593583226697918
0.0,confounded,logger1_heavy,0.002,mechanism_separated,top_set_disagreement,5,0.3579288025889968,0.03874044595895253,0.3098261855674068,0.40603141961058675
0.0,confounded,logger1_heavy,0.002,mechanism_separated,mean_regret,5,0.0013706723082742198,0.00018650395373247177,0.0011390970634019486,0.001602247553146491
0.0,confounded,logger1_heavy,0.002,oracle_u_aware,mae,5,0.011423184863622888,0.0007014028331540653,0.010552278217457361,0.012294091509788415
0.0,confounded,logger1_heavy,0.002,oracle_u_aware,top_set_disagreement,5,0.2627831715210356,0.03481033478194138,0.2195604320568786,0.3060059109851926
0.0,confounded,logger1_heavy,0.002,oracle_u_aware,mean_regret,5,0.0009697597629731377,0.00016041589863273953,0.0007705771169013603,0.0011689424090449152
0.0,confounded,logger1_heavy,0.002,source_shuffle,mae,5,0.011043238092383766,0.0006352052229937306,0.010254526635521455,0.011831949549246077
0.0,confounded,logger1_heavy,0.002,source_shuffle,top_set_disagreement,5,0.3119741100323624,0.03954316477438427,0.2628747859569701,0.3610734341077547
0.0,confounded,logger1_heavy,0.002,source_shuffle,mean_regret,5,0.001118695068445801,0.00020053363307329086,0.0008696996758296915,0.0013676904610619104
0.0,confounded,logger1_heavy,0.002,no_behavior,mae,5,0.011026287808086746,0.0007951523634496068,0.010038975745304733,0.012013599870868759
0.0,confounded,logger1_heavy,0.002,no_behavior,top_set_disagreement,5,0.3074433656957929,0.029836713454022282,0.2703961927752115,0.3444905386163743
0.0,confounded,logger1_heavy,0.002,no_behavior,mean_regret,5,0.0011533755210368611,0.0002561198146521598,0.0008353607679566527,0.0014713902741170695
0.0,confounded,logger1_heavy,0.002,source_dependent_reward,mae,5,0.01073760893935528,0.0014429387834562193,0.008945963800325753,0.012529254078384807
0.0,confounded,logger1_heavy,0.002,source_dependent_reward,top_set_disagreement,5,0.26278317152103564,0.03397287630294033,0.22060027410024474,0.30496606894182654
0.0,confounded,logger1_heavy,0.002,source_dependent_reward,mean_regret,5,0.0009419113730230369,0.00017677321502695164,0.0007224184360773379,0.0011614043099687358
0.0,confounded,logger1_heavy,0.005,pooled_mlp,mae,5,0.01283124144982411,0.0013992378546019298,0.011093858180841017,0.014568624718807203
0.0,confounded,logger1_heavy,0.005,pooled_mlp,top_set_disagreement,5,0.5009708737864077,0.05555607921748154,0.4319888903407044,0.569952857232111
0.0,confounded,logger1_heavy,0.005,pooled_mlp,mean_regret,5,0.002278044757478427,0.00034160166353665067,0.0018538902701384517,0.0027021992448184027
0.0,confounded,logger1_heavy,0.005,source_balanced_pooled_mlp,mae,5,0.012387334351201665,0.0018162027003947225,0.010132220844681076,0.014642447857722254
0.0,confounded,logger1_heavy,0.005,source_balanced_pooled_mlp,top_set_disagreement,5,0.45113268608414236,0.02225728008291184,0.42349662270725297,0.47876874946103176
0.0,confounded,logger1_heavy,0.005,source_balanced_pooled_mlp,mean_regret,5,0.001947251944524691,0.00015912452029614657,0.0017496727564415213,0.0021448311326078607
0.0,confounded,logger1_heavy,0.005,source_conditioned_decoder,mae,5,0.011476462298776403,0.0007147393380543841,0.010588996194614283,0.012363928402938523
0.0,confounded,logger1_heavy,0.005,source_conditioned_decoder,top_set_disagreement,5,0.453074433656958,0.04507569021742433,0.3971055719197965,0.5090432953941195
0.0,confounded,logger1_heavy,0.005,source_conditioned_decoder,mean_regret,5,0.0018623610019712212,0.0002375465814928557,0.0015674079638351652,0.0021573140401072773
0.0,confounded,logger1_heavy,0.005,per_source_models,mae,5,0.010409992752310452,0.0009669337322083494,0.009209385948378543,0.01161059955624236
0.0,confounded,logger1_heavy,0.005,per_source_models,top_set_disagreement,5,0.39546925566343044,0.05555607921748152,0.32648727221772716,0.4644512391091337
0.0,confounded,logger1_heavy,0.005,per_source_models,mean_regret,5,0.0015473109253628966,0.0002636803202079323,0.0012199085647258661,0.0018747132859999272
0.0,confounded,logger1_heavy,0.005,mechanism_separated,mae,5,0.011930980434262639,0.0017065248190444749,0.009812050004413916,0.014049910864111361
0.0,confounded,logger1_heavy,0.005,mechanism_separated,top_set_disagreement,5,0.49579288025889967,0.03685628084791697,0.45002976322235416,0.5415559972954451
0.0,confounded,logger1_heavy,0.005,mechanism_separated,mean_regret,5,0.0022158007781855394,0.0002981752349601223,0.0018455673237796064,0.002586034232591472
0.0,confounded,logger1_heavy,0.005,oracle_u_aware,mae,5,0.011244763330540137,0.0013378337908124959,0.009583623276907791,0.012905903384172482
0.0,confounded,logger1_heavy,0.005,oracle_u_aware,top_set_disagreement,5,0.2679611650485437,0.04584745224511686,0.21103403418641567,0.3248882959106718
0.0,confounded,logger1_heavy,0.005,oracle_u_aware,mean_regret,5,0.0009674377570035,0.00021598427543198097,0.0006992578580214829,0.001235617655985517
0.0,confounded,logger1_heavy,0.005,source_shuffle,mae,5,0.012294986482972475,0.0009998905755368075,0.011053458353185178,0.013536514612759773
0.0,confounded,logger1_heavy,0.005,source_shuffle,top_set_disagreement,5,0.4893203883495145,0.05522518836945384,0.4207492601571423,0.5578915165418867
0.0,confounded,logger1_heavy,0.005,source_shuffle,mean_regret,5,0.0021917262107812264,0.0004229127294397869,0.0016666107002537528,0.0027168417213087
0.0,confounded,logger1_heavy,0.005,no_behavior,mae,5,0.011492173103960295,0.0015248465222373834,0.009598826074511917,0.013385520133408673
0.0,confounded,logger1_heavy,0.005,no_behavior,top_set_disagreement,5,0.4932038834951456,0.03578942731637347,0.44876544008007424,0.537642326910217
0.0,confounded,logger1_heavy,0.005,no_behavior,mean_regret,5,0.0022113737179724653,0.00018213608532974913,0.0019852218980447468,0.002437525537900184
0.0,confounded,logger1_heavy,0.005,source_dependent_reward,mae,5,0.011181437889088,0.0002214209401955227,0.010906507479198791,0.011456368298977209
0.0,confounded,logger1_heavy,0.005,source_dependent_reward,top_set_disagreement,5,0.4368932038834951,0.04843569432717077,0.37675234600944474,0.4970340617575455
0.0,confounded,logger1_heavy,0.005,source_dependent_reward,mean_regret,5,0.001811032614422382,0.00027439125189209656,0.0014703308755259045,0.0021517343533188596
0.0,confounded,logger1_heavy,0.01,pooled_mlp,mae,5,0.013656702849770025,0.0017670973699898485,0.01146256166413307,0.01585084403540698
0.0,confounded,logger1_heavy,0.01,pooled_mlp,top_set_disagreement,5,0.7669902912621358,0.020080378067946363,0.7420572087448463,0.7919233737794253
0.0,confounded,logger1_heavy,0.01,pooled_mlp,mean_regret,5,0.004671292405131576,0.0002200945555192092,0.004398008919342714,0.004944575890920439
0.0,confounded,logger1_heavy,0.01,source_balanced_pooled_mlp,mae,5,0.0128197869759165,0.001085752018425687,0.011471647783660253,0.014167926168172747
0.0,confounded,logger1_heavy,0.01,source_balanced_pooled_mlp,top_set_disagreement,5,0.6970873786407767,0.04387471153419373,0.6426097288971928,0.7515650283843607
0.0,confounded,logger1_heavy,0.01,source_balanced_pooled_mlp,mean_regret,5,0.00397690252843652,0.00045547790032667967,0.0034113520176234386,0.004542453039249602
0.0,confounded,logger1_heavy,0.01,source_conditioned_decoder,mae,5,0.012447282745721796,0.001159135390044738,0.011008026062859364,0.013886539428584227
0.0,confounded,logger1_heavy,0.01,source_conditioned_decoder,top_set_disagreement,5,0.6776699029126213,0.04321327607197539,0.6240135337696092,0.7313262720556334
0.0,confounded,logger1_heavy,0.01,source_conditioned_decoder,mean_regret,5,0.0037221745323841155,0.00043537028223624254,0.00318159092704356,0.00426275813772467
0.0,confounded,logger1_heavy,0.01,per_source_models,mae,5,0.01093272820625034,0.001145101441008282,0.009510896972659102,0.01235455943984158
0.0,confounded,logger1_heavy,0.01,per_source_models,top_set_disagreement,5,0.6401294498381878,0.043981999400891855,0.5855185846130807,0.6947403150632948
0.0,confounded,logger1_heavy,0.01,per_source_models,mean_regret,5,0.003284981116079763,0.0003752308473056653,0.002819070481964824,0.0037508917501947025
0.0,confounded,logger1_heavy,0.01,mechanism_separated,mae,5,0.012695921033415172,0.0009490416573110444,0.011517530174736413,0.013874311892093932
0.0,confounded,logger1_heavy,0.01,mechanism_separated,top_set_disagreement,5,0.7398058252427184,0.0702198257870059,0.6526163956028528,0.8269952548825841
0.0,confounded,logger1_heavy,0.01,mechanism_separated,mean_regret,5,0.0044572350139610705,0.0007341456363550453,0.0035456728078606167,0.005368797220061524
0.0,confounded,logger1_heavy,0.01,oracle_u_aware,mae,5,0.011406543910782631,0.0013873160597640325,0.009683963505243727,0.013129124316321536
0.0,confounded,logger1_heavy,0.01,oracle_u_aware,top_set_disagreement,5,0.22265372168284792,0.03852356282188474,0.17482040064437254,0.2704870427213233
0.0,confounded,logger1_heavy,0.01,oracle_u_aware,mean_regret,5,0.0008092464434571102,0.00019513957525958038,0.0005669486582325149,0.0010515442286817057
0.0,confounded,logger1_heavy,0.01,source_shuffle,mae,5,0.013377392627325457,0.0021871273978129923,0.010661715277975978,0.016093069976674937
0.0,confounded,logger1_heavy,0.01,source_shuffle,top_set_disagreement,5,0.7585760517799353,0.0654330198374116,0.6773302267540684,0.8398218768058021
0.0,confounded,logger1_heavy,0.01,source_shuffle,mean_regret,5,0.004666211451575716,0.0007107568183721838,0.003783690298725122,0.00554873260442631
0.0,confounded,logger1_heavy,0.01,no_behavior,mae,5,0.01320895024114874,0.0020990295362769444,0.010602660834787312,0.01581523964751017
0.0,confounded,logger1_heavy,0.01,no_behavior,top_set_disagreement,5,0.7831715210355987,0.026390787104045466,0.7504030308042452,0.8159400112669523
0.0,confounded,logger1_heavy,0.01,no_behavior,mean_regret,5,0.004945780447824513,0.00032523133460660126,0.004541952408555734,0.005349608487093292
0.0,confounded,logger1_heavy,0.01,source_dependent_reward,mae,5,0.012680926671117792,0.000639666743782446,0.011886675504514896,0.013475177837720688
0.0,confounded,logger1_heavy,0.01,source_dependent_reward,top_set_disagreement,5,0.7042071197411003,0.0538424190112244,0.6373529264786609,0.7710613130035396
0.0,confounded,logger1_heavy,0.01,source_dependent_reward,mean_regret,5,0.00390790897835062,0.0005315066110429009,0.0032479563546113574,0.004567861602089883
0.0,confounded,logger1_heavy,0.02,pooled_mlp,mae,5,0.01663329790179137,0.0008150912498396834,0.015621228441614522,0.017645367361968214
0.0,confounded,logger1_heavy,0.02,pooled_mlp,top_set_disagreement,5,0.8964401294498382,0.003963575635571484,0.8915187002789915,0.9013615586206849
0.0,confounded,logger1_heavy,0.02,pooled_mlp,mean_regret,5,0.0064098384717869135,7.687960142218201e-05,0.0063143798385047354,0.006505297105069092
0.0,confounded,logger1_heavy,0.02,source_balanced_pooled_mlp,mae,5,0.015034511140379483,0.0007605651155495825,0.01409014481811188,0.015978877462647086
0.0,confounded,logger1_heavy,0.02,source_balanced_pooled_mlp,top_set_disagreement,5,0.8880258899676375,0.011116869927066463,0.874222472806485,0.9018293071287901
0.0,confounded,logger1_heavy,0.02,source_balanced_pooled_mlp,mean_regret,5,0.0062571109121970225,0.00012793983411398687,0.006098252626241523,0.006415969198152522
0.0,confounded,logger1_heavy,0.02,source_conditioned_decoder,mae,5,0.014304671506250288,0.0007743569717041524,0.01334318033272715,0.015266162679773427
0.0,confounded,logger1_heavy,0.02,source_conditioned_decoder,top_set_disagreement,5,0.8809061488673139,0.014545116539963909,0.8628460013099626,0.8989662964246652
0.0,confounded,logger1_heavy,0.02,source_conditioned_decoder,mean_regret,5,0.006214045697980866,0.000178666835588993,0.005992201520557022,0.006435889875404711
0.0,confounded,logger1_heavy,0.02,per_source_models,mae,5,0.013413432992890873,0.0006727483802960245,0.012578105549227404,0.014248760436554342
0.0,confounded,logger1_heavy,0.02,per_source_models,top_set_disagreement,5,0.8919093851132687,0.010878793730725955,0.8784015785939414,0.9054171916325959
0.0,confounded,logger1_heavy,0.02,per_source_models,mean_regret,5,0.006344761372087703,0.00015156625971768467,0.006156567004053852,0.0065329557401215535
0.0,confounded,logger1_heavy,0.02,mechanism_separated,mae,5,0.016379592901861965,0.001801759387191819,0.014142413137360203,0.01861677266636373
0.0,confounded,logger1_heavy,0.02,mechanism_separated,top_set_disagreement,5,0.8990291262135923,0.008058187442063868,0.8890235649760039,0.9090346874511808
0.0,confounded,logger1_heavy,0.02,mechanism_separated,mean_regret,5,0.0064626798824312034,9.987553166200861e-05,0.006338668030465027,0.00658669173439738
0.0,confounded,logger1_heavy,0.02,oracle_u_aware,mae,5,0.011119759979484318,0.001766078865286685,0.008926883434469282,0.013312636524499355
0.0,confounded,logger1_heavy,0.02,oracle_u_aware,top_set_disagreement,5,0.2737864077669903,0.041355627315805533,0.2224366142058223,0.3251362013281583
0.0,confounded,logger1_heavy,0.02,oracle_u_aware,mean_regret,5,0.0009900101388628823,0.0002394258011323353,0.0006927237413557669,0.0012872965363699977
0.0,confounded,logger1_heavy,0.02,source_shuffle,mae,5,0.017316038152290127,0.001613868257155623,0.015312156039536132,0.019319920265044123
0.0,confounded,logger1_heavy,0.02,source_shuffle,top_set_disagreement,5,0.9016181229773462,0.006710822444442605,0.8932855363497441,0.9099507096049484
0.0,confounded,logger1_heavy,0.02,source_shuffle,mean_regret,5,0.006499969552054773,6.254579085716054e-05,0.006422308695308254,0.0065776304088012915
0.0,confounded,logger1_heavy,0.02,no_behavior,mae,5,0.016288356364643486,0.0014223395266532337,0.01452228858117598,0.01805442414811099
0.0,confounded,logger1_heavy,0.02,no_behavior,top_set_disagreement,5,0.8951456310679612,0.006308604753921655,0.8873124636661195,0.9029787984698029
0.0,confounded,logger1_heavy,0.02,no_behavior,mean_regret,5,0.00648777289393955,5.282202192536316e-05,0.006422185691002497,0.006553360096876603
0.0,confounded,logger1_heavy,0.02,source_dependent_reward,mae,5,0.015969731910685982,0.0006775084323997558,0.015128494081695735,0.01681096973967623
0.0,confounded,logger1_heavy,0.02,source_dependent_reward,top_set_disagreement,5,0.8944983818770227,0.0036898881071169417,0.8899167806570153,0.8990799830970301
0.0,confounded,logger1_heavy,0.02,source_dependent_reward,mean_regret,5,0.006415023774497754,8.117943084271517e-05,0.006314226197825682,0.006515821351169826
0.0,confounded,logger1_heavy,0.05,pooled_mlp,mae,5,0.03067720509309177,0.0009602436191548954,0.029484905161682246,0.03186950502450129
0.0,confounded,logger1_heavy,0.05,pooled_mlp,top_set_disagreement,5,0.9087378640776699,0.001447293189320235,0.9069408122296454,0.9105349159256944
0.0,confounded,logger1_heavy,0.05,pooled_mlp,mean_regret,5,0.006585375464813326,5.911996914448752e-06,0.006578034751087163,0.006592716178539489
0.0,confounded,logger1_heavy,0.05,source_balanced_pooled_mlp,mae,5,0.025798789113718447,0.0012524728895956397,0.0242436386179813,0.027353939609455594
0.0,confounded,logger1_heavy,0.05,source_balanced_pooled_mlp,top_set_disagreement,5,0.9074433656957929,0.0017725649110199339,0.9052424356613001,0.9096442957302856
0.0,confounded,logger1_heavy,0.05,source_balanced_pooled_mlp,mean_regret,5,0.006572855003003403,1.7809884955882942e-05,0.006550741110041532,0.006594968895965274
0.0,confounded,logger1_heavy,0.05,source_conditioned_decoder,mae,5,0.026483712535229575,0.0011080479129488442,0.025107889333436176,0.027859535737022975
0.0,confounded,logger1_heavy,0.05,source_conditioned_decoder,top_set_disagreement,5,0.9080906148867314,0.001772564911019934,0.9058896848522386,0.9102915449212241
0.0,confounded,logger1_heavy,0.05,source_conditioned_decoder,mean_regret,5,0.0065720689676085995,2.229562365783913e-05,0.006544385294395161,0.006599752640822038
0.0,confounded,logger1_heavy,0.05,per_source_models,mae,5,0.022448304960671298,0.0006145721217556031,0.021685212882787665,0.023211397038554932
0.0,confounded,logger1_heavy,0.05,per_source_models,top_set_disagreement,5,0.9087378640776699,0.001447293189320235,0.9069408122296454,0.9105349159256944
0.0,confounded,logger1_heavy,0.05,per_source_models,mean_regret,5,0.0065826108482299524,1.0219573508741597e-05,0.006569921571727151,0.006595300124732754
0.0,confounded,logger1_heavy,0.05,mechanism_separated,mae,5,0.030263997422867568,0.0009483585728989074,0.029086454725511093,0.03144154012022404
0.0,confounded,logger1_heavy,0.05,mechanism_separated,top_set_disagreement,5,0.9074433656957928,0.004341879567960755,0.9020522101517193,0.9128345212398662
0.0,confounded,logger1_heavy,0.05,mechanism_separated,mean_regret,5,0.006581844833205386,1.9905520015382548e-05,0.006557128865636761,0.0066065608007740105
0.0,confounded,logger1_heavy,0.05,oracle_u_aware,mae,5,0.011647550520991003,0.0009313633654529026,0.010491110160862236,0.01280399088111977
0.0,confounded,logger1_heavy,0.05,oracle_u_aware,top_set_disagreement,5,0.24207119741100325,0.029162149711505003,0.20586160600399914,0.2782807888180074
0.0,confounded,logger1_heavy,0.05,oracle_u_aware,mean_regret,5,0.0008691126916867319,9.525889164094448e-05,0.0007508331554273774,0.0009873922279460864
0.0,confounded,logger1_heavy,0.05,source_shuffle,mae,5,0.03064172222780722,0.0013564081130177652,0.028957519107001554,0.03232592534861289
0.0,confounded,logger1_heavy,0.05,source_shuffle,top_set_disagreement,5,0.9080906148867314,0.001772564911019934,0.9058896848522386,0.9102915449212241
0.0,confounded,logger1_heavy,0.05,source_shuffle,mean_regret,5,0.006586063430203568,7.891655505845467e-06,0.0065762646456757326,0.006595862214731403
0.0,confounded,logger1_heavy,0.05,no_behavior,mae,5,0.030833600331157666,0.001299829969184131,0.02921964825463542,0.032447552407679915
0.0,confounded,logger1_heavy,0.05,no_behavior,top_set_disagreement,5,0.9074433656957929,0.001772564911019934,0.9052424356613001,0.9096442957302856
0.0,confounded,logger1_heavy,0.05,no_behavior,mean_regret,5,0.006585294995905658,8.547958895959143e-06,0.006574681303086419,0.006595908688724896
0.0,confounded,logger1_heavy,0.05,source_dependent_reward,mae,5,0.025929709686733592,0.0006496202144703759,0.025123099653920317,0.026736319719546868
0.0,confounded,logger1_heavy,0.05,source_dependent_reward,top_set_disagreement,5,0.9087378640776699,0.0014472931893202352,0.9069408122296454,0.9105349159256944
0.0,confounded,logger1_heavy,0.05,source_dependent_reward,mean_regret,5,0.00658367646759341,3.6784937314258037e-06,0.00657910901435948,0.00658824392082734
0.0,confounded,logger1_heavy,0.1,pooled_mlp,mae,5,0.05601649121352398,0.0008620174139462994,0.054946155224802146,0.05708682720224581
0.0,confounded,logger1_heavy,0.1,pooled_mlp,top_set_disagreement,5,0.9087378640776699,0.001447293189320235,0.9069408122296454,0.9105349159256944
0.0,confounded,logger1_heavy,0.1,pooled_mlp,mean_regret,5,0.00658367646759341,3.678493731425804e-06,0.00657910901435948,0.00658824392082734
0.0,confounded,logger1_heavy,0.1,source_balanced_pooled_mlp,mae,5,0.04511357181541863,0.0011911816485641168,0.04363452444707555,0.0465926191837617
0.0,confounded,logger1_heavy,0.1,source_balanced_pooled_mlp,top_set_disagreement,5,0.9080906148867314,0.001772564911019934,0.9058896848522386,0.9102915449212241
0.0,confounded,logger1_heavy,0.1,source_balanced_pooled_mlp,mean_regret,5,0.006579170421561004,6.556019071737992e-06,0.006571030048708089,0.006587310794413918
0.0,confounded,logger1_heavy,0.1,source_conditioned_decoder,mae,5,0.046927209913228685,0.0008557613635749534,0.0458646418370239,0.04798977798943347
0.0,confounded,logger1_heavy,0.1,source_conditioned_decoder,top_set_disagreement,5,0.9087378640776699,0.0014472931893202352,0.9069408122296454,0.9105349159256944
0.0,confounded,logger1_heavy,0.1,source_conditioned_decoder,mean_regret,5,0.006584464500980783,4.599643405707946e-06,0.00657875328935934,0.006590175712602226
0.0,confounded,logger1_heavy,0.1,per_source_models,mae,5,0.03990108183711074,0.0005160501142394046,0.03926032098899073,0.04054184268523075
0.0,confounded,logger1_heavy,0.1,per_source_models,top_set_disagreement,5,0.9093851132686084,0.0,0.9093851132686084,0.9093851132686084
0.0,confounded,logger1_heavy,0.1,per_source_models,mean_regret,5,0.00658702053722098,3.7990732773137746e-06,0.006582303364706002,0.006591737709735959
0.0,confounded,logger1_heavy,0.1,mechanism_separated,mae,5,0.056087570851403076,0.0012994169432805909,0.054474131614275584,0.05770101008853057
0.0,confounded,logger1_heavy,0.1,mechanism_separated,top_set_disagreement,5,0.9093851132686084,0.0,0.9093851132686084,0.9093851132686084
0.0,confounded,logger1_heavy,0.1,mechanism_separated,mean_regret,5,0.0065853215400010654,9.69739903612216e-19,0.006585321540001065,0.006585321540001066
0.0,confounded,logger1_heavy,0.1,oracle_u_aware,mae,5,0.011825295651702063,0.001051887826347776,0.010519204407577214,0.013131386895826913
0.0,confounded,logger1_heavy,0.1,oracle_u_aware,top_set_disagreement,5,0.24207119741100325,0.03350725982018069,0.2004664392138253,0.2836759556081812
0.0,confounded,logger1_heavy,0.1,oracle_u_aware,mean_regret,5,0.0008744728026560663,0.00012845855818274476,0.0007149704356993883,0.0010339751696127443
0.0,confounded,logger1_heavy,0.1,source_shuffle,mae,5,0.05648541410884679,0.0011479601644021527,0.05506003330133656,0.05791079491635702
0.0,confounded,logger1_heavy,0.1,source_shuffle,top_set_disagreement,5,0.9087378640776699,0.0014472931893202352,0.9069408122296454,0.9105349159256944
0.0,confounded,logger1_heavy,0.1,source_shuffle,mean_regret,5,0.006583661233542001,7.061259079871794e-06,0.006574893522360535,0.006592428944723467
0.0,confounded,logger1_heavy,0.1,no_behavior,mae,5,0.05655660825707569,0.0011550416054423212,0.05512243467917048,0.057990781834980895
0.0,confounded,logger1_heavy,0.1,no_behavior,top_set_disagreement,5,0.9080906148867314,0.001772564911019934,0.9058896848522386,0.9102915449212241
0.0,confounded,logger1_heavy,0.1,no_behavior,mean_regret,5,0.0065836890263175464,7.02847307136393e-06,0.006574962024342489,0.006592416028292604
0.0,confounded,logger1_heavy,0.1,source_dependent_reward,mae,5,0.046992056728562326,0.0012562067782810173,0.04543226999767125,0.0485518434594534
0.0,confounded,logger1_heavy,0.1,source_dependent_reward,top_set_disagreement,5,0.9067961165048544,0.001447293189320235,0.9049990646568299,0.9085931683528788
0.0,confounded,logger1_heavy,0.1,source_dependent_reward,mean_regret,5,0.006578741250370446,3.678493731425804e-06,0.006574173797136516,0.006583308703604376
0.0,confounded,logger12_balanced,0.0,pooled_mlp,mae,5,0.0111046770555315,0.0015109288276220518,0.009228611126424974,0.012980742984638026
0.0,confounded,logger12_balanced,0.0,pooled_mlp,top_set_disagreement,5,0.227831715210356,0.022952263076371708,0.19933271647112363,0.2563307139495884
0.0,confounded,logger12_balanced,0.0,pooled_mlp,mean_regret,5,0.0008184745298627545,0.00012029337792799589,0.0006691105732672424,0.0009678384864582666
0.0,confounded,logger12_balanced,0.0,source_balanced_pooled_mlp,mae,5,0.0111046770555315,0.0015109288276220518,0.009228611126424974,0.012980742984638026
0.0,confounded,logger12_balanced,0.0,source_balanced_pooled_mlp,top_set_disagreement,5,0.227831715210356,0.022952263076371708,0.19933271647112363,0.2563307139495884
0.0,confounded,logger12_balanced,0.0,source_balanced_pooled_mlp,mean_regret,5,0.0008184745298627545,0.00012029337792799589,0.0006691105732672424,0.0009678384864582666
0.0,confounded,logger12_balanced,0.0,source_conditioned_decoder,mae,5,0.010720882422253013,0.0008987785376701769,0.009604901469669727,0.011836863374836299
0.0,confounded,logger12_balanced,0.0,source_conditioned_decoder,top_set_disagreement,5,0.17993527508090615,0.03414201137838947,0.1375423687260966,0.2223281814357157
0.0,confounded,logger12_balanced,0.0,source_conditioned_decoder,mean_regret,5,0.000570995800219052,0.00011572669026978626,0.0004273021352797803,0.0007146894651583237
0.0,confounded,logger12_balanced,0.0,per_source_models,mae,5,0.009403001848703681,0.0007743893245451562,0.008441470503822629,0.010364533193584734
0.0,confounded,logger12_balanced,0.0,per_source_models,top_set_disagreement,5,0.19158576051779935,0.028709715360798548,0.15593794055561813,0.22723358047998057
0.0,confounded,logger12_balanced,0.0,per_source_models,mean_regret,5,0.0006516562721713322,9.502748456964302e-05,0.0005336640657413425,0.0007696484786013218
0.0,confounded,logger12_balanced,0.0,mechanism_separated,mae,5,0.01140361446004735,0.0010463636953911904,0.010104382330452657,0.012702846589642044
0.0,confounded,logger12_balanced,0.0,mechanism_separated,top_set_disagreement,5,0.2401294498381877,0.02500510520657845,0.20908151093188168,0.2711773887444937
0.0,confounded,logger12_balanced,0.0,mechanism_separated,mean_regret,5,0.0008339244846357422,0.00012110078405623726,0.0006835580009188637,0.0009842909683526208
0.0,confounded,logger12_balanced,0.0,oracle_u_aware,mae,5,0.011436758502899769,0.001645896725271408,0.009393107794368786,0.013480409211430752
0.0,confounded,logger12_balanced,0.0,oracle_u_aware,top_set_disagreement,5,0.25889967637540456,0.029126213592233,0.22273470555393565,0.2950646471968735
0.0,confounded,logger12_balanced,0.0,oracle_u_aware,mean_regret,5,0.0008785031112952879,0.00017736735241927096,0.0006582724553395594,0.0010987337672510164
0.0,confounded,logger12_balanced,0.0,source_shuffle,mae,5,0.011026168138096905,0.0006886556631615171,0.01017108919399011,0.0118812470822037
0.0,confounded,logger12_balanced,0.0,source_shuffle,top_set_disagreement,5,0.23883495145631067,0.05067593302540681,0.17591246984327777,0.30175743306934355
0.0,confounded,logger12_balanced,0.0,source_shuffle,mean_regret,5,0.0008597790136420441,0.0002462103488678223,0.0005540684874676796,0.0011654895398164086
0.0,confounded,logger12_balanced,0.0,no_behavior,mae,5,0.011211511659770136,0.0010128031123215072,0.009953950497931796,0.012469072821608477
0.0,confounded,logger12_balanced,0.0,no_behavior,top_set_disagreement,5,0.20776699029126214,0.024475948739403283,0.17737608591966422,0.23815789466286005
0.0,confounded,logger12_balanced,0.0,no_behavior,mean_regret,5,0.000719677260978249,0.00012535814247266886,0.0005640245685882377,0.0008753299533682604
0.0,confounded,logger12_balanced,0.0,source_dependent_reward,mae,5,0.010929896824648571,0.0012212361103818767,0.009413531913080994,0.012446261736216149
0.0,confounded,logger12_balanced,0.0,source_dependent_reward,top_set_disagreement,5,0.19158576051779935,0.025625673650264275,0.1597672841165473,0.2234042369190514
0.0,confounded,logger12_balanced,0.0,source_dependent_reward,mean_regret,5,0.0006193421829083633,9.367071529813634e-05,0.0005030346280366727,0.000735649737780054
0.0,confounded,logger12_balanced,0.002,pooled_mlp,mae,5,0.0116304503910045,0.0009169813563396242,0.01049186765381353,0.01276903312819547
0.0,confounded,logger12_balanced,0.002,pooled_mlp,top_set_disagreement,5,0.28673139158576044,0.024066009634405444,0.2568494938422942,0.31661328932922667
0.0,confounded,logger12_balanced,0.002,pooled_mlp,mean_regret,5,0.0010905288086671592,0.00014332650610576414,0.0009125654460472995,0.0012684921712870188
0.0,confounded,logger12_balanced,0.002,source_balanced_pooled_mlp,mae,5,0.0116304503910045,0.0009169813563396242,0.01049186765381353,0.01276903312819547
0.0,confounded,logger12_balanced,0.002,source_balanced_pooled_mlp,top_set_disagreement,5,0.28673139158576044,0.024066009634405444,0.2568494938422942,0.31661328932922667
0.0,confounded,logger12_balanced,0.002,source_balanced_pooled_mlp,mean_regret,5,0.0010905288086671592,0.00014332650610576414,0.0009125654460472995,0.0012684921712870188
0.0,confounded,logger12_balanced,0.002,source_conditioned_decoder,mae,5,0.010129583665945577,0.0006539692965510959,0.00931757353448744,0.010941593797403715
0.0,confounded,logger12_balanced,0.002,source_conditioned_decoder,top_set_disagreement,5,0.24336569579288025,0.029251796863370007,0.20704479274486384,0.27968659884089664
0.0,confounded,logger12_balanced,0.002,source_conditioned_decoder,mean_regret,5,0.0008361692971423484,0.0001318836743420464,0.0006724140867609995,0.0009999245075236972
0.0,confounded,logger12_balanced,0.002,per_source_models,mae,5,0.009970616083206808,0.0011715116302311258,0.008515992268471816,0.0114252398979418
0.0,confounded,logger12_balanced,0.002,per_source_models,top_set_disagreement,5,0.2796116504854369,0.04704259483583437,0.22120055409569495,0.33802274687517886
0.0,confounded,logger12_balanced,0.002,per_source_models,mean_regret,5,0.0009766850216033625,0.000202990600021693,0.0007246389015826456,0.0012287311416240795
0.0,confounded,logger12_balanced,0.002,mechanism_separated,mae,5,0.010840819643659402,0.001213365299801025,0.00933422763422675,0.012347411653092054
0.0,confounded,logger12_balanced,0.002,mechanism_separated,top_set_disagreement,5,0.3203883495145631,0.03632677074537808,0.27528270610902533,0.3654939929201008
0.0,confounded,logger12_balanced,0.002,mechanism_separated,mean_regret,5,0.0011803082819556387,0.0001399811373860174,0.0010064987432358056,0.0013541178206754718
0.0,confounded,logger12_balanced,0.002,oracle_u_aware,mae,5,0.012065569669049338,0.0010420088615377624,0.010771744779868605,0.013359394558230072
0.0,confounded,logger12_balanced,0.002,oracle_u_aware,top_set_disagreement,5,0.20647249190938508,0.03473503654368605,0.1633432475567979,0.24960173626197224
0.0,confounded,logger12_balanced,0.002,oracle_u_aware,mean_regret,5,0.0006820546965148899,8.724147827178692e-05,0.0005737300937947359,0.0007903792992350439
0.0,confounded,logger12_balanced,0.002,source_shuffle,mae,5,0.011120912324473417,0.0012207595758424942,0.009605139108687292,0.012636685540259542
0.0,confounded,logger12_balanced,0.002,source_shuffle,top_set_disagreement,5,0.3042071197411003,0.04099954517579265,0.25329946055358965,0.355114778928611
0.0,confounded,logger12_balanced,0.002,source_shuffle,mean_regret,5,0.0011287732007717222,0.00018305264748139273,0.0009014833186181914,0.0013560630829252528
0.0,confounded,logger12_balanced,0.002,no_behavior,mae,5,0.01069217304026698,0.0007669754480347894,0.009739847238935978,0.011644498841597982
0.0,confounded,logger12_balanced,0.002,no_behavior,top_set_disagreement,5,0.2919093851132686,0.03919733832657543,0.2432394612877472,0.34057930893878996
0.0,confounded,logger12_balanced,0.002,no_behavior,mean_regret,5,0.001042490534369121,0.0001636561483294738,0.0008392845869037179,0.0012456964818345242
0.0,confounded,logger12_balanced,0.002,source_dependent_reward,mae,5,0.010311548603734028,0.0007285599607147587,0.009406921929981762,0.011216175277486294
0.0,confounded,logger12_balanced,0.002,source_dependent_reward,top_set_disagreement,5,0.286084142394822,0.02225728008291184,0.2584480790179326,0.3137202057717114
0.0,confounded,logger12_balanced,0.002,source_dependent_reward,mean_regret,5,0.0010431805086052214,0.00012403313172974718,0.0008891730343519291,0.0011971879828585137
0.0,confounded,logger12_balanced,0.005,pooled_mlp,mae,5,0.012387334351201665,0.0018162027003947225,0.010132220844681076,0.014642447857722254
0.0,confounded,logger12_balanced,0.005,pooled_mlp,top_set_disagreement,5,0.45113268608414236,0.02225728008291184,0.42349662270725297,0.47876874946103176
0.0,confounded,logger12_balanced,0.005,pooled_mlp,mean_regret,5,0.001947251944524691,0.00015912452029614657,0.0017496727564415213,0.0021448311326078607
0.0,confounded,logger12_balanced,0.005,source_balanced_pooled_mlp,mae,5,0.012387334351201665,0.0018162027003947225,0.010132220844681076,0.014642447857722254
0.0,confounded,logger12_balanced,0.005,source_balanced_pooled_mlp,top_set_disagreement,5,0.45113268608414236,0.02225728008291184,0.42349662270725297,0.47876874946103176
0.0,confounded,logger12_balanced,0.005,source_balanced_pooled_mlp,mean_regret,5,0.001947251944524691,0.00015912452029614657,0.0017496727564415213,0.0021448311326078607
0.0,confounded,logger12_balanced,0.005,source_conditioned_decoder,mae,5,0.011282374636945175,0.0018780905784068905,0.00895041718037165,0.0136143320935187
0.0,confounded,logger12_balanced,0.005,source_conditioned_decoder,top_set_disagreement,5,0.41877022653721685,0.05791885796291427,0.34685446578758866,0.49068598728684504
0.0,confounded,logger12_balanced,0.005,source_conditioned_decoder,mean_regret,5,0.001683378132153874,0.0003460788687087304,0.0012536644603391555,0.0021130918039685923
0.0,confounded,logger12_balanced,0.005,per_source_models,mae,5,0.00960729696155942,0.0005525848184845417,0.008921172286493202,0.010293421636625638
0.0,confounded,logger12_balanced,0.005,per_source_models,top_set_disagreement,5,0.40388349514563104,0.012823050327610977,0.3879615752066815,0.4198054150845806
0.0,confounded,logger12_balanced,0.005,per_source_models,mean_regret,5,0.0015493799652062106,9.860755585877445e-05,0.0014269425131455034,0.0016718174172669178
0.0,confounded,logger12_balanced,0.005,mechanism_separated,mae,5,0.01103614928990047,0.0009215466502211461,0.009891897991655595,0.012180400588145346
0.0,confounded,logger12_balanced,0.005,mechanism_separated,top_set_disagreement,5,0.4588996763754046,0.037420296490776085,0.4124362414206972,0.505363111330112
0.0,confounded,logger12_balanced,0.005,mechanism_separated,mean_regret,5,0.001974448825650058,0.0002120329833014788,0.0017111751038528713,0.002237722547447245
0.0,confounded,logger12_balanced,0.005,oracle_u_aware,mae,5,0.010700238653593697,0.0010157944821943916,0.009438963215478885,0.01196151409170851
0.0,confounded,logger12_balanced,0.005,oracle_u_aware,top_set_disagreement,5,0.21941747572815534,0.019605347871664677,0.19507422110364847,0.2437607303526622
0.0,confounded,logger12_balanced,0.005,oracle_u_aware,mean_regret,5,0.0007513474910339097,8.251077596186144e-05,0.0006488968310582096,0.0008537981510096098
0.0,confounded,logger12_balanced,0.005,source_shuffle,mae,5,0.010659589077987483,0.0006551854626535192,0.00984606887686413,0.011473109279110837
0.0,confounded,logger12_balanced,0.005,source_shuffle,top_set_disagreement,5,0.46084142394822003,0.018675130156962465,0.4376531871705503,0.48402966072588977
0.0,confounded,logger12_balanced,0.005,source_shuffle,mean_regret,5,0.0020056285424721577,9.674883953954664e-05,0.0018854989915479095,0.002125758093396406
0.0,confounded,logger12_balanced,0.005,no_behavior,mae,5,0.01133480866166965,0.0009687197426667808,0.010131984232851091,0.012537633090488208
0.0,confounded,logger12_balanced,0.005,no_behavior,top_set_disagreement,5,0.429126213592233,0.05504472893448614,0.3607791553833964,0.49747327180106965
0.0,confounded,logger12_balanced,0.005,no_behavior,mean_regret,5,0.0017395571944808235,0.000393574855436848,0.0012508694658866374,0.0022282449230750095
0.0,confounded,logger12_balanced,0.005,source_dependent_reward,mae,5,0.01098356438133896,0.0008280240615104465,0.009955436714514978,0.012011692048162942
0.0,confounded,logger12_balanced,0.005,source_dependent_reward,top_set_disagreement,5,0.43171521035598703,0.043575303699579106,0.37760932454142426,0.4858210961705498
0.0,confounded,logger12_balanced,0.005,source_dependent_reward,mean_regret,5,0.0017577327930992717,0.00024415649383363,0.0014545724647783934,0.0020608931214201502
0.0,confounded,logger12_balanced,0.01,pooled_mlp,mae,5,0.0128197869759165,0.001085752018425687,0.011471647783660253,0.014167926168172747
0.0,confounded,logger12_balanced,0.01,pooled_mlp,top_set_disagreement,5,0.6970873786407767,0.04387471153419373,0.6426097288971928,0.7515650283843607
0.0,confounded,logger12_balanced,0.01,pooled_mlp,mean_regret,5,0.00397690252843652,0.00045547790032667967,0.0034113520176234386,0.004542453039249602
0.0,confounded,logger12_balanced,0.01,source_balanced_pooled_mlp,mae,5,0.0128197869759165,0.001085752018425687,0.011471647783660253,0.014167926168172747
0.0,confounded,logger12_balanced,0.01,source_balanced_pooled_mlp,top_set_disagreement,5,0.6970873786407767,0.04387471153419373,0.6426097288971928,0.7515650283843607
0.0,confounded,logger12_balanced,0.01,source_balanced_pooled_mlp,mean_regret,5,0.00397690252843652,0.00045547790032667967,0.0034113520176234386,0.004542453039249602
0.0,confounded,logger12_balanced,0.01,source_conditioned_decoder,mae,5,0.012289301245140261,0.0009830758848877754,0.0110686513113728,0.013509951178907723
0.0,confounded,logger12_balanced,0.01,source_conditioned_decoder,top_set_disagreement,5,0.6330097087378641,0.06798427716111408,0.5485960793430023,0.717423338132726
0.0,confounded,logger12_balanced,0.01,source_conditioned_decoder,mean_regret,5,0.003273159196882991,0.0005881936285104357,0.0025428203443887427,0.00400349804937724
0.0,confounded,logger12_balanced,0.01,per_source_models,mae,5,0.010799051368526305,0.001231803980397848,0.0092695647132222,0.012328538023830412
0.0,confounded,logger12_balanced,0.01,per_source_models,top_set_disagreement,5,0.655663430420712,0.02129538365872115,0.6292217192037411,0.6821051416376828
0.0,confounded,logger12_balanced,0.01,per_source_models,mean_regret,5,0.0034328011535367147,0.00023806444852542648,0.0031372050985504587,0.0037283972085229706
0.0,confounded,logger12_balanced,0.01,mechanism_separated,mae,5,0.012375783051767893,0.0008918085128196176,0.011268456528108131,0.013483109575427655
0.0,confounded,logger12_balanced,0.01,mechanism_separated,top_set_disagreement,5,0.6919093851132686,0.015754901546457086,0.672347091067788,0.7114716791587492
0.0,confounded,logger12_balanced,0.01,mechanism_separated,mean_regret,5,0.0039017469504381624,0.00010655590429771136,0.0037694403202756482,0.004034053580600676
0.0,confounded,logger12_balanced,0.01,oracle_u_aware,mae,5,0.010592940630567997,0.0007161449710403063,0.00970372920253257,0.011482152058603425
0.0,confounded,logger12_balanced,0.01,oracle_u_aware,top_set_disagreement,5,0.2284789644012945,0.050219196741154236,0.16612359578909136,0.29083433301349765
0.0,confounded,logger12_balanced,0.01,oracle_u_aware,mean_regret,5,0.0008080372441046687,0.00020057257935824567,0.0005589934932886671,0.0010570809949206703
0.0,confounded,logger12_balanced,0.01,source_shuffle,mae,5,0.011862715472981768,0.0007523625780228604,0.010928533946255009,0.012796896999708526
0.0,confounded,logger12_balanced,0.01,source_shuffle,top_set_disagreement,5,0.6951456310679612,0.02815719965586563,0.6601838499650374,0.730107412170885
0.0,confounded,logger12_balanced,0.01,source_shuffle,mean_regret,5,0.003929785882554695,0.00028592023657803624,0.0035747690184378435,0.0042848027466715465
0.0,confounded,logger12_balanced,0.01,no_behavior,mae,5,0.012395687392903317,0.001039366376418419,0.011105143582361062,0.013686231203445571
0.0,confounded,logger12_balanced,0.01,no_behavior,top_set_disagreement,5,0.6906148867313916,0.03622572250862323,0.6456347112835144,0.7355950621792688
0.0,confounded,logger12_balanced,0.01,no_behavior,mean_regret,5,0.003859320754161566,0.0003760343299453081,0.0033924124645798004,0.004326229043743331
0.0,confounded,logger12_balanced,0.01,source_dependent_reward,mae,5,0.011630642153659674,0.0007854364778596216,0.010655393956225412,0.012605890351093935
0.0,confounded,logger12_balanced,0.01,source_dependent_reward,top_set_disagreement,5,0.6491909385113269,0.01627802762454278,0.6289790976481657,0.6694027793744881
0.0,confounded,logger12_balanced,0.01,source_dependent_reward,mean_regret,5,0.0033911606933950482,0.00018799867923832882,0.0031577295016749574,0.003624591885115139
0.0,confounded,logger12_balanced,0.02,pooled_mlp,mae,5,0.015034511140379483,0.0007605651155495825,0.01409014481811188,0.015978877462647086
0.0,confounded,logger12_balanced,0.02,pooled_mlp,top_set_disagreement,5,0.8880258899676375,0.011116869927066463,0.874222472806485,0.9018293071287901
0.0,confounded,logger12_balanced,0.02,pooled_mlp,mean_regret,5,0.0062571109121970225,0.00012793983411398687,0.006098252626241523,0.006415969198152522
0.0,confounded,logger12_balanced,0.02,source_balanced_pooled_mlp,mae,5,0.015034511140379483,0.0007605651155495825,0.01409014481811188,0.015978877462647086
0.0,confounded,logger12_balanced,0.02,source_balanced_pooled_mlp,top_set_disagreement,5,0.8880258899676375,0.011116869927066463,0.874222472806485,0.9018293071287901
0.0,confounded,logger12_balanced,0.02,source_balanced_pooled_mlp,mean_regret,5,0.0062571109121970225,0.00012793983411398687,0.006098252626241523,0.006415969198152522
0.0,confounded,logger12_balanced,0.02,source_conditioned_decoder,mae,5,0.014637367374329835,0.0006576110625469621,0.013820835393144746,0.015453899355514923
0.0,confounded,logger12_balanced,0.02,source_conditioned_decoder,top_set_disagreement,5,0.8873786407766989,0.009545554177186168,0.8755262698119832,0.8992310117414146
0.0,confounded,logger12_balanced,0.02,source_conditioned_decoder,mean_regret,5,0.0063132810183748524,9.061868449938483e-05,0.00620076306026738,0.006425798976482325
0.0,confounded,logger12_balanced,0.02,per_source_models,mae,5,0.013143170614239499,0.0007495809550199123,0.012212442928652078,0.01407389829982692
0.0,confounded,logger12_balanced,0.02,per_source_models,top_set_disagreement,5,0.8880258899676375,0.014400385411836227,0.8701454498415018,0.9059063300937733
0.0,confounded,logger12_balanced,0.02,per_source_models,mean_regret,5,0.006250888860617382,0.00021650744867706407,0.005982059356252121,0.006519718364982642
0.0,confounded,logger12_balanced,0.02,mechanism_separated,mae,5,0.014688121854535783,0.00033435896301002826,0.014272960367689486,0.01510328334138208
0.0,confounded,logger12_balanced,0.02,mechanism_separated,top_set_disagreement,5,0.883495145631068,0.010233908285334563,0.8707880701522488,0.8962022211098872
0.0,confounded,logger12_balanced,0.02,mechanism_separated,mean_regret,5,0.0062413243793633805,9.808232070374088e-05,0.006119539092885269,0.006363109665841492
0.0,confounded,logger12_balanced,0.02,oracle_u_aware,mae,5,0.010656300772775138,0.000705369243316912,0.009780469177908296,0.01153213236764198
0.0,confounded,logger12_balanced,0.02,oracle_u_aware,top_set_disagreement,5,0.227831715210356,0.024921195220942986,0.19688796431230332,0.2587754661084087
0.0,confounded,logger12_balanced,0.02,oracle_u_aware,mean_regret,5,0.0007817790497955338,9.549951027038328e-05,0.0006632007460467081,0.0009003573535443595
0.0,confounded,logger12_balanced,0.02,source_shuffle,mae,5,0.014786837650139075,0.00033852470418433057,0.014366503712450811,0.015207171587827339
0.0,confounded,logger12_balanced,0.02,source_shuffle,top_set_disagreement,5,0.888673139158576,0.009038343070400611,0.8774505539646451,0.899895724352507
0.0,confounded,logger12_balanced,0.02,source_shuffle,mean_regret,5,0.006315903733181041,9.826336713291682e-05,0.006193893647869819,0.0064379138184922635
0.0,confounded,logger12_balanced,0.02,no_behavior,mae,5,0.014852112663668298,0.0007467340052886376,0.013924919933066895,0.0157793053942697
0.0,confounded,logger12_balanced,0.02,no_behavior,top_set_disagreement,5,0.884789644012945,0.014032028083287264,0.867366579920143,0.902212708105747
0.0,confounded,logger12_balanced,0.02,no_behavior,mean_regret,5,0.006294806265851117,0.00018475188154501906,0.0060654065059362605,0.006524206025765974
0.0,confounded,logger12_balanced,0.02,source_dependent_reward,mae,5,0.014356265488357268,0.0005748013244062609,0.01364255537772217,0.015069975598992365
0.0,confounded,logger12_balanced,0.02,source_dependent_reward,top_set_disagreement,5,0.8893203883495147,0.005317694733059889,0.8827175982460364,0.895923178452993
0.0,confounded,logger12_balanced,0.02,source_dependent_reward,mean_regret,5,0.0063300411439066225,4.140185986884791e-05,0.006278633945048797,0.006381448342764448
0.0,confounded,logger12_balanced,0.05,pooled_mlp,mae,5,0.025798789113718447,0.0012524728895956397,0.0242436386179813,0.027353939609455594
0.0,confounded,logger12_balanced,0.05,pooled_mlp,top_set_disagreement,5,0.9074433656957929,0.0017725649110199339,0.9052424356613001,0.9096442957302856
0.0,confounded,logger12_balanced,0.05,pooled_mlp,mean_regret,5,0.006572855003003403,1.7809884955882942e-05,0.006550741110041532,0.006594968895965274
0.0,confounded,logger12_balanced,0.05,source_balanced_pooled_mlp,mae,5,0.025798789113718447,0.0012524728895956397,0.0242436386179813,0.027353939609455594
0.0,confounded,logger12_balanced,0.05,source_balanced_pooled_mlp,top_set_disagreement,5,0.9074433656957929,0.0017725649110199339,0.9052424356613001,0.9096442957302856
0.0,confounded,logger12_balanced,0.05,source_balanced_pooled_mlp,mean_regret,5,0.006572855003003403,1.7809884955882942e-05,0.006550741110041532,0.006594968895965274
0.0,confounded,logger12_balanced,0.05,source_conditioned_decoder,mae,5,0.025265544421681087,0.0010707432171605232,0.023936041117611988,0.026595047725750186
0.0,confounded,logger12_balanced,0.05,source_conditioned_decoder,top_set_disagreement,5,0.906148867313916,0.002288371460150612,0.90330747885733,0.908990255770502
0.0,confounded,logger12_balanced,0.05,source_conditioned_decoder,mean_regret,5,0.006562324746539376,3.809275894373134e-05,0.0065150263391666905,0.006609623153912061
0.0,confounded,logger12_balanced,0.05,per_source_models,mae,5,0.022767968358469545,0.0012887642238947668,0.021167756219486394,0.024368180497452697
0.0,confounded,logger12_balanced,0.05,per_source_models,top_set_disagreement,5,0.9093851132686084,0.0,0.9093851132686084,0.9093851132686084
0.0,confounded,logger12_balanced,0.05,per_source_models,mean_regret,5,0.006586463603892484,7.144499055555631e-06,0.006577592536629999,0.006595334671154968
0.0,confounded,logger12_balanced,0.05,mechanism_separated,mae,5,0.025364390980828655,0.0008027664233465414,0.02436762481399245,0.02636115714766486
0.0,confounded,logger12_balanced,0.05,mechanism_separated,top_set_disagreement,5,0.9061488673139158,0.002288371460150612,0.9033074788573298,0.9089902557705017
0.0,confounded,logger12_balanced,0.05,mechanism_separated,mean_regret,5,0.006576086208138076,1.8305553101996886e-05,0.006553356861884119,0.006598815554392033
0.0,confounded,logger12_balanced,0.05,oracle_u_aware,mae,5,0.011805688013137543,0.0011445307171301456,0.010384565426838702,0.013226810599436385
0.0,confounded,logger12_balanced,0.05,oracle_u_aware,top_set_disagreement,5,0.23948220064724915,0.03996468943439633,0.18985948457716478,0.2891049167173335
0.0,confounded,logger12_balanced,0.05,oracle_u_aware,mean_regret,5,0.0008240690227299778,0.00017559754630103657,0.0006060358713150618,0.0010421021741448939
0.0,confounded,logger12_balanced,0.05,source_shuffle,mae,5,0.02524511300064166,0.0008885803911634129,0.02414179471942423,0.02634843128185909
0.0,confounded,logger12_balanced,0.05,source_shuffle,top_set_disagreement,5,0.9067961165048544,0.0027076376263238367,0.9034341403440661,0.9101580926656426
0.0,confounded,logger12_balanced,0.05,source_shuffle,mean_regret,5,0.006577727899039837,1.9168317052983345e-05,0.006553927289848992,0.006601528508230681
0.0,confounded,logger12_balanced,0.05,no_behavior,mae,5,0.025555270371463646,0.0011454837447186247,0.024132964445118896,0.026977576297808396
0.0,confounded,logger12_balanced,0.05,no_behavior,top_set_disagreement,5,0.9055016181229772,0.0027076376263238367,0.902139641962189,0.9088635942837655
0.0,confounded,logger12_balanced,0.05,no_behavior,mean_regret,5,0.006574301106205679,1.7592158591718537e-05,0.006552457556231651,0.006596144656179707
0.0,confounded,logger12_balanced,0.05,source_dependent_reward,mae,5,0.025632391837762586,0.0009043830134305395,0.02450945200939885,0.02675533166612632
0.0,confounded,logger12_balanced,0.05,source_dependent_reward,top_set_disagreement,5,0.9074433656957929,0.001772564911019934,0.9052424356613001,0.9096442957302856
0.0,confounded,logger12_balanced,0.05,source_dependent_reward,mean_regret,5,0.006579842152191123,7.975613999564065e-06,0.006569939119424295,0.006589745184957952
0.0,confounded,logger12_balanced,0.1,pooled_mlp,mae,5,0.04511357181541863,0.0011911816485641168,0.04363452444707555,0.0465926191837617
0.0,confounded,logger12_balanced,0.1,pooled_mlp,top_set_disagreement,5,0.9080906148867314,0.001772564911019934,0.9058896848522386,0.9102915449212241
0.0,confounded,logger12_balanced,0.1,pooled_mlp,mean_regret,5,0.006579170421561004,6.556019071737992e-06,0.006571030048708089,0.006587310794413918
0.0,confounded,logger12_balanced,0.1,source_balanced_pooled_mlp,mae,5,0.04511357181541863,0.0011911816485641168,0.04363452444707555,0.0465926191837617
0.0,confounded,logger12_balanced,0.1,source_balanced_pooled_mlp,top_set_disagreement,5,0.9080906148867314,0.001772564911019934,0.9058896848522386,0.9102915449212241
0.0,confounded,logger12_balanced,0.1,source_balanced_pooled_mlp,mean_regret,5,0.006579170421561004,6.556019071737992e-06,0.006571030048708089,0.006587310794413918
0.0,confounded,logger12_balanced,0.1,source_conditioned_decoder,mae,5,0.04363079250187994,0.0010347873543827268,0.042345934298146384,0.0449156507056135
0.0,confounded,logger12_balanced,0.1,source_conditioned_decoder,top_set_disagreement,5,0.9087378640776699,0.001447293189320235,0.9069408122296454,0.9105349159256944
0.0,confounded,logger12_balanced,0.1,source_conditioned_decoder,mean_regret,5,0.006585375464813327,5.911996914448752e-06,0.006578034751087164,0.00659271617853949
0.0,confounded,logger12_balanced,0.1,per_source_models,mae,5,0.038797760671906614,0.0010786160157034938,0.037458481997321595,0.04013703934649163
0.0,confounded,logger12_balanced,0.1,per_source_models,top_set_disagreement,5,0.9087378640776699,0.0014472931893202352,0.9069408122296454,0.9105349159256944
0.0,confounded,logger12_balanced,0.1,per_source_models,mean_regret,5,0.006585711884055842,8.025580734932042e-06,0.0065757468093925985,0.006595676958719085
0.0,confounded,logger12_balanced,0.1,mechanism_separated,mae,5,0.04458411000369856,0.0010463398116159464,0.043284907529727724,0.04588331247766939
0.0,confounded,logger12_balanced,0.1,mechanism_separated,top_set_disagreement,5,0.9074433656957929,0.0017725649110199339,0.9052424356613001,0.9096442957302856
0.0,confounded,logger12_balanced,0.1,mechanism_separated,mean_regret,5,0.006581620476806227,4.624890529430963e-06,0.006575877916740199,0.006587363036872255
0.0,confounded,logger12_balanced,0.1,oracle_u_aware,mae,5,0.010881349230452123,0.0009331681321933398,0.009722667956436599,0.012040030504467647
0.0,confounded,logger12_balanced,0.1,oracle_u_aware,top_set_disagreement,5,0.23042071197411004,0.048565259501110854,0.17011897768815729,0.29072244626006283
0.0,confounded,logger12_balanced,0.1,oracle_u_aware,mean_regret,5,0.0007748102859669486,0.00020275696292925723,0.0005230542647125542,0.001026566307221343
0.0,confounded,logger12_balanced,0.1,source_shuffle,mae,5,0.0442983526088625,0.0007755202701608896,0.043335417009526464,0.04526128820819854
0.0,confounded,logger12_balanced,0.1,source_shuffle,top_set_disagreement,5,0.9074433656957929,0.00289458637864047,0.903849261999744,0.9110374693918417
0.0,confounded,logger12_balanced,0.1,source_shuffle,mean_regret,5,0.0065762548613126585,1.0977351816128405e-05,0.006562624678766955,0.006589885043858362
0.0,confounded,logger12_balanced,0.1,no_behavior,mae,5,0.04451690807059735,0.0010699566787273362,0.04318838138298394,0.045845434758210755
0.0,confounded,logger12_balanced,0.1,no_behavior,top_set_disagreement,5,0.9074433656957929,0.0017725649110199339,0.9052424356613001,0.9096442957302856
0.0,confounded,logger12_balanced,0.1,no_behavior,mean_regret,5,0.0065833194740261445,3.965744750220871e-06,0.00657839535154373,0.006588243596508559
0.0,confounded,logger12_balanced,0.1,source_dependent_reward,mae,5,0.044332731077872715,0.0014635532350749524,0.04251548971642549,0.04614997243931994
0.0,confounded,logger12_balanced,0.1,source_dependent_reward,top_set_disagreement,5,0.9087378640776699,0.0014472931893202352,0.9069408122296454,0.9105349159256944
0.0,confounded,logger12_balanced,0.1,source_dependent_reward,mean_regret,5,0.006587074462033242,7.01110690387505e-06,0.006578369023003142,0.0065957799010633415
0.0,confounded,logger2_heavy,0.0,pooled_mlp,mae,5,0.01237307774584282,0.0008821627285671369,0.011277728045223805,0.013468427446461834
0.0,confounded,logger2_heavy,0.0,pooled_mlp,top_set_disagreement,5,0.23106796116504852,0.05165843349963733,0.16692554408494542,0.2952103782451516
0.0,confounded,logger2_heavy,0.0,pooled_mlp,mean_regret,5,0.0008312747284836018,0.00024205496820904477,0.0005307237888720737,0.00113182566809513
0.0,confounded,logger2_heavy,0.0,source_balanced_pooled_mlp,mae,5,0.0111046770555315,0.0015109288276220518,0.009228611126424974,0.012980742984638026
0.0,confounded,logger2_heavy,0.0,source_balanced_pooled_mlp,top_set_disagreement,5,0.227831715210356,0.022952263076371708,0.19933271647112363,0.2563307139495884
0.0,confounded,logger2_heavy,0.0,source_balanced_pooled_mlp,mean_regret,5,0.0008184745298627545,0.00012029337792799589,0.0006691105732672424,0.0009678384864582666
0.0,confounded,logger2_heavy,0.0,source_conditioned_decoder,mae,5,0.011365482952163285,0.0007590320813524902,0.010423020143266225,0.012307945761060346
0.0,confounded,logger2_heavy,0.0,source_conditioned_decoder,top_set_disagreement,5,0.20388349514563106,0.045595478328819966,0.14726923122385527,0.26049775906740685
0.0,confounded,logger2_heavy,0.0,source_conditioned_decoder,mean_regret,5,0.0007056872621695059,0.00021083013625213277,0.0004439070722488379,0.000967467452090174
0.0,confounded,logger2_heavy,0.0,per_source_models,mae,5,0.009956830835809036,0.0007319768220852407,0.009047961568306189,0.010865700103311884
0.0,confounded,logger2_heavy,0.0,per_source_models,top_set_disagreement,5,0.17346278317152103,0.029359012116612886,0.13700875480349464,0.20991681153954742
0.0,confounded,logger2_heavy,0.0,per_source_models,mean_regret,5,0.0005686247250941054,0.00010562410961722712,0.0004374750708400663,0.0006997743793481445
0.0,confounded,logger2_heavy,0.0,mechanism_separated,mae,5,0.011477858407702417,0.0020164630325043113,0.008974088856533023,0.013981627958871812
0.0,confounded,logger2_heavy,0.0,mechanism_separated,top_set_disagreement,5,0.23948220064724918,0.023560226178901352,0.2102283160113695,0.26873608528312887
0.0,confounded,logger2_heavy,0.0,mechanism_separated,mean_regret,5,0.000826975384201524,0.00011000038106225081,0.0006903918712478317,0.0009635588971552162
0.0,confounded,logger2_heavy,0.0,oracle_u_aware,mae,5,0.011411005411602244,0.0014869627843484693,0.009564697255607919,0.013257313567596568
0.0,confounded,logger2_heavy,0.0,oracle_u_aware,top_set_disagreement,5,0.22006472491909385,0.019145889265694552,0.19629196350428496,0.24383748633390273
0.0,confounded,logger2_heavy,0.0,oracle_u_aware,mean_regret,5,0.0007596983950137135,5.390341727107355e-05,0.0006927684624080663,0.0008266283276193607
0.0,confounded,logger2_heavy,0.0,source_shuffle,mae,5,0.010809382674558776,0.0010872124584575097,0.009459430106493479,0.012159335242624074
0.0,confounded,logger2_heavy,0.0,source_shuffle,top_set_disagreement,5,0.24401294498381879,0.013460604752806096,0.22729939666820895,0.26072649329942865
0.0,confounded,logger2_heavy,0.0,source_shuffle,mean_regret,5,0.0008658771280461039,0.00010052012168597714,0.0007410649118535644,0.0009906893442386433
0.0,confounded,logger2_heavy,0.0,no_behavior,mae,5,0.010049821095298329,0.0005226217529284735,0.0094009004800089,0.010698741710587758
0.0,confounded,logger2_heavy,0.0,no_behavior,top_set_disagreement,5,0.20323624595469253,0.037280092563972064,0.15694689716830446,0.2495255947410806
0.0,confounded,logger2_heavy,0.0,no_behavior,mean_regret,5,0.000671269337095032,0.0001360794229359008,0.00050230441673918,0.0008402342574508839
0.0,confounded,logger2_heavy,0.0,source_dependent_reward,mae,5,0.011572299684177646,0.0013978083344012473,0.009836691398962446,0.013307907969392846
0.0,confounded,logger2_heavy,0.0,source_dependent_reward,top_set_disagreement,5,0.2116504854368932,0.030582096193986916,0.1736777976032152,0.24962317327057118
0.0,confounded,logger2_heavy,0.0,source_dependent_reward,mean_regret,5,0.0007292740718783529,0.00011341422428098354,0.0005884517127044482,0.0008700964310522576
0.0,confounded,logger2_heavy,0.002,pooled_mlp,mae,5,0.010867884171316315,0.0005959982333359699,0.010127854621989993,0.011607913720642637
0.0,confounded,logger2_heavy,0.002,pooled_mlp,top_set_disagreement,5,0.26990291262135924,0.0327325121255412,0.22926013074430648,0.31054569449841196
0.0,confounded,logger2_heavy,0.002,pooled_mlp,mean_regret,5,0.000999197225789255,0.0001257683350941649,0.0008430352119888031,0.001155359239589707
0.0,confounded,logger2_heavy,0.002,source_balanced_pooled_mlp,mae,5,0.0116304503910045,0.0009169813563396242,0.01049186765381353,0.01276903312819547
0.0,confounded,logger2_heavy,0.002,source_balanced_pooled_mlp,top_set_disagreement,5,0.28673139158576044,0.024066009634405444,0.2568494938422942,0.31661328932922667
0.0,confounded,logger2_heavy,0.002,source_balanced_pooled_mlp,mean_regret,5,0.0010905288086671592,0.00014332650610576414,0.0009125654460472995,0.0012684921712870188
0.0,confounded,logger2_heavy,0.002,source_conditioned_decoder,mae,5,0.010877661458336652,0.0009020442349658063,0.009757625606992351,0.011997697309680953
0.0,confounded,logger2_heavy,0.002,source_conditioned_decoder,top_set_disagreement,5,0.21359223300970873,0.03195536837885355,0.1739144025443472,0.25327006347507025
0.0,confounded,logger2_heavy,0.002,source_conditioned_decoder,mean_regret,5,0.0007369412384790173,0.0001508948989993273,0.0005495804748789591,0.0009243020020790755
0.0,confounded,logger2_heavy,0.002,per_source_models,mae,5,0.009914936560122982,0.0008918562165618898,0.008807550804443861,0.011022322315802103
0.0,confounded,logger2_heavy,0.002,per_source_models,top_set_disagreement,5,0.27119741100323624,0.022584267083971397,0.2431553396392506,0.29923948236722187
0.0,confounded,logger2_heavy,0.002,per_source_models,mean_regret,5,0.0009562056648181473,8.612522517265329e-05,0.0008492670733840709,0.0010631442562522237
0.0,confounded,logger2_heavy,0.002,mechanism_separated,mae,5,0.010876948070892662,0.0007397770767577765,0.009958393507986107,0.011795502633799217
0.0,confounded,logger2_heavy,0.002,mechanism_separated,top_set_disagreement,5,0.286084142394822,0.020158461491776615,0.261054106501306,0.311114178288338
0.0,confounded,logger2_heavy,0.002,mechanism_separated,mean_regret,5,0.0010361112609785952,0.00010391324614508827,0.0009070859243037528,0.0011651365976534376
0.0,confounded,logger2_heavy,0.002,oracle_u_aware,mae,5,0.011191469762812295,0.001182189327124945,0.009723587836260515,0.012659351689364075
0.0,confounded,logger2_heavy,0.002,oracle_u_aware,top_set_disagreement,5,0.21812297734627834,0.014581074855752512,0.20001818164277627,0.2362277730497804
0.0,confounded,logger2_heavy,0.002,oracle_u_aware,mean_regret,5,0.0007374596492358379,6.74892720020484e-05,0.000653660649925913,0.0008212586485457628
0.0,confounded,logger2_heavy,0.002,source_shuffle,mae,5,0.010724120577881652,0.0010173991523041415,0.00946085267866257,0.011987388477100736
0.0,confounded,logger2_heavy,0.002,source_shuffle,top_set_disagreement,5,0.284789644012945,0.008562301977555318,0.2741581419056656,0.29542114612022435
0.0,confounded,logger2_heavy,0.002,source_shuffle,mean_regret,5,0.0010681650932427907,6.185229223333417e-05,0.0009913653287702813,0.0011449648577153
0.0,confounded,logger2_heavy,0.002,no_behavior,mae,5,0.010824038116961483,0.0006881853083771298,0.009969543195456844,0.011678533038466122
0.0,confounded,logger2_heavy,0.002,no_behavior,top_set_disagreement,5,0.2815533980582524,0.030358678057109578,0.2438581204816808,0.31924867563482406
0.0,confounded,logger2_heavy,0.002,no_behavior,mean_regret,5,0.0009989980911598978,0.00015725832802810548,0.000803736086829681,0.0011942600954901147
0.0,confounded,logger2_heavy,0.002,source_dependent_reward,mae,5,0.010536453523634725,0.00038933186984548376,0.010053034157494234,0.011019872889775217
0.0,confounded,logger2_heavy,0.002,source_dependent_reward,top_set_disagreement,5,0.2563106796116505,0.02490017354261662,0.2253930305747575,0.2872283286485435
0.0,confounded,logger2_heavy,0.002,source_dependent_reward,mean_regret,5,0.0009037894197347303,0.0001596739817212293,0.0007055279851816336,0.001102050854287827
0.0,confounded,logger2_heavy,0.005,pooled_mlp,mae,5,0.01201831782639241,0.0007831443893929771,0.011045915632687878,0.012990720020096942
0.0,confounded,logger2_heavy,0.005,pooled_mlp,top_set_disagreement,5,0.39676375404530745,0.04900535593907283,0.3359155678565996,0.4576119402340153
0.0,confounded,logger2_heavy,0.005,pooled_mlp,mean_regret,5,0.0016980569231284984,0.0002375293872001035,0.0014031252345267273,0.0019929886117302695
0.0,confounded,logger2_heavy,0.005,source_balanced_pooled_mlp,mae,5,0.012387334351201665,0.0018162027003947225,0.010132220844681076,0.014642447857722254
0.0,confounded,logger2_heavy,0.005,source_balanced_pooled_mlp,top_set_disagreement,5,0.45113268608414236,0.02225728008291184,0.42349662270725297,0.47876874946103176
0.0,confounded,logger2_heavy,0.005,source_balanced_pooled_mlp,mean_regret,5,0.001947251944524691,0.00015912452029614657,0.0017496727564415213,0.0021448311326078607
0.0,confounded,logger2_heavy,0.005,source_conditioned_decoder,mae,5,0.011492503137636835,0.0007740397373707582,0.010531405862564467,0.012453600412709204
0.0,confounded,logger2_heavy,0.005,source_conditioned_decoder,top_set_disagreement,5,0.39223300970873787,0.05704428581450823,0.3214031737096172,0.46306284570785855
0.0,confounded,logger2_heavy,0.005,source_conditioned_decoder,mean_regret,5,0.0015566312254557163,0.00039105679106941015,0.0010710700867317376,0.002042192364179695
0.0,confounded,logger2_heavy,0.005,per_source_models,mae,5,0.010107053656903068,0.0008301286137706825,0.009076312843305212,0.011137794470500924
0.0,confounded,logger2_heavy,0.005,per_source_models,top_set_disagreement,5,0.41035598705501614,0.030306886131891662,0.37272501764738525,0.447986956462647
0.0,confounded,logger2_heavy,0.005,per_source_models,mean_regret,5,0.0016417277529664875,0.00013840357182485875,0.0014698770206087513,0.0018135784853242237
0.0,confounded,logger2_heavy,0.005,mechanism_separated,mae,5,0.011167877299766073,0.0003392866940118399,0.010746597226741993,0.011589157372790152
0.0,confounded,logger2_heavy,0.005,mechanism_separated,top_set_disagreement,5,0.3766990291262136,0.024066009634405458,0.3468171313827474,0.40658092686967984
0.0,confounded,logger2_heavy,0.005,mechanism_separated,mean_regret,5,0.001532113691475791,0.00017719860877488417,0.0013120925584282233,0.0017521348245233587
0.0,confounded,logger2_heavy,0.005,oracle_u_aware,mae,5,0.011139922308464953,0.001423241782300603,0.009372734226642932,0.012907110390286974
0.0,confounded,logger2_heavy,0.005,oracle_u_aware,top_set_disagreement,5,0.21035598705501615,0.03137656865641637,0.1713968313671752,0.2493151427428571
0.0,confounded,logger2_heavy,0.005,oracle_u_aware,mean_regret,5,0.000720417979015205,0.0001103907028366395,0.0005833498175665393,0.0008574861404638706
0.0,confounded,logger2_heavy,0.005,source_shuffle,mae,5,0.011375751310983517,0.0009535146216740753,0.010191806533489932,0.012559696088477101
0.0,confounded,logger2_heavy,0.005,source_shuffle,top_set_disagreement,5,0.36116504854368936,0.044877759070417675,0.3054419507858892,0.4168881463014895
0.0,confounded,logger2_heavy,0.005,source_shuffle,mean_regret,5,0.0013975425912506059,0.00023107558697022855,0.0011106243540458696,0.0016844608284553421
0.0,confounded,logger2_heavy,0.005,no_behavior,mae,5,0.011094651646660325,0.0005344380568675067,0.010431059152177964,0.011758244141142685
0.0,confounded,logger2_heavy,0.005,no_behavior,top_set_disagreement,5,0.3359223300970874,0.046752274601375106,0.2778717138904236,0.3939729463037512
0.0,confounded,logger2_heavy,0.005,no_behavior,mean_regret,5,0.0012802999922244516,0.00021614994985084919,0.0010119143812811027,0.0015486856031678006
0.0,confounded,logger2_heavy,0.005,source_dependent_reward,mae,5,0.011358351300731272,0.00089191943262049,0.01025088705194808,0.012465815549514465
0.0,confounded,logger2_heavy,0.005,source_dependent_reward,top_set_disagreement,5,0.4110032362459547,0.053667067805103545,0.3443667702631972,0.4776397022287122
0.0,confounded,logger2_heavy,0.005,source_dependent_reward,mean_regret,5,0.0016777885798750704,0.0003104127613145917,0.0012923602295677231,0.0020632169301824177
0.0,confounded,logger2_heavy,0.01,pooled_mlp,mae,5,0.011999186022581113,0.000597135997134372,0.011257743752907855,0.01274062829225437
0.0,confounded,logger2_heavy,0.01,pooled_mlp,top_set_disagreement,5,0.5482200647249191,0.042970229847118936,0.4948654773292106,0.6015746521206277
0.0,confounded,logger2_heavy,0.01,pooled_mlp,mean_regret,5,0.002724190742325948,0.0003054716568759232,0.0023448975835114604,0.003103483901140436
0.0,confounded,logger2_heavy,0.01,source_balanced_pooled_mlp,mae,5,0.0128197869759165,0.001085752018425687,0.011471647783660253,0.014167926168172747
0.0,confounded,logger2_heavy,0.01,source_balanced_pooled_mlp,top_set_disagreement,5,0.6970873786407767,0.04387471153419373,0.6426097288971928,0.7515650283843607
0.0,confounded,logger2_heavy,0.01,source_balanced_pooled_mlp,mean_regret,5,0.00397690252843652,0.00045547790032667967,0.0034113520176234386,0.004542453039249602
0.0,confounded,logger2_heavy,0.01,source_conditioned_decoder,mae,5,0.011578595564966956,0.0006187231488327573,0.01081034930620605,0.012346841823727861
0.0,confounded,logger2_heavy,0.01,source_conditioned_decoder,top_set_disagreement,5,0.6,0.03281240609873545,0.5592580166527584,0.6407419833472415
0.0,confounded,logger2_heavy,0.01,source_conditioned_decoder,mean_regret,5,0.0030812884376079687,0.00035490392108002887,0.002640617015981546,0.0035219598592343914
0.0,confounded,logger2_heavy,0.01,per_source_models,mae,5,0.010677735295623965,0.0006034843984015057,0.009928410444651157,0.011427060146596774
0.0,confounded,logger2_heavy,0.01,per_source_models,top_set_disagreement,5,0.6453074433656958,0.04229465178693732,0.5927916969252911,0.6978231898061005
0.0,confounded,logger2_heavy,0.01,per_source_models,mean_regret,5,0.0033358012120148716,0.0003934890607030148,0.002847220011652922,0.0038243824123768214
0.0,confounded,logger2_heavy,0.01,mechanism_separated,mae,5,0.012380261206611991,0.0013445160519134818,0.010710824029943954,0.014049698383280029
0.0,confounded,logger2_heavy,0.01,mechanism_separated,top_set_disagreement,5,0.578640776699029,0.04894119877963414,0.5178722521454232,0.6394093012526348
0.0,confounded,logger2_heavy,0.01,mechanism_separated,mean_regret,5,0.002826410431027584,0.00047465931925289354,0.002237043042899358,0.00341577781915581
0.0,confounded,logger2_heavy,0.01,oracle_u_aware,mae,5,0.010302319032589524,0.0007102969422470076,0.009420368891367194,0.011184269173811854
0.0,confounded,logger2_heavy,0.01,oracle_u_aware,top_set_disagreement,5,0.19029126213592235,0.03555454748730684,0.14614446054850724,0.23443806372333745
0.0,confounded,logger2_heavy,0.01,oracle_u_aware,mean_regret,5,0.0006324174389048239,0.00010827049536938004,0.0004979818627369771,0.0007668530150726706
0.0,confounded,logger2_heavy,0.01,source_shuffle,mae,5,0.011438955961448689,0.0006164080728813771,0.01067358424914972,0.012204327673747658
0.0,confounded,logger2_heavy,0.01,source_shuffle,top_set_disagreement,5,0.5922330097087378,0.037111148676957,0.5461534324645729,0.6383125869529027
0.0,confounded,logger2_heavy,0.01,source_shuffle,mean_regret,5,0.0028904528411820576,0.00027164972122543213,0.002553155162214349,0.0032277505201497663
0.0,confounded,logger2_heavy,0.01,no_behavior,mae,5,0.011540274179317021,0.0005989797495127801,0.010796542588693891,0.01228400576994015
0.0,confounded,logger2_heavy,0.01,no_behavior,top_set_disagreement,5,0.5605177993527508,0.05574427785681334,0.49130213643207826,0.6297334622734233
0.0,confounded,logger2_heavy,0.01,no_behavior,mean_regret,5,0.0026504489529822015,0.00044411726057987,0.0020990045395392963,0.0032018933664251068
0.0,confounded,logger2_heavy,0.01,source_dependent_reward,mae,5,0.01136568283655852,0.000538843763602598,0.010696619934636553,0.012034745738480488
0.0,confounded,logger2_heavy,0.01,source_dependent_reward,top_set_disagreement,5,0.6006472491909385,0.042108522153590074,0.5483626132152599,0.652931885166617
0.0,confounded,logger2_heavy,0.01,source_dependent_reward,mean_regret,5,0.0030388176453229705,0.00034740887596930204,0.0026074525513754506,0.0034701827392704904
0.0,confounded,logger2_heavy,0.02,pooled_mlp,mae,5,0.014666438693349918,0.0008276754293489798,0.013638743910529445,0.01569413347617039
0.0,confounded,logger2_heavy,0.02,pooled_mlp,top_set_disagreement,5,0.8097087378640776,0.03678517084370958,0.7640339155596685,0.8553835601684867
0.0,confounded,logger2_heavy,0.02,pooled_mlp,mean_regret,5,0.005229996688444325,0.0004400891315906442,0.004683553857747462,0.005776439519141188
0.0,confounded,logger2_heavy,0.02,source_balanced_pooled_mlp,mae,5,0.015034511140379483,0.0007605651155495825,0.01409014481811188,0.015978877462647086
0.0,confounded,logger2_heavy,0.02,source_balanced_pooled_mlp,top_set_disagreement,5,0.8880258899676375,0.011116869927066463,0.874222472806485,0.9018293071287901
0.0,confounded,logger2_heavy,0.02,source_balanced_pooled_mlp,mean_regret,5,0.0062571109121970225,0.00012793983411398687,0.006098252626241523,0.006415969198152522
0.0,confounded,logger2_heavy,0.02,source_conditioned_decoder,mae,5,0.01487684979989381,0.0010569142186255313,0.013564517465436823,0.016189182134350798
0.0,confounded,logger2_heavy,0.02,source_conditioned_decoder,top_set_disagreement,5,0.8498381877022654,0.015621383024138718,0.8304416787990408,0.8692346966054899
0.0,confounded,logger2_heavy,0.02,source_conditioned_decoder,mean_regret,5,0.005853352560433883,0.0001887186280505692,0.005619027434193084,0.006087677686674683
0.0,confounded,logger2_heavy,0.02,per_source_models,mae,5,0.01325620099776638,0.000575464641405226,0.012541667270294269,0.01397073472523849
0.0,confounded,logger2_heavy,0.02,per_source_models,top_set_disagreement,5,0.8880258899676375,0.01659661023295544,0.8674184765491565,0.9086333033861186
0.0,confounded,logger2_heavy,0.02,per_source_models,mean_regret,5,0.0062169926708219685,0.0002523428074064209,0.005903667691659749,0.006530317649984188
0.0,confounded,logger2_heavy,0.02,mechanism_separated,mae,5,0.013850797101693322,0.0005582726359119477,0.013157610068499137,0.014543984134887507
0.0,confounded,logger2_heavy,0.02,mechanism_separated,top_set_disagreement,5,0.7967637540453075,0.041279582579723896,0.745508382495185,0.84801912559543
0.0,confounded,logger2_heavy,0.02,mechanism_separated,mean_regret,5,0.005143494962282337,0.0004577826964866023,0.004575082669054281,0.005711907255510394
0.0,confounded,logger2_heavy,0.02,oracle_u_aware,mae,5,0.011584263531117241,0.0008432596401888948,0.010537218394756428,0.012631308667478055
0.0,confounded,logger2_heavy,0.02,oracle_u_aware,top_set_disagreement,5,0.22200647249190938,0.03459908675962225,0.17904603209175782,0.2649669128920609
0.0,confounded,logger2_heavy,0.02,oracle_u_aware,mean_regret,5,0.000785232788622335,0.00012927724572176438,0.0006247138868226783,0.0009457516904219918
0.0,confounded,logger2_heavy,0.02,source_shuffle,mae,5,0.014263278900470596,0.0006094860234055236,0.01350650204779958,0.015020055753141612
0.0,confounded,logger2_heavy,0.02,source_shuffle,top_set_disagreement,5,0.8142394822006473,0.03715345666942696,0.7681073726453963,0.8603715917558984
0.0,confounded,logger2_heavy,0.02,source_shuffle,mean_regret,5,0.005347689503532277,0.00046987591367036617,0.0047642614979046816,0.005931117509159872
0.0,confounded,logger2_heavy,0.02,no_behavior,mae,5,0.01354179168861842,0.0002515900140481801,0.013229401425867215,0.013854181951369626
0.0,confounded,logger2_heavy,0.02,no_behavior,top_set_disagreement,5,0.8051779935275082,0.0385235628218847,0.7573446724890328,0.8530113145659836
0.0,confounded,logger2_heavy,0.02,no_behavior,mean_regret,5,0.005281604197597574,0.0004785473364461148,0.004687409198496128,0.00587579919669902
0.0,confounded,logger2_heavy,0.02,source_dependent_reward,mae,5,0.014425698630889116,0.0007838836025640423,0.013452378582803074,0.015399018678975158
0.0,confounded,logger2_heavy,0.02,source_dependent_reward,top_set_disagreement,5,0.8705501618122977,0.014106469072947193,0.8530346670226443,0.8880656566019511
0.0,confounded,logger2_heavy,0.02,source_dependent_reward,mean_regret,5,0.006091301676944956,0.00016578465450833063,0.0058854528399873126,0.0062971505139026
0.0,confounded,logger2_heavy,0.05,pooled_mlp,mae,5,0.02032441766916208,0.0005348013962124847,0.01966037402929593,0.02098846130902823
0.0,confounded,logger2_heavy,0.05,pooled_mlp,top_set_disagreement,5,0.9042071197411004,0.0028945863786405132,0.9006130160450514,0.9078012234371493
0.0,confounded,logger2_heavy,0.05,pooled_mlp,mean_regret,5,0.006542236734517035,2.8499327538394433e-05,0.006506850145539593,0.006577623323494476
0.0,confounded,logger2_heavy,0.05,source_balanced_pooled_mlp,mae,5,0.025798789113718447,0.0012524728895956397,0.0242436386179813,0.027353939609455594
0.0,confounded,logger2_heavy,0.05,source_balanced_pooled_mlp,top_set_disagreement,5,0.9074433656957929,0.0017725649110199339,0.9052424356613001,0.9096442957302856
0.0,confounded,logger2_heavy,0.05,source_balanced_pooled_mlp,mean_regret,5,0.006572855003003403,1.7809884955882942e-05,0.006550741110041532,0.006594968895965274
0.0,confounded,logger2_heavy,0.05,source_conditioned_decoder,mae,5,0.022746388404646396,0.0006468377478933376,0.021943233260408035,0.023549543548884756
0.0,confounded,logger2_heavy,0.05,source_conditioned_decoder,top_set_disagreement,5,0.9074433656957929,0.00289458637864047,0.903849261999744,0.9110374693918417
0.0,confounded,logger2_heavy,0.05,source_conditioned_decoder,mean_regret,5,0.006564928358333956,3.7673745409546266e-05,0.006518150224981428,0.006611706491686483
0.0,confounded,logger2_heavy,0.05,per_source_models,mae,5,0.02261356488718736,0.0009644743004966626,0.021416011871067894,0.02381111790330683
0.0,confounded,logger2_heavy,0.05,per_source_models,top_set_disagreement,5,0.9093851132686084,0.0,0.9093851132686084,0.9093851132686084
0.0,confounded,logger2_heavy,0.05,per_source_models,mean_regret,5,0.006589188759847287,4.33177051039856e-06,0.006583810156356044,0.006594567363338529
0.0,confounded,logger2_heavy,0.05,mechanism_separated,mae,5,0.02065488926190929,0.001318924137936569,0.019017228643471513,0.022292549880347064
0.0,confounded,logger2_heavy,0.05,mechanism_separated,top_set_disagreement,5,0.9042071197411004,0.004908009996149857,0.8981130204260569,0.9103012190561438
0.0,confounded,logger2_heavy,0.05,mechanism_separated,mean_regret,5,0.006545589868669951,3.800714371788776e-05,0.0064983977666408935,0.006592781970699009
0.0,confounded,logger2_heavy,0.05,oracle_u_aware,mae,5,0.011075106835708781,0.0006206359686158056,0.010304485497488212,0.01184572817392935
0.0,confounded,logger2_heavy,0.05,oracle_u_aware,top_set_disagreement,5,0.2129449838187702,0.036856280847916985,0.1671818667822247,0.2587081008553157
0.0,confounded,logger2_heavy,0.05,oracle_u_aware,mean_regret,5,0.0007394550828064792,0.00014648183127560075,0.0005575738665206072,0.0009213362990923512
0.0,confounded,logger2_heavy,0.05,source_shuffle,mae,5,0.02053089085816489,0.001339161708823413,0.01886810197654582,0.022193679739783957
0.0,confounded,logger2_heavy,0.05,source_shuffle,top_set_disagreement,5,0.9061488673139158,0.002288371460150612,0.9033074788573298,0.9089902557705017
0.0,confounded,logger2_heavy,0.05,source_shuffle,mean_regret,5,0.006558630583221006,2.854958106823596e-05,0.006523181596244778,0.006594079570197235
0.0,confounded,logger2_heavy,0.05,no_behavior,mae,5,0.020605052788013258,0.001192891716992869,0.019123882089267737,0.022086223486758778
0.0,confounded,logger2_heavy,0.05,no_behavior,top_set_disagreement,5,0.9055016181229772,0.0035451298220399137,0.9010997580539918,0.9099034781919627
0.0,confounded,logger2_heavy,0.05,no_behavior,mean_regret,5,0.006564599495504603,4.038950602641852e-05,0.0065144492999663645,0.006614749691042841
0.0,confounded,logger2_heavy,0.05,source_dependent_reward,mae,5,0.022369053147865386,0.0008016725781919122,0.021373645169177294,0.02336446112655348
0.0,confounded,logger2_heavy,0.05,source_dependent_reward,top_set_disagreement,5,0.9087378640776699,0.0014472931893202352,0.9069408122296454,0.9105349159256944
0.0,confounded,logger2_heavy,0.05,source_dependent_reward,mean_regret,5,0.006588504835419331,8.021585730277992e-06,0.0065785447212095395,0.006598464949629123
0.0,confounded,logger2_heavy,0.1,pooled_mlp,mae,5,0.03315376890730537,0.0012023004408288315,0.03166091573490369,0.03464662207970705
0.0,confounded,logger2_heavy,0.1,pooled_mlp,top_set_disagreement,5,0.9087378640776699,0.001447293189320235,0.9069408122296454,0.9105349159256944
0.0,confounded,logger2_heavy,0.1,pooled_mlp,mean_regret,5,0.0065813971518935725,1.1522473127248455e-05,0.006567090111841198,0.006595704191945947
0.0,confounded,logger2_heavy,0.1,source_balanced_pooled_mlp,mae,5,0.04511357181541863,0.0011911816485641168,0.04363452444707555,0.0465926191837617
0.0,confounded,logger2_heavy,0.1,source_balanced_pooled_mlp,top_set_disagreement,5,0.9080906148867314,0.001772564911019934,0.9058896848522386,0.9102915449212241
0.0,confounded,logger2_heavy,0.1,source_balanced_pooled_mlp,mean_regret,5,0.006579170421561004,6.556019071737992e-06,0.006571030048708089,0.006587310794413918
0.0,confounded,logger2_heavy,0.1,source_conditioned_decoder,mae,5,0.038572616671545955,0.0014165703634701791,0.03681371225030261,0.0403315210927893
0.0,confounded,logger2_heavy,0.1,source_conditioned_decoder,top_set_disagreement,5,0.9093851132686084,0.0,0.9093851132686084,0.9093851132686084
0.0,confounded,logger2_heavy,0.1,source_conditioned_decoder,mean_regret,5,0.006592117528880728,3.7990732773137746e-06,0.00658740035636575,0.0065968347013957065
0.0,confounded,logger2_heavy,0.1,per_source_models,mae,5,0.03986666041426008,0.0012692667999152582,0.038290657524690005,0.04144266330383016
0.0,confounded,logger2_heavy,0.1,per_source_models,top_set_disagreement,5,0.9093851132686084,0.0,0.9093851132686084,0.9093851132686084
0.0,confounded,logger2_heavy,0.1,per_source_models,mean_regret,5,0.006585657959243582,5.4317209038843415e-06,0.006578913586948938,0.006592402331538226
0.0,confounded,logger2_heavy,0.1,mechanism_separated,mae,5,0.03360054252839776,0.0018027917867058227,0.0313620808705877,0.03583900418620782
0.0,confounded,logger2_heavy,0.1,mechanism_separated,top_set_disagreement,5,0.9061488673139158,0.003963575635571484,0.901227438143069,0.9110702964847625
0.0,confounded,logger2_heavy,0.1,mechanism_separated,mean_regret,5,0.006575757667860838,1.977856132303261e-05,0.006551199340329762,0.006600315995391913
0.0,confounded,logger2_heavy,0.1,oracle_u_aware,mae,5,0.011071593205576238,0.001394329264551037,0.00934030475614128,0.012802881655011195
0.0,confounded,logger2_heavy,0.1,oracle_u_aware,top_set_disagreement,5,0.20970873786407768,0.014363974770985211,0.19187350751983814,0.2275439682083172
0.0,confounded,logger2_heavy,0.1,oracle_u_aware,mean_regret,5,0.0007258577359369303,6.794949769071459e-05,0.00064148729095834,0.0008102281809155206
0.0,confounded,logger2_heavy,0.1,source_shuffle,mae,5,0.03413286951673676,0.0018617822741884389,0.03182116149438304,0.03644457753909048
0.0,confounded,logger2_heavy,0.1,source_shuffle,top_set_disagreement,5,0.9067961165048544,0.0027076376263238367,0.9034341403440661,0.9101580926656426
0.0,confounded,logger2_heavy,0.1,source_shuffle,mean_regret,5,0.006582277083249713,1.2212624625692521e-05,0.0065671131069284135,0.006597441059571012
0.0,confounded,logger2_heavy,0.1,no_behavior,mae,5,0.03351204545478249,0.0019755724950120384,0.03105904821188445,0.03596504269768053
0.0,confounded,logger2_heavy,0.1,no_behavior,top_set_disagreement,5,0.9074433656957929,0.001772564911019934,0.9052424356613001,0.9096442957302856
0.0,confounded,logger2_heavy,0.1,no_behavior,mean_regret,5,0.006583474327295979,1.1415099415081597e-05,0.006569300609316355,0.006597648045275603
0.0,confounded,logger2_heavy,0.1,source_dependent_reward,mae,5,0.039102416332445405,0.0010097709925107777,0.03784862004461429,0.04035621262027652
0.0,confounded,logger2_heavy,0.1,source_dependent_reward,top_set_disagreement,5,0.9087378640776699,0.0014472931893202352,0.9069408122296454,0.9105349159256944
0.0,confounded,logger2_heavy,0.1,source_dependent_reward,mean_regret,5,0.006588773459253157,7.492866850243462e-06,0.006579469836241875,0.006598077082264439
0.0,independent_latents,logger1_heavy,0.0,pooled_mlp,mae,5,0.011689260305630458,0.0009678539737216513,0.01048751087094183,0.012891009740319087
0.0,independent_latents,logger1_heavy,0.0,pooled_mlp,top_set_disagreement,5,0.229126213592233,0.021515560049960723,0.20241111727700556,0.25584130990746046
0.0,independent_latents,logger1_heavy,0.0,pooled_mlp,mean_regret,5,0.0007936992124788229,0.00012679273782168862,0.0006362652346919431,0.0009511331902657027
0.0,independent_latents,logger1_heavy,0.0,source_balanced_pooled_mlp,mae,5,0.011826123678939614,0.001093737262233391,0.01046806949693046,0.013184177860948767
0.0,independent_latents,logger1_heavy,0.0,source_balanced_pooled_mlp,top_set_disagreement,5,0.20906148867313917,0.015953084199179592,0.1892531183627045,0.22886985898357384
0.0,independent_latents,logger1_heavy,0.0,source_balanced_pooled_mlp,mean_regret,5,0.0007457392888459609,8.259138197300108e-05,0.0006431885432881899,0.0008482900344037318
0.0,independent_latents,logger1_heavy,0.0,source_conditioned_decoder,mae,5,0.011449918333251284,0.0010204353504255706,0.010182880496133409,0.01271695617036916
0.0,independent_latents,logger1_heavy,0.0,source_conditioned_decoder,top_set_disagreement,5,0.20776699029126214,0.021270778932239467,0.18135582987734924,0.23417815070517503
0.0,independent_latents,logger1_heavy,0.0,source_conditioned_decoder,mean_regret,5,0.0007261135095304212,7.952522253510719e-05,0.0006273699037594358,0.0008248571153014067
0.0,independent_latents,logger1_heavy,0.0,per_source_models,mae,5,0.010046697541391172,0.0007233023648720517,0.0091485990351139,0.010944796047668444
0.0,independent_latents,logger1_heavy,0.0,per_source_models,top_set_disagreement,5,0.19611650485436893,0.029889320101019586,0.15900401215414475,0.23322899755459311
0.0,independent_latents,logger1_heavy,0.0,per_source_models,mean_regret,5,0.0006724263834749999,9.764801102497157e-05,0.0005511803636890882,0.0007936724032609115
0.0,independent_latents,logger1_heavy,0.0,mechanism_separated,mae,5,0.011224545778279513,0.00039798911320592354,0.010730377024734674,0.011718714531824352
0.0,independent_latents,logger1_heavy,0.0,mechanism_separated,top_set_disagreement,5,0.2336569579288026,0.023715302214318792,0.20421052096276088,0.2631033948948443
0.0,independent_latents,logger1_heavy,0.0,mechanism_separated,mean_regret,5,0.0008262811268933551,0.00014909085115956042,0.0006411603845469726,0.0010114018692397376
0.0,independent_latents,logger1_heavy,0.0,oracle_u_aware,mae,5,0.011198870661511564,0.0008331679658093914,0.010164355993909377,0.012233385329113751
0.0,independent_latents,logger1_heavy,0.0,oracle_u_aware,top_set_disagreement,5,0.21359223300970873,0.056286495569340095,0.14370331787620333,0.2834811481432141
0.0,independent_latents,logger1_heavy,0.0,oracle_u_aware,mean_regret,5,0.0007410178149054199,0.00022392599168597692,0.00046297697276686644,0.0010190586570439733
0.0,independent_latents,logger1_heavy,0.0,source_shuffle,mae,5,0.01061664268539806,0.0007172647094955599,0.00972604091843534,0.01150724445236078
0.0,independent_latents,logger1_heavy,0.0,source_shuffle,top_set_disagreement,5,0.23236245954692558,0.032475530626024866,0.19203876234602668,0.2726861567478245
0.0,independent_latents,logger1_heavy,0.0,source_shuffle,mean_regret,5,0.0007998316761982111,0.0001445252255641795,0.0006203799067828907,0.0009792834456135314
0.0,independent_latents,logger1_heavy,0.0,no_behavior,mae,5,0.010944563518791505,0.0014032117701311777,0.009202245981963843,0.012686881055619168
0.0,independent_latents,logger1_heavy,0.0,no_behavior,top_set_disagreement,5,0.21941747572815534,0.02039091780197199,0.19409880720311445,0.24473614425319623
0.0,independent_latents,logger1_heavy,0.0,no_behavior,mean_regret,5,0.0007553682375869982,0.00011130299164589352,0.0006171673199679177,0.0008935691552060788
0.0,independent_latents,logger1_heavy,0.0,source_dependent_reward,mae,5,0.010823931259599903,0.0007366547795669637,0.009909253540706871,0.011738608978492934
0.0,independent_latents,logger1_heavy,0.0,source_dependent_reward,top_set_disagreement,5,0.19676375404530744,0.030820889193033336,0.1584945655416904,0.23503294254892448
0.0,independent_latents,logger1_heavy,0.0,source_dependent_reward,mean_regret,5,0.0006289540671840719,0.00014431165908847238,0.0004497674755728604,0.0008081406587952835
0.0,independent_latents,logger1_heavy,0.002,pooled_mlp,mae,5,0.011176759875284357,0.0008716357486312058,0.0100944811466616,0.012259038603907113
0.0,independent_latents,logger1_heavy,0.002,pooled_mlp,top_set_disagreement,5,0.2336569579288026,0.028434799529435336,0.19835049105696134,0.26896342480064384
0.0,independent_latents,logger1_heavy,0.002,pooled_mlp,mean_regret,5,0.0007830681904829045,0.000124341938018346,0.00062867728257864,0.0009374590983871689
0.0,independent_latents,logger1_heavy,0.002,source_balanced_pooled_mlp,mae,5,0.011539514896194245,0.0007529735359607215,0.010604574764991628,0.012474455027396861
0.0,independent_latents,logger1_heavy,0.002,source_balanced_pooled_mlp,top_set_disagreement,5,0.22071197411003238,0.03692725391740042,0.17486073236826727,0.2665632158517975
0.0,independent_latents,logger1_heavy,0.002,source_balanced_pooled_mlp,mean_regret,5,0.0007803704922058709,0.00014942302453793932,0.0005948373021343936,0.0009659036822773481
0.0,independent_latents,logger1_heavy,0.002,source_conditioned_decoder,mae,5,0.010326462613734506,0.0006612267500450728,0.009505441163554259,0.011147484063914753
0.0,independent_latents,logger1_heavy,0.002,source_conditioned_decoder,top_set_disagreement,5,0.19417475728155337,0.028489994921778332,0.15879975627817308,0.22954975828493365
0.0,independent_latents,logger1_heavy,0.002,source_conditioned_decoder,mean_regret,5,0.0007060840642777444,0.0001240790394534128,0.000552019588056737,0.0008601485404987518
0.0,independent_latents,logger1_heavy,0.002,per_source_models,mae,5,0.00977357474709652,0.0007482026372457531,0.008844558469067357,0.010702591025125684
0.0,independent_latents,logger1_heavy,0.002,per_source_models,top_set_disagreement,5,0.18576051779935274,0.02872794954197042,0.1500900571108737,0.22143097848783178
0.0,independent_latents,logger1_heavy,0.002,per_source_models,mean_regret,5,0.0006344946997781773,0.00011414411683844071,0.0004927660592931211,0.0007762233402632335
0.0,independent_latents,logger1_heavy,0.002,mechanism_separated,mae,5,0.01104187191547373,0.0009423934727905757,0.00987173586816745,0.012212007962780009
0.0,independent_latents,logger1_heavy,0.002,mechanism_separated,top_set_disagreement,5,0.23430420711974112,0.020923274919410505,0.20832452992778927,0.26028388431169297
0.0,independent_latents,logger1_heavy,0.002,mechanism_separated,mean_regret,5,0.0008272861051867045,3.053851296704625e-05,0.0007893675330768443,0.0008652046772965647
0.0,independent_latents,logger1_heavy,0.002,oracle_u_aware,mae,5,0.010763397507344999,0.0009095945651552539,0.00963398668282991,0.011892808331860088
0.0,independent_latents,logger1_heavy,0.002,oracle_u_aware,top_set_disagreement,5,0.21877022653721684,0.04916538256267429,0.15772334105122893,0.27981711202320475
0.0,independent_latents,logger1_heavy,0.002,oracle_u_aware,mean_regret,5,0.0007572313821523999,0.0001885507788131727,0.0005231146682668019,0.0009913480960379978
0.0,independent_latents,logger1_heavy,0.002,source_shuffle,mae,5,0.011070709299907524,0.0005641048388979316,0.010370280630235427,0.01177113796957962
0.0,independent_latents,logger1_heavy,0.002,source_shuffle,top_set_disagreement,5,0.24401294498381879,0.04192156612222984,0.1919604455815273,0.29606544438611027
0.0,independent_latents,logger1_heavy,0.002,source_shuffle,mean_regret,5,0.0008840555893204793,0.00015945085812003944,0.0006860711993101296,0.001082039979330829
0.0,independent_latents,logger1_heavy,0.002,no_behavior,mae,5,0.01194747697977177,0.0007264951215122991,0.011045414142519278,0.01284953981702426
0.0,independent_latents,logger1_heavy,0.002,no_behavior,top_set_disagreement,5,0.23559870550161813,0.028526732519144355,0.20017808874620793,0.2710193222570283
0.0,independent_latents,logger1_heavy,0.002,no_behavior,mean_regret,5,0.000818799542048328,0.00016540336918731532,0.0006134241333468324,0.0010241749507498236
0.0,independent_latents,logger1_heavy,0.002,source_dependent_reward,mae,5,0.011184917450776337,0.0010105817360983706,0.00993011449182073,0.012439720409731944
0.0,independent_latents,logger1_heavy,0.002,source_dependent_reward,top_set_disagreement,5,0.1831715210355987,0.03281240609873548,0.14242953768835714,0.22391350438284024
0.0,independent_latents,logger1_heavy,0.002,source_dependent_reward,mean_regret,5,0.0006177691362973928,0.00016609858014476547,0.00041153050917887453,0.000824007763415911
0.0,independent_latents,logger1_heavy,0.005,pooled_mlp,mae,5,0.011953523673880275,0.0015994105593152778,0.009967593164031546,0.013939454183729005
0.0,independent_latents,logger1_heavy,0.005,pooled_mlp,top_set_disagreement,5,0.23236245954692558,0.03473503654368606,0.18923321519433842,0.2754917038995128
0.0,independent_latents,logger1_heavy,0.005,pooled_mlp,mean_regret,5,0.0008308226913212993,0.0001546094456075945,0.0006388497089281058,0.0010227956737144928
0.0,independent_latents,logger1_heavy,0.005,source_balanced_pooled_mlp,mae,5,0.012333841525945159,0.0007967156060513862,0.011344588441104059,0.013323094610786259
0.0,independent_latents,logger1_heavy,0.005,source_balanced_pooled_mlp,top_set_disagreement,5,0.21682847896440133,0.02299784854943672,0.18827287838442303,0.24538407954437963
0.0,independent_latents,logger1_heavy,0.005,source_balanced_pooled_mlp,mean_regret,5,0.0008165206758815903,0.00012058682237530757,0.0006667923598803786,0.0009662489918828021
0.0,independent_latents,logger1_heavy,0.005,source_conditioned_decoder,mae,5,0.011890811959571502,0.0014047584086397044,0.010146574017389566,0.013635049901753437
0.0,independent_latents,logger1_heavy,0.005,source_conditioned_decoder,top_set_disagreement,5,0.2045307443365696,0.02531729089399087,0.17309517570144908,0.2359663129716901
0.0,independent_latents,logger1_heavy,0.005,source_conditioned_decoder,mean_regret,5,0.0007038703379775642,9.136690121414e-05,0.0005904233461125266,0.0008173173298426018
0.0,independent_latents,logger1_heavy,0.005,per_source_models,mae,5,0.010095508269425213,0.001060065902252143,0.008779262602875334,0.011411753935975091
0.0,independent_latents,logger1_heavy,0.005,per_source_models,top_set_disagreement,5,0.18576051779935274,0.0315927892863839,0.14653288873961218,0.2249881468590933
0.0,independent_latents,logger1_heavy,0.005,per_source_models,mean_regret,5,0.0006107330198747439,0.00012240385901934677,0.00045874855488921165,0.0007627174848602762
0.0,independent_latents,logger1_heavy,0.005,mechanism_separated,mae,5,0.011494457296588535,0.0009902975258848452,0.010264840511187059,0.01272407408199001
0.0,independent_latents,logger1_heavy,0.005,mechanism_separated,top_set_disagreement,5,0.23430420711974112,0.05211260449347297,0.1695978622675639,0.29901055197191834
0.0,independent_latents,logger1_heavy,0.005,mechanism_separated,mean_regret,5,0.0008417699048011821,0.00022178775393911964,0.0005663840354925017,0.0011171557741098625
0.0,independent_latents,logger1_heavy,0.005,oracle_u_aware,mae,5,0.012109016304013613,0.0021821273789875617,0.009399547298030012,0.014818485309997215
0.0,independent_latents,logger1_heavy,0.005,oracle_u_aware,top_set_disagreement,5,0.21941747572815534,0.05412373434852887,0.15221398333924246,0.2866209681170682
0.0,independent_latents,logger1_heavy,0.005,oracle_u_aware,mean_regret,5,0.0007723791289649713,0.00023160962140186063,0.0004847978004326764,0.0010599604574972662
0.0,independent_latents,logger1_heavy,0.005,source_shuffle,mae,5,0.012037757254965675,0.0017255054328273714,0.00989525928031892,0.014180255229612429
0.0,independent_latents,logger1_heavy,0.005,source_shuffle,top_set_disagreement,5,0.22718446601941747,0.03465957471971596,0.18414891989689275,0.2702200121419422
0.0,independent_latents,logger1_heavy,0.005,source_shuffle,mean_regret,5,0.0007887821151389858,0.0002234250105003682,0.0005113633233023801,0.0010662009069755916
0.0,independent_latents,logger1_heavy,0.005,no_behavior,mae,5,0.011782899012693611,0.0009587765599052521,0.010592420675937603,0.01297337734944962
0.0,independent_latents,logger1_heavy,0.005,no_behavior,top_set_disagreement,5,0.22394822006472492,0.039463627654418014,0.17494765436771553,0.2729487857617343
0.0,independent_latents,logger1_heavy,0.005,no_behavior,mean_regret,5,0.0007852136846057727,0.00017186776587995023,0.0005718116672609248,0.0009986157019506205
0.0,independent_latents,logger1_heavy,0.005,source_dependent_reward,mae,5,0.012610922062630023,0.001014535090969911,0.011351210365258302,0.013870633760001744
0.0,independent_latents,logger1_heavy,0.005,source_dependent_reward,top_set_disagreement,5,0.18058252427184468,0.017337340111299514,0.15905537323103,0.20210967531265936
0.0,independent_latents,logger1_heavy,0.005,source_dependent_reward,mean_regret,5,0.0005926281778834777,4.367983662327179e-05,0.0005383924973009388,0.0006468638584660166
0.0,independent_latents,logger1_heavy,0.01,pooled_mlp,mae,5,0.012340719414610348,0.0010869272706022057,0.010991120954037707,0.013690317875182989
0.0,independent_latents,logger1_heavy,0.01,pooled_mlp,top_set_disagreement,5,0.256957928802589,0.02502603874327663,0.22588399747740978,0.2880318601277682
0.0,independent_latents,logger1_heavy,0.01,pooled_mlp,mean_regret,5,0.0009190838748409025,6.961473005681505e-05,0.0008326457707846817,0.0010055219788971234
0.0,independent_latents,logger1_heavy,0.01,source_balanced_pooled_mlp,mae,5,0.012583916260855662,0.001143860035033297,0.011163626436370718,0.014004206085340606
0.0,independent_latents,logger1_heavy,0.01,source_balanced_pooled_mlp,top_set_disagreement,5,0.2110032362459547,0.015075488283303708,0.1922845451892338,0.22972192730267563
0.0,independent_latents,logger1_heavy,0.01,source_balanced_pooled_mlp,mean_regret,5,0.0007584432580457033,6.442379285688028e-05,0.0006784505538275781,0.0008384359622638285
0.0,independent_latents,logger1_heavy,0.01,source_conditioned_decoder,mae,5,0.011830788378437752,0.0008693728203635418,0.010751319446375472,0.012910257310500032
0.0,independent_latents,logger1_heavy,0.01,source_conditioned_decoder,top_set_disagreement,5,0.2122977346278317,0.02015846149177662,0.18726769873431567,0.2373277705213477
0.0,independent_latents,logger1_heavy,0.01,source_conditioned_decoder,mean_regret,5,0.000714588614948049,0.00012002947963202478,0.0005655523313658316,0.0008636248985302665
0.0,independent_latents,logger1_heavy,0.01,per_source_models,mae,5,0.01088299879315953,0.0008028065476093642,0.009886182805470725,0.011879814780848336
0.0,independent_latents,logger1_heavy,0.01,per_source_models,top_set_disagreement,5,0.1825242718446602,0.023179293954006447,0.15374337703818816,0.21130516665113222
0.0,independent_latents,logger1_heavy,0.01,per_source_models,mean_regret,5,0.0006090198447186501,6.570322102057992e-05,0.000527438520611371,0.0006906011688259291
0.0,independent_latents,logger1_heavy,0.01,mechanism_separated,mae,5,0.012648515758455482,0.0003033235218715823,0.012271889861539166,0.013025141655371797
0.0,independent_latents,logger1_heavy,0.01,mechanism_separated,top_set_disagreement,5,0.23689320388349513,0.03255605524908554,0.19646952215717287,0.2773168856098174
0.0,independent_latents,logger1_heavy,0.01,mechanism_separated,mean_regret,5,0.0008323260183079002,0.0001782840237489582,0.0006109571645639136,0.0010536948720518869
0.0,independent_latents,logger1_heavy,0.01,oracle_u_aware,mae,5,0.010885487007912309,0.0011627117648137142,0.009441789669255156,0.012329184346569462
0.0,independent_latents,logger1_heavy,0.01,oracle_u_aware,top_set_disagreement,5,0.2233009708737864,0.03937063126406615,0.1744158754466398,0.27218606630093295
0.0,independent_latents,logger1_heavy,0.01,oracle_u_aware,mean_regret,5,0.0007561579164432775,0.00018110933435687806,0.0005312809762336936,0.0009810348566528615
0.0,independent_latents,logger1_heavy,0.01,source_shuffle,mae,5,0.012061951149195562,0.0012311410483210822,0.01053328763278443,0.013590614665606694
0.0,independent_latents,logger1_heavy,0.01,source_shuffle,top_set_disagreement,5,0.2297734627831715,0.018449440535584755,0.20686545668313472,0.2526814688832083
0.0,independent_latents,logger1_heavy,0.01,source_shuffle,mean_regret,5,0.000807295597435718,5.009215586964026e-05,0.0007450979708999741,0.0008694932239714618
0.0,independent_latents,logger1_heavy,0.01,no_behavior,mae,5,0.012044184831005427,0.0011946731935892176,0.010560802136906577,0.013527567525104277
0.0,independent_latents,logger1_heavy,0.01,no_behavior,top_set_disagreement,5,0.2388349514563107,0.039197338326575445,0.1901650276307893,0.2875048752818321
0.0,independent_latents,logger1_heavy,0.01,no_behavior,mean_regret,5,0.0008299952529856796,0.00016468930349931808,0.0006255064739413228,0.0010344840320300364
0.0,independent_latents,logger1_heavy,0.01,source_dependent_reward,mae,5,0.011759119331271573,0.0003696298674335361,0.01130016323221852,0.012218075430324625
0.0,independent_latents,logger1_heavy,0.01,source_dependent_reward,top_set_disagreement,5,0.19546925566343043,0.031426597763909936,0.15644798063395246,0.2344905306929084
0.0,independent_latents,logger1_heavy,0.01,source_dependent_reward,mean_regret,5,0.0006736338465127778,0.00017231016781272518,0.00045968251461526755,0.000887585178410288
0.0,independent_latents,logger1_heavy,0.02,pooled_mlp,mae,5,0.012922051009585794,0.0009793679735347386,0.011706005055853931,0.014138096963317658
0.0,independent_latents,logger1_heavy,0.02,pooled_mlp,top_set_disagreement,5,0.25177993527508086,0.029519104856935614,0.21512712551502194,0.28843274503513977
0.0,independent_latents,logger1_heavy,0.02,pooled_mlp,mean_regret,5,0.000921025333770071,0.00015592343002914638,0.0007274208242264358,0.001114629843313706
0.0,independent_latents,logger1_heavy,0.02,source_balanced_pooled_mlp,mae,5,0.012603318566317195,0.00041477129684825765,0.012088311979532427,0.013118325153101964
0.0,independent_latents,logger1_heavy,0.02,source_balanced_pooled_mlp,top_set_disagreement,5,0.22524271844660193,0.028636662531558495,0.189685605552455,0.26079983134074886
0.0,independent_latents,logger1_heavy,0.02,source_balanced_pooled_mlp,mean_regret,5,0.0008427035506201472,0.00010921547317326205,0.0007070946295341184,0.000978312471706176
0.0,independent_latents,logger1_heavy,0.02,source_conditioned_decoder,mae,5,0.012421725867404828,0.0008899916148866585,0.011316655320496832,0.013526796414312824
0.0,independent_latents,logger1_heavy,0.02,source_conditioned_decoder,top_set_disagreement,5,0.20194174757281552,0.04297022984711895,0.148587160177107,0.25529633496852405
0.0,independent_latents,logger1_heavy,0.02,source_conditioned_decoder,mean_regret,5,0.0007295034831680432,0.00015915543696901017,0.0005318859069652344,0.0009271210593708519
0.0,independent_latents,logger1_heavy,0.02,per_source_models,mae,5,0.011076454460863775,0.0006075981581597741,0.010322021702501866,0.011830887219225684
0.0,independent_latents,logger1_heavy,0.02,per_source_models,top_set_disagreement,5,0.19676375404530747,0.024900173542616626,0.16584610500841446,0.22768140308220047
0.0,independent_latents,logger1_heavy,0.02,per_source_models,mean_regret,5,0.0006589112792833151,0.00011969468529720053,0.0005102906977734515,0.0008075318607931787
0.0,independent_latents,logger1_heavy,0.02,mechanism_separated,mae,5,0.012890609787040447,0.001237160502300652,0.01135447213133404,0.014426747442746855
0.0,independent_latents,logger1_heavy,0.02,mechanism_separated,top_set_disagreement,5,0.2058252427184466,0.041228808166190505,0.1546329159296384,0.2570175695072548
0.0,independent_latents,logger1_heavy,0.02,mechanism_separated,mean_regret,5,0.0007362259271083176,0.0001695593545389726,0.0005256901810186069,0.0009467616731980283
0.0,independent_latents,logger1_heavy,0.02,oracle_u_aware,mae,5,0.010451029268470266,0.0008371014306950571,0.009411630559131348,0.011490427977809184
0.0,independent_latents,logger1_heavy,0.02,oracle_u_aware,top_set_disagreement,5,0.21553398058252426,0.02002815332914668,0.19066574364321792,0.2404022175218306
0.0,independent_latents,logger1_heavy,0.02,oracle_u_aware,mean_regret,5,0.0007337064564970615,7.048509949187664e-05,0.0006461876460481877,0.0008212252669459353
0.0,independent_latents,logger1_heavy,0.02,source_shuffle,mae,5,0.012709110198248313,0.0010675700500486546,0.011383546901542306,0.01403467349495432
0.0,independent_latents,logger1_heavy,0.02,source_shuffle,top_set_disagreement,5,0.24983818770226537,0.043981999400891834,0.19522732247715835,0.3044490529273724
0.0,independent_latents,logger1_heavy,0.02,source_shuffle,mean_regret,5,0.0008866004104247843,0.00021441358810577919,0.000620370777348147,0.0011528300435014217
0.0,independent_latents,logger1_heavy,0.02,no_behavior,mae,5,0.012292343764667143,0.0014632045483390311,0.010475535354986566,0.01410915217434772
0.0,independent_latents,logger1_heavy,0.02,no_behavior,top_set_disagreement,5,0.19158576051779935,0.03231387939512392,0.1514627798305755,0.23170874120502322
0.0,independent_latents,logger1_heavy,0.02,no_behavior,mean_regret,5,0.0006448038517283251,0.00013653088203812447,0.0004752783708585807,0.0008143293325980696
0.0,independent_latents,logger1_heavy,0.02,source_dependent_reward,mae,5,0.012300306490532,0.0009394770664655434,0.011133791639963647,0.013466821341100351
0.0,independent_latents,logger1_heavy,0.02,source_dependent_reward,top_set_disagreement,5,0.18058252427184465,0.011978482539366822,0.16570927374960043,0.19545577479408888
0.0,independent_latents,logger1_heavy,0.02,source_dependent_reward,mean_regret,5,0.0006190900324869184,0.00010925847573673988,0.00048342771666598874,0.0007547523483078481
0.0,independent_latents,logger1_heavy,0.05,pooled_mlp,mae,5,0.013828307660228013,0.0012789004251415068,0.012240343045042313,0.015416272275413713
0.0,independent_latents,logger1_heavy,0.05,pooled_mlp,top_set_disagreement,5,0.3262135922330097,0.07448288789813474,0.2337308718476488,0.41869631261837065
0.0,independent_latents,logger1_heavy,0.05,pooled_mlp,mean_regret,5,0.0014399790674393276,0.0004201022720784747,0.0009183532006358823,0.001961604934242773
0.0,independent_latents,logger1_heavy,0.05,source_balanced_pooled_mlp,mae,5,0.013823299901883393,0.00047410606304664426,0.01323461947206825,0.014411980331698536
0.0,independent_latents,logger1_heavy,0.05,source_balanced_pooled_mlp,top_set_disagreement,5,0.2601941747572815,0.050943897931760226,0.19693897076724753,0.3234493787473155
0.0,independent_latents,logger1_heavy,0.05,source_balanced_pooled_mlp,mean_regret,5,0.0009882497089800492,0.0002459737003692739,0.0006828330207265613,0.001293666397233537
0.0,independent_latents,logger1_heavy,0.05,source_conditioned_decoder,mae,5,0.013541984302109483,0.0011662265378502652,0.012093922796310986,0.01499004580790798
0.0,independent_latents,logger1_heavy,0.05,source_conditioned_decoder,top_set_disagreement,5,0.2621359223300971,0.05739206424261553,0.19087426237744365,0.3333975822827505
0.0,independent_latents,logger1_heavy,0.05,source_conditioned_decoder,mean_regret,5,0.0010429486432827445,0.00022030255675197904,0.0007694068898515701,0.001316490396713919
0.0,independent_latents,logger1_heavy,0.05,per_source_models,mae,5,0.012268492272727565,0.001004131216312326,0.011021698691959991,0.01351528585349514
0.0,independent_latents,logger1_heavy,0.05,per_source_models,top_set_disagreement,5,0.258252427184466,0.026131558884383628,0.2258058113007851,0.2906990430681469
0.0,independent_latents,logger1_heavy,0.05,per_source_models,mean_regret,5,0.0010332284984729187,0.00010522717199589057,0.0009025717073728259,0.0011638852895730115
0.0,independent_latents,logger1_heavy,0.05,mechanism_separated,mae,5,0.014270458358650415,0.0010772873004294007,0.012932829501985103,0.015608087215315727
0.0,independent_latents,logger1_heavy,0.05,mechanism_separated,top_set_disagreement,5,0.2925566343042071,0.05773774789485395,0.22086575140580164,0.3642475172026125
0.0,independent_latents,logger1_heavy,0.05,mechanism_separated,mean_regret,5,0.001255005062599867,0.0002678548745738059,0.0009224193080981867,0.0015875908171015473
0.0,independent_latents,logger1_heavy,0.05,oracle_u_aware,mae,5,0.010804640904592109,0.0010788956649365516,0.009465014999622278,0.012144266809561939
0.0,independent_latents,logger1_heavy,0.05,oracle_u_aware,top_set_disagreement,5,0.2349514563106796,0.047540882662663694,0.17592165386562048,0.2939812587557387
0.0,independent_latents,logger1_heavy,0.05,oracle_u_aware,mean_regret,5,0.0007924657308797465,0.0002281554998822988,0.0005091732606837124,0.0010757582010757806
0.0,independent_latents,logger1_heavy,0.05,source_shuffle,mae,5,0.013804391291319888,0.0012166089156491532,0.012293771800864611,0.015315010781775164
0.0,independent_latents,logger1_heavy,0.05,source_shuffle,top_set_disagreement,5,0.312621359223301,0.048034001705061447,0.25297926861646786,0.3722634498301341
0.0,independent_latents,logger1_heavy,0.05,source_shuffle,mean_regret,5,0.0012948856067822548,0.00016951551802495712,0.0010844042909138039,0.0015053669226507058
0.0,independent_latents,logger1_heavy,0.05,no_behavior,mae,5,0.013563823338705594,0.0013186594710471794,0.01192649134761589,0.015201155329795298
0.0,independent_latents,logger1_heavy,0.05,no_behavior,top_set_disagreement,5,0.3093851132686084,0.05547118151732253,0.24050854424072282,0.378261682296494
0.0,independent_latents,logger1_heavy,0.05,no_behavior,mean_regret,5,0.0012806488209841013,0.00017079081819037058,0.0010685840108133533,0.0014927136311548494
0.0,independent_latents,logger1_heavy,0.05,source_dependent_reward,mae,5,0.013610403190958454,0.0008681577769971869,0.012532442934500433,0.014688363447416475
0.0,independent_latents,logger1_heavy,0.05,source_dependent_reward,top_set_disagreement,5,0.27702265372168283,0.0931960172876158,0.16130451427967446,0.3927407931636912
0.0,independent_latents,logger1_heavy,0.05,source_dependent_reward,mean_regret,5,0.0011651733656711754,0.0004762967657422427,0.0005737728191881397,0.001756573912154211
0.0,independent_latents,logger1_heavy,0.1,pooled_mlp,mae,5,0.016851143476873776,0.001660369153428286,0.014789522875333807,0.018912764078413743
0.0,independent_latents,logger1_heavy,0.1,pooled_mlp,top_set_disagreement,5,0.3877022653721683,0.09952179835302366,0.2641296313207239,0.5112748994236127
0.0,independent_latents,logger1_heavy,0.1,pooled_mlp,mean_regret,5,0.001884724076968622,0.0007065833123609698,0.0010073850162784395,0.0027620631376588044
0.0,independent_latents,logger1_heavy,0.1,source_balanced_pooled_mlp,mae,5,0.014967950105059493,0.0004086026335215468,0.014460602925444542,0.015475297284674444
0.0,independent_latents,logger1_heavy,0.1,source_balanced_pooled_mlp,top_set_disagreement,5,0.2880258899676375,0.027555641368812955,0.2538110421325681,0.3222407378027069
0.0,independent_latents,logger1_heavy,0.1,source_balanced_pooled_mlp,mean_regret,5,0.0011994572523251455,0.00018812762184836258,0.0009658659572083413,0.0014330485474419495
0.0,independent_latents,logger1_heavy,0.1,source_conditioned_decoder,mae,5,0.016522537784046443,0.0015166933391743379,0.014639314268478212,0.018405761299614673
0.0,independent_latents,logger1_heavy,0.1,source_conditioned_decoder,top_set_disagreement,5,0.3042071197411004,0.0951533361034897,0.18605864799241456,0.4223555914897862
0.0,independent_latents,logger1_heavy,0.1,source_conditioned_decoder,mean_regret,5,0.0013784050170129495,0.00044586302465307793,0.0008247929511709842,0.0019320170828549148
0.0,independent_latents,logger1_heavy,0.1,per_source_models,mae,5,0.014562706022855147,0.0010830269506756718,0.013217950449116759,0.015907461596593536
0.0,independent_latents,logger1_heavy,0.1,per_source_models,top_set_disagreement,5,0.27572815533980577,0.0584050499723805,0.20320870747580902,0.34824760320380255
0.0,independent_latents,logger1_heavy,0.1,per_source_models,mean_regret,5,0.001225152310574637,0.0003066917543069157,0.0008443442007057848,0.001605960420443489
0.0,independent_latents,logger1_heavy,0.1,mechanism_separated,mae,5,0.017030138470976928,0.0011370511176385981,0.015618303034087726,0.01844197390786613
0.0,independent_latents,logger1_heavy,0.1,mechanism_separated,top_set_disagreement,5,0.31650485436893205,0.133559364763248,0.15066899951944226,0.48234070921842187
0.0,independent_latents,logger1_heavy,0.1,mechanism_separated,mean_regret,5,0.0015028439305876619,0.0007728516542856639,0.0005432218555089292,0.0024624660056663944
0.0,independent_latents,logger1_heavy,0.1,oracle_u_aware,mae,5,0.010651822837065813,0.0008931075202575211,0.009542883382637007,0.011760762291494618
0.0,independent_latents,logger1_heavy,0.1,oracle_u_aware,top_set_disagreement,5,0.22006472491909385,0.033709816595468706,0.1782084592664485,0.26192099057173923
0.0,independent_latents,logger1_heavy,0.1,oracle_u_aware,mean_regret,5,0.0007215844072219903,0.00010445824089528946,0.0005918823701866131,0.0008512864442573676
0.0,independent_latents,logger1_heavy,0.1,source_shuffle,mae,5,0.01730837348019124,0.0015804314852264746,0.015346008603357818,0.019270738357024662
0.0,independent_latents,logger1_heavy,0.1,source_shuffle,top_set_disagreement,5,0.2802588996763754,0.08027586207641187,0.18058325181132373,0.3799345475414271
0.0,independent_latents,logger1_heavy,0.1,source_shuffle,mean_regret,5,0.0012165657158549178,0.0003319614334804503,0.0008043811551101283,0.0016287502765997075
0.0,independent_latents,logger1_heavy,0.1,no_behavior,mae,5,0.017198304905915486,0.0017873353935563673,0.014979034895021184,0.019417574916809788
0.0,independent_latents,logger1_heavy,0.1,no_behavior,top_set_disagreement,5,0.3249190938511327,0.13253997796849598,0.16034897488493086,0.4894892128173346
0.0,independent_latents,logger1_heavy,0.1,no_behavior,mean_regret,5,0.001489318060037003,0.0007465445307892144,0.0005623605931001122,0.002416275526973894
0.0,independent_latents,logger1_heavy,0.1,source_dependent_reward,mae,5,0.016614316821792617,0.0014582512002530798,0.014803658806100937,0.018424974837484297
0.0,independent_latents,logger1_heavy,0.1,source_dependent_reward,top_set_disagreement,5,0.2957928802588997,0.10423023322031127,0.16637395214485698,0.4252118083729425
0.0,independent_latents,logger1_heavy,0.1,source_dependent_reward,mean_regret,5,0.0013186830390242356,0.0004854121973143113,0.0007159641893300723,0.0019214018887183989
0.0,independent_latents,logger12_balanced,0.0,pooled_mlp,mae,5,0.011826123678939614,0.001093737262233391,0.01046806949693046,0.013184177860948767
0.0,independent_latents,logger12_balanced,0.0,pooled_mlp,top_set_disagreement,5,0.20906148867313917,0.015953084199179592,0.1892531183627045,0.22886985898357384
0.0,independent_latents,logger12_balanced,0.0,pooled_mlp,mean_regret,5,0.0007457392888459609,8.259138197300108e-05,0.0006431885432881899,0.0008482900344037318
0.0,independent_latents,logger12_balanced,0.0,source_balanced_pooled_mlp,mae,5,0.011826123678939614,0.001093737262233391,0.01046806949693046,0.013184177860948767
0.0,independent_latents,logger12_balanced,0.0,source_balanced_pooled_mlp,top_set_disagreement,5,0.20906148867313917,0.015953084199179592,0.1892531183627045,0.22886985898357384
0.0,independent_latents,logger12_balanced,0.0,source_balanced_pooled_mlp,mean_regret,5,0.0007457392888459609,8.259138197300108e-05,0.0006431885432881899,0.0008482900344037318
0.0,independent_latents,logger12_balanced,0.0,source_conditioned_decoder,mae,5,0.01120399015035392,0.0020625484101202568,0.008642998044955181,0.01376498225575266
0.0,independent_latents,logger12_balanced,0.0,source_conditioned_decoder,top_set_disagreement,5,0.18640776699029127,0.020544427505636086,0.16089849099283574,0.2119170429877468
0.0,independent_latents,logger12_balanced,0.0,source_conditioned_decoder,mean_regret,5,0.0005857914880225367,7.414641024230098e-05,0.0004937265598286245,0.0006778564162164488
0.0,independent_latents,logger12_balanced,0.0,per_source_models,mae,5,0.009560357629347725,0.00047701290419894767,0.00896806787952527,0.01015264737917018
0.0,independent_latents,logger12_balanced,0.0,per_source_models,top_set_disagreement,5,0.17669902912621363,0.014032028083287254,0.15927596503341165,0.1941220932190156
0.0,independent_latents,logger12_balanced,0.0,per_source_models,mean_regret,5,0.0005878870841837752,5.6101711897376976e-05,0.0005182276082832024,0.0006575465600843481
0.0,independent_latents,logger12_balanced,0.0,mechanism_separated,mae,5,0.010443118396380204,0.0010410161492670378,0.009150526122286605,0.011735710670473803
0.0,independent_latents,logger12_balanced,0.0,mechanism_separated,top_set_disagreement,5,0.1993527508090615,0.03224899202162619,0.15931033843744777,0.23939516318067525
0.0,independent_latents,logger12_balanced,0.0,mechanism_separated,mean_regret,5,0.0006738023113537567,0.00013527226122789611,0.0005058396146314629,0.0008417650080760505
0.0,independent_latents,logger12_balanced,0.0,oracle_u_aware,mae,5,0.011096779917987475,0.0007489754369585964,0.010166804082377051,0.0120267557535979
0.0,independent_latents,logger12_balanced,0.0,oracle_u_aware,top_set_disagreement,5,0.17540453074433654,0.04057586542047244,0.12502293945577478,0.2257861220328983
0.0,independent_latents,logger12_balanced,0.0,oracle_u_aware,mean_regret,5,0.000566373425264558,0.00013868527533944798,0.00039417291179458876,0.0007385739387345271
0.0,independent_latents,logger12_balanced,0.0,source_shuffle,mae,5,0.010720877263493526,0.001129205943356229,0.009318782897070374,0.012122971629916678
0.0,independent_latents,logger12_balanced,0.0,source_shuffle,top_set_disagreement,5,0.2401294498381877,0.04680824526023182,0.18200933687946577,0.2982495627969096
0.0,independent_latents,logger12_balanced,0.0,source_shuffle,mean_regret,5,0.0008553817219884932,0.00015634275491031215,0.0006612565518363635,0.0010495068921406228
0.0,independent_latents,logger12_balanced,0.0,no_behavior,mae,5,0.011422707716596866,0.0023262725847904876,0.008534258798054098,0.014311156635139634
0.0,independent_latents,logger12_balanced,0.0,no_behavior,top_set_disagreement,5,0.2174757281553398,0.009816019992299745,0.2052875295252528,0.2296639267854268
0.0,independent_latents,logger12_balanced,0.0,no_behavior,mean_regret,5,0.000728115651051589,0.00010490870162785326,0.0005978542931419828,0.0008583770089611953
0.0,independent_latents,logger12_balanced,0.0,source_dependent_reward,mae,5,0.01010725750556306,0.0006359313941931993,0.009317644388065836,0.010896870623060283
0.0,independent_latents,logger12_balanced,0.0,source_dependent_reward,top_set_disagreement,5,0.19611650485436893,0.020287932710236226,0.17092570921008804,0.22130730049864983
0.0,independent_latents,logger12_balanced,0.0,source_dependent_reward,mean_regret,5,0.0006242455605456887,7.490722251557948e-05,0.0005312359591426551,0.0007172551619487223
0.0,independent_latents,logger12_balanced,0.002,pooled_mlp,mae,5,0.011539514896194245,0.0007529735359607215,0.010604574764991628,0.012474455027396861
0.0,independent_latents,logger12_balanced,0.002,pooled_mlp,top_set_disagreement,5,0.22071197411003238,0.03692725391740042,0.17486073236826727,0.2665632158517975
0.0,independent_latents,logger12_balanced,0.002,pooled_mlp,mean_regret,5,0.0007803704922058709,0.00014942302453793932,0.0005948373021343936,0.0009659036822773481
0.0,independent_latents,logger12_balanced,0.002,source_balanced_pooled_mlp,mae,5,0.011539514896194245,0.0007529735359607215,0.010604574764991628,0.012474455027396861
0.0,independent_latents,logger12_balanced,0.002,source_balanced_pooled_mlp,top_set_disagreement,5,0.22071197411003238,0.03692725391740042,0.17486073236826727,0.2665632158517975
0.0,independent_latents,logger12_balanced,0.002,source_balanced_pooled_mlp,mean_regret,5,0.0007803704922058709,0.00014942302453793932,0.0005948373021343936,0.0009659036822773481
0.0,independent_latents,logger12_balanced,0.002,source_conditioned_decoder,mae,5,0.010135236560746507,0.0005091826215698528,0.009503002831032208,0.010767470290460806
0.0,independent_latents,logger12_balanced,0.002,source_conditioned_decoder,top_set_disagreement,5,0.1818770226537217,0.04356328458372516,0.127786060542605,0.23596798476483838
0.0,independent_latents,logger12_balanced,0.002,source_conditioned_decoder,mean_regret,5,0.000552044631206325,0.0001544571021641054,0.0003602608081822742,0.0007438284542303757
0.0,independent_latents,logger12_balanced,0.002,per_source_models,mae,5,0.00949744863100874,0.0004285037337670151,0.008965390971694347,0.010029506290323134
0.0,independent_latents,logger12_balanced,0.002,per_source_models,top_set_disagreement,5,0.16440129449838187,0.02721142137162189,0.1306138522412864,0.19818873675547732
0.0,independent_latents,logger12_balanced,0.002,per_source_models,mean_regret,5,0.0005331193043312432,8.971885064925629e-05,0.0004217186375198411,0.0006445199711426453
0.0,independent_latents,logger12_balanced,0.002,mechanism_separated,mae,5,0.011140635215117841,0.0009636849478150188,0.009944062309805057,0.012337208120430626
0.0,independent_latents,logger12_balanced,0.002,mechanism_separated,top_set_disagreement,5,0.2297734627831715,0.025788636651309437,0.19775264109048243,0.26179428447586056
0.0,independent_latents,logger12_balanced,0.002,mechanism_separated,mean_regret,5,0.0008015270947217348,7.810551540891476e-05,0.0007045462881773358,0.0008985079012661338
0.0,independent_latents,logger12_balanced,0.002,oracle_u_aware,mae,5,0.010645651383047265,0.0012099178532887591,0.009143339943834625,0.012147962822259904
0.0,independent_latents,logger12_balanced,0.002,oracle_u_aware,top_set_disagreement,5,0.19352750809061486,0.015920225082522766,0.17375993776234577,0.21329507841888395
0.0,independent_latents,logger12_balanced,0.002,oracle_u_aware,mean_regret,5,0.0006487896304770294,5.5979593245309025e-05,0.0005792817849102384,0.0007182974760438204
0.0,independent_latents,logger12_balanced,0.002,source_shuffle,mae,5,0.011217291018877057,0.0008811171518080125,0.010123239573277204,0.01231134246447691
0.0,independent_latents,logger12_balanced,0.002,source_shuffle,top_set_disagreement,5,0.20711974110032366,0.014290875188232766,0.18937527587627156,0.22486420632437576
0.0,independent_latents,logger12_balanced,0.002,source_shuffle,mean_regret,5,0.0007088597530747868,8.376651405742514e-05,0.0006048498883146523,0.0008128696178349214
0.0,independent_latents,logger12_balanced,0.002,no_behavior,mae,5,0.011530720048379978,0.0025585628374913873,0.008353844685924849,0.014707595410835108
0.0,independent_latents,logger12_balanced,0.002,no_behavior,top_set_disagreement,5,0.24854368932038834,0.009545554177186158,0.2366913183556727,0.260396060285104
0.0,independent_latents,logger12_balanced,0.002,no_behavior,mean_regret,5,0.0008747440234353431,3.6694211465626414e-05,0.0008291821421159989,0.0009203059047546872
0.0,independent_latents,logger12_balanced,0.002,source_dependent_reward,mae,5,0.01117293496325596,0.0016810175261688356,0.00908567602066256,0.01326019390584936
0.0,independent_latents,logger12_balanced,0.002,source_dependent_reward,top_set_disagreement,5,0.17928802588996764,0.03273251212554119,0.1386452440129149,0.2199308077670204
0.0,independent_latents,logger12_balanced,0.002,source_dependent_reward,mean_regret,5,0.0005884083593472016,0.00012184057426589376,0.000437123304760769,0.0007396934139336343
0.0,independent_latents,logger12_balanced,0.005,pooled_mlp,mae,5,0.012333841525945159,0.0007967156060513862,0.011344588441104059,0.013323094610786259
0.0,independent_latents,logger12_balanced,0.005,pooled_mlp,top_set_disagreement,5,0.21682847896440133,0.02299784854943672,0.18827287838442303,0.24538407954437963
0.0,independent_latents,logger12_balanced,0.005,pooled_mlp,mean_regret,5,0.0008165206758815903,0.00012058682237530757,0.0006667923598803786,0.0009662489918828021
0.0,independent_latents,logger12_balanced,0.005,source_balanced_pooled_mlp,mae,5,0.012333841525945159,0.0007967156060513862,0.011344588441104059,0.013323094610786259
0.0,independent_latents,logger12_balanced,0.005,source_balanced_pooled_mlp,top_set_disagreement,5,0.21682847896440133,0.02299784854943672,0.18827287838442303,0.24538407954437963
0.0,independent_latents,logger12_balanced,0.005,source_balanced_pooled_mlp,mean_regret,5,0.0008165206758815903,0.00012058682237530757,0.0006667923598803786,0.0009662489918828021
0.0,independent_latents,logger12_balanced,0.005,source_conditioned_decoder,mae,5,0.011550114405755482,0.0014375725372516165,0.009765132341443706,0.013335096470067257
0.0,independent_latents,logger12_balanced,0.005,source_conditioned_decoder,top_set_disagreement,5,0.20970873786407768,0.040186826087444366,0.15981020270922208,0.25960727301893327
0.0,independent_latents,logger12_balanced,0.005,source_conditioned_decoder,mean_regret,5,0.0007236394000218937,0.00016779298836210795,0.0005152968872216407,0.0009319819128221468
0.0,independent_latents,logger12_balanced,0.005,per_source_models,mae,5,0.009458533969208715,0.0007513414029322648,0.008525620398827812,0.010391447539589618
0.0,independent_latents,logger12_balanced,0.005,per_source_models,top_set_disagreement,5,0.1715210355987055,0.036898881071169516,0.12570502339863188,0.2173370477987791
0.0,independent_latents,logger12_balanced,0.005,per_source_models,mean_regret,5,0.0005659015158938085,0.0001471364853975838,0.0003832074391533945,0.0007485955926342225
0.0,independent_latents,logger12_balanced,0.005,mechanism_separated,mae,5,0.010782008699034737,0.0003058221005687592,0.010402280406903457,0.011161736991166018
0.0,independent_latents,logger12_balanced,0.005,mechanism_separated,top_set_disagreement,5,0.20647249190938513,0.032556055249085544,0.16604881018306286,0.2468961736357074
0.0,independent_latents,logger12_balanced,0.005,mechanism_separated,mean_regret,5,0.000695619030542432,0.0001574163268587227,0.0005001608447524795,0.0008910772163323846
0.0,independent_latents,logger12_balanced,0.005,oracle_u_aware,mae,5,0.010186767204925458,0.0007978178651767658,0.009196145484611682,0.011177388925239234
0.0,independent_latents,logger12_balanced,0.005,oracle_u_aware,top_set_disagreement,5,0.1941747572815534,0.024540049980749358,0.16370426070633587,0.22464525385677092
0.0,independent_latents,logger12_balanced,0.005,oracle_u_aware,mean_regret,5,0.0006441208639803249,0.00013018357103539616,0.0004824766106680708,0.0008057651172925789
0.0,independent_latents,logger12_balanced,0.005,source_shuffle,mae,5,0.011355060378942967,0.0011036473102886389,0.009984701247043143,0.012725419510842792
0.0,independent_latents,logger12_balanced,0.005,source_shuffle,top_set_disagreement,5,0.23430420711974112,0.03778239190342076,0.1873911713272381,0.28121724291224415
0.0,independent_latents,logger12_balanced,0.005,source_shuffle,mean_regret,5,0.0008025250409075849,0.00017143546343370485,0.0005896597979465753,0.0010153902838685946
0.0,independent_latents,logger12_balanced,0.005,no_behavior,mae,5,0.010713925989897975,0.000900786218982744,0.009595452171709007,0.011832399808086943
0.0,independent_latents,logger12_balanced,0.005,no_behavior,top_set_disagreement,5,0.2058252427184466,0.02935901211661289,0.1693712143504202,0.24227927108647299
0.0,independent_latents,logger12_balanced,0.005,no_behavior,mean_regret,5,0.0007175943494460536,9.68700562094585e-05,0.0005973142881467938,0.0008378744107453134
0.0,independent_latents,logger12_balanced,0.005,source_dependent_reward,mae,5,0.011144409988554486,0.0008685913468903252,0.01006591138396945,0.012222908593139521
0.0,independent_latents,logger12_balanced,0.005,source_dependent_reward,top_set_disagreement,5,0.19352750809061486,0.010830550505295477,0.18007960344746185,0.20697541273376788
0.0,independent_latents,logger12_balanced,0.005,source_dependent_reward,mean_regret,5,0.0006196994755009815,8.562289337794702e-05,0.000513384611371545,0.000726014339630418
0.0,independent_latents,logger12_balanced,0.01,pooled_mlp,mae,5,0.012583916260855662,0.001143860035033297,0.011163626436370718,0.014004206085340606
0.0,independent_latents,logger12_balanced,0.01,pooled_mlp,top_set_disagreement,5,0.2110032362459547,0.015075488283303708,0.1922845451892338,0.22972192730267563
0.0,independent_latents,logger12_balanced,0.01,pooled_mlp,mean_regret,5,0.0007584432580457033,6.442379285688028e-05,0.0006784505538275781,0.0008384359622638285
0.0,independent_latents,logger12_balanced,0.01,source_balanced_pooled_mlp,mae,5,0.012583916260855662,0.001143860035033297,0.011163626436370718,0.014004206085340606
0.0,independent_latents,logger12_balanced,0.01,source_balanced_pooled_mlp,top_set_disagreement,5,0.2110032362459547,0.015075488283303708,0.1922845451892338,0.22972192730267563
0.0,independent_latents,logger12_balanced,0.01,source_balanced_pooled_mlp,mean_regret,5,0.0007584432580457033,6.442379285688028e-05,0.0006784505538275781,0.0008384359622638285
0.0,independent_latents,logger12_balanced,0.01,source_conditioned_decoder,mae,5,0.011356154276905927,0.0006104647705556935,0.0105981621491352,0.012114146404676654
0.0,independent_latents,logger12_balanced,0.01,source_conditioned_decoder,top_set_disagreement,5,0.19158576051779935,0.04314050597924417,0.13801974737907755,0.24515177365652116
0.0,independent_latents,logger12_balanced,0.01,source_conditioned_decoder,mean_regret,5,0.0006187392534379031,0.00018071508341020988,0.00039435184043505475,0.0008431266664407516
0.0,independent_latents,logger12_balanced,0.01,per_source_models,mae,5,0.010172803661743017,0.0005069785389556911,0.00954330666205979,0.010802300661426244
0.0,independent_latents,logger12_balanced,0.01,per_source_models,top_set_disagreement,5,0.19093851132686085,0.030786889304919813,0.15271153926025732,0.22916548339346438
0.0,independent_latents,logger12_balanced,0.01,per_source_models,mean_regret,5,0.0006438003450948101,8.53486111509859e-05,0.0005378260473319383,0.0007497746428576818
0.0,independent_latents,logger12_balanced,0.01,mechanism_separated,mae,5,0.011537518955495988,0.0007570188693578561,0.010597555879453418,0.012477482031538558
0.0,independent_latents,logger12_balanced,0.01,mechanism_separated,top_set_disagreement,5,0.2233009708737864,0.04633599049603998,0.16576723965374168,0.2808347020938311
0.0,independent_latents,logger12_balanced,0.01,mechanism_separated,mean_regret,5,0.0008093293316650159,0.0001981170219862422,0.000563334558033355,0.0010553241052966768
0.0,independent_latents,logger12_balanced,0.01,oracle_u_aware,mae,5,0.010671451833697766,0.0015618578347821894,0.008732149189936235,0.012610754477459296
0.0,independent_latents,logger12_balanced,0.01,oracle_u_aware,top_set_disagreement,5,0.20841423948220067,0.021781642291862573,0.18136875842664235,0.235459720537759
0.0,independent_latents,logger12_balanced,0.01,oracle_u_aware,mean_regret,5,0.0006946731585006746,8.014622426912244e-05,0.0005951584772337403,0.000794187839767609
0.0,independent_latents,logger12_balanced,0.01,source_shuffle,mae,5,0.011882859418291699,0.000516635190979627,0.01124137210144717,0.012524346735136228
0.0,independent_latents,logger12_balanced,0.01,source_shuffle,top_set_disagreement,5,0.2336569579288026,0.03404986003252462,0.19137847258253943,0.27593544327506575
0.0,independent_latents,logger12_balanced,0.01,source_shuffle,mean_regret,5,0.0008359298214462941,0.00011986082524262656,0.0006871029499475315,0.0009847566929450568
0.0,independent_latents,logger12_balanced,0.01,no_behavior,mae,5,0.011578701055195683,0.0006818650294180647,0.01073205379653312,0.012425348313858246
0.0,independent_latents,logger12_balanced,0.01,no_behavior,top_set_disagreement,5,0.20841423948220061,0.04278703917420948,0.1552871133498505,0.26154136561455077
0.0,independent_latents,logger12_balanced,0.01,no_behavior,mean_regret,5,0.0007367803162118393,0.0002067477686169298,0.000480069055211235,0.0009934915772124436
0.0,independent_latents,logger12_balanced,0.01,source_dependent_reward,mae,5,0.010996101566553462,0.0007185276020908311,0.010103931711321595,0.011888271421785328
0.0,independent_latents,logger12_balanced,0.01,source_dependent_reward,top_set_disagreement,5,0.18640776699029127,0.01839258542185479,0.16357035583808674,0.2092451781424958
0.0,independent_latents,logger12_balanced,0.01,source_dependent_reward,mean_regret,5,0.000621554816849906,0.00010344263189412271,0.0004931138249475292,0.0007499958087522829
0.0,independent_latents,logger12_balanced,0.02,pooled_mlp,mae,5,0.012603318566317195,0.00041477129684825765,0.012088311979532427,0.013118325153101964
0.0,independent_latents,logger12_balanced,0.02,pooled_mlp,top_set_disagreement,5,0.22524271844660193,0.028636662531558495,0.189685605552455,0.26079983134074886
0.0,independent_latents,logger12_balanced,0.02,pooled_mlp,mean_regret,5,0.0008427035506201472,0.00010921547317326205,0.0007070946295341184,0.000978312471706176
0.0,independent_latents,logger12_balanced,0.02,source_balanced_pooled_mlp,mae,5,0.012603318566317195,0.00041477129684825765,0.012088311979532427,0.013118325153101964
0.0,independent_latents,logger12_balanced,0.02,source_balanced_pooled_mlp,top_set_disagreement,5,0.22524271844660193,0.028636662531558495,0.189685605552455,0.26079983134074886
0.0,independent_latents,logger12_balanced,0.02,source_balanced_pooled_mlp,mean_regret,5,0.0008427035506201472,0.00010921547317326205,0.0007070946295341184,0.000978312471706176
0.0,independent_latents,logger12_balanced,0.02,source_conditioned_decoder,mae,5,0.012209935212857456,0.001358047010198217,0.010523697132426065,0.013896173293288846
0.0,independent_latents,logger12_balanced,0.02,source_conditioned_decoder,top_set_disagreement,5,0.17216828478964402,0.029959318604616484,0.13496887746757544,0.2093676921117126
0.0,independent_latents,logger12_balanced,0.02,source_conditioned_decoder,mean_regret,5,0.0005790626960936531,0.0001468838863819508,0.00039668226245693225,0.0007614431297303739
0.0,independent_latents,logger12_balanced,0.02,per_source_models,mae,5,0.01105151826200165,0.000798348793148283,0.01006023730754,0.012042799216463299
0.0,independent_latents,logger12_balanced,0.02,per_source_models,top_set_disagreement,5,0.19093851132686085,0.03711114867695701,0.14485893408269598,0.23701808857102571
0.0,independent_latents,logger12_balanced,0.02,per_source_models,mean_regret,5,0.0006855907942707913,0.00012759251630803934,0.0005271637603308719,0.0008440178282107107
0.0,independent_latents,logger12_balanced,0.02,mechanism_separated,mae,5,0.013034999624918336,0.0010406204010088428,0.01174289873718929,0.014327100512647382
0.0,independent_latents,logger12_balanced,0.02,mechanism_separated,top_set_disagreement,5,0.2375404530744337,0.042232699722355514,0.18510163028223464,0.28997927586663275
0.0,independent_latents,logger12_balanced,0.02,mechanism_separated,mean_regret,5,0.0008774922167485752,0.0001305576556797003,0.0007153834760012078,0.0010396009574959425
0.0,independent_latents,logger12_balanced,0.02,oracle_u_aware,mae,5,0.010346878672002515,0.0007304624582089841,0.009439889735604995,0.011253867608400034
0.0,independent_latents,logger12_balanced,0.02,oracle_u_aware,top_set_disagreement,5,0.21488673139158573,0.02260744232566082,0.18681588416434466,0.2429575786188268
0.0,independent_latents,logger12_balanced,0.02,oracle_u_aware,mean_regret,5,0.0007235871266758869,0.00010843732499477464,0.0005889444041683538,0.00085822984918342
0.0,independent_latents,logger12_balanced,0.02,source_shuffle,mae,5,0.012507966993240208,0.0009412345002357328,0.011339270000430184,0.013676663986050231
0.0,independent_latents,logger12_balanced,0.02,source_shuffle,top_set_disagreement,5,0.2524271844660194,0.048489721889228794,0.1922192425132509,0.31263512641878793
0.0,independent_latents,logger12_balanced,0.02,source_shuffle,mean_regret,5,0.0008910007691510929,0.00018501539145951966,0.0006612738184622308,0.0011207277198399552
0.0,independent_latents,logger12_balanced,0.02,no_behavior,mae,5,0.012479772501278127,0.0010880658015092195,0.011128760367867403,0.01383078463468885
0.0,independent_latents,logger12_balanced,0.02,no_behavior,top_set_disagreement,5,0.229126213592233,0.022468032307714936,0.2012284667652643,0.2570239604192017
0.0,independent_latents,logger12_balanced,0.02,no_behavior,mean_regret,5,0.0008132714668874389,0.00013399357670126948,0.0006468964667069176,0.0009796464670679603
0.0,independent_latents,logger12_balanced,0.02,source_dependent_reward,mae,5,0.012506245056056195,0.0013303162517744418,0.010854439260002494,0.014158050852109897
0.0,independent_latents,logger12_balanced,0.02,source_dependent_reward,top_set_disagreement,5,0.2161812297734628,0.03811358063543635,0.16885696885580526,0.26350549069112034
0.0,independent_latents,logger12_balanced,0.02,source_dependent_reward,mean_regret,5,0.0007135156759355641,0.00018142744800362404,0.00048824374546347835,0.0009387876064076499
0.0,independent_latents,logger12_balanced,0.05,pooled_mlp,mae,5,0.013823299901883393,0.00047410606304664426,0.01323461947206825,0.014411980331698536
0.0,independent_latents,logger12_balanced,0.05,pooled_mlp,top_set_disagreement,5,0.2601941747572815,0.050943897931760226,0.19693897076724753,0.3234493787473155
0.0,independent_latents,logger12_balanced,0.05,pooled_mlp,mean_regret,5,0.0009882497089800492,0.0002459737003692739,0.0006828330207265613,0.001293666397233537
0.0,independent_latents,logger12_balanced,0.05,source_balanced_pooled_mlp,mae,5,0.013823299901883393,0.00047410606304664426,0.01323461947206825,0.014411980331698536
0.0,independent_latents,logger12_balanced,0.05,source_balanced_pooled_mlp,top_set_disagreement,5,0.2601941747572815,0.050943897931760226,0.19693897076724753,0.3234493787473155
0.0,independent_latents,logger12_balanced,0.05,source_balanced_pooled_mlp,mean_regret,5,0.0009882497089800492,0.0002459737003692739,0.0006828330207265613,0.001293666397233537
0.0,independent_latents,logger12_balanced,0.05,source_conditioned_decoder,mae,5,0.012938999469725154,0.0009801988664323372,0.01172192182619598,0.014156077113254329
0.0,independent_latents,logger12_balanced,0.05,source_conditioned_decoder,top_set_disagreement,5,0.19158576051779935,0.05026088973027101,0.1291786232220324,0.25399289781356627
0.0,independent_latents,logger12_balanced,0.05,source_conditioned_decoder,mean_regret,5,0.0007562134385611079,0.00026099691145094683,0.0004321429699700909,0.001080283907152125
0.0,independent_latents,logger12_balanced,0.05,per_source_models,mae,5,0.012797993724988733,0.0012514566420577036,0.011244105067232705,0.014351882382744761
0.0,independent_latents,logger12_balanced,0.05,per_source_models,top_set_disagreement,5,0.26601941747572816,0.05285097801743778,0.200396260801617,0.33164257414983933
0.0,independent_latents,logger12_balanced,0.05,per_source_models,mean_regret,5,0.0010368145700298986,0.00020480024221510173,0.0007825214824479955,0.0012911076576118015
0.0,independent_latents,logger12_balanced,0.05,mechanism_separated,mae,5,0.013568364439780245,0.001502926756162353,0.01170223439471628,0.01543449448484421
0.0,independent_latents,logger12_balanced,0.05,mechanism_separated,top_set_disagreement,5,0.23818770226537217,0.01365373664060129,0.2212343490377819,0.25514105549296245
0.0,independent_latents,logger12_balanced,0.05,mechanism_separated,mean_regret,5,0.0009249160287941266,8.556331748082163e-05,0.0008186751379113114,0.001031156919676942
0.0,independent_latents,logger12_balanced,0.05,oracle_u_aware,mae,5,0.010779599516931557,0.001641719882776245,0.008741135043352987,0.012818063990510128
0.0,independent_latents,logger12_balanced,0.05,oracle_u_aware,top_set_disagreement,5,0.18576051779935274,0.02808270957918011,0.15089122834287275,0.22062980725583273
0.0,independent_latents,logger12_balanced,0.05,oracle_u_aware,mean_regret,5,0.0006525178519946077,8.16741574483954e-05,0.0005511059911073092,0.0007539297128819063
0.0,independent_latents,logger12_balanced,0.05,source_shuffle,mae,5,0.013870426547684602,0.0016216457157121052,0.011856887444643503,0.015883965650725702
0.0,independent_latents,logger12_balanced,0.05,source_shuffle,top_set_disagreement,5,0.23430420711974112,0.027612594184726922,0.20001864302355502,0.2685897712159272
0.0,independent_latents,logger12_balanced,0.05,source_shuffle,mean_regret,5,0.0008998793652447695,0.00012399680342404203,0.000745916998540787,0.0010538417319487518
0.0,independent_latents,logger12_balanced,0.05,no_behavior,mae,5,0.013584519302976805,0.0017828304152563259,0.011370842961450354,0.015798195644503257
0.0,independent_latents,logger12_balanced,0.05,no_behavior,top_set_disagreement,5,0.22588996763754046,0.032232749768255624,0.18586772268718665,0.26591221258789427
0.0,independent_latents,logger12_balanced,0.05,no_behavior,mean_regret,5,0.0008609393306678934,0.0001617432624675635,0.0006601085447098973,0.0010617701166258896
0.0,independent_latents,logger12_balanced,0.05,source_dependent_reward,mae,5,0.013217919824262781,0.001387441677086009,0.011495183444217629,0.014940656204307933
0.0,independent_latents,logger12_balanced,0.05,source_dependent_reward,top_set_disagreement,5,0.2045307443365696,0.035628113772227535,0.1602925981416869,0.2487688905314523
0.0,independent_latents,logger12_balanced,0.05,source_dependent_reward,mean_regret,5,0.0007730333181987061,0.00012787854145466693,0.0006142511371316383,0.0009318154992657739
0.0,independent_latents,logger12_balanced,0.1,pooled_mlp,mae,5,0.014967950105059493,0.0004086026335215468,0.014460602925444542,0.015475297284674444
0.0,independent_latents,logger12_balanced,0.1,pooled_mlp,top_set_disagreement,5,0.2880258899676375,0.027555641368812955,0.2538110421325681,0.3222407378027069
0.0,independent_latents,logger12_balanced,0.1,pooled_mlp,mean_regret,5,0.0011994572523251455,0.00018812762184836258,0.0009658659572083413,0.0014330485474419495
0.0,independent_latents,logger12_balanced,0.1,source_balanced_pooled_mlp,mae,5,0.014967950105059493,0.0004086026335215468,0.014460602925444542,0.015475297284674444
0.0,independent_latents,logger12_balanced,0.1,source_balanced_pooled_mlp,top_set_disagreement,5,0.2880258899676375,0.027555641368812955,0.2538110421325681,0.3222407378027069
0.0,independent_latents,logger12_balanced,0.1,source_balanced_pooled_mlp,mean_regret,5,0.0011994572523251455,0.00018812762184836258,0.0009658659572083413,0.0014330485474419495
0.0,independent_latents,logger12_balanced,0.1,source_conditioned_decoder,mae,5,0.014598134592837477,0.0005988621419129378,0.013854549031336988,0.015341720154337967
0.0,independent_latents,logger12_balanced,0.1,source_conditioned_decoder,top_set_disagreement,5,0.2932038834951456,0.04458508763571398,0.23784418532111967,0.3485635816691715
0.0,independent_latents,logger12_balanced,0.1,source_conditioned_decoder,mean_regret,5,0.0012015649866571729,0.00019367562369043765,0.0009610849373910959,0.0014420450359232497
0.0,independent_latents,logger12_balanced,0.1,per_source_models,mae,5,0.013637135884514078,0.0003628240169586734,0.01318663036497282,0.014087641404055336
0.0,independent_latents,logger12_balanced,0.1,per_source_models,top_set_disagreement,5,0.30097087378640774,0.05273194413203988,0.23549551720236145,0.36644623037045404
0.0,independent_latents,logger12_balanced,0.1,per_source_models,mean_regret,5,0.001316283479420225,0.00028161755057160313,0.0009666091056131368,0.001665957853227313
0.0,independent_latents,logger12_balanced,0.1,mechanism_separated,mae,5,0.015100237171524828,0.0006315410411207194,0.014316075397377106,0.015884398945672548
0.0,independent_latents,logger12_balanced,0.1,mechanism_separated,top_set_disagreement,5,0.27313915857605175,0.06980845829999047,0.1864605091348447,0.3598178080172588
0.0,independent_latents,logger12_balanced,0.1,mechanism_separated,mean_regret,5,0.0011008664420368184,0.00029326856160337634,0.0007367254272889025,0.0014650074567847343
0.0,independent_latents,logger12_balanced,0.1,oracle_u_aware,mae,5,0.010783609797689971,0.0015330789100893565,0.008880040908626548,0.012687178686753394
0.0,independent_latents,logger12_balanced,0.1,oracle_u_aware,top_set_disagreement,5,0.20258899676375403,0.04000397965142379,0.15291749544570504,0.252260498081803
0.0,independent_latents,logger12_balanced,0.1,oracle_u_aware,mean_regret,5,0.0006350541814451688,0.00012556864830207026,0.0004791401115453776,0.00079096825134496
0.0,independent_latents,logger12_balanced,0.1,source_shuffle,mae,5,0.015021120638901597,0.0004562454456177654,0.014454617094733583,0.015587624183069611
0.0,independent_latents,logger12_balanced,0.1,source_shuffle,top_set_disagreement,5,0.27313915857605175,0.043575303699579106,0.21903327276148898,0.3272450443906145
0.0,independent_latents,logger12_balanced,0.1,source_shuffle,mean_regret,5,0.0011147098581651665,0.00020004475845947822,0.0008663214835566641,0.001363098232773669
0.0,independent_latents,logger12_balanced,0.1,no_behavior,mae,5,0.014971294301959143,0.0006351051673421373,0.014182707080597233,0.015759881523321053
0.0,independent_latents,logger12_balanced,0.1,no_behavior,top_set_disagreement,5,0.27055016181229774,0.05325566972355783,0.20442451401632566,0.3366758096082698
0.0,independent_latents,logger12_balanced,0.1,no_behavior,mean_regret,5,0.0011270380653266182,0.000234486843807586,0.0008358841933183089,0.0014181919373349274
0.0,independent_latents,logger12_balanced,0.1,source_dependent_reward,mae,5,0.015124954580683275,0.0017831256068170014,0.01291091171042336,0.01733899745094319
0.0,independent_latents,logger12_balanced,0.1,source_dependent_reward,top_set_disagreement,5,0.26925566343042073,0.08315326005569505,0.16600725408598888,0.3725040727748526
0.0,independent_latents,logger12_balanced,0.1,source_dependent_reward,mean_regret,5,0.0011326244101122229,0.00040745913856413536,0.0006266970670180161,0.0016385517532064298
0.0,independent_latents,logger2_heavy,0.0,pooled_mlp,mae,5,0.011446176804236957,0.0010071757742794783,0.010195602905451125,0.012696750703022789
0.0,independent_latents,logger2_heavy,0.0,pooled_mlp,top_set_disagreement,5,0.23106796116504852,0.016278027624542783,0.21085612030188736,0.25127980202820965
0.0,independent_latents,logger2_heavy,0.0,pooled_mlp,mean_regret,5,0.0008269685790391635,7.406548716838783e-05,0.0007350041301127533,0.0009189330279655737
0.0,independent_latents,logger2_heavy,0.0,source_balanced_pooled_mlp,mae,5,0.011826123678939614,0.001093737262233391,0.01046806949693046,0.013184177860948767
0.0,independent_latents,logger2_heavy,0.0,source_balanced_pooled_mlp,top_set_disagreement,5,0.20906148867313917,0.015953084199179592,0.1892531183627045,0.22886985898357384
0.0,independent_latents,logger2_heavy,0.0,source_balanced_pooled_mlp,mean_regret,5,0.0007457392888459609,8.259138197300108e-05,0.0006431885432881899,0.0008482900344037318
0.0,independent_latents,logger2_heavy,0.0,source_conditioned_decoder,mae,5,0.011239385227967464,0.001194923883376995,0.009755691261384413,0.012723079194550515
0.0,independent_latents,logger2_heavy,0.0,source_conditioned_decoder,top_set_disagreement,5,0.2161812297734628,0.04356328458372514,0.16209026766234613,0.27027219188457946
0.0,independent_latents,logger2_heavy,0.0,source_conditioned_decoder,mean_regret,5,0.0007479093111983458,0.0001562381147028843,0.0005539140690245439,0.0009419045533721477
0.0,independent_latents,logger2_heavy,0.0,per_source_models,mae,5,0.009830955914517383,0.0008161568733318943,0.008817563308014618,0.010844348521020147
0.0,independent_latents,logger2_heavy,0.0,per_source_models,top_set_disagreement,5,0.17411003236245953,0.040381814258418296,0.12396938741563002,0.22425067730928905
0.0,independent_latents,logger2_heavy,0.0,per_source_models,mean_regret,5,0.0005540192088007448,0.00010511975952968901,0.00042349578789289266,0.0006845426297085969
0.0,independent_latents,logger2_heavy,0.0,mechanism_separated,mae,5,0.011295440543938204,0.000349563790166172,0.010861399770613213,0.011729481317263195
0.0,independent_latents,logger2_heavy,0.0,mechanism_separated,top_set_disagreement,5,0.22394822006472492,0.02223373985413291,0.19634138574241983,0.25155505438703
0.0,independent_latents,logger2_heavy,0.0,mechanism_separated,mean_regret,5,0.0007815123584617809,0.00011716810022123254,0.0006360289466791457,0.0009269957702444161
0.0,independent_latents,logger2_heavy,0.0,oracle_u_aware,mae,5,0.010693148949573253,0.000630835576841002,0.009909863125023675,0.01147643477412283
0.0,independent_latents,logger2_heavy,0.0,oracle_u_aware,top_set_disagreement,5,0.20258899676375405,0.011578345514562015,0.18821258197955834,0.21696541154794977
0.0,independent_latents,logger2_heavy,0.0,oracle_u_aware,mean_regret,5,0.0006747084947954573,4.852399877633984e-05,0.0006144579924659925,0.0007349589971249221
0.0,independent_latents,logger2_heavy,0.0,source_shuffle,mae,5,0.011250985555536493,0.0012310397762257397,0.009722447785040172,0.012779523326032815
0.0,independent_latents,logger2_heavy,0.0,source_shuffle,top_set_disagreement,5,0.21812297734627834,0.01223797436970164,0.20292752516047938,0.2333184295320773
0.0,independent_latents,logger2_heavy,0.0,source_shuffle,mean_regret,5,0.00078278996724,6.669558987873228e-05,0.0006999764544486146,0.0008656034800313854
0.0,independent_latents,logger2_heavy,0.0,no_behavior,mae,5,0.011014724644096089,0.0016803102206536533,0.00892834393729662,0.013101105350895557
0.0,independent_latents,logger2_heavy,0.0,no_behavior,top_set_disagreement,5,0.23689320388349513,0.023493451667160558,0.2077222307548416,0.2660641770121487
0.0,independent_latents,logger2_heavy,0.0,no_behavior,mean_regret,5,0.0008619032456763948,0.00016458914006067379,0.0006575388359677389,0.0010662676553850508
0.0,independent_latents,logger2_heavy,0.0,source_dependent_reward,mae,5,0.011505199417274419,0.0012943598417915648,0.00989803940100111,0.013112359433547728
0.0,independent_latents,logger2_heavy,0.0,source_dependent_reward,top_set_disagreement,5,0.2,0.009816019992299741,0.18781180136991302,0.212188198630087
0.0,independent_latents,logger2_heavy,0.0,source_dependent_reward,mean_regret,5,0.0006708528892100097,7.712841687452006e-05,0.0005750853107384662,0.0007666204676815531
0.0,independent_latents,logger2_heavy,0.002,pooled_mlp,mae,5,0.011535930498674267,0.0005118433683722274,0.010900393015447124,0.01217146798190141
0.0,independent_latents,logger2_heavy,0.002,pooled_mlp,top_set_disagreement,5,0.21229773462783172,0.038195929123160055,0.16487122455766112,0.2597242446980023
0.0,independent_latents,logger2_heavy,0.002,pooled_mlp,mean_regret,5,0.0007776176462585999,0.00014180616324664368,0.0006015420386318363,0.0009536932538853635
0.0,independent_latents,logger2_heavy,0.002,source_balanced_pooled_mlp,mae,5,0.011539514896194245,0.0007529735359607215,0.010604574764991628,0.012474455027396861
0.0,independent_latents,logger2_heavy,0.002,source_balanced_pooled_mlp,top_set_disagreement,5,0.22071197411003238,0.03692725391740042,0.17486073236826727,0.2665632158517975
0.0,independent_latents,logger2_heavy,0.002,source_balanced_pooled_mlp,mean_regret,5,0.0007803704922058709,0.00014942302453793932,0.0005948373021343936,0.0009659036822773481
0.0,independent_latents,logger2_heavy,0.002,source_conditioned_decoder,mae,5,0.01104941605614382,0.001287538704684568,0.009450725600243081,0.012648106512044559
0.0,independent_latents,logger2_heavy,0.002,source_conditioned_decoder,top_set_disagreement,5,0.2148867313915858,0.06104421207159701,0.13909033096356802,0.2906831318196036
0.0,independent_latents,logger2_heavy,0.002,source_conditioned_decoder,mean_regret,5,0.0007441264148640275,0.00023477067246181809,0.00045262012303409955,0.0010356327066939554
0.0,independent_latents,logger2_heavy,0.002,per_source_models,mae,5,0.009701954650461236,0.0005209510004208544,0.009055108548410426,0.010348800752512046
0.0,independent_latents,logger2_heavy,0.002,per_source_models,top_set_disagreement,5,0.16310679611650486,0.030324159935592176,0.125454378448707,0.20075921378430273
0.0,independent_latents,logger2_heavy,0.002,per_source_models,mean_regret,5,0.0005429328481175949,0.0001224427254019698,0.0003909001241440192,0.0006949655720911706
0.0,independent_latents,logger2_heavy,0.002,mechanism_separated,mae,5,0.011092891294435263,0.0006633605376054385,0.010269220397061494,0.011916562191809033
0.0,independent_latents,logger2_heavy,0.002,mechanism_separated,top_set_disagreement,5,0.24207119741100325,0.04433775067521852,0.18701860863624967,0.2971237861857568
0.0,independent_latents,logger2_heavy,0.002,mechanism_separated,mean_regret,5,0.0008407245343531123,0.00021201487443828925,0.0005774732976793965,0.001103975771026828
0.0,independent_latents,logger2_heavy,0.002,oracle_u_aware,mae,5,0.010896313654007481,0.001175094915764806,0.009437240602630034,0.012355386705384929
0.0,independent_latents,logger2_heavy,0.002,oracle_u_aware,top_set_disagreement,5,0.18122977346278318,0.04395818028222046,0.12664848357979935,0.235811063345767
0.0,independent_latents,logger2_heavy,0.002,oracle_u_aware,mean_regret,5,0.0005931702313485736,0.0001459671844518728,0.00041192803349551457,0.0007744124292016327
0.0,independent_latents,logger2_heavy,0.002,source_shuffle,mae,5,0.01120082950250349,0.000748771690553221,0.010271106651469384,0.012130552353537594
0.0,independent_latents,logger2_heavy,0.002,source_shuffle,top_set_disagreement,5,0.21035598705501618,0.02046781657066912,0.18494183609737785,0.2357701380126545
0.0,independent_latents,logger2_heavy,0.002,source_shuffle,mean_regret,5,0.0007291314489102693,8.505568394727371e-05,0.0006235208683103414,0.0008347420295101971
0.0,independent_latents,logger2_heavy,0.002,no_behavior,mae,5,0.010764665807963803,0.0005535075073677326,0.010077395463329784,0.011451936152597823
0.0,independent_latents,logger2_heavy,0.002,no_behavior,top_set_disagreement,5,0.2045307443365696,0.01947133845500494,0.1803538843801494,0.22870760429298978
0.0,independent_latents,logger2_heavy,0.002,no_behavior,mean_regret,5,0.0007194865701704132,0.00011219198211387704,0.0005801818250924912,0.0008587913152483353
0.0,independent_latents,logger2_heavy,0.002,source_dependent_reward,mae,5,0.011637013919208575,0.000974552647553076,0.010426946982387757,0.012847080856029394
0.0,independent_latents,logger2_heavy,0.002,source_dependent_reward,top_set_disagreement,5,0.20064724919093851,0.024109489362057184,0.17071136423499542,0.2305831341468816
0.0,independent_latents,logger2_heavy,0.002,source_dependent_reward,mean_regret,5,0.0006368468164601734,6.786892401643267e-05,0.000552576416912142,0.0007211172160082048
0.0,independent_latents,logger2_heavy,0.005,pooled_mlp,mae,5,0.012359230404403676,0.0013906803240697865,0.010632472712995875,0.014085988095811477
0.0,independent_latents,logger2_heavy,0.005,pooled_mlp,top_set_disagreement,5,0.23042071197411004,0.02064613321389849,0.20478515166029326,0.2560562722879268
0.0,independent_latents,logger2_heavy,0.005,pooled_mlp,mean_regret,5,0.0008370113152254499,0.00012384244325762064,0.0006832406119828697,0.0009907820184680302
0.0,independent_latents,logger2_heavy,0.005,source_balanced_pooled_mlp,mae,5,0.012333841525945159,0.0007967156060513862,0.011344588441104059,0.013323094610786259
0.0,independent_latents,logger2_heavy,0.005,source_balanced_pooled_mlp,top_set_disagreement,5,0.21682847896440133,0.02299784854943672,0.18827287838442303,0.24538407954437963
0.0,independent_latents,logger2_heavy,0.005,source_balanced_pooled_mlp,mean_regret,5,0.0008165206758815903,0.00012058682237530757,0.0006667923598803786,0.0009662489918828021
0.0,independent_latents,logger2_heavy,0.005,source_conditioned_decoder,mae,5,0.010829123133300523,0.0003156114333129232,0.010437239779134378,0.011221006487466668
0.0,independent_latents,logger2_heavy,0.005,source_conditioned_decoder,top_set_disagreement,5,0.20258899676375403,0.04687532183430396,0.14438559723788386,0.2607923962896242
0.0,independent_latents,logger2_heavy,0.005,source_conditioned_decoder,mean_regret,5,0.0006839832916764863,0.00020322310341556652,0.00043164848056213655,0.0009363181027908362
0.0,independent_latents,logger2_heavy,0.005,per_source_models,mae,5,0.009347693706928348,0.0002216296594217756,0.009072504137890167,0.00962288327596653
0.0,independent_latents,logger2_heavy,0.005,per_source_models,top_set_disagreement,5,0.18058252427184468,0.03728009256397205,0.13429317548545663,0.22687187305823273
0.0,independent_latents,logger2_heavy,0.005,per_source_models,mean_regret,5,0.0006150908497260691,0.00011090350383547802,0.0004773859617389027,0.0007527957377132356
0.0,independent_latents,logger2_heavy,0.005,mechanism_separated,mae,5,0.011353565148012532,0.001542927955703422,0.009437767053593457,0.013269363242431607
0.0,independent_latents,logger2_heavy,0.005,mechanism_separated,top_set_disagreement,5,0.20776699029126214,0.03933070835577823,0.15893146570204025,0.256602514880484
0.0,independent_latents,logger2_heavy,0.005,mechanism_separated,mean_regret,5,0.0007264048490498018,0.00013565256098030512,0.0005579699478164158,0.0008948397502831877
0.0,independent_latents,logger2_heavy,0.005,oracle_u_aware,mae,5,0.01000162147873108,0.0013713665925812267,0.008298844952383599,0.01170439800507856
0.0,independent_latents,logger2_heavy,0.005,oracle_u_aware,top_set_disagreement,5,0.1948220064724919,0.01850612097798809,0.1718436223077206,0.2178003906372632
0.0,independent_latents,logger2_heavy,0.005,oracle_u_aware,mean_regret,5,0.0006841963909148374,0.00010723575236831329,0.0005510456178788085,0.0008173471639508663
0.0,independent_latents,logger2_heavy,0.005,source_shuffle,mae,5,0.011773649867449403,0.0011033732663628748,0.010403631006026126,0.01314366872887268
0.0,independent_latents,logger2_heavy,0.005,source_shuffle,top_set_disagreement,5,0.21553398058252426,0.02417456232619171,0.18551729686975893,0.2455506642952896
0.0,independent_latents,logger2_heavy,0.005,source_shuffle,mean_regret,5,0.0007667866567695417,0.0001205136600103482,0.0006171491838429234,0.0009164241296961601
0.0,independent_latents,logger2_heavy,0.005,no_behavior,mae,5,0.010937224799437904,0.0009509331014609033,0.00975648540265365,0.012117964196222157
0.0,independent_latents,logger2_heavy,0.005,no_behavior,top_set_disagreement,5,0.229126213592233,0.041025082110797965,0.17818684611190178,0.28006558107256424
0.0,independent_latents,logger2_heavy,0.005,no_behavior,mean_regret,5,0.0007898848007850626,0.0001867420316467678,0.0005580139431378427,0.0010217556584322827
0.0,independent_latents,logger2_heavy,0.005,source_dependent_reward,mae,5,0.011185820791245846,0.0006543162614955759,0.010373379845907508,0.011998261736584184
0.0,independent_latents,logger2_heavy,0.005,source_dependent_reward,top_set_disagreement,5,0.20647249190938508,0.03755997706784246,0.15983562061088602,0.25310936320788413
0.0,independent_latents,logger2_heavy,0.005,source_dependent_reward,mean_regret,5,0.0007024048251154642,0.0001307150074292875,0.0005401007063655801,0.0008647089438653483
0.0,independent_latents,logger2_heavy,0.01,pooled_mlp,mae,5,0.011673510254248537,0.0008229728741049719,0.010651654464974113,0.012695366043522961
0.0,independent_latents,logger2_heavy,0.01,pooled_mlp,top_set_disagreement,5,0.24336569579288025,0.030479183632287646,0.20552079078202717,0.28121060080373333
0.0,independent_latents,logger2_heavy,0.01,pooled_mlp,mean_regret,5,0.0008891370107187701,0.0001484292606681271,0.0007048377414671543,0.001073436279970386
0.0,independent_latents,logger2_heavy,0.01,source_balanced_pooled_mlp,mae,5,0.012583916260855662,0.001143860035033297,0.011163626436370718,0.014004206085340606
0.0,independent_latents,logger2_heavy,0.01,source_balanced_pooled_mlp,top_set_disagreement,5,0.2110032362459547,0.015075488283303708,0.1922845451892338,0.22972192730267563
0.0,independent_latents,logger2_heavy,0.01,source_balanced_pooled_mlp,mean_regret,5,0.0007584432580457033,6.442379285688028e-05,0.0006784505538275781,0.0008384359622638285
0.0,independent_latents,logger2_heavy,0.01,source_conditioned_decoder,mae,5,0.012353310615140205,0.001310401397683132,0.010726232376441163,0.013980388853839247
0.0,independent_latents,logger2_heavy,0.01,source_conditioned_decoder,top_set_disagreement,5,0.20064724919093851,0.03910370865240962,0.15209358196099237,0.24920091642088466
0.0,independent_latents,logger2_heavy,0.01,source_conditioned_decoder,mean_regret,5,0.0006659522285208707,0.00013098407500589386,0.0005033140182480304,0.0008285904387937109
0.0,independent_latents,logger2_heavy,0.01,per_source_models,mae,5,0.010809061115848364,0.000824150474631551,0.00978574314239582,0.011832379089300907
0.0,independent_latents,logger2_heavy,0.01,per_source_models,top_set_disagreement,5,0.19352750809061486,0.02916214971150501,0.15731791668361073,0.229737099497619
0.0,independent_latents,logger2_heavy,0.01,per_source_models,mean_regret,5,0.0006550304473151441,6.842201139870125e-05,0.000570073299076689,0.0007399875955535993
0.0,independent_latents,logger2_heavy,0.01,mechanism_separated,mae,5,0.01223544983061223,0.0012774140741084992,0.010649330763992909,0.013821568897231552
0.0,independent_latents,logger2_heavy,0.01,mechanism_separated,top_set_disagreement,5,0.21423948220064726,0.024794797811492488,0.1834526744153755,0.24502628998591902
0.0,independent_latents,logger2_heavy,0.01,mechanism_separated,mean_regret,5,0.0007409731025778711,9.91211257999623e-05,0.0006178979692106314,0.0008640482359451109
0.0,independent_latents,logger2_heavy,0.01,oracle_u_aware,mae,5,0.010227629118681083,0.0006755249482677521,0.009388854110528554,0.011066404126833611
0.0,independent_latents,logger2_heavy,0.01,oracle_u_aware,top_set_disagreement,5,0.22200647249190938,0.0394768949695195,0.17298943324738564,0.27102351173643313
0.0,independent_latents,logger2_heavy,0.01,oracle_u_aware,mean_regret,5,0.0007534972596564597,0.00011948776638048973,0.0006051336019160233,0.0009018609173968962
0.0,independent_latents,logger2_heavy,0.01,source_shuffle,mae,5,0.011508623494913888,0.0009653742933489299,0.010309952990071121,0.012707293999756656
0.0,independent_latents,logger2_heavy,0.01,source_shuffle,top_set_disagreement,5,0.22006472491909385,0.02206825517311627,0.19266336696746134,0.24746608287072636
0.0,independent_latents,logger2_heavy,0.01,source_shuffle,mean_regret,5,0.0007402299386750921,5.0942448711820854e-05,0.0006769765341292823,0.0008034833432209019
0.0,independent_latents,logger2_heavy,0.01,no_behavior,mae,5,0.011471513781257011,0.0009049332146835227,0.010347890787805682,0.01259513677470834
0.0,independent_latents,logger2_heavy,0.01,no_behavior,top_set_disagreement,5,0.22200647249190938,0.016438090743301357,0.2015958870167455,0.24241705796707327
0.0,independent_latents,logger2_heavy,0.01,no_behavior,mean_regret,5,0.0007713209500693583,9.417171763594614e-05,0.0006543913186317933,0.0008882505815069233
0.0,independent_latents,logger2_heavy,0.01,source_dependent_reward,mae,5,0.011654052558562878,0.0018666010157189382,0.00933636127833409,0.013971743838791666
0.0,independent_latents,logger2_heavy,0.01,source_dependent_reward,top_set_disagreement,5,0.23042071197411004,0.01672234392590785,0.20965717955572882,0.25118424439249126
0.0,independent_latents,logger2_heavy,0.01,source_dependent_reward,mean_regret,5,0.0008318395178664107,6.491856265427485e-05,0.0007512324758034621,0.0009124465599293593
0.0,independent_latents,logger2_heavy,0.02,pooled_mlp,mae,5,0.0123267166792075,0.0011121125226214222,0.010945846597916909,0.013707586760498092
0.0,independent_latents,logger2_heavy,0.02,pooled_mlp,top_set_disagreement,5,0.2466019417475728,0.06163328251690828,0.17007411375520617,0.32312976973993945
0.0,independent_latents,logger2_heavy,0.02,pooled_mlp,mean_regret,5,0.0009123847309897793,0.00037953551763652985,0.00044112914270086947,0.001383640319278689
0.0,independent_latents,logger2_heavy,0.02,source_balanced_pooled_mlp,mae,5,0.012603318566317195,0.00041477129684825765,0.012088311979532427,0.013118325153101964
0.0,independent_latents,logger2_heavy,0.02,source_balanced_pooled_mlp,top_set_disagreement,5,0.22524271844660193,0.028636662531558495,0.189685605552455,0.26079983134074886
0.0,independent_latents,logger2_heavy,0.02,source_balanced_pooled_mlp,mean_regret,5,0.0008427035506201472,0.00010921547317326205,0.0007070946295341184,0.000978312471706176
0.0,independent_latents,logger2_heavy,0.02,source_conditioned_decoder,mae,5,0.012523182056010707,0.0010709176335616754,0.011193462185375602,0.013852901926645813
0.0,independent_latents,logger2_heavy,0.02,source_conditioned_decoder,top_set_disagreement,5,0.22459546925566345,0.0631938657494803,0.1461299212472117,0.3030610172641152
0.0,independent_latents,logger2_heavy,0.02,source_conditioned_decoder,mean_regret,5,0.0008186479730914406,0.0002775223041474425,0.0004740585193330054,0.0011632374268498759
0.0,independent_latents,logger2_heavy,0.02,per_source_models,mae,5,0.011138901799695237,0.0007271340139905259,0.010236045672653807,0.012041757926736667
0.0,independent_latents,logger2_heavy,0.02,per_source_models,top_set_disagreement,5,0.19288025889967636,0.04369531302542432,0.13862536182576288,0.24713515597358984
0.0,independent_latents,logger2_heavy,0.02,per_source_models,mean_regret,5,0.000699114002450251,0.00022152467797890372,0.00042405478509016355,0.0009741732198103384
0.0,independent_latents,logger2_heavy,0.02,mechanism_separated,mae,5,0.01225325962442623,0.0008161798857741737,0.011239838444202377,0.013266680804650084
0.0,independent_latents,logger2_heavy,0.02,mechanism_separated,top_set_disagreement,5,0.2530744336569579,0.05294996851065123,0.1873283640512592,0.31882050326265665
0.0,independent_latents,logger2_heavy,0.02,mechanism_separated,mean_regret,5,0.0009079234992777595,0.00021988419395424538,0.0006349012118707187,0.0011809457866848003
0.0,independent_latents,logger2_heavy,0.02,oracle_u_aware,mae,5,0.010483341080255905,0.0006670889912189009,0.009655040696261327,0.011311641464250483
0.0,independent_latents,logger2_heavy,0.02,oracle_u_aware,top_set_disagreement,5,0.20323624595469253,0.029784013889562557,0.16625450818602178,0.24021798372336328
0.0,independent_latents,logger2_heavy,0.02,oracle_u_aware,mean_regret,5,0.0006871059168656663,8.440976853485514e-05,0.0005822973461792236,0.000791914487552109
0.0,independent_latents,logger2_heavy,0.02,source_shuffle,mae,5,0.01230055790152558,0.0007281890731401637,0.01139639174552207,0.01320472405752909
0.0,independent_latents,logger2_heavy,0.02,source_shuffle,top_set_disagreement,5,0.2524271844660194,0.05993611384288716,0.17800666971506401,0.3268476992169748
0.0,independent_latents,logger2_heavy,0.02,source_shuffle,mean_regret,5,0.0009045293438192714,0.00027442517202759255,0.0005637854875117343,0.0012452732001268084
0.0,independent_latents,logger2_heavy,0.02,no_behavior,mae,5,0.011822616293512805,0.0012163247326159833,0.010312349662898717,0.013332882924126894
0.0,independent_latents,logger2_heavy,0.02,no_behavior,top_set_disagreement,5,0.25048543689320385,0.07173232419964079,0.1614179924270291,0.3395528813593786
0.0,independent_latents,logger2_heavy,0.02,no_behavior,mean_regret,5,0.0009164817220423657,0.00031571204955550423,0.0005244734363101726,0.0013084900077745588
0.0,independent_latents,logger2_heavy,0.02,source_dependent_reward,mae,5,0.011314633461946399,0.0010705280633757752,0.009985397306585899,0.012643869617306899
0.0,independent_latents,logger2_heavy,0.02,source_dependent_reward,top_set_disagreement,5,0.21553398058252426,0.0317581111335847,0.17610107733699792,0.2549668838280506
0.0,independent_latents,logger2_heavy,0.02,source_dependent_reward,mean_regret,5,0.0007585376065937596,0.00011426108587253141,0.0006166637298701684,0.0009004114833173508
0.0,independent_latents,logger2_heavy,0.05,pooled_mlp,mae,5,0.013467870420734454,0.0013341070522533648,0.0118113577242017,0.015124383117267208
0.0,independent_latents,logger2_heavy,0.05,pooled_mlp,top_set_disagreement,5,0.2640776699029126,0.05389102642295737,0.19716312256727853,0.33099221723854666
0.0,independent_latents,logger2_heavy,0.05,pooled_mlp,mean_regret,5,0.0010507125047648548,0.0002450337776106069,0.0007464628847618962,0.0013549621247678134
0.0,independent_latents,logger2_heavy,0.05,source_balanced_pooled_mlp,mae,5,0.013823299901883393,0.00047410606304664426,0.01323461947206825,0.014411980331698536
0.0,independent_latents,logger2_heavy,0.05,source_balanced_pooled_mlp,top_set_disagreement,5,0.2601941747572815,0.050943897931760226,0.19693897076724753,0.3234493787473155
0.0,independent_latents,logger2_heavy,0.05,source_balanced_pooled_mlp,mean_regret,5,0.0009882497089800492,0.0002459737003692739,0.0006828330207265613,0.001293666397233537
0.0,independent_latents,logger2_heavy,0.05,source_conditioned_decoder,mae,5,0.014248703387150178,0.0010759889740135497,0.012912686615653346,0.01558472015864701
0.0,independent_latents,logger2_heavy,0.05,source_conditioned_decoder,top_set_disagreement,5,0.23883495145631067,0.052453147912042766,0.1737057661014701,0.30396413681115125
0.0,independent_latents,logger2_heavy,0.05,source_conditioned_decoder,mean_regret,5,0.0008980290589698178,0.00025237629421614907,0.000584662500441544,0.0012113956174980916
0.0,independent_latents,logger2_heavy,0.05,per_source_models,mae,5,0.013012687629068907,0.0011906647021051257,0.01153428213453296,0.014491093123604854
0.0,independent_latents,logger2_heavy,0.05,per_source_models,top_set_disagreement,5,0.2517799352750809,0.051036327214768716,0.1884099651719555,0.3151499053782063
0.0,independent_latents,logger2_heavy,0.05,per_source_models,mean_regret,5,0.001004327428465439,0.00019875426822731331,0.0007575414091182494,0.0012511134478126289
0.0,independent_latents,logger2_heavy,0.05,mechanism_separated,mae,5,0.014560376178975968,0.0011448229922038766,0.013138890685240504,0.01598186167271143
0.0,independent_latents,logger2_heavy,0.05,mechanism_separated,top_set_disagreement,5,0.30097087378640774,0.07315634016477228,0.21013527996346182,0.39180646760935367
0.0,independent_latents,logger2_heavy,0.05,mechanism_separated,mean_regret,5,0.0011342600867849254,0.00036099509270537834,0.000686025476644426,0.0015824946969254248
0.0,independent_latents,logger2_heavy,0.05,oracle_u_aware,mae,5,0.010656312713799961,0.0006173377885313583,0.009889786607049844,0.011422838820550079
0.0,independent_latents,logger2_heavy,0.05,oracle_u_aware,top_set_disagreement,5,0.22718446601941747,0.039063512950178396,0.17868070834581434,0.2756882236930206
0.0,independent_latents,logger2_heavy,0.05,oracle_u_aware,mean_regret,5,0.0007593145262280807,0.0001691028203096161,0.0005493456422549098,0.0009692834102012517
0.0,independent_latents,logger2_heavy,0.05,source_shuffle,mae,5,0.013886732718271006,0.0010560064750793302,0.012575527496294939,0.015197937940247073
0.0,independent_latents,logger2_heavy,0.05,source_shuffle,top_set_disagreement,5,0.27313915857605175,0.08502770503227697,0.1675633183875842,0.3787149987645193
0.0,independent_latents,logger2_heavy,0.05,source_shuffle,mean_regret,5,0.0010759059958555337,0.0004057649386723309,0.0005720822797727412,0.0015797297119383262
0.0,independent_latents,logger2_heavy,0.05,no_behavior,mae,5,0.014272581196459985,0.0013606373597511883,0.012583126772245908,0.01596203562067406
0.0,independent_latents,logger2_heavy,0.05,no_behavior,top_set_disagreement,5,0.2576051779935275,0.07694510795461854,0.16206520760837542,0.3531451483786796
0.0,independent_latents,logger2_heavy,0.05,no_behavior,mean_regret,5,0.0009944880724559139,0.0003662974535424702,0.0005396697117585118,0.0014493064331533158
0.0,independent_latents,logger2_heavy,0.05,source_dependent_reward,mae,5,0.014161966574588023,0.0004675955001649405,0.013581370076311133,0.014742563072864912
0.0,independent_latents,logger2_heavy,0.05,source_dependent_reward,top_set_disagreement,5,0.23430420711974112,0.04868372466315029,0.1738553789070426,0.29475303533243963
0.0,independent_latents,logger2_heavy,0.05,source_dependent_reward,mean_regret,5,0.0009187013951029126,0.0002210535527366916,0.000644227156994725,0.0011931756332111002
0.0,independent_latents,logger2_heavy,0.1,pooled_mlp,mae,5,0.01666868238698093,0.002431412494694445,0.01364968502753603,0.01968767974642583
0.0,independent_latents,logger2_heavy,0.1,pooled_mlp,top_set_disagreement,5,0.2796116504854369,0.05575367111290104,0.21038432429685436,0.3488389766740194
0.0,independent_latents,logger2_heavy,0.1,pooled_mlp,mean_regret,5,0.0012171485063375003,0.00021108491163829992,0.0009550519709922,0.0014792450416828006
0.0,independent_latents,logger2_heavy,0.1,source_balanced_pooled_mlp,mae,5,0.014967950105059493,0.0004086026335215468,0.014460602925444542,0.015475297284674444
0.0,independent_latents,logger2_heavy,0.1,source_balanced_pooled_mlp,top_set_disagreement,5,0.2880258899676375,0.027555641368812955,0.2538110421325681,0.3222407378027069
0.0,independent_latents,logger2_heavy,0.1,source_balanced_pooled_mlp,mean_regret,5,0.0011994572523251455,0.00018812762184836258,0.0009658659572083413,0.0014330485474419495
0.0,independent_latents,logger2_heavy,0.1,source_conditioned_decoder,mae,5,0.01547702912579935,0.0010181900704679188,0.01421277917197078,0.01674127907962792
0.0,independent_latents,logger2_heavy,0.1,source_conditioned_decoder,top_set_disagreement,5,0.26860841423948223,0.05312768659994176,0.20264167848048187,0.3345751499984826
0.0,independent_latents,logger2_heavy,0.1,source_conditioned_decoder,mean_regret,5,0.0011325192772200488,0.00018338993859990605,0.0009048105928277462,0.0013602279616123515
0.0,independent_latents,logger2_heavy,0.1,per_source_models,mae,5,0.013995256507318416,0.0006550815630744577,0.013181865314561812,0.01480864770007502
0.0,independent_latents,logger2_heavy,0.1,per_source_models,top_set_disagreement,5,0.2783171521035599,0.06807664714551012,0.19378883022455878,0.362845473982561
0.0,independent_latents,logger2_heavy,0.1,per_source_models,mean_regret,5,0.0011834496584281493,0.0002935711527230498,0.0008189329271807587,0.00154796638967554
0.0,independent_latents,logger2_heavy,0.1,mechanism_separated,mae,5,0.015079037153522337,0.0008872025422262986,0.013977429697725086,0.01618064460931959
0.0,independent_latents,logger2_heavy,0.1,mechanism_separated,top_set_disagreement,5,0.2627831715210356,0.07981136315192422,0.1636842752477246,0.36188206779434656
0.0,independent_latents,logger2_heavy,0.1,mechanism_separated,mean_regret,5,0.0010912776035540532,0.0003564186401580307,0.0006487254097810832,0.0015338297973270232
0.0,independent_latents,logger2_heavy,0.1,oracle_u_aware,mae,5,0.010806519155266266,0.0016472727708223322,0.008761159860514811,0.01285187845001772
0.0,independent_latents,logger2_heavy,0.1,oracle_u_aware,top_set_disagreement,5,0.21100323624595468,0.013994659100608188,0.1936265718735948,0.22837990061831456
0.0,independent_latents,logger2_heavy,0.1,oracle_u_aware,mean_regret,5,0.0007024142738433707,4.776211335499465e-05,0.0006431097772123465,0.0007617187704743949
0.0,independent_latents,logger2_heavy,0.1,source_shuffle,mae,5,0.015289448723014552,0.001157248992758184,0.013852534311749144,0.01672636313427996
0.0,independent_latents,logger2_heavy,0.1,source_shuffle,top_set_disagreement,5,0.28543689320388343,0.12846306749940306,0.12592892719105428,0.44494485921671256
0.0,independent_latents,logger2_heavy,0.1,source_shuffle,mean_regret,5,0.0012958422680896947,0.000782895121711379,0.0003237495810913195,0.00226793495508807
0.0,independent_latents,logger2_heavy,0.1,no_behavior,mae,5,0.015150100377910463,0.0010552720005038883,0.013839807126572318,0.01646039362924861
0.0,independent_latents,logger2_heavy,0.1,no_behavior,top_set_disagreement,5,0.26666666666666666,0.14337701855394838,0.08864058455843549,0.44469274877489784
0.0,independent_latents,logger2_heavy,0.1,no_behavior,mean_regret,5,0.001249172151170121,0.0008697751312301012,0.0001692036841887477,0.002329140618151494
0.0,independent_latents,logger2_heavy,0.1,source_dependent_reward,mae,5,0.015436639370180666,0.001188774278362349,0.013960581146747475,0.016912697593613857
0.0,independent_latents,logger2_heavy,0.1,source_dependent_reward,top_set_disagreement,5,0.27119741100323624,0.07532184307488284,0.17767299017880053,0.3647218318276719
0.0,independent_latents,logger2_heavy,0.1,source_dependent_reward,mean_regret,5,0.0011488369462261635,0.0003321991416724838,0.0007363572317772478,0.0015613166606750792
0.3,confounded,logger1_heavy,0.0,pooled_mlp,mae,5,0.012910856587595937,0.0011521844364394856,0.011480230653578331,0.014341482521613543
0.3,confounded,logger1_heavy,0.0,pooled_mlp,top_set_disagreement,5,0.1935275080906149,0.02490017354261663,0.16260985905372188,0.2244451571275079
0.3,confounded,logger1_heavy,0.0,pooled_mlp,mean_regret,5,0.00044370998208207655,7.989736004059666e-05,0.00034450430656814346,0.0005429156575960097
0.3,confounded,logger1_heavy,0.0,source_balanced_pooled_mlp,mae,5,0.012115127185518947,0.00039139176402696544,0.0116291501229332,0.012601104248104695
0.3,confounded,logger1_heavy,0.0,source_balanced_pooled_mlp,top_set_disagreement,5,0.21812297734627834,0.03257213628501264,0.17767932837659156,0.2585666263159651
0.3,confounded,logger1_heavy,0.0,source_balanced_pooled_mlp,mean_regret,5,0.0005414071857317382,0.00011927285983294775,0.00039331036971436287,0.0006895040017491135
0.3,confounded,logger1_heavy,0.0,source_conditioned_decoder,mae,5,0.012186585755557968,0.0006722688084306899,0.011351853779014235,0.013021317732101701
0.3,confounded,logger1_heavy,0.0,source_conditioned_decoder,top_set_disagreement,5,0.21294498381877025,0.01864706833771901,0.1897915903917792,0.2360983772457613
0.3,confounded,logger1_heavy,0.0,source_conditioned_decoder,mean_regret,5,0.0005043233491891384,6.919189217356366e-05,0.0004184102677096275,0.0005902364306686493
0.3,confounded,logger1_heavy,0.0,per_source_models,mae,5,0.009766197105410379,0.0007560148591618159,0.008827480672682061,0.010704913538138697
0.3,confounded,logger1_heavy,0.0,per_source_models,top_set_disagreement,5,0.19676375404530747,0.039264079969198964,0.14801095952495946,0.24551654856565547
0.3,confounded,logger1_heavy,0.0,per_source_models,mean_regret,5,0.000481944031365751,0.00012222114329125264,0.0003301864379216988,0.0006337016248098033
0.3,confounded,logger1_heavy,0.0,mechanism_separated,mae,5,0.011436086271785403,0.0008132811933130701,0.010426264293632366,0.01244590824993844
0.3,confounded,logger1_heavy,0.0,mechanism_separated,top_set_disagreement,5,0.21035598705501618,0.008862824555099779,0.19935133688255247,0.2213606372274799
0.3,confounded,logger1_heavy,0.0,mechanism_separated,mean_regret,5,0.0004989641910232374,5.4665577900579854e-05,0.000431087911003084,0.0005668404710433909
0.3,confounded,logger1_heavy,0.0,oracle_u_aware,mae,5,0.01072079168425229,0.0008180318257145535,0.009705071016877632,0.011736512351626949
0.3,confounded,logger1_heavy,0.0,oracle_u_aware,top_set_disagreement,5,0.28737864077669906,0.0519515763618999,0.22287223875819415,0.35188504279520394
0.3,confounded,logger1_heavy,0.0,oracle_u_aware,mean_regret,5,0.0009145420128640088,0.00015856558530445705,0.0007176568342373562,0.0011114271914906613
0.3,confounded,logger1_heavy,0.0,source_shuffle,mae,5,0.012122301124256846,0.001321947620989405,0.010480886355763185,0.013763715892750508
0.3,confounded,logger1_heavy,0.0,source_shuffle,top_set_disagreement,5,0.20258899676375405,0.022020745419034298,0.17524662996332865,0.22993136356417945
0.3,confounded,logger1_heavy,0.0,source_shuffle,mean_regret,5,0.00045330732427031087,0.00010398157155361834,0.0003241971503955341,0.0005824174981450877
0.3,confounded,logger1_heavy,0.0,no_behavior,mae,5,0.012156650192505794,0.0013594181625711389,0.010468709601536896,0.013844590783474692
0.3,confounded,logger1_heavy,0.0,no_behavior,top_set_disagreement,5,0.19676375404530747,0.025420500824149497,0.16520003335565187,0.22832747473496307
0.3,confounded,logger1_heavy,0.0,no_behavior,mean_regret,5,0.00043430591564199686,9.743989264148925e-05,0.00031331830896021953,0.0005552935223237742
0.3,confounded,logger1_heavy,0.0,source_dependent_reward,mae,5,0.01244967582878631,0.002040624299200654,0.009915906102609067,0.014983445554963554
0.3,confounded,logger1_heavy,0.0,source_dependent_reward,top_set_disagreement,5,0.19805825242718447,0.009545554177186165,0.18620588146246883,0.20991062339190011
0.3,confounded,logger1_heavy,0.0,source_dependent_reward,mean_regret,5,0.00043847777223418827,4.157584897154058e-05,0.0003868545373714692,0.0004901010070969073
0.3,confounded,logger1_heavy,0.002,pooled_mlp,mae,5,0.012623424366495401,0.0010439898373579336,0.011327139770957449,0.013919708962033353
0.3,confounded,logger1_heavy,0.002,pooled_mlp,top_set_disagreement,5,0.2517799352750809,0.03852356282188474,0.20394661423660554,0.2996132563135563
0.3,confounded,logger1_heavy,0.002,pooled_mlp,mean_regret,5,0.0006592987564502507,0.0001548106269267352,0.00046707597445596905,0.0008515215384445325
0.3,confounded,logger1_heavy,0.002,source_balanced_pooled_mlp,mae,5,0.011649248703698514,0.0007730928734062633,0.010689327115522054,0.012609170291874973
0.3,confounded,logger1_heavy,0.002,source_balanced_pooled_mlp,top_set_disagreement,5,0.2517799352750809,0.0319881263253115,0.21206143044694747,0.29149844010321435
0.3,confounded,logger1_heavy,0.002,source_balanced_pooled_mlp,mean_regret,5,0.0006681174860557077,0.00014009193118658946,0.0004941703786624801,0.0008420645934489353
0.3,confounded,logger1_heavy,0.002,source_conditioned_decoder,mae,5,0.012347171105843801,0.0008903082148642828,0.011241707448141758,0.013452634763545844
0.3,confounded,logger1_heavy,0.002,source_conditioned_decoder,top_set_disagreement,5,0.25954692556634307,0.021393519587104726,0.23298336250016802,0.2861104886325181
0.3,confounded,logger1_heavy,0.002,source_conditioned_decoder,mean_regret,5,0.0006624117636907292,6.386420471989097e-05,0.0005831138799161255,0.0007417096474653328
0.3,confounded,logger1_heavy,0.002,per_source_models,mae,5,0.010024987072246645,0.0005189803880113536,0.009380587808679126,0.010669386335814164
0.3,confounded,logger1_heavy,0.002,per_source_models,top_set_disagreement,5,0.2511326860841424,0.035716193297919474,0.20678517471322916,0.29548019745505566
0.3,confounded,logger1_heavy,0.002,per_source_models,mean_regret,5,0.0006580483762173055,0.00013330767928520617,0.000492525030164771,0.00082357172226984
0.3,confounded,logger1_heavy,0.002,mechanism_separated,mae,5,0.012205923933218604,0.0013672273073300771,0.01050828700834577,0.013903560858091437
0.3,confounded,logger1_heavy,0.002,mechanism_separated,top_set_disagreement,5,0.2504854368932039,0.029359012116612886,0.21403140852517752,0.28693946526123026
0.3,confounded,logger1_heavy,0.002,mechanism_separated,mean_regret,5,0.0006458088809063005,8.701652212535857e-05,0.0005377635981343412,0.0007538541636782597
0.3,confounded,logger1_heavy,0.002,oracle_u_aware,mae,5,0.011981807302341593,0.0016137473282354354,0.009978075342674137,0.01398553926200905
0.3,confounded,logger1_heavy,0.002,oracle_u_aware,top_set_disagreement,5,0.2912621359223301,0.032844309272143095,0.25048053955323984,0.3320437322914203
0.3,confounded,logger1_heavy,0.002,oracle_u_aware,mean_regret,5,0.0009030760762652409,0.00015122241437290086,0.0007153086486169581,0.0010908435039135237
0.3,confounded,logger1_heavy,0.002,source_shuffle,mae,5,0.011600956359973245,0.0008257052650753314,0.010575707859201908,0.012626204860744582
0.3,confounded,logger1_heavy,0.002,source_shuffle,top_set_disagreement,5,0.2588996763754045,0.031125216928270773,0.22025261507928826,0.29754673767152073
0.3,confounded,logger1_heavy,0.002,source_shuffle,mean_regret,5,0.0006787935578726771,0.00014628169976594916,0.0004971608376772457,0.0008604262780681085
0.3,confounded,logger1_heavy,0.002,no_behavior,mae,5,0.011134159573045425,0.0012996648166404786,0.009520412560490844,0.012747906585600006
0.3,confounded,logger1_heavy,0.002,no_behavior,top_set_disagreement,5,0.2511326860841424,0.013460604752806096,0.23441913776853257,0.26784623439975225
0.3,confounded,logger1_heavy,0.002,no_behavior,mean_regret,5,0.0006462585055516626,5.947920243509495e-05,0.0005724053212461315,0.0007201116898571938
0.3,confounded,logger1_heavy,0.002,source_dependent_reward,mae,5,0.011360777978417173,0.0012241323628647057,0.009840816894411958,0.012880739062422387
0.3,confounded,logger1_heavy,0.002,source_dependent_reward,top_set_disagreement,5,0.24401294498381879,0.029000086494782983,0.2080045816384515,0.2800213083291861
0.3,confounded,logger1_heavy,0.002,source_dependent_reward,mean_regret,5,0.0006132545070555823,0.00011202609207535479,0.00047415574166615403,0.0007523532724450107
0.3,confounded,logger1_heavy,0.005,pooled_mlp,mae,5,0.013668024533181578,0.002522002574926469,0.010536544732518183,0.016799504333844972
0.3,confounded,logger1_heavy,0.005,pooled_mlp,top_set_disagreement,5,0.36310679611650487,0.030306886131891666,0.325475826708874,0.40073776552413576
0.3,confounded,logger1_heavy,0.005,pooled_mlp,mean_regret,5,0.001155302217940754,0.0001535551279145063,0.0009646383438697372,0.0013459660920117707
0.3,confounded,logger1_heavy,0.005,source_balanced_pooled_mlp,mae,5,0.011411489013079654,0.0005428268933976445,0.010737480402291005,0.012085497623868303
0.3,confounded,logger1_heavy,0.005,source_balanced_pooled_mlp,top_set_disagreement,5,0.32103559870550163,0.018364091856454514,0.2982335669876351,0.3438376304233682
0.3,confounded,logger1_heavy,0.005,source_balanced_pooled_mlp,mean_regret,5,0.0009614473080947138,8.968004249843857e-05,0.0008500948279670189,0.0010727997882224087
0.3,confounded,logger1_heavy,0.005,source_conditioned_decoder,mae,5,0.011079730817398587,0.0011422504994764962,0.009661439495268351,0.012498022139528824
0.3,confounded,logger1_heavy,0.005,source_conditioned_decoder,top_set_disagreement,5,0.32427184466019415,0.02593038915729466,0.2920750139841681,0.35646867533622023
0.3,confounded,logger1_heavy,0.005,source_conditioned_decoder,mean_regret,5,0.0009436179349873395,0.00013179971956189929,0.0007799669682339765,0.0011072689017407025
0.3,confounded,logger1_heavy,0.005,per_source_models,mae,5,0.010856279719198707,0.0014735369384841987,0.00902664195265948,0.012685917485737936
0.3,confounded,logger1_heavy,0.005,per_source_models,top_set_disagreement,5,0.2938511326860841,0.02969597345489828,0.2569787115555222,0.330723553816646
0.3,confounded,logger1_heavy,0.005,per_source_models,mean_regret,5,0.000861351854261121,0.00015063700180020169,0.0006743113123284547,0.0010483923961937874
0.3,confounded,logger1_heavy,0.005,mechanism_separated,mae,5,0.011485033841689283,0.0005922083637473458,0.010749710036989043,0.012220357646389523
0.3,confounded,logger1_heavy,0.005,mechanism_separated,top_set_disagreement,5,0.36634304207119744,0.032556055249085544,0.3259193603448752,0.4067667237975197
0.3,confounded,logger1_heavy,0.005,mechanism_separated,mean_regret,5,0.0011415421640101335,0.00017701892272443964,0.0009217441406623823,0.0013613401873578848
0.3,confounded,logger1_heavy,0.005,oracle_u_aware,mae,5,0.01119341808630631,0.000566433727761165,0.010490097719176918,0.011896738453435701
0.3,confounded,logger1_heavy,0.005,oracle_u_aware,top_set_disagreement,5,0.29967637540453074,0.0351992891422103,0.25597068531428346,0.343382065494778
0.3,confounded,logger1_heavy,0.005,oracle_u_aware,mean_regret,5,0.0010283221240697902,0.00017765593061118702,0.0008077331509624928,0.0012489110971770877
0.3,confounded,logger1_heavy,0.005,source_shuffle,mae,5,0.011860911819527154,0.0010288979741157988,0.010583366247242777,0.013138457391811532
0.3,confounded,logger1_heavy,0.005,source_shuffle,top_set_disagreement,5,0.36051779935275075,0.027895614161177938,0.32588081954103293,0.39515477916446856
0.3,confounded,logger1_heavy,0.005,source_shuffle,mean_regret,5,0.0011414893961448238,0.00012931712090493797,0.0009809209827657986,0.0013020578095238491
0.3,confounded,logger1_heavy,0.005,no_behavior,mae,5,0.012384567297601966,0.001834226699827309,0.010107074039882289,0.014662060555321644
0.3,confounded,logger1_heavy,0.005,no_behavior,top_set_disagreement,5,0.34304207119741104,0.0358917039042376,0.29847663462532964,0.38760750776949243
0.3,confounded,logger1_heavy,0.005,no_behavior,mean_regret,5,0.0010655721339578265,0.00021861801133501072,0.0007941220199242407,0.0013370222479914123
0.3,confounded,logger1_heavy,0.005,source_dependent_reward,mae,5,0.011493165694598257,0.0007033034536509345,0.01061989911638752,0.012366432272808994
0.3,confounded,logger1_heavy,0.005,source_dependent_reward,top_set_disagreement,5,0.31521035598705505,0.01627802762454277,0.2949985151238939,0.3354221968502162
0.3,confounded,logger1_heavy,0.005,source_dependent_reward,mean_regret,5,0.0009646497513490004,4.996258187467416e-05,0.0009026130121779094,0.0010266864905200913
0.3,confounded,logger1_heavy,0.01,pooled_mlp,mae,5,0.012688695244271714,0.0008327258325898851,0.011654729557570596,0.013722660930972831
0.3,confounded,logger1_heavy,0.01,pooled_mlp,top_set_disagreement,5,0.5106796116504855,0.042835966622069385,0.45749173406760374,0.5638674892333673
0.3,confounded,logger1_heavy,0.01,pooled_mlp,mean_regret,5,0.0019752726331304926,0.0002506398936220489,0.0016640621007063727,0.0022864831655546127
0.3,confounded,logger1_heavy,0.01,source_balanced_pooled_mlp,mae,5,0.012236543433012304,0.0009834728723901941,0.011015400574155353,0.013457686291869254
0.3,confounded,logger1_heavy,0.01,source_balanced_pooled_mlp,top_set_disagreement,5,0.4809061488673139,0.04825154811568612,0.42099393871446966,0.5408183590201582
0.3,confounded,logger1_heavy,0.01,source_balanced_pooled_mlp,mean_regret,5,0.0017878534187024367,0.00029557834316797283,0.0014208444313420466,0.002154862406062827
0.3,confounded,logger1_heavy,0.01,source_conditioned_decoder,mae,5,0.011637680823628876,0.0005016478769465444,0.011014802715048998,0.012260558932208754
0.3,confounded,logger1_heavy,0.01,source_conditioned_decoder,top_set_disagreement,5,0.46860841423948213,0.02304334384325942,0.4399963237910765,0.49722050468788775
0.3,confounded,logger1_heavy,0.01,source_conditioned_decoder,mean_regret,5,0.001739335838919056,0.0001239764935818919,0.0015853986902148805,0.0018932729876232316
0.3,confounded,logger1_heavy,0.01,per_source_models,mae,5,0.010463009269855642,0.001013721072268401,0.009204308310199449,0.011721710229511835
0.3,confounded,logger1_heavy,0.01,per_source_models,top_set_disagreement,5,0.4588996763754046,0.02187759712770949,0.4317350516547216,0.48606430109608756
0.3,confounded,logger1_heavy,0.01,per_source_models,mean_regret,5,0.001633023339606984,0.00012007721263624047,0.001483927787671906,0.001782118891542062
0.3,confounded,logger1_heavy,0.01,mechanism_separated,mae,5,0.012582029436009598,0.000839766438771837,0.011539321682086821,0.013624737189932375
0.3,confounded,logger1_heavy,0.01,mechanism_separated,top_set_disagreement,5,0.5190938511326861,0.03512482472806507,0.47548062082463033,0.5627070814407419
0.3,confounded,logger1_heavy,0.01,mechanism_separated,mean_regret,5,0.0020020198117439354,0.0002776496787502947,0.0016572722015268531,0.002346767421961018
0.3,confounded,logger1_heavy,0.01,oracle_u_aware,mae,5,0.01206224878131551,0.0013868652030900241,0.010340228188277073,0.013784269374353947
0.3,confounded,logger1_heavy,0.01,oracle_u_aware,top_set_disagreement,5,0.29385113268608415,0.034583948239204,0.250909489241722,0.3367927761304463
0.3,confounded,logger1_heavy,0.01,oracle_u_aware,mean_regret,5,0.0009563130968500824,0.0001588302919416373,0.0007590992415219575,0.0011535269521782071
0.3,confounded,logger1_heavy,0.01,source_shuffle,mae,5,0.012633091044997763,0.0014687938290492183,0.010809342626683491,0.014456839463312035
0.3,confounded,logger1_heavy,0.01,source_shuffle,top_set_disagreement,5,0.5339805825242718,0.028305591722549994,0.49883454833452695,0.5691266167140167
0.3,confounded,logger1_heavy,0.01,source_shuffle,mean_regret,5,0.0020816266364596884,0.0002468424414159452,0.001775131263724787,0.00238812200919459
0.3,confounded,logger1_heavy,0.01,no_behavior,mae,5,0.01262235813946947,0.0013641668043128698,0.010928521331009496,0.014316194947929442
0.3,confounded,logger1_heavy,0.01,no_behavior,top_set_disagreement,5,0.5475728155339805,0.017636798179208678,0.5256738381912713,0.5694717928766897
0.3,confounded,logger1_heavy,0.01,no_behavior,mean_regret,5,0.002213796843187532,0.00011063810214640458,0.0020764214949227505,0.0023511721914523135
0.3,confounded,logger1_heavy,0.01,source_dependent_reward,mae,5,0.012240709677151808,0.0017282123664795661,0.010094850600443597,0.014386568753860018
0.3,confounded,logger1_heavy,0.01,source_dependent_reward,top_set_disagreement,5,0.47637540453074434,0.046471410143272204,0.4186735276100819,0.5340772814514068
0.3,confounded,logger1_heavy,0.01,source_dependent_reward,mean_regret,5,0.001828530806861289,0.0002578153224303227,0.0015084108028142612,0.002148650810908317
0.3,confounded,logger1_heavy,0.02,pooled_mlp,mae,5,0.015380452643448745,0.0010483833580307064,0.014078712771466047,0.016682192515431443
0.3,confounded,logger1_heavy,0.02,pooled_mlp,top_set_disagreement,5,0.8168284789644014,0.03208619950277138,0.7769882002026265,0.8566687577261762
0.3,confounded,logger1_heavy,0.02,pooled_mlp,mean_regret,5,0.00483887626085337,0.00042266093775855727,0.004314073390991526,0.0053636791307152135
0.3,confounded,logger1_heavy,0.02,source_balanced_pooled_mlp,mae,5,0.014109868957818739,0.0005599583311505884,0.01341458885753479,0.014805149058102688
0.3,confounded,logger1_heavy,0.02,source_balanced_pooled_mlp,top_set_disagreement,5,0.7734627831715211,0.029215971011760173,0.7371863637936535,0.8097392025493886
0.3,confounded,logger1_heavy,0.02,source_balanced_pooled_mlp,mean_regret,5,0.00436947426687591,0.0003566550585718873,0.003926628520869942,0.004812320012881878
0.3,confounded,logger1_heavy,0.02,source_conditioned_decoder,mae,5,0.013914980346849574,0.0009069294982272014,0.012788878639991851,0.015041082053707296
0.3,confounded,logger1_heavy,0.02,source_conditioned_decoder,top_set_disagreement,5,0.7689320388349514,0.023626811972095773,0.7395954770168703,0.7982686006530325
0.3,confounded,logger1_heavy,0.02,source_conditioned_decoder,mean_regret,5,0.004339038542368159,0.00031999652842280645,0.003941710373475372,0.004736366711260946
0.3,confounded,logger1_heavy,0.02,per_source_models,mae,5,0.01233236440395807,0.0006125863485831147,0.011571737989131314,0.013092990818784827
0.3,confounded,logger1_heavy,0.02,per_source_models,top_set_disagreement,5,0.7352750809061488,0.028064056166574487,0.7004289527205448,0.7701212090917527
0.3,confounded,logger1_heavy,0.02,per_source_models,mean_regret,5,0.003832409241435574,0.00031064988137655315,0.0034466864676840374,0.0042181320151871106
0.3,confounded,logger1_heavy,0.02,mechanism_separated,mae,5,0.014737580358444097,0.0012785679815252996,0.013150028526528074,0.01632513219036012
0.3,confounded,logger1_heavy,0.02,mechanism_separated,top_set_disagreement,5,0.8375404530744337,0.025420500824149466,0.8059767323847782,0.8691041737640892
0.3,confounded,logger1_heavy,0.02,mechanism_separated,mean_regret,5,0.005131485096401015,0.000353905842590845,0.004692052952901993,0.005570917239900036
0.3,confounded,logger1_heavy,0.02,oracle_u_aware,mae,5,0.011424772299650656,0.0014054379088387187,0.009679690646534832,0.01316985395276648
0.3,confounded,logger1_heavy,0.02,oracle_u_aware,top_set_disagreement,5,0.29902912621359223,0.03444740217666064,0.25625702709918663,0.34180122532799784
0.3,confounded,logger1_heavy,0.02,oracle_u_aware,mean_regret,5,0.000956407322513332,0.00014955681748312862,0.0007707080065585995,0.0011421066384680644
0.3,confounded,logger1_heavy,0.02,source_shuffle,mae,5,0.015065886784256974,0.0014694515213670538,0.013241321733069751,0.016890451835444197
0.3,confounded,logger1_heavy,0.02,source_shuffle,top_set_disagreement,5,0.83042071197411,0.03083787507979701,0.792130432706421,0.8687109912417991
0.3,confounded,logger1_heavy,0.02,source_shuffle,mean_regret,5,0.005065695402926599,0.00040766443359709813,0.004559513152380952,0.005571877653472245
0.3,confounded,logger1_heavy,0.02,no_behavior,mae,5,0.015024092587968834,0.0015071716615959081,0.013152691796652245,0.016895493379285424
0.3,confounded,logger1_heavy,0.02,no_behavior,top_set_disagreement,5,0.8349514563106796,0.025172086061656995,0.8036961832882332,0.8662067293331259
0.3,confounded,logger1_heavy,0.02,no_behavior,mean_regret,5,0.005141479632322916,0.0004003092835762389,0.004644430006759558,0.005638529257886275
0.3,confounded,logger1_heavy,0.02,source_dependent_reward,mae,5,0.015438798321073833,0.002209601950191146,0.012695215129160654,0.01818238151298701
0.3,confounded,logger1_heavy,0.02,source_dependent_reward,top_set_disagreement,5,0.7644012944983819,0.02643044270433062,0.7315835653358271,0.7972190236609367
0.3,confounded,logger1_heavy,0.02,source_dependent_reward,mean_regret,5,0.004183278881092444,0.0003332892209970677,0.0037694456543910064,0.004597112107793882
0.3,confounded,logger1_heavy,0.05,pooled_mlp,mae,5,0.028555612565771143,0.0009696937524405819,0.027351578744082557,0.029759646387459728
0.3,confounded,logger1_heavy,0.05,pooled_mlp,top_set_disagreement,5,0.9029126213592233,0.0,0.9029126213592233,0.9029126213592233
0.3,confounded,logger1_heavy,0.05,pooled_mlp,mean_regret,5,0.0062590177239897505,1.0285521572663777e-05,0.006246246562150226,0.006271788885829275
0.3,confounded,logger1_heavy,0.05,source_balanced_pooled_mlp,mae,5,0.024561825879202536,0.0012683219661636402,0.02298699615568613,0.026136655602718942
0.3,confounded,logger1_heavy,0.05,source_balanced_pooled_mlp,top_set_disagreement,5,0.9022653721682848,0.0014472931893202848,0.9004683203202604,0.9040624240163093
0.3,confounded,logger1_heavy,0.05,source_balanced_pooled_mlp,mean_regret,5,0.006259844178574625,2.1262232827163098e-05,0.00623344362955171,0.00628624472759754
0.3,confounded,logger1_heavy,0.05,source_conditioned_decoder,mae,5,0.02459912078521493,0.0005230924284982261,0.023949615749015704,0.025248625821414156
0.3,confounded,logger1_heavy,0.05,source_conditioned_decoder,top_set_disagreement,5,0.9016181229773463,0.0017725649110199948,0.8994171929428535,0.9038190530118392
0.3,confounded,logger1_heavy,0.05,source_conditioned_decoder,mean_regret,5,0.006253738315193202,1.640606920427939e-05,0.006233367489710209,0.0062741091406761955
0.3,confounded,logger1_heavy,0.05,per_source_models,mae,5,0.02111018725376105,0.0008122561839757789,0.02010163799279995,0.02211873651472215
0.3,confounded,logger1_heavy,0.05,per_source_models,top_set_disagreement,5,0.9022653721682848,0.0014472931893202848,0.9004683203202604,0.9040624240163093
0.3,confounded,logger1_heavy,0.05,per_source_models,mean_regret,5,0.006262642315779383,8.048673079885674e-06,0.006252648568182777,0.006272636063375989
0.3,confounded,logger1_heavy,0.05,mechanism_separated,mae,5,0.028933991814521016,0.0008542574111015834,0.027873291141957426,0.029994692487084605
0.3,confounded,logger1_heavy,0.05,mechanism_separated,top_set_disagreement,5,0.9022653721682848,0.0014472931893202848,0.9004683203202604,0.9040624240163093
0.3,confounded,logger1_heavy,0.05,mechanism_separated,mean_regret,5,0.006272690472456588,3.7709867746197423e-06,0.00626800817394084,0.006277372770972335
0.3,confounded,logger1_heavy,0.05,oracle_u_aware,mae,5,0.011700711007510741,0.0009255593932960362,0.010551477230655732,0.01284994478436575
0.3,confounded,logger1_heavy,0.05,oracle_u_aware,top_set_disagreement,5,0.312621359223301,0.02645024820932369,0.2797790382782301,0.34546368016837187
0.3,confounded,logger1_heavy,0.05,oracle_u_aware,mean_regret,5,0.0010491475237208348,0.00011525604931890479,0.0009060382367063529,0.0011922568107353166
0.3,confounded,logger1_heavy,0.05,source_shuffle,mae,5,0.028736305914396888,0.0009409227671423741,0.027567995989345936,0.02990461583944784
0.3,confounded,logger1_heavy,0.05,source_shuffle,top_set_disagreement,5,0.9022653721682848,0.0014472931893202848,0.9004683203202604,0.9040624240163093
0.3,confounded,logger1_heavy,0.05,source_shuffle,mean_regret,5,0.006270121879212519,4.232168668375007e-06,0.006264866947742672,0.006275376810682366
0.3,confounded,logger1_heavy,0.05,no_behavior,mae,5,0.028478612015871558,0.001016315983850921,0.02721668904792483,0.029740534983818286
0.3,confounded,logger1_heavy,0.05,no_behavior,top_set_disagreement,5,0.9022653721682848,0.0014472931893202848,0.9004683203202604,0.9040624240163093
0.3,confounded,logger1_heavy,0.05,no_behavior,mean_regret,5,0.006267929901915254,3.675156479286522e-06,0.006263366592427158,0.006272493211403349
0.3,confounded,logger1_heavy,0.05,source_dependent_reward,mae,5,0.024286601088065067,0.0005962988206663272,0.023546198310272326,0.025027003865857808
0.3,confounded,logger1_heavy,0.05,source_dependent_reward,top_set_disagreement,5,0.9016181229773463,0.0017725649110199948,0.8994171929428535,0.9038190530118392
0.3,confounded,logger1_heavy,0.05,source_dependent_reward,mean_regret,5,0.0062609189215816945,7.411417040865846e-06,0.006251716431866378,0.006270121411297011
0.3,confounded,logger1_heavy,0.1,pooled_mlp,mae,5,0.054262483869396416,0.0008683915422000011,0.05318423335510203,0.055340734383690804
0.3,confounded,logger1_heavy,0.1,pooled_mlp,top_set_disagreement,5,0.9022653721682848,0.0014472931893202846,0.9004683203202604,0.9040624240163093
0.3,confounded,logger1_heavy,0.1,pooled_mlp,mean_regret,5,0.0062628742770203345,4.148559606777362e-06,0.006257723159912197,0.006268025394128472
0.3,confounded,logger1_heavy,0.1,source_balanced_pooled_mlp,mae,5,0.0434534213733585,0.000877227357943102,0.04236419974476115,0.04454264300195586
0.3,confounded,logger1_heavy,0.1,source_balanced_pooled_mlp,top_set_disagreement,5,0.9022653721682848,0.0014472931893202846,0.9004683203202604,0.9040624240163093
0.3,confounded,logger1_heavy,0.1,source_balanced_pooled_mlp,mean_regret,5,0.006263946655307476,3.5719583788858616e-06,0.006259511483185331,0.006268381827429621
0.3,confounded,logger1_heavy,0.1,source_conditioned_decoder,mae,5,0.04414250857293697,0.0018073682290393458,0.041898364511441515,0.04638665263443243
0.3,confounded,logger1_heavy,0.1,source_conditioned_decoder,top_set_disagreement,5,0.9022653721682848,0.0014472931893202848,0.9004683203202604,0.9040624240163093
0.3,confounded,logger1_heavy,0.1,source_conditioned_decoder,mean_regret,5,0.0062650662543176,6.23296909922482e-06,0.0062573270009851755,0.006272805507650024
0.3,confounded,logger1_heavy,0.1,per_source_models,mae,5,0.03834066865493792,0.00040113633207567784,0.03784259211302804,0.038838745196847796
0.3,confounded,logger1_heavy,0.1,per_source_models,top_set_disagreement,5,0.9029126213592233,0.0,0.9029126213592233,0.9029126213592233
0.3,confounded,logger1_heavy,0.1,per_source_models,mean_regret,5,0.0062662183453205,5.431718729639458e-06,0.0062594739757255375,0.006272962714915463
0.3,confounded,logger1_heavy,0.1,mechanism_separated,mae,5,0.05383408198394237,0.0008631971546864158,0.05276228115361632,0.05490588281426842
0.3,confounded,logger1_heavy,0.1,mechanism_separated,top_set_disagreement,5,0.9009708737864077,0.004341879567960755,0.8955797182423343,0.9063620293304812
0.3,confounded,logger1_heavy,0.1,mechanism_separated,mean_regret,5,0.00626108023789209,1.073690132598388e-05,0.00624774861406335,0.006274411861720831
0.3,confounded,logger1_heavy,0.1,oracle_u_aware,mae,5,0.011623377810854046,0.0013510043809253284,0.009945884309643499,0.013300871312064593
0.3,confounded,logger1_heavy,0.1,oracle_u_aware,top_set_disagreement,5,0.31909385113268607,0.0365136898577821,0.27375611699470004,0.3644315852706721
0.3,confounded,logger1_heavy,0.1,oracle_u_aware,mean_regret,5,0.0010176376490886932,0.00020917929282575514,0.0007579072520172297,0.0012773680461601567
0.3,confounded,logger1_heavy,0.1,source_shuffle,mae,5,0.054186703671300795,0.000867822358709126,0.0531091598916554,0.05526424745094619
0.3,confounded,logger1_heavy,0.1,source_shuffle,top_set_disagreement,5,0.9022653721682848,0.0014472931893202848,0.9004683203202604,0.9040624240163093
0.3,confounded,logger1_heavy,0.1,source_shuffle,mean_regret,5,0.006262179572109725,8.278715285361123e-06,0.006251900189388512,0.006272458954830937
0.3,confounded,logger1_heavy,0.1,no_behavior,mae,5,0.054453295747096155,0.0009973849940014315,0.053214878707695895,0.055691712786496414
0.3,confounded,logger1_heavy,0.1,no_behavior,top_set_disagreement,5,0.9029126213592233,0.0,0.9029126213592233,0.9029126213592233
0.3,confounded,logger1_heavy,0.1,no_behavior,mean_regret,5,0.0062692799192874266,4.652893744634548e-06,0.006263502588637246,0.006275057249937607
0.3,confounded,logger1_heavy,0.1,source_dependent_reward,mae,5,0.04494594387317444,0.0013159949066109365,0.04331192037581611,0.046579967370532764
0.3,confounded,logger1_heavy,0.1,source_dependent_reward,top_set_disagreement,5,0.9009708737864079,0.0017725649110199948,0.8987699437519151,0.9031718038209008
0.3,confounded,logger1_heavy,0.1,source_dependent_reward,mean_regret,5,0.006259584133568821,3.5733054102951585e-06,0.006255147288886271,0.006264020978251372
0.3,confounded,logger12_balanced,0.0,pooled_mlp,mae,5,0.012115127185518947,0.00039139176402696544,0.0116291501229332,0.012601104248104695
0.3,confounded,logger12_balanced,0.0,pooled_mlp,top_set_disagreement,5,0.21812297734627834,0.03257213628501264,0.17767932837659156,0.2585666263159651
0.3,confounded,logger12_balanced,0.0,pooled_mlp,mean_regret,5,0.0005414071857317382,0.00011927285983294775,0.00039331036971436287,0.0006895040017491135
0.3,confounded,logger12_balanced,0.0,source_balanced_pooled_mlp,mae,5,0.012115127185518947,0.00039139176402696544,0.0116291501229332,0.012601104248104695
0.3,confounded,logger12_balanced,0.0,source_balanced_pooled_mlp,top_set_disagreement,5,0.21812297734627834,0.03257213628501264,0.17767932837659156,0.2585666263159651
0.3,confounded,logger12_balanced,0.0,source_balanced_pooled_mlp,mean_regret,5,0.0005414071857317382,0.00011927285983294775,0.00039331036971436287,0.0006895040017491135
0.3,confounded,logger12_balanced,0.0,source_conditioned_decoder,mae,5,0.011150668015944724,0.0004524685672744654,0.010588854085641182,0.011712481946248266
0.3,confounded,logger12_balanced,0.0,source_conditioned_decoder,top_set_disagreement,5,0.1928802588996764,0.008122912878971603,0.18279433041731163,0.20296618738204114
0.3,confounded,logger12_balanced,0.0,source_conditioned_decoder,mean_regret,5,0.0004471240071665018,7.986429830796537e-05,0.0003479593832156952,0.0005462886311173084
0.3,confounded,logger12_balanced,0.0,per_source_models,mae,5,0.01076516661259026,0.0010431666464502157,0.00946990414356607,0.012060429081614449
0.3,confounded,logger12_balanced,0.0,per_source_models,top_set_disagreement,5,0.19741100323624594,0.015005855170705027,0.17877877310852167,0.21604323336397022
0.3,confounded,logger12_balanced,0.0,per_source_models,mean_regret,5,0.00047416064179817054,6.849119361945637e-05,0.000389117592486888,0.0005592036911094531
0.3,confounded,logger12_balanced,0.0,mechanism_separated,mae,5,0.011615548231053903,0.00034989030188337095,0.011181102039884674,0.012049994422223133
0.3,confounded,logger12_balanced,0.0,mechanism_separated,top_set_disagreement,5,0.21359223300970873,0.016971016960682064,0.1925199322367243,0.23466453378269314
0.3,confounded,logger12_balanced,0.0,mechanism_separated,mean_regret,5,0.0004862742695452258,7.635747908076796e-05,0.00039146393677703896,0.0005810846023134126
0.3,confounded,logger12_balanced,0.0,oracle_u_aware,mae,5,0.01048673780854284,0.0010282366104435682,0.009210013427719991,0.011763462189365689
0.3,confounded,logger12_balanced,0.0,oracle_u_aware,top_set_disagreement,5,0.2724919093851133,0.02815719965586564,0.23753012828218945,0.30745369048803717
0.3,confounded,logger12_balanced,0.0,oracle_u_aware,mean_regret,5,0.000793912724351308,0.00011860991191467451,0.0006466390668967367,0.0009411863818058793
0.3,confounded,logger12_balanced,0.0,source_shuffle,mae,5,0.011334159873701195,0.0008279190616241566,0.010306162581455834,0.012362157165946555
0.3,confounded,logger12_balanced,0.0,source_shuffle,top_set_disagreement,5,0.20453074433656954,0.013994659100608197,0.18715407996420963,0.22190740870892944
0.3,confounded,logger12_balanced,0.0,source_shuffle,mean_regret,5,0.0004703449231161694,4.8963522439312296e-05,0.0004095486800780331,0.0005311411661543058
0.3,confounded,logger12_balanced,0.0,no_behavior,mae,5,0.011099280104678587,0.0009324853708461278,0.009941446590847261,0.012257113618509912
0.3,confounded,logger12_balanced,0.0,no_behavior,top_set_disagreement,5,0.19676375404530744,0.020518922309575874,0.171286146931567,0.22224136115904788
0.3,confounded,logger12_balanced,0.0,no_behavior,mean_regret,5,0.00042658884466749956,6.654705980635548e-05,0.0003439597563196351,0.000509217933015364
0.3,confounded,logger12_balanced,0.0,source_dependent_reward,mae,5,0.011843003146164842,0.0009344357173851653,0.010682747957251973,0.01300325833507771
0.3,confounded,logger12_balanced,0.0,source_dependent_reward,top_set_disagreement,5,0.1663430420711974,0.026843289777770517,0.13301269556078857,0.19967338858160624
0.3,confounded,logger12_balanced,0.0,source_dependent_reward,mean_regret,5,0.0003693111064074685,9.19613328279947e-05,0.0002551260302081133,0.0004834961826068237
0.3,confounded,logger12_balanced,0.002,pooled_mlp,mae,5,0.011649248703698514,0.0007730928734062633,0.010689327115522054,0.012609170291874973
0.3,confounded,logger12_balanced,0.002,pooled_mlp,top_set_disagreement,5,0.2517799352750809,0.0319881263253115,0.21206143044694747,0.29149844010321435
0.3,confounded,logger12_balanced,0.002,pooled_mlp,mean_regret,5,0.0006681174860557077,0.00014009193118658946,0.0004941703786624801,0.0008420645934489353
0.3,confounded,logger12_balanced,0.002,source_balanced_pooled_mlp,mae,5,0.011649248703698514,0.0007730928734062633,0.010689327115522054,0.012609170291874973
0.3,confounded,logger12_balanced,0.002,source_balanced_pooled_mlp,top_set_disagreement,5,0.2517799352750809,0.0319881263253115,0.21206143044694747,0.29149844010321435
0.3,confounded,logger12_balanced,0.002,source_balanced_pooled_mlp,mean_regret,5,0.0006681174860557077,0.00014009193118658946,0.0004941703786624801,0.0008420645934489353
0.3,confounded,logger12_balanced,0.002,source_conditioned_decoder,mae,5,0.010771736651082792,0.0006265338012945681,0.009993792186357575,0.01154968111580801
0.3,confounded,logger12_balanced,0.002,source_conditioned_decoder,top_set_disagreement,5,0.21682847896440133,0.01914588926569455,0.19305571754959247,0.24060124037921019
0.3,confounded,logger12_balanced,0.002,source_conditioned_decoder,mean_regret,5,0.0005170863744149995,0.000116226889736366,0.00037277162980615497,0.000661401119023844
0.3,confounded,logger12_balanced,0.002,per_source_models,mae,5,0.01092639971930756,0.0011917226018812916,0.00944668066870584,0.01240611876990928
0.3,confounded,logger12_balanced,0.002,per_source_models,top_set_disagreement,5,0.24595469255663432,0.022068255173116284,0.21855333460500181,0.27335605050826683
0.3,confounded,logger12_balanced,0.002,per_source_models,mean_regret,5,0.0006378749112121616,0.00012545145831363387,0.00048210635190196183,0.0007936434705223613
0.3,confounded,logger12_balanced,0.002,mechanism_separated,mae,5,0.011622866113609473,0.0006172489364790563,0.010856450331253865,0.012389281895965082
0.3,confounded,logger12_balanced,0.002,mechanism_separated,top_set_disagreement,5,0.2608414239482201,0.026450248209323696,0.22799910300314918,0.29368374489329097
0.3,confounded,logger12_balanced,0.002,mechanism_separated,mean_regret,5,0.0006687016711205427,9.441085090117466e-05,0.0005514751165167705,0.0007859282257243149
0.3,confounded,logger12_balanced,0.002,oracle_u_aware,mae,5,0.010421473683285415,0.0017942110721294667,0.008193666389843675,0.012649280976727155
0.3,confounded,logger12_balanced,0.002,oracle_u_aware,top_set_disagreement,5,0.287378640776699,0.016878193929327226,0.266421595019952,0.308335686533446
0.3,confounded,logger12_balanced,0.002,oracle_u_aware,mean_regret,5,0.0009028493568219954,9.967864554623182e-05,0.0007790819712575252,0.0010266167423864656
0.3,confounded,logger12_balanced,0.002,source_shuffle,mae,5,0.011216101021574986,0.0010260799184006587,0.009942054527617029,0.012490147515532943
0.3,confounded,logger12_balanced,0.002,source_shuffle,top_set_disagreement,5,0.24854368932038837,0.017931255892809153,0.2262790944357081,0.27080828420506864
0.3,confounded,logger12_balanced,0.002,source_shuffle,mean_regret,5,0.0006417483357366493,7.919111506782332e-05,0.0005434195791793213,0.0007400770922939774
0.3,confounded,logger12_balanced,0.002,no_behavior,mae,5,0.012032302946202156,0.00043291427648130113,0.011494768874786893,0.01256983701761742
0.3,confounded,logger12_balanced,0.002,no_behavior,top_set_disagreement,5,0.2349514563106796,0.02129538365872116,0.20850974509370873,0.26139316752765046
0.3,confounded,logger12_balanced,0.002,no_behavior,mean_regret,5,0.0005871742029001873,8.427493188318611e-05,0.00048253305402976037,0.0006918153517706143
0.3,confounded,logger12_balanced,0.002,source_dependent_reward,mae,5,0.010888784754027294,0.0006881125456133732,0.010034380179426821,0.011743189328627767
0.3,confounded,logger12_balanced,0.002,source_dependent_reward,top_set_disagreement,5,0.2233009708737864,0.013730228760903837,0.2062526401342702,0.2403493016133026
0.3,confounded,logger12_balanced,0.002,source_dependent_reward,mean_regret,5,0.0005713550719462803,8.102005662735952e-05,0.0004707553844996575,0.000671954759392903
0.3,confounded,logger12_balanced,0.005,pooled_mlp,mae,5,0.011411489013079654,0.0005428268933976445,0.010737480402291005,0.012085497623868303
0.3,confounded,logger12_balanced,0.005,pooled_mlp,top_set_disagreement,5,0.32103559870550163,0.018364091856454514,0.2982335669876351,0.3438376304233682
0.3,confounded,logger12_balanced,0.005,pooled_mlp,mean_regret,5,0.0009614473080947138,8.968004249843857e-05,0.0008500948279670189,0.0010727997882224087
0.3,confounded,logger12_balanced,0.005,source_balanced_pooled_mlp,mae,5,0.011411489013079654,0.0005428268933976445,0.010737480402291005,0.012085497623868303
0.3,confounded,logger12_balanced,0.005,source_balanced_pooled_mlp,top_set_disagreement,5,0.32103559870550163,0.018364091856454514,0.2982335669876351,0.3438376304233682
0.3,confounded,logger12_balanced,0.005,source_balanced_pooled_mlp,mean_regret,5,0.0009614473080947138,8.968004249843857e-05,0.0008500948279670189,0.0010727997882224087
0.3,confounded,logger12_balanced,0.005,source_conditioned_decoder,mae,5,0.01095742603049561,0.0005183942403227731,0.010313754565410631,0.01160109749558059
0.3,confounded,logger12_balanced,0.005,source_conditioned_decoder,top_set_disagreement,5,0.30032362459546924,0.020898232091861396,0.27437504218089837,0.3262722070100401
0.3,confounded,logger12_balanced,0.005,source_conditioned_decoder,mean_regret,5,0.0008651088391315995,8.598626556094071e-05,0.000758342788844591,0.000971874889418608
0.3,confounded,logger12_balanced,0.005,per_source_models,mae,5,0.010127415282042983,0.0007743415940565422,0.00916594320239126,0.011088887361694708
0.3,confounded,logger12_balanced,0.005,per_source_models,top_set_disagreement,5,0.313915857605178,0.028673212211439075,0.2783133622893775,0.3495183529209785
0.3,confounded,logger12_balanced,0.005,per_source_models,mean_regret,5,0.0009429133398420059,0.00012562839145970333,0.0007869250890142428,0.001098901590669769
0.3,confounded,logger12_balanced,0.005,mechanism_separated,mae,5,0.012162358357463456,0.0009753322764093089,0.010951323383559893,0.01337339333136702
0.3,confounded,logger12_balanced,0.005,mechanism_separated,top_set_disagreement,5,0.32233009708737864,0.014032028083287247,0.30490703299457667,0.3397531611801806
0.3,confounded,logger12_balanced,0.005,mechanism_separated,mean_regret,5,0.0009647068000052169,8.100443974009162e-05,0.0008641265034852786,0.001065287096525155
0.3,confounded,logger12_balanced,0.005,oracle_u_aware,mae,5,0.009708625992746026,0.000692882612843752,0.008848298597396581,0.010568953388095471
0.3,confounded,logger12_balanced,0.005,oracle_u_aware,top_set_disagreement,5,0.28996763754045307,0.021172074089056487,0.26367903537676884,0.3162562397041373
0.3,confounded,logger12_balanced,0.005,oracle_u_aware,mean_regret,5,0.0008909684355171081,7.366854277521688e-05,0.0007994968581529871,0.000982440012881229
0.3,confounded,logger12_balanced,0.005,source_shuffle,mae,5,0.011470647593045825,0.0011217708387526143,0.010077785128331861,0.012863510057759788
0.3,confounded,logger12_balanced,0.005,source_shuffle,top_set_disagreement,5,0.34627831715210355,0.012944983818770218,0.33020499678700627,0.36235163751720084
0.3,confounded,logger12_balanced,0.005,source_shuffle,mean_regret,5,0.0010842277851487584,0.00010005383190455674,0.0009599945441905389,0.0012084610261069778
0.3,confounded,logger12_balanced,0.005,no_behavior,mae,5,0.010954881817291434,0.00037482021245307,0.010489481053689369,0.011420282580893499
0.3,confounded,logger12_balanced,0.005,no_behavior,top_set_disagreement,5,0.32427184466019415,0.01878695828310679,0.3009447549243044,0.3475989343960839
0.3,confounded,logger12_balanced,0.005,no_behavior,mean_regret,5,0.0009339994587078583,9.981749591243225e-05,0.0008100596676425395,0.0010579392497731771
0.3,confounded,logger12_balanced,0.005,source_dependent_reward,mae,5,0.010874911544209716,0.0005837041537604923,0.010150147110883318,0.011599675977536115
0.3,confounded,logger12_balanced,0.005,source_dependent_reward,top_set_disagreement,5,0.3080906148867314,0.023269486099996826,0.2791977317396624,0.3369834980338004
0.3,confounded,logger12_balanced,0.005,source_dependent_reward,mean_regret,5,0.0009045251896329751,0.00010785789437091947,0.0007706019252705398,0.0010384484539954105
0.3,confounded,logger12_balanced,0.01,pooled_mlp,mae,5,0.012236543433012304,0.0009834728723901941,0.011015400574155353,0.013457686291869254
0.3,confounded,logger12_balanced,0.01,pooled_mlp,top_set_disagreement,5,0.4809061488673139,0.04825154811568612,0.42099393871446966,0.5408183590201582
0.3,confounded,logger12_balanced,0.01,pooled_mlp,mean_regret,5,0.0017878534187024367,0.00029557834316797283,0.0014208444313420466,0.002154862406062827
0.3,confounded,logger12_balanced,0.01,source_balanced_pooled_mlp,mae,5,0.012236543433012304,0.0009834728723901941,0.011015400574155353,0.013457686291869254
0.3,confounded,logger12_balanced,0.01,source_balanced_pooled_mlp,top_set_disagreement,5,0.4809061488673139,0.04825154811568612,0.42099393871446966,0.5408183590201582
0.3,confounded,logger12_balanced,0.01,source_balanced_pooled_mlp,mean_regret,5,0.0017878534187024367,0.00029557834316797283,0.0014208444313420466,0.002154862406062827
0.3,confounded,logger12_balanced,0.01,source_conditioned_decoder,mae,5,0.011696291346888451,0.0015435847975553809,0.009779677675589286,0.013612905018187616
0.3,confounded,logger12_balanced,0.01,source_conditioned_decoder,top_set_disagreement,5,0.47961165048543686,0.02258426708397139,0.45156957912145124,0.5076537218494225
0.3,confounded,logger12_balanced,0.01,source_conditioned_decoder,mean_regret,5,0.001768517194009079,0.0001016076897783219,0.0016423545836706799,0.0018946798043474782
0.3,confounded,logger12_balanced,0.01,per_source_models,mae,5,0.010320372938169712,0.0005385973587624071,0.009651615988266794,0.01098912988807263
0.3,confounded,logger12_balanced,0.01,per_source_models,top_set_disagreement,5,0.4666666666666667,0.024152890818181606,0.43667689168518425,0.4966564416481491
0.3,confounded,logger12_balanced,0.01,per_source_models,mean_regret,5,0.001699583139948903,0.00017411205820891295,0.0014833944656177372,0.0019157718142800686
0.3,confounded,logger12_balanced,0.01,mechanism_separated,mae,5,0.011913246637771855,0.001521021377449123,0.010024649152894976,0.013801844122648734
0.3,confounded,logger12_balanced,0.01,mechanism_separated,top_set_disagreement,5,0.484789644012945,0.03933070835577821,0.43595411942372314,0.5336251686021669
0.3,confounded,logger12_balanced,0.01,mechanism_separated,mean_regret,5,0.0018587862933633354,0.00025679781985267594,0.0015399296856350513,0.0021776429010916198
0.3,confounded,logger12_balanced,0.01,oracle_u_aware,mae,5,0.01207475631684382,0.0022176445601217354,0.009321186905728232,0.014828325727959406
0.3,confounded,logger12_balanced,0.01,oracle_u_aware,top_set_disagreement,5,0.2666666666666667,0.023626811972095773,0.23733010484858566,0.29600322848474775
0.3,confounded,logger12_balanced,0.01,oracle_u_aware,mean_regret,5,0.000841401525702414,8.349371621723643e-05,0.0007377303841992295,0.0009450726672055984
0.3,confounded,logger12_balanced,0.01,source_shuffle,mae,5,0.01197080003908072,0.0013268817732046635,0.010323258711419713,0.013618341366741726
0.3,confounded,logger12_balanced,0.01,source_shuffle,top_set_disagreement,5,0.5016181229773463,0.028305591722549997,0.46647208878760144,0.5367641571670911
0.3,confounded,logger12_balanced,0.01,source_shuffle,mean_regret,5,0.001948335165852379,0.00018823619595361772,0.0017146090581779422,0.0021820612735268157
0.3,confounded,logger12_balanced,0.01,no_behavior,mae,5,0.012397196186327388,0.0019980284816884814,0.009916316153229068,0.014878076219425709
0.3,confounded,logger12_balanced,0.01,no_behavior,top_set_disagreement,5,0.48802588996763757,0.020390917801971973,0.4627072214425967,0.5133445584926785
0.3,confounded,logger12_balanced,0.01,no_behavior,mean_regret,5,0.0018809058443046887,0.00015317959309084754,0.001690708258304281,0.0020711034303050966
0.3,confounded,logger12_balanced,0.01,source_dependent_reward,mae,5,0.011294439165944078,0.00038244807969598345,0.010819567154203411,0.011769311177684745
0.3,confounded,logger12_balanced,0.01,source_dependent_reward,top_set_disagreement,5,0.46537216828478967,0.034356069973049096,0.42271347307948515,0.5080308634900942
0.3,confounded,logger12_balanced,0.01,source_dependent_reward,mean_regret,5,0.001732233485807738,0.00014091483895834836,0.0015572646034604752,0.0019072023681550006
0.3,confounded,logger12_balanced,0.02,pooled_mlp,mae,5,0.014109868957818739,0.0005599583311505884,0.01341458885753479,0.014805149058102688
0.3,confounded,logger12_balanced,0.02,pooled_mlp,top_set_disagreement,5,0.7734627831715211,0.029215971011760173,0.7371863637936535,0.8097392025493886
0.3,confounded,logger12_balanced,0.02,pooled_mlp,mean_regret,5,0.00436947426687591,0.0003566550585718873,0.003926628520869942,0.004812320012881878
0.3,confounded,logger12_balanced,0.02,source_balanced_pooled_mlp,mae,5,0.014109868957818739,0.0005599583311505884,0.01341458885753479,0.014805149058102688
0.3,confounded,logger12_balanced,0.02,source_balanced_pooled_mlp,top_set_disagreement,5,0.7734627831715211,0.029215971011760173,0.7371863637936535,0.8097392025493886
0.3,confounded,logger12_balanced,0.02,source_balanced_pooled_mlp,mean_regret,5,0.00436947426687591,0.0003566550585718873,0.003926628520869942,0.004812320012881878
0.3,confounded,logger12_balanced,0.02,source_conditioned_decoder,mae,5,0.013517204216703304,0.0010238255454943022,0.012245956896421696,0.014788451536984912
0.3,confounded,logger12_balanced,0.02,source_conditioned_decoder,top_set_disagreement,5,0.7482200647249191,0.024794797811492485,0.7174332569396473,0.7790068725101909
0.3,confounded,logger12_balanced,0.02,source_conditioned_decoder,mean_regret,5,0.0040990330728029895,0.00028178405081024987,0.0037491519616438813,0.004448914183962097
0.3,confounded,logger12_balanced,0.02,per_source_models,mae,5,0.012059961172067157,0.0005988552513390457,0.011316384166344196,0.012803538177790117
0.3,confounded,logger12_balanced,0.02,per_source_models,top_set_disagreement,5,0.7527508090614887,0.026450248209323693,0.7199084881164178,0.7855931300065596
0.3,confounded,logger12_balanced,0.02,per_source_models,mean_regret,5,0.004008813293660822,0.0002839358129194079,0.0036562604169580737,0.004361366170363571
0.3,confounded,logger12_balanced,0.02,mechanism_separated,mae,5,0.013766690107324375,0.0008028844255618772,0.01276977742138568,0.01476360279326307
0.3,confounded,logger12_balanced,0.02,mechanism_separated,top_set_disagreement,5,0.7553398058252427,0.02373737323092846,0.7258659640724731,0.7848136475780124
0.3,confounded,logger12_balanced,0.02,mechanism_separated,mean_regret,5,0.004153445430070688,0.00019875693944407347,0.003906656093969816,0.00440023476617156
0.3,confounded,logger12_balanced,0.02,oracle_u_aware,mae,5,0.010263483782238535,0.0008721564241327854,0.00918055854959072,0.011346409014886349
0.3,confounded,logger12_balanced,0.02,oracle_u_aware,top_set_disagreement,5,0.26925566343042073,0.004219548482331808,0.264016401991234,0.27449492486960747
0.3,confounded,logger12_balanced,0.02,oracle_u_aware,mean_regret,5,0.00083417379560831,4.259285122769382e-05,0.0007812877856580335,0.0008870598055585866
0.3,confounded,logger12_balanced,0.02,source_shuffle,mae,5,0.013821532408913692,0.0007202310796671147,0.012927247406903607,0.014715817410923777
0.3,confounded,logger12_balanced,0.02,source_shuffle,top_set_disagreement,5,0.7553398058252426,0.014032028083287245,0.7379167417324406,0.7727628699180447
0.3,confounded,logger12_balanced,0.02,source_shuffle,mean_regret,5,0.0041368974210646845,0.00020369591513541872,0.0038839755366598654,0.0043898193054695035
0.3,confounded,logger12_balanced,0.02,no_behavior,mae,5,0.013346122928179816,0.0007147733460347872,0.012458614597532778,0.014233631258826854
0.3,confounded,logger12_balanced,0.02,no_behavior,top_set_disagreement,5,0.7676375404530744,0.0319061683983592,0.728020799832205,0.8072542810739438
0.3,confounded,logger12_balanced,0.02,no_behavior,mean_regret,5,0.004273088776878458,0.00030552334129168354,0.003893731443385652,0.0046524461103712635
0.3,confounded,logger12_balanced,0.02,source_dependent_reward,mae,5,0.013594864545360885,0.0006755885844443853,0.012756010522458847,0.014433718568262923
0.3,confounded,logger12_balanced,0.02,source_dependent_reward,top_set_disagreement,5,0.7618122977346278,0.025543802279185925,0.7300954780673273,0.7935291174019282
0.3,confounded,logger12_balanced,0.02,source_dependent_reward,mean_regret,5,0.004184687582430495,0.0003172348674647021,0.0037907884685246308,0.004578586696336359
0.3,confounded,logger12_balanced,0.05,pooled_mlp,mae,5,0.024561825879202536,0.0012683219661636402,0.02298699615568613,0.026136655602718942
0.3,confounded,logger12_balanced,0.05,pooled_mlp,top_set_disagreement,5,0.9022653721682848,0.0014472931893202848,0.9004683203202604,0.9040624240163093
0.3,confounded,logger12_balanced,0.05,pooled_mlp,mean_regret,5,0.006259844178574625,2.1262232827163098e-05,0.00623344362955171,0.00628624472759754
0.3,confounded,logger12_balanced,0.05,source_balanced_pooled_mlp,mae,5,0.024561825879202536,0.0012683219661636402,0.02298699615568613,0.026136655602718942
0.3,confounded,logger12_balanced,0.05,source_balanced_pooled_mlp,top_set_disagreement,5,0.9022653721682848,0.0014472931893202848,0.9004683203202604,0.9040624240163093
0.3,confounded,logger12_balanced,0.05,source_balanced_pooled_mlp,mean_regret,5,0.006259844178574625,2.1262232827163098e-05,0.00623344362955171,0.00628624472759754
0.3,confounded,logger12_balanced,0.05,source_conditioned_decoder,mae,5,0.023933458433397677,0.0010315325371139294,0.02265264161908752,0.025214275247707835
0.3,confounded,logger12_balanced,0.05,source_conditioned_decoder,top_set_disagreement,5,0.9022653721682848,0.0014472931893202848,0.9004683203202604,0.9040624240163093
0.3,confounded,logger12_balanced,0.05,source_conditioned_decoder,mean_regret,5,0.006254419754082867,3.067123898898488e-05,0.006216336380849941,0.006292503127315793
0.3,confounded,logger12_balanced,0.05,per_source_models,mae,5,0.020925799887020414,0.0012213143292655378,0.019409337853881013,0.022442261920159814
0.3,confounded,logger12_balanced,0.05,per_source_models,top_set_disagreement,5,0.9029126213592233,0.0,0.9029126213592233,0.9029126213592233
0.3,confounded,logger12_balanced,0.05,per_source_models,mean_regret,5,0.006267917341894908,6.519783551865616e-06,0.006259821961382475,0.006276012722407341
0.3,confounded,logger12_balanced,0.05,mechanism_separated,mae,5,0.023725558314082774,0.00085105294933778,0.022668836506324917,0.02478228012184063
0.3,confounded,logger12_balanced,0.05,mechanism_separated,top_set_disagreement,5,0.8983818770226538,0.0036898881071169417,0.8938002758026464,0.9029634782426612
0.3,confounded,logger12_balanced,0.05,mechanism_separated,mean_regret,5,0.006246961613072005,2.2841535907057165e-05,0.006218600100272534,0.006275323125871477
0.3,confounded,logger12_balanced,0.05,oracle_u_aware,mae,5,0.009968726924591335,0.0006905474249541554,0.009111299047973443,0.010826154801209227
0.3,confounded,logger12_balanced,0.05,oracle_u_aware,top_set_disagreement,5,0.28608414239482205,0.03750416726425408,0.2395165681201855,0.3326517166694586
0.3,confounded,logger12_balanced,0.05,oracle_u_aware,mean_regret,5,0.0008911381298788346,0.00020337486571862326,0.0006386148809764947,0.0011436613787811744
0.3,confounded,logger12_balanced,0.05,source_shuffle,mae,5,0.0236574861531873,0.0008693656173737401,0.02257802616481814,0.024736946141556464
0.3,confounded,logger12_balanced,0.05,source_shuffle,top_set_disagreement,5,0.8983818770226538,0.0036898881071169413,0.8938002758026464,0.9029634782426612
0.3,confounded,logger12_balanced,0.05,source_shuffle,mean_regret,5,0.006257201002146039,1.695711324350009e-05,0.00623614596511812,0.006278256039173958
0.3,confounded,logger12_balanced,0.05,no_behavior,mae,5,0.023727464111963213,0.0009575425108137279,0.022538518049536167,0.02491641017439026
0.3,confounded,logger12_balanced,0.05,no_behavior,top_set_disagreement,5,0.8990291262135923,0.003545129822039898,0.8946272661446069,0.9034309862825778
0.3,confounded,logger12_balanced,0.05,no_behavior,mean_regret,5,0.006257184217756661,1.6955315084492557e-05,0.006236131413438045,0.006278237022075276
0.3,confounded,logger12_balanced,0.05,source_dependent_reward,mae,5,0.023219666598641737,0.0009060911700916516,0.022094605813648607,0.024344727383634867
0.3,confounded,logger12_balanced,0.05,source_dependent_reward,top_set_disagreement,5,0.9022653721682848,0.0014472931893202848,0.9004683203202604,0.9040624240163093
0.3,confounded,logger12_balanced,0.05,source_dependent_reward,mean_regret,5,0.006264573273594742,3.934562040996057e-06,0.006259687869559738,0.006269458677629746
0.3,confounded,logger12_balanced,0.1,pooled_mlp,mae,5,0.0434534213733585,0.000877227357943102,0.04236419974476115,0.04454264300195586
0.3,confounded,logger12_balanced,0.1,pooled_mlp,top_set_disagreement,5,0.9022653721682848,0.0014472931893202846,0.9004683203202604,0.9040624240163093
0.3,confounded,logger12_balanced,0.1,pooled_mlp,mean_regret,5,0.006263946655307476,3.5719583788858616e-06,0.006259511483185331,0.006268381827429621
0.3,confounded,logger12_balanced,0.1,source_balanced_pooled_mlp,mae,5,0.0434534213733585,0.000877227357943102,0.04236419974476115,0.04454264300195586
0.3,confounded,logger12_balanced,0.1,source_balanced_pooled_mlp,top_set_disagreement,5,0.9022653721682848,0.0014472931893202846,0.9004683203202604,0.9040624240163093
0.3,confounded,logger12_balanced,0.1,source_balanced_pooled_mlp,mean_regret,5,0.006263946655307476,3.5719583788858616e-06,0.006259511483185331,0.006268381827429621
0.3,confounded,logger12_balanced,0.1,source_conditioned_decoder,mae,5,0.04188260577698411,0.0010773725205907305,0.04054487110551255,0.04322034044845567
0.3,confounded,logger12_balanced,0.1,source_conditioned_decoder,top_set_disagreement,5,0.9022653721682848,0.0014472931893202848,0.9004683203202604,0.9040624240163093
0.3,confounded,logger12_balanced,0.1,source_conditioned_decoder,mean_regret,5,0.006264236854412855,3.678492206655655e-06,0.006259669403072178,0.006268804305753532
0.3,confounded,logger12_balanced,0.1,per_source_models,mae,5,0.03847130703312348,0.0006229200111668534,0.037697849681496906,0.03924476438475005
0.3,confounded,logger12_balanced,0.1,per_source_models,top_set_disagreement,5,0.9029126213592233,0.0,0.9029126213592233,0.9029126213592233
0.3,confounded,logger12_balanced,0.1,per_source_models,mean_regret,5,0.0062662183453205,5.431718729639458e-06,0.0062594739757255375,0.006272962714915463
0.3,confounded,logger12_balanced,0.1,mechanism_separated,mae,5,0.04306484062952868,0.0012413884571093746,0.041523453274550245,0.04460622798450711
0.3,confounded,logger12_balanced,0.1,mechanism_separated,top_set_disagreement,5,0.9029126213592233,0.0022883714601506515,0.9000712329026372,0.9057540098158094
0.3,confounded,logger12_balanced,0.1,mechanism_separated,mean_regret,5,0.006265572512564687,8.596585744628386e-06,0.006254898441538111,0.006276246583591264
0.3,confounded,logger12_balanced,0.1,oracle_u_aware,mae,5,0.011204681627000173,0.0013418846905277103,0.009538511717031113,0.012870851536969234
0.3,confounded,logger12_balanced,0.1,oracle_u_aware,top_set_disagreement,5,0.284789644012945,0.03129300907089598,0.24593424125414956,0.32364504677174044
0.3,confounded,logger12_balanced,0.1,oracle_u_aware,mean_regret,5,0.000878422451385668,0.00013202780522414252,0.000714488278876991,0.001042356623894345
0.3,confounded,logger12_balanced,0.1,source_shuffle,mae,5,0.043007730369294575,0.0008089112104571023,0.04200333444152656,0.04401212629706259
0.3,confounded,logger12_balanced,0.1,source_shuffle,top_set_disagreement,5,0.9016181229773463,0.0017725649110199948,0.8994171929428535,0.9038190530118392
0.3,confounded,logger12_balanced,0.1,source_shuffle,mean_regret,5,0.006262886837040682,9.046831160780586e-06,0.006251653712490513,0.006274119961590851
0.3,confounded,logger12_balanced,0.1,no_behavior,mae,5,0.043253659715284595,0.0010180047129691313,0.04198963991318907,0.04451767951738012
0.3,confounded,logger12_balanced,0.1,no_behavior,top_set_disagreement,5,0.9016181229773463,0.0017725649110199948,0.8994171929428535,0.9038190530118392
0.3,confounded,logger12_balanced,0.1,no_behavior,mean_regret,5,0.006264249414433201,7.028468761021285e-06,0.006255522417810141,0.006272976411056261
0.3,confounded,logger12_balanced,0.1,source_dependent_reward,mae,5,0.04241160759888299,0.0013208449692069418,0.04077156195341017,0.04405165324435581
0.3,confounded,logger12_balanced,0.1,source_dependent_reward,top_set_disagreement,5,0.9022653721682848,0.0014472931893202848,0.9004683203202604,0.9040624240163093
0.3,confounded,logger12_balanced,0.1,source_dependent_reward,mean_regret,5,0.006265935850987262,5.911994568709867e-06,0.006258595140173719,0.006273276561800805
0.3,confounded,logger2_heavy,0.0,pooled_mlp,mae,5,0.010960606480346805,0.0007174182121956172,0.010069814114607797,0.011851398846085813
0.3,confounded,logger2_heavy,0.0,pooled_mlp,top_set_disagreement,5,0.21553398058252426,0.03058209619398693,0.17756129274884624,0.2535066684162023
0.3,confounded,logger2_heavy,0.0,pooled_mlp,mean_regret,5,0.0005140887494446269,9.006678139085777e-05,0.00040225606955750985,0.000625921429331744
0.3,confounded,logger2_heavy,0.0,source_balanced_pooled_mlp,mae,5,0.012115127185518947,0.00039139176402696544,0.0116291501229332,0.012601104248104695
0.3,confounded,logger2_heavy,0.0,source_balanced_pooled_mlp,top_set_disagreement,5,0.21812297734627834,0.03257213628501264,0.17767932837659156,0.2585666263159651
0.3,confounded,logger2_heavy,0.0,source_balanced_pooled_mlp,mean_regret,5,0.0005414071857317382,0.00011927285983294775,0.00039331036971436287,0.0006895040017491135
0.3,confounded,logger2_heavy,0.0,source_conditioned_decoder,mae,5,0.01095076915402644,0.00039354838642984127,0.010462114291045323,0.011439424017007557
0.3,confounded,logger2_heavy,0.0,source_conditioned_decoder,top_set_disagreement,5,0.19676375404530744,0.012617209507843313,0.18109741924162415,0.21243008884899073
0.3,confounded,logger2_heavy,0.0,source_conditioned_decoder,mean_regret,5,0.0004628774542154707,5.250535418772154e-05,0.0003976834462076395,0.0005280714622233019
0.3,confounded,logger2_heavy,0.0,per_source_models,mae,5,0.01102107790606574,0.0010337353160730111,0.009737525980426091,0.01230462983170539
0.3,confounded,logger2_heavy,0.0,per_source_models,top_set_disagreement,5,0.1941747572815534,0.02821293814589433,0.1591437677022467,0.2292057468608601
0.3,confounded,logger2_heavy,0.0,per_source_models,mean_regret,5,0.0004573453383160053,0.00012223987756388883,0.0003055644832000882,0.0006091261934319224
0.3,confounded,logger2_heavy,0.0,mechanism_separated,mae,5,0.011389873229900458,0.000372683926475524,0.01092712501568658,0.011852621444114336
0.3,confounded,logger2_heavy,0.0,mechanism_separated,top_set_disagreement,5,0.20517799352750807,0.012237974369701646,0.1899825413417091,0.22037344571330703
0.3,confounded,logger2_heavy,0.0,mechanism_separated,mean_regret,5,0.0005119235197042005,6.669225185993522e-05,0.0004291141516105808,0.0005947328877978202
0.3,confounded,logger2_heavy,0.0,oracle_u_aware,mae,5,0.011010558483578172,0.0012031216400289037,0.009516685657694412,0.012504431309461933
0.3,confounded,logger2_heavy,0.0,oracle_u_aware,top_set_disagreement,5,0.2679611650485437,0.028891539314777524,0.23208758082869577,0.3038347492683917
0.3,confounded,logger2_heavy,0.0,oracle_u_aware,mean_regret,5,0.0008417492653882145,0.00012519662709712306,0.0006862971208251746,0.0009972014099512542
0.3,confounded,logger2_heavy,0.0,source_shuffle,mae,5,0.011755975869826718,0.001044388339703776,0.010459196468272734,0.013052755271380702
0.3,confounded,logger2_heavy,0.0,source_shuffle,top_set_disagreement,5,0.22588996763754046,0.03124276604827746,0.18709694983109137,0.26468298544398955
0.3,confounded,logger2_heavy,0.0,source_shuffle,mean_regret,5,0.0005771598893380241,0.0001250683616710164,0.00042186700733679516,0.000732452771339253
0.3,confounded,logger2_heavy,0.0,no_behavior,mae,5,0.011654098996585056,0.0011641174549718045,0.010208656263065972,0.01309954173010414
0.3,confounded,logger2_heavy,0.0,no_behavior,top_set_disagreement,5,0.19158576051779935,0.02740318851782077,0.15756020789923048,0.22561131313636823
0.3,confounded,logger2_heavy,0.0,no_behavior,mean_regret,5,0.0004783440487770737,0.00015214786162753667,0.0002894275265904731,0.0006672605709636744
0.3,confounded,logger2_heavy,0.0,source_dependent_reward,mae,5,0.011109210480433774,0.0014149641722130376,0.00935230040904865,0.012866120551818898
0.3,confounded,logger2_heavy,0.0,source_dependent_reward,top_set_disagreement,5,0.19870550161812298,0.02492119522094298,0.16776175072007032,0.22964925251617563
0.3,confounded,logger2_heavy,0.0,source_dependent_reward,mean_regret,5,0.00048769202551232263,9.740286439573106e-05,0.00036675039547021994,0.0006086336555544253
0.3,confounded,logger2_heavy,0.002,pooled_mlp,mae,5,0.011827426841312952,0.0012868498886360038,0.0102295916635011,0.013425262019124804
0.3,confounded,logger2_heavy,0.002,pooled_mlp,top_set_disagreement,5,0.25954692556634307,0.058584097142780935,0.18680516127687985,0.3322886898558063
0.3,confounded,logger2_heavy,0.002,pooled_mlp,mean_regret,5,0.0007088669409053341,0.0002485967931013132,0.000400193252842523,0.001017540628968145
0.3,confounded,logger2_heavy,0.002,source_balanced_pooled_mlp,mae,5,0.011649248703698514,0.0007730928734062633,0.010689327115522054,0.012609170291874973
0.3,confounded,logger2_heavy,0.002,source_balanced_pooled_mlp,top_set_disagreement,5,0.2517799352750809,0.0319881263253115,0.21206143044694747,0.29149844010321435
0.3,confounded,logger2_heavy,0.002,source_balanced_pooled_mlp,mean_regret,5,0.0006681174860557077,0.00014009193118658946,0.0004941703786624801,0.0008420645934489353
0.3,confounded,logger2_heavy,0.002,source_conditioned_decoder,mae,5,0.011084543510876602,0.0006762501296010841,0.010244868071170305,0.0119242189505829
0.3,confounded,logger2_heavy,0.002,source_conditioned_decoder,top_set_disagreement,5,0.22783171521035603,0.023404122630115917,0.19877165873099506,0.256891771689717
0.3,confounded,logger2_heavy,0.002,source_conditioned_decoder,mean_regret,5,0.000596878705529625,0.00012090062655711725,0.0004467607501733743,0.0007469966608858756
0.3,confounded,logger2_heavy,0.002,per_source_models,mae,5,0.009498011770388856,0.00035820861496616235,0.009053237029338938,0.009942786511438774
0.3,confounded,logger2_heavy,0.002,per_source_models,top_set_disagreement,5,0.25177993527508086,0.03845553599356103,0.204031080700247,0.2995287898499147
0.3,confounded,logger2_heavy,0.002,per_source_models,mean_regret,5,0.0006556516502297332,0.00014438655239760017,0.00047637206629287134,0.000834931234166595
0.3,confounded,logger2_heavy,0.002,mechanism_separated,mae,5,0.011923160463950916,0.0007812339790112097,0.01095313035803922,0.012893190569862613
0.3,confounded,logger2_heavy,0.002,mechanism_separated,top_set_disagreement,5,0.2634304207119741,0.0332877433543658,0.22209822820741137,0.3047626132165368
0.3,confounded,logger2_heavy,0.002,mechanism_separated,mean_regret,5,0.0007419628904680434,0.00013386311060596234,0.0005757498853410511,0.0009081758955950356
0.3,confounded,logger2_heavy,0.002,oracle_u_aware,mae,5,0.010296027377868939,0.0007441297604815936,0.009372068244286953,0.011219986511450925
0.3,confounded,logger2_heavy,0.002,oracle_u_aware,top_set_disagreement,5,0.2802588996763754,0.030064010776682443,0.24292949985335877,0.31758829949939205
0.3,confounded,logger2_heavy,0.002,oracle_u_aware,mean_regret,5,0.0008882042253674659,0.00013991688704284547,0.0007144744639856216,0.0010619339867493102
0.3,confounded,logger2_heavy,0.002,source_shuffle,mae,5,0.011456743169446483,0.0008320688056708539,0.010423593289416578,0.012489893049476388
0.3,confounded,logger2_heavy,0.002,source_shuffle,top_set_disagreement,5,0.2543689320388349,0.0390769161116468,0.20584853214217438,0.3028893319354955
0.3,confounded,logger2_heavy,0.002,source_shuffle,mean_regret,5,0.0006949688878972517,0.00019741280736238338,0.0004498485122110448,0.0009400892635834586
0.3,confounded,logger2_heavy,0.002,no_behavior,mae,5,0.011761103664415438,0.0016858606852623273,0.009667831145538075,0.013854376183292801
0.3,confounded,logger2_heavy,0.002,no_behavior,top_set_disagreement,5,0.2233009708737864,0.017725649110199557,0.20129167052885896,0.24531027121871382
0.3,confounded,logger2_heavy,0.002,no_behavior,mean_regret,5,0.0005741353721839991,0.00010214508950214934,0.00044730549195587887,0.0007009652524121194
0.3,confounded,logger2_heavy,0.002,source_dependent_reward,mae,5,0.010639789313563098,0.000708600828768818,0.009759945175383505,0.01151963345174269
0.3,confounded,logger2_heavy,0.002,source_dependent_reward,top_set_disagreement,5,0.23106796116504852,0.02306605783974818,0.20242766756494746,0.2597082547651496
0.3,confounded,logger2_heavy,0.002,source_dependent_reward,mean_regret,5,0.0005720081244867753,0.000101346475300433,0.00044616985476138044,0.0006978463942121702
0.3,confounded,logger2_heavy,0.005,pooled_mlp,mae,5,0.01163533290194975,0.001085645455764175,0.010287326024713854,0.012983339779185645
0.3,confounded,logger2_heavy,0.005,pooled_mlp,top_set_disagreement,5,0.29967637540453074,0.029000086494782983,0.26366801205916346,0.335684738749898
0.3,confounded,logger2_heavy,0.005,pooled_mlp,mean_regret,5,0.0008956207907560944,0.0001384215665222706,0.0007237477150304232,0.0010674938664817655
0.3,confounded,logger2_heavy,0.005,source_balanced_pooled_mlp,mae,5,0.011411489013079654,0.0005428268933976445,0.010737480402291005,0.012085497623868303
0.3,confounded,logger2_heavy,0.005,source_balanced_pooled_mlp,top_set_disagreement,5,0.32103559870550163,0.018364091856454514,0.2982335669876351,0.3438376304233682
0.3,confounded,logger2_heavy,0.005,source_balanced_pooled_mlp,mean_regret,5,0.0009614473080947138,8.968004249843857e-05,0.0008500948279670189,0.0010727997882224087
0.3,confounded,logger2_heavy,0.005,source_conditioned_decoder,mae,5,0.011638737826000556,0.0013565512973801816,0.009954356918326973,0.013323118733674139
0.3,confounded,logger2_heavy,0.005,source_conditioned_decoder,top_set_disagreement,5,0.2750809061488673,0.03276449309274528,0.23439841465620953,0.3157633976415251
0.3,confounded,logger2_heavy,0.005,source_conditioned_decoder,mean_regret,5,0.000760853794222488,0.00013256829404991873,0.0005962485161974133,0.0009254590722475628
0.3,confounded,logger2_heavy,0.005,per_source_models,mae,5,0.009689487078469066,0.0008862181684327836,0.008589101884171998,0.010789872272766135
0.3,confounded,logger2_heavy,0.005,per_source_models,top_set_disagreement,5,0.2977346278317152,0.012108923581792693,0.28269941336320265,0.3127698423002278
0.3,confounded,logger2_heavy,0.005,per_source_models,mean_regret,5,0.0008327471852702101,4.8877019296872565e-05,0.0007720583500697727,0.0008934360204706475
0.3,confounded,logger2_heavy,0.005,mechanism_separated,mae,5,0.011042704834245479,0.00030812187174004816,0.010660120999046702,0.011425288669444256
0.3,confounded,logger2_heavy,0.005,mechanism_separated,top_set_disagreement,5,0.3216828478964401,0.008122912878971607,0.3115969194140753,0.33176877637880486
0.3,confounded,logger2_heavy,0.005,mechanism_separated,mean_regret,5,0.0010013681038348833,4.2086203304778065e-05,0.0009491111803702559,0.0010536250272995106
0.3,confounded,logger2_heavy,0.005,oracle_u_aware,mae,5,0.010452915625566248,0.0009541364632245253,0.009268198729806883,0.011637632521325613
0.3,confounded,logger2_heavy,0.005,oracle_u_aware,top_set_disagreement,5,0.2634304207119741,0.014032028083287242,0.2460073566191721,0.28085348480477607
0.3,confounded,logger2_heavy,0.005,oracle_u_aware,mean_regret,5,0.0008106129409487887,6.847736162342756e-05,0.0007255870663289985,0.0008956388155685789
0.3,confounded,logger2_heavy,0.005,source_shuffle,mae,5,0.011913760796529657,0.001238238245841602,0.010376284945469156,0.013451236647590159
0.3,confounded,logger2_heavy,0.005,source_shuffle,top_set_disagreement,5,0.313915857605178,0.02464651490570843,0.28331316736556733,0.34451854784478864
0.3,confounded,logger2_heavy,0.005,source_shuffle,mean_regret,5,0.0009666997966447877,0.0001219623288865825,0.0008152635637292309,0.0011181360295603444
0.3,confounded,logger2_heavy,0.005,no_behavior,mae,5,0.011392118225922714,0.0010914259372509724,0.010036933932932379,0.01274730251891305
0.3,confounded,logger2_heavy,0.005,no_behavior,top_set_disagreement,5,0.2919093851132686,0.0162458257579432,0.2717375281485391,0.3120812420779981
0.3,confounded,logger2_heavy,0.005,no_behavior,mean_regret,5,0.0008692951926223523,7.291716690503621e-05,0.0007787565716253536,0.0009598338136193509
0.3,confounded,logger2_heavy,0.005,source_dependent_reward,mae,5,0.010888190216548178,0.0004229668902950131,0.010363007456436658,0.011413372976659697
0.3,confounded,logger2_heavy,0.005,source_dependent_reward,top_set_disagreement,5,0.3126213592233009,0.016596610232955458,0.2920139458048199,0.33322877264178197
0.3,confounded,logger2_heavy,0.005,source_dependent_reward,mean_regret,5,0.0009155455070607263,0.00010334890916554739,0.0007872208872962349,0.0010438701268252178
0.3,confounded,logger2_heavy,0.01,pooled_mlp,mae,5,0.01173943327258151,0.0007824101063850656,0.010767942811652395,0.012710923733510624
0.3,confounded,logger2_heavy,0.01,pooled_mlp,top_set_disagreement,5,0.4174757281553399,0.06203977188569842,0.340443176948094,0.4945082793625858
0.3,confounded,logger2_heavy,0.01,pooled_mlp,mean_regret,5,0.0014929172296694793,0.00032726074828110896,0.0010865693405036011,0.0018992651188353574
0.3,confounded,logger2_heavy,0.01,source_balanced_pooled_mlp,mae,5,0.012236543433012304,0.0009834728723901941,0.011015400574155353,0.013457686291869254
0.3,confounded,logger2_heavy,0.01,source_balanced_pooled_mlp,top_set_disagreement,5,0.4809061488673139,0.04825154811568612,0.42099393871446966,0.5408183590201582
0.3,confounded,logger2_heavy,0.01,source_balanced_pooled_mlp,mean_regret,5,0.0017878534187024367,0.00029557834316797283,0.0014208444313420466,0.002154862406062827
0.3,confounded,logger2_heavy,0.01,source_conditioned_decoder,mae,5,0.010993292493814638,0.0004933782498985009,0.010380682483418889,0.011605902504210388
0.3,confounded,logger2_heavy,0.01,source_conditioned_decoder,top_set_disagreement,5,0.4077669902912621,0.033864805075172075,0.3657182810232328,0.44981569955929146
0.3,confounded,logger2_heavy,0.01,source_conditioned_decoder,mean_regret,5,0.0014004900525990318,0.00018552978322269103,0.0011701244001768672,0.0016308557050211964
0.3,confounded,logger2_heavy,0.01,per_source_models,mae,5,0.010138066267923643,0.0006947622904932459,0.009275404944508592,0.011000727591338693
0.3,confounded,logger2_heavy,0.01,per_source_models,top_set_disagreement,5,0.44401294498381877,0.007016014041643623,0.43530141293741775,0.4527244770302198
0.3,confounded,logger2_heavy,0.01,per_source_models,mean_regret,5,0.0015567461401505367,9.645928147838404e-05,0.0014369761230462238,0.0016765161572548496
0.3,confounded,logger2_heavy,0.01,mechanism_separated,mae,5,0.011576832184664095,0.00038552332888011376,0.011098141746725987,0.012055522622602203
0.3,confounded,logger2_heavy,0.01,mechanism_separated,top_set_disagreement,5,0.4466019417475728,0.030701724856003688,0.4084807153111153,0.4847231681840303
0.3,confounded,logger2_heavy,0.01,mechanism_separated,mean_regret,5,0.001654971440934474,0.0001852887386466992,0.0014249050848842808,0.001885037796984667
0.3,confounded,logger2_heavy,0.01,oracle_u_aware,mae,5,0.011401467222014757,0.0007003147947331774,0.010531911553985111,0.012271022890044404
0.3,confounded,logger2_heavy,0.01,oracle_u_aware,top_set_disagreement,5,0.2906148867313916,0.03584790681177473,0.24610383143224734,0.3351259420305358
0.3,confounded,logger2_heavy,0.01,oracle_u_aware,mean_regret,5,0.0009255436486278081,0.0001762013706504195,0.0007067607502570244,0.0011443265469985918
0.3,confounded,logger2_heavy,0.01,source_shuffle,mae,5,0.011802926538722783,0.0008980893005868456,0.010687801387012096,0.01291805169043347
0.3,confounded,logger2_heavy,0.01,source_shuffle,top_set_disagreement,5,0.4220064724919094,0.05836917463117461,0.3495315697475113,0.49448137523630753
0.3,confounded,logger2_heavy,0.01,source_shuffle,mean_regret,5,0.0015611653071656568,0.0003317855125598997,0.0011491991810944457,0.0019731314332368678
0.3,confounded,logger2_heavy,0.01,no_behavior,mae,5,0.011772032474375116,0.0005776617748224398,0.011054770645439601,0.01248929430331063
0.3,confounded,logger2_heavy,0.01,no_behavior,top_set_disagreement,5,0.4200647249190938,0.044219484925297106,0.3651589824682382,0.4749704673699494
0.3,confounded,logger2_heavy,0.01,no_behavior,mean_regret,5,0.0015204023625375927,0.00023742415185615967,0.0012256013408737353,0.0018152033842014502
0.3,confounded,logger2_heavy,0.01,source_dependent_reward,mae,5,0.011619552122839091,0.0009654646794438942,0.010420769388836269,0.012818334856841914
0.3,confounded,logger2_heavy,0.01,source_dependent_reward,top_set_disagreement,5,0.4472491909385113,0.07313486254817257,0.3564402650988644,0.5380581167781582
0.3,confounded,logger2_heavy,0.01,source_dependent_reward,mean_regret,5,0.0016610473945315146,0.0004200058352595238,0.0011395412698542618,0.0021825535192087674
0.3,confounded,logger2_heavy,0.02,pooled_mlp,mae,5,0.01335765376972931,0.00026288597817484237,0.013031237714997028,0.013684069824461593
0.3,confounded,logger2_heavy,0.02,pooled_mlp,top_set_disagreement,5,0.6627831715210355,0.02338173704619861,0.6337509104153034,0.6918154326267676
0.3,confounded,logger2_heavy,0.02,pooled_mlp,mean_regret,5,0.0032299056947041023,0.00025102605592773294,0.0029182156784475512,0.0035415957109606534
0.3,confounded,logger2_heavy,0.02,source_balanced_pooled_mlp,mae,5,0.014109868957818739,0.0005599583311505884,0.01341458885753479,0.014805149058102688
0.3,confounded,logger2_heavy,0.02,source_balanced_pooled_mlp,top_set_disagreement,5,0.7734627831715211,0.029215971011760173,0.7371863637936535,0.8097392025493886
0.3,confounded,logger2_heavy,0.02,source_balanced_pooled_mlp,mean_regret,5,0.00436947426687591,0.0003566550585718873,0.003926628520869942,0.004812320012881878
0.3,confounded,logger2_heavy,0.02,source_conditioned_decoder,mae,5,0.013893977937312021,0.0009023277325935269,0.012773590077169803,0.01501436579745424
0.3,confounded,logger2_heavy,0.02,source_conditioned_decoder,top_set_disagreement,5,0.7029126213592233,0.032556055249085544,0.662488939632901,0.7433363030855455
0.3,confounded,logger2_heavy,0.02,source_conditioned_decoder,mean_regret,5,0.0035763857134637235,0.00031558850340901245,0.003184530830533746,0.0039682405963937005
0.3,confounded,logger2_heavy,0.02,per_source_models,mae,5,0.013220632918318589,0.002550488117739312,0.010053783644675195,0.016387482191961983
0.3,confounded,logger2_heavy,0.02,per_source_models,top_set_disagreement,5,0.7598705501618123,0.02787683555645053,0.725256887067521,0.7944842132561035
0.3,confounded,logger2_heavy,0.02,per_source_models,mean_regret,5,0.004063068116047133,0.00033060986988754784,0.0036525617431569335,0.004473574488937333
0.3,confounded,logger2_heavy,0.02,mechanism_separated,mae,5,0.01288449688186106,0.00040641486453112113,0.012379866176237906,0.013389127587484215
0.3,confounded,logger2_heavy,0.02,mechanism_separated,top_set_disagreement,5,0.6608414239482201,0.035774792505981826,0.6164211520503325,0.7052616958461077
0.3,confounded,logger2_heavy,0.02,mechanism_separated,mean_regret,5,0.003232761431709005,0.00036810234595552473,0.002775702001081682,0.003689820862336328
0.3,confounded,logger2_heavy,0.02,oracle_u_aware,mae,5,0.011572997372901924,0.001061286935379864,0.01025523559347674,0.01289075915232711
0.3,confounded,logger2_heavy,0.02,oracle_u_aware,top_set_disagreement,5,0.2744336569579288,0.01472402998844962,0.2561513590127983,0.29271595490305935
0.3,confounded,logger2_heavy,0.02,oracle_u_aware,mean_regret,5,0.0008561098818224714,5.68126762827312e-05,0.0007855676270405991,0.0009266521366043436
0.3,confounded,logger2_heavy,0.02,source_shuffle,mae,5,0.013150654785162311,0.0003834116508521041,0.01267458634180738,0.013626723228517242
0.3,confounded,logger2_heavy,0.02,source_shuffle,top_set_disagreement,5,0.6815533980582524,0.029889320101019613,0.6444409053580282,0.7186658907584766
0.3,confounded,logger2_heavy,0.02,source_shuffle,mean_regret,5,0.003443489720489624,0.0003534900778444491,0.0030045738171079243,0.0038824056238713233
0.3,confounded,logger2_heavy,0.02,no_behavior,mae,5,0.01292394321084211,0.00028542186233364736,0.012569545160082149,0.01327834126160207
0.3,confounded,logger2_heavy,0.02,no_behavior,top_set_disagreement,5,0.6789644012944984,0.04386277446104823,0.6245015733848832,0.7334272292041136
0.3,confounded,logger2_heavy,0.02,no_behavior,mean_regret,5,0.003382121732239403,0.00036767154564291987,0.002925597210850656,0.0038386462536281495
0.3,confounded,logger2_heavy,0.02,source_dependent_reward,mae,5,0.013364986492417913,0.001010133624271721,0.012110739937784627,0.014619233047051199
0.3,confounded,logger2_heavy,0.02,source_dependent_reward,top_set_disagreement,5,0.7229773462783171,0.02980159076562158,0.685973783935443,0.7599809086211913
0.3,confounded,logger2_heavy,0.02,source_dependent_reward,mean_regret,5,0.0037878682793441925,0.00031324213687005574,0.0033989267952722274,0.004176809763416158
0.3,confounded,logger2_heavy,0.05,pooled_mlp,mae,5,0.01942957448118618,0.0008793783328415672,0.018337682064496357,0.020521466897876
0.3,confounded,logger2_heavy,0.05,pooled_mlp,top_set_disagreement,5,0.8990291262135923,0.0042195484823318126,0.8937898647744056,0.9042683876527791
0.3,confounded,logger2_heavy,0.05,pooled_mlp,mean_regret,5,0.006232626073396639,3.294572581935644e-05,0.006191718551752052,0.006273533595041227
0.3,confounded,logger2_heavy,0.05,source_balanced_pooled_mlp,mae,5,0.024561825879202536,0.0012683219661636402,0.02298699615568613,0.026136655602718942
0.3,confounded,logger2_heavy,0.05,source_balanced_pooled_mlp,top_set_disagreement,5,0.9022653721682848,0.0014472931893202848,0.9004683203202604,0.9040624240163093
0.3,confounded,logger2_heavy,0.05,source_balanced_pooled_mlp,mean_regret,5,0.006259844178574625,2.1262232827163098e-05,0.00623344362955171,0.00628624472759754
0.3,confounded,logger2_heavy,0.05,source_conditioned_decoder,mae,5,0.021113755636624276,0.0007786388808079882,0.020146947770723324,0.022080563502525227
0.3,confounded,logger2_heavy,0.05,source_conditioned_decoder,top_set_disagreement,5,0.9016181229773463,0.002894586378640526,0.8980240192812974,0.9052122266733953
0.3,confounded,logger2_heavy,0.05,source_conditioned_decoder,mean_regret,5,0.006249552357388803,2.7833391528902845e-05,0.006214992637179454,0.0062841120775981515
0.3,confounded,logger2_heavy,0.05,per_source_models,mae,5,0.02120941213045505,0.0011864231959760002,0.0197362731613778,0.0226825510995323
0.3,confounded,logger2_heavy,0.05,per_source_models,top_set_disagreement,5,0.9029126213592233,0.0,0.9029126213592233,0.9029126213592233
0.3,confounded,logger2_heavy,0.05,per_source_models,mean_regret,5,0.006267917341894906,6.519783551865616e-06,0.006259821961382473,0.006276012722407339
0.3,confounded,logger2_heavy,0.05,mechanism_separated,mae,5,0.019690677927989182,0.0010886532419324382,0.01833893639095386,0.021042419465024505
0.3,confounded,logger2_heavy,0.05,mechanism_separated,top_set_disagreement,5,0.8957928802588997,0.005317694733059869,0.8891900901554215,0.9023956703623779
0.3,confounded,logger2_heavy,0.05,mechanism_separated,mean_regret,5,0.006201792689113285,2.1547007509013965e-05,0.006175038545620316,0.006228546832606254
0.3,confounded,logger2_heavy,0.05,oracle_u_aware,mae,5,0.010632364901089219,0.0006287936763621873,0.0098516144308521,0.011413115371326337
0.3,confounded,logger2_heavy,0.05,oracle_u_aware,top_set_disagreement,5,0.2724919093851133,0.02349345166716057,0.24332093625645976,0.30166288251376683
0.3,confounded,logger2_heavy,0.05,oracle_u_aware,mean_regret,5,0.0008445744307147785,5.571018595812049e-05,0.0007754010984773432,0.0009137477629522137
0.3,confounded,logger2_heavy,0.05,source_shuffle,mae,5,0.019541877020368453,0.0010838074620159587,0.01819615231379864,0.020887601726938265
0.3,confounded,logger2_heavy,0.05,source_shuffle,top_set_disagreement,5,0.8964401294498382,0.006865114380451927,0.8879159640800801,0.9049642948195963
0.3,confounded,logger2_heavy,0.05,source_shuffle,mean_regret,5,0.006191507909980798,6.0509376783167295e-05,0.006116375595275393,0.006266640224686203
0.3,confounded,logger2_heavy,0.05,no_behavior,mae,5,0.019505954431393458,0.0012273166408356942,0.017982039544071394,0.021029869318715522
0.3,confounded,logger2_heavy,0.05,no_behavior,top_set_disagreement,5,0.8957928802588997,0.007016014041643629,0.8870813482124987,0.9045044123053007
0.3,confounded,logger2_heavy,0.05,no_behavior,mean_regret,5,0.006183360820586554,6.686175860722708e-05,0.006100340982067369,0.006266380659105739
0.3,confounded,logger2_heavy,0.05,source_dependent_reward,mae,5,0.02078102203727566,0.0010202367954244736,0.01951423073875431,0.02204781333579701
0.3,confounded,logger2_heavy,0.05,source_dependent_reward,top_set_disagreement,5,0.9022653721682848,0.0014472931893202848,0.9004683203202604,0.9040624240163093
0.3,confounded,logger2_heavy,0.05,source_dependent_reward,mean_regret,5,0.006269199322321206,7.575908235422431e-06,0.006259792589811586,0.006278606054830826
0.3,confounded,logger2_heavy,0.1,pooled_mlp,mae,5,0.03242887452194419,0.0021426710063512018,0.029768397073362873,0.03508935197052551
0.3,confounded,logger2_heavy,0.1,pooled_mlp,top_set_disagreement,5,0.9022653721682848,0.0014472931893202848,0.9004683203202604,0.9040624240163093
0.3,confounded,logger2_heavy,0.1,pooled_mlp,mean_regret,5,0.0062638792312066215,1.2766491276764122e-05,0.006248027538604881,0.006279730923808362
0.3,confounded,logger2_heavy,0.1,source_balanced_pooled_mlp,mae,5,0.0434534213733585,0.000877227357943102,0.04236419974476115,0.04454264300195586
0.3,confounded,logger2_heavy,0.1,source_balanced_pooled_mlp,top_set_disagreement,5,0.9022653721682848,0.0014472931893202846,0.9004683203202604,0.9040624240163093
0.3,confounded,logger2_heavy,0.1,source_balanced_pooled_mlp,mean_regret,5,0.006263946655307476,3.5719583788858616e-06,0.006259511483185331,0.006268381827429621
0.3,confounded,logger2_heavy,0.1,source_conditioned_decoder,mae,5,0.03735393819241031,0.0015925772276561797,0.03537649238447047,0.039331384000350154
0.3,confounded,logger2_heavy,0.1,source_conditioned_decoder,top_set_disagreement,5,0.9022653721682848,0.0014472931893202848,0.9004683203202604,0.9040624240163093
0.3,confounded,logger2_heavy,0.1,source_conditioned_decoder,mean_regret,5,0.006269000995231586,7.748215629205464e-06,0.0062593803148344816,0.00627862167562869
0.3,confounded,logger2_heavy,0.1,per_source_models,mae,5,0.03858754119386299,0.000992182616217731,0.03735558375966181,0.03981949862806417
0.3,confounded,logger2_heavy,0.1,per_source_models,top_set_disagreement,5,0.9029126213592233,0.0,0.9029126213592233,0.9029126213592233
0.3,confounded,logger2_heavy,0.1,per_source_models,mean_regret,5,0.0062662183453205,5.431718729639458e-06,0.0062594739757255375,0.006272962714915463
0.3,confounded,logger2_heavy,0.1,mechanism_separated,mae,5,0.03258261490286227,0.0020194438259556226,0.030075144207778296,0.035090085597946234
0.3,confounded,logger2_heavy,0.1,mechanism_separated,top_set_disagreement,5,0.9016181229773463,0.0017725649110199948,0.8994171929428535,0.9038190530118392
0.3,confounded,logger2_heavy,0.1,mechanism_separated,mean_regret,5,0.006262898930065319,1.2353871427569478e-05,0.006247559572675268,0.0062782382874553705
0.3,confounded,logger2_heavy,0.1,oracle_u_aware,mae,5,0.010978349963136902,0.00111514616948413,0.009593713111753622,0.012362986814520182
0.3,confounded,logger2_heavy,0.1,oracle_u_aware,top_set_disagreement,5,0.27572815533980577,0.03845553599356103,0.22797930076497191,0.3234770099146396
0.3,confounded,logger2_heavy,0.1,oracle_u_aware,mean_regret,5,0.0008323403700756148,0.00015854350179691408,0.0006354826117452324,0.001029198128405997
0.3,confounded,logger2_heavy,0.1,source_shuffle,mae,5,0.03296767507656479,0.0019505449908136631,0.03054575358459477,0.03538959656853481
0.3,confounded,logger2_heavy,0.1,source_shuffle,top_set_disagreement,5,0.9022653721682848,0.0014472931893202846,0.9004683203202604,0.9040624240163093
0.3,confounded,logger2_heavy,0.1,source_shuffle,mean_regret,5,0.006264345142407304,8.985158716371388e-06,0.0062531885943110386,0.006275501690503569
0.3,confounded,logger2_heavy,0.1,no_behavior,mae,5,0.03254552007613041,0.0018460179484359155,0.030253386049519555,0.03483765410274126
0.3,confounded,logger2_heavy,0.1,no_behavior,top_set_disagreement,5,0.9009708737864077,0.0017725649110199948,0.8987699437519149,0.9031718038209006
0.3,confounded,logger2_heavy,0.1,no_behavior,mean_regret,5,0.00626585538370109,8.54795521832043e-06,0.006255241695448243,0.0062764690719539365
0.3,confounded,logger2_heavy,0.1,source_dependent_reward,mae,5,0.03863757145551664,0.0010382690432525678,0.037348390164060455,0.03992675274697283
0.3,confounded,logger2_heavy,0.1,source_dependent_reward,top_set_disagreement,5,0.9022653721682848,0.0014472931893202848,0.9004683203202604,0.9040624240163093
0.3,confounded,logger2_heavy,0.1,source_dependent_reward,mean_regret,5,0.0062676348475616695,7.011104138925892e-06,0.006258929411964708,0.006276340283158631
0.3,independent_latents,logger1_heavy,0.0,pooled_mlp,mae,5,0.011933413920650438,0.0007620838537492316,0.010987161835837632,0.012879666005463244
0.3,independent_latents,logger1_heavy,0.0,pooled_mlp,top_set_disagreement,5,0.30614886731391583,0.01611637488412782,0.28613774483873894,0.3261599897890927
0.3,independent_latents,logger1_heavy,0.0,pooled_mlp,mean_regret,5,0.0009858770592315995,5.545637257987308e-05,0.0009170188779281965,0.0010547352405350023
0.3,independent_latents,logger1_heavy,0.0,source_balanced_pooled_mlp,mae,5,0.012138843677598436,0.0011495652909065616,0.010711469842295119,0.013566217512901753
0.3,independent_latents,logger1_heavy,0.0,source_balanced_pooled_mlp,top_set_disagreement,5,0.2750809061488673,0.02746045752180767,0.24098424466983492,0.3091775676278997
0.3,independent_latents,logger1_heavy,0.0,source_balanced_pooled_mlp,mean_regret,5,0.0008722605277007684,0.0001453371557278616,0.0006918006138321483,0.0010527204415693885
0.3,independent_latents,logger1_heavy,0.0,source_conditioned_decoder,mae,5,0.011522397547587885,0.0008250738218245439,0.01049793308716796,0.01254686200800781
0.3,independent_latents,logger1_heavy,0.0,source_conditioned_decoder,top_set_disagreement,5,0.2750809061488673,0.01410646907294717,0.25756541135921396,0.2925964009385207
0.3,independent_latents,logger1_heavy,0.0,source_conditioned_decoder,mean_regret,5,0.000809851856662434,5.366165772365816e-05,0.0007432221081830346,0.0008764816051418335
0.3,independent_latents,logger1_heavy,0.0,per_source_models,mae,5,0.009793497927006364,0.001088925655539935,0.00844141814380199,0.011145577710210738
0.3,independent_latents,logger1_heavy,0.0,per_source_models,top_set_disagreement,5,0.24401294498381879,0.03459908675962225,0.20105250458366722,0.2869733853839703
0.3,independent_latents,logger1_heavy,0.0,per_source_models,mean_regret,5,0.0007035907958609672,9.172757816114153e-05,0.0005896959644158558,0.0008174856273060787
0.3,independent_latents,logger1_heavy,0.0,mechanism_separated,mae,5,0.012114932875905687,0.0014399931601750589,0.010326945211256646,0.013902920540554727
0.3,independent_latents,logger1_heavy,0.0,mechanism_separated,top_set_disagreement,5,0.30744336569579284,0.02921597101176017,0.2711669463179254,0.3437197850736603
0.3,independent_latents,logger1_heavy,0.0,mechanism_separated,mean_regret,5,0.0009693645767303554,0.00014348085832380624,0.00079120956051831,0.001147519592942401
0.3,independent_latents,logger1_heavy,0.0,oracle_u_aware,mae,5,0.011207203101442222,0.0009167925288025919,0.010068854824605854,0.012345551378278589
0.3,independent_latents,logger1_heavy,0.0,oracle_u_aware,top_set_disagreement,5,0.26407766990291265,0.03993847448278285,0.2144875039944614,0.3136678358113639
0.3,independent_latents,logger1_heavy,0.0,oracle_u_aware,mean_regret,5,0.0008074234288907307,0.0001782905548374565,0.0005860464657292866,0.0010288003920521749
0.3,independent_latents,logger1_heavy,0.0,source_shuffle,mae,5,0.011679745359768828,0.0015017557732563062,0.009815069282021813,0.013544421437515842
0.3,independent_latents,logger1_heavy,0.0,source_shuffle,top_set_disagreement,5,0.3093851132686084,0.03934402049302042,0.26053305947783373,0.3582371670593831
0.3,independent_latents,logger1_heavy,0.0,source_shuffle,mean_regret,5,0.0009583025014456082,0.0001350154496827535,0.000790658678373241,0.0011259463245179755
0.3,independent_latents,logger1_heavy,0.0,no_behavior,mae,5,0.011746958340671389,0.0005889649491691439,0.011015661767084151,0.012478254914258627
0.3,independent_latents,logger1_heavy,0.0,no_behavior,top_set_disagreement,5,0.26472491909385115,0.025625673650264285,0.23290644269259908,0.2965433954951032
0.3,independent_latents,logger1_heavy,0.0,no_behavior,mean_regret,5,0.0007999828066938374,6.219977823763226e-05,0.0007227515813599113,0.0008772140320277634
0.3,independent_latents,logger1_heavy,0.0,source_dependent_reward,mae,5,0.012073765808789877,0.0008631736184664085,0.011001994202540864,0.013145537415038891
0.3,independent_latents,logger1_heavy,0.0,source_dependent_reward,top_set_disagreement,5,0.2550161812297735,0.023269486099996826,0.22612329808270445,0.2839090643768425
0.3,independent_latents,logger1_heavy,0.0,source_dependent_reward,mean_regret,5,0.0007926877214582496,0.0001020546177784091,0.000665970176712353,0.0009194052662041463
0.3,independent_latents,logger1_heavy,0.002,pooled_mlp,mae,5,0.01206927437491749,0.0007573471867393436,0.011128903639002343,0.013009645110832638
0.3,independent_latents,logger1_heavy,0.002,pooled_mlp,top_set_disagreement,5,0.2925566343042071,0.014935897422931162,0.274011268193289,0.31110200041512515
0.3,independent_latents,logger1_heavy,0.002,pooled_mlp,mean_regret,5,0.0009671917239961441,0.00013851883629144272,0.0007951978718999783,0.00113918557609231
0.3,independent_latents,logger1_heavy,0.002,source_balanced_pooled_mlp,mae,5,0.012263104886562197,0.0015029875464749177,0.010396899360355682,0.014129310412768712
0.3,independent_latents,logger1_heavy,0.002,source_balanced_pooled_mlp,top_set_disagreement,5,0.30291262135922326,0.03281240609873549,0.2621706380119817,0.3436546047064648
0.3,independent_latents,logger1_heavy,0.002,source_balanced_pooled_mlp,mean_regret,5,0.000988280535169209,0.00020639853133237472,0.0007320029095316673,0.001244558160806751
0.3,independent_latents,logger1_heavy,0.002,source_conditioned_decoder,mae,5,0.012240934012785946,0.0011145199958432046,0.010857074658669228,0.013624793366902664
0.3,independent_latents,logger1_heavy,0.002,source_conditioned_decoder,top_set_disagreement,5,0.25695792880258905,0.026450248209323686,0.2241156078575182,0.28980024974765994
0.3,independent_latents,logger1_heavy,0.002,source_conditioned_decoder,mean_regret,5,0.0007899989326628262,7.675431497546478e-05,0.0006946958630509993,0.000885302002274653
0.3,independent_latents,logger1_heavy,0.002,per_source_models,mae,5,0.009922448175593408,0.0011289502678205328,0.008520671272278152,0.011324225078908665
0.3,independent_latents,logger1_heavy,0.002,per_source_models,top_set_disagreement,5,0.26796116504854367,0.03825072962354015,0.22046661116996757,0.31545571892711977
0.3,independent_latents,logger1_heavy,0.002,per_source_models,mean_regret,5,0.0007873925833441004,0.00012241870601626285,0.000635389683377016,0.0009393954833111848
0.3,independent_latents,logger1_heavy,0.002,mechanism_separated,mae,5,0.01131620675942441,0.0011515112704886122,0.00988641667133282,0.012745996847515999
0.3,independent_latents,logger1_heavy,0.002,mechanism_separated,top_set_disagreement,5,0.29190938511326864,0.03548082866968478,0.24785411752768502,0.3359646526988523
0.3,independent_latents,logger1_heavy,0.002,mechanism_separated,mean_regret,5,0.0009127311008245053,0.00016336251748576676,0.0007098897442064955,0.001115572457442515
0.3,independent_latents,logger1_heavy,0.002,oracle_u_aware,mae,5,0.011794848190369214,0.0017214538953593303,0.0096573808639339,0.013932315516804527
0.3,independent_latents,logger1_heavy,0.002,oracle_u_aware,top_set_disagreement,5,0.26925566343042073,0.033895717728870324,0.2271685710332053,0.31134275582763615
0.3,independent_latents,logger1_heavy,0.002,oracle_u_aware,mean_regret,5,0.0008430381981012871,0.00019747645142928277,0.000597838797868512,0.0010882375983340621
0.3,independent_latents,logger1_heavy,0.002,source_shuffle,mae,5,0.012527886842946543,0.0011238371620996902,0.011132458698923866,0.013923314986969219
0.3,independent_latents,logger1_heavy,0.002,source_shuffle,top_set_disagreement,5,0.29902912621359223,0.04045954640784982,0.2487919640553106,0.3492662883718739
0.3,independent_latents,logger1_heavy,0.002,source_shuffle,mean_regret,5,0.0009644196889160876,0.0002552075925774146,0.000647537609144457,0.0012813017686877182
0.3,independent_latents,logger1_heavy,0.002,no_behavior,mae,5,0.011503133932387818,0.0007713655609332278,0.010545357085922776,0.012460910778852861
0.3,independent_latents,logger1_heavy,0.002,no_behavior,top_set_disagreement,5,0.2699029126213592,0.03987286169905874,0.2203942157442801,0.3194116094984383
0.3,independent_latents,logger1_heavy,0.002,no_behavior,mean_regret,5,0.0007967373720797531,0.000163358803681973,0.0005939006267582104,0.000999574117401296
0.3,independent_latents,logger1_heavy,0.002,source_dependent_reward,mae,5,0.011977640954500674,0.0007380275295959163,0.01106125874131816,0.012894023167683188
0.3,independent_latents,logger1_heavy,0.002,source_dependent_reward,top_set_disagreement,5,0.2608414239482201,0.04974774292236853,0.19907144256961884,0.3226114053268213
0.3,independent_latents,logger1_heavy,0.002,source_dependent_reward,mean_regret,5,0.000803522397488669,0.0002349061472369389,0.0005118478915078088,0.0010951969034695293
0.3,independent_latents,logger1_heavy,0.005,pooled_mlp,mae,5,0.012001926982101523,0.0012805560988302814,0.010411906576503697,0.013591947387699348
0.3,independent_latents,logger1_heavy,0.005,pooled_mlp,top_set_disagreement,5,0.3093851132686084,0.02428262975055543,0.279234246125632,0.3395359804115848
0.3,independent_latents,logger1_heavy,0.005,pooled_mlp,mean_regret,5,0.0010224481245746607,0.00012422174590874188,0.00086820645488576,0.0011766897942635615
0.3,independent_latents,logger1_heavy,0.005,source_balanced_pooled_mlp,mae,5,0.011716472495531757,0.0009807591816441532,0.010498699128776424,0.01293424586228709
0.3,independent_latents,logger1_heavy,0.005,source_balanced_pooled_mlp,top_set_disagreement,5,0.2809061488673139,0.04730900146693759,0.2221642649548483,0.3396480327797795
0.3,independent_latents,logger1_heavy,0.005,source_balanced_pooled_mlp,mean_regret,5,0.000913638328677637,0.00018100255102364662,0.0006888939774885347,0.0011383826798667394
0.3,independent_latents,logger1_heavy,0.005,source_conditioned_decoder,mae,5,0.012297727949964837,0.002065014721176266,0.009733673514919479,0.014861782385010196
0.3,independent_latents,logger1_heavy,0.005,source_conditioned_decoder,top_set_disagreement,5,0.2783171521035599,0.03508007020821811,0.23475949187155498,0.3218748123355648
0.3,independent_latents,logger1_heavy,0.005,source_conditioned_decoder,mean_regret,5,0.000900506407996169,8.397942115134626e-05,0.0007962321841625505,0.0010047806318297875
0.3,independent_latents,logger1_heavy,0.005,per_source_models,mae,5,0.00925673480736281,0.0007398652433228532,0.008338070771206553,0.010175398843519066
0.3,independent_latents,logger1_heavy,0.005,per_source_models,top_set_disagreement,5,0.2349514563106796,0.03109154983682964,0.19634619822993005,0.27355671439142915
0.3,independent_latents,logger1_heavy,0.005,per_source_models,mean_regret,5,0.0006948548634846798,8.986087935199581e-05,0.0005832778447463744,0.0008064318822229851
0.3,independent_latents,logger1_heavy,0.005,mechanism_separated,mae,5,0.011368274802671826,0.0004064398611675262,0.010863613059625172,0.01187293654571848
0.3,independent_latents,logger1_heavy,0.005,mechanism_separated,top_set_disagreement,5,0.29514563106796116,0.05215278383983778,0.23038939696793143,0.3599018651679909
0.3,independent_latents,logger1_heavy,0.005,mechanism_separated,mean_regret,5,0.000938854566252539,0.00026633594522306115,0.0006081548116414937,0.0012695543208635844
0.3,independent_latents,logger1_heavy,0.005,oracle_u_aware,mae,5,0.011519747058304275,0.002068193907395449,0.008951745142186971,0.014087748974421579
0.3,independent_latents,logger1_heavy,0.005,oracle_u_aware,top_set_disagreement,5,0.23948220064724918,0.032923931956918784,0.19860173965703265,0.2803626616374657
0.3,independent_latents,logger1_heavy,0.005,oracle_u_aware,mean_regret,5,0.0007329846439086308,0.000140623688687876,0.0005583772723702809,0.0009075920154469808
0.3,independent_latents,logger1_heavy,0.005,source_shuffle,mae,5,0.012199182977368599,0.0012940112040433144,0.010592455852035706,0.01380591010270149
0.3,independent_latents,logger1_heavy,0.005,source_shuffle,top_set_disagreement,5,0.30097087378640774,0.052880694622550774,0.23531081907357893,0.36663092849923656
0.3,independent_latents,logger1_heavy,0.005,source_shuffle,mean_regret,5,0.0009620934391928136,0.00024032293856282388,0.0006636930984368196,0.0012604937799488077
0.3,independent_latents,logger1_heavy,0.005,no_behavior,mae,5,0.011084381803627126,0.00044191244115207215,0.010535675035090257,0.011633088572163995
0.3,independent_latents,logger1_heavy,0.005,no_behavior,top_set_disagreement,5,0.2750809061488673,0.013145693211385054,0.2587583721568588,0.2914034401408758
0.3,independent_latents,logger1_heavy,0.005,no_behavior,mean_regret,5,0.0008411212724171842,4.88722764016619e-05,0.000780438326298977,0.0009018042185353914
0.3,independent_latents,logger1_heavy,0.005,source_dependent_reward,mae,5,0.011504860023872264,0.0007483190642824726,0.010575699182583187,0.01243402086516134
0.3,independent_latents,logger1_heavy,0.005,source_dependent_reward,top_set_disagreement,5,0.24336569579288025,0.023715302214318786,0.21391925882683854,0.27281213275892197
0.3,independent_latents,logger1_heavy,0.005,source_dependent_reward,mean_regret,5,0.0007214868647856618,0.0001146407236010812,0.0005791416055621704,0.0008638321240091532
0.3,independent_latents,logger1_heavy,0.01,pooled_mlp,mae,5,0.012581599477254835,0.0011534411181447898,0.011149413166806552,0.014013785787703119
0.3,independent_latents,logger1_heavy,0.01,pooled_mlp,top_set_disagreement,5,0.3249190938511327,0.045110529091787234,0.26890697393793683,0.3809312137643286
0.3,independent_latents,logger1_heavy,0.01,pooled_mlp,mean_regret,5,0.001110500193622694,0.00024225668208160836,0.0008096987931576654,0.0014113015940877226
0.3,independent_latents,logger1_heavy,0.01,source_balanced_pooled_mlp,mae,5,0.01271487169365344,0.0010262065332647863,0.011440667986577058,0.013989075400729821
0.3,independent_latents,logger1_heavy,0.01,source_balanced_pooled_mlp,top_set_disagreement,5,0.2750809061488673,0.033554112222213134,0.2334179730108563,0.3167438392868783
0.3,independent_latents,logger1_heavy,0.01,source_balanced_pooled_mlp,mean_regret,5,0.000917813028152201,0.00013236587353535336,0.00075345908839256,0.001082166967911842
0.3,independent_latents,logger1_heavy,0.01,source_conditioned_decoder,mae,5,0.012661188132939944,0.0013641882714952919,0.010967324669452414,0.014355051596427474
0.3,independent_latents,logger1_heavy,0.01,source_conditioned_decoder,top_set_disagreement,5,0.2744336569579288,0.02562567365026427,0.24261518055667677,0.3062521333591809
0.3,independent_latents,logger1_heavy,0.01,source_conditioned_decoder,mean_regret,5,0.0008743663403489574,0.00013286148601083234,0.0007093970164214535,0.0010393356642764613
0.3,independent_latents,logger1_heavy,0.01,per_source_models,mae,5,0.010143111091943624,0.0011374969985083257,0.008730722020830993,0.011555500163056256
0.3,independent_latents,logger1_heavy,0.01,per_source_models,top_set_disagreement,5,0.23042071197411002,0.026430442704330634,0.19760298281155528,0.2632384411366648
0.3,independent_latents,logger1_heavy,0.01,per_source_models,mean_regret,5,0.0006401500467534523,8.330172266977475e-05,0.0005367172967260384,0.0007435827967808661
0.3,independent_latents,logger1_heavy,0.01,mechanism_separated,mae,5,0.011329641400472538,0.000874887835118265,0.010243324673139756,0.012415958127805321
0.3,independent_latents,logger1_heavy,0.01,mechanism_separated,top_set_disagreement,5,0.3119741100323624,0.01690919155678076,0.2909785756375767,0.33296964442714816
0.3,independent_latents,logger1_heavy,0.01,mechanism_separated,mean_regret,5,0.0010146433541456134,0.00010474338056222135,0.0008845872694513469,0.00114469943883988
0.3,independent_latents,logger1_heavy,0.01,oracle_u_aware,mae,5,0.011054892954546074,0.0009276482267621785,0.009903065548377913,0.012206720360714235
0.3,independent_latents,logger1_heavy,0.01,oracle_u_aware,top_set_disagreement,5,0.2511326860841424,0.031007222179944283,0.21263213461900027,0.28963323754928455
0.3,independent_latents,logger1_heavy,0.01,oracle_u_aware,mean_regret,5,0.0007347034298097983,0.00012334735054769948,0.0005815474653609002,0.0008878593942586964
0.3,independent_latents,logger1_heavy,0.01,source_shuffle,mae,5,0.01235135776978804,0.0009196866437356839,0.011209415974632587,0.013493299564943492
0.3,independent_latents,logger1_heavy,0.01,source_shuffle,top_set_disagreement,5,0.3132686084142394,0.017337340111299508,0.2917414573734247,0.33479575945505413
0.3,independent_latents,logger1_heavy,0.01,source_shuffle,mean_regret,5,0.001056524050002302,0.00011651801345917053,0.0009118478275478281,0.001201200272456776
0.3,independent_latents,logger1_heavy,0.01,no_behavior,mae,5,0.011582274202621251,0.0014657241647363973,0.00976233727597078,0.013402211129271722
0.3,independent_latents,logger1_heavy,0.01,no_behavior,top_set_disagreement,5,0.2802588996763754,0.024390218357821066,0.2499744436331404,0.3105433557196104
0.3,independent_latents,logger1_heavy,0.01,no_behavior,mean_regret,5,0.0008572008625863575,8.114802614079557e-05,0.0007564422800020335,0.0009579594451706815
0.3,independent_latents,logger1_heavy,0.01,source_dependent_reward,mae,5,0.011389391153359142,0.000748565591581568,0.010459924207998204,0.01231885809872008
0.3,independent_latents,logger1_heavy,0.01,source_dependent_reward,top_set_disagreement,5,0.27702265372168283,0.02732664314897676,0.24309214473183677,0.3109531627115289
0.3,independent_latents,logger1_heavy,0.01,source_dependent_reward,mean_regret,5,0.0008798464288607239,0.00017794472003535046,0.0006588988763223808,0.0011007939813990671
0.3,independent_latents,logger1_heavy,0.02,pooled_mlp,mae,5,0.012767692702771843,0.001302675851463531,0.011150206996680139,0.014385178408863547
0.3,independent_latents,logger1_heavy,0.02,pooled_mlp,top_set_disagreement,5,0.26084142394822,0.05155696329068642,0.1968249987734615,0.32485784912297855
0.3,independent_latents,logger1_heavy,0.02,pooled_mlp,mean_regret,5,0.0008296087922060227,0.0002623216988758971,0.0005038933827641718,0.0011553242016478736
0.3,independent_latents,logger1_heavy,0.02,source_balanced_pooled_mlp,mae,5,0.013051017035823642,0.0010905771192222286,0.011696886689620625,0.01440514738202666
0.3,independent_latents,logger1_heavy,0.02,source_balanced_pooled_mlp,top_set_disagreement,5,0.3093851132686084,0.02845320989039904,0.2740557869143646,0.3447144396228522
0.3,independent_latents,logger1_heavy,0.02,source_balanced_pooled_mlp,mean_regret,5,0.0010380164147027592,0.0001975591216257179,0.0007927143658633462,0.0012833184635421724
0.3,independent_latents,logger1_heavy,0.02,source_conditioned_decoder,mae,5,0.012580553750954232,0.0007613283156603699,0.011635239790585639,0.013525867711322826
0.3,independent_latents,logger1_heavy,0.02,source_conditioned_decoder,top_set_disagreement,5,0.26990291262135924,0.007090259644079808,0.2610991924833883,0.27870663275933016
0.3,independent_latents,logger1_heavy,0.02,source_conditioned_decoder,mean_regret,5,0.0008493475615301855,0.00013830312853075553,0.0006776215459945982,0.0010210735770657727
0.3,independent_latents,logger1_heavy,0.02,per_source_models,mae,5,0.010746026982790265,0.0006256628633560404,0.009969163930347986,0.011522890035232543
0.3,independent_latents,logger1_heavy,0.02,per_source_models,top_set_disagreement,5,0.24919093851132684,0.032443264815151154,0.2089073046061627,0.289474572416491
0.3,independent_latents,logger1_heavy,0.02,per_source_models,mean_regret,5,0.000749326136612147,0.00010983361718559037,0.000612949688360305,0.000885702584863989
0.3,independent_latents,logger1_heavy,0.02,mechanism_separated,mae,5,0.012666543382604496,0.000786710607490259,0.011689713144278826,0.013643373620930165
0.3,independent_latents,logger1_heavy,0.02,mechanism_separated,top_set_disagreement,5,0.30355987055016176,0.02916214971150502,0.2673502791431576,0.3397694619571659
0.3,independent_latents,logger1_heavy,0.02,mechanism_separated,mean_regret,5,0.0009539947993629439,0.00018645218662229694,0.0007224838318476679,0.0011855057668782199
0.3,independent_latents,logger1_heavy,0.02,oracle_u_aware,mae,5,0.011220660457945224,0.0015451222907329539,0.009302137736719982,0.013139183179170465
0.3,independent_latents,logger1_heavy,0.02,oracle_u_aware,top_set_disagreement,5,0.2634304207119741,0.0398071407681164,0.2140033271487745,0.31285751427517366
0.3,independent_latents,logger1_heavy,0.02,oracle_u_aware,mean_regret,5,0.000791901586478877,0.00015107469707843774,0.0006043175740770412,0.0009794855988807128
0.3,independent_latents,logger1_heavy,0.02,source_shuffle,mae,5,0.012759855137674825,0.00104597309306707,0.011461108004923606,0.014058602270426044
0.3,independent_latents,logger1_heavy,0.02,source_shuffle,top_set_disagreement,5,0.2906148867313916,0.019605347871664687,0.2662716321068847,0.31495814135589845
0.3,independent_latents,logger1_heavy,0.02,source_shuffle,mean_regret,5,0.0009034368402524188,0.00010130542260427457,0.000777649544181873,0.0010292241363229647
0.3,independent_latents,logger1_heavy,0.02,no_behavior,mae,5,0.012923607959971129,0.0013745875026878534,0.011216832145502799,0.014630383774439459
0.3,independent_latents,logger1_heavy,0.02,no_behavior,top_set_disagreement,5,0.27766990291262134,0.037559977067842476,0.23103303161412225,0.3243067742111204
0.3,independent_latents,logger1_heavy,0.02,no_behavior,mean_regret,5,0.0008368663305636846,0.00015917454208849442,0.0006392250322218309,0.0010345076289055384
0.3,independent_latents,logger1_heavy,0.02,source_dependent_reward,mae,5,0.012267607750399121,0.0008005450546504018,0.01127359977709965,0.013261615723698592
0.3,independent_latents,logger1_heavy,0.02,source_dependent_reward,top_set_disagreement,5,0.24724919093851133,0.027612594184726905,0.21296362684232525,0.2815347550346974
0.3,independent_latents,logger1_heavy,0.02,source_dependent_reward,mean_regret,5,0.0007714150993530912,0.0001315295364299987,0.000608099609267531,0.0009347305894386514
0.3,independent_latents,logger1_heavy,0.05,pooled_mlp,mae,5,0.013849578079241129,0.0012416802773349825,0.012307828381594613,0.015391327776887644
0.3,independent_latents,logger1_heavy,0.05,pooled_mlp,top_set_disagreement,5,0.3559870550161812,0.06838364598419236,0.271077543731698,0.4408965663006644
0.3,independent_latents,logger1_heavy,0.05,pooled_mlp,mean_regret,5,0.0013806799229152374,0.00043162739489587405,0.0008447437260345504,0.0019166161197959244
0.3,independent_latents,logger1_heavy,0.05,source_balanced_pooled_mlp,mae,5,0.013934715208401793,0.0011355545463732724,0.012524738010173491,0.015344692406630094
0.3,independent_latents,logger1_heavy,0.05,source_balanced_pooled_mlp,top_set_disagreement,5,0.33009708737864074,0.05843194202352035,0.25754424862290576,0.4026499261343757
0.3,independent_latents,logger1_heavy,0.05,source_balanced_pooled_mlp,mean_regret,5,0.0011152951274692308,0.0003103423355128043,0.0007299542223445075,0.001500636032593954
0.3,independent_latents,logger1_heavy,0.05,source_conditioned_decoder,mae,5,0.01367769549934332,0.000655703726011157,0.0128635317892672,0.014491859209419441
0.3,independent_latents,logger1_heavy,0.05,source_conditioned_decoder,top_set_disagreement,5,0.31974110032362457,0.054844582949682474,0.25164255617850373,0.3878396444687454
0.3,independent_latents,logger1_heavy,0.05,source_conditioned_decoder,mean_regret,5,0.0011341043995456604,0.00027959025984719153,0.0007869472396449665,0.0014812615594463543
0.3,independent_latents,logger1_heavy,0.05,per_source_models,mae,5,0.012733166540058627,0.0014823970062871072,0.010892527546306884,0.01457380553381037
0.3,independent_latents,logger1_heavy,0.05,per_source_models,top_set_disagreement,5,0.2854368932038835,0.038250729623540154,0.23794233932530737,0.3329314470824596
0.3,independent_latents,logger1_heavy,0.05,per_source_models,mean_regret,5,0.0009996060749967535,0.00021182592936431252,0.0007365894446190326,0.0012626227053744742
0.3,independent_latents,logger1_heavy,0.05,mechanism_separated,mae,5,0.014291037264875638,0.0008570769114216564,0.013226835720271689,0.015355238809479588
0.3,independent_latents,logger1_heavy,0.05,mechanism_separated,top_set_disagreement,5,0.33786407766990295,0.060829372902767534,0.26233443530322476,0.41339372003658115
0.3,independent_latents,logger1_heavy,0.05,mechanism_separated,mean_regret,5,0.0012363398480931562,0.000251226064001426,0.0009244014890121503,0.001548278207174162
0.3,independent_latents,logger1_heavy,0.05,oracle_u_aware,mae,5,0.011308184727955481,0.0006911540778584913,0.01045000359226687,0.012166365863644092
0.3,independent_latents,logger1_heavy,0.05,oracle_u_aware,top_set_disagreement,5,0.2783171521035599,0.03432557190225959,0.23569632525476938,0.32093797895235043
0.3,independent_latents,logger1_heavy,0.05,oracle_u_aware,mean_regret,5,0.0008747647780167787,0.00014828955808974357,0.000690638972427198,0.0010588905836063595
0.3,independent_latents,logger1_heavy,0.05,source_shuffle,mae,5,0.014276396190146673,0.0008616493701540628,0.013206517188151422,0.015346275192141923
0.3,independent_latents,logger1_heavy,0.05,source_shuffle,top_set_disagreement,5,0.3488673139158577,0.05304877428516347,0.2829985607371325,0.4147360670945829
0.3,independent_latents,logger1_heavy,0.05,source_shuffle,mean_regret,5,0.0012433824999746428,0.00024943617102181814,0.0009336665865670536,0.0015530984133822318
0.3,independent_latents,logger1_heavy,0.05,no_behavior,mae,5,0.014006356245703238,0.0009039650841828264,0.012883935345040187,0.01512877714636629
0.3,independent_latents,logger1_heavy,0.05,no_behavior,top_set_disagreement,5,0.3352750809061489,0.0514043824195787,0.2714481099058594,0.3991020519064384
0.3,independent_latents,logger1_heavy,0.05,no_behavior,mean_regret,5,0.0012126758220503304,0.00021978381929419312,0.0009397781662450085,0.0014855734778556524
0.3,independent_latents,logger1_heavy,0.05,source_dependent_reward,mae,5,0.014211211620977235,0.0007196157569604007,0.013317690643019353,0.015104732598935116
0.3,independent_latents,logger1_heavy,0.05,source_dependent_reward,top_set_disagreement,5,0.2757281553398058,0.03926407996919896,0.22697536081945782,0.3244809498601538
0.3,independent_latents,logger1_heavy,0.05,source_dependent_reward,mean_regret,5,0.0009415048044299843,9.192475393159497e-05,0.0008273651469293828,0.001055644461930586
0.3,independent_latents,logger1_heavy,0.1,pooled_mlp,mae,5,0.017185798380209966,0.0007059600112112537,0.016309233250117426,0.018062363510302507
0.3,independent_latents,logger1_heavy,0.1,pooled_mlp,top_set_disagreement,5,0.3812297734627832,0.07546076212148804,0.287532861859513,0.4749266850660534
0.3,independent_latents,logger1_heavy,0.1,pooled_mlp,mean_regret,5,0.0016009795314792438,0.00031482707793554815,0.0012100700831469823,0.001991888979811505
0.3,independent_latents,logger1_heavy,0.1,source_balanced_pooled_mlp,mae,5,0.014933146363431862,0.0005694336414761952,0.0142261011114448,0.015640191615418925
0.3,independent_latents,logger1_heavy,0.1,source_balanced_pooled_mlp,top_set_disagreement,5,0.3533980582524272,0.018786958283106794,0.33007096851653744,0.37672514798831697
0.3,independent_latents,logger1_heavy,0.1,source_balanced_pooled_mlp,mean_regret,5,0.0013505767850430007,0.00015542197613993038,0.0011575949127403643,0.0015435586573456371
0.3,independent_latents,logger1_heavy,0.1,source_conditioned_decoder,mae,5,0.016095973329365406,0.0008441798830162,0.015047785560616323,0.01714416109811449
0.3,independent_latents,logger1_heavy,0.1,source_conditioned_decoder,top_set_disagreement,5,0.44401294498381877,0.09486120885727513,0.326227197119652,0.5617986928479856
0.3,independent_latents,logger1_heavy,0.1,source_conditioned_decoder,mean_regret,5,0.0018830792801285078,0.0006435013896142066,0.0010840667718504523,0.0026820917884065633
0.3,independent_latents,logger1_heavy,0.1,per_source_models,mae,5,0.013847062171703273,0.0008405021508286006,0.012803440910606569,0.014890683432799978
0.3,independent_latents,logger1_heavy,0.1,per_source_models,top_set_disagreement,5,0.34822006472491907,0.05027130757466318,0.2857999919668315,0.41064013748300665
0.3,independent_latents,logger1_heavy,0.1,per_source_models,mean_regret,5,0.001375062540350035,0.000286415480407658,0.0010194307497996098,0.00173069433090046
0.3,independent_latents,logger1_heavy,0.1,mechanism_separated,mae,5,0.01677786225531583,0.0005900707881129354,0.016045192601324275,0.017510531909307382
0.3,independent_latents,logger1_heavy,0.1,mechanism_separated,top_set_disagreement,5,0.42135922330097086,0.1055730692985322,0.2902729439731121,0.5524455026288296
0.3,independent_latents,logger1_heavy,0.1,mechanism_separated,mean_regret,5,0.001805656270470394,0.0006690623208257876,0.0009749056741463555,0.0026364068667944327
0.3,independent_latents,logger1_heavy,0.1,oracle_u_aware,mae,5,0.011742145440844644,0.000717497120535674,0.01085125509746063,0.012633035784228658
0.3,independent_latents,logger1_heavy,0.1,oracle_u_aware,top_set_disagreement,5,0.29902912621359223,0.03241096688298844,0.25878559548801094,0.3392726569391735
0.3,independent_latents,logger1_heavy,0.1,oracle_u_aware,mean_regret,5,0.0009691872617348324,0.00018138135553006369,0.0007439725626277547,0.00119440196084191
0.3,independent_latents,logger1_heavy,0.1,source_shuffle,mae,5,0.01685011417690669,0.0014800527214832609,0.015012385997197418,0.018687842356615962
0.3,independent_latents,logger1_heavy,0.1,source_shuffle,top_set_disagreement,5,0.3831715210355987,0.05791885796291428,0.3112557602859705,0.4550872817852269
0.3,independent_latents,logger1_heavy,0.1,source_shuffle,mean_regret,5,0.0014662645463705407,0.0002721181103391543,0.0011283852855031727,0.0018041438072379087
0.3,independent_latents,logger1_heavy,0.1,no_behavior,mae,5,0.016733888388543026,0.0008249923744167754,0.015709525058437073,0.01775825171864898
0.3,independent_latents,logger1_heavy,0.1,no_behavior,top_set_disagreement,5,0.3378640776699029,0.08640231247101741,0.23058143691308824,0.44514671842671755
0.3,independent_latents,logger1_heavy,0.1,no_behavior,mean_regret,5,0.001308092162901367,0.0003900632892763786,0.0008237646195859464,0.0017924197062167875
0.3,independent_latents,logger1_heavy,0.1,source_dependent_reward,mae,5,0.016585941421669557,0.0016748813660421955,0.014506301528192617,0.018665581315146496
0.3,independent_latents,logger1_heavy,0.1,source_dependent_reward,top_set_disagreement,5,0.41877022653721674,0.10523025836110905,0.2881096032085467,0.5494308498658868
0.3,independent_latents,logger1_heavy,0.1,source_dependent_reward,mean_regret,5,0.0017640952028378678,0.0005310249218884228,0.0011047406751800459,0.00242344973049569
0.3,independent_latents,logger12_balanced,0.0,pooled_mlp,mae,5,0.012138843677598436,0.0011495652909065616,0.010711469842295119,0.013566217512901753
0.3,independent_latents,logger12_balanced,0.0,pooled_mlp,top_set_disagreement,5,0.2750809061488673,0.02746045752180767,0.24098424466983492,0.3091775676278997
0.3,independent_latents,logger12_balanced,0.0,pooled_mlp,mean_regret,5,0.0008722605277007684,0.0001453371557278616,0.0006918006138321483,0.0010527204415693885
0.3,independent_latents,logger12_balanced,0.0,source_balanced_pooled_mlp,mae,5,0.012138843677598436,0.0011495652909065616,0.010711469842295119,0.013566217512901753
0.3,independent_latents,logger12_balanced,0.0,source_balanced_pooled_mlp,top_set_disagreement,5,0.2750809061488673,0.02746045752180767,0.24098424466983492,0.3091775676278997
0.3,independent_latents,logger12_balanced,0.0,source_balanced_pooled_mlp,mean_regret,5,0.0008722605277007684,0.0001453371557278616,0.0006918006138321483,0.0010527204415693885
0.3,independent_latents,logger12_balanced,0.0,source_conditioned_decoder,mae,5,0.011439594045676581,0.0012126442358742677,0.009933897355362186,0.012945290735990976
0.3,independent_latents,logger12_balanced,0.0,source_conditioned_decoder,top_set_disagreement,5,0.2666666666666666,0.030582096193986916,0.22869397883298861,0.3046393545003446
0.3,independent_latents,logger12_balanced,0.0,source_conditioned_decoder,mean_regret,5,0.0007759657265328791,8.830403647100893e-05,0.000666321783550755,0.0008856096695150032
0.3,independent_latents,logger12_balanced,0.0,per_source_models,mae,5,0.009378614587153045,0.0006941318171112207,0.008516736099838282,0.010240493074467808
0.3,independent_latents,logger12_balanced,0.0,per_source_models,top_set_disagreement,5,0.24983818770226537,0.04480769226879349,0.19420208936951125,0.30547428603501947
0.3,independent_latents,logger12_balanced,0.0,per_source_models,mean_regret,5,0.0007378981997026907,0.0001378558939523837,0.0005667274992418195,0.0009090689001635618
0.3,independent_latents,logger12_balanced,0.0,mechanism_separated,mae,5,0.010868855567113565,0.0009279171567908479,0.00971669424021077,0.01202101689401636
0.3,independent_latents,logger12_balanced,0.0,mechanism_separated,top_set_disagreement,5,0.2893203883495146,0.03208619950277136,0.24948010958773983,0.32916066711128944
0.3,independent_latents,logger12_balanced,0.0,mechanism_separated,mean_regret,5,0.0009011901884110352,0.00011256124213765676,0.00076142694645561,0.0010409534303664604
0.3,independent_latents,logger12_balanced,0.0,oracle_u_aware,mae,5,0.010942921960059578,0.0013901392623539308,0.009216836085505161,0.012669007834613995
0.3,independent_latents,logger12_balanced,0.0,oracle_u_aware,top_set_disagreement,5,0.24142394822006472,0.025543802279185908,0.20970712855276424,0.2731407678873652
0.3,independent_latents,logger12_balanced,0.0,oracle_u_aware,mean_regret,5,0.0007293226398446229,8.237145331754844e-05,0.0006270449717805009,0.000831600307908745
0.3,independent_latents,logger12_balanced,0.0,source_shuffle,mae,5,0.01118137028821797,0.0010533464734118795,0.009873467894547537,0.012489272681888403
0.3,independent_latents,logger12_balanced,0.0,source_shuffle,top_set_disagreement,5,0.2912621359223301,0.030616323508777507,0.25324694926412145,0.3292773225805387
0.3,independent_latents,logger12_balanced,0.0,source_shuffle,mean_regret,5,0.0008934771628109836,0.00014543571046858435,0.0007128948770689558,0.0010740594485530114
0.3,independent_latents,logger12_balanced,0.0,no_behavior,mae,5,0.011315779147069419,0.0007983193795325213,0.010324534714435517,0.01230702357970332
0.3,independent_latents,logger12_balanced,0.0,no_behavior,top_set_disagreement,5,0.27572815533980577,0.026131558884383625,0.24328153945612485,0.3081747712234867
0.3,independent_latents,logger12_balanced,0.0,no_behavior,mean_regret,5,0.0008432721680963117,0.0001600004100520226,0.0006446054192368752,0.0010419389169557482
0.3,independent_latents,logger12_balanced,0.0,source_dependent_reward,mae,5,0.010758402446284761,0.0007245110352249615,0.009858803177544586,0.011658001715024936
0.3,independent_latents,logger12_balanced,0.0,source_dependent_reward,top_set_disagreement,5,0.24789644012944984,0.02732664314897676,0.21396593113960377,0.2818269491192959
0.3,independent_latents,logger12_balanced,0.0,source_dependent_reward,mean_regret,5,0.0007250140741390182,0.00014196151883107052,0.0005487455670761519,0.0009012825812018846
0.3,independent_latents,logger12_balanced,0.002,pooled_mlp,mae,5,0.012263104886562197,0.0015029875464749177,0.010396899360355682,0.014129310412768712
0.3,independent_latents,logger12_balanced,0.002,pooled_mlp,top_set_disagreement,5,0.30291262135922326,0.03281240609873549,0.2621706380119817,0.3436546047064648
0.3,independent_latents,logger12_balanced,0.002,pooled_mlp,mean_regret,5,0.000988280535169209,0.00020639853133237472,0.0007320029095316673,0.001244558160806751
0.3,independent_latents,logger12_balanced,0.002,source_balanced_pooled_mlp,mae,5,0.012263104886562197,0.0015029875464749177,0.010396899360355682,0.014129310412768712
0.3,independent_latents,logger12_balanced,0.002,source_balanced_pooled_mlp,top_set_disagreement,5,0.30291262135922326,0.03281240609873549,0.2621706380119817,0.3436546047064648
0.3,independent_latents,logger12_balanced,0.002,source_balanced_pooled_mlp,mean_regret,5,0.000988280535169209,0.00020639853133237472,0.0007320029095316673,0.001244558160806751
0.3,independent_latents,logger12_balanced,0.002,source_conditioned_decoder,mae,5,0.011738162457276295,0.001499169585388831,0.009876697555896916,0.013599627358655674
0.3,independent_latents,logger12_balanced,0.002,source_conditioned_decoder,top_set_disagreement,5,0.24724919093851128,0.022374609731318582,0.21946744356127335,0.2750309383157492
0.3,independent_latents,logger12_balanced,0.002,source_conditioned_decoder,mean_regret,5,0.0007078634300193402,8.526794697413106e-05,0.0006019892900608138,0.0008137375699778666
0.3,independent_latents,logger12_balanced,0.002,per_source_models,mae,5,0.009598470958843306,0.0009248694409935496,0.008450093870922774,0.01074684804676384
0.3,independent_latents,logger12_balanced,0.002,per_source_models,top_set_disagreement,5,0.24919093851132684,0.03794834757138697,0.2020718415406123,0.2963100354820414
0.3,independent_latents,logger12_balanced,0.002,per_source_models,mean_regret,5,0.0006922627551496944,0.00014177397227080782,0.0005162271178986933,0.0008682983924006956
0.3,independent_latents,logger12_balanced,0.002,mechanism_separated,mae,5,0.011307173996499085,0.0005591718260862393,0.010612870471237944,0.012001477521760225
0.3,independent_latents,logger12_balanced,0.002,mechanism_separated,top_set_disagreement,5,0.2919093851132686,0.028342568344092316,0.2567174383837794,0.32710133184275775
0.3,independent_latents,logger12_balanced,0.002,mechanism_separated,mean_regret,5,0.0009180872071780798,0.00011937625512259611,0.0007698620089519642,0.0010663124054041953
0.3,independent_latents,logger12_balanced,0.002,oracle_u_aware,mae,5,0.011428923981684208,0.0017652096840304308,0.009237126667742977,0.01362072129562544
0.3,independent_latents,logger12_balanced,0.002,oracle_u_aware,top_set_disagreement,5,0.23883495145631067,0.03548082866968477,0.19477968387072706,0.28289021904189426
0.3,independent_latents,logger12_balanced,0.002,oracle_u_aware,mean_regret,5,0.0007467377064266914,0.00017273701973177983,0.0005322563678687267,0.000961219044984656
0.3,independent_latents,logger12_balanced,0.002,source_shuffle,mae,5,0.010735304682983372,0.0006914377096689076,0.00987677137188702,0.011593837994079724
0.3,independent_latents,logger12_balanced,0.002,source_shuffle,top_set_disagreement,5,0.2938511326860841,0.032394805841403744,0.253627668544012,0.3340745968281562
0.3,independent_latents,logger12_balanced,0.002,source_shuffle,mean_regret,5,0.0009347785909364767,0.0001429975043625034,0.0007572237379365702,0.0011123334439363832
0.3,independent_latents,logger12_balanced,0.002,no_behavior,mae,5,0.01064524629518794,0.001255384672861458,0.009086480342999055,0.012204012247376826
0.3,independent_latents,logger12_balanced,0.002,no_behavior,top_set_disagreement,5,0.2537216828478964,0.015621383024138728,0.2343251739446719,0.27311819175112095
0.3,independent_latents,logger12_balanced,0.002,no_behavior,mean_regret,5,0.0007604276178608336,7.119511422351672e-05,0.000672027207681488,0.0008488280280401793
0.3,independent_latents,logger12_balanced,0.002,source_dependent_reward,mae,5,0.01126369942494659,0.001021603650896445,0.009995210951194945,0.012532187898698236
0.3,independent_latents,logger12_balanced,0.002,source_dependent_reward,top_set_disagreement,5,0.24077669902912618,0.019896991778562325,0.21607132066512902,0.26548207739312335
0.3,independent_latents,logger12_balanced,0.002,source_dependent_reward,mean_regret,5,0.0006952516059473858,5.053585099159888e-05,0.0006325030591525274,0.0007580001527422443
0.3,independent_latents,logger12_balanced,0.005,pooled_mlp,mae,5,0.011716472495531757,0.0009807591816441532,0.010498699128776424,0.01293424586228709
0.3,independent_latents,logger12_balanced,0.005,pooled_mlp,top_set_disagreement,5,0.2809061488673139,0.04730900146693759,0.2221642649548483,0.3396480327797795
0.3,independent_latents,logger12_balanced,0.005,pooled_mlp,mean_regret,5,0.000913638328677637,0.00018100255102364662,0.0006888939774885347,0.0011383826798667394
0.3,independent_latents,logger12_balanced,0.005,source_balanced_pooled_mlp,mae,5,0.011716472495531757,0.0009807591816441532,0.010498699128776424,0.01293424586228709
0.3,independent_latents,logger12_balanced,0.005,source_balanced_pooled_mlp,top_set_disagreement,5,0.2809061488673139,0.04730900146693759,0.2221642649548483,0.3396480327797795
0.3,independent_latents,logger12_balanced,0.005,source_balanced_pooled_mlp,mean_regret,5,0.000913638328677637,0.00018100255102364662,0.0006888939774885347,0.0011383826798667394
0.3,independent_latents,logger12_balanced,0.005,source_conditioned_decoder,mae,5,0.01097926641327894,0.0004903115326689834,0.010370464235259754,0.011588068591298127
0.3,independent_latents,logger12_balanced,0.005,source_conditioned_decoder,top_set_disagreement,5,0.26019417475728157,0.03414201137838947,0.21780126840247202,0.30258708111209115
0.3,independent_latents,logger12_balanced,0.005,source_conditioned_decoder,mean_regret,5,0.000726692361596488,0.00011500595702284597,0.0005838936051822506,0.0008694911180107254
0.3,independent_latents,logger12_balanced,0.005,per_source_models,mae,5,0.010116376280044616,0.000657818864602298,0.009299586278528664,0.010933166281560568
0.3,independent_latents,logger12_balanced,0.005,per_source_models,top_set_disagreement,5,0.2614886731391585,0.028891539314777524,0.22561508891931056,0.2973622573590065
0.3,independent_latents,logger12_balanced,0.005,per_source_models,mean_regret,5,0.0007592898726380404,8.480977412563237e-05,0.0006539846294104494,0.0008645951158656314
0.3,independent_latents,logger12_balanced,0.005,mechanism_separated,mae,5,0.01134557668559781,0.0013701049890009578,0.009644366646995955,0.013046786724199667
0.3,independent_latents,logger12_balanced,0.005,mechanism_separated,top_set_disagreement,5,0.29838187702265373,0.043862774461048235,0.24391904911303852,0.35284470493226894
0.3,independent_latents,logger12_balanced,0.005,mechanism_separated,mean_regret,5,0.0009420438420469551,0.00020020196646407536,0.0006934602679189149,0.0011906274161749952
0.3,independent_latents,logger12_balanced,0.005,oracle_u_aware,mae,5,0.01102296772023359,0.0009674377102575427,0.009821735144902113,0.012224200295565067
0.3,independent_latents,logger12_balanced,0.005,oracle_u_aware,top_set_disagreement,5,0.2453074433656958,0.03525874744327469,0.20152792604362252,0.28908696068776907
0.3,independent_latents,logger12_balanced,0.005,oracle_u_aware,mean_regret,5,0.0007310927338889767,0.00012978414088236215,0.000569944438617542,0.0008922410291604115
0.3,independent_latents,logger12_balanced,0.005,source_shuffle,mae,5,0.011238284327474004,0.0009675343266299483,0.010036931787071273,0.012439636867876734
0.3,independent_latents,logger12_balanced,0.005,source_shuffle,top_set_disagreement,5,0.284789644012945,0.0358917039042376,0.2402242074408636,0.3293550805850264
0.3,independent_latents,logger12_balanced,0.005,source_shuffle,mean_regret,5,0.0008981726510430184,0.00020609134511285503,0.0006422764474749985,0.0011540688546110383
0.3,independent_latents,logger12_balanced,0.005,no_behavior,mae,5,0.010914798426239955,0.00104292760837444,0.009619832762188656,0.012209764090291253
0.3,independent_latents,logger12_balanced,0.005,no_behavior,top_set_disagreement,5,0.27702265372168283,0.030837875079797003,0.23873237445399378,0.31531293298937185
0.3,independent_latents,logger12_balanced,0.005,no_behavior,mean_regret,5,0.0008586567110173419,0.00017551001282703566,0.0006407322467657304,0.0010765811752689533
0.3,independent_latents,logger12_balanced,0.005,source_dependent_reward,mae,5,0.011371782167249886,0.000996416893803329,0.010134567183012267,0.012608997151487505
0.3,independent_latents,logger12_balanced,0.005,source_dependent_reward,top_set_disagreement,5,0.2453074433656958,0.018220955676710997,0.2226831386890572,0.2679317480423344
0.3,independent_latents,logger12_balanced,0.005,source_dependent_reward,mean_regret,5,0.0006977995744038258,7.484067125015753e-05,0.0006048726073111015,0.00079072654149655
0.3,independent_latents,logger12_balanced,0.01,pooled_mlp,mae,5,0.01271487169365344,0.0010262065332647863,0.011440667986577058,0.013989075400729821
0.3,independent_latents,logger12_balanced,0.01,pooled_mlp,top_set_disagreement,5,0.2750809061488673,0.033554112222213134,0.2334179730108563,0.3167438392868783
0.3,independent_latents,logger12_balanced,0.01,pooled_mlp,mean_regret,5,0.000917813028152201,0.00013236587353535336,0.00075345908839256,0.001082166967911842
0.3,independent_latents,logger12_balanced,0.01,source_balanced_pooled_mlp,mae,5,0.01271487169365344,0.0010262065332647863,0.011440667986577058,0.013989075400729821
0.3,independent_latents,logger12_balanced,0.01,source_balanced_pooled_mlp,top_set_disagreement,5,0.2750809061488673,0.033554112222213134,0.2334179730108563,0.3167438392868783
0.3,independent_latents,logger12_balanced,0.01,source_balanced_pooled_mlp,mean_regret,5,0.000917813028152201,0.00013236587353535336,0.00075345908839256,0.001082166967911842
0.3,independent_latents,logger12_balanced,0.01,source_conditioned_decoder,mae,5,0.012070025946602201,0.0012158496642209987,0.01056034919131085,0.013579702701893553
0.3,independent_latents,logger12_balanced,0.01,source_conditioned_decoder,top_set_disagreement,5,0.24854368932038837,0.028157199655865647,0.2135819082174645,0.2835054704233122
0.3,independent_latents,logger12_balanced,0.01,source_conditioned_decoder,mean_regret,5,0.0007300653417323919,0.00014680365596731872,0.0005477845273130807,0.000912346156151703
0.3,independent_latents,logger12_balanced,0.01,per_source_models,mae,5,0.010515219696355563,0.0006856320602545725,0.009663895051123184,0.011366544341587941
0.3,independent_latents,logger12_balanced,0.01,per_source_models,top_set_disagreement,5,0.24919093851132684,0.0377407889634,0.202329559591667,0.2960523174309867
0.3,independent_latents,logger12_balanced,0.01,per_source_models,mean_regret,5,0.0007403712793477292,0.00013436972870659993,0.0005735292247643368,0.0009072133339311215
0.3,independent_latents,logger12_balanced,0.01,mechanism_separated,mae,5,0.011924694481029143,0.0008075405570496447,0.010922000444251184,0.012927388517807102
0.3,independent_latents,logger12_balanced,0.01,mechanism_separated,top_set_disagreement,5,0.27249190938511325,0.035332929615420526,0.22862028273057794,0.31636353603964856
0.3,independent_latents,logger12_balanced,0.01,mechanism_separated,mean_regret,5,0.0008432352801413424,0.00017292854482894285,0.000628516131765478,0.0010579544285172068
0.3,independent_latents,logger12_balanced,0.01,oracle_u_aware,mae,5,0.010651968966379327,0.0010849654998397612,0.00930480636593514,0.011999131566823513
0.3,independent_latents,logger12_balanced,0.01,oracle_u_aware,top_set_disagreement,5,0.24595469255663432,0.014652726760740142,0.2277609292623064,0.26414845585096225
0.3,independent_latents,logger12_balanced,0.01,oracle_u_aware,mean_regret,5,0.0007350056968461656,8.77391947748783e-05,0.0006260630974628112,0.0008439482962295199
0.3,independent_latents,logger12_balanced,0.01,source_shuffle,mae,5,0.011712394807784902,0.0003981577856924187,0.011218016619686095,0.01220677299588371
0.3,independent_latents,logger12_balanced,0.01,source_shuffle,top_set_disagreement,5,0.29320388349514565,0.030922664558165062,0.25480832418474053,0.33159944280555076
0.3,independent_latents,logger12_balanced,0.01,source_shuffle,mean_regret,5,0.0009485071045931745,0.0001655375834297909,0.0007429650468987508,0.0011540491622875982
0.3,independent_latents,logger12_balanced,0.01,no_behavior,mae,5,0.011555279054301582,0.0009048085885691707,0.010431810804609679,0.012678747303993486
0.3,independent_latents,logger12_balanced,0.01,no_behavior,top_set_disagreement,5,0.28737864077669906,0.03635559008409998,0.24223721343581828,0.33252006811757984
0.3,independent_latents,logger12_balanced,0.01,no_behavior,mean_regret,5,0.000942352982149486,0.00018407741588897391,0.0007137906819577652,0.0011709152823412069
0.3,independent_latents,logger12_balanced,0.01,source_dependent_reward,mae,5,0.0113316176732805,0.0014230014157040434,0.009564728046007796,0.013098507300553203
0.3,independent_latents,logger12_balanced,0.01,source_dependent_reward,top_set_disagreement,5,0.23818770226537217,0.034900478225353825,0.19485303493285586,0.2815223695978885
0.3,independent_latents,logger12_balanced,0.01,source_dependent_reward,mean_regret,5,0.0006701756685462176,0.0001460889975094457,0.0004887822198050591,0.000851569117287376
0.3,independent_latents,logger12_balanced,0.02,pooled_mlp,mae,5,0.013051017035823642,0.0010905771192222286,0.011696886689620625,0.01440514738202666
0.3,independent_latents,logger12_balanced,0.02,pooled_mlp,top_set_disagreement,5,0.3093851132686084,0.02845320989039904,0.2740557869143646,0.3447144396228522
0.3,independent_latents,logger12_balanced,0.02,pooled_mlp,mean_regret,5,0.0010380164147027592,0.0001975591216257179,0.0007927143658633462,0.0012833184635421724
0.3,independent_latents,logger12_balanced,0.02,source_balanced_pooled_mlp,mae,5,0.013051017035823642,0.0010905771192222286,0.011696886689620625,0.01440514738202666
0.3,independent_latents,logger12_balanced,0.02,source_balanced_pooled_mlp,top_set_disagreement,5,0.3093851132686084,0.02845320989039904,0.2740557869143646,0.3447144396228522
0.3,independent_latents,logger12_balanced,0.02,source_balanced_pooled_mlp,mean_regret,5,0.0010380164147027592,0.0001975591216257179,0.0007927143658633462,0.0012833184635421724
0.3,independent_latents,logger12_balanced,0.02,source_conditioned_decoder,mae,5,0.012954179237940377,0.0020978517784562708,0.010349352211063482,0.015559006264817273
0.3,independent_latents,logger12_balanced,0.02,source_conditioned_decoder,top_set_disagreement,5,0.24919093851132684,0.02848999492177833,0.21381593750794656,0.2845659395147071
0.3,independent_latents,logger12_balanced,0.02,source_conditioned_decoder,mean_regret,5,0.0007347474867582698,0.00016635081844585504,0.0005281956644223205,0.000941299309094219
0.3,independent_latents,logger12_balanced,0.02,per_source_models,mae,5,0.010903665489611778,0.0006678673189006706,0.010074398684155942,0.011732932295067614
0.3,independent_latents,logger12_balanced,0.02,per_source_models,top_set_disagreement,5,0.24077669902912618,0.04032990959138998,0.19070050223868446,0.2908528958195679
0.3,independent_latents,logger12_balanced,0.02,per_source_models,mean_regret,5,0.0007282678221573384,0.00019444907626143976,0.00048682740467953,0.0009697082396351468
0.3,independent_latents,logger12_balanced,0.02,mechanism_separated,mae,5,0.01268923210489358,0.0015166308521216995,0.010806086177248965,0.014572378032538195
0.3,independent_latents,logger12_balanced,0.02,mechanism_separated,top_set_disagreement,5,0.3042071197411003,0.04772777088593084,0.2449452649175221,0.3634689745646785
0.3,independent_latents,logger12_balanced,0.02,mechanism_separated,mean_regret,5,0.0010030907832529925,0.000206608230287234,0.000746552781972741,0.001259628784533244
0.3,independent_latents,logger12_balanced,0.02,oracle_u_aware,mae,5,0.010472314025813972,0.0006069193718326869,0.00971872409199688,0.011225903959631064
0.3,independent_latents,logger12_balanced,0.02,oracle_u_aware,top_set_disagreement,5,0.255663430420712,0.028489994921778335,0.2202884294173317,0.2910384314240923
0.3,independent_latents,logger12_balanced,0.02,oracle_u_aware,mean_regret,5,0.0007490893579651792,0.00010948589000414213,0.0006131446700357383,0.0008850340458946201
0.3,independent_latents,logger12_balanced,0.02,source_shuffle,mae,5,0.012624473406593709,0.0013154335641352276,0.010991146907978132,0.014257799905209286
0.3,independent_latents,logger12_balanced,0.02,source_shuffle,top_set_disagreement,5,0.3042071197411003,0.06691285801985544,0.22112383292092563,0.387290406561275
0.3,independent_latents,logger12_balanced,0.02,source_shuffle,mean_regret,5,0.0010039389273833763,0.00033880603545084656,0.000583255670789911,0.0014246221839768415
0.3,independent_latents,logger12_balanced,0.02,no_behavior,mae,5,0.012805016517678389,0.0016730382597966546,0.010727665142871403,0.014882367892485374
0.3,independent_latents,logger12_balanced,0.02,no_behavior,top_set_disagreement,5,0.26925566343042073,0.013806297092363461,0.2521128813823277,0.2863984454785138
0.3,independent_latents,logger12_balanced,0.02,no_behavior,mean_regret,5,0.0008347461779059737,6.106691591312704e-05,0.0007589215869353072,0.0009105707688766403
0.3,independent_latents,logger12_balanced,0.02,source_dependent_reward,mae,5,0.013796426898574393,0.0015233197111893984,0.011904975655436358,0.01568787814171243
0.3,independent_latents,logger12_balanced,0.02,source_dependent_reward,top_set_disagreement,5,0.27119741100323624,0.01793125589280916,0.24893281611855597,0.2934620058879165
0.3,independent_latents,logger12_balanced,0.02,source_dependent_reward,mean_regret,5,0.0008066407830622493,0.00015217160926170138,0.0006176947742932638,0.0009955867918312348
0.3,independent_latents,logger12_balanced,0.05,pooled_mlp,mae,5,0.013934715208401793,0.0011355545463732724,0.012524738010173491,0.015344692406630094
0.3,independent_latents,logger12_balanced,0.05,pooled_mlp,top_set_disagreement,5,0.33009708737864074,0.05843194202352035,0.25754424862290576,0.4026499261343757
0.3,independent_latents,logger12_balanced,0.05,pooled_mlp,mean_regret,5,0.0011152951274692308,0.0003103423355128043,0.0007299542223445075,0.001500636032593954
0.3,independent_latents,logger12_balanced,0.05,source_balanced_pooled_mlp,mae,5,0.013934715208401793,0.0011355545463732724,0.012524738010173491,0.015344692406630094
0.3,independent_latents,logger12_balanced,0.05,source_balanced_pooled_mlp,top_set_disagreement,5,0.33009708737864074,0.05843194202352035,0.25754424862290576,0.4026499261343757
0.3,independent_latents,logger12_balanced,0.05,source_balanced_pooled_mlp,mean_regret,5,0.0011152951274692308,0.0003103423355128043,0.0007299542223445075,0.001500636032593954
0.3,independent_latents,logger12_balanced,0.05,source_conditioned_decoder,mae,5,0.01283982194783371,0.0015295663541805755,0.010940614472983898,0.014739029422683523
0.3,independent_latents,logger12_balanced,0.05,source_conditioned_decoder,top_set_disagreement,5,0.25954692556634307,0.03899642804243901,0.21112646480750277,0.3079673863251834
0.3,independent_latents,logger12_balanced,0.05,source_conditioned_decoder,mean_regret,5,0.0008921958606727856,0.00022779239879439767,0.0006093542400253069,0.0011750374813202643
0.3,independent_latents,logger12_balanced,0.05,per_source_models,mae,5,0.012544647092174632,0.0012535592524825139,0.010988147698751869,0.014101146485597394
0.3,independent_latents,logger12_balanced,0.05,per_source_models,top_set_disagreement,5,0.31715210355987056,0.034325571902259586,0.2745312767110801,0.35977293040866104
0.3,independent_latents,logger12_balanced,0.05,per_source_models,mean_regret,5,0.0011627230085200877,0.00011243001583857705,0.0010231227055358472,0.0013023233115043282
0.3,independent_latents,logger12_balanced,0.05,mechanism_separated,mae,5,0.014202668796364105,0.0014745114204542857,0.012371821050645722,0.016033516542082488
0.3,independent_latents,logger12_balanced,0.05,mechanism_separated,top_set_disagreement,5,0.30032362459546924,0.023156691029124026,0.2715707950270778,0.32907645416386067
0.3,independent_latents,logger12_balanced,0.05,mechanism_separated,mean_regret,5,0.0010385579660497017,0.00013411316208916026,0.0008720344809983252,0.0012050814511010781
0.3,independent_latents,logger12_balanced,0.05,oracle_u_aware,mae,5,0.010707632086872363,0.0012398496487794097,0.009168155414797386,0.01224710875894734
0.3,independent_latents,logger12_balanced,0.05,oracle_u_aware,top_set_disagreement,5,0.24983818770226535,0.021270778932239456,0.22342702728835245,0.27624934811617824
0.3,independent_latents,logger12_balanced,0.05,oracle_u_aware,mean_regret,5,0.0007345530429557389,0.00011046313141665858,0.0005973949495468225,0.0008717111363646553
0.3,independent_latents,logger12_balanced,0.05,source_shuffle,mae,5,0.014134527641047567,0.0015120827176638106,0.012257028968218302,0.01601202631387683
0.3,independent_latents,logger12_balanced,0.05,source_shuffle,top_set_disagreement,5,0.29644012944983816,0.01810563201385031,0.2739590180135147,0.31892124088616164
0.3,independent_latents,logger12_balanced,0.05,source_shuffle,mean_regret,5,0.0010008782014017156,0.0001079806640257047,0.0008668024983788615,0.0011349539044245697
0.3,independent_latents,logger12_balanced,0.05,no_behavior,mae,5,0.013506573032584762,0.001158849577791345,0.012067671232507614,0.01494547483266191
0.3,independent_latents,logger12_balanced,0.05,no_behavior,top_set_disagreement,5,0.284789644012945,0.02322443380972058,0.2559527006727486,0.31362658735314136
0.3,independent_latents,logger12_balanced,0.05,no_behavior,mean_regret,5,0.0009090404031239184,0.0001423091656460183,0.0007323402355268412,0.0010857405707209956
0.3,independent_latents,logger12_balanced,0.05,source_dependent_reward,mae,5,0.01300067552471661,0.0013170052679372759,0.011365397498074189,0.014635953551359032
0.3,independent_latents,logger12_balanced,0.05,source_dependent_reward,top_set_disagreement,5,0.2841423948220064,0.026529322371416437,0.25120189033667684,0.317082899307336
0.3,independent_latents,logger12_balanced,0.05,source_dependent_reward,mean_regret,5,0.0009541538140508514,0.00011510557775444577,0.0008112313621607117,0.001097076265940991
0.3,independent_latents,logger12_balanced,0.1,pooled_mlp,mae,5,0.014933146363431862,0.0005694336414761952,0.0142261011114448,0.015640191615418925
0.3,independent_latents,logger12_balanced,0.1,pooled_mlp,top_set_disagreement,5,0.3533980582524272,0.018786958283106794,0.33007096851653744,0.37672514798831697
0.3,independent_latents,logger12_balanced,0.1,pooled_mlp,mean_regret,5,0.0013505767850430007,0.00015542197613993038,0.0011575949127403643,0.0015435586573456371
0.3,independent_latents,logger12_balanced,0.1,source_balanced_pooled_mlp,mae,5,0.014933146363431862,0.0005694336414761952,0.0142261011114448,0.015640191615418925
0.3,independent_latents,logger12_balanced,0.1,source_balanced_pooled_mlp,top_set_disagreement,5,0.3533980582524272,0.018786958283106794,0.33007096851653744,0.37672514798831697
0.3,independent_latents,logger12_balanced,0.1,source_balanced_pooled_mlp,mean_regret,5,0.0013505767850430007,0.00015542197613993038,0.0011575949127403643,0.0015435586573456371
0.3,independent_latents,logger12_balanced,0.1,source_conditioned_decoder,mae,5,0.014074004845726329,0.0003445368918861269,0.013646205791018301,0.014501803900434356
0.3,independent_latents,logger12_balanced,0.1,source_conditioned_decoder,top_set_disagreement,5,0.3527508090614887,0.03581867899867096,0.30827604488562166,0.39722557323735574
0.3,independent_latents,logger12_balanced,0.1,source_conditioned_decoder,mean_regret,5,0.001322120811485564,0.00017191372485655525,0.0011086617285340715,0.0015355798944370566
0.3,independent_latents,logger12_balanced,0.1,per_source_models,mae,5,0.01358124439483117,5.784530157514478e-05,0.013509419966400073,0.013653068823262268
0.3,independent_latents,logger12_balanced,0.1,per_source_models,top_set_disagreement,5,0.344336569579288,0.062317695284975584,0.2669589308929012,0.4217142082656748
0.3,independent_latents,logger12_balanced,0.1,per_source_models,mean_regret,5,0.0013497964604539583,0.00032623308679517813,0.000944724581557501,0.0017548683393504155
0.3,independent_latents,logger12_balanced,0.1,mechanism_separated,mae,5,0.014864663921195734,0.0008248890997545249,0.013840428823519825,0.015888899018871645
0.3,independent_latents,logger12_balanced,0.1,mechanism_separated,top_set_disagreement,5,0.39029126213592236,0.04704259483583435,0.3318801657461804,0.4487023585256643
0.3,independent_latents,logger12_balanced,0.1,mechanism_separated,mean_regret,5,0.0014738039223438702,0.00021701715244505917,0.0012043415371601417,0.0017432663075275987
0.3,independent_latents,logger12_balanced,0.1,oracle_u_aware,mae,5,0.01050962837700437,0.0005502907832360925,0.009826352122916762,0.011192904631091979
0.3,independent_latents,logger12_balanced,0.1,oracle_u_aware,top_set_disagreement,5,0.2763754045307444,0.03414201137838947,0.23398249817593483,0.31876831088555396
0.3,independent_latents,logger12_balanced,0.1,oracle_u_aware,mean_regret,5,0.0008313874993948779,0.00010891625862822303,0.000696150102237163,0.0009666248965525928
0.3,independent_latents,logger12_balanced,0.1,source_shuffle,mae,5,0.014667787509360024,0.0002766674507972439,0.014324259496230275,0.015011315522489774
0.3,independent_latents,logger12_balanced,0.1,source_shuffle,top_set_disagreement,5,0.3346278317152104,0.05677744278529494,0.26412932509863546,0.4051263383317853
0.3,independent_latents,logger12_balanced,0.1,source_shuffle,mean_regret,5,0.0012074445486135147,0.0002723169704960453,0.0008693183702486579,0.0015455707269783714
0.3,independent_latents,logger12_balanced,0.1,no_behavior,mae,5,0.014481909204003825,0.0005597940966294902,0.013786833027811987,0.015176985380195664
0.3,independent_latents,logger12_balanced,0.1,no_behavior,top_set_disagreement,5,0.33009708737864074,0.04761792546783871,0.2709716236560752,0.3892225511012063
0.3,independent_latents,logger12_balanced,0.1,no_behavior,mean_regret,5,0.00120140958036661,0.0002099486085537998,0.0009407239516523815,0.0014620952090808386
0.3,independent_latents,logger12_balanced,0.1,source_dependent_reward,mae,5,0.014957404239534528,0.001778489764501879,0.01274911752777865,0.017165690951290405
0.3,independent_latents,logger12_balanced,0.1,source_dependent_reward,top_set_disagreement,5,0.3320388349514563,0.0780599698190805,0.23511458072623148,0.42896308917668113
0.3,independent_latents,logger12_balanced,0.1,source_dependent_reward,mean_regret,5,0.0012633175200763454,0.0003344108334330344,0.0008480916275932302,0.0016785434125594606
0.3,independent_latents,logger2_heavy,0.0,pooled_mlp,mae,5,0.01200854133757622,0.0009970953755793835,0.010770483906943837,0.013246598768208603
0.3,independent_latents,logger2_heavy,0.0,pooled_mlp,top_set_disagreement,5,0.27443365695792876,0.036499345449505984,0.22911373375527472,0.3197535801605828
0.3,independent_latents,logger2_heavy,0.0,pooled_mlp,mean_regret,5,0.0008810296391873968,0.00013325528570382264,0.0007155713483586032,0.0010464879300161904
0.3,independent_latents,logger2_heavy,0.0,source_balanced_pooled_mlp,mae,5,0.012138843677598436,0.0011495652909065616,0.010711469842295119,0.013566217512901753
0.3,independent_latents,logger2_heavy,0.0,source_balanced_pooled_mlp,top_set_disagreement,5,0.2750809061488673,0.02746045752180767,0.24098424466983492,0.3091775676278997
0.3,independent_latents,logger2_heavy,0.0,source_balanced_pooled_mlp,mean_regret,5,0.0008722605277007684,0.0001453371557278616,0.0006918006138321483,0.0010527204415693885
0.3,independent_latents,logger2_heavy,0.0,source_conditioned_decoder,mae,5,0.012015050588436032,0.00016802319348156164,0.011806422238226751,0.012223678938645312
0.3,independent_latents,logger2_heavy,0.0,source_conditioned_decoder,top_set_disagreement,5,0.2491909385113269,0.0249631854701319,0.21819504983258076,0.28018682719007304
0.3,independent_latents,logger2_heavy,0.0,source_conditioned_decoder,mean_regret,5,0.0007983353783958425,0.00013752547512554673,0.0006275749470965836,0.0009690958096951014
0.3,independent_latents,logger2_heavy,0.0,per_source_models,mae,5,0.010174648323055428,0.00150682777199303,0.008303674527078088,0.012045622119032767
0.3,independent_latents,logger2_heavy,0.0,per_source_models,top_set_disagreement,5,0.24336569579288025,0.039063512950178396,0.19486193811927713,0.29186945346648335
0.3,independent_latents,logger2_heavy,0.0,per_source_models,mean_regret,5,0.0007019374814786095,0.00015511504137643035,0.0005093367190216083,0.0008945382439356107
0.3,independent_latents,logger2_heavy,0.0,mechanism_separated,mae,5,0.0122562480427748,0.0017849082060769684,0.010039991783190559,0.014472504302359041
0.3,independent_latents,logger2_heavy,0.0,mechanism_separated,top_set_disagreement,5,0.2880258899676375,0.023671098443896102,0.25863433923191453,0.3174174407033605
0.3,independent_latents,logger2_heavy,0.0,mechanism_separated,mean_regret,5,0.0008857123716555654,5.835906338269065e-05,0.0008132500236843867,0.000958174719626744
0.3,independent_latents,logger2_heavy,0.0,oracle_u_aware,mae,5,0.01055228840034735,0.0010299339115834429,0.009273456541805008,0.011831120258889693
0.3,independent_latents,logger2_heavy,0.0,oracle_u_aware,top_set_disagreement,5,0.2588996763754045,0.028119979283143644,0.2239841104692893,0.29381524228151973
0.3,independent_latents,logger2_heavy,0.0,oracle_u_aware,mean_regret,5,0.0007831804815988032,0.0001387387727338137,0.0006109135423402524,0.0009554474208573541
0.3,independent_latents,logger2_heavy,0.0,source_shuffle,mae,5,0.011357724821285104,0.0007699635779714411,0.010401688766589806,0.012313760875980401
0.3,independent_latents,logger2_heavy,0.0,source_shuffle,top_set_disagreement,5,0.2608414239482201,0.036008235717025563,0.21613129401955444,0.3055515538768857
0.3,independent_latents,logger2_heavy,0.0,source_shuffle,mean_regret,5,0.0007888289754365054,0.00017688515706088887,0.0005691970440973809,0.00100846090677563
0.3,independent_latents,logger2_heavy,0.0,no_behavior,mae,5,0.011235448206975411,0.0008359976356197065,0.01019742004024295,0.012273476373707872
0.3,independent_latents,logger2_heavy,0.0,no_behavior,top_set_disagreement,5,0.27055016181229774,0.029359012116612883,0.23409613344427138,0.3070041901803241
0.3,independent_latents,logger2_heavy,0.0,no_behavior,mean_regret,5,0.0008293386119700331,0.00018139093858921977,0.0006041120139234086,0.0010545652100166576
0.3,independent_latents,logger2_heavy,0.0,source_dependent_reward,mae,5,0.01113654768080093,0.0014357432767261968,0.009353836943426903,0.012919258418174956
0.3,independent_latents,logger2_heavy,0.0,source_dependent_reward,top_set_disagreement,5,0.24207119741100325,0.039728132140903316,0.19274220601576167,0.29140018880624485
0.3,independent_latents,logger2_heavy,0.0,source_dependent_reward,mean_regret,5,0.0006515651224622943,0.000176637976304247,0.00043224010656974085,0.0008708901383548478
0.3,independent_latents,logger2_heavy,0.002,pooled_mlp,mae,5,0.011994628169557988,0.0014460116789756458,0.010199167526791746,0.01379008881232423
0.3,independent_latents,logger2_heavy,0.002,pooled_mlp,top_set_disagreement,5,0.3119741100323624,0.03826441748571508,0.26446256042811134,0.3594856596366135
0.3,independent_latents,logger2_heavy,0.002,pooled_mlp,mean_regret,5,0.0009854467940560517,0.0001834888397899116,0.0007576153076167397,0.0012132782804953636
0.3,independent_latents,logger2_heavy,0.002,source_balanced_pooled_mlp,mae,5,0.012263104886562197,0.0015029875464749177,0.010396899360355682,0.014129310412768712
0.3,independent_latents,logger2_heavy,0.002,source_balanced_pooled_mlp,top_set_disagreement,5,0.30291262135922326,0.03281240609873549,0.2621706380119817,0.3436546047064648
0.3,independent_latents,logger2_heavy,0.002,source_balanced_pooled_mlp,mean_regret,5,0.000988280535169209,0.00020639853133237472,0.0007320029095316673,0.001244558160806751
0.3,independent_latents,logger2_heavy,0.002,source_conditioned_decoder,mae,5,0.011551807866678459,0.0009275546959693419,0.010400096594328487,0.012703519139028431
0.3,independent_latents,logger2_heavy,0.002,source_conditioned_decoder,top_set_disagreement,5,0.255663430420712,0.03711114867695701,0.20958385317654712,0.30174300766487683
0.3,independent_latents,logger2_heavy,0.002,source_conditioned_decoder,mean_regret,5,0.0007979855770179468,0.00018060502796856553,0.0005737348158947947,0.001022236338141099
0.3,independent_latents,logger2_heavy,0.002,per_source_models,mae,5,0.010406459683540618,0.001640453178744076,0.00836956803075517,0.012443351336326066
0.3,independent_latents,logger2_heavy,0.002,per_source_models,top_set_disagreement,5,0.23559870550161813,0.015248179921540123,0.21666558945490821,0.25453182154832804
0.3,independent_latents,logger2_heavy,0.002,per_source_models,mean_regret,5,0.000657558447125637,7.360044444144303e-05,0.0005661714250109007,0.0007489454692403733
0.3,independent_latents,logger2_heavy,0.002,mechanism_separated,mae,5,0.012775862516930364,0.0013892884354877973,0.01105083308346433,0.014500891950396397
0.3,independent_latents,logger2_heavy,0.002,mechanism_separated,top_set_disagreement,5,0.29838187702265373,0.052652438705544924,0.2330052394643481,0.36375851458095937
0.3,independent_latents,logger2_heavy,0.002,mechanism_separated,mean_regret,5,0.0010021596068505107,0.00017752401206093133,0.000781734432257761,0.0012225847814432604
0.3,independent_latents,logger2_heavy,0.002,oracle_u_aware,mae,5,0.010626451420344648,0.0009976704342787046,0.009387679960028464,0.011865222880660832
0.3,independent_latents,logger2_heavy,0.002,oracle_u_aware,top_set_disagreement,5,0.255663430420712,0.022304286006618476,0.22796900148065377,0.2833578593607702
0.3,independent_latents,logger2_heavy,0.002,oracle_u_aware,mean_regret,5,0.0007455520888425363,8.374950044052566e-05,0.0006415633492779852,0.0008495408284070875
0.3,independent_latents,logger2_heavy,0.002,source_shuffle,mae,5,0.012067163787576832,0.0011810198464083778,0.010600733963127409,0.013533593612026256
0.3,independent_latents,logger2_heavy,0.002,source_shuffle,top_set_disagreement,5,0.2796116504854369,0.04476092013467988,0.2240336274277308,0.335189673543143
0.3,independent_latents,logger2_heavy,0.002,source_shuffle,mean_regret,5,0.0008787328498786821,0.00020077162688934957,0.0006294419489093774,0.0011280237508479868
0.3,independent_latents,logger2_heavy,0.002,no_behavior,mae,5,0.01188056344883934,0.0010627537128302352,0.010560980424660651,0.013200146473018027
0.3,independent_latents,logger2_heavy,0.002,no_behavior,top_set_disagreement,5,0.26731391585760517,0.016596610232955444,0.24670650243912418,0.28792132927608616
0.3,independent_latents,logger2_heavy,0.002,no_behavior,mean_regret,5,0.0008124970516867176,0.00012780079691884026,0.0006538114032108429,0.0009711827001625924
0.3,independent_latents,logger2_heavy,0.002,source_dependent_reward,mae,5,0.0116905225514547,0.0007622452308155529,0.010744070090548508,0.012636975012360892
0.3,independent_latents,logger2_heavy,0.002,source_dependent_reward,top_set_disagreement,5,0.2763754045307444,0.049112098291505375,0.21539468020593744,0.33735612885555133
0.3,independent_latents,logger2_heavy,0.002,source_dependent_reward,mean_regret,5,0.0008766670399153924,0.00021079293701282037,0.0006149330389509392,0.0011384010408798458
0.3,independent_latents,logger2_heavy,0.005,pooled_mlp,mae,5,0.012083483524351957,0.0013441711693150322,0.010414474575990021,0.013752492472713892
0.3,independent_latents,logger2_heavy,0.005,pooled_mlp,top_set_disagreement,5,0.30226537216828475,0.024390218357821056,0.27198091612504977,0.33254982821151974
0.3,independent_latents,logger2_heavy,0.005,pooled_mlp,mean_regret,5,0.0009923511659193575,9.275552474462345e-05,0.0008771799702094599,0.001107522361629255
0.3,independent_latents,logger2_heavy,0.005,source_balanced_pooled_mlp,mae,5,0.011716472495531757,0.0009807591816441532,0.010498699128776424,0.01293424586228709
0.3,independent_latents,logger2_heavy,0.005,source_balanced_pooled_mlp,top_set_disagreement,5,0.2809061488673139,0.04730900146693759,0.2221642649548483,0.3396480327797795
0.3,independent_latents,logger2_heavy,0.005,source_balanced_pooled_mlp,mean_regret,5,0.000913638328677637,0.00018100255102364662,0.0006888939774885347,0.0011383826798667394
0.3,independent_latents,logger2_heavy,0.005,source_conditioned_decoder,mae,5,0.011350000464823448,0.0007319306206731699,0.010441188563950635,0.01225881236569626
0.3,independent_latents,logger2_heavy,0.005,source_conditioned_decoder,top_set_disagreement,5,0.22524271844660193,0.036080876976488645,0.1804423924812768,0.27004304441192706
0.3,independent_latents,logger2_heavy,0.005,source_conditioned_decoder,mean_regret,5,0.00067056066758482,0.00017661445617324657,0.0004512648557921627,0.0008898564793774772
0.3,independent_latents,logger2_heavy,0.005,per_source_models,mae,5,0.010413541896694505,0.0009715130963235726,0.009207249061206057,0.011619834732182954
0.3,independent_latents,logger2_heavy,0.005,per_source_models,top_set_disagreement,5,0.23236245954692558,0.031741617696412254,0.1929500356085429,0.27177488348530826
0.3,independent_latents,logger2_heavy,0.005,per_source_models,mean_regret,5,0.0006433115058225458,0.00011721174537901232,0.0004977739014187995,0.0007888491102262921
0.3,independent_latents,logger2_heavy,0.005,mechanism_separated,mae,5,0.011453220871325219,0.0008572574226195104,0.01038879519246562,0.012517646550184816
0.3,independent_latents,logger2_heavy,0.005,mechanism_separated,top_set_disagreement,5,0.26537216828478966,0.04231940721884149,0.2128256839158296,0.31791865265374974
0.3,independent_latents,logger2_heavy,0.005,mechanism_separated,mean_regret,5,0.0007919583694314848,0.000196868417947308,0.0005475139424829802,0.0010364027963799894
0.3,independent_latents,logger2_heavy,0.005,oracle_u_aware,mae,5,0.010339409078292642,0.0006662607001861874,0.00951213715345342,0.011166681003131864
0.3,independent_latents,logger2_heavy,0.005,oracle_u_aware,top_set_disagreement,5,0.258252427184466,0.03190616839835919,0.21863568656359667,0.29786916780533534
0.3,independent_latents,logger2_heavy,0.005,oracle_u_aware,mean_regret,5,0.0007891055936832369,9.441872016370795e-05,0.0006718692680994847,0.0009063419192669891
0.3,independent_latents,logger2_heavy,0.005,source_shuffle,mae,5,0.011948273763750423,0.0006543272739274669,0.011135819144671873,0.012760728382828972
0.3,independent_latents,logger2_heavy,0.005,source_shuffle,top_set_disagreement,5,0.2537216828478964,0.06039740199998365,0.17872840319947658,0.32871496249631627
0.3,independent_latents,logger2_heavy,0.005,source_shuffle,mean_regret,5,0.0007588174840114135,0.00023382537477882538,0.000468484934282043,0.001049150033740784
0.3,independent_latents,logger2_heavy,0.005,no_behavior,mae,5,0.012492282565766054,0.0011437052569738205,0.011072184923625274,0.013912380207906834
0.3,independent_latents,logger2_heavy,0.005,no_behavior,top_set_disagreement,5,0.24077669902912624,0.04084598828730608,0.19005970590172555,0.29149369215652693
0.3,independent_latents,logger2_heavy,0.005,no_behavior,mean_regret,5,0.0007150651654821215,0.00014325529804497562,0.0005371902193477248,0.0008929401116165182
0.3,independent_latents,logger2_heavy,0.005,source_dependent_reward,mae,5,0.011417186458532127,0.0008898181519946445,0.010312331294252169,0.012522041622812084
0.3,independent_latents,logger2_heavy,0.005,source_dependent_reward,top_set_disagreement,5,0.2621359223300971,0.043898575942558374,0.20762864100980838,0.3166432036503858
0.3,independent_latents,logger2_heavy,0.005,source_dependent_reward,mean_regret,5,0.0007856852824566826,0.00017478247613465138,0.0005686641743233769,0.0010027063905899882
0.3,independent_latents,logger2_heavy,0.01,pooled_mlp,mae,5,0.011683282771529673,0.00041688367724289284,0.011165653318058374,0.012200912225000972
0.3,independent_latents,logger2_heavy,0.01,pooled_mlp,top_set_disagreement,5,0.2783171521035599,0.031791072337198224,0.2388433221181692,0.3177909820889506
0.3,independent_latents,logger2_heavy,0.01,pooled_mlp,mean_regret,5,0.0008916211958363695,0.0001307593964375856,0.0007292619608529656,0.0010539804308197735
0.3,independent_latents,logger2_heavy,0.01,source_balanced_pooled_mlp,mae,5,0.01271487169365344,0.0010262065332647863,0.011440667986577058,0.013989075400729821
0.3,independent_latents,logger2_heavy,0.01,source_balanced_pooled_mlp,top_set_disagreement,5,0.2750809061488673,0.033554112222213134,0.2334179730108563,0.3167438392868783
0.3,independent_latents,logger2_heavy,0.01,source_balanced_pooled_mlp,mean_regret,5,0.000917813028152201,0.00013236587353535336,0.00075345908839256,0.001082166967911842
0.3,independent_latents,logger2_heavy,0.01,source_conditioned_decoder,mae,5,0.012634582090026297,0.0008833989136477465,0.011537697462897572,0.013731466717155022
0.3,independent_latents,logger2_heavy,0.01,source_conditioned_decoder,top_set_disagreement,5,0.26990291262135924,0.05310796951386655,0.20396065885828796,0.3358451663844305
0.3,independent_latents,logger2_heavy,0.01,source_conditioned_decoder,mean_regret,5,0.0008535390599522689,0.0002773804596332653,0.0005091257294204302,0.0011979523904841077
0.3,independent_latents,logger2_heavy,0.01,per_source_models,mae,5,0.010782665826976356,0.0006081002274026945,0.010027609667310906,0.011537721986641805
0.3,independent_latents,logger2_heavy,0.01,per_source_models,top_set_disagreement,5,0.24271844660194172,0.03963575635571486,0.19350415489347444,0.291932738310409
0.3,independent_latents,logger2_heavy,0.01,per_source_models,mean_regret,5,0.000729979068706432,0.00010324392715103493,0.0006017848013298195,0.0008581733360830445
0.3,independent_latents,logger2_heavy,0.01,mechanism_separated,mae,5,0.012143032677808046,0.0007010422968013647,0.011272573696651711,0.01301349165896438
0.3,independent_latents,logger2_heavy,0.01,mechanism_separated,top_set_disagreement,5,0.2789644012944984,0.03762962292232655,0.2322410532458623,0.3256877493431345
0.3,independent_latents,logger2_heavy,0.01,mechanism_separated,mean_regret,5,0.0008356075859207763,0.00018117369688214592,0.0006106507290807338,0.0010605644427608188
0.3,independent_latents,logger2_heavy,0.01,oracle_u_aware,mae,5,0.01088414190618071,0.0004447338349992874,0.010331931914479,0.01143635189788242
0.3,independent_latents,logger2_heavy,0.01,oracle_u_aware,top_set_disagreement,5,0.24271844660194178,0.02639078710404546,0.2099499563705883,0.2754869368332953
0.3,independent_latents,logger2_heavy,0.01,oracle_u_aware,mean_regret,5,0.0006990322006209506,0.00013559591020952257,0.0005306676406101158,0.0008673967606317853
0.3,independent_latents,logger2_heavy,0.01,source_shuffle,mae,5,0.01203972385589316,0.001405446584323857,0.010294631430739774,0.013784816281046547
0.3,independent_latents,logger2_heavy,0.01,source_shuffle,top_set_disagreement,5,0.2802588996763754,0.04148205875511805,0.228752120748772,0.3317656786039788
0.3,independent_latents,logger2_heavy,0.01,source_shuffle,mean_regret,5,0.0008329966270539393,0.00016755459738661372,0.0006249501157454541,0.0010410431383624243
0.3,independent_latents,logger2_heavy,0.01,no_behavior,mae,5,0.011505458423676873,0.001001729447213172,0.010261647033131717,0.012749269814222029
0.3,independent_latents,logger2_heavy,0.01,no_behavior,top_set_disagreement,5,0.26472491909385115,0.019063658867343864,0.2410542602042323,0.28839557798347004
0.3,independent_latents,logger2_heavy,0.01,no_behavior,mean_regret,5,0.0007964721668833636,6.267356342467923e-05,0.000718652659539799,0.0008742916742269281
0.3,independent_latents,logger2_heavy,0.01,source_dependent_reward,mae,5,0.011423355538304196,0.0015316011632983868,0.009521621514229582,0.01332508956237881
0.3,independent_latents,logger2_heavy,0.01,source_dependent_reward,top_set_disagreement,5,0.24983818770226537,0.04474921946263717,0.19427469294778948,0.30540168245674126
0.3,independent_latents,logger2_heavy,0.01,source_dependent_reward,mean_regret,5,0.0007558657949521019,0.00019815201678479913,0.0005098275695389484,0.0010019040203652553
0.3,independent_latents,logger2_heavy,0.02,pooled_mlp,mae,5,0.01229281598613845,0.0009302987920597133,0.011137697468465452,0.013447934503811449
0.3,independent_latents,logger2_heavy,0.02,pooled_mlp,top_set_disagreement,5,0.3132686084142395,0.05960318153124317,0.23926148372849118,0.38727573309998775
0.3,independent_latents,logger2_heavy,0.02,pooled_mlp,mean_regret,5,0.0011281090435833314,0.00033357072811572347,0.0007139262796274205,0.0015422918075392422
0.3,independent_latents,logger2_heavy,0.02,source_balanced_pooled_mlp,mae,5,0.013051017035823642,0.0010905771192222286,0.011696886689620625,0.01440514738202666
0.3,independent_latents,logger2_heavy,0.02,source_balanced_pooled_mlp,top_set_disagreement,5,0.3093851132686084,0.02845320989039904,0.2740557869143646,0.3447144396228522
0.3,independent_latents,logger2_heavy,0.02,source_balanced_pooled_mlp,mean_regret,5,0.0010380164147027592,0.0001975591216257179,0.0007927143658633462,0.0012833184635421724
0.3,independent_latents,logger2_heavy,0.02,source_conditioned_decoder,mae,5,0.012773949418846242,0.0014113635290997932,0.011021510136385216,0.014526388701307269
0.3,independent_latents,logger2_heavy,0.02,source_conditioned_decoder,top_set_disagreement,5,0.313915857605178,0.03794834757138697,0.26679676063446345,0.3610349545758925
0.3,independent_latents,logger2_heavy,0.02,source_conditioned_decoder,mean_regret,5,0.0010504635269380188,0.00023655302644519016,0.0007567441503348827,0.0013441829035411548
0.3,independent_latents,logger2_heavy,0.02,per_source_models,mae,5,0.010887714011856292,0.0006728174901463118,0.010052300756979798,0.011723127266732785
0.3,independent_latents,logger2_heavy,0.02,per_source_models,top_set_disagreement,5,0.23948220064724918,0.042994596296396195,0.18609735830870902,0.2928670429857893
0.3,independent_latents,logger2_heavy,0.02,per_source_models,mean_regret,5,0.000730981187148084,0.00020462186407966957,0.00047690958527501386,0.0009850527890211541
0.3,independent_latents,logger2_heavy,0.02,mechanism_separated,mae,5,0.012677849694193269,0.0008712157776558904,0.011596092428410852,0.013759606959975685
0.3,independent_latents,logger2_heavy,0.02,mechanism_separated,top_set_disagreement,5,0.34757281553398056,0.029976792691027602,0.3103517112679138,0.38479391980004735
0.3,independent_latents,logger2_heavy,0.02,mechanism_separated,mean_regret,5,0.0012211321668940552,0.00014117471645773387,0.0010458406040118624,0.001396423729776248
0.3,independent_latents,logger2_heavy,0.02,oracle_u_aware,mae,5,0.011588392923724308,0.0015823415856394377,0.009623656343975157,0.01355312950347346
0.3,independent_latents,logger2_heavy,0.02,oracle_u_aware,top_set_disagreement,5,0.258252427184466,0.022233739854132902,0.2306455928621609,0.2858592615067711
0.3,independent_latents,logger2_heavy,0.02,oracle_u_aware,mean_regret,5,0.0008146684675684679,8.138328674305256e-05,0.0007136177703641257,0.0009157191647728101
0.3,independent_latents,logger2_heavy,0.02,source_shuffle,mae,5,0.012215024719030673,0.0011278078647816547,0.01081466629644023,0.013615383141621116
0.3,independent_latents,logger2_heavy,0.02,source_shuffle,top_set_disagreement,5,0.32362459546925565,0.036398776308097056,0.2784295453488193,0.368819645589692
0.3,independent_latents,logger2_heavy,0.02,source_shuffle,mean_regret,5,0.0010770514278674124,0.00018746324689682543,0.0008442850632092403,0.0013098177925255845
0.3,independent_latents,logger2_heavy,0.02,no_behavior,mae,5,0.011805692739198062,0.0012628339079738017,0.010237677339956024,0.0133737081384401
0.3,independent_latents,logger2_heavy,0.02,no_behavior,top_set_disagreement,5,0.32103559870550163,0.051698965819329076,0.2568428541032736,0.38522834330772965
0.3,independent_latents,logger2_heavy,0.02,no_behavior,mean_regret,5,0.0010617122794319446,0.00024308136842471665,0.0007598868956248681,0.0013635376632390212
0.3,independent_latents,logger2_heavy,0.02,source_dependent_reward,mae,5,0.012349268882140968,0.0015508688748357567,0.010423610834322625,0.014274926929959311
0.3,independent_latents,logger2_heavy,0.02,source_dependent_reward,top_set_disagreement,5,0.3048543689320388,0.06466016177989477,0.2245681739319123,0.38514056393216534
0.3,independent_latents,logger2_heavy,0.02,source_dependent_reward,mean_regret,5,0.0010050980326845118,0.00031659771274079575,0.0006119900508606078,0.0013982060145084159
0.3,independent_latents,logger2_heavy,0.05,pooled_mlp,mae,5,0.014139803175741001,0.0019911712415152287,0.011667437530892845,0.016612168820589156
0.3,independent_latents,logger2_heavy,0.05,pooled_mlp,top_set_disagreement,5,0.32815533980582523,0.03092266455816505,0.2897597804954201,0.36655089911623034
0.3,independent_latents,logger2_heavy,0.05,pooled_mlp,mean_regret,5,0.001141325682627451,0.00011210071126339515,0.0010021342652786578,0.0012805170999762442
0.3,independent_latents,logger2_heavy,0.05,source_balanced_pooled_mlp,mae,5,0.013934715208401793,0.0011355545463732724,0.012524738010173491,0.015344692406630094
0.3,independent_latents,logger2_heavy,0.05,source_balanced_pooled_mlp,top_set_disagreement,5,0.33009708737864074,0.05843194202352035,0.25754424862290576,0.4026499261343757
0.3,independent_latents,logger2_heavy,0.05,source_balanced_pooled_mlp,mean_regret,5,0.0011152951274692308,0.0003103423355128043,0.0007299542223445075,0.001500636032593954
0.3,independent_latents,logger2_heavy,0.05,source_conditioned_decoder,mae,5,0.013732132244471413,0.0010522189737525293,0.012425629826535983,0.015038634662406843
0.3,independent_latents,logger2_heavy,0.05,source_conditioned_decoder,top_set_disagreement,5,0.29902912621359223,0.047705822036351625,0.23979452448633853,0.35826372794084593
0.3,independent_latents,logger2_heavy,0.05,source_conditioned_decoder,mean_regret,5,0.000989245334241457,0.0001865167864260267,0.0007576541554755986,0.0012208365130073153
0.3,independent_latents,logger2_heavy,0.05,per_source_models,mae,5,0.012621835041352458,0.0012739602237035088,0.011040004496436193,0.014203665586268722
0.3,independent_latents,logger2_heavy,0.05,per_source_models,top_set_disagreement,5,0.2912621359223301,0.05730074825121609,0.22011385974865763,0.36241041209600255
0.3,independent_latents,logger2_heavy,0.05,per_source_models,mean_regret,5,0.000997981171526461,0.00022525816079656304,0.0007182862229637736,0.0012776761200891484
0.3,independent_latents,logger2_heavy,0.05,mechanism_separated,mae,5,0.014400056761979247,0.0017573641880911412,0.012218000917893884,0.016582112606064608
0.3,independent_latents,logger2_heavy,0.05,mechanism_separated,top_set_disagreement,5,0.34627831715210355,0.0744336569579288,0.25385672505279405,0.43869990925141306
0.3,independent_latents,logger2_heavy,0.05,mechanism_separated,mean_regret,5,0.0012250060800459814,0.0003231210154233798,0.0008237983481317267,0.001626213811960236
0.3,independent_latents,logger2_heavy,0.05,oracle_u_aware,mae,5,0.011325655105308644,0.0010589625190115701,0.010010779470004807,0.012640530740612482
0.3,independent_latents,logger2_heavy,0.05,oracle_u_aware,top_set_disagreement,5,0.2537216828478964,0.014032028083287245,0.23629861875509445,0.2711447469406984
0.3,independent_latents,logger2_heavy,0.05,oracle_u_aware,mean_regret,5,0.0007697256580016346,2.6286407255803315e-05,0.0007370867724699814,0.0008023645435332878
0.3,independent_latents,logger2_heavy,0.05,source_shuffle,mae,5,0.014423074723968424,0.0012990294504309106,0.012810116622761939,0.01603603282517491
0.3,independent_latents,logger2_heavy,0.05,source_shuffle,top_set_disagreement,5,0.29902912621359223,0.051506153222867994,0.23507579007079016,0.3629824623563943
0.3,independent_latents,logger2_heavy,0.05,source_shuffle,mean_regret,5,0.0009840915474751014,0.00023207144597331032,0.0006959367879989515,0.0012722463069512512
0.3,independent_latents,logger2_heavy,0.05,no_behavior,mae,5,0.014362309318575364,0.0017561840624265648,0.012181718794041063,0.016542899843109665
0.3,independent_latents,logger2_heavy,0.05,no_behavior,top_set_disagreement,5,0.3346278317152104,0.11087626126759512,0.1969567698438028,0.4722988935866179
0.3,independent_latents,logger2_heavy,0.05,no_behavior,mean_regret,5,0.0011506944236178963,0.0005274902660370519,0.0004957287508767619,0.0018056600963590307
0.3,independent_latents,logger2_heavy,0.05,source_dependent_reward,mae,5,0.014049706155282704,0.0010136905985210156,0.01279104303378153,0.015308369276783878
0.3,independent_latents,logger2_heavy,0.05,source_dependent_reward,top_set_disagreement,5,0.2841423948220065,0.06681104170825575,0.20118552965037506,0.3670992599936379
0.3,independent_latents,logger2_heavy,0.05,source_dependent_reward,mean_regret,5,0.0009914727144102087,0.0002889252427616866,0.000632724642300739,0.0013502207865196784
0.3,independent_latents,logger2_heavy,0.1,pooled_mlp,mae,5,0.01580685284627227,0.0012732150901741978,0.014225947506833207,0.017387758185711335
0.3,independent_latents,logger2_heavy,0.1,pooled_mlp,top_set_disagreement,5,0.3436893203883495,0.05541451079094884,0.2748831173611542,0.4124955234155448
0.3,independent_latents,logger2_heavy,0.1,pooled_mlp,mean_regret,5,0.0013594189978648548,0.0003987722067350849,0.0008642779052776303,0.0018545600904520793
0.3,independent_latents,logger2_heavy,0.1,source_balanced_pooled_mlp,mae,5,0.014933146363431862,0.0005694336414761952,0.0142261011114448,0.015640191615418925
0.3,independent_latents,logger2_heavy,0.1,source_balanced_pooled_mlp,top_set_disagreement,5,0.3533980582524272,0.018786958283106794,0.33007096851653744,0.37672514798831697
0.3,independent_latents,logger2_heavy,0.1,source_balanced_pooled_mlp,mean_regret,5,0.0013505767850430007,0.00015542197613993038,0.0011575949127403643,0.0015435586573456371
0.3,independent_latents,logger2_heavy,0.1,source_conditioned_decoder,mae,5,0.015287523643490421,0.0010007186911356368,0.014044967272377706,0.016530080014603137
0.3,independent_latents,logger2_heavy,0.1,source_conditioned_decoder,top_set_disagreement,5,0.29838187702265373,0.04070471892176085,0.24784029298049964,0.3489234610648078
0.3,independent_latents,logger2_heavy,0.1,source_conditioned_decoder,mean_regret,5,0.0010870918572570653,0.00018987729879682617,0.000851328051264867,0.0013228556632492636
0.3,independent_latents,logger2_heavy,0.1,per_source_models,mae,5,0.01422692006386514,0.0011167145186904775,0.012840335849735726,0.015613504277994553
0.3,independent_latents,logger2_heavy,0.1,per_source_models,top_set_disagreement,5,0.3074433656957929,0.049768791259643036,0.24564724935457585,0.36923948203700996
0.3,independent_latents,logger2_heavy,0.1,per_source_models,mean_regret,5,0.0011316027853445357,0.00023770324351982526,0.0008364552256097059,0.0014267503450793655
0.3,independent_latents,logger2_heavy,0.1,mechanism_separated,mae,5,0.015260126532988421,0.001195311293776213,0.013775951532860133,0.01674430153311671
0.3,independent_latents,logger2_heavy,0.1,mechanism_separated,top_set_disagreement,5,0.3035598705501618,0.05736468470814365,0.2323322067797497,0.37478753432057393
0.3,independent_latents,logger2_heavy,0.1,mechanism_separated,mean_regret,5,0.0010983825573080616,0.000200735283201785,0.000849136782987168,0.0013476283316289552
0.3,independent_latents,logger2_heavy,0.1,oracle_u_aware,mae,5,0.011287939117010704,0.0014462140460674716,0.00949222720231212,0.013083651031709286
0.3,independent_latents,logger2_heavy,0.1,oracle_u_aware,top_set_disagreement,5,0.2621359223300971,0.04009550709826493,0.21235077467645797,0.3119210699837362
0.3,independent_latents,logger2_heavy,0.1,oracle_u_aware,mean_regret,5,0.0007851077433627748,0.0002073154449079893,0.0005276916191489281,0.0010425238675766215
0.3,independent_latents,logger2_heavy,0.1,source_shuffle,mae,5,0.015168244707925275,0.0012814907358033398,0.013577063797246613,0.016759425618603937
0.3,independent_latents,logger2_heavy,0.1,source_shuffle,top_set_disagreement,5,0.33398058252427176,0.13447760475679602,0.16700458213308259,0.500956582915461
0.3,independent_latents,logger2_heavy,0.1,source_shuffle,mean_regret,5,0.0013868983650315906,0.0009598730167302794,0.00019505859731036102,0.00257873813275282
0.3,independent_latents,logger2_heavy,0.1,no_behavior,mae,5,0.01532334926623657,0.0013483551084373878,0.013649145271295729,0.016997553261177408
0.3,independent_latents,logger2_heavy,0.1,no_behavior,top_set_disagreement,5,0.33203883495145636,0.06117275340591597,0.25608282937633364,0.4079948405265791
0.3,independent_latents,logger2_heavy,0.1,no_behavior,mean_regret,5,0.0012857433737961366,0.0003536819845987938,0.0008465891867065554,0.0017248975608857178
0.3,independent_latents,logger2_heavy,0.1,source_dependent_reward,mae,5,0.015228316397932951,0.0010019269846824256,0.013984259732223926,0.016472373063641976
0.3,independent_latents,logger2_heavy,0.1,source_dependent_reward,top_set_disagreement,5,0.3423948220064725,0.06008445998744,0.2677901111885535,0.41699953282439145
0.3,independent_latents,logger2_heavy,0.1,source_dependent_reward,mean_regret,5,0.0012870620213891602,0.00033405806568216406,0.000872274147922028,0.0017018498948562924
